step,wall_timestamp,duration_sec,throughput_samples_sec,gpu_util_pct,gpu_mem_mb,cpu_util_pct,ram_mb
0,1774677844.6272602,0.3736644871532917,85.63832288100838,21.0,490.2744140625,0.5,17689.36328125
1,1774677844.752005,0.12206041254103184,262.1652617243357,86.0,489.2744140625,1.2,17707.8203125
2,1774677844.8748915,0.12152073532342911,263.3295454872912,86.0,489.2744140625,1.1,17709.23828125
3,1774677844.997449,0.12126310728490353,263.88899902438664,95.0,489.2744140625,1.0,17710.40625
4,1774677845.1198652,0.1209906842559576,264.483172376342,95.0,489.2744140625,1.1,17728.5859375
5,1774677845.2427502,0.12104607746005058,264.36213937259646,95.0,489.2744140625,1.1,17729.78515625
6,1774677845.3657913,0.1212536096572876,263.90966908486365,97.0,489.2744140625,1.1,17724.57421875
7,1774677845.4918444,0.12178545072674751,262.75716687865327,97.0,489.2744140625,1.0,17714.15625
8,1774677845.6152077,0.12151598557829857,263.3398383571589,93.0,489.2744140625,1.1,17715.33203125
9,1774677845.7396088,0.1218638401478529,262.58814724019516,96.0,489.2744140625,1.0,17714.0703125
10,1774677845.8626273,0.12159465625882149,263.169459781901,96.0,489.2744140625,1.1,17715.26953125
11,1774677845.9861448,0.12173350714147091,262.86928514112094,94.0,489.2744140625,1.1,17718.9296875
12,1774677846.1120522,0.12224723771214485,261.764605882959,94.0,489.2744140625,0.9,17714.9921875
13,1774677846.2338707,0.1204707883298397,265.62455881326576,94.0,489.2744140625,1.0,17716.68359375
14,1774677846.3557763,0.12056963704526424,265.4067871829668,97.0,489.2744140625,1.0,17717.109375
15,1774677846.4778993,0.12050306797027588,265.55340489665656,97.0,489.2744140625,1.0,17718.30859375
16,1774677846.5996363,0.12034360505640507,265.9052800105298,95.0,489.2744140625,1.0,17716.5859375
17,1774677846.7213898,0.12043193727731705,265.71024865533815,95.0,489.2744140625,1.0,17718.0078125
18,1774677846.843563,0.12073371186852455,265.04610439582154,96.0,489.2744140625,0.9,17716.2109375
19,1774677846.9662402,0.120890311896801,264.7027664823717,97.0,489.2744140625,1.1,17717.015625
20,1774677847.0888171,0.12078103050589561,264.94226672820116,97.0,489.2744140625,1.0,17718.4296875
21,1774677847.2111812,0.12075207941234112,265.00578835356714,95.0,489.2744140625,0.9,17720.80859375
22,1774677847.3339853,0.12146065197885036,263.4598075891448,97.0,489.2744140625,1.1,17719.30078125
23,1774677847.4596167,0.12190910242497921,262.49065380242837,97.0,489.2744140625,1.0,17720.38671875
24,1774677847.5815847,0.12055136822164059,265.4470079606742,93.0,489.2744140625,1.0,17718.88671875
25,1774677847.704046,0.12078330107033253,264.9372861681127,93.0,489.2744140625,1.1,17720.09375
26,1774677847.8274992,0.12150709703564644,263.3591023132763,95.0,489.2744140625,1.0,17721.32421875
27,1774677847.9501977,0.12084830552339554,264.7947760740839,97.0,489.2744140625,1.0,17722.0390625
28,1774677848.072304,0.12078832276165485,264.92627158292356,97.0,489.2744140625,1.1,17723.26953125
29,1774677848.1950214,0.12129486165940762,263.8199142339191,95.0,489.2744140625,1.0,17721.6171875
30,1774677848.3172069,0.12085135281085968,264.78809922866236,95.0,489.2744140625,1.0,17722.84765625
31,1774677848.4392638,0.12071269005537033,265.09226151220514,96.0,489.2744140625,1.0,17723.22265625
32,1774677848.5615134,0.12084781192243099,264.7958576241327,97.0,489.2744140625,1.0,17724.4296875
33,1774677848.6847138,0.1214501652866602,263.4825561947161,97.0,489.2744140625,1.0,17725.8828125
34,1774677848.8072784,0.12084152363240719,264.8096369369036,95.0,489.2744140625,1.0,17723.72265625
35,1774677848.9297967,0.12086065486073494,264.7677197916302,97.0,489.2744140625,1.0,17722.4921875
36,1774677849.0519428,0.12067642994225025,265.17191480816604,97.0,489.2744140625,0.9,17720.82421875
37,1774677849.1738884,0.12052476592361927,265.50559758215593,95.0,489.2744140625,1.0,17719.59375
38,1774677849.2958322,0.12053187936544418,265.4899282120894,95.0,489.2744140625,0.9,17721.0703125
39,1774677849.4175112,0.12033110298216343,265.9329068457332,96.0,489.2744140625,1.0,17718.7265625
40,1774677849.5400662,0.12094130367040634,264.5911614051025,97.0,489.2744140625,0.9,17720.12109375
41,1774677849.6622155,0.12069253996014595,265.13651971005635,97.0,489.2744140625,1.0,17721.15234375
42,1774677849.7847776,0.12063334137201309,265.26663056871934,95.0,489.2744140625,0.9,17722.47265625
43,1774677849.9073808,0.12086447328329086,264.75935509184814,95.0,489.2744140625,0.9,17723.6484375
44,1774677850.0298908,0.12074965238571167,265.01111487908986,95.0,489.2744140625,1.0,17724.38671875
45,1774677850.1518393,0.12059627659618855,265.348159190276,97.0,489.2744140625,0.9,17725.5703125
46,1774677850.27414,0.12095272354781628,264.5661797549307,97.0,489.2744140625,1.0,17727.046875
47,1774677850.396488,0.12057050876319408,265.40486830697085,95.0,489.2744140625,1.0,17725.203125
48,1774677850.5181766,0.1202730443328619,266.06127896320925,95.0,489.2744140625,1.0,17726.6796875
49,1774677850.6401348,0.1204803641885519,265.603446798351,96.0,489.2744140625,0.9,17725.42578125
50,1774677850.7622075,0.12072591111063957,265.0632304665195,97.0,489.2744140625,0.9,17723.51171875
51,1774677850.884605,0.12066511996090412,265.1967694588801,97.0,489.2744140625,1.0,17725.02734375
52,1774677851.0072134,0.12080703303217888,264.88524050976645,95.0,489.2744140625,0.9,17726.2578125
53,1774677851.1299274,0.12087105214595795,264.74494456586984,97.0,489.2744140625,1.0,17727.46484375
54,1774677851.2520745,0.12061368674039841,265.3098571547262,97.0,489.2744140625,0.9,17728.94140625
55,1774677851.3739283,0.12051386758685112,265.5296078431676,95.0,489.2744140625,1.0,17729.6640625
56,1774677851.4957647,0.12044259533286095,265.6867357562602,95.0,489.2744140625,0.9,17727.99609375
57,1774677851.6175113,0.12033082358539104,265.9335243167488,96.0,489.2744140625,1.0,17729.203125
58,1774677851.739349,0.12043256498873234,265.70886373626536,97.0,489.2744140625,1.0,17730.40234375
59,1774677851.861447,0.12069744989275932,265.12573404353003,97.0,489.2744140625,0.9,17731.55859375
60,1774677851.9840288,0.12077064998447895,264.96503913916615,95.0,489.2744140625,0.9,17732.765625
61,1774677852.1067138,0.12084082327783108,264.8111716884552,95.0,489.2744140625,0.9,17730.8515625
62,1774677852.2299917,0.12147866375744343,263.42074410609615,95.0,489.2744140625,0.9,17729.8671875
63,1774677852.3521366,0.1207006424665451,265.1187213760649,97.0,489.2744140625,1.0,17727.76953125
64,1774677852.4739976,0.12042200565338135,265.7321627087637,97.0,489.2744140625,0.9,17726.29296875
65,1774677852.595732,0.12039826437830925,265.7845623044136,96.0,489.2744140625,1.1,17727.6015625
66,1774677852.7174034,0.12033041752874851,265.93442171307004,96.0,489.2744140625,0.9,17728.67578125
67,1774677852.839407,0.1204475574195385,265.67579024071676,96.0,489.2744140625,1.0,17729.359375
68,1774677852.9616134,0.12077547237277031,264.9544594719766,97.0,489.2744140625,1.0,17730.55859375
69,1774677853.0829089,0.11935166828334332,268.1152300613959,97.0,489.2744140625,1.0,17729.54296875
70,1774677853.20549,0.12078024074435234,264.9439991408223,95.0,489.2744140625,1.0,17728.08984375
71,1774677853.328079,0.12075942195951939,264.9896751801855,97.0,489.2744140625,1.0,17729.484375
72,1774677853.4507775,0.12071377038955688,265.0898890551791,97.0,489.2744140625,1.0,17730.0078125
73,1774677853.5728507,0.12066501006484032,265.1970109877299,95.0,489.2744140625,1.0,17730.9375
74,1774677853.694813,0.1205290388315916,265.4961850704857,95.0,489.2744140625,0.9,17729.23828125
75,1774677853.8166184,0.12041030637919903,265.75798170652297,96.0,489.2744140625,0.9,17728.22265625
76,1774677853.9385147,0.12040926516056061,265.7602798034634,97.0,489.2744140625,1.0,17726.71484375
77,1774677854.0604897,0.12062372080981731,265.2877873868038,97.0,489.2744140625,1.0,17724.9921875
78,1774677854.183063,0.12070986069738865,265.09847509659386,95.0,489.2744140625,0.9,17726.47265625
79,1774677854.306091,0.12129013054072857,263.83020495847,95.0,489.2744140625,1.1,17727.43359375
80,1774677854.4290147,0.12105613574385643,264.34017411318194,95.0,489.2744140625,0.9,17724.765625
81,1774677854.5509942,0.12060450948774815,265.3300455838327,97.0,489.2744140625,1.0,17726.1875
82,1774677854.6729794,0.12055767700076103,265.4331171278126,97.0,489.2744140625,1.0,17724.64453125
83,1774677854.7948084,0.12041742727160454,265.7422660909637,95.0,489.2744140625,1.0,17725.84375
84,1774677854.916596,0.12038636393845081,265.81083565544384,95.0,489.2744140625,0.9,17727.2890625
85,1774677855.0386133,0.12047079764306545,265.6245382786505,96.0,489.2744140625,0.9,17728.68359375
86,1774677855.1607423,0.12078847177326679,264.9259447546245,97.0,489.2744140625,1.0,17729.63671875
87,1774677855.2832818,0.1207165215164423,265.08384766240476,97.0,489.2744140625,0.9,17728.62109375
88,1774677855.4060647,0.12106055580079556,264.3305227563618,95.0,489.2744140625,1.0,17728.60546875
89,1774677855.528876,0.12092246674001217,264.63237860340047,97.0,489.2744140625,1.0,17729.53515625
90,1774677855.6508229,0.12056013941764832,265.4276957091479,97.0,489.2744140625,0.9,17730.98046875
91,1774677855.7728376,0.12057370692491531,265.397828565786,95.0,489.2744140625,0.9,17732.1796875
92,1774677855.8946788,0.12039419636130333,265.79354293763384,95.0,489.2744140625,0.9,17730.890625
93,1774677856.016458,0.12043925561010838,265.69410312192485,96.0,489.2744140625,0.9,17729.66015625
94,1774677856.1384673,0.12049366906285286,265.57411894651415,97.0,489.2744140625,1.0,17731.13671875
95,1774677856.2606342,0.12078442983329296,264.93481025796535,97.0,489.2744140625,0.9,17732.12890625
96,1774677856.383296,0.12089846469461918,264.6849162297445,95.0,489.2744140625,1.0,17732.54296875
97,1774677856.5060227,0.12103704735636711,264.3818624043513,95.0,489.2744140625,0.9,17730.875
98,1774677856.62855,0.12083878368139267,264.8156413455154,95.0,489.2744140625,0.9,17731.8359375
99,1774677856.750539,0.12063541077077389,265.26208014332536,97.0,489.2744140625,1.0,17730.8515625
100,1774677856.8725169,0.12057230062782764,265.4009240378923,97.0,489.2744140625,1.0,17728.5
101,1774677856.9944565,0.12052488885819912,265.5053267682237,95.0,489.2744140625,1.0,17727.0234375
102,1774677857.1162364,0.12044103629887104,265.6901749051121,95.0,489.2744140625,0.9,17726.0390625
103,1774677857.2381725,0.1205246951431036,265.50575350557966,96.0,489.2744140625,0.9,17724.37109375
104,1774677857.3604426,0.12081379257142544,264.8704201640017,97.0,489.2744140625,1.0,17725.01171875
105,1774677857.4832501,0.12087366357445717,264.73922485428983,97.0,489.2744140625,0.9,17723.47265625
106,1774677857.6058562,0.12092386558651924,264.62931733772996,95.0,489.2744140625,1.0,17724.7109375
107,1774677857.7284923,0.12077116221189499,264.9639153414411,97.0,489.2744140625,1.0,17725.94140625
108,1774677857.8507605,0.12091888301074505,264.6402216364869,97.0,489.2744140625,1.1,17727.2109375
109,1774677857.9728909,0.12062155082821846,265.29255991387777,95.0,489.2744140625,1.0,17726.14453125
110,1774677858.0946233,0.12037329375743866,265.83969750368743,95.0,489.2744140625,0.9,17727.375
111,1774677858.2164934,0.1204698272049427,265.6266780026317,96.0,489.2744140625,1.0,17725.70703125
112,1774677858.3383734,0.12052120827138424,265.5134350125651,97.0,489.2744140625,0.9,17724.0390625
113,1774677858.4609344,0.12080327235162258,264.8934865510718,97.0,489.2744140625,1.0,17721.69140625
114,1774677858.5835214,0.12086432427167892,264.7596815092465,95.0,489.2744140625,1.0,17722.8984375
115,1774677858.7061217,0.12089720368385315,264.68767700930596,95.0,489.2744140625,1.0,17724.10546875
116,1774677858.8282602,0.1207181066274643,265.0803669308027,96.0,489.2744140625,0.9,17722.4375
117,1774677858.950312,0.12062357924878597,265.28809872239026,97.0,489.2744140625,1.0,17723.71484375
118,1774677859.0723019,0.12059400044381618,265.35316750611116,97.0,489.2744140625,0.9,17724.69921875
119,1774677859.1946332,0.12090517394244671,264.6702283827212,95.0,489.2744140625,0.9,17723.27734375
120,1774677859.3166225,0.120560048148036,265.4278966503656,95.0,489.2744140625,0.9,17724.23828125
121,1774677859.438704,0.12067440152168274,265.1763720928854,96.0,489.2744140625,1.0,17725.66796875
122,1774677859.5612836,0.12084496207535267,264.8021022179349,97.0,489.2744140625,0.9,17726.8984375
123,1774677859.683941,0.12092828378081322,264.6196489317679,97.0,489.2744140625,0.9,17728.12890625
124,1774677859.8063989,0.12069072015583515,265.1405175035975,95.0,489.2744140625,1.0,17729.359375
125,1774677859.9285147,0.12074864841997623,265.01331831641465,97.0,489.2744140625,0.9,17730.58984375
126,1774677860.0505311,0.12065398879349232,265.22123570046426,97.0,489.2744140625,1.0,17731.57421875
127,1774677860.1724682,0.12058806791901588,265.3662219838405,96.0,489.2744140625,1.0,17732.8046875
128,1774677860.294293,0.12044310569763184,265.6856099371505,96.0,489.2744140625,0.9,17734.03515625
129,1774677860.4162295,0.1205156072974205,265.52577477394436,96.0,489.2744140625,1.0,17732.203125
130,1774677860.5386817,0.12110637687146664,264.23051227073233,97.0,489.2744140625,1.0,17733.1640625
131,1774677860.6616662,0.12107772938907146,264.29303028281214,97.0,489.2744140625,1.1,17734.39453125
132,1774677860.784229,0.12091706320643425,264.64420447731493,95.0,489.2744140625,1.0,17735.5390625
133,1774677860.9069798,0.12086785212159157,264.75195379337424,95.0,489.2744140625,1.0,17734.03125
134,1774677861.0289946,0.12060760706663132,265.3232310821088,96.0,489.2744140625,1.0,17733.48046875
135,1774677861.1510973,0.120656318962574,265.2161136287108,97.0,489.2744140625,1.0,17732.21875
136,1774677861.273014,0.1205711979418993,265.4033512665282,97.0,489.2744140625,1.1,17730.21875
137,1774677861.394876,0.12043395638465881,265.70579395227975,95.0,489.2744140625,0.9,17727.40625
138,1774677861.516866,0.12057910859584808,265.3859393442378,95.0,489.2744140625,0.9,17728.828125
139,1774677861.639219,0.12080716527998447,264.88495053945127,96.0,489.2744140625,1.0,17726.8828125
140,1774677861.7619267,0.12091307528316975,264.65293290289986,97.0,489.2744140625,1.0,17728.08203125
141,1774677861.884563,0.12098336778581142,264.4991669983324,97.0,489.2744140625,1.0,17727.015625
142,1774677862.0074763,0.12095964699983597,264.5510365952324,95.0,489.2744140625,0.9,17727.5078125
143,1774677862.1297035,0.12067661993205547,265.1714973291177,97.0,489.2744140625,1.0,17728.4921875
144,1774677862.25173,0.1206065583974123,265.32553805702975,97.0,489.2744140625,1.0,17730.19140625
145,1774677862.3736923,0.12055417895317078,265.44081903979776,95.0,489.2744140625,1.0,17730.4609375
146,1774677862.4955347,0.12050738744437695,265.5438863843128,95.0,489.2744140625,1.0,17728.953125
147,1774677862.6175523,0.120669050142169,265.18813202141286,96.0,489.2744140625,1.1,17729.30859375
148,1774677862.7389903,0.11942398734390736,267.95286869671367,97.0,489.2744140625,0.9,17730.7265625
149,1774677862.8617084,0.12097572535276413,264.51587627756135,97.0,489.2744140625,0.9,17732.171875
150,1774677862.9845335,0.1209944561123848,264.4749274320225,95.0,489.2744140625,1.0,17733.34765625
151,1774677863.1071212,0.1208491325378418,264.7929639873895,95.0,489.2744140625,1.0,17732.0859375
152,1774677863.2291298,0.12060466781258583,265.32969726948335,96.0,489.2744140625,0.9,17733.02734375
153,1774677863.3511884,0.12072407081723213,265.0672710369896,97.0,489.2744140625,1.0,17733.50390625
154,1774677863.4732938,0.12061775103211403,265.3009173706125,97.0,489.2744140625,1.0,17731.8046875
155,1774677863.5951362,0.1204959861934185,265.5690119721834,95.0,489.2744140625,1.0,17730.140625
156,1774677863.717339,0.1207963228225708,264.90872612904406,97.0,489.2744140625,0.9,17729.15625
157,1774677863.8443806,0.12089877389371395,264.6842392970192,97.0,489.2744140625,0.9,17730.38671875
158,1774677863.96693,0.12082108482718468,264.85443369235514,94.0,489.2744140625,1.0,17728.57421875
159,1774677864.0889218,0.12058166787028313,265.3803066849623,94.0,489.2744140625,1.0,17727.125
160,1774677864.210862,0.12059717811644077,265.3461755888093,96.0,489.2744140625,0.9,17728.578125
161,1774677864.3328254,0.12056602910161018,265.4147294925933,97.0,489.2744140625,1.1,17726.7265625
162,1774677864.4546192,0.12044909410178661,265.6724007650743,97.0,489.2744140625,0.9,17728.01953125
163,1774677864.5767257,0.12068358063697815,265.156202949078,96.0,489.2744140625,1.0,17728.98046875
164,1774677864.6993418,0.12084334343671799,264.8056491151077,96.0,489.2744140625,1.0,17721.8203125
165,1774677864.8220592,0.12097280658781528,264.5222583702801,95.0,489.2744140625,0.9,17721.328125
166,1774677864.944701,0.12090643495321274,264.6674679671356,97.0,489.2744140625,1.0,17720.09765625
167,1774677865.067479,0.12144789472222328,263.487482209475,97.0,489.2744140625,0.9,17721.3828125
168,1774677865.1898606,0.12079727277159691,264.906642888416,95.0,489.2744140625,1.0,17719.71484375
169,1774677865.3117757,0.1205128375440836,265.53187736778995,95.0,489.2744140625,1.0,17720.453125
170,1774677865.4335911,0.1204812079668045,265.60158667081737,96.0,489.2744140625,1.0,17718.9609375
171,1774677865.5555866,0.12057863920927048,265.3869724343326,97.0,489.2744140625,1.0,17720.19140625
172,1774677865.6778598,0.12081372365355492,264.8705712586354,97.0,489.2744140625,0.9,17718.9609375
173,1774677865.80069,0.12095821462571621,264.5541693800486,95.0,489.2744140625,0.9,17720.19140625
174,1774677865.9232855,0.12095731496810913,264.5561370838707,98.0,489.2744140625,1.0,17721.3984375
175,1774677866.0459058,0.12080143205821514,264.8975219480755,98.0,489.2744140625,1.1,17719.23828125
176,1774677866.1680717,0.12073483131825924,265.04364689629136,95.0,489.2744140625,1.0,17718.25390625
177,1774677866.2901638,0.12069803290069103,265.12445340620616,95.0,489.2744140625,0.9,17719.73046875
178,1774677866.412122,0.12055306136608124,265.4432798087657,96.0,489.2744140625,0.9,17719.9921875
179,1774677866.5342371,0.12055818736553192,265.43199345703607,97.0,489.2744140625,0.9,17721.9375
180,1774677866.6564589,0.12080097943544388,264.89851447852556,97.0,489.2744140625,1.0,17720.26953125
181,1774677866.7790377,0.12086044251918793,264.76818496605824,95.0,489.2744140625,1.0,17721.5
182,1774677866.9021757,0.12143356539309025,263.51857409780746,95.0,489.2744140625,0.9,17722.453125
183,1774677867.02485,0.12088784202933311,264.7081746420396,95.0,489.2744140625,1.0,17723.94140625
184,1774677867.1469216,0.12066655047237873,265.19362553025815,97.0,489.2744140625,1.0,17722.16015625
185,1774677867.2689402,0.12068380042910576,265.15572004047067,97.0,489.2744140625,1.0,17723.3671875
186,1774677867.3908882,0.12048864737153053,265.58518746855043,96.0,489.2744140625,0.9,17724.69921875
187,1774677867.5129344,0.12064146064221859,265.24877790481236,96.0,489.2744140625,1.0,17725.66015625
188,1774677867.635179,0.1206852588802576,265.15251569994973,96.0,489.2744140625,0.9,17726.8671875
189,1774677867.7578964,0.1209650170058012,264.5392923680187,97.0,489.2744140625,0.9,17725.4453125
190,1774677867.8806858,0.12098390609025955,264.4979901386762,97.0,489.2744140625,1.0,17723.53125
191,1774677868.0033882,0.12095181457698345,264.5681680090267,95.0,489.2744140625,0.9,17722.30078125
192,1774677868.1257167,0.12073546834290028,265.04224847264385,97.0,489.2744140625,1.0,17723.53125
193,1774677868.2477074,0.12065350078046322,265.22230845357774,97.0,489.2744140625,0.9,17721.86328125
194,1774677868.3697898,0.12065898068249226,265.21026299904116,96.0,489.2744140625,1.1,17719.98046875
195,1774677868.4918156,0.12061867862939835,265.2988771193573,96.0,489.2744140625,0.9,17718.3125
196,1774677868.613802,0.12059047445654869,265.3609262606416,96.0,489.2744140625,0.9,17719.54296875
197,1774677868.7363842,0.1211677398532629,264.0966980052016,97.0,489.2744140625,1.0,17718.06640625
198,1774677868.859234,0.12102745659649372,264.402813211949,97.0,489.2744140625,1.0,17719.296875
199,1774677868.9820254,0.12104183621704578,264.3714024845038,95.0,489.2744140625,0.9,17720.44140625
200,1774677869.1044295,0.1208736039698124,264.7393554012988,95.0,489.2744140625,1.0,17721.42578125
201,1774677869.226499,0.1207099687308073,265.09823783785833,96.0,489.2744140625,0.9,17723.00390625
202,1774677869.3487582,0.12070495076477528,265.1092585453289,97.0,489.2744140625,0.9,17723.96484375
203,1774677869.4706604,0.1205420270562172,265.4675782503322,97.0,489.2744140625,0.9,17725.0859375
204,1774677869.5926394,0.12055528908967972,265.43837472112534,95.0,489.2744140625,0.9,17726.31640625
205,1774677869.7147143,0.12068426050245762,265.1547092120463,95.0,489.2744140625,1.0,17727.546875
206,1774677869.8374636,0.12096155434846878,264.5468650957781,96.0,489.2744140625,1.0,17728.77734375
207,1774677869.9603128,0.12104857712984085,264.3566802580067,96.0,489.2744140625,0.9,17729.984375
208,1774677870.0831933,0.12098722346127033,264.490737819466,96.0,489.2744140625,1.0,17728.68359375
209,1774677870.2053192,0.12076667882502079,264.9737519598837,96.0,489.2744140625,1.0,17726.83203125
210,1774677870.327472,0.12074121087789536,265.0296428810984,97.0,489.2744140625,0.9,17725.6015625
211,1774677870.449724,0.12090866640210152,264.6625833550986,97.0,489.2744140625,0.9,17725.88671875
212,1774677870.5720372,0.12071565166115761,265.08575780895666,95.0,489.2744140625,1.0,17727.09375
213,1774677870.694158,0.12070421315729618,265.1108785929375,95.0,489.2744140625,0.9,17725.42578125
214,1774677870.8166249,0.12089629098773003,264.6896752460978,96.0,489.2744140625,1.0,17724.1953125
215,1774677870.939245,0.1209472268819809,264.57820344426153,97.0,489.2744140625,1.0,17725.42578125
216,1774677871.062051,0.12107450515031815,264.300068460085,97.0,489.2744140625,1.0,17726.6328125
217,1774677871.1847055,0.12086614407598972,264.75569519187513,95.0,489.2744140625,0.9,17727.80859375
218,1774677871.306777,0.12072394974529743,265.0675368683131,95.0,489.2744140625,0.9,17726.328125
219,1774677871.4288435,0.1207059994339943,265.10695532990945,96.0,489.2744140625,0.9,17724.14453125
220,1774677871.5508475,0.12058950960636139,265.36304944316583,97.0,489.2744140625,0.9,17725.3203125
221,1774677871.6728873,0.12063300795853138,265.26736373016803,97.0,489.2744140625,0.9,17723.62109375
222,1774677871.795011,0.1207796223461628,264.94535566840716,96.0,489.2744140625,1.0,17724.796875
223,1774677871.9177215,0.1209181360900402,264.641856339661,97.0,489.2744140625,1.1,17726.29296875
224,1774677872.0418782,0.12101162597537041,264.4374021262468,97.0,489.2744140625,0.9,17724.73828125
225,1774677872.1644244,0.12075573205947876,264.9977723975725,95.0,489.2744140625,0.9,17725.88671875
226,1774677872.2866352,0.12084577232599258,264.80032676424173,95.0,489.2744140625,0.9,17724.87109375
227,1774677872.4089217,0.12080292403697968,264.89425032629424,96.0,489.2744140625,1.0,17725.8046875
228,1774677872.5309522,0.12062174640595913,265.29212976491186,97.0,489.2744140625,1.0,17726.7578125
229,1774677872.6531334,0.12070972099900246,265.09878189731256,97.0,489.2744140625,1.0,17725.47265625
230,1774677872.7754555,0.12091166339814663,264.6560232541678,95.0,489.2744140625,0.9,17726.91796875
231,1774677872.8981416,0.1209411770105362,264.5914385074342,95.0,489.2744140625,0.9,17725.41015625
232,1774677873.0209136,0.1210528276860714,264.3473978401084,95.0,489.2744140625,1.0,17726.8046875
233,1774677873.143628,0.12098730728030205,264.4905545824138,97.0,489.2744140625,1.0,17725.3515625
234,1774677873.2658226,0.12077081203460693,264.9646836094005,97.0,489.2744140625,1.0,17726.3359375
235,1774677873.3878207,0.12067329324781895,265.1788074954055,95.0,489.2744140625,0.9,17726.62109375
236,1774677873.5098789,0.12064816057682037,265.234047887739,95.0,489.2744140625,1.0,17728.07421875
237,1774677873.6321347,0.1206016093492508,265.3364260449547,96.0,489.2744140625,0.9,17726.16015625
238,1774677873.754407,0.12084544077515602,264.8010532688521,97.0,489.2744140625,1.0,17724.4921875
239,1774677873.8770356,0.12092911638319492,264.61782701363495,97.0,489.2744140625,1.0,17723.5078125
240,1774677873.9996774,0.12091908603906631,264.63977729422714,95.0,489.2744140625,1.0,17721.15625
241,1774677874.1223679,0.12097816541790962,264.5105411332574,97.0,489.2744140625,1.0,17722.38671875
242,1774677874.2445552,0.12072749994695187,265.0597420973757,97.0,489.2744140625,0.9,17721.40234375
243,1774677874.366645,0.12066642008721828,265.19391208316483,95.0,489.2744140625,0.9,17721.99609375
244,1774677874.488699,0.12065540999174118,265.21811166354155,95.0,489.2744140625,1.0,17723.3046875
245,1774677874.611404,0.12136050313711166,263.67721929964955,96.0,489.2744140625,0.9,17724.65625
246,1774677874.7338653,0.12104302830994129,264.3687988213678,97.0,489.2744140625,0.9,17725.92578125
247,1774677874.8565516,0.12096576392650604,264.53765893167855,97.0,489.2744140625,0.9,17726.91015625
248,1774677874.9793036,0.12102197483181953,264.4147894997533,95.0,489.2744140625,0.9,17728.38671875
249,1774677875.1020505,0.12100455723702908,264.452849799012,95.0,489.2744140625,0.9,17729.37109375
250,1774677875.2241895,0.12079483084380627,264.9119981084091,96.0,489.2744140625,0.9,17727.89453125
251,1774677875.3464274,0.12081186100840569,264.87465496267413,97.0,489.2744140625,0.9,17729.0859375
252,1774677875.4685915,0.12077018059790134,264.9660689549062,97.0,489.2744140625,1.0,17727.38671875
253,1774677875.590653,0.12064195796847343,265.2476844611752,95.0,489.2744140625,1.0,17725.44140625
254,1774677875.7128,0.12072424218058586,265.0668947843356,95.0,489.2744140625,0.9,17726.86328125
255,1774677875.8354468,0.1208577249199152,264.77413852696947,96.0,489.2744140625,0.9,17728.0390625
256,1774677875.9582589,0.12099475599825382,264.47427193011424,96.0,489.2744140625,0.9,17726.09375
257,1774677876.081208,0.12107062712311745,264.3085342860164,96.0,489.2744140625,1.0,17724.859375
258,1774677876.2033215,0.12076075188815594,264.9867568697916,96.0,489.2744140625,0.9,17726.03515625
259,1774677876.3253996,0.12066327966749668,265.20081410168984,97.0,489.2744140625,0.9,17726.96484375
260,1774677876.4474792,0.12067252025008202,265.180506163981,97.0,489.2744140625,1.0,17725.51171875
261,1774677876.5694547,0.12063277885317802,265.26786752502113,95.0,489.2744140625,0.9,17726.7109375
262,1774677876.6915083,0.12063589692115784,265.2610111641459,95.0,489.2744140625,1.4,17724.7421875
263,1774677876.813932,0.12099791504442692,264.4673669645508,96.0,489.2744140625,1.5,17726.1640625
264,1774677876.9367898,0.12119722738862038,264.0324427339547,97.0,489.2744140625,0.9,17727.58203125
265,1774677877.0594358,0.12100150249898434,264.459526031659,97.0,489.2744140625,0.9,17728.51171875
266,1774677877.182186,0.12100954540073872,264.44194872419257,95.0,489.2744140625,1.0,17727.15234375
267,1774677877.3042624,0.12074718065559864,265.01653973414136,95.0,489.2744140625,1.0,17728.359375
268,1774677877.426293,0.12061472982168198,265.30756274386323,96.0,489.2744140625,0.9,17729.54296875
269,1774677877.548286,0.12058256939053535,265.3783226028331,97.0,489.2744140625,1.0,17727.875
270,1774677877.6703475,0.12057868763804436,265.3868658452999,97.0,489.2744140625,1.0,17726.23046875
271,1774677877.7925832,0.12088848277926445,264.7067715989967,95.0,489.2744140625,0.9,17727.0703125
272,1774677877.9153612,0.12102698720991611,264.4038386620116,97.0,489.2744140625,0.9,17728.45703125
273,1774677878.039945,0.1209618765860796,264.5461603534893,97.0,489.2744140625,0.9,17729.26171875
274,1774677878.1627798,0.12090589478611946,264.66865041284774,95.0,489.2744140625,1.0,17728.03125
275,1774677878.2848496,0.12072719261050224,265.0604168626735,95.0,489.2744140625,1.0,17729.26171875
276,1774677878.4068403,0.12057864665985107,265.3869560360143,96.0,489.2744140625,0.9,17729.88671875
277,1774677878.5288653,0.12062817811965942,265.27798478608366,97.0,489.2744140625,1.0,17731.1171875
278,1774677878.6508567,0.1206037811934948,265.33164784161875,97.0,489.2744140625,0.9,17729.57421875
279,1774677878.773066,0.12087567150592804,264.73482712714974,96.0,489.2744140625,0.9,17730.78125
280,1774677878.8959458,0.12098920345306396,264.486409420936,96.0,489.2744140625,0.9,17731.98828125
281,1774677879.0186734,0.12096794508397579,264.5328890871515,95.0,489.2744140625,1.0,17730.5078125
282,1774677879.1414971,0.1209432240575552,264.586960115861,97.0,489.2744140625,0.9,17731.73828125
283,1774677879.264272,0.1213470809161663,263.7063846810413,97.0,489.2744140625,1.0,17730.5078125
284,1774677879.3864732,0.12073148228228092,265.05099908556707,95.0,489.2744140625,0.9,17731.23046875
285,1774677879.508575,0.12069955095648766,265.1211188974186,95.0,489.2744140625,1.0,17729.5625
286,1774677879.6309493,0.12070702016353607,265.1047135174559,96.0,489.2744140625,1.0,17727.81640625
287,1774677879.753276,0.12093831598758698,264.59769791473246,97.0,489.2744140625,0.9,17729.26953125
288,1774677879.8760726,0.12094993703067303,264.5722749891533,97.0,489.2744140625,0.9,17727.79296875
289,1774677879.9989197,0.12098477594554424,264.4960884533384,95.0,489.2744140625,1.1,17729.0234375
290,1774677880.1218908,0.12109986878931522,264.2447124007404,97.0,489.2744140625,1.0,17727.79296875
291,1774677880.244026,0.12083362229168415,264.8269529051622,97.0,489.2744140625,0.9,17725.87890625
292,1774677880.3661172,0.12069575302302837,265.1294614641039,95.0,489.2744140625,1.0,17726.6796875
293,1774677880.488159,0.12063729017972946,265.2579476240334,95.0,489.2744140625,1.0,17725.2578125
294,1774677880.610148,0.12064153142273426,265.24862228307035,96.0,489.2744140625,0.9,17726.25
295,1774677880.7323565,0.1208850834518671,264.71421523848693,97.0,489.2744140625,1.0,17727.45703125
296,1774677880.8551726,0.12099946476519108,264.46397975477413,97.0,489.2744140625,0.9,17728.91015625
297,1774677880.9779024,0.12098294496536255,264.5000913902502,95.0,489.2744140625,1.0,17729.87109375
298,1774677881.1005373,0.12087663263082504,264.73272214434274,95.0,489.2744140625,0.9,17731.1015625
299,1774677881.22273,0.12080607376992702,264.88734383457756,96.0,489.2744140625,0.9,17729.6796875
300,1774677881.3449874,0.12085244059562683,264.78571588862025,97.0,489.2744140625,1.0,17730.703125
301,1774677881.4670303,0.12061124853789806,265.3152204949198,97.0,489.2744140625,0.9,17731.88671875
302,1774677881.5893748,0.12087194435298443,264.7429903712796,95.0,489.2744140625,0.9,17733.37109375
303,1774677881.711924,0.12094682455062866,264.5790835674625,97.0,489.2744140625,0.9,17731.89453125
304,1774677881.839186,0.12107779458165169,264.292887978068,97.0,489.2744140625,1.0,17730.6484375
305,1774677881.961613,0.12107170931994915,264.30617176995054,94.0,489.2744140625,1.0,17732.1015625
306,1774677882.0838017,0.12084778398275375,264.795918844211,94.0,489.2744140625,0.9,17733.0859375
307,1774677882.2059348,0.12071993015706539,265.07636277096645,96.0,489.2744140625,1.0,17731.171875
308,1774677882.327915,0.12062663957476616,265.2813683014516,97.0,489.2744140625,0.9,17729.75
309,1774677882.449904,0.12065907940268517,265.2100460107428,97.0,489.2744140625,0.9,17730.3046875
310,1774677882.572277,0.12093605659902096,264.6026412627304,95.0,489.2744140625,1.1,17731.2890625
311,1774677882.6953394,0.1210775263607502,264.29347346142566,95.0,489.2744140625,0.9,17732.7421875
312,1774677882.8181589,0.12101772613823414,264.4240725812974,95.0,489.2744140625,1.0,17731.04296875
313,1774677882.9410307,0.12098386324942112,264.4980837984037,97.0,489.2744140625,1.0,17729.53515625
314,1774677883.0631962,0.1208022627979517,264.89570028602634,97.0,489.2744140625,0.9,17728.08203125
315,1774677883.185357,0.12081439234316349,264.8691052396025,96.0,489.2744140625,1.0,17729.28125
316,1774677883.3073719,0.12064968980848789,265.2306860531087,96.0,489.2744140625,0.9,17730.4296875
317,1774677883.429764,0.12074691243469715,265.0171284280778,96.0,489.2744140625,1.0,17731.390625
318,1774677883.5521307,0.12095474451780319,264.5617592560824,97.0,489.2744140625,0.9,17732.56640625
319,1774677883.6752656,0.12112834677100182,264.18258692572874,97.0,489.2744140625,0.9,17733.49609375
320,1774677883.7979968,0.12100006453692913,264.4626688627395,95.0,489.2744140625,1.1,17734.94140625
321,1774677883.921155,0.12133983336389065,263.7221356982911,97.0,489.2744140625,1.1,17733.2421875
322,1774677884.043485,0.1208587046712637,264.7719921129402,97.0,489.2744140625,0.9,17731.734375
323,1774677884.1656196,0.12076368369162083,264.98032373469505,95.0,489.2744140625,0.9,17733.3984375
324,1774677884.2877867,0.12071913853287697,265.0781010277425,95.0,489.2744140625,0.9,17734.59765625
325,1774677884.4098976,0.12071183882653713,265.094130874636,96.0,489.2744140625,0.9,17732.12109375
326,1774677884.5323539,0.12095500342547894,264.5611929540011,97.0,489.2744140625,1.0,17733.56640625
327,1774677884.6552255,0.12101451680064201,264.4310851789496,97.0,489.2744140625,0.9,17732.3046875
328,1774677884.7781713,0.12106124684214592,264.3290139058737,95.0,489.2744140625,0.9,17730.60546875
329,1774677884.9006517,0.12083539180457592,264.8230747805478,95.0,489.2744140625,0.9,17728.9375
330,1774677885.022879,0.12079718336462975,264.9068389567254,96.0,489.2744140625,0.9,17730.14453125
331,1774677885.1449707,0.12069410644471645,265.1330785124748,97.0,489.2744140625,1.0,17731.3515625
332,1774677885.2670543,0.12067773193120956,265.16905387516806,97.0,489.2744140625,1.0,17732.3125
333,1774677885.3891604,0.12069061025977135,265.1407589299949,95.0,489.2744140625,1.0,17730.4296875
334,1774677885.5114207,0.12092388421297073,264.6292765756822,97.0,489.2744140625,0.9,17731.66015625
335,1774677885.6379888,0.12116143852472305,264.110433068772,97.0,489.2744140625,1.0,17729.9921875
336,1774677885.7604086,0.12100599519908428,264.44970720130203,94.0,489.2744140625,0.9,17731.35546875
337,1774677885.8826728,0.12083687447011471,264.81982540779984,94.0,489.2744140625,1.0,17732.53125
338,1774677886.0048249,0.12071684189140797,265.08314414641427,96.0,489.2744140625,1.0,17730.83203125
339,1774677886.1269681,0.12070981971919537,265.09856509139775,97.0,489.2744140625,0.9,17729.5703125
340,1774677886.2490792,0.1207001693546772,265.11976056941614,97.0,489.2744140625,1.0,17728.30859375
341,1774677886.371483,0.12096267566084862,264.5444127717595,95.0,489.2744140625,0.9,17728.33984375
342,1774677886.4942925,0.1209704764187336,264.5273536762268,95.0,489.2744140625,1.0,17729.578125
343,1774677886.6170287,0.12101946398615837,264.42027543321467,95.0,489.2744140625,1.0,17730.97265625
344,1774677886.7399135,0.12099255621433258,264.479080376759,97.0,489.2744140625,1.0,17729.3046875
345,1774677886.8627722,0.12152431532740593,263.321788020668,97.0,489.2744140625,1.0,17727.63671875
346,1774677886.98522,0.12088500149548054,264.7143947067442,95.0,489.2744140625,0.9,17728.875
347,1774677887.1073375,0.12070277146995068,265.11404510679773,95.0,489.2744140625,0.9,17730.328125
348,1774677887.2294815,0.12074059061706066,265.0310043744179,96.0,489.2744140625,1.1,17731.3125
349,1774677887.3521132,0.12092330306768417,264.63054835748824,97.0,489.2744140625,0.9,17729.62109375
350,1774677887.4749105,0.12104991637170315,264.35375553452576,97.0,489.2744140625,1.1,17731.09765625
351,1774677887.5977445,0.12110588885843754,264.231577024345,95.0,489.2744140625,1.0,17732.05859375
352,1774677887.7200325,0.12095498479902744,264.56123369507714,97.0,489.2744140625,0.9,17730.828125
353,1774677887.8422818,0.12082843109965324,264.83833075352936,97.0,489.2744140625,0.9,17732.28125
354,1774677887.9643888,0.12075900286436081,264.99059482913344,95.0,489.2744140625,0.9,17730.8046875
355,1774677888.0865865,0.1206845622509718,265.1540462437425,95.0,489.2744140625,1.0,17729.328125
356,1774677888.208634,0.1207117810845375,265.0942576813575,96.0,489.2744140625,0.9,17730.8046875
357,1774677888.331054,0.12094509415328503,264.5828689789055,97.0,489.2744140625,0.9,17731.7890625
358,1774677888.453713,0.12101623602211475,264.4273285293079,97.0,489.2744140625,1.0,17729.38671875
359,1774677888.576564,0.12104899808764458,264.3557609360025,95.0,489.2744140625,1.0,17730.59375
360,1774677888.6993313,0.12099881283938885,264.4654046521605,95.0,489.2744140625,0.9,17728.6796875
361,1774677888.8216474,0.12090303376317024,264.6749134739075,96.0,489.2744140625,1.0,17729.91015625
362,1774677888.9437385,0.12074745073914528,265.0159469546952,97.0,489.2744140625,0.9,17731.38671875
363,1774677889.065797,0.12063528969883919,265.26234636553386,97.0,489.2744140625,1.1,17732.37109375
364,1774677889.187925,0.12071682140231133,265.0831891386042,95.0,489.2744140625,1.0,17733.6015625
365,1774677889.3102343,0.12091166526079178,264.6560191771397,97.0,489.2744140625,0.9,17735.078125
366,1774677889.4367535,0.12110228650271893,264.23943695961145,97.0,489.2744140625,1.0,17736.14453125
367,1774677889.5592613,0.12104305624961853,264.36873779862816,94.0,489.2744140625,0.9,17734.23046875
368,1774677889.6815052,0.12089144438505173,264.7002867967786,94.0,489.2744140625,1.0,17735.4375
369,1774677889.8037117,0.12077228352427483,264.9614552793324,96.0,489.2744140625,1.0,17733.95703125
370,1774677889.9261916,0.12114759720861912,264.14060812857247,97.0,489.2744140625,1.0,17735.40234375
371,1774677890.048419,0.12089502438902855,264.6924483593889,97.0,489.2744140625,1.0,17734.140625
372,1774677890.171097,0.1209716759622097,264.52473064849056,95.0,489.2744140625,0.9,17732.87890625
373,1774677890.2939394,0.12109437584877014,264.2566987583594,95.0,489.2744140625,1.1,17733.83203125
374,1774677890.416894,0.1211311761289835,264.1764162012726,95.0,489.2744140625,0.9,17731.44140625
375,1774677890.5391378,0.12080431170761585,264.8912075046625,97.0,489.2744140625,0.9,17732.6171875
376,1774677890.6614316,0.12091172486543655,264.65588871230653,97.0,489.2744140625,0.9,17733.765625
377,1774677890.7836652,0.12079249881207943,264.9171125252022,95.0,489.2744140625,0.9,17732.3125
378,1774677890.9058225,0.12074390053749084,265.0237391499874,95.0,489.2744140625,0.9,17730.61328125
379,1774677891.0281522,0.12083261087536812,264.8291696105628,96.0,489.2744140625,0.9,17731.54296875
380,1774677891.1509495,0.12092551589012146,264.62570586903,97.0,489.2744140625,0.9,17732.96484375
381,1774677891.2738106,0.12112614884972572,264.18738070918585,97.0,489.2744140625,0.9,17733.98828125
382,1774677891.3967118,0.12114066816866398,264.1557165216098,95.0,489.2744140625,1.0,17734.97265625
383,1774677891.5190136,0.1208596732467413,264.76987021692787,97.0,489.2744140625,0.9,17733.61328125
384,1774677891.6412432,0.12080345302820206,264.8930903699373,97.0,489.2744140625,1.1,17734.84375
385,1774677891.7635179,0.120856873691082,264.7760034054337,95.0,489.2744140625,0.9,17736.07421875
386,1774677891.8857331,0.12080893106758595,264.881078883959,95.0,489.2744140625,1.0,17734.84375
387,1774677892.0080125,0.12091178633272648,264.65575417058204,96.0,489.2744140625,0.9,17736.15234375
388,1774677892.1306603,0.12091003358364105,264.6595907019048,97.0,489.2744140625,1.0,17737.28125
389,1774677892.253643,0.12119380757212639,264.039893135264,97.0,489.2744140625,1.0,17738.48828125
390,1774677892.3765416,0.12101200595498085,264.43657178862657,95.0,489.2744140625,0.9,17739.25
391,1774677892.4987738,0.1208828054368496,264.71920373089887,95.0,489.2744140625,1.0,17738.07421875
392,1774677892.6210418,0.12082437425851822,264.847223057263,96.0,489.2744140625,1.1,17736.59765625
393,1774677892.7432036,0.1207415722310543,265.02884970525264,97.0,489.2744140625,0.9,17737.7734375
394,1774677892.8652594,0.12071456015110016,265.0881547341525,97.0,489.2744140625,1.0,17736.73046875
395,1774677892.9879093,0.1212970670312643,263.81511757206795,95.0,489.2744140625,0.9,17737.46875
396,1774677893.110756,0.12102237716317177,264.4139104692607,97.0,489.2744140625,1.0,17738.4296875
397,1774677893.2354887,0.12108214758336544,264.2833864337259,97.0,489.2744140625,0.9,17737.0078125
398,1774677893.357989,0.12103644572198391,264.3831765640473,95.0,489.2744140625,1.0,17737.9921875
399,1774677893.4802196,0.12087154574692249,264.7438634316857,95.0,489.2744140625,1.0,17736.17578125
400,1774677893.6023993,0.12073796056210995,265.03677758859095,96.0,489.2744140625,0.9,17737.28125
401,1774677893.7245834,0.12077204138040543,264.9619865181133,97.0,489.2744140625,0.9,17738.17578125
402,1774677893.846793,0.12079635076224804,264.90866485679317,97.0,489.2744140625,1.1,17737.0078125
403,1774677893.9690766,0.12097903713583946,264.5086351949494,95.0,489.2744140625,1.0,17735.71484375
404,1774677894.0919387,0.12106825597584248,264.3137108242904,95.0,489.2744140625,1.0,17736.921875
405,1774677894.2147086,0.12103543616831303,264.3853817777836,95.0,489.2744140625,0.9,17735.69140625
406,1774677894.3373172,0.1210094764828682,264.4420993303807,97.0,489.2744140625,1.1,17736.921875
407,1774677894.4596827,0.12094265222549438,264.58821111626395,97.0,489.2744140625,0.9,17737.1015625
408,1774677894.5818102,0.120782271027565,264.9395455786466,95.0,489.2744140625,0.9,17735.2890625
409,1774677894.704003,0.12076896242797375,264.96874160929144,95.0,489.2744140625,1.0,17729.03515625
410,1774677894.8263786,0.12075739167630672,264.99413042786495,96.0,489.2744140625,0.9,17732.4609375
411,1774677894.9487596,0.12096332758665085,264.542987022882,97.0,489.2744140625,1.0,17733.421875
412,1774677895.0715938,0.12100580520927906,264.45012241070685,97.0,489.2744140625,1.0,17733.66796875
413,1774677895.1943605,0.12105440907180309,264.3439445565282,95.0,489.2744140625,0.9,17735.3671875
414,1774677895.3171754,0.12096283584833145,264.5440624434683,97.0,489.2744140625,0.9,17733.890625
415,1774677895.439367,0.120835792273283,264.8221971154755,97.0,489.2744140625,1.0,17734.30078125
416,1774677895.5615923,0.12080921418964863,264.88045812272054,95.0,489.2744140625,1.0,17735.40625
417,1774677895.6836135,0.12068133987486362,265.16112626178415,95.0,489.2744140625,1.0,17736.8828125
418,1774677895.805852,0.12078191339969635,264.9403300484595,96.0,489.2744140625,1.0,17735.65234375
419,1774677895.9283912,0.12112859822809696,264.1820384954912,97.0,489.2744140625,1.0,17737.10546875
420,1774677896.0500154,0.11958377994596958,267.59481941830455,97.0,489.2744140625,0.9,17735.62890625
421,1774677896.1728811,0.12106676772236824,264.31695998841553,95.0,489.2744140625,1.0,17736.61328125
422,1774677896.2956758,0.12100435607135296,264.45328944298893,95.0,489.2744140625,0.9,17738.06640625
423,1774677896.4179566,0.120923712849617,264.6296515869952,96.0,489.2744140625,1.0,17738.26171875
424,1774677896.5400412,0.1207440122961998,265.023493848292,97.0,489.2744140625,1.0,17737.03125
425,1774677896.6620736,0.12063678912818432,265.259049343546,97.0,489.2744140625,1.0,17737.89453125
426,1774677896.7841592,0.12068927101790905,265.1437010937909,95.0,489.2744140625,1.0,17736.6640625
427,1774677896.9064558,0.12086136266589165,264.76616922200844,95.0,489.2744140625,1.0,17737.89453125
428,1774677897.0290594,0.12090381607413292,264.6732008887048,96.0,489.2744140625,1.0,17736.6640625
429,1774677897.151763,0.12104530818760395,264.3638194584486,96.0,489.2744140625,0.9,17738.140625
430,1774677897.2747574,0.12105274759232998,264.34757274379746,96.0,489.2744140625,1.0,17736.6640625
431,1774677897.397096,0.12092284299433231,264.6315551934207,96.0,489.2744140625,1.0,17736.7890625
432,1774677897.5192533,0.12080705165863037,264.88519966883854,97.0,489.2744140625,0.9,17735.55859375
433,1774677897.6414783,0.12080572172999382,264.8881157427413,97.0,489.2744140625,1.0,17736.54296875
434,1774677897.763555,0.12072781287133694,265.0590550671477,95.0,489.2744140625,0.9,17735.55859375
435,1774677897.8857162,0.12075906060636044,264.9904681215659,95.0,489.2744140625,1.0,17736.7890625
436,1774677898.0080335,0.12086876295506954,264.74995869607216,96.0,489.2744140625,0.9,17737.7734375
437,1774677898.1307373,0.12100518867373466,264.451469814913,97.0,489.2744140625,1.0,17736.7890625
438,1774677898.253591,0.12104476615786552,264.36500326057785,97.0,489.2744140625,1.0,17738.01953125
439,1774677898.3763719,0.12109861522912979,264.2474477470534,95.0,489.2744140625,0.9,17737.63671875
440,1774677898.4986584,0.12086411193013191,264.76014665542976,95.0,489.2744140625,1.0,17735.96875
441,1774677898.6208026,0.12079973332583904,264.90124703905457,96.0,489.2744140625,1.0,17737.19921875
442,1774677898.7430058,0.12078340165317059,264.9370655405779,97.0,489.2744140625,1.0,17738.13671875
443,1774677898.8651154,0.12077169306576252,264.9627506884033,97.0,489.2744140625,1.0,17736.65625
444,1774677898.987468,0.12094197608530521,264.58969032744363,95.0,489.2744140625,0.9,17738.078125
445,1774677899.1106288,0.1211672481149435,264.0977698003315,97.0,489.2744140625,1.0,17739.0078125
446,1774677899.2337394,0.12113784998655319,264.16186190816603,97.0,489.2744140625,1.0,17740.4609375
447,1774677899.3562136,0.12099450454115868,264.4748215743515,95.0,489.2744140625,0.9,17741.66796875
448,1774677899.4785132,0.12083589285612106,264.82197667958064,95.0,489.2744140625,1.0,17740.4375
449,1774677899.6006637,0.12073029950261116,265.0535957571107,96.0,489.2744140625,0.9,17741.4921875
450,1774677899.72274,0.12073333188891411,265.0469385657556,97.0,489.2744140625,1.0,17742.96875
451,1774677899.844934,0.12077370472252369,264.95833735927584,97.0,489.2744140625,1.0,17744.19921875
452,1774677899.9671671,0.12088941410183907,264.7047323187679,95.0,489.2744140625,0.9,17742.72265625
453,1774677900.0899658,0.12101543880999088,264.42907049441794,95.0,489.2744140625,1.0,17743.953125
454,1774677900.212749,0.12099880538880825,264.46542093679074,95.0,489.2744140625,0.9,17742.96875
455,1774677900.3356516,0.12101603671908379,264.4277640184337,97.0,489.2744140625,1.0,17743.953125
456,1774677900.4578667,0.12087107263505459,264.7448996884262,97.0,489.2744140625,0.9,17743.96875
457,1774677900.5800622,0.12078068219125271,264.9430307847486,95.0,489.2744140625,0.9,17742.33203125
458,1774677900.702081,0.12067159079015255,265.18254868826483,95.0,489.2744140625,1.0,17744.03125
459,1774677900.8244748,0.12069831974804401,265.12382332081785,96.0,489.2744140625,0.9,17743.046875
460,1774677900.94677,0.12092822417616844,264.61977936087396,97.0,489.2744140625,0.9,17744.27734375
461,1774677901.0697067,0.12102687545120716,264.4040828179608,97.0,489.2744140625,1.0,17745.26171875
462,1774677901.1925569,0.12103862501680851,264.3784163572264,95.0,489.2744140625,1.0,17746.70703125
463,1774677901.3151994,0.1208354439586401,264.82296047965076,97.0,489.2744140625,1.0,17745.0390625
464,1774677901.4375634,0.12094641476869583,264.5799799952603,97.0,489.2744140625,1.0,17745.5234375
465,1774677901.5596995,0.12077089957892895,264.96449154199297,95.0,489.2744140625,1.0,17746.9765625
466,1774677901.681704,0.12058237753808498,265.37874483270207,95.0,489.2744140625,0.9,17748.20703125
467,1774677901.8038328,0.12071254104375839,265.09258875098965,96.0,489.2744140625,1.0,17746.29296875
468,1774677901.925989,0.12082946486771107,264.83606490382857,97.0,489.2744140625,0.9,17744.90234375
469,1774677902.0488615,0.12097658589482307,264.51399469828624,97.0,489.2744140625,0.9,17743.671875
470,1774677902.1716301,0.12108155898749828,264.2846711554483,95.0,489.2744140625,0.9,17742.00390625
471,1774677902.2944772,0.12103606387972832,264.38401063502783,95.0,489.2744140625,1.0,17743.234375
472,1774677902.4167678,0.12089154310524464,264.7000706421767,96.0,489.2744140625,1.1,17741.44140625
473,1774677902.53893,0.12081457301974297,264.8687091313952,97.0,489.2744140625,1.0,17742.671875
474,1774677902.661092,0.1206770297139883,265.1705968885868,97.0,489.2744140625,1.0,17743.90234375
475,1774677902.7832453,0.12074632197618484,265.0184243815845,95.0,489.2744140625,0.9,17741.6328125
476,1774677902.906212,0.12156681343913078,263.2297342894703,97.0,489.2744140625,0.9,17743.05078125
477,1774677903.0327764,0.1211575586348772,264.11889081089714,97.0,489.2744140625,1.0,17741.3828125
478,1774677903.155091,0.12085280194878578,264.78492417214085,94.0,489.2744140625,0.9,17742.61328125
479,1774677903.2774277,0.12091683223843575,264.64470998462184,94.0,489.2744140625,1.0,17741.62890625
480,1774677903.3996203,0.12076913192868233,264.9683697229597,96.0,489.2744140625,1.0,17741.4609375
481,1774677903.521716,0.12068052217364311,265.1629229276642,97.0,489.2744140625,1.0,17739.79296875
482,1774677903.6440206,0.12089940346777439,264.6828609748233,97.0,489.2744140625,0.9,17741.26953125
483,1774677903.7665544,0.12095995619893074,264.55036034712845,95.0,489.2744140625,1.0,17742.20703125
484,1774677903.8892953,0.12104568630456924,264.36299365086967,95.0,489.2744140625,0.9,17743.4140625
485,1774677904.012034,0.1210938859730959,264.2577677877942,96.0,489.2744140625,0.9,17744.64453125
486,1774677904.1348286,0.12098037451505661,264.50571118059685,97.0,489.2744140625,0.9,17745.8203125
487,1774677904.2571316,0.12086409516632557,264.7601833775664,97.0,489.2744140625,1.0,17744.55859375
488,1774677904.379228,0.12075746059417725,264.9939791922305,95.0,489.2744140625,1.0,17742.40625
489,1774677904.5014277,0.12079029157757759,264.92195342907996,95.0,489.2744140625,0.9,17741.17578125
490,1774677904.623795,0.12077539972960949,264.9546188349715,96.0,489.2744140625,1.0,17741.9453125
491,1774677904.7463322,0.12093402445316315,264.60708758099224,97.0,489.2744140625,1.0,17743.39453125
492,1774677904.8690515,0.12099417485296726,264.4755422224794,97.0,489.2744140625,0.9,17744.625
493,1774677904.9917881,0.12106583453714848,264.31899736486724,95.0,489.2744140625,1.0,17745.5859375
494,1774677905.1143236,0.12087457440793514,264.737229948826,97.0,489.2744140625,0.9,17743.83984375
495,1774677905.2365816,0.12084437534213066,264.80338790616145,97.0,489.2744140625,1.0,17745.25390625
496,1774677905.3587625,0.12074476107954979,265.0218503386459,95.0,489.2744140625,1.0,17746.20703125
497,1774677905.4808116,0.1207199189811945,265.0763873109035,95.0,489.2744140625,1.0,17747.30859375
498,1774677905.6029696,0.12074705958366394,265.0168054637194,96.0,489.2744140625,1.0,17748.73046875
499,1774677905.7251487,0.12084540352225304,264.8011348988327,97.0,489.2744140625,1.0,17747.22265625
500,1774677905.847971,0.12102129682898521,264.41627084214025,97.0,489.2744140625,1.0,17747.9609375
501,1774677905.9708126,0.12103515677154064,264.3859920832875,95.0,489.2744140625,1.0,17746.875
502,1774677906.0936677,0.12109899893403053,264.24661047307427,95.0,489.2744140625,1.0,17745.3984375
503,1774677906.2159193,0.12081264518201351,264.8729357079265,96.0,489.2744140625,1.0,17746.62890625
504,1774677906.3380976,0.12077901884913445,264.94667952197335,97.0,489.2744140625,1.0,17745.68359375
505,1774677906.4601314,0.12067901901900768,265.16622574599984,97.0,489.2744140625,0.9,17744.98828125
506,1774677906.5821347,0.12067072838544846,265.18444388422904,95.0,489.2744140625,0.9,17746.46484375
507,1774677906.7044003,0.12086368352174759,264.76108511323076,97.0,489.2744140625,1.0,17745.234375
508,1774677906.8321497,0.12153967469930649,263.28851117274377,97.0,489.2744140625,0.9,17743.3203125
509,1774677906.954502,0.12092031724750996,264.6370827368877,94.0,489.2744140625,0.9,17742.08984375
510,1774677907.076767,0.12085666321218014,264.77646452822955,94.0,489.2744140625,1.1,17743.56640625
511,1774677907.198922,0.12072400003671646,265.06742644600627,96.0,489.2744140625,0.9,17744.796875
512,1774677907.32104,0.12070666067302227,265.10550305656784,97.0,489.2744140625,1.0,17743.453125
513,1774677907.4434159,0.12094813585281372,264.5762150393288,97.0,489.2744140625,0.9,17743.890625
514,1774677907.5661638,0.12095529586076736,264.560553320753,95.0,489.2744140625,0.9,17742.078125
515,1774677907.6888976,0.12099864892661572,264.4657629144903,95.0,489.2744140625,1.0,17743.1953125
516,1774677907.8116484,0.12098651565611362,264.492285164698,95.0,489.2744140625,0.9,17744.46484375
517,1774677907.9339247,0.12093408405780792,264.6069571643973,97.0,489.2744140625,1.0,17745.94140625
518,1774677908.0561287,0.12076392956078053,264.9797842483619,97.0,489.2744140625,0.9,17746.87890625
519,1774677908.1784236,0.12087817117571831,264.7293526097628,95.0,489.2744140625,1.0,17745.703125
520,1774677908.3004968,0.12072955071926117,265.0552396605144,95.0,489.2744140625,0.9,17744.12890625
521,1774677908.422685,0.12074681185185909,265.01734918897824,96.0,489.2744140625,1.0,17745.08984375
522,1774677908.5454452,0.1210078727453947,264.4456040255269,97.0,489.2744140625,1.0,17744.08203125
523,1774677908.6682565,0.12105024605989456,264.3530355499376,97.0,489.2744140625,0.9,17760.625
524,1774677908.7910855,0.12101384624838829,264.4325504233462,95.0,489.2744140625,1.0,17761.6875
525,1774677908.9134192,0.12092274613678455,264.63176715985645,97.0,489.2744140625,0.9,17778.56640625
526,1774677909.0356662,0.120825981721282,264.84369954317197,97.0,489.2744140625,0.9,17777.58203125
527,1774677909.157953,0.12085370533168316,264.78294490165575,95.0,489.2744140625,0.9,17797.26953125
528,1774677909.2801137,0.12082094326615334,264.8547440116241,95.0,489.2744140625,1.0,17798.5
529,1774677909.4022996,0.12085902318358421,264.77129433184456,96.0,489.2744140625,0.9,17796.1328125
530,1774677909.5247421,0.12091978453099728,264.63824860518946,97.0,489.2744140625,0.9,17794.46484375
531,1774677909.647561,0.12106231786310673,264.3266754250034,97.0,489.2744140625,0.9,17793.234375
532,1774677909.7704697,0.12111875601112843,264.2035061610097,95.0,489.2744140625,1.0,17812.8984375
533,1774677909.892941,0.1210414357483387,264.3722771640967,95.0,489.2744140625,0.9,17814.12890625
534,1774677910.0151944,0.12089152447879314,264.7001114260368,96.0,489.2744140625,0.9,17815.359375
535,1774677910.1374526,0.12084050476551056,264.8118696797534,97.0,489.2744140625,1.0,17835.046875
536,1774677910.2595532,0.12075578235089779,264.9976620333833,97.0,489.2744140625,0.9,17833.81640625
537,1774677910.3817945,0.1208440437912941,264.804114427569,95.0,489.2744140625,1.0,17834.078125
538,1774677910.5041862,0.12097850441932678,264.5097999317627,97.0,489.2744140625,1.0,17853.51953125
539,1774677910.630475,0.1211447287350893,264.1468624687363,97.0,489.2744140625,1.0,17852.07421875
540,1774677910.753425,0.1215788759291172,263.2036178608577,94.0,489.2744140625,0.9,17871.4609375
541,1774677910.8758411,0.12105527892708778,264.3420450856486,94.0,489.2744140625,1.0,17870.19921875
542,1774677910.9978688,0.12069026939570904,265.1415077638207,95.0,489.2744140625,1.0,17871.3984375
543,1774677911.1199412,0.1207280121743679,265.05861749618043,97.0,489.2744140625,0.9,17888.34765625
544,1774677911.2421737,0.1208865363150835,264.7110337961369,97.0,489.2744140625,1.0,17886.56640625
545,1774677911.3649523,0.12099457532167435,264.47466685944624,95.0,489.2744140625,1.0,17887.0859375
546,1774677911.4876876,0.12110318802297115,264.23746989988535,95.0,489.2744140625,1.0,17888.23828125
547,1774677911.6107442,0.12121905013918877,263.9849096594658,95.0,489.2744140625,1.0,17886.9765625
548,1774677911.733095,0.12093883566558361,264.59656093006737,97.0,489.2744140625,1.0,17903.95703125
549,1774677911.8552861,0.1208557728677988,264.77841513623036,97.0,489.2744140625,0.9,17904.74609375
550,1774677911.9775958,0.12073029205203056,265.05361211425804,95.0,489.2744140625,1.0,17922.1953125
551,1774677912.099621,0.12067721039056778,265.1701998781134,95.0,489.2744140625,0.9,17923.1796875
552,1774677912.221982,0.12094788439571857,264.5767651073752,96.0,489.2744140625,1.0,17943.359375
553,1774677912.3447475,0.12103087641298771,264.39534231585645,97.0,489.2744140625,1.1,17943.45703125
554,1774677912.4675236,0.12107050605118275,264.3087985976696,97.0,489.2744140625,0.9,17945.0
555,1774677912.5904517,0.12109200842678547,264.2618651366065,95.0,489.2744140625,1.1,17964.3515625
556,1774677912.7127972,0.12087810225784779,264.7295035434961,97.0,489.2744140625,1.1,17962.5234375
557,1774677912.8350694,0.12090973369777203,264.6602471227646,97.0,489.2744140625,1.0,17982.2109375
558,1774677912.957368,0.12077728100121021,264.95049180382983,95.0,489.2744140625,1.0,17983.6875
559,1774677913.0794218,0.12072506919503212,265.0650789713261,95.0,489.2744140625,1.0,18003.10546875
560,1774677913.2017107,0.1209508366882801,264.5703070452652,96.0,489.2744140625,1.0,18004.55078125
561,1774677913.3245366,0.12100597470998764,264.4497519787242,97.0,489.2744140625,1.0,18005.7265625
562,1774677913.4473844,0.12110272608697414,264.2384778111278,97.0,489.2744140625,1.0,18006.609375
563,1774677913.5704215,0.12124646082520485,263.92522950532015,95.0,489.2744140625,1.0,18007.78125
564,1774677913.692627,0.12087743170559406,264.73097209691196,95.0,489.2744140625,1.0,18027.390625
565,1774677913.8148963,0.12084916420280933,264.7928946061847,96.0,489.2744140625,1.0,18028.34375
566,1774677913.9371083,0.12069668062031269,265.1274238490909,97.0,489.2744140625,1.0,18045.5390625
567,1774677914.059245,0.12074306048452854,265.02558301559975,97.0,489.2744140625,0.9,18046.984375
568,1774677914.1815917,0.12090201675891876,264.6771398678046,95.0,489.2744140625,1.0,18045.4765625
569,1774677914.304303,0.1209480743855238,264.5763495001956,97.0,489.2744140625,0.9,18062.234375
570,1774677914.4289622,0.12109873630106449,264.247183558089,97.0,489.2744140625,1.0,18060.36328125
571,1774677914.551572,0.12104706652462482,264.3599792935931,95.0,489.2744140625,1.0,18076.66015625
572,1774677914.6740258,0.12110241688787937,264.2391524656908,95.0,489.2744140625,0.9,18075.18359375
573,1774677914.7963808,0.12085780315101147,264.77396713901953,96.0,489.2744140625,0.9,18076.63671875
574,1774677914.9186234,0.1208349633961916,264.82401368450746,97.0,489.2744140625,0.9,18096.0546875
575,1774677915.0408082,0.12083610519766808,264.821511316119,97.0,489.2744140625,1.1,17728.859375
576,1774677915.163495,0.12100701592862606,264.4474764907405,95.0,489.2744140625,1.0,17745.21875
577,1774677915.2863085,0.12108166702091694,264.2844353511583,95.0,489.2744140625,1.0,17743.98828125
578,1774677915.4092839,0.12117298878729343,264.0852579461638,95.0,489.2744140625,1.0,17744.1015625
579,1774677915.531633,0.12093437276780605,264.60632546083474,97.0,489.2744140625,0.9,17745.5546875
580,1774677915.653852,0.12087661400437355,264.7327629382651,97.0,489.2744140625,1.0,17744.32421875
581,1774677915.7760699,0.120793292298913,264.9153722941283,95.0,489.2744140625,1.0,17742.84765625
582,1774677915.8982694,0.12078534439206123,264.93280423269,95.0,489.2744140625,0.9,17743.640625
583,1774677916.0205894,0.12089874409139156,264.68430454339614,96.0,489.2744140625,0.9,17744.84765625
584,1774677916.1432762,0.1209876574575901,264.489789061475,97.0,489.2744140625,0.9,17747.12890625
585,1774677916.2660904,0.1210804171860218,264.2871633885835,97.0,489.2744140625,1.0,17748.26953125
586,1774677916.388897,0.12106841616332531,264.31336110675585,95.0,489.2744140625,1.0,17748.0
587,1774677916.5112302,0.12091700360178947,264.6443349306286,97.0,489.2744140625,1.0,17746.109375
588,1774677916.6334054,0.12082374095916748,264.8486112577365,97.0,489.2744140625,1.0,17744.6015625
589,1774677916.7556756,0.12085053324699402,264.7898949241579,95.0,489.2744140625,0.9,17745.80078125
590,1774677916.8779151,0.12081153504550457,264.8753696238274,95.0,489.2744140625,1.0,17743.85546875
591,1774677917.0002215,0.12096107378602028,264.5479161057043,96.0,489.2744140625,0.9,17742.59375
592,1774677917.1229308,0.12094366550445557,264.5859943679408,97.0,489.2744140625,1.0,17744.0390625
593,1774677917.2456815,0.12110532447695732,264.2328084104067,97.0,489.2744140625,1.0,17742.99609375
594,1774677917.3685575,0.12108921818435192,264.2679544869279,95.0,489.2744140625,1.0,17743.765625
595,1774677917.4908473,0.12096183560788631,264.5462499736876,95.0,489.2744140625,1.0,17742.48046875
596,1774677917.6129413,0.1207632515579462,264.98127192811916,96.0,489.2744140625,0.9,17743.6796875
597,1774677917.7350278,0.12073562294244766,265.0419090913523,97.0,489.2744140625,0.9,17745.59375
598,1774677917.8572164,0.12078312411904335,264.937674310038,97.0,489.2744140625,1.0,17746.76953125
599,1774677917.979399,0.12077555246651173,264.95428376428134,95.0,489.2744140625,1.0,17745.5078125
600,1774677918.1017554,0.120945293456316,264.5824329787419,97.0,489.2744140625,1.0,17746.7109375
601,1774677918.2278824,0.12108631804585457,264.27428396891065,97.0,489.2744140625,0.9,17747.91796875
602,1774677918.3505244,0.12102319672703743,264.41211986966937,94.0,489.2744140625,1.1,17749.39453125
603,1774677918.4727108,0.12082181498408318,264.85283310977917,94.0,489.2744140625,0.9,17749.375
604,1774677918.595079,0.12093648314476013,264.6017080031691,96.0,489.2744140625,1.0,17750.890625
605,1774677918.7173967,0.12084964290261269,264.79184573004795,97.0,489.2744140625,0.9,17749.25390625
606,1774677918.8396916,0.1208798810839653,264.7256078765683,97.0,489.2744140625,1.0,17747.33984375
607,1774677918.9624257,0.12102195806801319,264.4148261261506,95.0,489.2744140625,0.9,17748.22265625
608,1774677919.0851493,0.12106207758188248,264.3272000545029,95.0,489.2744140625,1.0,17746.5546875
609,1774677919.208092,0.12114127539098263,264.1543924374266,95.0,489.2744140625,0.9,17747.5390625
610,1774677919.3305137,0.12101288698613644,264.4346465650886,97.0,489.2744140625,0.9,17746.1484375
611,1774677919.4527311,0.12080133333802223,264.8977384252761,97.0,489.2744140625,0.9,17747.33203125
612,1774677919.5749886,0.12081527337431908,264.8671737128398,95.0,489.2744140625,0.9,17748.640625
613,1774677919.6970541,0.12066280096769333,265.20186622029263,95.0,489.2744140625,1.0,17747.30859375
614,1774677919.8193603,0.12088742479681969,264.70908825945855,96.0,489.2744140625,1.0,17748.5390625
615,1774677919.9420595,0.12099616602063179,264.4711898932689,97.0,489.2744140625,0.9,17749.74609375
616,1774677920.0648642,0.121097506955266,264.2498661167397,97.0,489.2744140625,0.9,17748.078125
617,1774677920.1877692,0.1211480088531971,264.13971061444744,95.0,489.2744140625,0.9,17749.28515625
618,1774677920.310215,0.12103054486215115,264.39606659993717,97.0,489.2744140625,1.0,17750.5234375
619,1774677920.4323587,0.12079996056854725,264.9007487203755,97.0,489.2744140625,1.0,17751.29296875
620,1774677920.55464,0.12085587345063686,264.7781947732171,95.0,489.2744140625,1.0,17752.5
621,1774677920.6768076,0.12083185277879238,264.8308311433625,95.0,489.2744140625,0.9,17753.86328125
622,1774677920.7990768,0.12086120061576366,264.7665242192399,96.0,489.2744140625,0.9,17752.296875
623,1774677920.9218543,0.12101919949054718,264.42085334153546,97.0,489.2744140625,1.0,17753.42578125
624,1774677921.0446644,0.12108718603849411,264.2723895642192,97.0,489.2744140625,0.9,17751.94921875
625,1774677921.1676073,0.12116440758109093,264.10396121141076,95.0,489.2744140625,0.9,17752.71875
626,1774677921.2900252,0.12101814523339272,264.42315686036636,95.0,489.2744140625,1.0,17753.703125
627,1774677921.4122946,0.12085471302270889,264.78073713175854,96.0,489.2744140625,1.0,17754.51171875
628,1774677921.5344727,0.12082348205149174,264.84917879094445,97.0,489.2744140625,0.9,17752.66015625
629,1774677921.6565957,0.12077826261520386,264.94833844357487,97.0,489.2744140625,1.0,17753.8671875
630,1774677921.7788272,0.12088172324001789,264.7215736365876,96.0,489.2744140625,0.9,17752.69140625
631,1774677921.9014966,0.12096047401428223,264.5492278429865,97.0,489.2744140625,1.0,17751.21484375
632,1774677922.0268748,0.12109037861227989,264.26542196602605,97.0,489.2744140625,0.9,17752.4375
633,1774677922.1492934,0.12101203575730324,264.43650666432785,95.0,489.2744140625,1.0,17750.76953125
634,1774677922.271514,0.1208740845322609,264.7383028697049,95.0,489.2744140625,0.9,17749.2265625
635,1774677922.393669,0.12074769102036953,265.0154195876239,96.0,489.2744140625,0.9,17749.97265625
636,1774677922.5157275,0.12073937989771366,265.03366198426164,97.0,489.2744140625,1.0,17748.49609375
637,1774677922.637905,0.12073769979178905,265.0373500172993,97.0,489.2744140625,1.1,17749.94921875
638,1774677922.760225,0.12097006663680077,264.52824975352337,95.0,489.2744140625,0.9,17750.93359375
639,1774677922.8832207,0.12112196907401085,264.19649750283196,95.0,489.2744140625,0.9,17752.1640625
640,1774677923.0059378,0.12105427496135235,264.34423741099835,95.0,489.2744140625,1.0,17753.6171875
641,1774677923.128902,0.12101737596094608,264.4248377218725,97.0,489.2744140625,1.1,17752.140625
642,1774677923.2512093,0.12095646373927593,264.55799889269775,97.0,489.2744140625,1.0,17753.37109375
643,1774677923.3734322,0.12081683240830898,264.8637558370488,95.0,489.2744140625,0.9,17751.06640625
644,1774677923.4955401,0.12074007093906403,265.0321450958066,95.0,489.2744140625,1.0,17752.02734375
645,1774677923.6179516,0.12090297602117062,264.6750398798841,96.0,489.2744140625,1.0,17753.2578125
646,1774677923.741285,0.12161419540643692,263.127177654347,97.0,489.2744140625,0.9,17754.4609375
647,1774677923.8642793,0.12118139863014221,264.06693074790473,97.0,489.2744140625,0.9,17755.4453125
648,1774677923.9871552,0.12099305540323257,264.4779891982549,95.0,489.2744140625,0.9,17754.24609375
649,1774677924.1093829,0.1208843532949686,264.71581414608016,97.0,489.2744140625,1.1,17755.23046875
650,1774677924.2316968,0.12089865282177925,264.6845043606257,97.0,489.2744140625,1.0,17756.16796875
651,1774677924.3538368,0.12073354050517082,265.04648058945554,95.0,489.2744140625,0.9,17754.84765625
652,1774677924.475957,0.12071101181209087,265.0959470857054,95.0,489.2744140625,0.9,17756.30078125
653,1774677924.5982847,0.1209175530821085,264.64313231901536,96.0,489.2744140625,1.1,17757.44140625
654,1774677924.7210698,0.12089910358190536,264.68351751112033,97.0,489.2744140625,1.0,17753.37109375
655,1774677924.8440368,0.12114316783845425,264.1502659289243,97.0,489.2744140625,0.9,17754.84765625
656,1774677924.9669156,0.12102861888706684,264.4002740365034,95.0,489.2744140625,1.0,17756.79296875
657,1774677925.0892065,0.1209463756531477,264.5800655636859,95.0,489.2744140625,0.9,17755.31640625
658,1774677925.21136,0.12074167281389236,265.0286289251918,96.0,489.2744140625,0.9,17753.89453125
659,1774677925.333575,0.12080069072544575,264.8991475779653,97.0,489.2744140625,1.0,17752.2265625
660,1774677925.4557815,0.12072852067649364,265.05750108334206,97.0,489.2744140625,0.9,17750.07421875
661,1774677925.578047,0.12083480134606361,264.8243688368711,95.0,489.2744140625,1.0,17750.62109375
662,1774677925.7007945,0.12095101550221443,264.5699159046261,97.0,489.2744140625,0.9,17749.390625
663,1774677925.8257966,0.12112352810800076,264.19309691397814,97.0,489.2744140625,1.0,17750.3515625
664,1774677925.9481578,0.12096061371266842,264.54892231295435,95.0,489.2744140625,0.9,17751.8046875
665,1774677926.0704236,0.12082358449697495,264.8489542271541,95.0,489.2744140625,1.0,17752.7890625
666,1774677926.1925478,0.12077978439629078,264.945000191462,96.0,489.2744140625,1.0,17750.875
667,1774677926.3146975,0.12073195166885853,265.0499686095445,97.0,489.2744140625,1.0,17750.13671875
668,1774677926.436998,0.12087753415107727,264.73074773353005,97.0,489.2744140625,0.9,17747.86328125
669,1774677926.559486,0.12092376686632633,264.62953337679266,95.0,489.2744140625,0.9,17749.1015625
670,1774677926.6823487,0.1210392639040947,264.3770208760949,95.0,489.2744140625,1.0,17750.578125
671,1774677926.805101,0.12104624696075916,264.36176918705934,95.0,489.2744140625,1.0,17751.80859375
672,1774677926.9278302,0.12088280357420444,264.719207809874,97.0,489.2744140625,0.9,17752.76953125
673,1774677927.050031,0.12085203267633915,264.78660963610815,97.0,489.2744140625,1.1,17754.24609375
674,1774677927.1722841,0.12083114311099052,264.8323865529114,95.0,489.2744140625,1.0,17755.20703125
675,1774677927.294424,0.12077638320624828,264.95246132146553,95.0,489.2744140625,1.0,17756.4375
676,1774677927.416749,0.1207228098064661,265.07003979861,96.0,489.2744140625,1.0,17753.87890625
677,1774677927.539285,0.12090245634317398,264.67617753910656,97.0,489.2744140625,0.9,17754.83984375
678,1774677927.6621566,0.12103477492928505,264.3868261720328,97.0,489.2744140625,1.0,17753.609375
679,1774677927.7848172,0.12100803665816784,264.445245817812,95.0,489.2744140625,1.0,17752.1875
680,1774677927.9075658,0.12101837620139122,264.42265219909746,97.0,489.2744140625,0.9,17753.41796875
681,1774677928.0297744,0.12078548036515713,264.932505987127,97.0,489.2744140625,0.9,17751.53515625
682,1774677928.15195,0.12082668207585812,264.84216441455845,95.0,489.2744140625,1.0,17752.765625
683,1774677928.2740924,0.12070628255605698,265.10633350951673,95.0,489.2744140625,1.0,17751.34375
684,1774677928.396272,0.12083523161709309,264.8234258482056,96.0,489.2744140625,1.0,17752.08203125
685,1774677928.5185447,0.12088033370673656,264.7246166413972,97.0,489.2744140625,0.9,17753.06640625
686,1774677928.6413643,0.12103196606040001,264.39296197196916,97.0,489.2744140625,1.0,17754.51953125
687,1774677928.7647002,0.12149828486144543,263.37820354001093,95.0,489.2744140625,1.0,17755.75
688,1774677928.887203,0.12101827561855316,264.42287197070357,95.0,489.2744140625,1.0,17756.734375
689,1774677929.0094137,0.12080531194806099,264.8890142658468,96.0,489.2744140625,0.9,17755.75
690,1774677929.1315756,0.12074664235115051,265.0177212128093,97.0,489.2744140625,1.0,17754.51953125
691,1774677929.2537405,0.1207470502704382,265.01682590447825,97.0,489.2744140625,0.9,17755.48046875
692,1774677929.3758707,0.12078158184885979,264.9410573214983,95.0,489.2744140625,0.9,17755.75
693,1774677929.4982927,0.12099749594926834,264.4682829917151,97.0,489.2744140625,1.0,17756.95703125
694,1774677929.624427,0.12108144722878933,264.28491509136353,97.0,489.2744140625,1.0,17755.04296875
695,1774677929.746955,0.12109223753213882,264.2613651556893,94.0,489.2744140625,0.9,17754.05859375
696,1774677929.869236,0.12085252441465855,264.7855322426234,94.0,489.2744140625,1.0,17755.2890625
697,1774677929.9913232,0.12073205225169659,265.0497477942964,96.0,489.2744140625,0.9,17753.62109375
698,1774677930.1135054,0.12077273055911064,264.9604745364105,97.0,489.2744140625,1.0,17751.921875
699,1774677930.235712,0.12084568105638027,264.8005267566863,97.0,489.2744140625,1.0,17753.12890625
700,1774677930.358088,0.12091399356722832,264.65092299021586,95.0,489.2744140625,0.9,17750.96875
701,1774677930.4808812,0.12102347612380981,264.4115094435336,95.0,489.2744140625,0.9,17752.14453125
702,1774677930.6036968,0.12109129689633846,264.2634179349318,95.0,489.2744140625,0.9,17753.3203125
703,1774677930.7264564,0.12101973779499531,264.41967717867044,97.0,489.2744140625,1.0,17754.51953125
704,1774677930.848798,0.12091417610645294,264.6505234574577,97.0,489.2744140625,0.9,17755.47265625
705,1774677930.9710324,0.12081153504550457,264.8753696238274,95.0,489.2744140625,1.0,17757.11328125
706,1774677931.0931563,0.12071469984948635,265.08784795803115,95.0,489.2744140625,1.0,17758.58984375
707,1774677931.2155664,0.12082621455192566,264.843189192589,96.0,489.2744140625,1.0,17759.57421875
708,1774677931.338069,0.12096074596047401,264.5486330785075,97.0,489.2744140625,1.0,17761.05078125
709,1774677931.4608076,0.12100240588188171,264.4575516228766,97.0,489.2744140625,1.0,17762.26171875
710,1774677931.583563,0.12108268775045872,264.28220742794645,96.0,489.2744140625,0.9,17760.31640625
711,1774677931.7061067,0.12092267349362373,264.63192613490605,97.0,489.2744140625,0.9,17758.86328125
712,1774677931.8283224,0.1208790447562933,264.72743943762833,97.0,489.2744140625,0.9,17757.3828125
713,1774677931.9503968,0.12072915025055408,265.0561188709529,96.0,489.2744140625,0.9,17758.3125
714,1774677932.072472,0.12072795256972313,265.0587483583744,96.0,489.2744140625,0.9,17759.7578125
715,1774677932.19458,0.12068144790828228,265.16088889089195,96.0,489.2744140625,1.0,17757.8203125
716,1774677932.3167665,0.12085640244185925,264.7770358330361,97.0,489.2744140625,1.0,17758.98828125
717,1774677932.439585,0.12101210653781891,264.436351994247,97.0,489.2744140625,0.8,17760.38671875
718,1774677932.562317,0.12101610563695431,264.42761342857375,95.0,489.2744140625,1.2,17761.5859375
719,1774677932.685281,0.12113591469824314,264.166082203729,95.0,489.2744140625,1.0,17760.51953125
720,1774677932.807606,0.12091244198381901,264.65431906736586,96.0,489.2744140625,0.9,17761.71875
721,1774677932.9298902,0.1208600327372551,264.7690826757157,97.0,489.2744140625,1.0,17762.91796875
722,1774677933.0519679,0.12066931277513504,265.18755484777967,97.0,489.2744140625,0.9,17761.6875
723,1774677933.1740546,0.12068295106291771,265.1575862055021,95.0,489.2744140625,0.9,17762.671875
724,1774677933.2963133,0.12082937359809875,264.83626495025976,97.0,489.2744140625,0.9,17764.125
725,1774677933.4234204,0.12108707800507545,264.2726253470143,97.0,489.2744140625,0.9,17761.75390625
726,1774677933.5457442,0.12099242582917213,264.47936538755283,94.0,489.2744140625,1.0,17760.5234375
727,1774677933.6679637,0.12087036482989788,264.7464500089326,94.0,489.2744140625,0.9,17759.29296875
728,1774677933.790146,0.12076656147837639,264.9740094300002,96.0,489.2744140625,1.0,17758.0625
729,1774677933.9130855,0.12153496593236923,263.2987120579529,97.0,489.2744140625,1.0,17759.0234375
730,1774677934.0356164,0.12116133607923985,264.11065638193287,97.0,489.2744140625,1.0,17760.5
731,1774677934.1583686,0.12098945677280426,264.48585565674585,95.0,489.2744140625,1.0,17761.73046875
732,1774677934.2811182,0.12102641351521015,264.40509200066776,95.0,489.2744140625,1.0,17762.94921875
733,1774677934.4038928,0.12100379541516304,264.4545147547501,95.0,489.2744140625,0.9,17759.59765625
734,1774677934.5260503,0.12082793191075325,264.8394249074465,97.0,489.2744140625,1.0,17758.17578125
735,1774677934.6483414,0.12087717466056347,264.73153504670796,97.0,489.2744140625,0.9,17756.69921875
736,1774677934.7705126,0.12074668146669865,265.0176353610633,95.0,489.2744140625,0.9,17755.46875
737,1774677934.8925977,0.12069204077124596,265.1376163292433,95.0,489.2744140625,0.9,17756.4765625
738,1774677935.0148556,0.12084261327981949,264.8072491274396,96.0,489.2744140625,1.0,17757.65234375
739,1774677935.137575,0.12096519395709038,264.5389053924988,97.0,489.2744140625,0.9,17758.60546875
740,1774677935.2604713,0.12108316831290722,264.2811585281987,97.0,489.2744140625,1.1,17760.02734375
741,1774677935.383392,0.12105209566652775,264.3489963870849,95.0,489.2744140625,0.9,17761.265625
742,1774677935.5057292,0.12092003412544727,264.63770235792293,97.0,489.2744140625,1.0,17759.421875
743,1774677935.6279976,0.12085363455116749,264.7830999774501,97.0,489.2744140625,0.9,17760.59765625
744,1774677935.7501817,0.12076306156814098,264.98168880841007,95.0,489.2744140625,0.9,17762.01953125
745,1774677935.8722858,0.12077362276613712,264.9585171587008,95.0,489.2744140625,0.9,17760.07421875
746,1774677935.9945834,0.12083237431943417,264.8296880718767,96.0,489.2744140625,1.0,17761.25
747,1774677936.1172185,0.12096260488033295,264.5445675682767,97.0,489.2744140625,1.0,17762.45703125
748,1774677936.240064,0.1210205964744091,264.41780103741837,97.0,489.2744140625,0.9,17763.66015625
749,1774677936.3631046,0.12112837843596935,264.18251786401794,95.0,489.2744140625,0.9,17764.55859375
750,1774677936.4853868,0.12087604217231274,264.73401531779933,95.0,489.2744140625,1.1,17765.1640625
751,1774677936.6075668,0.12083583138883114,264.82211139036167,96.0,489.2744140625,0.9,17763.65625
752,1774677936.7297676,0.12079437263309956,264.91300300219035,97.0,489.2744140625,1.0,17762.640625
753,1774677936.8518963,0.12070908024907112,265.10018909904045,97.0,489.2744140625,0.9,17763.81640625
754,1774677936.9741378,0.12081165052950382,264.8751164291491,95.0,489.2744140625,0.9,17764.80078125
755,1774677937.0968633,0.12094004452228546,264.59391615407753,97.0,489.2744140625,1.0,17762.88671875
756,1774677937.2222545,0.12115246802568436,264.1299886124977,97.0,489.2744140625,0.9,17761.90234375
757,1774677937.344803,0.12090630270540714,264.6677574614884,95.0,489.2744140625,0.9,17762.88671875
758,1774677937.4670117,0.12084344401955605,264.8054287067609,95.0,489.2744140625,1.0,17762.98046875
759,1774677937.5892277,0.12080023996531963,264.90013603604456,96.0,489.2744140625,1.0,17761.28125
760,1774677937.711374,0.12079441174864769,264.91291721827724,97.0,489.2744140625,0.9,17762.67578125
761,1774677937.8335497,0.12075280956923962,265.0041859411247,97.0,489.2744140625,1.0,17760.9765625
762,1774677937.9560614,0.12096254527568817,264.54469792337915,95.0,489.2744140625,0.9,17759.27734375
763,1774677938.0787249,0.12100381590425968,264.4544699757151,95.0,489.2744140625,1.0,17760.515625
764,1774677938.201539,0.12108528800308704,264.27653208525356,96.0,489.2744140625,0.9,17761.72265625
765,1774677938.324417,0.12094179540872574,264.5900856015509,97.0,489.2744140625,0.9,17762.9296875
766,1774677938.4467316,0.12095427326858044,264.5627900135749,97.0,489.2744140625,0.9,17761.5078125
767,1774677938.568996,0.12085890397429466,264.77155548925083,95.0,489.2744140625,0.9,17759.59375
768,1774677938.691115,0.12074613943696022,265.01882502592747,95.0,489.2744140625,0.9,17761.046875
769,1774677938.813477,0.12091756425797939,264.6431078592315,96.0,489.2744140625,1.0,17759.81640625
770,1774677938.9361708,0.12095621600747108,264.55854073695116,97.0,489.2744140625,0.9,17760.77734375
771,1774677939.0592039,0.12130379118025303,263.80049369148867,97.0,489.2744140625,0.9,17762.25390625
772,1774677939.1823988,0.12111688032746315,264.2075977640916,95.0,489.2744140625,1.0,17760.5859375
773,1774677939.304618,0.12086250260472298,264.7636720270057,97.0,489.2744140625,1.0,17759.109375
774,1774677939.4268475,0.12080329284071922,264.8934416232547,97.0,489.2744140625,0.9,17757.4140625
775,1774677939.549041,0.12072890065610409,265.05666684692096,95.0,489.2744140625,1.0,17758.64453125
776,1774677939.6710632,0.12067794054746628,265.16859547676347,95.0,489.2744140625,0.9,17759.64453125
777,1774677939.7934134,0.12094528414309025,264.58245335254935,96.0,489.2744140625,1.0,17761.09765625
778,1774677939.9161723,0.12099000625312328,264.48465448503885,97.0,489.2744140625,1.0,17762.3046875
779,1774677940.0389802,0.12105244770646095,264.3482276178052,97.0,489.2744140625,0.9,17760.390625
780,1774677940.1619503,0.1211100947111845,264.2224009180368,95.0,489.2744140625,1.0,17758.72265625
781,1774677940.2842388,0.12088410556316376,264.71635663697344,95.0,489.2744140625,1.0,17759.953125
782,1774677940.4064543,0.12079149298369884,264.91931848477515,96.0,489.2744140625,0.9,17760.58984375
783,1774677940.5287561,0.12081311270594597,264.87191069968253,97.0,489.2744140625,1.0,17761.7890625
784,1774677940.6508546,0.12074732966721058,265.0162126830845,97.0,489.2744140625,1.1,17762.98828125
785,1774677940.7731373,0.12084443122148514,264.8032654591258,95.0,489.2744140625,1.0,17761.9453125
786,1774677940.8958724,0.12096069380640984,264.5487471427209,97.0,489.2744140625,0.9,17763.17578125
787,1774677941.0209966,0.12110900692641735,264.22477412800816,97.0,489.2744140625,0.9,17764.40625
788,1774677941.1434932,0.12107426673173904,264.3005889178873,95.0,489.2744140625,0.9,17762.68359375
789,1774677941.2658212,0.12091786600649357,264.64244744677785,95.0,489.2744140625,1.0,17763.890625
790,1774677941.387958,0.12080003321170807,264.9005894221768,96.0,489.2744140625,0.9,17764.9765625
791,1774677941.5100775,0.12077711150050163,264.95086363997945,97.0,489.2744140625,1.0,17763.30859375
792,1774677941.632409,0.12090612389147282,264.6681488914796,97.0,489.2744140625,1.0,17761.39453125
793,1774677941.7549932,0.12096200324594975,264.54588334598765,95.0,489.2744140625,0.9,17762.625
794,1774677941.8777974,0.1210610382258892,264.3294694060927,95.0,489.2744140625,1.0,17760.92578125
795,1774677942.0006847,0.1211580689996481,264.11777823970556,95.0,489.2744140625,1.0,17762.1015625
796,1774677942.1231847,0.12090645357966423,264.667427193334,97.0,489.2744140625,1.0,17760.40234375
797,1774677942.2455242,0.12099406309425831,264.47578651087167,97.0,489.2744140625,1.0,17761.578125
798,1774677942.3677702,0.12080618180334568,264.8871069536093,95.0,489.2744140625,0.9,17762.96484375
799,1774677942.489904,0.1207413598895073,265.0293157977002,95.0,489.2744140625,1.0,17761.01953125
800,1774677942.612341,0.12086505256593227,264.7580861518585,96.0,489.2744140625,1.1,17762.4375
801,1774677942.7349658,0.12095845304429531,264.5536479230725,97.0,489.2744140625,1.0,17763.859375
802,1774677942.8578248,0.1211137268692255,264.21447698123035,97.0,489.2744140625,0.9,17761.9140625
803,1774677942.9806519,0.12110793776810169,264.2271067423658,95.0,489.2744140625,0.9,17763.14453125
804,1774677943.1031077,0.12102697789669037,264.4038590083235,97.0,489.2744140625,1.0,17762.13671875
805,1774677943.2252083,0.12074345164000988,265.02472444970584,97.0,489.2744140625,0.9,17763.09765625
806,1774677943.3475223,0.12089716456830502,264.6877626474068,95.0,489.2744140625,0.9,17760.96875
807,1774677943.469712,0.12078682333230972,264.9295603375654,95.0,489.2744140625,1.0,17762.421875
808,1774677943.591963,0.1208418533205986,264.8089144669325,96.0,489.2744140625,0.9,17763.5078125
809,1774677943.7146535,0.1209055557847023,264.66939250486314,97.0,489.2744140625,0.9,17764.71484375
810,1774677943.8376248,0.12114864774048328,264.13831765211535,97.0,489.2744140625,1.0,17763.73046875
811,1774677943.9605582,0.12113259732723236,264.17331672955004,95.0,489.2744140625,0.9,17764.71484375
812,1774677944.0831132,0.12114918045699596,264.1371561845518,95.0,489.2744140625,0.9,17765.9453125
813,1774677944.2056515,0.1209932453930378,264.47757390133904,96.0,489.2744140625,0.9,17767.4609375
814,1774677944.3278599,0.12079154141247272,264.919212271065,97.0,489.2744140625,0.9,17765.984375
815,1774677944.4501,0.12079106271266937,264.92026215647843,97.0,489.2744140625,1.0,17766.29296875
816,1774677944.5722744,0.12082458473742008,264.84676168797466,95.0,489.2744140625,0.9,17767.5
817,1774677944.694943,0.12095019407570362,264.57171271648366,97.0,489.2744140625,0.9,17766.26953125
818,1774677944.8196812,0.12116359919309616,264.105723279169,97.0,489.2744140625,1.1,17767.96875
819,1774677944.942445,0.12099173665046692,264.4808718833817,95.0,489.2744140625,0.9,17766.984375
820,1774677945.0647264,0.12087524123489857,264.7357694849514,95.0,489.2744140625,0.9,17767.96875
821,1774677945.1869397,0.12079532258212566,264.9109196942954,96.0,489.2744140625,0.9,17766.078125
822,1774677945.3090994,0.12074917182326317,265.01216958106687,97.0,489.2744140625,1.0,17767.77734375
823,1774677945.431296,0.12085330486297607,264.7838223065701,97.0,489.2744140625,0.9,17768.3515625
824,1774677945.5539346,0.12092536501586437,264.6260360330678,95.0,489.2744140625,0.9,17769.3125
825,1774677945.6766253,0.12104421481490135,264.36620741382666,95.0,489.2744140625,1.0,17768.08203125
826,1774677945.7995343,0.1211759876459837,264.0787223743385,96.0,489.2744140625,0.9,17766.66015625
827,1774677945.922269,0.12093968689441681,264.5946985784472,97.0,489.2744140625,1.0,17765.00390625
828,1774677946.0445392,0.12087932042777538,264.72683571314246,97.0,489.2744140625,0.9,17763.76171875
829,1774677946.1667724,0.12081050500273705,264.87762797841975,95.0,489.2744140625,1.0,17764.9921875
830,1774677946.2890115,0.12082898244261742,264.8371222955307,95.0,489.2744140625,0.9,17765.953125
831,1774677946.4113405,0.12089849449694157,264.684850983066,96.0,489.2744140625,0.9,17764.2890625
832,1774677946.534054,0.12102321349084377,264.41208324402174,97.0,489.2744140625,1.0,17765.51953125
833,1774677946.6570115,0.12114281766116619,264.15102948573724,97.0,489.2744140625,0.9,17766.50390625
834,1774677946.779809,0.12111816741526127,264.2047901062273,95.0,489.2744140625,1.0,17765.51953125
835,1774677946.902212,0.12098653614521027,264.492240372871,97.0,489.2744140625,0.9,17766.75
836,1774677947.0243855,0.12082403525710106,264.84796615100055,97.0,489.2744140625,0.9,17767.734375
837,1774677947.1465306,0.1206787396222353,265.1668396618217,95.0,489.2744140625,0.9,17766.75
838,1774677947.2686195,0.12074544094502926,265.0203581149566,95.0,489.2744140625,1.2,17767.95703125
839,1774677947.3908572,0.1208921130746603,264.69882266213267,96.0,489.2744140625,1.1,17764.61328125
840,1774677947.5136049,0.12103905715048313,264.3774724733327,97.0,489.2744140625,1.1,17765.9140625
841,1774677947.6364117,0.12107501737773418,264.29895029595787,97.0,489.2744140625,0.9,17767.12109375
842,1774677947.759368,0.12116826884448528,264.0955450231838,95.0,489.2744140625,0.9,17768.83984375
843,1774677947.8817122,0.12100975587964058,264.4414887658151,95.0,489.2744140625,1.0,17769.82421875
844,1774677948.0039756,0.12083812430500984,264.81708636281195,96.0,489.2744140625,0.9,17770.80859375
845,1774677948.1261604,0.12081476114690304,264.86829669008773,97.0,489.2744140625,0.9,17768.89453125
846,1774677948.2482822,0.12077059224247932,264.9651658224166,97.0,489.2744140625,1.0,17767.41796875
847,1774677948.370485,0.120849983766675,264.79109887000385,96.0,489.2744140625,1.0,17768.609375
848,1774677948.493203,0.12097418494522572,264.51924445276364,97.0,489.2744140625,1.0,17766.94140625
849,1774677948.6186857,0.12111878953874111,264.2034330252654,97.0,489.2744140625,1.0,17768.87890625
850,1774677948.741184,0.12107408605515957,264.30098332868084,95.0,489.2744140625,0.9,17770.0546875
851,1774677948.8634658,0.1208819430321455,264.72109230979527,95.0,489.2744140625,0.9,17771.25390625
852,1774677948.9856453,0.12082107178866863,264.8544622743627,96.0,489.2744140625,1.0,17769.9921875
853,1774677949.107807,0.1208136547356844,264.87072235344147,97.0,489.2744140625,0.9,17771.38671875
854,1774677949.22998,0.12083912082016468,264.814902515081,97.0,489.2744140625,1.0,17769.87890625
855,1774677949.3523517,0.12092603370547295,264.62457271970976,95.0,489.2744140625,0.9,17770.80859375
856,1774677949.4752166,0.12112018838524818,264.200381675574,95.0,489.2744140625,1.0,17771.30859375
857,1774677949.598003,0.12112359888851643,264.19294252850904,95.0,489.2744140625,1.0,17772.015625
858,1774677949.7209167,0.12099346332252026,264.47709753295334,97.0,489.2744140625,1.0,17773.21484375
859,1774677949.843208,0.12088210321962833,264.7207415134052,97.0,489.2744140625,0.9,17774.4140625
860,1774677949.9653494,0.12081664241850376,264.86417234765844,96.0,489.2744140625,1.0,17775.83203125
861,1774677950.087519,0.12075711227953434,264.99474354707047,96.0,489.2744140625,0.9,17777.0390625
862,1774677950.2099264,0.12085854448378086,264.7723430451736,96.0,489.2744140625,1.0,17778.0234375
863,1774677950.332519,0.12091036327183247,264.6588690504314,97.0,489.2744140625,0.9,17779.4765625
864,1774677950.4551864,0.12100974470376968,264.44151318834355,97.0,489.2744140625,0.9,17777.4609375
865,1774677950.5780442,0.12104820646345615,264.3574897547998,95.0,489.2744140625,1.2,17778.30859375
866,1774677950.7011437,0.12176841869950294,262.7939193245894,97.0,489.2744140625,1.2,17776.640625
867,1774677950.823633,0.12105963565409184,264.3325318724301,97.0,489.2744140625,1.0,17775.34375
868,1774677950.9456985,0.12072211131453514,265.0715734802357,95.0,489.2744140625,1.0,17776.328125
869,1774677951.067841,0.1207941323518753,264.9135299617325,95.0,489.2744140625,0.9,17775.09765625
870,1774677951.190055,0.12085888162255287,264.7716044563219,96.0,489.2744140625,1.0,17776.57421875
871,1774677951.3128262,0.12095169350504875,264.56843284020874,97.0,489.2744140625,1.0,17777.55859375
872,1774677951.4356608,0.1210991945117712,264.24618370925253,97.0,489.2744140625,0.8,17775.26171875
873,1774677951.5587287,0.12118722684681416,264.0542310655344,95.0,489.2744140625,1.0,17776.73828125
874,1774677951.6809273,0.12084871158003807,264.79388635274285,95.0,489.2744140625,1.0,17775.23828125
875,1774677951.803107,0.12074360065162182,265.02439737844753,96.0,489.2744140625,1.0,17776.0078125
876,1774677951.9252543,0.12073125131428242,265.0515061481387,97.0,489.2744140625,0.9,17775.0234375
877,1774677952.0474334,0.12078242190182209,264.93921463183756,97.0,489.2744140625,1.0,17772.671875
878,1774677952.1696923,0.1208435446023941,264.805208298781,95.0,489.2744140625,1.1,17774.125
879,1774677952.2924592,0.12102886289358139,264.39974097862137,97.0,489.2744140625,1.0,17772.45703125
880,1774677952.4174135,0.12109634093940258,264.2524105333043,97.0,489.2744140625,1.0,17773.171875
881,1774677952.5399015,0.12104075588285923,264.3737620985195,95.0,489.2744140625,1.1,17771.94140625
882,1774677952.6622374,0.12087939493358135,264.7266725448352,95.0,489.2744140625,1.0,17772.734375
883,1774677952.7843926,0.12080823257565498,264.88261037972154,96.0,489.2744140625,1.0,17771.50390625
884,1774677952.9065738,0.1207436304539442,265.0243319642928,97.0,489.2744140625,1.0,17772.54296875
885,1774677953.028866,0.12085352465510368,264.7833407533856,97.0,489.2744140625,0.9,17773.7734375
886,1774677953.1514726,0.12098690867424011,264.4914259786627,95.0,489.2744140625,1.0,17775.19140625
887,1774677953.2741394,0.12099841423332691,264.4662758826979,95.0,489.2744140625,1.0,17773.5390625
888,1774677953.3968432,0.1210701484233141,264.3095793367167,96.0,489.2744140625,1.0,17774.609375
889,1774677953.5197144,0.1210333053022623,264.3900364456284,97.0,489.2744140625,1.0,17775.81640625
890,1774677953.6419873,0.1209135539829731,264.6518851352777,97.0,489.2744140625,1.0,17774.1484375
891,1774677953.7640781,0.12077694199979305,264.9512354771727,96.0,489.2744140625,1.0,17772.91796875
892,1774677953.8862562,0.12075693160295486,264.99514003233395,96.0,489.2744140625,1.0,17774.1484375
893,1774677954.0086977,0.120864974334836,264.7582575192496,96.0,489.2744140625,1.0,17775.38671875
894,1774677954.131392,0.1209791824221611,264.5083175412351,97.0,489.2744140625,1.0,17776.6171875
895,1774677954.254356,0.12110074609518051,264.24279809844637,97.0,489.2744140625,0.9,17777.82421875
896,1774677954.377283,0.1211139690130949,264.2139487356751,95.0,489.2744140625,1.0,17779.1328125
897,1774677954.4997017,0.12099737487733364,264.4685476229661,97.0,489.2744140625,0.9,17780.609375
898,1774677954.6218972,0.12077776156365871,264.9494375927282,97.0,489.2744140625,1.0,17774.53515625
899,1774677954.7440536,0.12082001194357872,264.8567856038912,95.0,489.2744140625,1.0,17774.43359375
900,1774677954.86615,0.12073858082294464,265.03541603595573,95.0,489.2744140625,1.0,17775.2265625
901,1774677954.9884195,0.12085991352796555,264.7693438287591,96.0,489.2744140625,1.0,17775.96484375
902,1774677955.111009,0.12089310586452484,264.69664892107096,97.0,489.2744140625,0.9,17777.1953125
903,1774677955.2339118,0.12115701474249363,264.1200764810242,97.0,489.2744140625,0.9,17778.6484375
904,1774677955.3569298,0.12115862034261227,264.1165763485126,95.0,489.2744140625,0.9,17779.26953125
905,1774677955.4793522,0.1210058145225048,264.4501020572743,95.0,489.2744140625,0.9,17778.0390625
906,1774677955.601652,0.1208716630935669,264.74360640863165,96.0,489.2744140625,1.0,17778.77734375
907,1774677955.723901,0.12084057368338108,264.81171865208455,97.0,489.2744140625,0.9,17780.4453125
908,1774677955.8460333,0.12073193863034248,265.0499972337703,97.0,489.2744140625,1.1,17781.3984375
909,1774677955.9683871,0.12093654274940491,264.6015775918769,95.0,489.2744140625,0.9,17782.328125
910,1774677956.0910354,0.12094959616661072,264.5730206152925,97.0,489.2744140625,1.0,17780.875
911,1774677956.216179,0.12110603787004948,264.231251907828,97.0,489.2744140625,0.9,17782.05078125
912,1774677956.339049,0.12103638611733913,264.3833067601464,95.0,489.2744140625,0.9,17783.421875
913,1774677956.4612677,0.12085460126399994,264.7809819842758,95.0,489.2744140625,1.0,17781.72265625
914,1774677956.5834267,0.12075042352080345,265.0094224678797,96.0,489.2744140625,1.0,17780.01953125
915,1774677956.7055588,0.12079181335866451,264.9186158418128,97.0,489.2744140625,0.9,17777.828125
916,1774677956.8278115,0.1208978034555912,264.68636389869897,97.0,489.2744140625,0.9,17776.56640625
917,1774677956.950655,0.12092636525630951,264.62384718315474,95.0,489.2744140625,1.0,17778.234375
918,1774677957.0735195,0.12112407945096493,264.19189433720044,95.0,489.2744140625,1.0,17778.6953125
919,1774677957.1963997,0.12112139537930489,264.19774887655893,95.0,489.2744140625,0.9,17777.65234375
920,1774677957.3191872,0.1213606595993042,263.67687935822215,97.0,489.2744140625,1.0,17778.828125
921,1774677957.4414783,0.12087216414511204,264.7425089666027,97.0,489.2744140625,1.0,17776.34375
922,1774677957.5636215,0.1207135021686554,265.09047807502975,95.0,489.2744140625,0.9,17777.55078125
923,1774677957.685753,0.12070360779762268,265.112208192258,95.0,489.2744140625,1.0,17778.78125
924,1774677957.808047,0.12088408321142197,264.7164055836295,96.0,489.2744140625,0.9,17777.796875
925,1774677957.9307666,0.12103124335408211,264.39454072517975,97.0,489.2744140625,0.9,17778.8203125
926,1774677958.053676,0.1210822481662035,264.28316689392165,97.0,489.2744140625,1.0,17780.02734375
927,1774677958.1766758,0.12117484770715237,264.08120666539276,95.0,489.2744140625,1.0,17781.359375
928,1774677958.2989013,0.12086685374379158,264.7541406830382,97.0,489.2744140625,1.0,17782.8359375
929,1774677958.4212856,0.12095453590154648,264.5622155588037,97.0,489.2744140625,1.0,17783.1171875
930,1774677958.5434124,0.12071376852691174,265.08989314558573,95.0,489.2744140625,0.9,17784.32421875
931,1774677958.665643,0.12075861915946007,264.99143682443446,95.0,489.2744140625,1.0,17785.515625
932,1774677958.7879279,0.12087392434477806,264.73865371263963,96.0,489.2744140625,0.9,17783.87109375
933,1774677958.9109068,0.12103726528584957,264.38138638068773,97.0,489.2744140625,1.0,17785.1015625
934,1774677959.0338597,0.12113741785287857,264.1628042531335,97.0,489.2744140625,1.0,17783.84765625
935,1774677959.1566508,0.12105794809758663,264.33621668694,95.0,489.2744140625,0.9,17785.078125
936,1774677959.2790103,0.12099654413759708,264.4703634147571,95.0,489.2744140625,1.0,17783.41015625
937,1774677959.4014025,0.12096779234707355,264.5332230928669,96.0,489.2744140625,0.9,17784.2578125
938,1774677959.523496,0.12074060924351215,265.03096348852887,97.0,489.2744140625,0.9,17782.58984375
939,1774677959.645627,0.120710588991642,265.0968756536817,97.0,489.2744140625,1.0,17780.921875
940,1774677959.7678177,0.120839674025774,264.8136901889912,95.0,489.2744140625,0.9,17781.90625
941,1774677959.890657,0.1209986750036478,264.46570591814566,97.0,489.2744140625,1.0,17783.13671875
942,1774677960.0150776,0.12109311670064926,264.2594465472902,97.0,489.2744140625,1.0,17781.9609375
943,1774677960.1375527,0.12106477469205856,264.32131130954883,95.0,489.2744140625,0.9,17782.921875
944,1774677960.259849,0.12090101651847363,264.6793295994365,95.0,489.2744140625,0.9,17781.31640625
945,1774677960.382044,0.12077869102358818,264.9473986578508,96.0,489.2744140625,1.0,17800.7109375
946,1774677960.5041902,0.12073957175016403,265.0332408517635,97.0,489.2744140625,0.9,17799.2890625
947,1774677960.6264381,0.12082790397107601,264.8394861476718,97.0,489.2744140625,1.0,17797.375
948,1774677960.7487454,0.12086053565144539,264.76798094198506,95.0,489.2744140625,0.9,17798.58203125
949,1774677960.871493,0.12102916836738586,264.39907364201264,95.0,489.2744140625,1.0,17800.03515625
950,1774677960.9943578,0.12104981765151024,264.3539711238942,95.0,489.2744140625,0.9,17816.33203125
951,1774677961.1172006,0.12103677727282047,264.38245235058645,97.0,489.2744140625,1.0,17817.5625
952,1774677961.239484,0.12085612304508686,264.7776479480647,97.0,489.2744140625,1.0,17834.84375
953,1774677961.3619213,0.12104499712586403,264.36449882126084,95.0,489.2744140625,0.9,17832.8828125
954,1774677961.4839807,0.12073196098208427,265.04994816367275,95.0,489.2744140625,0.9,17852.32421875
955,1774677961.6063547,0.12085982412099838,264.7695396938797,96.0,489.2744140625,0.9,17853.77734375
956,1774677961.7289743,0.12091643363237381,264.64558239693577,97.0,489.2744140625,0.9,17854.73828125
957,1774677961.8517618,0.12107941694557667,264.2893466722218,97.0,489.2744140625,1.0,17871.52734375
958,1774677961.975872,0.12103568576276302,264.3848365739164,95.0,489.2744140625,0.5,17872.51171875
959,1774677962.0980613,0.1208790335804224,264.7274639130034,97.0,489.2744140625,0.5,17872.51171875
960,1774677962.4217722,0.12247979082167149,261.2675918641261,4.0,489.2744140625,1.3,17766.45703125
961,1774677962.5458732,0.12221363559365273,261.836576946263,89.0,489.2744140625,1.5,17783.46875
962,1774677962.6700513,0.12208044342696667,262.12224580543614,89.0,489.2744140625,1.6,17785.66015625
963,1774677962.7931752,0.12138512171804905,263.62374191401284,94.0,489.2744140625,0.9,17786.890625
964,1774677962.916338,0.12128780968487263,263.8352533790635,97.0,489.2744140625,1.0,17785.22265625
965,1774677963.0388563,0.12109341658651829,264.2587921130855,97.0,489.2744140625,1.0,17783.25390625
966,1774677963.1612604,0.12107514590024948,264.298669739898,95.0,489.2744140625,1.0,17784.2265625
967,1774677963.28372,0.12112346850335598,264.19322692293423,95.0,489.2744140625,1.0,17785.703125
968,1774677963.4060287,0.12090459652245045,264.67149240316934,96.0,489.2744140625,1.0,17786.046875
969,1774677963.5287488,0.12096485495567322,264.5396467571196,97.0,489.2744140625,0.9,17787.27734375
970,1774677963.6515515,0.12108147703111172,264.2848500417421,97.0,489.2744140625,1.0,17788.91796875
971,1774677963.7743425,0.12105842866003513,264.3351673584387,95.0,489.2744140625,1.0,17790.1171875
972,1774677963.8966932,0.12102178670465946,264.41520052990563,97.0,489.2744140625,0.9,17791.046875
973,1774677964.0189302,0.12080613151192665,264.8872172257315,97.0,489.2744140625,1.0,17792.5625
974,1774677964.1411188,0.12083962187170982,264.813804481886,95.0,489.2744140625,1.0,17790.89453125
975,1774677964.2641485,0.1216004267334938,263.15697123442635,95.0,489.2744140625,0.9,17791.87890625
976,1774677964.3868937,0.12126490101218224,263.8850956286625,95.0,489.2744140625,1.1,17793.28515625
977,1774677964.5096402,0.12106191739439964,264.32754980865957,97.0,489.2744140625,0.9,17794.4921875
978,1774677964.6325207,0.12113658897578716,264.1646117870809,97.0,489.2744140625,1.0,17793.015625
979,1774677964.755454,0.12111511826515198,264.2114416298039,95.0,489.2744140625,1.0,17792.03125
980,1774677964.8777149,0.12088574096560478,264.71277542241194,95.0,489.2744140625,1.0,17790.1171875
981,1774677964.9999828,0.12086176313459873,264.7652919340828,96.0,489.2744140625,1.0,17791.046875
982,1774677965.1219842,0.12066451273858547,265.1981040136186,97.0,489.2744140625,0.9,17790.0625
983,1774677965.2441359,0.12079322151839733,264.91552752507937,97.0,489.2744140625,1.0,17788.5859375
984,1774677965.366421,0.12086287327110767,264.7628600407402,95.0,489.2744140625,0.9,17787.78125
985,1774677965.489333,0.1210708748549223,264.3079934653582,97.0,489.2744140625,1.0,17789.05078125
986,1774677965.6133974,0.12109965644776821,264.24517573922265,97.0,489.2744140625,1.0,17787.3828125
987,1774677965.7357123,0.1209330316632986,264.60925985130604,95.0,489.2744140625,0.9,17788.3671875
988,1774677965.85803,0.12090721353888512,264.66576363294024,95.0,489.2744140625,1.0,17786.890625
989,1774677965.9801586,0.12075971253216267,264.98903756066204,96.0,489.2744140625,1.0,17788.12109375
990,1774677966.1023352,0.12074928171932697,265.0119283887891,97.0,489.2744140625,1.0,17789.08203125
991,1774677966.2244408,0.12075606919825077,264.9970325505059,97.0,489.2744140625,1.0,17790.04296875
992,1774677966.3468354,0.12092908471822739,264.6178963031274,95.0,489.2744140625,1.0,17789.05859375
993,1774677966.4697332,0.12104221619665623,264.370572561311,95.0,489.2744140625,1.0,17789.58984375
994,1774677966.5925937,0.12106809578835964,264.31406054275044,95.0,489.2744140625,0.9,17790.57421875
995,1774677966.715543,0.12104069627821445,264.3738922853464,97.0,489.2744140625,1.0,17792.02734375
996,1774677966.8379157,0.12096407637000084,264.54134946741937,97.0,489.2744140625,1.0,17793.2578125
997,1774677966.9602113,0.12089425511658192,264.69413264626553,95.0,489.2744140625,0.9,17791.7578125
998,1774677967.0824502,0.12088489159941673,264.71463535774393,95.0,489.2744140625,1.0,17793.2109375
999,1774677967.2048273,0.12092635408043861,264.6238716393783,96.0,489.2744140625,1.0,17791.54296875
1000,1774677967.3275473,0.12100657634437084,264.44843715709857,97.0,489.2744140625,1.0,17790.3671875
1001,1774677967.450545,0.1211666464805603,264.09908113726664,97.0,489.2744140625,1.1,17791.359375
1002,1774677967.5735116,0.12111658602952957,264.2082397550245,95.0,489.2744140625,1.0,17790.12890625
1003,1774677967.695812,0.12087753601372242,264.73074365419933,97.0,489.2744140625,0.9,17791.08984375
1004,1774677967.8180633,0.12083672173321247,264.8201601384943,97.0,489.2744140625,0.9,17792.3203125
1005,1774677967.9402661,0.12085156515240669,264.78763398425656,95.0,489.2744140625,1.0,17793.765625
1006,1774677968.0624542,0.12076344341039658,264.9808509620976,95.0,489.2744140625,1.0,17794.94140625
1007,1774677968.1846585,0.12085690349340439,264.7759381138402,96.0,489.2744140625,1.1,17795.87109375
1008,1774677968.3074098,0.12097827531397343,264.51030085319695,97.0,489.2744140625,1.0,17794.41796875
1009,1774677968.4302714,0.1210674848407507,264.3153943611866,97.0,489.2744140625,1.0,17792.890625
1010,1774677968.5532992,0.12117948941886425,264.07109118433453,95.0,489.2744140625,1.0,17790.5078125
1011,1774677968.6756022,0.12088578380644321,264.7126816105766,95.0,489.2744140625,0.9,17789.4921875
1012,1774677968.7978926,0.12086897529661655,264.7494935856858,96.0,489.2744140625,1.0,17791.00390625
1013,1774677968.9201438,0.1208197120577097,264.8574430033003,97.0,489.2744140625,1.0,17792.08984375
1014,1774677969.042372,0.12078576348721981,264.93188498482175,97.0,489.2744140625,0.9,17793.296875
1015,1774677969.16459,0.12087411247193813,264.73824167626503,95.0,489.2744140625,1.0,17794.7734375
1016,1774677969.2872517,0.120983075350523,264.49980633478475,97.0,489.2744140625,1.0,17793.078125
1017,1774677969.412029,0.12105904519557953,264.33382113911205,97.0,489.2744140625,1.0,17791.5078125
1018,1774677969.5347502,0.12104621902108192,264.36183020658206,95.0,489.2744140625,1.0,17793.5
1019,1774677969.6570675,0.1208894532173872,264.70464666968587,95.0,489.2744140625,1.1,17795.19921875
1020,1774677969.77935,0.12086975388228893,264.7477881949172,96.0,489.2744140625,1.0,17794.0234375
1021,1774677969.9015088,0.12082911469042301,264.83683243055606,97.0,489.2744140625,1.0,17792.79296875
1022,1774677970.0237896,0.12086237221956253,264.7639576514993,97.0,489.2744140625,1.0,17794.0234375
1023,1774677970.146656,0.12108699977397919,264.2727960865423,95.0,489.2744140625,0.9,17792.140625
1024,1774677970.269618,0.12114758044481277,264.1406446790507,95.0,489.2744140625,1.1,17793.6171875
1025,1774677970.3925202,0.12114829942584038,264.13907707873733,95.0,489.2744140625,0.9,17794.31640625
1026,1774677970.5148764,0.1209355853497982,264.6036723388084,97.0,489.2744140625,1.0,17795.30078125
1027,1774677970.6371126,0.12081032432615757,264.87802411330364,97.0,489.2744140625,0.9,17796.75390625
1028,1774677970.7593508,0.120839923620224,264.8131432172175,95.0,489.2744140625,1.1,17795.0546875
1029,1774677970.8816934,0.12093766406178474,264.59912425339894,95.0,489.2744140625,1.0,17793.546875
1030,1774677971.0041726,0.12096453458070755,264.54034739123966,96.0,489.2744140625,1.0,17794.77734375
1031,1774677971.1269095,0.12097418680787086,264.5192403799486,97.0,489.2744140625,1.0,17793.35546875
1032,1774677971.2498174,0.1211110595613718,264.22029594897833,97.0,489.2744140625,1.0,17794.55859375
1033,1774677971.3725,0.12097819522023201,264.5104759725199,95.0,489.2744140625,0.9,17795.37890625
1034,1774677971.494789,0.12085039168596268,264.7902050922103,97.0,489.2744140625,1.0,17793.78125
1035,1774677971.6169453,0.12081397883594036,264.87001180098935,97.0,489.2744140625,1.0,17794.6328125
1036,1774677971.7391567,0.12066335044801235,265.20065853622356,95.0,489.2744140625,1.0,17796.0546875
1037,1774677971.8611338,0.1206511314958334,265.2275167523406,95.0,489.2744140625,1.0,17794.82421875
1038,1774677971.9834583,0.12089353241026402,264.6957149982587,96.0,489.2744140625,1.0,17796.0546875
1039,1774677972.1062822,0.1209357138723135,264.6033911354447,97.0,489.2744140625,0.9,17794.578125
1040,1774677972.2289476,0.12101074680685997,264.4393233195546,97.0,489.2744140625,1.1,17795.6171875
1041,1774677972.351892,0.12115184776484966,264.1313408781893,95.0,489.2744140625,1.0,17793.53515625
1042,1774677972.474292,0.1209894735366106,264.485819010668,95.0,489.2744140625,1.0,17794.51953125
1043,1774677972.596552,0.12085143104195595,264.78792782263844,96.0,489.2744140625,1.1,17795.97265625
1044,1774677972.7188096,0.12069009244441986,265.1418965043599,97.0,489.2744140625,0.9,17794.7421875
1045,1774677972.8409975,0.12077881954610348,264.94711672343357,97.0,489.2744140625,1.0,17795.3828125
1046,1774677972.9632468,0.1208276841789484,264.8399679050979,95.0,489.2744140625,1.0,17796.859375
1047,1774677973.0859087,0.12097770534455776,264.5115470562158,97.0,489.2744140625,0.9,17797.8203125
1048,1774677973.210932,0.12107989564538002,264.28830178151054,97.0,489.2744140625,0.9,17798.8046875
1049,1774677973.3336523,0.120917197316885,264.6439109578294,95.0,489.2744140625,0.9,17800.2578125
1050,1774677973.455884,0.12089337408542633,264.6960616500619,95.0,489.2744140625,1.0,17798.8359375
1051,1774677973.578121,0.12081810273230076,264.8609709664377,96.0,489.2744140625,0.9,17799.796875
1052,1774677973.7002032,0.12075520493090153,264.9989291833095,97.0,489.2744140625,0.9,17801.25
1053,1774677973.8223288,0.1207661833614111,264.9748390593346,97.0,489.2744140625,1.0,17802.45703125
1054,1774677973.9446578,0.12092606350779533,264.62450750277804,96.0,489.2744140625,1.0,17800.54296875
1055,1774677974.067587,0.12106498889625072,264.3208436373219,96.0,489.2744140625,0.9,17801.98828125
1056,1774677974.1903193,0.12109432928264141,264.25680037675494,95.0,489.2744140625,1.0,17803.21875
1057,1774677974.313169,0.12092950567603111,264.61697516342844,97.0,489.2744140625,1.0,17804.2421875
1058,1774677974.4354217,0.12090558558702469,264.6693272658378,97.0,489.2744140625,0.9,17805.40234375
1059,1774677974.5577075,0.12086918577551842,264.74903255682784,95.0,489.2744140625,1.0,17804.40234375
1060,1774677974.6798658,0.12074869312345982,265.01322020339813,95.0,489.2744140625,0.9,17805.609375
1061,1774677974.802192,0.12075150385499,265.00705149336005,96.0,489.2744140625,1.0,17804.1328125
1062,1774677974.9247143,0.12087851390242577,264.72860202294254,97.0,489.2744140625,1.0,17805.609375
1063,1774677975.047434,0.12105598673224449,264.3404994977954,97.0,489.2744140625,0.9,17803.6953125
1064,1774677975.1701946,0.12103677541017532,264.3824564191903,96.0,489.2744140625,0.9,17802.21875
1065,1774677975.2928503,0.12093823589384556,264.59787314979724,97.0,489.2744140625,0.9,17801.04296875
1066,1774677975.4151058,0.12083438225090504,264.8252873387808,97.0,489.2744140625,1.0,17801.0703125
1067,1774677975.5373309,0.12081101164221764,264.8765171735185,95.0,489.2744140625,0.9,17799.83984375
1068,1774677975.6595652,0.12074941955506802,265.01162587706136,95.0,489.2744140625,1.0,17797.92578125
1069,1774677975.7818148,0.1208503320813179,264.79033568950234,96.0,489.2744140625,1.0,17799.15625
1070,1774677975.9042659,0.12092718295753002,264.6220578150613,97.0,489.2744140625,0.9,17800.85546875
1071,1774677976.0270898,0.1209881640970707,264.4886815071092,97.0,489.2744140625,1.0,17801.83984375
1072,1774677976.15002,0.12114296853542328,264.15070050593084,95.0,489.2744140625,0.9,17800.609375
1073,1774677976.2725606,0.12106210738420486,264.32713498406423,95.0,489.2744140625,1.0,17801.81640625
1074,1774677976.3947852,0.12087877467274666,264.7280309271262,96.0,489.2744140625,1.0,17800.09765625
1075,1774677976.5170374,0.12083004415035248,264.83479522842373,97.0,489.2744140625,1.0,17798.3984375
1076,1774677976.6391802,0.12071879953145981,265.0788454176159,97.0,489.2744140625,0.9,17799.59765625
1077,1774677976.7614655,0.12086553685367107,264.7570253110414,95.0,489.2744140625,1.0,17800.7734375
1078,1774677976.8839314,0.12093427032232285,264.60654961336655,97.0,489.2744140625,0.9,17801.97265625
1079,1774677977.009944,0.12109802849590778,264.24872805490276,97.0,489.2744140625,1.0,17800.05859375
1080,1774677977.1324997,0.12101426534354687,264.4316346436954,94.0,489.2744140625,1.0,17801.51171875
1081,1774677977.2548752,0.12093790620565414,264.59859446867057,94.0,489.2744140625,1.0,17802.9609375
1082,1774677977.3770106,0.12080289423465729,264.8943156762504,96.0,489.2744140625,0.9,17803.53515625
1083,1774677977.4994001,0.12095389515161514,264.5636170698608,97.0,489.2744140625,0.9,17804.6640625
1084,1774677977.6219761,0.12105152755975723,264.3502370030247,97.0,489.2744140625,1.0,17802.71875
1085,1774677977.7447085,0.12099049612879753,264.483583619123,95.0,489.2744140625,1.0,17801.01953125
1086,1774677977.8676333,0.12115857750177383,264.11666973831467,95.0,489.2744140625,0.9,17799.4140625
1087,1774677977.9904983,0.12109631858766079,264.2524593085414,95.0,489.2744140625,0.9,17800.890625
1088,1774677978.1127324,0.12087059207260609,264.7459522724753,97.0,489.2744140625,0.9,17802.09765625
1089,1774677978.235024,0.1208442747592926,264.803608311111,97.0,489.2744140625,1.0,17800.5546875
1090,1774677978.3571453,0.12069161236286163,265.1385574648832,95.0,489.2744140625,1.0,17801.73828125
1091,1774677978.4791493,0.12064877897500992,265.2326884023268,95.0,489.2744140625,1.0,17803.21484375
1092,1774677978.601493,0.12094809487462044,264.5763046798915,96.0,489.2744140625,1.0,17804.421875
1093,1774677978.7242105,0.12097721733152866,264.512614075975,97.0,489.2744140625,1.0,17805.3828125
1094,1774677978.8470705,0.12111969850957394,264.20145024940393,97.0,489.2744140625,1.0,17803.71484375
1095,1774677978.9700444,0.12110537849366665,264.2326905544784,95.0,489.2744140625,1.0,17802.35546875
1096,1774677979.0923483,0.12087521702051163,264.73582251827384,97.0,489.2744140625,1.0,17803.33984375
1097,1774677979.2144985,0.12079789116978645,264.9052867572222,97.0,489.2744140625,0.9,17804.30078125
1098,1774677979.3366957,0.12085601314902306,264.77788871408484,95.0,489.2744140625,1.0,17805.77734375
1099,1774677979.458762,0.12070459127426147,265.1100481115132,95.0,489.2744140625,1.0,17804.34765625
1100,1774677979.5810513,0.12089050374925137,264.70234640078723,96.0,489.2744140625,1.0,17805.33203125
1101,1774677979.7037086,0.12091998383402824,264.6378124224893,97.0,489.2744140625,0.9,17804.34765625
1102,1774677979.8265767,0.12105029635131359,264.35292572212484,97.0,489.2744140625,1.0,17805.5546875
1103,1774677979.9496515,0.12117298878729343,264.0852579461638,95.0,489.2744140625,0.9,17806.5390625
1104,1774677980.0720532,0.12096289545297623,264.54393208899216,95.0,489.2744140625,0.9,17805.1484375
1105,1774677980.1943562,0.12088212370872498,264.7206966441666,96.0,489.2744140625,1.0,17806.35546875
1106,1774677980.3165772,0.12087547406554222,264.7352595502431,97.0,489.2744140625,0.9,17807.33984375
1107,1774677980.4387987,0.12079520151019096,264.9111852121071,97.0,489.2744140625,1.0,17805.41015625
1108,1774677980.5610547,0.12083513289690018,264.8236422043188,95.0,489.2744140625,1.0,17803.7421875
1109,1774677980.6837301,0.1209655161947012,264.53820069261803,97.0,489.2744140625,0.9,17804.703125
1110,1774677980.8086674,0.12108107656240463,264.2857241487058,97.0,489.2744140625,1.0,17806.1796875
1111,1774677980.931212,0.12106170691549778,264.32800937076087,95.0,489.2744140625,0.9,17804.94921875
1112,1774677981.053495,0.12084688246250153,264.7978942272633,95.0,489.2744140625,1.0,17805.93359375
1113,1774677981.1757567,0.12086930312216282,264.7487755237369,96.0,489.2744140625,0.9,17804.23828125
1114,1774677981.2979395,0.12075337953865528,265.0029350918186,97.0,489.2744140625,1.0,17805.9609375
1115,1774677981.420067,0.12078947201371193,264.92375094054046,97.0,489.2744140625,0.9,17806.55859375
1116,1774677981.542559,0.12095356360077858,264.5643422761793,95.0,489.2744140625,0.9,17805.05078125
1117,1774677981.6653192,0.12102765403687954,264.40238187421994,95.0,489.2744140625,0.9,17806.05859375
1118,1774677981.7880633,0.12108090706169605,264.2860941213018,96.0,489.2744140625,0.9,17807.2578125
1119,1774677981.9110026,0.12104149535298347,264.3721469788604,97.0,489.2744140625,1.0,17805.75
1120,1774677982.0333483,0.12095826305449009,264.55406345893397,97.0,489.2744140625,0.9,17804.953125
1121,1774677982.1554875,0.12079502083361149,264.91158144736977,95.0,489.2744140625,0.9,17802.81640625
1122,1774677982.2774608,0.12064131908118725,265.24908914884423,95.0,489.2744140625,1.0,17803.76953125
1123,1774677982.4000092,0.1208339910954237,264.8261446129782,96.0,489.2744140625,0.9,17804.66015625
1124,1774677982.5227175,0.1209517139941454,264.5683880225868,97.0,489.2744140625,1.1,17805.859375
1125,1774677982.6455956,0.12109344638884068,264.258727076323,97.0,489.2744140625,1.0,17806.828125
1126,1774677982.7684646,0.12111011706292629,264.2223521538953,95.0,489.2744140625,0.9,17808.09765625
1127,1774677982.8908854,0.12098035588860512,264.50575190458676,97.0,489.2744140625,1.0,17809.55078125
1128,1774677983.0130775,0.12078429199755192,264.9351125943478,97.0,489.2744140625,0.9,17810.51171875
1129,1774677983.135235,0.12082353234291077,264.84906855049064,95.0,489.2744140625,0.9,17809.28125
1130,1774677983.2574801,0.12076854147017002,264.9696651996417,95.0,489.2744140625,0.9,17807.984375
1131,1774677983.3797877,0.12088326178491116,264.7182043857977,96.0,489.2744140625,0.9,17805.6328125
1132,1774677983.5025191,0.12095236591994762,264.5669620152715,97.0,489.2744140625,0.9,17806.83984375
1133,1774677983.6253362,0.12108195573091507,264.2838051865861,97.0,489.2744140625,1.1,17807.82421875
1134,1774677983.7482336,0.12108965776860714,264.266995131405,95.0,489.2744140625,0.9,17806.15625
1135,1774677983.8706427,0.12097162380814552,264.52484469209304,95.0,489.2744140625,1.0,17807.734375
1136,1774677983.9928284,0.12077091261744499,264.9644629362327,96.0,489.2744140625,0.9,17806.06640625
1137,1774677984.1150336,0.12079127132892609,264.91980461784334,97.0,489.2744140625,0.9,17807.02734375
1138,1774677984.2371874,0.12074156105518341,265.0288742363932,97.0,489.2744140625,1.0,17808.01171875
1139,1774677984.35933,0.12080128118395805,264.8978527907325,95.0,489.2744140625,1.0,17809.6640625
1140,1774677984.4819465,0.12095669284462929,264.5574977905893,97.0,489.2744140625,1.0,17807.99609375
1141,1774677984.6076558,0.12107562646269798,264.2976207094731,97.0,489.2744140625,1.0,17807.97265625
1142,1774677984.7300036,0.12087988294661045,264.725603797396,94.0,489.2744140625,0.9,17800.15234375
1143,1774677984.8522248,0.12086741253733635,264.75291667317765,94.0,489.2744140625,0.9,17801.359375
1144,1774677984.9743352,0.12068706005811691,265.1485584667518,96.0,489.2744140625,0.9,17799.4140625
1145,1774677985.096472,0.12073245085775852,265.0488727152648,97.0,489.2744140625,0.9,17802.09765625
1146,1774677985.218752,0.12084178067743778,264.8090736548926,97.0,489.2744140625,0.9,17803.328125
1147,1774677985.3411329,0.12095568515360355,264.5597018392537,95.0,489.2744140625,0.9,17804.3125
1148,1774677985.4640677,0.12107043713331223,264.30894905223136,95.0,489.2744140625,0.9,17805.05078125
1149,1774677985.586882,0.12108390033245087,264.27956080156014,95.0,489.2744140625,1.0,17804.06640625
1150,1774677985.7098439,0.1210268959403038,264.404038056003,97.0,489.2744140625,0.9,17805.23828125
1151,1774677985.832065,0.12086180225014687,264.7652062458064,97.0,489.2744140625,0.9,17803.6015625
1152,1774677985.9541802,0.12075892090797424,264.9907746723406,95.0,489.2744140625,0.9,17802.6171875
1153,1774677986.076368,0.12073373235762119,265.0460594162194,95.0,489.2744140625,1.0,17801.140625
1154,1774677986.1989346,0.12097722478210926,264.5125977855323,96.0,489.2744140625,1.1,17801.1953125
1155,1774677986.3218396,0.1209838055074215,264.4982100355326,97.0,489.2744140625,1.0,17800.2109375
1156,1774677986.4446685,0.12106139585375786,264.32868854953557,97.0,489.2744140625,1.0,17800.0859375
1157,1774677986.5674565,0.12104231677949429,264.3703528766322,95.0,489.2744140625,0.9,17798.609375
1158,1774677986.6898174,0.1210038848221302,264.45431935543587,97.0,489.2744140625,1.0,17797.37890625
1159,1774677986.8120089,0.12077413126826286,264.957401588936,97.0,489.2744140625,1.0,17798.45703125
1160,1774677986.9341648,0.12081383168697357,264.87033440766464,95.0,489.2744140625,0.9,17799.41796875
1161,1774677987.0564778,0.12077453173696995,264.9565230332793,95.0,489.2744140625,1.0,17800.6484375
1162,1774677987.17865,0.12082743272185326,264.8405190704045,96.0,489.2744140625,0.9,17799.2265625
1163,1774677987.3012743,0.12094767391681671,264.57722553646136,97.0,489.2744140625,0.9,17800.2109375
1164,1774677987.4240952,0.1210662480443716,264.31809457142657,97.0,489.2744140625,0.9,17800.93359375
1165,1774677987.5469935,0.12105286866426468,264.34730835458953,95.0,489.2744140625,1.0,17802.38671875
1166,1774677987.6693847,0.12101731635630131,264.4249679590071,95.0,489.2744140625,0.9,17803.34765625
1167,1774677987.791514,0.12079731374979019,264.9065530238712,96.0,489.2744140625,0.9,17804.578125
1168,1774677987.91378,0.12084184400737286,264.80893487563463,97.0,489.2744140625,0.9,17806.0
1169,1774677988.0358975,0.12077321112155914,264.95942024586697,97.0,489.2744140625,1.0,17804.4921875
1170,1774677988.1581056,0.12079723179340363,264.9067327530218,95.0,489.2744140625,1.0,17802.79296875
1171,1774677988.2807667,0.12096568383276463,264.53783408722825,97.0,489.2744140625,0.9,17801.33984375
1172,1774677988.4063737,0.12112218886613846,264.19601808357083,97.0,489.2744140625,1.0,17801.83203125
1173,1774677988.5288086,0.12096715345978737,264.5346202234777,95.0,489.2744140625,0.9,17804.76953125
1174,1774677988.6510894,0.12084999494254589,264.79107438286064,95.0,489.2744140625,0.9,17803.78515625
1175,1774677988.7732556,0.1207389310002327,265.0346473577634,96.0,489.2744140625,1.0,17804.96484375
1176,1774677988.8953726,0.12076814100146294,264.97054384245564,97.0,489.2744140625,1.0,17803.05078125
1177,1774677989.0175555,0.12077516131103039,264.95514187384026,97.0,489.2744140625,1.0,17801.8203125
1178,1774677989.1398478,0.12095726281404495,264.55625115455507,95.0,489.2744140625,1.0,17803.296875
1179,1774677989.2627559,0.12104272469878197,264.3694619369553,95.0,489.2744140625,1.0,17804.2578125
1180,1774677989.385677,0.12110939435660839,264.2239288702537,95.0,489.2744140625,0.9,17804.56640625
1181,1774677989.5085828,0.12099773436784744,264.4677618732613,97.0,489.2744140625,0.9,17806.01953125
1182,1774677989.6308339,0.12088625505566597,264.71164968477655,97.0,489.2744140625,1.0,17804.29296875
1183,1774677989.7529523,0.12078052014112473,264.94338625640904,96.0,489.2744140625,1.0,17805.4921875
1184,1774677989.87513,0.12072912976145744,265.0561638539694,96.0,489.2744140625,0.9,17806.9140625
1185,1774677989.9975142,0.12087199464440346,264.74288021920756,96.0,489.2744140625,1.0,17807.90625
1186,1774677990.1201165,0.1209513433277607,264.5691988164581,97.0,489.2744140625,1.0,17806.23828125
1187,1774677990.2429533,0.12108240090310574,264.28283351936085,97.0,489.2744140625,1.0,17804.81640625
1188,1774677990.3657954,0.12110344506800175,264.23690904937865,95.0,489.2744140625,1.0,17805.75390625
1189,1774677990.4881043,0.1209457740187645,264.58138169453747,97.0,489.2744140625,1.0,17806.984375
1190,1774677990.6103694,0.12082617171108723,264.84328309694865,97.0,489.2744140625,1.0,17806.0
1191,1774677990.732483,0.12075888179242611,264.9908605066846,95.0,489.2744140625,0.9,17804.0859375
1192,1774677990.8546476,0.12072555162012577,265.0640197585594,95.0,489.2744140625,1.0,17802.85546875
1193,1774677990.9767392,0.12072974815964699,265.05480619146823,96.0,489.2744140625,0.9,17804.33203125
1194,1774677991.0990503,0.12094532698392868,264.58235963306123,97.0,489.2744140625,0.9,17805.31640625
1195,1774677991.2219152,0.12102585658431053,264.4063087271583,97.0,489.2744140625,1.0,17806.30078125
1196,1774677991.3447456,0.12104650773108006,264.36119967287283,95.0,489.2744140625,1.0,17807.0625
1197,1774677991.4676585,0.12106929533183575,264.31144174327613,95.0,489.2744140625,1.0,17805.36328125
1198,1774677991.589874,0.12088091298937798,264.7233480343741,96.0,489.2744140625,0.9,17803.63671875
1199,1774677991.7119975,0.12077763117849827,264.9497236181668,97.0,489.2744140625,1.0,17804.8125
1200,1774677991.8340583,0.12066939286887646,265.1873788307886,97.0,489.2744140625,0.9,17806.2578125
1201,1774677991.9560955,0.12064841762185097,265.2334827987366,95.0,489.2744140625,0.9,17804.2890625
1202,1774677992.078519,0.12100286595523357,264.45654611055886,97.0,489.2744140625,0.9,17802.58984375
1203,1774677992.2053008,0.12110772915184498,264.2275618914328,97.0,489.2744140625,1.0,17804.03515625
1204,1774677992.3276038,0.12093983218073845,264.59438071798894,94.0,489.2744140625,1.0,17804.98828125
1205,1774677992.4498682,0.12091020680963993,264.6592115286061,94.0,489.2744140625,0.9,17806.359375
1206,1774677992.5719335,0.12071597948670387,265.08503792179897,96.0,489.2744140625,1.2,17804.3359375
1207,1774677992.6940026,0.12071129120886326,265.09533349810107,97.0,489.2744140625,1.0,17805.2890625
1208,1774677992.8161001,0.12075572088360786,264.99779692296033,97.0,489.2744140625,0.9,17803.58984375
1209,1774677992.938401,0.12094504572451115,264.5829749230875,96.0,489.2744140625,1.0,17805.03515625
1210,1774677993.0612729,0.12101586535573006,264.42813845882904,96.0,489.2744140625,1.0,17806.01953125
1211,1774677993.1842265,0.1210695393383503,264.31090904352357,95.0,489.2744140625,0.9,17804.54296875
1212,1774677993.3069453,0.12097691372036934,264.51327791322257,97.0,489.2744140625,1.0,17803.77734375
1213,1774677993.4292436,0.12093978747725487,264.59447852112555,97.0,489.2744140625,0.9,17803.3984375
1214,1774677993.5515,0.12084260396659374,264.80726953588504,95.0,489.2744140625,0.9,17804.60546875
1215,1774677993.673736,0.1208095122128725,264.8798046929812,95.0,489.2744140625,1.0,17805.8125
1216,1774677993.7959309,0.12074124254286289,265.02957337580875,96.0,489.2744140625,1.0,17807.3671875
1217,1774677993.9182732,0.1209187638014555,264.6404825353897,97.0,489.2744140625,1.0,17808.2265625
1218,1774677994.0413349,0.12110689654946327,264.22937843948756,97.0,489.2744140625,0.9,17806.55859375
1219,1774677994.1641676,0.12108723632991314,264.2722798034064,95.0,489.2744140625,1.1,17808.03515625
1220,1774677994.2869155,0.1210232563316822,264.4119896451906,97.0,489.2744140625,0.9,17808.99609375
1221,1774677994.4092708,0.1209518350660801,264.56812319149446,97.0,489.2744140625,1.0,17810.203125
1222,1774677994.5314243,0.12080810219049454,264.882896260892,95.0,489.2744140625,0.9,17808.78125
1223,1774677994.6537356,0.12084698304533958,264.7976738318257,95.0,489.2744140625,0.9,17809.7109375
1224,1774677994.7764652,0.12129666842520237,263.81598452337386,96.0,489.2744140625,1.0,17810.88671875
1225,1774677994.8992684,0.12100604735314846,264.4495932224778,97.0,489.2744140625,0.9,17809.43359375
1226,1774677995.0220559,0.12107689678668976,264.29484773116377,97.0,489.2744140625,1.0,17807.92578125
1227,1774677995.145034,0.12106076814234257,264.33005911852945,95.0,489.2744140625,1.0,17809.34375
1228,1774677995.267356,0.12096069566905499,264.5487430689973,95.0,489.2744140625,1.0,17810.7890625
1229,1774677995.389552,0.1207668911665678,264.97328606284964,96.0,489.2744140625,1.0,17811.21484375
1230,1774677995.5117798,0.12080827169120312,264.8825246154907,97.0,489.2744140625,1.0,17809.9296875
1231,1774677995.6339977,0.12077739275991917,264.95024663770874,97.0,489.2744140625,0.9,17811.3828125
1232,1774677995.756278,0.12087247520685196,264.74182765958614,95.0,489.2744140625,1.0,17809.90625
1233,1774677995.879015,0.12096828408539295,264.53214776040653,97.0,489.2744140625,0.9,17810.69921875
1234,1774677996.0040667,0.12111564725637436,264.21028764568507,97.0,489.2744140625,0.9,17809.46875
1235,1774677996.1265874,0.1209809947758913,264.50435507889256,95.0,489.2744140625,0.9,17807.671875
1236,1774677996.2488844,0.1208721324801445,264.74257832140586,95.0,489.2744140625,1.0,17808.6328125
1237,1774677996.3709984,0.12077045254409313,264.9654723146528,96.0,489.2744140625,1.0,17809.44140625
1238,1774677996.4931808,0.12076873891055584,264.9692320104456,97.0,489.2744140625,0.9,17808.45703125
1239,1774677996.6154416,0.12091337330639362,264.6522805952343,97.0,489.2744140625,0.9,17809.44140625
1240,1774677996.7379692,0.12100086733698845,264.4609142418767,95.0,489.2744140625,1.0,17810.671875
1241,1774677996.8607893,0.12100164406001568,264.4592166378194,95.0,489.2744140625,1.0,17812.1484375
1242,1774677996.9835749,0.12106975726783276,264.31043327533075,95.0,489.2744140625,1.1,17810.1796875
1243,1774677997.1063166,0.12092341296374798,264.63030785935047,97.0,489.2744140625,1.0,17808.265625
1244,1774677997.2285337,0.12087446078658104,264.73747880042254,97.0,489.2744140625,0.9,17809.98828125
1245,1774677997.3506594,0.12076842039823532,264.96993083522676,96.0,489.2744140625,1.0,17808.07421875
1246,1774677997.4728,0.120732132345438,265.04957196019535,96.0,489.2744140625,0.9,17806.1171875
1247,1774677997.5951324,0.1208718940615654,264.74310052344333,96.0,489.2744140625,0.9,17806.75390625
1248,1774677997.7176685,0.1210153866559267,264.4291844555521,97.0,489.2744140625,1.1,17807.71484375
1249,1774677997.840511,0.12101107649505138,264.4386028687928,97.0,489.2744140625,0.9,17808.9453125
1250,1774677997.9634185,0.12110484577715397,264.2338528623658,95.0,489.2744140625,1.0,17810.390625
1251,1774677998.085807,0.12098357453942299,264.4987149852534,97.0,489.2744140625,0.9,17811.3515625
1252,1774677998.208049,0.1208332534879446,264.8277612022803,97.0,489.2744140625,0.9,17812.55859375
1253,1774677998.3302279,0.12075905129313469,264.99048855826214,95.0,489.2744140625,0.9,17811.08203125
1254,1774677998.4523928,0.12070986069738865,265.09847509659386,95.0,489.2744140625,1.0,17811.8046875
1255,1774677998.5747328,0.12080649100244045,264.8864289862832,96.0,489.2744140625,0.9,17813.01171875
1256,1774677998.697127,0.12092677503824234,264.62295045807844,97.0,489.2744140625,1.0,17814.21875
1257,1774677998.8199131,0.121022654697299,264.4133041044106,97.0,489.2744140625,1.0,17815.671875
1258,1774677998.9427917,0.1210685595870018,264.31304798835316,95.0,489.2744140625,1.0,17813.7890625
1259,1774677999.0656037,0.12091630510985851,264.6458636899829,95.0,489.2744140625,1.0,17814.75
1260,1774677999.1878984,0.12087569199502468,264.7347822531361,96.0,489.2744140625,0.9,17816.47265625
1261,1774677999.310059,0.12075198255479336,265.0060009199388,97.0,489.2744140625,1.0,17817.45703125
1262,1774677999.432222,0.12075096182525158,265.00824106320385,97.0,489.2744140625,0.9,17818.640625
1263,1774677999.5543556,0.12068675830960274,265.14922140761354,95.0,489.2744140625,0.9,17820.09375
1264,1774677999.676669,0.12089953199028969,264.6825796031216,97.0,489.2744140625,0.9,17821.0546875
1265,1774677999.8029475,0.12110962718725204,264.2234209054547,97.0,489.2744140625,1.0,17822.28515625
1266,1774677999.9253583,0.12090443447232246,264.67184714656156,94.0,489.2744140625,1.0,17821.30078125
1267,1774678000.0477026,0.12091451324522495,264.6497855480861,94.0,489.2744140625,0.9,17819.38671875
1268,1774678000.1698678,0.12074185162782669,265.0282364282141,96.0,489.2744140625,0.9,17820.6171875
1269,1774678000.2919204,0.12071247026324272,265.0927441896953,97.0,489.2744140625,1.0,17819.6328125
1270,1774678000.4141736,0.1208412516862154,264.8102328755529,97.0,489.2744140625,1.0,17819.625
1271,1774678000.5365763,0.12093976698815823,264.5945233475873,95.0,489.2744140625,1.0,17817.95703125
1272,1774678000.6594074,0.12105151452124119,264.3502654763141,95.0,489.2744140625,0.9,17816.53515625
1273,1774678000.7822382,0.12111265957355499,264.21680535027417,95.0,489.2744140625,1.0,17815.05859375
1274,1774678000.9050484,0.12090718373656273,264.66582887020877,97.0,489.2744140625,1.0,17816.265625
1275,1774678001.0274034,0.12093246355652809,264.6105029113384,97.0,489.2744140625,0.9,17817.7421875
1276,1774678001.1496956,0.12087958306074142,264.7262605457544,95.0,489.2744140625,1.0,17818.94921875
1277,1774678001.2718477,0.12075503170490265,264.9993093306505,95.0,489.2744140625,0.9,17819.93359375
1278,1774678001.394301,0.12093757465481758,264.599319866758,96.0,489.2744140625,1.0,17820.62109375
1279,1774678001.5170798,0.12096587382256985,264.5374186023482,97.0,489.2744140625,1.0,17822.07421875
1280,1774678001.6399565,0.12108294852077961,264.2816382565075,97.0,489.2744140625,0.9,17823.03515625
1281,1774678001.7628806,0.12107064761221409,264.30848955640437,95.0,489.2744140625,0.9,17824.265625
1282,1774678001.8851843,0.12095248512923717,264.5667012613106,97.0,489.2744140625,1.0,17822.84375
1283,1774678002.0074337,0.12082869186997414,264.8377591841825,97.0,489.2744140625,1.0,17821.0234375
1284,1774678002.1296594,0.12087992392480373,264.7255140556373,95.0,489.2744140625,0.9,17822.2265625
1285,1774678002.2517967,0.12080218270421028,264.8958759160294,95.0,489.2744140625,1.0,17820.55859375
1286,1774678002.3740308,0.12082291208207607,264.8504281891676,96.0,489.2744140625,1.0,17821.98828125
1287,1774678002.4967496,0.12093616649508476,264.6024008153143,97.0,489.2744140625,1.0,17823.1953125
1288,1774678002.619533,0.12106329575181007,264.3245403264313,97.0,489.2744140625,1.0,17821.52734375
1289,1774678002.7423644,0.12111450731754303,264.2127744127388,95.0,489.2744140625,1.0,17822.734375
1290,1774678002.864728,0.12095771357417107,264.55526526117455,95.0,489.2744140625,0.9,17823.94140625
1291,1774678002.986996,0.12084118463099003,264.8103798197417,96.0,489.2744140625,0.9,17822.7109375
1292,1774678003.109264,0.12086018361151218,264.7687521546338,97.0,489.2744140625,0.9,17823.94140625
1293,1774678003.2314413,0.12077974900603294,264.94507782427667,97.0,489.2744140625,0.9,17822.2734375
1294,1774678003.3546777,0.12182467989623547,262.6725555713021,95.0,489.2744140625,1.0,17823.01953125
1295,1774678003.477908,0.12142839469015598,263.5297953304343,97.0,489.2744140625,1.0,17824.2265625
1296,1774678003.60168,0.12113816104829311,264.1611835864244,97.0,489.2744140625,1.0,17822.55859375
1297,1774678003.7242541,0.12100191600620747,264.4586222780008,95.0,489.2744140625,1.0,17823.765625
1298,1774678003.8464885,0.1208792645484209,264.72695808950493,95.0,489.2744140625,1.0,17825.00390625
1299,1774678003.9686434,0.1208073329180479,264.88458297235854,96.0,489.2744140625,0.9,17825.98828125
1300,1774678004.090849,0.12078218162059784,264.9397416956643,97.0,489.2744140625,1.0,17824.3203125
1301,1774678004.2131236,0.12084507197141647,264.8018614078774,97.0,489.2744140625,1.0,17825.7734375
1302,1774678004.3355346,0.1209633257240057,264.54299109642835,95.0,489.2744140625,1.0,17824.296875
1303,1774678004.458389,0.12107395566999912,264.30126795575796,95.0,489.2744140625,1.0,17825.0234375
1304,1774678004.5813556,0.12116022780537605,264.11307224845046,95.0,489.2744140625,0.9,17823.6015625
1305,1774678004.704079,0.12090633250772953,264.6676922232691,97.0,489.2744140625,1.0,17821.6875
1306,1774678004.8263228,0.12089959345757961,264.68244503425836,97.0,489.2744140625,0.9,17820.05078125
1307,1774678004.9485266,0.12079052440822124,264.9214427768642,95.0,489.2744140625,0.9,17821.52734375
1308,1774678005.0706897,0.12074786983430386,265.0150271297702,95.0,489.2744140625,0.9,17822.48828125
1309,1774678005.193142,0.12089710496366024,264.68789314366705,96.0,489.2744140625,1.0,17821.01171875
1310,1774678005.315773,0.12088552489876747,264.7132485613773,97.0,489.2744140625,0.9,17822.734375
1311,1774678005.4386532,0.12113912031054497,264.1590917778396,97.0,489.2744140625,1.0,17820.3359375
1312,1774678005.5614552,0.12108100764453411,264.285874576999,95.0,489.2744140625,1.0,17821.56640625
1313,1774678005.6837227,0.12090973556041718,264.6602430456063,97.0,489.2744140625,1.0,17819.8671875
1314,1774678005.8059566,0.12087907455861568,264.7273741699836,97.0,489.2744140625,1.0,17821.26171875
1315,1774678005.9282172,0.12082523293793201,264.845340843981,95.0,489.2744140625,0.9,17819.75390625
1316,1774678006.0505102,0.120793292298913,264.9153722941283,95.0,489.2744140625,0.9,17818.4921875
1317,1774678006.1727328,0.12088090367615223,264.72336842988926,96.0,489.2744140625,1.0,17819.69140625
1318,1774678006.2953672,0.12091294303536415,264.6532223654565,97.0,489.2744140625,0.9,17817.9921875
1319,1774678006.4183266,0.12113698944449425,264.163738481074,97.0,489.2744140625,1.0,17818.26953125
1320,1774678006.5413136,0.12118045054376125,264.06899674336506,95.0,489.2744140625,1.0,17819.4453125
1321,1774678006.6635888,0.12094464711844921,264.58384692842384,95.0,489.2744140625,1.0,17820.6171875
1322,1774678006.7858202,0.12081945315003395,264.8580105743593,96.0,489.2744140625,0.9,17822.28515625
1323,1774678006.9080718,0.12082180380821228,264.8528576083463,97.0,489.2744140625,0.9,17820.5859375
1324,1774678007.0303037,0.12080444395542145,264.89091752128303,97.0,489.2744140625,1.0,17819.078125
1325,1774678007.152523,0.12086054310202599,264.7679646200728,95.0,489.2744140625,0.9,17820.25390625
1326,1774678007.275144,0.12093314342200756,264.60901531628093,97.0,489.2744140625,0.9,17821.453125
1327,1774678007.4004676,0.1210897658020258,264.2667593586563,97.0,489.2744140625,1.0,17822.12109375
1328,1774678007.5230906,0.12104065716266632,264.3739777205213,95.0,489.2744140625,1.0,17820.640625
1329,1774678007.6454022,0.12095963396131992,264.5510651117947,95.0,489.2744140625,1.0,17819.1875
1330,1774678007.7675748,0.1208173930644989,264.8625267300434,96.0,489.2744140625,0.9,17820.1171875
1331,1774678007.8897653,0.12076757103204727,264.97179438599767,97.0,489.2744140625,1.0,17821.32421875
1332,1774678008.011945,0.12084213085472584,264.8083062890525,97.0,489.2744140625,0.9,17819.65625
1333,1774678008.1345048,0.12098283506929874,264.5003316517625,95.0,489.2744140625,0.9,17820.39453125
1334,1774678008.2573993,0.1210832055658102,264.28107721848846,95.0,489.2744140625,1.0,17818.7265625
1335,1774678008.380246,0.1211432795971632,264.15002224150896,95.0,489.2744140625,0.9,17819.58203125
1336,1774678008.5027528,0.1208522617816925,264.78610766759823,97.0,489.2744140625,0.9,17820.54296875
1337,1774678008.6249948,0.12089946307241917,264.68273048352495,97.0,489.2744140625,0.9,17821.7734375
1338,1774678008.7472303,0.12079880014061928,264.90329343296037,95.0,489.2744140625,1.0,17820.58984375
1339,1774678008.8694239,0.12078126519918442,264.9417519118361,95.0,489.2744140625,1.0,17821.8203125
1340,1774678008.9917784,0.1208330225199461,264.8282674110689,96.0,489.2744140625,1.0,17819.90625
1341,1774678009.1143994,0.12092926353216171,264.6175050217638,97.0,489.2744140625,1.0,17820.8671875
1342,1774678009.2372656,0.12114794924855232,264.1398405708662,97.0,489.2744140625,0.9,17822.34375
1343,1774678009.360065,0.12113616801798344,264.16552978008514,95.0,489.2744140625,1.0,17823.328125
1344,1774678009.4827685,0.12096939608454704,264.5297160749219,97.0,489.2744140625,0.9,17821.97265625
1345,1774678009.6050131,0.12079758197069168,264.9059648210835,97.0,489.2744140625,1.0,17823.171875
1346,1774678009.727142,0.1207747794687748,264.9559795575806,95.0,489.2744140625,0.9,17824.37890625
1347,1774678009.8493266,0.12077745236456394,264.95011588262963,95.0,489.2744140625,0.9,17823.1484375
1348,1774678009.9715967,0.12084340117871761,264.8055225843452,96.0,489.2744140625,0.9,17824.37890625
1349,1774678010.094318,0.12096302397549152,264.5436510125901,97.0,489.2744140625,1.0,17822.7109375
1350,1774678010.2170901,0.12103028781712055,264.39662812628114,97.0,489.2744140625,1.0,17821.04296875
1351,1774678010.340003,0.12116988934576511,264.09201306346165,95.0,489.2744140625,0.9,17819.46875
1352,1774678010.4623652,0.12091173231601715,264.6558724042114,95.0,489.2744140625,1.0,17820.21484375
1353,1774678010.5846088,0.12082969397306442,264.8355627477919,96.0,489.2744140625,0.9,17821.546875
1354,1774678010.7068493,0.12081140466034412,264.8756554893685,97.0,489.2744140625,1.0,17819.87890625
1355,1774678010.8290255,0.12075013108551502,265.01006427345123,97.0,489.2744140625,1.0,17818.6484375
1356,1774678010.9511805,0.1208009421825409,264.8985961686058,95.0,489.2744140625,0.9,17819.85546875
1357,1774678011.0738056,0.12095502391457558,264.56114813883204,97.0,489.2744140625,1.0,17821.0859375
1358,1774678011.199304,0.12107145600020885,264.30672478197334,97.0,489.2744140625,0.9,17820.1015625
1359,1774678011.3218193,0.121098717674613,264.24722420251067,95.0,489.2744140625,0.9,17821.0625
1360,1774678011.4440486,0.12080814503133297,264.8828023284393,95.0,489.2744140625,0.9,17821.34765625
1361,1774678011.566155,0.1207715105265379,264.9631511644332,96.0,489.2744140625,1.0,17819.9375
1362,1774678011.6882112,0.12064998038113117,265.230047273216,97.0,489.2744140625,0.9,17818.07421875
1363,1774678011.8103838,0.12073632329702377,265.04037166409904,97.0,489.2744140625,1.0,17819.3046875
1364,1774678011.9327796,0.12096796371042728,264.53284835480486,95.0,489.2744140625,1.1,17817.61328125
1365,1774678012.05606,0.12130464240908623,263.7986425291425,95.0,489.2744140625,1.0,17818.84375
1366,1774678012.1791513,0.12117479927837849,264.0813122082046,95.0,489.2744140625,1.0,17820.07421875
1367,1774678012.302026,0.12092576362192631,264.6251637496193,97.0,489.2744140625,1.0,17821.28125
1368,1774678012.4243004,0.12085172347724438,264.7872870925618,97.0,489.2744140625,0.9,17822.1953125
1369,1774678012.5463758,0.12065652757883072,265.2156550675873,95.0,489.2744140625,1.2,17823.39453125
1370,1774678012.6685472,0.12075638212263584,264.9963458453231,95.0,489.2744140625,0.9,17821.703125
1371,1774678012.790741,0.12084143422544003,264.80983286164303,96.0,489.2744140625,1.0,17822.765625
1372,1774678012.9134986,0.12101664394140244,264.4264372055694,97.0,489.2744140625,1.0,17824.1171875
1373,1774678013.0362885,0.12104483507573605,264.364852742193,97.0,489.2744140625,1.0,17825.32421875
1374,1774678013.159165,0.12105223722755909,264.3486872518106,95.0,489.2744140625,1.0,17826.5546875
1375,1774678013.2815394,0.12101871706545353,264.4219074202601,97.0,489.2744140625,1.0,17824.85546875
1376,1774678013.4037778,0.12081758305430412,264.8621102246094,97.0,489.2744140625,1.0,17826.03125
1377,1774678013.5259037,0.12079697474837303,264.90729645057604,95.0,489.2744140625,1.0,17827.15625
1378,1774678013.6481528,0.12079746276140213,264.9062262442222,95.0,489.2744140625,0.9,17828.35546875
1379,1774678013.7703197,0.12084850296378136,264.79434345653823,96.0,489.2744140625,1.0,17830.046875
1380,1774678013.893129,0.12094910629093647,264.57409220557406,97.0,489.2744140625,1.0,17831.24609375
1381,1774678014.0159783,0.12102196551859379,264.4148098477506,97.0,489.2744140625,0.9,17832.23046875
1382,1774678014.1388547,0.12113743834197521,264.16275957283233,95.0,489.2744140625,1.1,17831.0
1383,1774678014.261227,0.12096240743994713,264.5449993700455,95.0,489.2744140625,1.0,17829.33203125
1384,1774678014.3834586,0.12088157050311565,264.7219081189487,96.0,489.2744140625,1.0,17829.87109375
1385,1774678014.505664,0.12079819105565548,264.9046291202871,97.0,489.2744140625,1.0,17831.078125
1386,1774678014.6278331,0.12076449207961559,264.97854997728615,97.0,489.2744140625,1.0,17825.91015625
1387,1774678014.749945,0.12070523016154766,265.108644896102,95.0,489.2744140625,1.0,17829.48828125
1388,1774678014.8724759,0.12091126292943954,264.6568998181279,97.0,489.2744140625,0.9,17827.796875
1389,1774678014.998364,0.12112514860928059,264.18956234451355,97.0,489.2744140625,1.1,17829.91015625
1390,1774678015.120733,0.1208743117749691,264.7378051638812,94.0,489.2744140625,0.9,17828.2421875
1391,1774678015.2430038,0.12084356136620045,264.80517156415334,94.0,489.2744140625,1.0,17829.44921875
1392,1774678015.365197,0.12078646197915077,264.930352919217,96.0,489.2744140625,1.0,17827.83984375
1393,1774678015.487287,0.12075447104871273,265.0005397074788,97.0,489.2744140625,0.9,17825.92578125
1394,1774678015.609407,0.12076031230390072,264.9877214582722,97.0,489.2744140625,0.9,17827.1328125
1395,1774678015.7317138,0.12096118368208408,264.5476757577366,95.0,489.2744140625,0.9,17828.89453125
1396,1774678015.8546734,0.12103724665939808,264.38142706640394,95.0,489.2744140625,1.0,17829.87890625
1397,1774678015.9775126,0.12109766714274883,264.2495165681325,95.0,489.2744140625,1.0,17831.109375
1398,1774678016.1003115,0.12094671465456486,264.57932397250306,97.0,489.2744140625,0.9,17831.84765625
1399,1774678016.222677,0.12092204578220844,264.63329985034244,97.0,489.2744140625,1.0,17830.6171875
1400,1774678016.3448145,0.12076913192868233,264.9683697229597,95.0,489.2744140625,1.0,17828.01953125
1401,1774678016.4669063,0.12073715031147003,265.03855621445786,95.0,489.2744140625,0.9,17826.54296875
1402,1774678016.5892248,0.1208635214716196,264.76144009682884,96.0,489.2744140625,1.0,17828.01953125
1403,1774678016.7117138,0.12094775401055813,264.5770503287441,97.0,489.2744140625,0.9,17828.97265625
1404,1774678016.8346047,0.12106306478381157,264.32504461326846,97.0,489.2744140625,1.0,17827.7109375
1405,1774678016.9575112,0.12112046591937542,264.1997762896734,95.0,489.2744140625,0.9,17826.01171875
1406,1774678017.080356,0.12109128758311272,264.2634382596382,97.0,489.2744140625,0.9,17827.40625
1407,1774678017.202652,0.12085540406405926,264.77922313708405,97.0,489.2744140625,1.1,17828.58203125
1408,1774678017.3248873,0.12081457488238811,264.86870504781155,95.0,489.2744140625,0.9,17829.7578125
1409,1774678017.447041,0.1207059919834137,265.1069716936434,95.0,489.2744140625,1.0,17829.54296875
1410,1774678017.5693686,0.12092169560492039,264.63406620224316,96.0,489.2744140625,1.0,17830.6171875
1411,1774678017.6921003,0.12094452418386936,264.58411586580877,97.0,489.2744140625,1.1,17831.79296875
1412,1774678017.8148952,0.12102248519659042,264.4136744342905,97.0,489.2744140625,1.0,17832.9921875
1413,1774678017.9377873,0.12106167897582054,264.32807037469973,95.0,489.2744140625,0.9,17834.38671875
1414,1774678018.060145,0.12092947587370872,264.6170403766475,95.0,489.2744140625,0.9,17835.33984375
1415,1774678018.182391,0.12082461267709732,264.8467004443847,96.0,489.2744140625,1.0,17836.5390625
1416,1774678018.3045473,0.12079815194010735,264.9047148988326,97.0,489.2744140625,0.9,17835.27734375
1417,1774678018.4266813,0.12067528627812862,265.174427896093,97.0,489.2744140625,1.0,17833.1328125
1418,1774678018.548984,0.12089195288717747,264.69917340043327,95.0,489.2744140625,0.9,17831.65625
1419,1774678018.6715953,0.12094041332602501,264.5931092837927,97.0,489.2744140625,1.0,17832.7734375
1420,1774678018.7972198,0.121113957837224,264.2139731161927,97.0,489.2744140625,1.0,17831.00390625
1421,1774678018.9196465,0.12100457772612572,264.45280502054084,95.0,489.2744140625,1.0,17831.7421875
1422,1774678019.0419037,0.12092063203454018,264.6363938195379,95.0,489.2744140625,1.0,17830.01953125
1423,1774678019.1640935,0.1207849308848381,264.93371123017215,96.0,489.2744140625,0.9,17828.7578125
1424,1774678019.286299,0.12078750506043434,264.9280650675684,97.0,489.2744140625,1.1,17826.62109375
1425,1774678019.4086046,0.1208875235170126,264.7088720904818,97.0,489.2744140625,0.9,17827.96875
1426,1774678019.531216,0.12096064537763596,264.5488530595785,95.0,489.2744140625,0.9,17829.14453125
1427,1774678019.6539352,0.12107805535197258,264.2923187606239,95.0,489.2744140625,1.0,17830.34375
1428,1774678019.7768257,0.12114736810326576,264.14110765265053,95.0,489.2744140625,0.9,17831.2734375
1429,1774678019.8992548,0.12089855410158634,264.68472048980544,97.0,489.2744140625,0.9,17829.57421875
1430,1774678020.0215907,0.12092734314501286,264.621707281094,97.0,489.2744140625,1.0,17828.8046875
1431,1774678020.1437597,0.12081346474587917,264.8711388859617,95.0,489.2744140625,0.9,17829.7578125
1432,1774678020.2659473,0.12077948078513145,264.94566620077205,95.0,489.2744140625,1.0,17828.69140625
1433,1774678020.38833,0.12087882310152054,264.7279248667459,96.0,489.2744140625,0.9,17828.9921875
1434,1774678020.5109906,0.12093532457947731,264.60424289819446,97.0,489.2744140625,1.0,17827.31640625
1435,1774678020.633929,0.12118969857692719,264.0488455352289,97.0,489.2744140625,1.0,17825.59375
1436,1774678020.7569058,0.12116044759750366,264.1125931319134,95.0,489.2744140625,1.0,17826.76953125
1437,1774678020.8793411,0.12101174332201481,264.4371456978958,97.0,489.2744140625,0.9,17827.76171875
1438,1774678021.001618,0.12085253372788429,264.78551183752836,97.0,489.2744140625,1.0,17829.23828125
1439,1774678021.1238458,0.1208784431219101,264.7287570350893,95.0,489.2744140625,0.9,17827.5703125
1440,1774678021.245854,0.12068348191678524,265.1564198492792,95.0,489.2744140625,0.9,17826.33984375
1441,1774678021.367969,0.12076845206320286,264.9698613612531,96.0,489.2744140625,0.9,17827.0859375
1442,1774678021.4906745,0.12095826677978039,264.55405531115946,97.0,489.2744140625,1.0,17828.29296875
1443,1774678021.6134205,0.12108897604048252,264.26848294845394,97.0,489.2744140625,0.9,17829.5
1444,1774678021.7363417,0.12113741971552372,264.1628001912873,95.0,489.2744140625,0.9,17830.4296875
1445,1774678021.8587058,0.12090522423386574,264.6701182911892,95.0,489.2744140625,1.0,17831.66015625
1446,1774678021.9809875,0.1208520419895649,264.786589230847,96.0,489.2744140625,1.0,17830.23828125
1447,1774678022.103096,0.12075219117105007,265.0055430851005,97.0,489.2744140625,1.0,17828.58203125
1448,1774678022.225322,0.12078484334051609,264.9339032529582,97.0,489.2744140625,1.0,17829.12890625
1449,1774678022.3474388,0.1207082811743021,265.1019440314304,95.0,489.2744140625,1.0,17830.3359375
1450,1774678022.4699008,0.1209842637181282,264.4972082861479,97.0,489.2744140625,1.0,17831.3203125
1451,1774678022.595981,0.12109385803341866,264.25782875931543,97.0,489.2744140625,1.1,17829.65234375
1452,1774678022.718286,0.12088078446686268,264.72362949276055,94.0,489.2744140625,1.0,17828.421875
1453,1774678022.8405623,0.1208676639944315,264.7523658724328,94.0,489.2744140625,1.0,17829.65234375
1454,1774678022.962695,0.12078399211168289,264.9357703826448,96.0,489.2744140625,1.0,17830.8828125
1455,1774678023.0847757,0.12074349261820316,265.0246345050293,97.0,489.2744140625,0.9,17832.11328125
1456,1774678023.2069166,0.12078507989645004,264.9333843835169,97.0,489.2744140625,0.9,17833.34375
1457,1774678023.3293371,0.12099949270486832,264.46391868808644,95.0,489.2744140625,1.0,17832.11328125
1458,1774678023.4522865,0.12108581699430943,264.2753775324808,95.0,489.2744140625,0.9,17832.40625
1459,1774678023.5751038,0.12105856835842133,264.3348623226466,95.0,489.2744140625,1.1,17830.9296875
1460,1774678023.6980143,0.12094836495816708,264.57571386821127,97.0,489.2744140625,1.0,17832.4765625
1461,1774678023.820336,0.12089624255895615,264.6897812758317,97.0,489.2744140625,1.0,17833.53125
1462,1774678023.9424412,0.120760852470994,264.9865361598553,95.0,489.2744140625,0.9,17832.30078125
1463,1774678024.0646148,0.12076044082641602,264.9874394380323,95.0,489.2744140625,0.9,17833.5078125
1464,1774678024.1867998,0.1207102295011282,265.09766514610857,96.0,489.2744140625,1.0,17831.83984375
1465,1774678024.3091266,0.12090723589062691,264.6657147050099,97.0,489.2744140625,1.0,17830.171875
1466,1774678024.4320254,0.12105359882116318,264.3457138955013,97.0,489.2744140625,1.0,17827.60546875
1467,1774678024.5548687,0.12108294852077961,264.2816382565075,95.0,489.2744140625,1.0,17828.84375
1468,1774678024.6776168,0.12092173472046852,264.6339805988851,97.0,489.2744140625,1.0,17830.05078125
1469,1774678024.7999046,0.12086249142885208,264.76369650908106,97.0,489.2744140625,1.0,17831.4140625
1470,1774678024.922167,0.12084248289465904,264.8075348459621,95.0,489.2744140625,1.0,17832.62109375
1471,1774678025.0443807,0.1208128035068512,264.8725885926925,95.0,489.2744140625,1.0,17830.953125
1472,1774678025.1665883,0.12075886316597462,264.99090138020125,96.0,489.2744140625,1.0,17829.72265625
1473,1774678025.289061,0.12095106393098831,264.56980997090204,97.0,489.2744140625,1.0,17830.953125
1474,1774678025.4119267,0.12104038335382938,264.3745757682914,97.0,489.2744140625,0.9,17831.76171875
1475,1774678025.5347703,0.12108434736728668,264.2785851001368,95.0,489.2744140625,0.9,17832.72265625
1476,1774678025.6574616,0.12110037915408611,264.2435987692799,95.0,489.2744140625,1.0,17833.9296875
1477,1774678025.779663,0.12084279209375381,264.8068572858971,96.0,489.2744140625,1.0,17835.16015625
1478,1774678025.90183,0.12075519189238548,264.9989577965123,97.0,489.2744140625,1.1,17833.73828125
1479,1774678026.0239866,0.12072690203785896,265.06105482575094,97.0,489.2744140625,0.9,17832.5078125
1480,1774678026.1460695,0.12075313180685043,265.0034787601642,95.0,489.2744140625,1.0,17833.73828125
1481,1774678026.2683897,0.12092484347522259,264.62717734719894,97.0,489.2744140625,0.9,17832.26171875
1482,1774678026.3949819,0.12112269923090935,264.1949048625058,97.0,489.2744140625,1.0,17832.81640625
1483,1774678026.5173993,0.12099198624491692,264.48032628561276,94.0,489.2744140625,1.0,17834.0
1484,1774678026.639645,0.12081889249384403,264.85923963945015,94.0,489.2744140625,0.9,17832.76953125
1485,1774678026.761879,0.12080232240259647,264.8955695847798,96.0,489.2744140625,1.0,17831.29296875
1486,1774678026.8840387,0.1207654420286417,264.9764656383291,97.0,489.2744140625,1.0,17832.95703125
1487,1774678027.0063221,0.12086109444499016,264.76675680414905,97.0,489.2744140625,0.9,17834.15625
1488,1774678027.1289268,0.12094583548605442,264.5812472285558,95.0,489.2744140625,0.9,17835.109375
1489,1774678027.2518413,0.12108859606087208,264.26931223080146,95.0,489.2744140625,0.9,17836.5546875
1490,1774678027.3746116,0.12111779674887657,264.2055986730688,95.0,489.2744140625,1.0,17836.76171875
1491,1774678027.497019,0.12089131213724613,264.70057636293063,97.0,489.2744140625,0.9,17834.81640625
1492,1774678027.6193364,0.12088722176849842,264.70953283450154,97.0,489.2744140625,0.9,17833.1171875
1493,1774678027.741613,0.12086481228470802,264.75861249526537,95.0,489.2744140625,0.9,17834.53515625
1494,1774678027.8638344,0.12079372443258762,264.9144245722675,95.0,489.2744140625,1.0,17833.05859375
1495,1774678027.9860115,0.12076588161289692,264.97550113179176,96.0,489.2744140625,0.9,17834.2578125
1496,1774678028.1087053,0.12093829363584518,264.5977468175179,97.0,489.2744140625,1.0,17832.34375
1497,1774678028.231503,0.1210469976067543,264.36012980642846,97.0,489.2744140625,1.0,17833.328125
1498,1774678028.3543327,0.12111631594598293,264.20882892666407,95.0,489.2744140625,1.0,17834.88671875
1499,1774678028.4765918,0.12092489749193192,264.6270591392069,97.0,489.2744140625,1.0,17835.81640625
1500,1774678028.5987875,0.12083838321268559,264.81651896713436,97.0,489.2744140625,0.9,17836.96484375
1501,1774678028.7209432,0.12080575153231621,264.8880503958441,95.0,489.2744140625,0.9,17835.51171875
1502,1774678028.8431509,0.12073157913982868,265.05078644700154,95.0,489.2744140625,1.0,17836.6875
1503,1774678028.96524,0.1207477692514658,265.0152478871699,96.0,489.2744140625,1.0,17835.42578125
1504,1774678029.0876386,0.12097174674272537,264.5245758751873,97.0,489.2744140625,0.9,17834.1640625
1505,1774678029.2105815,0.12102354690432549,264.4113548026933,97.0,489.2744140625,0.9,17835.36328125
1506,1774678029.3335247,0.12115636095404625,264.1215017355744,95.0,489.2744140625,0.9,17833.6640625
1507,1774678029.456383,0.12093824334442616,264.59785684885117,95.0,489.2744140625,1.0,17834.16015625
1508,1774678029.5785854,0.12084055133163929,264.8117676340123,96.0,489.2744140625,1.0,17835.359375
1509,1774678029.7008007,0.1207972951233387,264.906593871384,97.0,489.2744140625,0.9,17836.53515625
1510,1774678029.823,0.12078041210770607,264.943623238046,97.0,489.2744140625,1.0,17837.734375
1511,1774678029.9452546,0.12083600461483002,264.82173175123904,95.0,489.2744140625,1.0,17838.93359375
1512,1774678030.0682228,0.12133130058646202,263.7406822915942,97.0,489.2744140625,1.0,17840.1328125
1513,1774678030.1937425,0.12121930159628391,263.9843620496572,97.0,489.2744140625,1.0,17838.87109375
1514,1774678030.3162875,0.12098373658955097,264.498360705812,94.0,489.2744140625,1.0,17840.2890625
1515,1774678030.4385247,0.12081167101860046,264.87507150756323,94.0,489.2744140625,1.0,17838.03515625
1516,1774678030.5606954,0.12074905075132847,265.01243530188117,96.0,489.2744140625,0.9,17836.08984375
1517,1774678030.6828268,0.12077422440052032,264.95719727314713,97.0,489.2744140625,1.0,17834.63671875
1518,1774678030.8050494,0.1207832619547844,264.93737196780876,97.0,489.2744140625,1.0,17835.8359375
1519,1774678030.927747,0.12100224755704403,264.45789765115114,95.0,489.2744140625,0.9,17836.765625
1520,1774678031.050482,0.12107633985579014,264.2960634432301,95.0,489.2744140625,1.0,17835.3125
1521,1774678031.1734242,0.1211250089108944,264.1898670450526,95.0,489.2744140625,1.0,17836.73046875
1522,1774678031.2962866,0.1209154836833477,264.6476615335823,97.0,489.2744140625,0.9,17837.66015625
1523,1774678031.4184835,0.12082285434007645,264.8505547628478,97.0,489.2744140625,0.9,17839.03125
1524,1774678031.540732,0.12082521431148052,264.8453816726186,95.0,489.2744140625,0.9,17837.36328125
1525,1774678031.6628664,0.1207208875566721,265.0742605332295,95.0,489.2744140625,1.0,17835.6953125
1526,1774678031.7851043,0.12088850513100624,264.7067226559032,96.0,489.2744140625,1.0,17836.92578125
1527,1774678031.9077406,0.12092072330415249,264.6361940749415,97.0,489.2744140625,0.9,17838.1328125
1528,1774678032.030633,0.12106674909591675,264.31700065430493,97.0,489.2744140625,1.0,17839.49609375
1529,1774678032.153461,0.12097986415028572,264.50682702245723,95.0,489.2744140625,0.9,17840.703125
1530,1774678032.275887,0.12099971622228622,264.4634301555999,97.0,489.2744140625,1.0,17839.03515625
1531,1774678032.3981388,0.12082462385296822,264.8466759469566,97.0,489.2744140625,0.9,17837.34375
1532,1774678032.5202134,0.12065616995096207,265.2164411733413,95.0,489.2744140625,1.0,17838.328125
1533,1774678032.6422682,0.12066989950835705,265.18626542639845,95.0,489.2744140625,1.1,17836.66015625
1534,1774678032.7644515,0.1208563931286335,264.7770562368248,96.0,489.2744140625,0.9,17837.8671875
1535,1774678032.8871057,0.12094803526997566,264.5764350662729,97.0,489.2744140625,1.0,17839.3203125
1536,1774678033.0099432,0.12109202705323696,264.26182448768077,97.0,489.2744140625,0.9,17837.62109375
1537,1774678033.1329577,0.1211327463388443,264.17299175638675,95.0,489.2744140625,1.0,17838.8203125
1538,1774678033.2553084,0.12091454491019249,264.6497162418924,95.0,489.2744140625,0.9,17839.7734375
1539,1774678033.3776283,0.12089353427290916,264.6957109200076,96.0,489.2744140625,1.0,17838.25
1540,1774678033.4998672,0.1208101212978363,264.87846925597876,97.0,489.2744140625,0.9,17839.64453125
1541,1774678033.6219976,0.12078011967241764,264.94426472494865,97.0,489.2744140625,1.0,17840.59765625
1542,1774678033.7442677,0.12085109204053879,264.7886705836782,95.0,489.2744140625,0.9,17839.3359375
1543,1774678033.8670373,0.1210237443447113,264.4109234370948,97.0,489.2744140625,1.0,17840.09765625
1544,1774678033.9923444,0.12111392803490162,264.21403813092826,97.0,489.2744140625,1.0,17841.02734375
1545,1774678034.11493,0.12104241736233234,264.37013319231846,95.0,489.2744140625,1.0,17842.47265625
1546,1774678034.2372055,0.12086658552289009,264.75472821179136,95.0,489.2744140625,1.0,17843.6796875
1547,1774678034.359444,0.12083380483090878,264.8265528407373,96.0,489.2744140625,0.9,17844.97265625
1548,1774678034.4816597,0.12079193070530891,264.9183584793348,97.0,489.2744140625,0.9,17845.90625
1549,1774678034.6039038,0.12082691490650177,264.84165406989183,97.0,489.2744140625,0.9,17847.13671875
1550,1774678034.726481,0.12096945568919182,264.52958573458375,95.0,489.2744140625,0.9,17845.59375
1551,1774678034.8492854,0.12107900716364384,264.29024113776,95.0,489.2744140625,1.0,17844.171875
1552,1774678034.9721115,0.1211151871830225,264.2112912862314,95.0,489.2744140625,1.0,17845.40234375
1553,1774678035.0945387,0.12104168348014355,264.3717360825495,97.0,489.2744140625,0.9,17846.36328125
1554,1774678035.216758,0.12086981348693371,264.74765763959147,97.0,489.2744140625,1.0,17844.88671875
1555,1774678035.3389647,0.1207643635571003,264.9788319786046,95.0,489.2744140625,1.0,17843.90234375
1556,1774678035.4611151,0.12073441967368126,265.04455056386576,95.0,489.2744140625,0.9,17841.73828125
1557,1774678035.5835083,0.12087058275938034,264.7459726714736,96.0,489.2744140625,1.0,17842.67578125
1558,1774678035.7061114,0.12098886631429195,264.4871464195211,97.0,489.2744140625,1.0,17844.15234375
1559,1774678035.8288343,0.12099287658929825,264.4783800671318,97.0,489.2744140625,1.0,17842.8671875
1560,1774678035.951658,0.12109324522316456,264.2591660750913,95.0,489.2744140625,0.9,17844.015625
1561,1774678036.0742085,0.12101968936622143,264.4197829922023,97.0,489.2744140625,0.9,17845.4375
1562,1774678036.1964107,0.1208663135766983,264.75532390332825,97.0,489.2744140625,1.0,17846.63671875
1563,1774678036.318621,0.1207794938236475,264.9456375990764,95.0,489.2744140625,0.9,17847.58984375
1564,1774678036.440936,0.12084215134382248,264.8082613901251,95.0,489.2744140625,0.9,17845.83984375
1565,1774678036.5632083,0.12086184322834015,264.7651164771953,96.0,489.2744140625,0.9,17844.85546875
1566,1774678036.6856678,0.12099191546440125,264.4804810071395,97.0,489.2744140625,0.9,17843.1875
1567,1774678036.8085043,0.1211024671792984,264.2390427324851,97.0,489.2744140625,1.3,17844.1484375
1568,1774678036.9313989,0.12116111814975739,264.11113143118575,95.0,489.2744140625,1.0,17845.625
1569,1774678037.0538464,0.12102308496832848,264.41236404091285,95.0,489.2744140625,1.1,17844.39453125
1570,1774678037.176105,0.1209126953035593,264.653764599837,96.0,489.2744140625,1.0,17842.91796875
1571,1774678037.298374,0.12085018120706081,264.7906662644736,97.0,489.2744140625,1.1,17843.6484375
1572,1774678037.4205067,0.12078863196074963,264.9255934151024,97.0,489.2744140625,1.0,17842.16796875
1573,1774678037.542635,0.12072132900357246,265.07329122472663,95.0,489.2744140625,0.9,17842.84765625
1574,1774678037.6650465,0.12095530703663826,264.5605288762316,97.0,489.2744140625,0.9,17844.0546875
1575,1774678037.791224,0.12113400921225548,264.1702376409289,97.0,489.2744140625,1.0,17842.82421875
1576,1774678037.913614,0.12103644758462906,264.38317249542126,94.0,489.2744140625,1.0,17844.27734375
1577,1774678038.035875,0.12089773453772068,264.6865147834168,94.0,489.2744140625,0.9,17845.23828125
1578,1774678038.1579943,0.12077061273157597,264.9651208702816,96.0,489.2744140625,0.9,17846.71484375
1579,1774678038.2801657,0.12076309137046337,264.9816234153365,97.0,489.2744140625,0.9,17847.67578125
1580,1774678038.4024155,0.12081097066402435,264.87660701768624,97.0,489.2744140625,0.9,17848.63671875
1581,1774678038.5247097,0.12094807252287865,264.5763535747695,95.0,489.2744140625,1.1,17850.546875
1582,1774678038.6475246,0.12111559696495533,264.21039735500926,95.0,489.2744140625,0.9,17849.0390625
1583,1774678038.7702737,0.12111035734415054,264.22182794051145,95.0,489.2744140625,1.0,17847.77734375
1584,1774678038.8932512,0.12108717858791351,264.27240582508813,97.0,489.2744140625,0.9,17849.22265625
1585,1774678039.0155668,0.12088190205395222,264.721182048556,97.0,489.2744140625,1.0,17847.71484375
1586,1774678039.1377833,0.12077625095844269,264.95275143960816,95.0,489.2744140625,1.0,17846.671875
1587,1774678039.2599497,0.12073409371078014,265.0452661421086,95.0,489.2744140625,0.9,17848.1484375
1588,1774678039.3823256,0.12084896489977837,264.79333130025583,96.0,489.2744140625,0.9,17843.9453125
1589,1774678039.5048332,0.12098430283367634,264.497122771308,97.0,489.2744140625,0.9,17844.21484375
1590,1774678039.6276996,0.12112003564834595,264.20071484215254,97.0,489.2744140625,0.9,17845.4453125
1591,1774678039.750596,0.12107157707214355,264.3064604744679,95.0,489.2744140625,1.0,17846.67578125
1592,1774678039.8729773,0.12089496292173862,264.69258293842404,97.0,489.2744140625,1.0,17848.12890625
1593,1774678039.9953015,0.12089674361050129,264.68868427999934,97.0,489.2744140625,0.9,17849.3359375
1594,1774678040.1174984,0.12077663280069828,264.95191377627964,95.0,489.2744140625,0.9,17850.2734375
1595,1774678040.2397358,0.12081234343349934,264.87359727124465,95.0,489.2744140625,1.0,17848.796875
1596,1774678040.3620217,0.1208797711879015,264.7258485479561,96.0,489.2744140625,0.9,17850.28515625
1597,1774678040.4846036,0.12101764604449272,264.42424758646393,97.0,489.2744140625,1.0,17849.0546875
1598,1774678040.6074102,0.12112426944077015,264.1914799382796,97.0,489.2744140625,0.9,17847.140625
1599,1774678040.7304008,0.12112635932862759,264.18692163594955,95.0,489.2744140625,1.0,17848.60546875
1600,1774678040.8527565,0.12097652442753315,264.5141290959182,95.0,489.2744140625,1.0,17849.8125
1601,1774678040.9750745,0.120893694460392,264.69536019088287,96.0,489.2744140625,0.9,17850.8359375
1602,1774678041.0973132,0.12081406451761723,264.8698239544265,97.0,489.2744140625,0.9,17852.04296875
1603,1774678041.2194936,0.12076775915920734,264.97138162358885,97.0,489.2744140625,1.0,17850.62109375
1604,1774678041.3416834,0.12084786407649517,264.79574334672895,95.0,489.2744140625,0.9,17848.95703125
1605,1774678041.464096,0.12096014246344566,264.5499529704212,97.0,489.2744140625,1.0,17850.1484375
1606,1774678041.5901742,0.1211012676358223,264.241660097489,97.0,489.2744140625,1.0,17848.7265625
1607,1774678041.7126982,0.12100076489150524,264.4611381481154,94.0,489.2744140625,0.9,17847.25
1608,1774678041.8349626,0.12083295360207558,264.8284184576146,94.0,489.2744140625,0.9,17848.48046875
1609,1774678041.9571583,0.12084707245230675,264.797477925078,96.0,489.2744140625,1.0,17849.93359375
1610,1774678042.079296,0.12080447189509869,264.89085625727,97.0,489.2744140625,0.9,17850.89453125
1611,1774678042.2015767,0.1209211815148592,264.63519128009625,97.0,489.2744140625,0.9,17848.98046875
1612,1774678042.3242166,0.12095695734024048,264.5569192848248,95.0,489.2744140625,0.9,17850.6796875
1613,1774678042.4471114,0.12105918861925602,264.3335079722316,95.0,489.2744140625,0.9,17851.55078125
1614,1774678042.5698452,0.12098384462296963,264.498124520045,95.0,489.2744140625,1.1,17852.57421875
1615,1774678042.6922426,0.12099443562328815,264.47497221798574,97.0,489.2744140625,1.0,17854.02734375
1616,1774678042.8145094,0.1209002137184143,264.6810871197499,97.0,489.2744140625,0.9,17855.22265625
1617,1774678042.9365916,0.12074314057826996,265.02540721355905,95.0,489.2744140625,0.9,17856.20703125
1618,1774678043.0587456,0.12072619050741196,265.06261703035653,95.0,489.2744140625,0.9,17854.953125
1619,1774678043.181127,0.12090478278696537,264.67108465331853,96.0,489.2744140625,0.9,17853.53125
1620,1774678043.303562,0.12090036273002625,264.6807608961179,97.0,489.2744140625,0.9,17851.6171875
1621,1774678043.426521,0.1210763268172741,264.2960919048506,97.0,489.2744140625,1.0,17852.38671875
1622,1774678043.5493717,0.12104121595621109,264.3727572232635,95.0,489.2744140625,1.0,17853.6171875
1623,1774678043.671948,0.12094845250248909,264.57552236430183,97.0,489.2744140625,1.0,17854.6015625
1624,1774678043.7941947,0.12082244269549847,264.8514571142025,97.0,489.2744140625,1.0,17853.37109375
1625,1774678043.9164019,0.12078914232552052,264.9244740372578,95.0,489.2744140625,0.9,17852.38671875
1626,1774678044.0386806,0.12077353335916996,264.9587133038063,95.0,489.2744140625,0.9,17852.93359375
1627,1774678044.1607711,0.12076199986040592,264.98401845771184,96.0,489.2744140625,0.9,17853.91796875
1628,1774678044.2832704,0.12093137577176094,264.6128830982209,97.0,489.2744140625,1.0,17852.93359375
1629,1774678044.4060786,0.12106712535023689,264.31617920576474,97.0,489.2744140625,1.0,17853.26953125
1630,1774678044.5291808,0.12113060802221298,264.17765519786565,95.0,489.2744140625,0.9,17854.375
1631,1774678044.651705,0.12093941308557987,264.59529762523294,95.0,489.2744140625,0.9,17848.46875
1632,1774678044.7739496,0.1208307221531868,264.8333091929305,96.0,489.2744140625,1.1,17848.69140625
1633,1774678044.8961465,0.12078415229916573,264.9354190170611,97.0,489.2744140625,1.0,17851.58984375
1634,1774678045.0182817,0.12077849172055721,264.9478358616844,97.0,489.2744140625,1.0,17852.05078125
1635,1774678045.1403084,0.12068546190857887,265.152069635699,95.0,489.2744140625,0.9,17849.9140625
1636,1774678045.262632,0.12090099416673183,264.67937853240085,97.0,489.2744140625,1.0,17851.14453125
1637,1774678045.3890693,0.12109824828803539,264.2482484460647,97.0,489.2744140625,0.9,17851.96875
1638,1774678045.5114443,0.12095063365995884,264.570751154268,94.0,489.2744140625,0.9,17853.17578125
1639,1774678045.6337018,0.1209032442420721,264.674452704757,94.0,489.2744140625,0.9,17854.40625
1640,1774678045.7558558,0.12073814868927002,265.03636462370105,96.0,489.2744140625,0.9,17852.9296875
1641,1774678045.8779335,0.12072437256574631,265.06660850585786,97.0,489.2744140625,0.9,17854.3828125
1642,1774678046.0000198,0.12074132822453976,265.0293853028548,97.0,489.2744140625,0.9,17855.58984375
1643,1774678046.1224298,0.12097236514091492,264.52322365297834,95.0,489.2744140625,0.9,17856.57421875
1644,1774678046.2452512,0.12104400619864464,264.3666630422409,95.0,489.2744140625,1.0,17855.12109375
1645,1774678046.3679247,0.12103694677352905,264.3820821081588,95.0,489.2744140625,1.0,17852.9375
1646,1774678046.4908216,0.12103240378201008,264.39200577751717,97.0,489.2744140625,0.9,17853.890625
1647,1774678046.6130588,0.12088977359235287,264.70394516500465,97.0,489.2744140625,0.9,17855.0390625
1648,1774678046.735177,0.12070350162684917,265.1124413848981,95.0,489.2744140625,1.0,17856.23828125
1649,1774678046.857231,0.12070174887776375,265.116291168298,95.0,489.2744140625,0.9,17857.68359375
1650,1774678046.9795628,0.12073035910725594,265.0534649000045,96.0,489.2744140625,0.9,17856.17578125
1651,1774678047.1019387,0.12096114456653595,264.54776130526824,97.0,489.2744140625,0.9,17854.26171875
1652,1774678047.2249885,0.12108876928687096,264.2689341749681,97.0,489.2744140625,0.9,17852.83984375
1653,1774678047.3478441,0.12111470848321915,264.21233556809256,95.0,489.2744140625,0.9,17853.82421875
1654,1774678047.4709675,0.12095611356198788,264.5587648085317,97.0,489.2744140625,1.0,17854.83984375
1655,1774678047.5932503,0.12083229422569275,264.82986361435644,97.0,489.2744140625,0.9,17853.140625
1656,1774678047.715455,0.12085095047950745,264.78898074886223,95.0,489.2744140625,1.0,17851.6328125
1657,1774678047.8376365,0.12080701068043709,264.8852895188965,95.0,489.2744140625,0.9,17852.48828125
1658,1774678047.9599557,0.12088916264474392,264.70528292133315,96.0,489.2744140625,0.9,17853.94140625
1659,1774678048.0827494,0.1209767758846283,264.51357928828736,97.0,489.2744140625,1.0,17854.92578125
1660,1774678048.205554,0.12108174711465836,264.28426053100804,97.0,489.2744140625,0.9,17856.37890625
1661,1774678048.3286233,0.1211472675204277,264.1413269565011,95.0,489.2744140625,1.0,17854.7109375
1662,1774678048.4510028,0.12102417647838593,264.4099793210737,95.0,489.2744140625,0.9,17855.625
1663,1774678048.5732527,0.12086898274719715,264.7494772660528,96.0,489.2744140625,1.0,17856.83203125
1664,1774678048.6953726,0.1206985916942358,265.12322596990356,97.0,489.2744140625,0.9,17858.0625
1665,1774678048.8186758,0.12187112122774124,262.57245914888586,97.0,489.2744140625,0.9,17859.046875
1666,1774678048.9415965,0.1214237529784441,263.5398693835533,95.0,489.2744140625,1.0,17857.81640625
1667,1774678049.0646045,0.12107108533382416,264.3075339728537,97.0,489.2744140625,0.8,17858.33984375
1668,1774678049.1876273,0.12112713605165482,264.1852275476369,97.0,489.2744140625,0.9,17857.41015625
1669,1774678049.310209,0.12113158963620663,264.1755143815523,95.0,489.2744140625,0.9,17855.49609375
1670,1774678049.4324696,0.12090525217354298,264.6700571292666,95.0,489.2744140625,1.0,17853.90625
1671,1774678049.5546575,0.12081354483962059,264.8709632887591,96.0,489.2744140625,1.0,17855.10546875
1672,1774678049.6768036,0.12074331007897854,265.0250351681489,97.0,489.2744140625,1.0,17856.3359375
1673,1774678049.7991252,0.12088159658014774,264.72185101214427,97.0,489.2744140625,0.9,17857.54296875
1674,1774678049.9216201,0.120957862585783,264.5549393476235,95.0,489.2744140625,0.9,17858.75
1675,1774678050.0443408,0.12105068750679493,264.35207150891847,95.0,489.2744140625,0.9,17857.51953125
1676,1774678050.167223,0.12112332880496979,264.19353163192636,95.0,489.2744140625,1.0,17858.75
1677,1774678050.2898664,0.12090705521404743,264.66611020629773,97.0,489.2744140625,1.0,17859.98046875
1678,1774678050.4121807,0.12088115140795708,264.7228259102567,97.0,489.2744140625,0.9,17860.75
1679,1774678050.5342398,0.12071347050368786,265.0905476122682,95.0,489.2744140625,1.0,17859.51953125
1680,1774678050.6563907,0.12074329890310764,265.0250596985834,95.0,489.2744140625,1.0,17858.2890625
1681,1774678050.7785728,0.12077425420284271,264.9571318921612,96.0,489.2744140625,0.9,17859.2734375
1682,1774678050.9009223,0.12093612551689148,264.60249047362174,97.0,489.2744140625,1.0,17857.60546875
1683,1774678051.0239518,0.12110065668821335,264.242993185309,97.0,489.2744140625,1.0,17856.375
1684,1774678051.1468031,0.12110462784767151,264.2343283549033,95.0,489.2744140625,0.9,17857.58203125
1685,1774678051.2695806,0.12098913453519344,264.48656007777134,97.0,489.2744140625,0.9,17858.8125
1686,1774678051.3919168,0.12091592513024807,264.64669534248924,97.0,489.2744140625,0.9,17858.71875
1687,1774678051.5141962,0.12085715308785439,264.7753912980088,95.0,489.2744140625,0.9,17857.2421875
1688,1774678051.6364288,0.12075403146445751,265.0015043963051,95.0,489.2744140625,1.0,17855.8203125
1689,1774678051.7587228,0.12085365504026413,264.7830550870699,96.0,489.2744140625,1.0,17854.15234375
1690,1774678051.881436,0.12099584750831127,264.47188609346205,97.0,489.2744140625,0.9,17855.3828125
1691,1774678052.0042708,0.12108557671308517,264.2759019583701,97.0,489.2744140625,1.0,17856.61328125
1692,1774678052.1272368,0.12104157730937004,264.37196797436997,95.0,489.2744140625,1.2,17857.8515625
1693,1774678052.2497158,0.12105108797550201,264.3511969630217,95.0,489.2744140625,1.1,17859.55078125
1694,1774678052.3719902,0.12087267637252808,264.74138705571806,96.0,489.2744140625,1.0,17860.37109375
1695,1774678052.4940274,0.12063374929130077,265.2657335778223,97.0,489.2744140625,1.1,17859.109375
1696,1774678052.6162157,0.12077111192047596,264.964025677523,97.0,489.2744140625,1.1,17857.44140625
1697,1774678052.738389,0.12073339149355888,265.04680771522266,95.0,489.2744140625,0.9,17858.6484375
1698,1774678052.8611467,0.12097436562180519,264.51884939028866,97.0,489.2744140625,0.9,17856.98046875
1699,1774678052.986438,0.12113736756145954,264.16291392302765,97.0,489.2744140625,0.9,17858.1796875
1700,1774678053.1089666,0.12098988518118858,264.48491914905406,95.0,489.2744140625,0.9,17859.3671875
1701,1774678053.2312198,0.12088653445243835,264.7110378748602,95.0,489.2744140625,0.9,17860.78515625
1702,1774678053.3534088,0.12076276913285255,264.9823304796565,96.0,489.2744140625,0.9,17858.5390625
1703,1774678053.4755855,0.12082314305007458,264.8499218956566,97.0,489.2744140625,0.9,17859.04296875
1704,1774678053.5977573,0.12076620198786259,264.97479819077284,97.0,489.2744140625,1.0,17857.3984375
1705,1774678053.720049,0.12093666382133961,264.6013126943354,95.0,489.2744140625,0.9,17855.83203125
1706,1774678053.8430352,0.12104619666934013,264.3618790222204,95.0,489.2744140625,1.0,17857.0390625
1707,1774678053.9657867,0.12111196853220463,264.2183129200063,95.0,489.2744140625,1.0,17858.26953125
1708,1774678054.0886185,0.12087853439152241,264.72855715103924,97.0,489.2744140625,0.9,17856.79296875
1709,1774678054.210853,0.1208617128431797,264.76540210480545,97.0,489.2744140625,1.0,17857.31640625
1710,1774678054.3330626,0.12079378217458725,264.9142979375324,95.0,489.2744140625,1.0,17858.76953125
1711,1774678054.4551861,0.12075481005012989,264.9997957573333,95.0,489.2744140625,0.9,17860.19921875
1712,1774678054.577405,0.12080736272037029,264.8845176272044,96.0,489.2744140625,0.9,17861.4375
1713,1774678054.69979,0.12096113339066505,264.54778574743034,97.0,489.2744140625,1.0,17859.7578125
1714,1774678054.8225636,0.12106306664645672,264.3250405464314,97.0,489.2744140625,0.9,17860.98828125
1715,1774678054.9455543,0.12116835825145245,264.09535015397813,95.0,489.2744140625,1.0,17862.21875
1716,1774678055.0681038,0.12094318680465221,264.58704161389835,97.0,489.2744140625,0.9,17861.02734375
1717,1774678055.1904428,0.12092720344662666,264.62201297926947,97.0,489.2744140625,1.0,17859.796875
1718,1774678055.3126316,0.12078104354441166,264.94223812723953,95.0,489.2744140625,0.9,17861.00390625
1719,1774678055.434842,0.12077437154948711,264.9568744548428,95.0,489.2744140625,0.9,17861.3359375
1720,1774678055.5570323,0.12076248228549957,264.9829598926882,96.0,489.2744140625,1.0,17862.56640625
1721,1774678055.6793256,0.12092862464487553,264.61890304278785,97.0,489.2744140625,0.9,17863.7734375
1722,1774678055.8021195,0.12101438455283642,264.4313741564202,97.0,489.2744140625,1.0,17865.00390625
1723,1774678055.9251778,0.12112236768007278,264.1956280488454,95.0,489.2744140625,1.0,17863.7734375
1724,1774678056.0479567,0.12095408514142036,264.56320150398705,95.0,489.2744140625,0.9,17862.54296875
1725,1774678056.1703382,0.12094304710626602,264.58734723198563,96.0,489.2744140625,1.0,17863.50390625
1726,1774678056.2926,0.12083502113819122,264.8238871361943,97.0,489.2744140625,1.0,17864.95703125
1727,1774678056.4148405,0.12082908302545547,264.836901834788,97.0,489.2744140625,1.0,17865.3359375
1728,1774678056.5370493,0.12076986208558083,264.966767763003,95.0,489.2744140625,1.0,17866.296875
1729,1774678056.6594532,0.12093853577971458,264.59721703830536,97.0,489.2744140625,0.9,17864.62890625
1730,1774678056.7853885,0.12110360898077488,264.2365514068204,97.0,489.2744140625,0.9,17866.328125
1731,1774678056.9078522,0.12101323530077934,264.4338854379337,94.0,489.2744140625,0.9,17867.53515625
1732,1774678057.0302215,0.12095349468290806,264.564493021812,94.0,489.2744140625,1.0,17866.02734375
1733,1774678057.1524642,0.12082567252218723,264.84437729178654,96.0,489.2744140625,1.0,17864.765625
1734,1774678057.2747061,0.12080116011202335,264.8981182823511,97.0,489.2744140625,0.9,17866.1875
1735,1774678057.3969243,0.12079521268606186,264.91116070274836,97.0,489.2744140625,0.9,17863.8359375
1736,1774678057.5196435,0.12096852622926235,264.5316182438468,95.0,489.2744140625,0.9,17865.23046875
1737,1774678057.6425674,0.12111046724021435,264.22158818469575,95.0,489.2744140625,1.0,17866.18359375
1738,1774678057.7653024,0.12101755477488041,264.4244470112383,95.0,489.2744140625,0.9,17867.3359375
1739,1774678057.8877175,0.1208646334707737,264.75900419404263,97.0,489.2744140625,0.9,17868.53515625
1740,1774678058.0099,0.12082688510417938,264.8417193938994,97.0,489.2744140625,0.9,17869.7421875
1741,1774678058.1321478,0.12081105262041092,264.8764273294116,95.0,489.2744140625,1.0,17871.05078125
1742,1774678058.2543375,0.1208348236978054,264.82431985028154,95.0,489.2744140625,1.0,17869.28125
1743,1774678058.3772337,0.12104216776788235,264.37067833554585,95.0,489.2744140625,1.0,17867.58984375
1744,1774678058.5000548,0.12102106399834156,264.4167795487116,97.0,489.2744140625,1.1,17868.57421875
1745,1774678058.622922,0.12110776081681252,264.22749280620565,97.0,489.2744140625,0.9,17866.90625
1746,1774678058.7457254,0.12100688368082047,264.4477655040379,95.0,489.2744140625,1.0,17868.13671875
1747,1774678058.8679943,0.12090424448251724,264.6722630538186,97.0,489.2744140625,0.9,17869.61328125
1748,1774678058.990249,0.12082648277282715,264.8426012711555,97.0,489.2744140625,1.0,17870.00390625
1749,1774678059.112302,0.12070676125586033,265.1052821487777,95.0,489.2744140625,0.9,17871.234375
1750,1774678059.2344666,0.12072156928479671,265.072763629407,95.0,489.2744140625,1.0,17869.7578125
1751,1774678059.3566575,0.12084534205496311,264.8012695884108,96.0,489.2744140625,1.0,17870.6796875
1752,1774678059.4794123,0.12095274589955807,264.566130863813,97.0,489.2744140625,0.9,17869.01171875
1753,1774678059.6022692,0.12104582786560059,264.3626844828571,97.0,489.2744140625,1.0,17867.34375
1754,1774678059.7252321,0.12105929479002953,264.333276147876,95.0,489.2744140625,0.9,17865.3984375
1755,1774678059.8475752,0.12090428359806538,264.67217742574707,95.0,489.2744140625,0.9,17866.8203125
1756,1774678059.9698088,0.12078932113945484,264.92408184871783,96.0,489.2744140625,0.9,17868.2109375
1757,1774678060.0918186,0.12067948095500469,265.16521074474286,97.0,489.2744140625,0.9,17869.1953125
1758,1774678060.2139292,0.1207735724747181,264.9586274902869,97.0,489.2744140625,0.9,17867.97265625
1759,1774678060.3360686,0.12079131975769997,264.9196984037433,95.0,489.2744140625,0.9,17869.42578125
1760,1774678060.4589016,0.12098448723554611,264.4967196306649,97.0,489.2744140625,0.9,17869.9375
1761,1774678060.584423,0.1210749875754118,264.2990153525206,97.0,489.2744140625,0.9,17868.4921875
1762,1774678060.7067032,0.12091707438230515,264.6441800173329,95.0,489.2744140625,0.9,17867.19921875
1763,1774678060.8289657,0.12084119208157063,264.81036349260154,95.0,489.2744140625,0.9,17865.35546875
1764,1774678060.9511762,0.1207777801901102,264.9493967320017,96.0,489.2744140625,1.0,17863.90234375
1765,1774678061.0733528,0.12081134505569935,264.87578617096426,97.0,489.2744140625,0.9,17865.0
1766,1774678061.1956303,0.12086681462824345,264.7542263641523,97.0,489.2744140625,1.0,17866.1484375
1767,1774678061.3180678,0.12098022364079952,264.5060410452761,95.0,489.2744140625,0.9,17865.1328125
1768,1774678061.4409804,0.12107021547853947,264.309432947794,95.0,489.2744140625,1.0,17865.6796875
1769,1774678061.5638835,0.12118354998528957,264.06224280345367,95.0,489.2744140625,1.0,17866.6328125
1770,1774678061.68644,0.1209267433732748,264.62301975025406,97.0,489.2744140625,0.9,17867.80859375
1771,1774678061.808689,0.12084166333079338,264.8093308050786,97.0,489.2744140625,1.0,17869.28515625
1772,1774678061.930946,0.12081834301352501,264.86044421597273,95.0,489.2744140625,0.9,17868.0546875
1773,1774678062.0532184,0.1208525039255619,264.78557713384356,95.0,489.2744140625,0.9,17869.0390625
1774,1774678062.1755517,0.12075218185782433,265.005563524122,96.0,489.2744140625,1.0,17868.0234375
1775,1774678062.2982602,0.12094391137361526,264.58545648608003,97.0,489.2744140625,0.9,17868.85546875
1776,1774678062.4212027,0.12111831828951836,264.2044609924979,97.0,489.2744140625,0.9,17869.30859375
1777,1774678062.5439565,0.12102629616856575,264.4053483668567,95.0,489.2744140625,1.1,17868.078125
1778,1774678062.6664248,0.12099606357514858,264.4714138169077,97.0,489.2744140625,1.0,17866.84765625
1779,1774678062.7885566,0.12079333327710629,264.9152824236608,97.0,489.2744140625,1.0,17865.37109375
1780,1774678062.9108582,0.12087942287325859,264.7266113567718,95.0,489.2744140625,0.9,17866.6015625
1781,1774678063.033114,0.12083672359585762,264.82015605640754,95.0,489.2744140625,0.9,17867.8203125
1782,1774678063.155377,0.12084998190402985,264.79110295119483,96.0,489.2744140625,0.9,17869.296875
1783,1774678063.2780375,0.12095939554274082,264.55158655858895,97.0,489.2744140625,0.9,17870.52734375
1784,1774678063.400794,0.12109297886490822,264.2597473442232,97.0,489.2744140625,0.9,17870.66015625
1785,1774678063.523746,0.12121892906725407,263.98517332425797,95.0,489.2744140625,0.9,17871.62109375
1786,1774678063.6461,0.12092569284141064,264.62531864065284,95.0,489.2744140625,0.9,17873.09765625
1787,1774678063.7683952,0.12088912352919579,264.705368570827,96.0,489.2744140625,0.9,17871.4296875
1788,1774678063.8907254,0.12089077569544315,264.70175094762175,97.0,489.2744140625,0.9,17872.359375
1789,1774678064.0129848,0.12084842287003994,264.79451895216465,97.0,489.2744140625,1.1,17871.125
1790,1774678064.1352038,0.12085826322436333,264.7729592191364,95.0,489.2744140625,0.9,17869.42578125
1791,1774678064.2579439,0.12101899459958076,264.4213010187316,97.0,489.2744140625,0.9,17867.7265625
1792,1774678064.3829713,0.12109758518636227,264.2496954068393,97.0,489.2744140625,0.9,17866.25
1793,1774678064.5054562,0.12103015556931496,264.39691702844533,95.0,489.2744140625,1.0,17867.42578125
1794,1774678064.6278443,0.12094670534133911,264.57934434583166,95.0,489.2744140625,0.9,17868.625
1795,1774678064.7500875,0.12083635292947292,264.8209683941475,96.0,489.2744140625,0.9,17867.1171875
1796,1774678064.8723297,0.12082485295832157,264.84617375068,97.0,489.2744140625,1.0,17865.6953125
1797,1774678064.9945989,0.12091671489179134,264.6449668156869,97.0,489.2744140625,0.9,17866.96484375
1798,1774678065.1174107,0.12102444842457771,264.40938518255143,95.0,489.2744140625,1.0,17865.05078125
1799,1774678065.2402558,0.12111718766391277,264.20692733385266,95.0,489.2744140625,0.9,17866.28125
1800,1774678065.3631053,0.12105969712138176,264.3323976592711,95.0,489.2744140625,0.9,17867.3125
1801,1774678065.4853973,0.12095076404511929,264.5704659464802,97.0,489.2744140625,1.0,17868.296875
1802,1774678065.6076462,0.1208926048129797,264.69774598292304,97.0,489.2744140625,1.0,17866.8515625
1803,1774678065.729941,0.12086823210120201,264.7511214791878,95.0,489.2744140625,0.9,17867.58984375
1804,1774678065.8519838,0.1206932608038187,265.1349361752229,95.0,489.2744140625,0.9,17866.11328125
1805,1774678065.9743369,0.12084455415606499,264.802996076046,96.0,489.2744140625,1.0,17864.84765625
1806,1774678066.097064,0.12097999453544617,264.50654195247347,97.0,489.2744140625,1.0,17866.046875
1807,1774678066.2198915,0.12109028734266758,264.2656211513046,97.0,489.2744140625,0.9,17867.0
1808,1774678066.342672,0.12096789665520191,264.5329949913114,95.0,489.2744140625,1.0,17868.19921875
1809,1774678066.4651334,0.12102767638862133,264.4023330436223,97.0,489.2744140625,0.9,17868.796875
1810,1774678066.5874534,0.12088838405907154,264.7069877645428,97.0,489.2744140625,0.9,17869.78125
1811,1774678066.7096822,0.12082791328430176,264.8394657342602,95.0,489.2744140625,0.9,17870.96484375
1812,1774678066.8318572,0.1208287738263607,264.8375795486116,95.0,489.2744140625,1.0,17869.63671875
1813,1774678066.954169,0.12088681198656559,264.7104301464764,96.0,489.2744140625,0.9,17867.96875
1814,1774678067.0769563,0.12101007625460625,264.44078865524983,97.0,489.2744140625,1.0,17868.953125
1815,1774678067.199903,0.12113424763083458,264.16971769637206,97.0,489.2744140625,0.9,17870.4375
1816,1774678067.3228917,0.12107476592063904,264.2994992117107,95.0,489.2744140625,1.0,17871.67578125
1817,1774678067.445294,0.12097502499818802,264.5174076259071,95.0,489.2744140625,0.9,17872.63671875
1818,1774678067.567522,0.12082079239189625,264.85507474743497,96.0,489.2744140625,0.9,17874.21484375
1819,1774678067.6904397,0.1215613093227148,263.24165294277987,97.0,489.2744140625,0.9,17872.546875
1820,1774678067.8128393,0.12087400257587433,264.7384823706251,97.0,489.2744140625,0.9,17873.5078125
1821,1774678067.935095,0.12089501321315765,264.69247282829417,95.0,489.2744140625,0.9,17872.0859375
1822,1774678068.057968,0.12103874422609806,264.3781559747895,97.0,489.2744140625,1.0,17873.38671875
1823,1774678068.181917,0.12112808786332607,264.1831516081303,97.0,489.2744140625,1.0,17873.87890625
1824,1774678068.3044755,0.12105223536491394,264.3486913193753,95.0,489.2744140625,0.9,17872.89453125
1825,1774678068.4267843,0.12094062380492687,264.59264879942174,95.0,489.2744140625,0.9,17869.7265625
1826,1774678068.5490007,0.12080283276736736,264.8944504606369,96.0,489.2744140625,0.9,17870.7109375
1827,1774678068.6711621,0.12080354243516922,264.8928943219791,97.0,489.2744140625,0.9,17872.1640625
1828,1774678068.7934623,0.12087923102080822,264.7270315153767,97.0,489.2744140625,1.0,17873.37109375
1829,1774678068.9161828,0.1209792960435152,264.50806912027224,95.0,489.2744140625,1.0,17874.35546875
1830,1774678069.0389898,0.12106075510382652,264.3300875874723,95.0,489.2744140625,0.9,17872.96484375
1831,1774678069.1619093,0.12117893062531948,264.07230889784586,95.0,489.2744140625,0.9,17874.1953125
1832,1774678069.2842023,0.12087194249033928,264.74299445098774,97.0,489.2744140625,0.9,17872.2578125
1833,1774678069.4065099,0.12088590487837791,264.71241649053195,97.0,489.2744140625,1.0,17870.54296875
1834,1774678069.5286798,0.12082306109368801,264.85010154797124,95.0,489.2744140625,1.0,17871.99609375
1835,1774678069.6508777,0.12076433934271336,264.97888510935496,95.0,489.2744140625,0.9,17870.328125
1836,1774678069.7732291,0.12082700245082378,264.841462180806,96.0,489.2744140625,1.0,17868.16796875
1837,1774678069.896,0.12098937667906284,264.4860307437024,97.0,489.2744140625,0.9,17869.64453125
1838,1774678070.0188286,0.12109558843076229,264.25405264285365,97.0,489.2744140625,0.9,17870.8515625
1839,1774678070.1418235,0.1211758591234684,264.07900246363914,95.0,489.2744140625,1.0,17868.9375
1840,1774678070.264175,0.12101316452026367,264.4340401051292,97.0,489.2744140625,0.9,17867.953125
1841,1774678070.3864717,0.12084763310849667,264.79624943312285,97.0,489.2744140625,0.9,17868.69921875
1842,1774678070.508676,0.12080013193190098,264.90037294031646,95.0,489.2744140625,0.9,17869.66015625
1843,1774678070.6308534,0.12081368081271648,264.87066518241346,95.0,489.2744140625,0.9,17871.11328125
1844,1774678070.7532115,0.12095525488257408,264.56064295070337,96.0,489.2744140625,1.0,17872.34375
1845,1774678070.8760428,0.12102439627051353,264.40949912671863,97.0,489.2744140625,0.9,17873.328125
1846,1774678070.9989545,0.121061896905303,264.3275945447231,97.0,489.2744140625,0.9,17874.8046875
1847,1774678071.1219265,0.12109118886291981,264.2636537017182,95.0,489.2744140625,1.0,17873.57421875
1848,1774678071.244136,0.12085033394396305,264.790331608335,95.0,489.2744140625,0.9,17872.09765625
1849,1774678071.3663516,0.12079882994294167,264.9032280785744,96.0,489.2744140625,0.9,17869.73046875
1850,1774678071.4884253,0.12065220065414906,265.2251664412519,97.0,489.2744140625,1.0,17870.9375
1851,1774678071.6106815,0.12083010375499725,264.83466458727224,97.0,489.2744140625,0.9,17871.67578125
1852,1774678071.7330415,0.12092075683176517,264.6361206994512,95.0,489.2744140625,1.0,17872.3828125
1853,1774678071.8559852,0.12102196551859379,264.4148098477506,97.0,489.2744140625,1.0,17870.9296875
1854,1774678071.9807186,0.1211412101984024,264.1545345930679,97.0,489.2744140625,1.0,17872.34765625
1855,1774678072.1035116,0.12097322382032871,264.52134604205384,94.0,489.2744140625,1.0,17873.33203125
1856,1774678072.2258384,0.12089980393648148,264.68198423888435,94.0,489.2744140625,0.9,17872.1015625
1857,1774678072.348149,0.12089288234710693,264.6971383155692,96.0,489.2744140625,1.0,17872.52734375
1858,1774678072.4702418,0.12076061218976974,264.98706341197965,97.0,489.2744140625,0.9,17870.58203125
1859,1774678072.5925353,0.1208744440227747,264.73751551627146,97.0,489.2744140625,1.1,17871.7578125
1860,1774678072.7152948,0.12104804813861847,264.3578355212727,95.0,489.2744140625,0.9,17872.95703125
1861,1774678072.8381255,0.12108641862869263,264.27406444422894,95.0,489.2744140625,0.9,17871.23046875
1862,1774678072.9611163,0.12115406058728695,264.1265166423803,95.0,489.2744140625,1.0,17870.0234375
1863,1774678073.0834734,0.12094272300601006,264.58805626866706,97.0,489.2744140625,0.9,17871.23046875
1864,1774678073.2057748,0.12088525108993053,264.7138481450822,97.0,489.2744140625,1.0,17872.21484375
1865,1774678073.327925,0.12073186971247196,265.05014853335206,95.0,489.2744140625,0.9,17873.4453125
1866,1774678073.449984,0.1207150723785162,265.08702989184536,95.0,489.2744140625,0.9,17871.3828125
1867,1774678073.5723565,0.12095008604228497,264.57194903369134,96.0,489.2744140625,0.9,17872.3671875
1868,1774678073.6951761,0.12100840546190739,264.44443985400153,97.0,489.2744140625,0.9,17873.57421875
1869,1774678073.81795,0.12111859954893589,264.20384746168526,97.0,489.2744140625,1.0,17871.90625
1870,1774678073.940698,0.12097100540995598,264.52619693087536,95.0,489.2744140625,0.9,17872.8671875
1871,1774678074.0630848,0.12096023373305798,264.5497533562927,97.0,489.2744140625,1.0,17874.59765625
1872,1774678074.1854072,0.12089532427489758,264.691791778786,97.0,489.2744140625,0.9,17875.8046875
1873,1774678074.3075268,0.12071089074015617,265.09621297454936,95.0,489.2744140625,1.0,17873.890625
1874,1774678074.4296772,0.12072161212563515,265.07266956224504,95.0,489.2744140625,1.0,17874.66796875
1875,1774678074.552086,0.12095873430371284,264.5530327694389,96.0,489.2744140625,1.0,17875.65234375
1876,1774678074.6747665,0.12097299471497536,264.52184700722046,97.0,489.2744140625,0.9,17870.5390625
1877,1774678074.7977033,0.12118853069841862,264.05139014048274,97.0,489.2744140625,1.0,17869.5546875
1878,1774678074.920805,0.12118970043957233,264.04884147688654,95.0,489.2744140625,0.9,17870.76171875
1879,1774678075.0431561,0.12091653421521187,264.6453622549682,95.0,489.2744140625,0.9,17871.74609375
1880,1774678075.1654043,0.12080133333802223,264.8977384252761,96.0,489.2744140625,1.0,17870.26953125
1881,1774678075.287546,0.12079278193414211,264.91649159505937,97.0,489.2744140625,0.9,17869.83203125
1882,1774678075.4098122,0.12079533003270626,264.91090335475513,97.0,489.2744140625,0.9,17870.38671875
1883,1774678075.531994,0.12084814347326756,264.79513114803143,95.0,489.2744140625,0.9,17871.83984375
1884,1774678075.6548696,0.12103884480893612,264.3779362775072,97.0,489.2744140625,0.9,17870.38671875
1885,1774678075.7795384,0.12112053856253624,264.1996178334193,97.0,489.2744140625,0.9,17872.078125
1886,1774678075.9019527,0.1209882739931345,264.48844126676147,95.0,489.2744140625,1.0,17873.0078125
1887,1774678076.0243313,0.12095793336629868,264.554784538968,95.0,489.2744140625,0.9,17874.30859375
1888,1774678076.1465094,0.12082313373684883,264.8499423106801,96.0,489.2744140625,0.9,17875.76171875
1889,1774678076.2686698,0.1208097729831934,264.8792329446039,97.0,489.2744140625,1.0,17873.84765625
1890,1774678076.3910055,0.12090740352869034,264.6653477461094,97.0,489.2744140625,0.9,17875.27734375
1891,1774678076.513761,0.12105082534253597,264.3517705017707,95.0,489.2744140625,1.0,17876.5078125
1892,1774678076.636557,0.1210652869194746,264.3201929656722,95.0,489.2744140625,1.0,17877.19921875
1893,1774678076.759468,0.12112914957106113,264.1808360193845,95.0,489.2744140625,0.9,17878.14453125
1894,1774678076.8817375,0.12084270268678665,264.8070532065234,97.0,489.2744140625,1.0,17876.4765625
1895,1774678077.0039935,0.12090993672609329,264.65980271325503,97.0,489.2744140625,0.9,17877.68359375
1896,1774678077.1265707,0.12117531895637512,264.080179657051,95.0,489.2744140625,0.9,17878.64453125
1897,1774678077.248876,0.12076224945485592,264.9834707820877,95.0,489.2744140625,1.0,17877.4140625
1898,1774678077.3711443,0.12090560607612133,264.66928241402655,96.0,489.2744140625,0.9,17878.1953125
1899,1774678077.493968,0.121000986546278,264.4606536969126,97.0,489.2744140625,0.9,17876.2578125
1900,1774678077.6170053,0.12116364762187004,264.105617716844,97.0,489.2744140625,1.0,17877.8203125
1901,1774678077.7399871,0.12112493813037872,264.19002142692733,95.0,489.2744140625,0.9,17878.99609375
1902,1774678077.8623335,0.1209310945123434,264.613498530221,97.0,489.2744140625,0.9,17877.48828125
1903,1774678077.984748,0.12098897621035576,264.486906181962,97.0,489.2744140625,0.9,17875.98046875
1904,1774678078.1069102,0.12074220180511475,265.02746779166694,95.0,489.2744140625,1.0,17877.1875
1905,1774678078.229091,0.12077799253165722,264.94893092061,95.0,489.2744140625,0.9,17877.92578125
1906,1774678078.351407,0.12086454406380653,264.7592000438659,96.0,489.2744140625,0.9,17876.94140625
1907,1774678078.4743483,0.12105905450880527,264.3338008035778,97.0,489.2744140625,0.9,17874.71484375
1908,1774678078.597328,0.12108909897506237,264.26821465233814,97.0,489.2744140625,0.9,17872.76953125
1909,1774678078.7202072,0.12113706767559052,264.1635678824352,95.0,489.2744140625,0.9,17871.0703125
1910,1774678078.8425584,0.12091616354882717,264.64617352069786,95.0,489.2744140625,0.9,17872.5546875
1911,1774678078.9648433,0.12085611373186111,264.77766835194774,96.0,489.2744140625,1.0,17873.5390625
1912,1774678079.0869982,0.12071272917091846,265.09217561215814,97.0,489.2744140625,0.9,17874.72265625
1913,1774678079.20913,0.12078250013291836,264.93904303011396,97.0,489.2744140625,0.9,17875.60546875
1914,1774678079.3314402,0.12090155482292175,264.67815113601097,95.0,489.2744140625,0.9,17873.69140625
1915,1774678079.4544706,0.12105606496334076,264.3403286707735,97.0,489.2744140625,0.9,17874.4609375
1916,1774678079.5783691,0.12114268727600574,264.1513137899337,97.0,489.2744140625,0.9,17875.9140625
1917,1774678079.7008712,0.12111772783100605,264.20574901016283,95.0,489.2744140625,1.0,17877.53515625
1918,1774678079.8242831,0.12080726213753223,264.8847381672288,95.0,489.2744140625,0.5,17877.61328125
1919,1774678079.9462278,0.12062708660960197,265.280385188817,95.0,489.2744140625,0.6,17877.61328125
1920,1774678080.260598,0.1226868461817503,260.82665742825174,55.0,489.2744140625,1.2,17858.36328125
1921,1774678080.3843918,0.12196977995336056,262.3600699471322,55.0,489.2744140625,1.5,17891.203125
1922,1774678080.5078,0.12197551317512989,262.3477382223026,94.0,489.2744140625,1.3,17873.046875
1923,1774678080.631511,0.12196210213005543,262.3765861781925,94.0,489.2744140625,1.0,17873.8359375
1924,1774678080.7558384,0.1224323995411396,261.3687236379566,94.0,489.2744140625,1.0,17875.01171875
1925,1774678080.879001,0.12138469144701958,263.62467637829724,96.0,489.2744140625,1.1,17873.97265625
1926,1774678081.0017679,0.12134905345737934,263.7020981069223,96.0,489.2744140625,1.0,17872.46484375
1927,1774678081.1242788,0.12107548490166664,264.2979297253222,95.0,489.2744140625,1.1,17873.19921875
1928,1774678081.2467136,0.12102232500910759,264.41402441732816,95.0,489.2744140625,1.0,17874.375
1929,1774678081.3694289,0.1211445964872837,264.14715082532774,95.0,489.2744140625,1.1,17874.80859375
1930,1774678081.4922237,0.12134003080427647,263.72170657856964,97.0,489.2744140625,0.9,17873.79296875
1931,1774678081.615365,0.1213997844606638,263.59190127202163,97.0,489.2744140625,1.0,17874.30859375
1932,1774678081.738674,0.12157655693590641,263.2086382975131,95.0,489.2744140625,1.0,17875.26171875
1933,1774678081.8613966,0.12126635015010834,263.8819421907984,97.0,489.2744140625,1.0,17874.24609375
1934,1774678081.9838774,0.12114070914685726,264.1556271658178,97.0,489.2744140625,1.0,17874.51953125
1935,1774678082.1063557,0.12106714770197868,264.3161304070022,95.0,489.2744140625,1.0,17876.2421875
1936,1774678082.2287953,0.12102030403912067,264.41843998058187,95.0,489.2744140625,1.1,17875.75
1937,1774678082.3514414,0.12129467912018299,263.820311262733,96.0,489.2744140625,1.0,17876.734375
1938,1774678082.4745696,0.12138913199305534,263.6150327018626,97.0,489.2744140625,1.1,17878.37890625
1939,1774678082.5976994,0.12150190398097038,263.37035841851366,97.0,489.2744140625,1.2,17879.76953125
1940,1774678082.7203524,0.12126851081848145,263.87724054679467,95.0,489.2744140625,1.0,17880.73046875
1941,1774678082.8429089,0.12113742902874947,264.16277988205826,95.0,489.2744140625,1.0,17882.1484375
1942,1774678082.9654858,0.12105926685035229,264.33333715424595,95.0,489.2744140625,1.0,17883.6328125
1943,1774678083.0880208,0.12103907577693462,264.37743178883363,97.0,489.2744140625,1.0,17882.125
1944,1774678083.2106326,0.12119470909237862,264.03792904530627,97.0,489.2744140625,1.0,17879.6640625
1945,1774678083.333792,0.12134493142366409,263.7110559507022,95.0,489.2744140625,1.0,17880.625
1946,1774678083.4568493,0.12133339047431946,263.7361395317877,97.0,489.2744140625,1.0,17880.51953125
1947,1774678083.5798125,0.12132159993052483,263.7617705200467,97.0,489.2744140625,1.1,17880.6640625
1948,1774678083.7024052,0.12117484025657177,264.081222902743,95.0,489.2744140625,1.1,17881.546875
1949,1774678083.8248897,0.12114053778350353,264.1560008358956,95.0,489.2744140625,1.1,17882.77734375
1950,1774678083.947255,0.12092319317162037,264.6307888560631,95.0,489.2744140625,1.1,17883.515625
1951,1774678084.0697412,0.1211713794618845,264.0887653677812,97.0,489.2744140625,1.0,17884.74609375
1952,1774678084.1927125,0.12127821147441864,263.8561338509663,97.0,489.2744140625,1.0,17883.73828125
1953,1774678084.3159833,0.12153209373354912,263.30493466324896,95.0,489.2744140625,1.0,17884.28515625
1954,1774678084.4391947,0.12147469259798527,263.4293556593099,95.0,489.2744140625,1.1,17885.42578125
1955,1774678084.5617485,0.12119656056165695,264.03389544805174,95.0,489.2744140625,1.1,17884.26171875
1956,1774678084.6841712,0.12109768763184547,264.2494718584936,97.0,489.2744140625,1.0,17885.30859375
1957,1774678084.8066816,0.12108350545167923,264.2804226771435,97.0,489.2744140625,1.0,17886.78515625
1958,1774678084.9291961,0.12111121788620949,264.219950542201,95.0,489.2744140625,1.1,17885.53125
1959,1774678085.052214,0.12123207747936249,263.9565424047724,97.0,489.2744140625,1.0,17883.86328125
1960,1774678085.1771889,0.12155385501682758,263.2577962712084,97.0,489.2744140625,1.0,17882.6328125
1961,1774678085.299952,0.1214197538793087,263.54854937202407,94.0,489.2744140625,1.0,17884.109375
1962,1774678085.422633,0.12123755924403667,263.94460759134745,94.0,489.2744140625,1.0,17884.23046875
1963,1774678085.5450373,0.12100033462047577,264.46207855845824,95.0,489.2744140625,1.1,17885.19140625
1964,1774678085.6677725,0.12109763734042645,264.24958160036147,97.0,489.2744140625,1.0,17883.46875
1965,1774678085.7905712,0.12138381227850914,263.62658578046296,97.0,489.2744140625,1.1,17884.67578125
1966,1774678085.9139142,0.12152614444494247,263.31782470477066,95.0,489.2744140625,1.1,17883.19921875
1967,1774678086.0370507,0.12142110243439674,263.54562228826285,95.0,489.2744140625,1.0,17883.83984375
1968,1774678086.1596928,0.12120692990720272,264.01130714637793,95.0,489.2744140625,1.1,17884.96875
1969,1774678086.2823057,0.12122309021651745,263.9761116701824,97.0,489.2744140625,1.0,17883.46875
1970,1774678086.4045794,0.12093702331185341,264.6005261555299,97.0,489.2744140625,1.0,17884.21484375
1971,1774678086.526994,0.12100331485271454,264.4555650310114,95.0,489.2744140625,1.0,17885.66796875
1972,1774678086.649622,0.12119611166417599,264.0348734014607,97.0,489.2744140625,1.0,17884.16796875
1973,1774678086.776621,0.12144763208925724,263.488052006496,97.0,489.2744140625,1.0,17885.3984375
1974,1774678086.8993087,0.12133568152785301,263.7311596807926,94.0,489.2744140625,1.0,17887.12109375
1975,1774678087.021969,0.12125014141201973,263.9172179705828,94.0,489.2744140625,1.1,17885.28515625
1976,1774678087.1444027,0.12102491408586502,264.4083678282686,95.0,489.2744140625,0.9,17886.16796875
1977,1774678087.2680492,0.12169200740754604,262.95892952798556,96.0,489.2744140625,1.0,17887.375
1978,1774678087.3911395,0.1212692316621542,263.87567201835077,96.0,489.2744140625,1.0,17888.04296875
1979,1774678087.514377,0.12148857675492764,263.3992499932885,95.0,489.2744140625,1.1,17889.02734375
1980,1774678087.6376035,0.12140783481299877,263.57442292986065,95.0,489.2744140625,1.0,17888.01953125
1981,1774678087.7602286,0.12120433896780014,264.0169508164333,95.0,489.2744140625,1.0,17886.62109375
1982,1774678087.882823,0.12113719992339611,264.16327948999924,97.0,489.2744140625,1.0,17884.890625
1983,1774678088.0053027,0.12114393897354603,264.14858449491044,97.0,489.2744140625,1.0,17885.60546875
1984,1774678088.1278582,0.12112581543624401,264.18810791695824,95.0,489.2744140625,1.0,17884.18359375
1985,1774678088.25091,0.12122415006160736,263.9738037654813,97.0,489.2744140625,1.1,17885.16796875
1986,1774678088.3760014,0.12144878506660461,263.485550575501,97.0,489.2744140625,1.0,17885.5703125
1987,1774678088.4986708,0.12124209851026535,263.93472558783384,94.0,489.2744140625,1.0,17884.5625
1988,1774678088.6212623,0.12116325087845325,264.1064825183775,94.0,489.2744140625,0.9,17882.83984375
1989,1774678088.7437491,0.1210195254534483,264.4201411309385,95.0,489.2744140625,0.9,17881.51171875
1990,1774678088.866366,0.12094410322606564,264.5850367767531,97.0,489.2744140625,1.0,17882.7421875
1991,1774678088.9889336,0.12120449915528297,264.0166018837528,97.0,489.2744140625,1.1,17883.1328125
1992,1774678089.1120772,0.12137339077889919,263.6492215850924,95.0,489.2744140625,1.0,17884.5859375
1993,1774678089.2351887,0.12137355282902718,263.6488695776813,95.0,489.2744140625,0.9,17885.5703125
1994,1774678089.3581922,0.12121444009244442,263.9949495752745,95.0,489.2744140625,1.1,17884.31640625
1995,1774678089.4807107,0.12108077481389046,264.2863827819587,97.0,489.2744140625,1.0,17884.6796875
1996,1774678089.6031337,0.12104811705648899,264.3576850110498,97.0,489.2744140625,0.9,17885.88671875
1997,1774678089.7256312,0.12103604525327682,264.38405132155174,95.0,489.2744140625,1.0,17884.21875
1998,1774678089.84822,0.12115367874503136,264.1273490947327,97.0,489.2744140625,1.1,17885.44921875
1999,1774678089.9756377,0.1214413121342659,263.50176424823786,97.0,489.2744140625,0.9,17885.81640625
2000,1774678090.0983357,0.12131386063992977,263.7785973606002,94.0,489.2744140625,1.1,17886.80078125
2001,1774678090.2207355,0.12102430313825607,264.40970259869005,94.0,489.2744140625,0.9,17888.0703125
2002,1774678090.3430321,0.12093103304505348,264.6136330289863,96.0,489.2744140625,1.0,17887.33203125
2003,1774678090.4655492,0.12102078832685947,264.4173818598229,97.0,489.2744140625,0.9,17885.39453125
2004,1774678090.5880888,0.1211746484041214,264.0816410151978,97.0,489.2744140625,1.0,17883.48046875
2005,1774678090.7111664,0.12125713005661964,263.902007123688,95.0,489.2744140625,1.0,17884.93359375
2006,1774678090.834455,0.12149940431118011,263.375776872475,95.0,489.2744140625,0.9,17886.1640625
2007,1774678090.9577572,0.121341772377491,263.7179214792484,95.0,489.2744140625,1.0,17886.65625
2008,1774678091.0803087,0.12112090922892094,264.1988093031845,97.0,489.2744140625,1.0,17888.1328125
2009,1774678091.2027028,0.12100441567599773,264.4531591779545,97.0,489.2744140625,1.0,17886.90234375
2010,1774678091.3251169,0.12094957754015923,264.57306136001137,95.0,489.2744140625,1.1,17883.51171875
2011,1774678091.4477174,0.12117775715887547,264.07486613277536,97.0,489.2744140625,0.9,17884.1328125
2012,1774678091.5753152,0.1214796844869852,263.41853072089873,97.0,489.2744140625,1.0,17883.125
2013,1774678091.697904,0.12117001041769981,264.0917491852062,93.0,489.2744140625,0.9,17879.1875
2014,1774678091.8204353,0.12115790881216526,264.1181274398732,93.0,489.2744140625,1.0,17877.7109375
2015,1774678091.9429195,0.1210158970206976,264.4280692686761,96.0,489.2744140625,1.0,17878.91796875
2016,1774678092.0657537,0.12114851549267769,264.13860599005113,97.0,489.2744140625,1.0,17880.125
2017,1774678092.1884234,0.12124582007527351,263.9266242756519,97.0,489.2744140625,1.0,17881.54296875
2018,1774678092.311645,0.12143008410930634,263.52612892201347,95.0,489.2744140625,1.0,17880.28125
2019,1774678092.4348419,0.12144800089299679,263.48725186669793,95.0,489.2744140625,0.9,17879.32421875
2020,1774678092.557702,0.12143904343247414,263.50668693955515,95.0,489.2744140625,1.2,17880.30859375
2021,1774678092.6803813,0.1212078183889389,264.00937188157684,97.0,489.2744140625,1.0,17880.921875
2022,1774678092.8027687,0.12099295668303967,264.4782049903045,97.0,489.2744140625,1.0,17882.16015625
2023,1774678092.9253588,0.12116276659071445,264.10753815233846,95.0,489.2744140625,1.0,17882.55078125
2024,1774678093.0479774,0.12117328122258186,264.08462061219217,97.0,489.2744140625,1.0,17881.56640625
2025,1774678093.1746376,0.1214598249644041,263.4616014750404,97.0,489.2744140625,1.0,17882.7734375
2026,1774678093.2972696,0.1211980190128088,264.0307181639502,94.0,489.2744140625,0.9,17883.7578125
2027,1774678093.419741,0.12108495645225048,264.2772557185426,94.0,489.2744140625,1.0,17882.1953125
2028,1774678093.5421689,0.12097863666713238,264.50951078285544,96.0,489.2744140625,1.0,17880.4296875
2029,1774678093.6646922,0.12093264609575272,264.61010350061196,97.0,489.2744140625,0.9,17881.390625
2030,1774678093.7872348,0.12108481675386429,264.27756062139605,97.0,489.2744140625,1.0,17882.59765625
2031,1774678093.9105036,0.12130565010011196,263.7964511429667,95.0,489.2744140625,1.0,17881.61328125
2032,1774678094.0336118,0.12135269306600094,263.6941891565269,95.0,489.2744140625,1.0,17882.59765625
2033,1774678094.1566467,0.12141355313360691,263.5620091340733,95.0,489.2744140625,1.0,17883.828125
2034,1774678094.2791502,0.1210522260516882,264.3487116572007,97.0,489.2744140625,0.9,17885.03515625
2035,1774678094.401578,0.12106342799961567,264.324251582415,97.0,489.2744140625,0.9,17885.7578125
2036,1774678094.5239077,0.12089146301150322,264.7002460128644,95.0,489.2744140625,1.0,17886.71875
2037,1774678094.6464863,0.12115035019814968,264.13460586504135,97.0,489.2744140625,1.0,17887.94921875
2038,1774678094.774057,0.12147428467869759,263.43024027382233,97.0,489.2744140625,1.0,17886.96484375
2039,1774678094.8966296,0.12120714038610458,264.01084868485634,94.0,489.2744140625,1.0,17885.11328125
2040,1774678095.0191858,0.12110219895839691,264.2396279773019,94.0,489.2744140625,1.0,17883.8828125
2041,1774678095.1416838,0.12105329893529415,264.3463687602992,95.0,489.2744140625,0.9,17885.359375
2042,1774678095.2642252,0.12099137529730797,264.4816617826477,97.0,489.2744140625,1.1,17883.4453125
2043,1774678095.3868017,0.12112720869481564,264.1850691088338,97.0,489.2744140625,1.0,17883.6328125
2044,1774678095.5100732,0.121358472853899,263.6816305238461,95.0,489.2744140625,1.0,17882.43359375
2045,1774678095.6330538,0.12130210176110268,263.80416773834725,95.0,489.2744140625,0.9,17880.51953125
2046,1774678095.7561188,0.12138531170785427,263.6233292955282,95.0,489.2744140625,1.1,17881.50390625
2047,1774678095.878687,0.12112627550959587,264.1871044525339,97.0,489.2744140625,1.1,17883.203125
2048,1774678096.0010567,0.12090812437236309,264.6637698344321,97.0,489.2744140625,0.9,17883.94140625
2049,1774678096.123384,0.12090053595602512,264.68038166215644,95.0,489.2744140625,1.1,17882.02734375
2050,1774678096.2459786,0.12115865759551525,264.1164951400427,96.0,489.2744140625,1.0,17883.50390625
2051,1774678096.3735986,0.12146167457103729,263.4575895072539,96.0,489.2744140625,1.0,17881.921875
2052,1774678096.4962964,0.12125249952077866,263.912085329971,94.0,489.2744140625,0.9,17882.9453125
2053,1774678096.6189566,0.12117242813110352,264.0864798498329,94.0,489.2744140625,1.0,17883.68359375
2054,1774678096.7413793,0.1209611352533102,264.5477816737363,95.0,489.2744140625,1.0,17885.13671875
2055,1774678096.8640182,0.1210225261747837,264.4135849038948,97.0,489.2744140625,1.0,17883.66015625
2056,1774678096.9866307,0.12117660790681839,264.0773706473708,97.0,489.2744140625,1.0,17881.9921875
2057,1774678097.1098185,0.12134966440498829,263.7007704710602,95.0,489.2744140625,1.0,17880.5703125
2058,1774678097.2328792,0.12132215313613415,263.76056781726567,95.0,489.2744140625,1.0,17878.65625
2059,1774678097.3571262,0.1225582230836153,261.100391266019,95.0,489.2744140625,0.9,17879.88671875
2060,1774678097.4800897,0.12151207402348518,263.3483154424244,96.0,489.2744140625,1.0,17880.28515625
2061,1774678097.60258,0.12101314589381218,264.4340808070528,96.0,489.2744140625,1.0,17881.24609375
2062,1774678097.7250385,0.12102952599525452,264.39829237416575,95.0,489.2744140625,1.0,17882.19140625
2063,1774678097.847973,0.12113344855606556,264.1714603311164,97.0,489.2744140625,0.9,17880.9609375
2064,1774678097.973118,0.12143533304333687,263.5147382399824,97.0,489.2744140625,1.0,17881.9453125
2065,1774678098.0957534,0.12118501029908657,264.05906077842036,94.0,489.2744140625,1.1,17883.421875
2066,1774678098.2183206,0.12112760543823242,264.18420379257,94.0,489.2744140625,0.9,17881.5078125
2067,1774678098.3406668,0.12098426558077335,264.4972042140114,96.0,489.2744140625,1.0,17882.734375
2068,1774678098.4631987,0.12097935564815998,264.5079388012652,97.0,489.2744140625,0.9,17883.80078125
2069,1774678098.5858119,0.1211801115423441,264.0697354765036,97.0,489.2744140625,1.0,17884.4375
2070,1774678098.708719,0.12121739983558655,263.98850365874256,95.0,489.2744140625,1.1,17885.890625
2071,1774678098.831953,0.12140672467648983,263.5768330400955,95.0,489.2744140625,1.0,17887.12109375
2072,1774678098.9550953,0.12132528237998486,263.7537648565083,95.0,489.2744140625,1.0,17885.20703125
2073,1774678099.0777214,0.12119383364915848,264.03983632233417,97.0,489.2744140625,1.0,17883.84765625
2074,1774678099.2001488,0.12106816470623016,264.3139100823693,97.0,489.2744140625,1.0,17882.6171875
2075,1774678099.3225207,0.1209336668252945,264.60787008326184,95.0,489.2744140625,1.0,17883.6015625
2076,1774678099.4450698,0.121095085516572,264.25515010368247,97.0,489.2744140625,0.9,17884.36328125
2077,1774678099.5726295,0.12147575430572033,263.4270532658311,97.0,489.2744140625,1.0,17885.83984375
2078,1774678099.6951904,0.12112086825072765,264.19889868819325,94.0,489.2744140625,1.0,17886.87109375
2079,1774678099.8177295,0.12110072001814842,264.2428549987515,94.0,489.2744140625,1.0,17888.1015625
2080,1774678099.9402604,0.12093325518071651,264.60877078170785,95.0,489.2744140625,1.1,17889.30859375
2081,1774678100.0627778,0.1209435760974884,264.586189961887,97.0,489.2744140625,1.0,17890.29296875
2082,1774678100.185337,0.12112565711140633,264.18845324048675,97.0,489.2744140625,1.0,17891.5234375
2083,1774678100.3085608,0.12134557962417603,263.70964726616666,95.0,489.2744140625,1.0,17893.0
2084,1774678100.431656,0.121302030980587,263.80432166977675,95.0,489.2744140625,1.0,17891.18359375
2085,1774678100.5546777,0.12122809886932373,263.96520524910636,95.0,489.2744140625,1.0,17891.9765625
2086,1774678100.6772444,0.12113646790385246,264.1648758109639,97.0,489.2744140625,1.1,17890.5546875
2087,1774678100.7995837,0.12098324485123158,264.4994357635982,97.0,489.2744140625,0.9,17889.0546875
2088,1774678100.9220219,0.12093212269246578,264.6112487529638,95.0,489.2744140625,1.0,17890.26171875
2089,1774678101.0445237,0.12104696594178677,264.36019896103187,97.0,489.2744140625,1.0,17888.83984375
2090,1774678101.1720753,0.12137050181627274,263.65549718531037,97.0,489.2744140625,0.9,17889.5546875
2091,1774678101.2946992,0.12118660844862461,264.0555784970743,94.0,489.2744140625,1.0,17890.76171875
2092,1774678101.417228,0.12108841724693775,264.26970248311886,94.0,489.2744140625,1.1,17891.5546875
2093,1774678101.5395372,0.12095209583640099,264.5675527878656,96.0,489.2744140625,0.9,17893.0078125
2094,1774678101.661978,0.12098157592117786,264.5030845097331,97.0,489.2744140625,1.0,17891.53125
2095,1774678101.7844825,0.12114636786282063,264.14328852380464,97.0,489.2744140625,1.0,17892.73828125
2096,1774678101.9076111,0.12122878059744835,263.963720844962,95.0,489.2744140625,1.0,17891.75390625
2097,1774678102.0307887,0.12132130935788155,263.76240224711313,95.0,489.2744140625,1.0,17890.27734375
2098,1774678102.1540327,0.12132423184812069,263.7560486684893,95.0,489.2744140625,1.0,17891.5078125
2099,1774678102.2764485,0.12105439603328705,264.3439730284621,97.0,489.2744140625,0.9,17892.984375
2100,1774678102.3988805,0.12105494737625122,264.3427690777537,97.0,489.2744140625,1.1,17892.31640625
2101,1774678102.5213604,0.12103587575256824,264.3844215694948,95.0,489.2744140625,1.2,17891.33203125
2102,1774678102.6439457,0.12111084721982479,264.2207592018387,96.0,489.2744140625,1.0,17891.4765625
2103,1774678102.7716134,0.12137151136994362,263.653304130515,96.0,489.2744140625,0.9,17892.70703125
2104,1774678102.8943462,0.12129928916692734,263.81028462551706,94.0,489.2744140625,1.1,17891.4765625
2105,1774678103.0169241,0.12113244086503983,264.173657952232,94.0,489.2744140625,0.9,17892.24609375
2106,1774678103.1392288,0.12092929519712925,264.6174357324763,96.0,489.2744140625,1.0,17893.453125
2107,1774678103.2619221,0.12102788500487804,264.40187729224743,97.0,489.2744140625,1.0,17894.68359375
2108,1774678103.3846147,0.12116173841059208,264.1097793724172,97.0,489.2744140625,1.0,17893.08203125
2109,1774678103.507763,0.12133846245706081,263.72511528505765,95.0,489.2744140625,1.0,17894.1328125
2110,1774678103.6309671,0.12136966176331043,263.6573220612985,95.0,489.2744140625,1.0,17892.87890625
2111,1774678103.7536829,0.12126096151769161,263.893668658823,95.0,489.2744140625,1.0,17893.671875
2112,1774678103.8761873,0.1211216002702713,264.19730195600994,97.0,489.2744140625,0.9,17894.90234375
2113,1774678103.9988854,0.12103616632521152,264.38378685937016,97.0,489.2744140625,1.0,17896.0859375
2114,1774678104.121336,0.12096473388373852,264.53991153120546,95.0,489.2744140625,1.1,17894.85546875
2115,1774678104.2439861,0.1212217602878809,263.979007762348,97.0,489.2744140625,1.1,17893.1875
2116,1774678104.3711793,0.12139158137142658,263.60971361010894,97.0,489.2744140625,0.9,17893.93359375
2117,1774678104.4938478,0.12122276052832603,263.97682960307264,93.0,489.2744140625,1.0,17894.91796875
2118,1774678104.6162765,0.12104887701570988,264.35602534211864,93.0,489.2744140625,1.0,17896.37109375
2119,1774678104.7386658,0.12100469693541527,264.4525444915547,96.0,489.2744140625,1.0,17891.51953125
2120,1774678104.861095,0.12094673328101635,264.57928322585525,97.0,489.2744140625,1.0,17894.0234375
2121,1774678104.983614,0.12107872776687145,264.2908510040983,97.0,489.2744140625,1.1,17892.79296875
2122,1774678105.1067626,0.12116453982889652,264.10367294910753,95.0,489.2744140625,0.9,17894.0234375
2123,1774678105.2299998,0.12140436470508575,263.58195669269446,95.0,489.2744140625,1.0,17892.546875
2124,1774678105.3531172,0.12128878198564053,263.8331383671452,95.0,489.2744140625,1.0,17890.87890625
2125,1774678105.4756856,0.12112355977296829,264.1930278467723,97.0,489.2744140625,1.0,17891.41015625
2126,1774678105.5981412,0.12102063745260239,264.4177115042281,97.0,489.2744140625,0.9,17894.33984375
2127,1774678105.720523,0.12101042456924915,264.4400274927368,95.0,489.2744140625,0.9,17892.1015625
2128,1774678105.8430622,0.12108327820897102,264.2809186646974,96.0,489.2744140625,0.9,17890.1875
2129,1774678105.9704635,0.12136033363640308,263.67758757051837,96.0,489.2744140625,0.9,17889.203125
2130,1774678106.09306,0.12115639820694923,264.12142052407563,94.0,489.2744140625,1.0,17887.53515625
2131,1774678106.2156084,0.12109575606882572,264.2536868246031,94.0,489.2744140625,1.0,17888.2734375
2132,1774678106.3380675,0.1210138350725174,264.4325748442237,95.0,489.2744140625,1.1,17889.7265625
2133,1774678106.4605389,0.12098287604749203,264.50024206267295,97.0,489.2744140625,1.0,17890.16015625
2134,1774678106.58296,0.12103722430765629,264.38147588927995,97.0,489.2744140625,1.0,17889.14453125
2135,1774678106.7060883,0.12123573012650013,263.94858979783,95.0,489.2744140625,1.0,17889.4140625
2136,1774678106.829147,0.12136564217507839,263.66605430091795,95.0,489.2744140625,0.9,17890.3671875
2137,1774678106.952323,0.12132852151989937,263.7467233518675,95.0,489.2744140625,1.0,17891.765625
2138,1774678107.074757,0.121056467294693,264.33945013529114,97.0,489.2744140625,0.9,17892.96484375
2139,1774678107.19732,0.12120029889047146,264.0257515282067,97.0,489.2744140625,1.0,17894.1640625
2140,1774678107.31978,0.12101893313229084,264.421435322186,95.0,489.2744140625,1.0,17895.1484375
2141,1774678107.442345,0.12112131714820862,264.1979195193493,96.0,489.2744140625,1.0,17895.91015625
2142,1774678107.5707397,0.12142388336360455,263.53958639401947,96.0,489.2744140625,1.0,17894.92578125
2143,1774678107.6933944,0.12119233794510365,264.0430949891816,93.0,489.2744140625,1.0,17893.6953125
2144,1774678107.815883,0.12105225585401058,264.34864657617044,93.0,489.2744140625,0.9,17891.78125
2145,1774678107.9382102,0.1208872627466917,264.7094431036386,95.0,489.2744140625,1.0,17890.359375
2146,1774678108.060835,0.12100581638514996,264.45009798658816,97.0,489.2744140625,1.1,17891.34375
2147,1774678108.1834884,0.12120391055941582,264.0178840130176,97.0,489.2744140625,1.0,17889.4296875
2148,1774678108.3066685,0.1212910395115614,263.82822778058375,95.0,489.2744140625,1.0,17890.66015625
2149,1774678108.4299312,0.12142103351652622,263.54577187522113,95.0,489.2744140625,1.1,17891.25390625
2150,1774678108.5525782,0.12120476923882961,264.0160135691126,95.0,489.2744140625,0.9,17889.09375
2151,1774678108.6750839,0.12114150822162628,264.1538847399568,97.0,489.2744140625,1.0,17886.87890625
2152,1774678108.7974932,0.12097359448671341,264.520535541453,97.0,489.2744140625,1.0,17887.5703125
2153,1774678108.9199152,0.12091595493257046,264.6466301146528,95.0,489.2744140625,0.9,17886.5859375
2154,1774678109.0424635,0.12112979590892792,264.17942637383265,97.0,489.2744140625,1.1,17887.81640625
2155,1774678109.1698618,0.12134931050240993,263.70153952679027,97.0,489.2744140625,1.1,17888.80078125
2156,1774678109.292531,0.12122249975800514,263.977397462362,93.0,489.2744140625,0.9,17890.25390625
2157,1774678109.4149945,0.12107951566576958,264.28913118824715,93.0,489.2744140625,1.0,17891.0
2158,1774678109.537449,0.1210129652172327,264.43447561636214,96.0,489.2744140625,1.0,17892.20703125
2159,1774678109.6600032,0.1209701169282198,264.52813978007384,97.0,489.2744140625,1.0,17890.953125
2160,1774678109.7826464,0.12115904688835144,264.11564651452017,97.0,489.2744140625,1.1,17891.77734375
2161,1774678109.90595,0.12137934938073158,263.63627885024613,95.0,489.2744140625,1.0,17892.515625
2162,1774678110.0289123,0.12130084075033665,263.8069101751975,95.0,489.2744140625,1.0,17890.84765625
2163,1774678110.1516488,0.12124736048281193,263.9232711753452,95.0,489.2744140625,1.0,17891.80859375
2164,1774678110.27414,0.12104354798793793,264.3676638030209,97.0,489.2744140625,1.0,17893.015625
2165,1774678110.3967009,0.12111871875822544,264.2035874229953,97.0,489.2744140625,1.0,17891.7578125
2166,1774678110.5189779,0.12090178579092026,264.6776455009418,95.0,489.2744140625,0.9,17890.26953125
2167,1774678110.6414914,0.12108050659298897,264.286968236495,96.0,489.2744140625,1.0,17888.6015625
2168,1774678110.7689743,0.12132107093930244,263.76292058953027,96.0,489.2744140625,1.0,17889.83203125
2169,1774678110.8916278,0.12127145938575268,263.8708246943011,94.0,489.2744140625,1.0,17888.578125
2170,1774678111.0140097,0.12101203575730324,264.43650666432785,94.0,489.2744140625,1.1,17889.80859375
2171,1774678111.1365016,0.12099681608378887,264.4697690048338,96.0,489.2744140625,1.0,17891.0390625
2172,1774678111.2588823,0.1209366861730814,264.6012637902319,97.0,489.2744140625,1.0,17891.67578125
2173,1774678111.3814323,0.12110644951462746,264.2303537776077,97.0,489.2744140625,1.0,17891.83203125
2174,1774678111.5045893,0.12124666757881641,263.9247794517602,95.0,489.2744140625,0.9,17893.0390625
2175,1774678111.6278229,0.121463343501091,263.45396954853766,95.0,489.2744140625,1.0,17894.26953125
2176,1774678111.7511888,0.12135020084679127,263.69960475303276,95.0,489.2744140625,0.9,17895.4765625
2177,1774678111.8736854,0.121121596544981,264.1973100818246,97.0,489.2744140625,1.0,17893.5625
2178,1774678111.9960725,0.12094195373356342,264.58973922726915,97.0,489.2744140625,0.9,17895.015625
2179,1774678112.1183414,0.12090776488184929,264.66455674927334,95.0,489.2744140625,0.9,17896.22265625
2180,1774678112.240804,0.12103018537163734,264.39685192367716,95.0,489.2744140625,1.1,17894.9921875
2181,1774678112.3638906,0.12114582769572735,264.1444662904276,96.0,489.2744140625,0.9,17895.984375
2182,1774678112.4869852,0.1214219443500042,263.5437949153455,96.0,489.2744140625,1.1,17893.82421875
2183,1774678112.610149,0.12140496261417866,263.5806585740242,96.0,489.2744140625,1.1,17892.40234375
2184,1774678112.7326553,0.12105820886790752,264.3356472828435,95.0,489.2744140625,1.0,17893.6328125
2185,1774678112.8552003,0.12106620520353317,264.31818810379394,97.0,489.2744140625,0.9,17894.59375
2186,1774678112.9776466,0.12102652341127396,264.404851912148,97.0,489.2744140625,1.0,17895.578125
2187,1774678113.100203,0.12112732790410519,264.1848091071071,95.0,489.2744140625,1.0,17896.78515625
2188,1774678113.2231593,0.12115002982318401,264.13530435529685,95.0,489.2744140625,1.0,17895.30859375
2189,1774678113.346286,0.12137559242546558,263.6444392199411,95.0,489.2744140625,1.1,17896.78515625
2190,1774678113.469492,0.12131492793560028,263.7762767083958,97.0,489.2744140625,0.9,17897.328125
2191,1774678113.5920198,0.12107860669493675,264.2911152803856,97.0,489.2744140625,1.0,17896.09765625
2192,1774678113.7144904,0.12104206904768944,264.37089395251746,95.0,489.2744140625,1.1,17897.640625
2193,1774678113.8369467,0.121000487357378,264.4617447323761,95.0,489.2744140625,1.0,17898.2890625
2194,1774678113.9593217,0.12100805714726448,264.4452010419159,96.0,489.2744140625,1.0,17897.3046875
2195,1774678114.0820987,0.12129418924450874,263.8213767643343,97.0,489.2744140625,1.0,17896.07421875
2196,1774678114.2051659,0.12138182111084461,263.6309103550023,97.0,489.2744140625,1.0,17896.59765625
2197,1774678114.3282995,0.1213786918669939,263.637706979619,95.0,489.2744140625,1.1,17894.68359375
2198,1774678114.4509122,0.12116477824747562,264.10315326654506,97.0,489.2744140625,1.0,17894.25
2199,1774678114.5735064,0.12114337831735611,264.1498069846661,97.0,489.2744140625,1.0,17895.35546875
2200,1774678114.6958663,0.12095765583217144,264.5553915528915,95.0,489.2744140625,0.9,17896.5625
2201,1774678114.8182738,0.12098610401153564,264.49318507643574,95.0,489.2744140625,1.1,17897.546875
2202,1774678114.9406867,0.12106076814234257,264.33005911852945,96.0,489.2744140625,1.0,17896.5625
2203,1774678115.0635755,0.12122843787074089,263.96446710069637,97.0,489.2744140625,1.0,17897.76953125
2204,1774678115.1868043,0.12138527072966099,263.6234182915627,97.0,489.2744140625,1.1,17898.75390625
2205,1774678115.309888,0.12140066176652908,263.58999641649893,95.0,489.2744140625,0.9,17897.27734375
2206,1774678115.43243,0.12110821716487408,264.2264971701788,95.0,489.2744140625,0.9,17895.35546875
2207,1774678115.554943,0.12111781537532806,264.2055580414511,96.0,489.2744140625,1.1,17894.37109375
2208,1774678115.6773555,0.12097026407718658,264.52781800643174,97.0,489.2744140625,1.0,17892.703125
2209,1774678115.7998374,0.12112776003777981,264.1838666051381,97.0,489.2744140625,0.9,17893.6875
2210,1774678115.922762,0.12118127755820751,264.0671945765657,95.0,489.2744140625,0.9,17895.140625
2211,1774678116.045834,0.12140061892569065,263.5900894342821,97.0,489.2744140625,1.0,17896.37109375
2212,1774678116.1689694,0.1213788203895092,263.6374278256354,97.0,489.2744140625,1.1,17897.35546875
2213,1774678116.2914827,0.12113021872937679,264.1785042219137,95.0,489.2744140625,1.1,17898.80859375
2214,1774678116.41395,0.12103746458888054,264.3809510443081,95.0,489.2744140625,1.0,17896.1171875
2215,1774678116.536357,0.12099389731884003,264.4761488728181,96.0,489.2744140625,1.0,17897.1015625
2216,1774678116.658976,0.12108366563916206,264.2800730476915,97.0,489.2744140625,1.0,17898.80078125
2217,1774678116.781991,0.12120953761041164,264.00562720446567,97.0,489.2744140625,1.0,17899.78515625
2218,1774678116.9052546,0.12141083367168903,263.5679126175201,95.0,489.2744140625,0.9,17897.84765625
2219,1774678117.0283105,0.1212907712906599,263.82881120704184,95.0,489.2744140625,1.0,17896.59375
2220,1774678117.151055,0.1212843805551529,263.84271291593325,95.0,489.2744140625,1.0,17897.578125
2221,1774678117.2735763,0.12107480876147747,264.2994056925695,97.0,489.2744140625,1.0,17896.6328125
2222,1774678117.3958812,0.12092980556190014,264.61631895720046,97.0,489.2744140625,1.0,17894.50390625
2223,1774678117.5183582,0.12105108797550201,264.3511969630217,95.0,489.2744140625,1.0,17893.2734375
2224,1774678117.6411655,0.12133127264678478,263.7407430247373,97.0,489.2744140625,1.0,17891.796875
2225,1774678117.767347,0.12148095481097698,263.41577615842453,97.0,489.2744140625,1.0,17890.12890625
2226,1774678117.8899717,0.121183380484581,264.0626121506124,94.0,489.2744140625,1.0,17891.3359375
2227,1774678118.0123336,0.12098180316388607,264.5025876879328,94.0,489.2744140625,1.0,17892.56640625
2228,1774678118.1346714,0.12093813717365265,264.5980891375219,96.0,489.2744140625,0.9,17893.52734375
2229,1774678118.2573524,0.12100168503820896,264.4591270765799,97.0,489.2744140625,1.1,17894.90234375
2230,1774678118.379889,0.12110858783125877,264.22568847541817,97.0,489.2744140625,1.0,17895.625
2231,1774678118.5031664,0.12130988016724586,263.7872525789546,95.0,489.2744140625,0.9,17896.171875
2232,1774678118.6263719,0.12143480405211449,263.515886156221,95.0,489.2744140625,1.0,17894.75
2233,1774678118.7491136,0.12123812921345234,263.94336672467676,95.0,489.2744140625,1.1,17893.51953125
2234,1774678118.8715475,0.12105343863368034,264.3460636986543,97.0,489.2744140625,1.0,17894.48046875
2235,1774678118.9939463,0.12095474638044834,264.56175518195806,97.0,489.2744140625,1.0,17895.93359375
2236,1774678119.1163797,0.12099775485694408,264.46771708974,95.0,489.2744140625,0.9,17897.140625
2237,1774678119.2387176,0.12095755524933338,264.5556115452024,96.0,489.2744140625,0.9,17895.2265625
2238,1774678119.3666773,0.1214612852782011,263.4584339092541,96.0,489.2744140625,1.0,17896.234375
2239,1774678119.4893646,0.12122958712279797,263.9619647271916,93.0,489.2744140625,0.9,17896.7265625
2240,1774678119.6118996,0.12110000103712082,264.2444238311033,93.0,489.2744140625,1.0,17898.203125
2241,1774678119.7342422,0.12095751613378525,264.5556970978666,95.0,489.2744140625,1.0,17896.2890625
2242,1774678119.8569303,0.12100847624242306,264.44428517464024,97.0,489.2744140625,1.0,17897.51953125
2243,1774678119.9795122,0.12112940847873688,264.18027134688185,97.0,489.2744140625,1.0,17898.97265625
2244,1774678120.1026587,0.12129232101142406,263.8254403342322,95.0,489.2744140625,0.9,17897.49609375
2245,1774678120.2257118,0.12136581353843212,263.6656820156919,95.0,489.2744140625,1.0,17898.7265625
2246,1774678120.3486557,0.12128086760640144,263.8503552254517,95.0,489.2744140625,1.0,17896.68359375
2247,1774678120.471236,0.1211203970015049,264.19992662014147,97.0,489.2744140625,1.1,17894.76953125
2248,1774678120.593699,0.12102219648659229,264.41430521834224,97.0,489.2744140625,0.9,17896.24609375
2249,1774678120.7160501,0.12091532722115517,264.64800398275173,95.0,489.2744140625,0.9,17897.453125
2250,1774678120.838642,0.12114939652383327,264.1366851027174,97.0,489.2744140625,1.0,17895.5390625
2251,1774678120.9659758,0.12140268087387085,263.58561252239423,97.0,489.2744140625,1.0,17896.9921875
2252,1774678121.0886395,0.12122615985572338,263.9694273751195,94.0,489.2744140625,1.0,17898.19921875
2253,1774678121.2111394,0.12112564779818058,264.1884735536636,94.0,489.2744140625,1.0,17896.72265625
2254,1774678121.3336027,0.12101183645427227,264.43694218368546,96.0,489.2744140625,1.0,17897.515625
2255,1774678121.4561822,0.12098224647343159,264.5016184835631,97.0,489.2744140625,1.0,17898.11328125
2256,1774678121.5788076,0.12116920948028564,264.09349485115223,97.0,489.2744140625,1.0,17896.19921875
2257,1774678121.7018764,0.12131243012845516,263.78170782759753,95.0,489.2744140625,1.0,17897.8984375
2258,1774678121.8250372,0.12141154333949089,263.5663720254475,95.0,489.2744140625,1.0,17896.421875
2259,1774678121.948056,0.12120232731103897,264.0213328402439,95.0,489.2744140625,1.1,17896.72265625
2260,1774678122.07056,0.12106040865182877,264.33084405019974,97.0,489.2744140625,1.1,17898.19921875
2261,1774678122.1931424,0.12113610841333866,264.1656597619111,97.0,489.2744140625,0.9,17896.453125
2262,1774678122.3155534,0.12104601599276066,264.36227361595945,95.0,489.2744140625,1.0,17897.90625
2263,1774678122.4381342,0.12115679867565632,264.1205475036183,97.0,489.2744140625,0.9,17898.8203125
2264,1774678122.5655012,0.12141639366745949,263.55584310668127,97.0,489.2744140625,1.1,17900.296875
2265,1774678122.6882424,0.12133369222283363,263.73548363822033,94.0,489.2744140625,1.0,17901.52734375
2266,1774678122.8108966,0.12120651826262474,264.0122037881153,94.0,489.2744140625,1.0,17899.58984375
2267,1774678122.9333527,0.12100764736533165,264.44609656271945,95.0,489.2744140625,0.9,17898.60546875
2268,1774678123.0560067,0.12102518603205681,264.40777369698844,97.0,489.2744140625,1.0,17896.9375
2269,1774678123.1786458,0.1211857907474041,264.0573602123025,97.0,489.2744140625,1.0,17897.8984375
2270,1774678123.3020823,0.12146647460758686,263.44717835419306,95.0,489.2744140625,1.0,17899.10546875
2271,1774678123.4251797,0.12133576348423958,263.7309815432654,95.0,489.2744140625,0.9,17899.8515625
2272,1774678123.547838,0.1212567389011383,263.90285843073747,95.0,489.2744140625,1.0,17898.375
2273,1774678123.6703722,0.12108597718179226,264.2750279163775,97.0,489.2744140625,1.0,17900.09765625
2274,1774678123.7927575,0.12095757387578487,264.55557080585794,97.0,489.2744140625,1.0,17901.08203125
2275,1774678123.9151917,0.12095002643764019,264.57207941577974,95.0,489.2744140625,1.0,17899.26953125
2276,1774678124.0377893,0.12117286771535873,264.0855218114474,97.0,489.2744140625,1.0,17900.8984375
2277,1774678124.1650355,0.12138534337282181,263.62326052590635,97.0,489.2744140625,1.0,17901.859375
2278,1774678124.2877932,0.12131718173623085,263.77137633789374,94.0,489.2744140625,1.0,17900.3828125
2279,1774678124.410329,0.12116507068276405,264.10251584619476,94.0,489.2744140625,1.0,17900.4453125
2280,1774678124.5327067,0.12101300619542599,264.4343860718793,96.0,489.2744140625,0.9,17901.921875
2281,1774678124.655423,0.12100586853921413,264.4499840074271,97.0,489.2744140625,1.0,17903.10546875
2282,1774678124.7780476,0.12119396775960922,264.0395441419384,97.0,489.2744140625,1.1,17901.62890625
2283,1774678124.9011676,0.12126386910676956,263.8873411817733,95.0,489.2744140625,1.1,17903.59765625
2284,1774678125.0242996,0.12138161063194275,263.63136749792716,95.0,489.2744140625,0.9,17904.828125
2285,1774678125.1473653,0.12130625173449516,263.79514280961286,95.0,489.2744140625,0.9,17902.890625
2286,1774678125.269971,0.12116100639104843,264.1113750468501,97.0,489.2744140625,1.0,17904.09765625
2287,1774678125.3923936,0.12105480954051018,264.34307006440264,97.0,489.2744140625,1.0,17905.01953125
2288,1774678125.5148761,0.12098278477787971,264.50044160209166,95.0,489.2744140625,1.0,17903.10546875
2289,1774678125.6374824,0.12116828002035618,264.0955206645173,97.0,489.2744140625,0.9,17901.875
2290,1774678125.7647078,0.1214460339397192,263.4915193351104,97.0,489.2744140625,1.0,17900.890625
2291,1774678125.8873942,0.12129895202815533,263.8110178608329,93.0,489.2744140625,0.9,17898.73046875
2292,1774678126.0099368,0.12110518850386143,264.2331050826917,93.0,489.2744140625,0.9,17899.9609375
2293,1774678126.1323273,0.12102429568767548,264.4097188764613,95.0,489.2744140625,1.0,17898.5390625
2294,1774678126.2548919,0.12098763696849346,264.4898338524717,97.0,489.2744140625,0.9,17899.5234375
2295,1774678126.377599,0.12126627936959267,263.882096213005,97.0,489.2744140625,1.0,17900.0546875
2296,1774678126.5009491,0.1213691420853138,263.6584509883599,95.0,489.2744140625,1.1,17901.015625
2297,1774678126.624143,0.12137115187942982,263.6540850480584,95.0,489.2744140625,1.0,17902.22265625
2298,1774678126.7468452,0.12125937081873417,263.89713045629713,95.0,489.2744140625,1.0,17901.23828125
2299,1774678126.8694944,0.12122000008821487,263.98284092322046,97.0,489.2744140625,1.0,17900.0078125
2300,1774678126.991897,0.12096157670021057,264.5468162117987,97.0,489.2744140625,1.0,17901.21484375
2301,1774678127.114381,0.12099792622029781,264.4673425372467,95.0,489.2744140625,1.0,17902.19921875
2302,1774678127.2369702,0.12116893008351326,264.0941038098186,97.0,489.2744140625,1.0,17903.40625
2303,1774678127.3641472,0.12140512466430664,263.5803067496711,97.0,489.2744140625,1.0,17903.953125
2304,1774678127.4868662,0.1212751604616642,263.8627718832447,93.0,489.2744140625,1.1,17904.9375
2305,1774678127.609315,0.12098760344088078,264.48990714686266,93.0,489.2744140625,0.9,17903.9296875
2306,1774678127.731781,0.12103307619690895,264.39053691355525,95.0,489.2744140625,1.0,17905.13671875
2307,1774678127.8545642,0.12112447433173656,264.19103303893957,97.0,489.2744140625,1.1,17906.12109375
2308,1774678127.9772863,0.12123745307326317,263.94483873446734,97.0,489.2744140625,1.0,17905.11328125
2309,1774678128.1005168,0.1213732436299324,263.6495412248201,95.0,489.2744140625,1.0,17903.8828125
2310,1774678128.2237463,0.12139265984296799,263.6073716598252,95.0,489.2744140625,1.0,17904.84375
2311,1774678128.3464048,0.12121115997433662,264.0020935924975,95.0,489.2744140625,0.9,17901.86328125
2312,1774678128.4689708,0.12113753892481327,264.1625402333914,97.0,489.2744140625,1.0,17899.94921875
2313,1774678128.5913138,0.12097113579511642,264.5259118191385,97.0,489.2744140625,1.0,17898.71875
2314,1774678128.7136695,0.1208832710981369,264.71818399107826,95.0,489.2744140625,1.0,17900.171875
2315,1774678128.8362155,0.12116636149585247,264.0997023014128,97.0,489.2744140625,1.0,17901.15625
2316,1774678128.9636085,0.1214122623205185,263.56481123399715,97.0,489.2744140625,0.9,17899.43359375
2317,1774678129.08629,0.12123853899538517,263.9424746055217,94.0,489.2744140625,1.0,17900.91015625
2318,1774678129.2087562,0.12108177691698074,264.2841954817088,94.0,489.2744140625,0.9,17901.89453125
2319,1774678129.3312354,0.12098340503871441,264.4990855544202,95.0,489.2744140625,1.1,17900.41796875
2320,1774678129.453873,0.12100710719823837,264.4472770312276,97.0,489.2744140625,1.0,17901.0390625
2321,1774678129.576388,0.12113907933235168,264.15918113597553,97.0,489.2744140625,0.9,17902.16796875
2322,1774678129.6996057,0.12137666344642639,263.6421128360005,95.0,489.2744140625,1.0,17903.375
2323,1774678129.8227043,0.12135402113199234,263.6913033577583,95.0,489.2744140625,1.0,17901.73828125
2324,1774678129.945813,0.12132911197841167,263.74543980585486,95.0,489.2744140625,1.0,17902.9453125
2325,1774678130.0683837,0.12113368883728981,264.17093631965014,97.0,489.2744140625,1.0,17904.15234375
2326,1774678130.1908207,0.12100038304924965,264.4619727110727,97.0,489.2744140625,1.0,17902.67578125
2327,1774678130.313347,0.1210585180670023,264.33497213545064,95.0,489.2744140625,1.0,17903.90625
2328,1774678130.4359229,0.12114646658301353,264.14307327793625,97.0,489.2744140625,0.9,17904.65234375
2329,1774678130.5631213,0.12142914161086082,263.52817433684197,97.0,489.2744140625,1.1,17903.421875
2330,1774678130.6859763,0.12137558311223984,263.6444594495467,94.0,489.2744140625,0.9,17904.875
2331,1774678130.808585,0.12118072807788849,264.06839195942206,94.0,489.2744140625,1.0,17905.859375
2332,1774678130.9310615,0.12103837728500366,264.3789574661186,95.0,489.2744140625,1.0,17904.62890625
2333,1774678131.0537875,0.12110535614192486,264.232739322436,97.0,489.2744140625,1.0,17906.08203125
2334,1774678131.1765614,0.12132821045815945,263.7473995467471,97.0,489.2744140625,1.0,17907.06640625
2335,1774678131.2998266,0.12140346132218838,263.58391804889584,95.0,489.2744140625,1.0,17908.2734375
2336,1774678131.422929,0.12140485271811485,263.5808971680855,95.0,489.2744140625,1.0,17906.3671875
2337,1774678131.5457187,0.12134009227156639,263.72157298497916,95.0,489.2744140625,0.9,17904.26171875
2338,1774678131.6682692,0.12116166763007641,264.1099336607061,97.0,489.2744140625,1.0,17903.03125
2339,1774678131.7907135,0.12097458355128765,264.51837287320336,97.0,489.2744140625,1.0,17904.23828125
2340,1774678131.9132252,0.12107078731060028,264.30818458218005,95.0,489.2744140625,1.0,17902.0234375
2341,1774678132.0358608,0.12117981910705566,264.07037273863045,97.0,489.2744140625,0.9,17903.05078125
2342,1774678132.162624,0.12139483168721199,263.60265552698115,97.0,489.2744140625,1.1,17904.50390625
2343,1774678132.2852545,0.1212049201130867,264.01568492552394,94.0,489.2744140625,0.9,17905.48828125
2344,1774678132.407898,0.12121635861694813,263.9907712549109,94.0,489.2744140625,1.0,17906.16796875
2345,1774678132.5304015,0.12106429785490036,264.32235239453564,95.0,489.2744140625,1.3,17904.578125
2346,1774678132.6531556,0.12108801491558552,264.2705805550472,97.0,489.2744140625,1.0,17905.953125
2347,1774678132.7758136,0.12123200856149197,263.9566924585662,97.0,489.2744140625,1.0,17904.015625
2348,1774678132.8990607,0.12141780368983746,263.55278243826746,95.0,489.2744140625,1.0,17905.24609375
2349,1774678133.022167,0.12135224044322968,263.6951726900342,95.0,489.2744140625,1.0,17904.26171875
2350,1774678133.1448052,0.1212682705372572,263.8777633937531,95.0,489.2744140625,1.1,17902.78515625
2351,1774678133.2673025,0.12113220803439617,264.17416572571204,97.0,489.2744140625,1.0,17904.015625
2352,1774678133.3899,0.1211202796548605,264.20018258862945,97.0,489.2744140625,1.1,17904.546875
2353,1774678133.5123003,0.12098259665071964,264.50085289857805,95.0,489.2744140625,1.0,17903.0703125
2354,1774678133.6348917,0.12119963765144348,264.02719199564274,97.0,489.2744140625,0.9,17901.2109375
2355,1774678133.7621791,0.12150355242192745,263.36678526795924,97.0,489.2744140625,1.0,17899.98046875
2356,1774678133.8848896,0.12127209082245827,263.86945077782025,94.0,489.2744140625,1.1,17901.1875
2357,1774678134.0075405,0.12126140110194683,263.8927120188639,94.0,489.2744140625,1.0,17902.1484375
2358,1774678134.1299574,0.12098647654056549,264.49237067640973,95.0,489.2744140625,1.0,17903.625
2359,1774678134.2526042,0.12103267572820187,264.39141171976644,97.0,489.2744140625,1.0,17904.83203125
2360,1774678134.3752432,0.12119303084909916,264.04158536016894,97.0,489.2744140625,0.9,17902.88671875
2361,1774678134.49835,0.12132297083735466,263.7587901049599,95.0,489.2744140625,1.0,17903.65625
2362,1774678134.6214764,0.12140722386538982,263.575749293798,95.0,489.2744140625,1.1,17905.1328125
2363,1774678134.7443035,0.121388740837574,263.6158821584456,95.0,489.2744140625,1.0,17901.171875
2364,1774678134.8667846,0.12103389576077461,264.38874663051826,97.0,489.2744140625,1.1,17904.86328125
2365,1774678134.9891663,0.12100635655224323,264.44891749289496,97.0,489.2744140625,1.0,17903.93359375
2366,1774678135.1115825,0.1210387833416462,264.3780705369141,95.0,489.2744140625,0.9,17904.91796875
2367,1774678135.2341375,0.12117679975926876,264.0769525484381,97.0,489.2744140625,1.0,17903.44140625
2368,1774678135.3617072,0.12148440256714821,263.4083003561927,97.0,489.2744140625,1.0,17904.92578125
2369,1774678135.4844394,0.12127206102013588,263.8695156231142,93.0,489.2744140625,1.0,17903.6953125
2370,1774678135.6070046,0.12117651104927063,264.0775817269465,93.0,489.2744140625,1.0,17902.02734375
2371,1774678135.7294106,0.12096865475177765,264.53133719361097,95.0,489.2744140625,1.0,17903.5703125
2372,1774678135.852028,0.12101340852677822,264.43350691108697,97.0,489.2744140625,1.0,17904.46484375
2373,1774678135.9746516,0.12118568643927574,264.05758749433414,97.0,489.2744140625,1.0,17902.98828125
2374,1774678136.0980613,0.12140746228396893,263.57523168677085,95.0,489.2744140625,0.9,17902.00390625
2375,1774678136.2212157,0.12140647135674953,263.57738300431197,95.0,489.2744140625,1.0,17903.234375
2376,1774678136.343821,0.12123838998377323,263.9427990117894,95.0,489.2744140625,1.0,17902.8984375
2377,1774678136.4663882,0.12112903781235218,264.1810797636567,97.0,489.2744140625,1.0,17904.12890625
2378,1774678136.5887496,0.12099234387278557,264.47954453750907,97.0,489.2744140625,1.0,17905.58203125
2379,1774678136.7112634,0.12101824767887592,264.42293301843677,95.0,489.2744140625,1.0,17903.69140625
2380,1774678136.8338504,0.12114525772631168,264.14570904866616,97.0,489.2744140625,1.0,17902.0
2381,1774678136.9611835,0.12144994549453259,263.48303302812576,97.0,489.2744140625,1.0,17902.859375
2382,1774678137.0837448,0.12118201702833176,264.0655832005054,94.0,489.2744140625,1.0,17903.57421875
2383,1774678137.206297,0.12109970487654209,264.2450700653907,94.0,489.2744140625,0.9,17901.60546875
2384,1774678137.3287048,0.12102354504168034,264.4113588721868,95.0,489.2744140625,1.0,17900.18359375
2385,1774678137.4513369,0.12095780484378338,264.55506563902924,97.0,489.2744140625,0.9,17901.33203125
2386,1774678137.5739064,0.12112330086529255,264.1935925738091,97.0,489.2744140625,1.0,17902.5625
2387,1774678137.6971354,0.12128572911024094,263.83977929434764,95.0,489.2744140625,1.1,17903.95703125
2388,1774678137.8204176,0.12143142335116863,263.52322254725544,95.0,489.2744140625,1.0,17902.44921875
2389,1774678137.944049,0.12204058468341827,262.20785555075975,95.0,489.2744140625,1.0,17903.40234375
2390,1774678138.0668619,0.1212121993303299,263.99982985865114,96.0,489.2744140625,0.9,17904.6015625
2391,1774678138.189277,0.12098071537911892,264.504965933795,96.0,489.2744140625,1.0,17903.33984375
2392,1774678138.3117206,0.12102373316884041,264.4109478539779,95.0,489.2744140625,1.0,17904.29296875
2393,1774678138.4344726,0.12132006138563156,263.7651154682806,97.0,489.2744140625,0.9,17901.62890625
2394,1774678138.5608387,0.1214588563889265,263.4637024535451,97.0,489.2744140625,1.0,17900.86328125
2395,1774678138.6833708,0.12115409970283508,264.12643136706976,94.0,489.2744140625,1.0,17901.41015625
2396,1774678138.8060126,0.12118500657379627,264.0590688957336,94.0,489.2744140625,1.0,17899.7421875
2397,1774678138.9283586,0.12096203491091728,264.54581409420285,95.0,489.2744140625,1.0,17901.1953125
2398,1774678139.0510125,0.12099543772637844,264.4727817950083,97.0,489.2744140625,1.1,17902.1796875
2399,1774678139.1737075,0.12125534191727638,263.9058988578932,97.0,489.2744140625,1.0,17903.140625
2400,1774678139.2970197,0.1213704515248537,263.65560643438147,95.0,489.2744140625,1.0,17904.6171875
2401,1774678139.42018,0.12138437107205391,263.6253721741884,95.0,489.2744140625,1.1,17903.06640625
2402,1774678139.5428274,0.1211860179901123,264.05686506351674,95.0,489.2744140625,1.0,17904.51953125
2403,1774678139.665373,0.12111471593379974,264.2123193146151,97.0,489.2744140625,1.0,17905.828125
2404,1774678139.7878113,0.12106990814208984,264.3101038983545,97.0,489.2744140625,1.0,17907.01953125
2405,1774678139.91024,0.12094585597515106,264.58120240659224,95.0,489.2744140625,1.0,17907.95703125
2406,1774678140.0327604,0.12109150737524033,264.2629585974009,97.0,489.2744140625,1.0,17906.3203125
2407,1774678140.160002,0.12134747207164764,263.70553464110174,97.0,489.2744140625,0.9,17904.65234375
2408,1774678140.2827363,0.12132062949240208,263.76388033829033,94.0,489.2744140625,1.0,17902.984375
2409,1774678140.4053006,0.121132617816329,264.17327204569267,94.0,489.2744140625,1.1,17903.5546875
2410,1774678140.5278375,0.1210065446794033,264.4485063579108,95.0,489.2744140625,0.9,17905.0078125
2411,1774678140.6505377,0.12099497579038143,264.47379150220763,97.0,489.2744140625,1.0,17906.0
2412,1774678140.7731018,0.12112448737025261,264.1910045999418,97.0,489.2744140625,1.1,17907.23046875
2413,1774678140.8964465,0.12140455469489098,263.5815442050021,95.0,489.2744140625,1.0,17906.24609375
