step,wall_timestamp,duration_sec,throughput_samples_sec,gpu_util_pct,gpu_mem_mb,cpu_util_pct,ram_mb
0,1775489562.9095237,0.3202144894748926,99.93301693647769,21.0,6562.0,0.5,19428.78515625
1,1775489563.131232,0.1215989775955677,263.16010736891593,41.0,6562.0,0.8,19489.23046875
2,1775489563.321321,0.12038435973227024,265.81526097880703,59.0,6562.0,0.9,19529.58984375
3,1775489563.5115755,0.12115202657878399,264.13095103440725,63.0,6562.0,0.8,19529.58984375
4,1775489563.6989443,0.12094118259847164,264.59142628231905,65.0,6562.0,0.9,19526.14453125
5,1775489563.8853412,0.12154502421617508,263.27692315142485,65.0,6562.0,0.8,19526.14453125
6,1775489564.0780542,0.12118954584002495,264.0491783197313,62.0,6562.0,0.9,19526.14453125
7,1775489564.2703168,0.12133581005036831,263.73088032886847,63.0,6562.0,0.9,19535.7421875
8,1775489564.4587154,0.12124068848788738,263.9377951338257,64.0,6562.0,0.9,19535.73828125
9,1775489564.6448889,0.12138083949685097,263.63304235369196,65.0,6562.0,0.8,19535.73828125
10,1775489564.8373277,0.12104880437254906,264.35618398604214,62.0,6562.0,0.9,19543.859375
11,1775489565.0288844,0.12138967029750347,263.6138636967541,63.0,6562.0,0.9,19534.890625
12,1775489565.2191985,0.12120794877409935,264.0090878828403,63.0,6562.0,0.8,19534.890625
13,1775489565.4107344,0.1212409995496273,263.93711796232355,63.0,6562.0,0.8,19534.890625
14,1775489565.6020596,0.1212067361921072,264.01172909467215,62.0,6562.0,0.9,19534.890625
15,1775489565.7927394,0.12115279585123062,264.12927390709456,62.0,6562.0,0.9,19534.890625
16,1775489565.982518,0.12146031111478806,263.4605469580749,59.0,6562.0,0.9,19516.0625
17,1775489566.1751585,0.12092684023082256,264.6228077978312,59.0,6562.0,0.8,19534.7265625
18,1775489566.3644526,0.12139157764613628,263.6097216998194,59.0,6562.0,0.8,19535.9296875
19,1775489566.5541902,0.1210967842489481,264.25144316148896,59.0,6562.0,0.9,19535.9296875
20,1775489566.7490492,0.12196559272706509,262.3690770856145,59.0,6562.0,0.9,19535.9296875
21,1775489566.9353614,0.1211689468473196,264.0940672722194,59.0,6562.0,0.9,19537.40234375
22,1775489567.12065,0.12127935886383057,263.85363758336484,59.0,6562.0,0.9,19537.40234375
23,1775489567.305953,0.12143130972981453,263.52346912176284,66.0,6562.0,0.8,19537.40234375
24,1775489567.494221,0.12109639681875706,264.25228859529045,64.0,6562.0,0.9,19537.40234375
25,1775489567.694762,0.12154064327478409,263.2864129874077,58.0,6562.0,0.9,19537.40234375
26,1775489567.8847866,0.12150123156607151,263.37181596878406,64.0,6562.0,0.9,19537.40234375
27,1775489568.0710773,0.1212650965899229,263.8846700317492,65.0,6562.0,0.9,19537.40234375
28,1775489568.2569025,0.12112535536289215,264.1891113890056,66.0,6562.0,0.9,19537.40234375
29,1775489568.4434714,0.12166723608970642,263.0124676819821,66.0,6562.0,0.9,19537.40234375
30,1775489568.6363838,0.12118641659617424,264.0559965283289,62.0,6562.0,0.9,19537.40234375
31,1775489568.8265207,0.1214626207947731,263.45553710773424,64.0,6562.0,0.8,19539.37109375
32,1775489569.013799,0.12129770778119564,263.81372398004083,65.0,6562.0,0.9,19539.37109375
33,1775489569.2072716,0.12143035046756268,263.5255508757513,62.0,6562.0,0.9,19517.9140625
34,1775489569.4054334,0.1216268241405487,263.0998566814641,60.0,6562.0,0.9,19537.109375
35,1775489569.5985818,0.1211904976516962,264.0471045177866,60.0,6562.0,0.9,19537.109375
36,1775489569.7848675,0.1214068103581667,263.5766470233064,61.0,6562.0,0.9,19537.109375
37,1775489569.9757857,0.12113726511597633,264.16313732494564,59.0,6562.0,0.8,19537.109375
38,1775489570.1619306,0.12127526849508286,263.8625368312209,59.0,6562.0,0.9,19537.109375
39,1775489570.3515985,0.1220556739717722,262.17543977022024,59.0,6562.0,0.9,19537.109375
40,1775489570.540813,0.12153619341552258,263.2960528111535,59.0,6562.0,0.9,19537.109375
41,1775489570.7276254,0.12140657007694244,263.5771686797488,59.0,6562.0,0.9,19537.109375
42,1775489570.9193277,0.12121427617967129,263.9953065641181,59.0,6562.0,0.9,19537.109375
43,1775489571.114083,0.12121197767555714,264.0003126230068,61.0,6562.0,0.9,19537.109375
44,1775489571.299871,0.12129449844360352,263.82070424140926,66.0,6562.0,0.9,19541.046875
45,1775489571.4922147,0.12173895724117756,262.85751681447925,63.0,6562.0,0.9,19541.046875
46,1775489571.6793664,0.1214490719139576,263.48492825594315,64.0,6562.0,0.9,19541.046875
47,1775489571.86591,0.12156141363084316,263.2414270631746,65.0,6562.0,0.8,19541.046875
48,1775489572.0526423,0.12122447602450848,263.97309396107784,65.0,6562.0,0.9,19541.046875
49,1775489572.2442613,0.12163176387548447,263.089171614404,63.0,6562.0,0.9,19541.046875
50,1775489572.4321961,0.12119471654295921,264.0379128132796,65.0,6562.0,0.9,19541.046875
51,1775489572.6241663,0.12187028117477894,262.57426906324724,63.0,6562.0,1.0,19541.046875
52,1775489572.8268774,0.12178407795727253,262.76012871918346,57.0,6562.0,0.9,19541.046875
53,1775489573.022718,0.12160963378846645,263.1370476426425,61.0,6562.0,0.9,19541.046875
54,1775489573.2108006,0.12123115547001362,263.9585498953292,65.0,6562.0,0.9,19541.046875
55,1775489573.40238,0.12140623852610588,263.57788848815267,63.0,6562.0,0.9,19541.046875
56,1775489573.5967665,0.12126843817532063,263.87739861658685,63.0,6562.0,0.9,19541.046875
57,1775489573.788797,0.12174711935222149,262.8398944489367,60.0,6562.0,0.9,19541.046875
58,1775489573.9754815,0.12113801576197147,264.16150040692406,59.0,6562.0,0.9,19541.046875
59,1775489574.1626027,0.12152211368083954,263.32655868744536,59.0,6562.0,0.9,19541.046875
60,1775489574.3559124,0.12117225304245949,264.086861443329,59.0,6562.0,0.9,19541.046875
61,1775489574.5438902,0.12143500335514545,263.51545366547805,59.0,6562.0,0.9,19541.046875
62,1775489574.732421,0.12108605541288853,264.2748571739656,59.0,6562.0,0.9,19541.046875
63,1775489574.9326384,0.1213686503469944,263.6595192293201,59.0,6562.0,0.9,19521.55859375
64,1775489575.1252384,0.12147376127541065,263.4313753358488,59.0,6562.0,0.9,19521.55859375
65,1775489575.3184683,0.12125646136701107,263.9034624566893,59.0,6562.0,0.8,19537.0625
66,1775489575.5116577,0.12136159092187881,263.6748559154815,62.0,6562.0,0.9,19537.2578125
67,1775489575.7047873,0.12151909992098808,263.3330893728348,62.0,6562.0,0.9,19537.2578125
68,1775489575.8918211,0.12117215618491173,264.08707253807717,65.0,6562.0,0.9,19537.2578125
69,1775489576.0827355,0.12168615683913231,262.97157237288405,63.0,6562.0,0.8,19537.2578125
70,1775489576.2751005,0.12194982171058655,262.4030076562388,62.0,6562.0,0.8,19537.2578125
71,1775489576.466622,0.12155301496386528,263.25961564600277,63.0,6562.0,1.4,19537.2578125
72,1775489576.6531549,0.12117740698158741,264.07562925374623,65.0,6562.0,1.1,19537.2578125
73,1775489576.8399487,0.12129472009837627,263.8202221337116,65.0,6562.0,0.9,19537.2578125
74,1775489577.0307343,0.12116078659892082,264.11185415896784,63.0,6562.0,0.9,19537.2578125
75,1775489577.2233589,0.12161030247807503,263.13560075034957,62.0,6562.0,0.9,19537.2578125
76,1775489577.4115174,0.12121711671352386,263.9891202463311,65.0,6562.0,0.9,19537.25390625
77,1775489577.5992496,0.12179480493068695,262.7369863452805,64.0,6562.0,0.9,19537.25390625
78,1775489577.788394,0.12140136957168579,263.5884596104532,64.0,6562.0,0.9,19538.73046875
79,1775489577.9808087,0.12155343219637871,263.258712006598,59.0,6562.0,0.9,19538.73046875
80,1775489578.1746612,0.12116677686572075,264.0987969454943,59.0,6562.0,0.8,19538.73046875
81,1775489578.3597646,0.12138828076422215,263.61688128819475,59.0,6562.0,0.8,19538.9765625
82,1775489578.5482569,0.12123435549438,263.95158261457834,59.0,6562.0,0.9,19538.9765625
83,1775489578.742062,0.12159809656441212,263.1620140784784,59.0,6562.0,0.9,19538.9765625
84,1775489578.9317138,0.12110303528606892,264.23780316000983,59.0,6562.0,0.8,19538.9765625
85,1775489579.1212416,0.12177879549562931,262.7715266008563,59.0,6562.0,0.9,19544.63671875
86,1775489579.321244,0.12162314541637897,263.10781463879624,59.0,6562.0,0.9,19544.63671875
87,1775489579.5122302,0.12113449722528458,264.16917338160704,61.0,6562.0,1.0,19544.8828125
88,1775489579.7037148,0.12152145244181156,263.32799153567265,63.0,6562.0,1.0,19544.8828125
89,1775489579.8959973,0.12126884795725346,263.87650694331495,62.0,6562.0,0.9,19544.8828125
90,1775489580.0830564,0.12142287194728851,263.5417816001888,65.0,6562.0,1.0,19544.8828125
91,1775489580.272998,0.1211855560541153,264.05787159742397,63.0,6562.0,0.9,19544.8828125
92,1775489580.4628978,0.1215487252920866,263.2689065484042,64.0,6562.0,0.9,19544.8828125
93,1775489580.6533544,0.12152809090912342,263.31360725421945,63.0,6562.0,0.9,19544.8828125
94,1775489580.8402598,0.12156949192285538,263.2239346719184,65.0,6562.0,0.9,19544.8828125
95,1775489581.0266087,0.12143739126622677,263.5102719708999,66.0,6562.0,0.8,19544.8828125
96,1775489581.2194655,0.12144199199974537,263.5002890933072,62.0,6562.0,0.9,19544.8828125
97,1775489581.410797,0.12117565423250198,264.07944898404264,63.0,6562.0,0.9,19544.8828125
98,1775489581.601538,0.12165404297411442,263.0409908103833,63.0,6562.0,0.8,19544.8828125
99,1775489581.7925167,0.12045040354132652,265.6695125892277,63.0,6562.0,0.8,19544.8828125
100,1775489581.9787447,0.12154990248382092,263.2663568303513,60.0,6562.0,0.9,19544.8828125
101,1775489582.172187,0.12113910354673862,264.15912833343333,59.0,6562.0,0.9,19544.8828125
102,1775489582.3614597,0.12166265211999416,263.02237738857485,59.0,6562.0,0.9,19544.8828125
103,1775489582.549255,0.12125398777425289,263.9088461121515,59.0,6562.0,0.9,19544.8828125
104,1775489582.735264,0.12121004797518253,264.004515587288,59.0,6562.0,0.9,19544.8828125
105,1775489582.9289544,0.12122591771185398,263.96995464337823,59.0,6562.0,0.9,19544.8828125
106,1775489583.1197095,0.12153112143278122,263.30704121494654,59.0,6562.0,0.9,19544.8828125
107,1775489583.3065722,0.12130202911794186,263.8043257206063,63.0,6562.0,0.8,19544.8828125
108,1775489583.4965818,0.12141246907413006,263.5643624087898,64.0,6562.0,0.8,19544.8828125
109,1775489583.6878395,0.12133774906396866,263.72666583034896,63.0,6562.0,0.8,19544.8828125
110,1775489583.879349,0.12150384113192558,263.3661594719073,63.0,6562.0,0.8,19544.8828125
111,1775489584.064918,0.1215079128742218,263.35733404559926,66.0,6562.0,0.9,19544.8828125
112,1775489584.254568,0.12181277573108673,262.69822527189626,64.0,6562.0,0.9,19544.8828125
113,1775489584.442414,0.12151739373803139,263.33678674006103,65.0,6562.0,0.9,19544.8828125
114,1775489584.6336496,0.12120554596185684,264.01432167196657,63.0,6562.0,0.8,19544.8828125
115,1775489584.8236086,0.12148888036608696,263.398591735912,64.0,6562.0,0.9,19544.8828125
116,1775489585.0153973,0.12133794836699963,263.7262326474531,63.0,6562.0,0.9,19544.8828125
117,1775489585.202265,0.12182175926864147,262.67885303998577,65.0,6562.0,0.9,19544.8828125
118,1775489585.3893354,0.12120586633682251,264.01362382142685,65.0,6562.0,0.8,19544.859375
119,1775489585.5826302,0.12149040214717388,263.39529242182516,61.0,6562.0,0.8,19544.859375
120,1775489585.7734625,0.12127208709716797,263.86945888348026,59.0,6562.0,0.8,19544.859375
121,1775489585.9603312,0.12165238708257675,263.0445712362276,59.0,6562.0,0.9,19540.4296875
122,1775489586.1586304,0.12212310545146465,262.03067700991073,59.0,6562.0,0.9,19513.46875
123,1775489586.3484187,0.12126750871539116,263.8794211160255,59.0,6562.0,0.9,19532.171875
124,1775489586.5333753,0.12121807783842087,263.9870271054355,59.0,6562.0,0.8,19532.41796875
125,1775489586.722089,0.12154808081686497,263.27030245927136,59.0,6562.0,0.9,19532.41796875
126,1775489586.9088047,0.12116553448140621,264.1015049119488,62.0,6562.0,0.9,19532.41796875
127,1775489587.0940738,0.12135007977485657,263.6998678482148,66.0,6562.0,0.8,19532.41796875
128,1775489587.2821214,0.12153428234159946,263.300193027485,65.0,6562.0,0.9,19532.41796875
129,1775489587.469793,0.12125720828771591,263.9018368629372,64.0,6562.0,0.8,19532.41796875
130,1775489587.656859,0.12133543938398361,263.7316859976198,65.0,6562.0,0.9,19532.41796875
131,1775489587.8437023,0.1214735396206379,263.43185602342754,65.0,6562.0,0.9,19497.47265625
132,1775489588.0414667,0.12215970270335674,261.952176469407,60.0,6562.0,0.9,19514.08203125
133,1775489588.232265,0.12126944772899151,263.87520186875446,63.0,6562.0,0.9,19531.80078125
134,1775489588.4242644,0.12171334400773048,262.91283228540294,63.0,6562.0,0.9,19532.5390625
135,1775489588.61593,0.12137431092560291,263.6472228428517,63.0,6562.0,0.9,19532.5390625
136,1775489588.8090265,0.1211842279881239,264.060765425151,62.0,6562.0,0.8,19532.5390625
137,1775489588.9962084,0.12136550061404705,263.66636184168027,65.0,6562.0,0.9,19532.5390625
138,1775489589.1840763,0.12142406962811947,263.539182124311,65.0,6562.0,0.9,19532.5390625
139,1775489589.3693676,0.1211831159889698,264.0631884965944,59.0,6562.0,0.9,19532.5390625
140,1775489589.5638714,0.12139461189508438,263.60313279518607,59.0,6562.0,0.9,19536.96875
141,1775489589.753754,0.12134595960378647,263.7088214925738,59.0,6562.0,0.8,19536.96875
142,1775489589.945875,0.12159689329564571,263.16461821270804,59.0,6562.0,0.9,19536.96875
143,1775489590.1390145,0.12168586626648903,262.9722003204612,59.0,6562.0,0.8,19536.96875
144,1775489590.3257203,0.1213271003216505,263.74981282141204,59.0,6562.0,0.8,19536.96875
145,1775489590.5139663,0.12140125967562199,263.5886982186378,59.0,6562.0,0.9,19496.609375
146,1775489590.7116904,0.12126193940639496,263.891540549717,59.0,6562.0,0.9,19513.8671875
147,1775489590.9074008,0.12123165838420391,263.9574548966947,61.0,6562.0,0.9,19532.32421875
148,1775489591.1001656,0.12165407463908195,263.0409223442471,62.0,6562.0,0.9,19532.32421875
149,1775489591.2966452,0.12150880321860313,263.3554043193865,60.0,6562.0,1.0,19532.32421875
150,1775489591.4844434,0.1212178859859705,263.9874449196681,65.0,6562.0,0.9,19532.81640625
151,1775489591.6732566,0.12190655246376991,262.49614440954895,64.0,6562.0,0.9,19532.81640625
152,1775489591.8647592,0.12141004018485546,263.56963519061287,63.0,6562.0,0.8,19532.81640625
153,1775489592.058655,0.12163770385086536,263.0763240913672,62.0,6562.0,0.9,19532.81640625
154,1775489592.252471,0.12130059860646725,263.8074367944124,62.0,6562.0,0.9,19532.81640625
155,1775489592.4469244,0.12107170559465885,264.3061799024635,61.0,6562.0,0.9,19514.48046875
156,1775489592.6348598,0.12124364636838436,263.93135606274836,65.0,6562.0,0.9,19532.4453125
157,1775489592.8251812,0.12118713557720184,264.05442993257736,63.0,6562.0,0.8,19532.4453125
158,1775489593.0167737,0.12141094915568829,263.5676619162709,63.0,6562.0,0.8,19532.4453125
159,1775489593.2145538,0.12127323634922504,263.8669583109916,60.0,6562.0,0.9,19513.86328125
160,1775489593.4081814,0.12100041098892689,264.46191164531183,62.0,6562.0,0.8,19532.56640625
161,1775489593.5936902,0.12120326794683933,264.01928382026335,65.0,6562.0,0.8,19532.56640625
162,1775489593.7861497,0.1210753545165062,264.2982143458225,65.0,6562.0,0.9,19532.56640625
163,1775489593.9757156,0.12132651917636395,263.75107616401505,59.0,6562.0,0.8,19532.56640625
164,1775489594.1682887,0.12177080661058426,262.7887659669865,59.0,6562.0,0.9,19532.56640625
165,1775489594.3594828,0.12135752104222775,263.68369858894226,59.0,6562.0,0.8,19532.56640625
166,1775489594.5486572,0.1210622638463974,264.3267933647869,59.0,6562.0,0.8,19532.56640625
167,1775489594.7347486,0.12126119807362556,263.8931538559492,59.0,6562.0,0.9,19532.56640625
168,1775489594.9211457,0.12139932997524738,263.59288808698216,59.0,6562.0,0.8,19532.56640625
169,1775489595.106055,0.1212379951030016,263.94365869225555,62.0,6562.0,0.8,19532.56640625
170,1775489595.2930956,0.12137623876333237,263.6430352928943,65.0,6562.0,0.9,19532.56640625
171,1775489595.4817452,0.12173079513013363,262.8751415431987,65.0,6562.0,0.9,19532.56640625
172,1775489595.6728754,0.12138837017118931,263.6166871247356,62.0,6562.0,0.8,19532.56640625
173,1775489595.859854,0.1215332429856062,263.30244477875016,65.0,6562.0,0.9,19532.56640625
174,1775489596.0503383,0.12118476815521717,264.0595884048185,63.0,6562.0,0.9,19532.56640625
175,1775489596.2363777,0.12158232368528843,263.19615409581144,66.0,6562.0,0.9,19532.56640625
176,1775489596.4283683,0.12165053747594357,263.04857063478255,63.0,6562.0,0.8,19532.56640625
177,1775489596.6211443,0.12169954739511013,262.9426377084929,62.0,6562.0,0.9,19532.56640625
178,1775489596.8123498,0.12144454009830952,263.49476044041137,63.0,6562.0,0.8,19497.62109375
179,1775489597.0053012,0.12142406962811947,263.539182124311,62.0,6562.0,0.9,19513.4921875
180,1775489597.200534,0.12170766480267048,262.9251005011302,61.0,6562.0,0.9,19531.703125
181,1775489597.3918366,0.1213373001664877,263.7276415091863,62.0,6562.0,0.9,19532.44140625
182,1775489597.582718,0.12130780890583992,263.79175659531245,62.0,6562.0,0.9,19532.44140625
183,1775489597.7739131,0.12150051258504391,263.37337447528625,59.0,6562.0,0.8,19532.44140625
184,1775489597.96705,0.12117654830217361,264.07750054245435,59.0,6562.0,0.9,19532.44140625
185,1775489598.1597254,0.12155314348638058,263.25933729213216,59.0,6562.0,0.9,19532.44140625
186,1775489598.347326,0.12119273655116558,264.0422265445762,59.0,6562.0,0.9,19532.44140625
187,1775489598.5406575,0.12148533202707767,263.4062850720741,59.0,6562.0,0.9,19532.44140625
188,1775489598.7324543,0.12156343273818493,263.2370547557622,59.0,6562.0,0.8,19532.44140625
189,1775489598.93059,0.12183559872210026,262.64901503041074,59.0,6562.0,0.9,19532.44140625
190,1775489599.1237793,0.12129015661776066,263.8301482357407,59.0,6562.0,0.9,19532.44140625
191,1775489599.3162858,0.12160970456898212,263.13689448894485,59.0,6562.0,0.9,19532.44140625
192,1775489599.5093536,0.1213645190000534,263.66849441380737,60.0,6562.0,0.9,19532.44140625
193,1775489599.6959915,0.1214759312570095,263.42666953749745,65.0,6562.0,0.9,19532.44140625
194,1775489599.8872926,0.12122136540710926,263.97986767869963,63.0,6562.0,0.9,19532.44140625
195,1775489600.0744345,0.1214892715215683,263.3977436791113,65.0,6562.0,0.9,19532.44140625
196,1775489600.2662256,0.1211125236004591,264.21710198662475,62.0,6562.0,0.9,19532.44140625
197,1775489600.4528756,0.1212412491440773,263.93657460566686,65.0,6562.0,0.9,19532.44140625
198,1775489600.6440518,0.12113498523831367,264.16810913086033,63.0,6562.0,0.8,19532.44140625
199,1775489600.8287966,0.12127533555030823,263.8623909370719,66.0,6562.0,0.8,19532.44140625
200,1775489601.0208862,0.12130982056260109,263.7873821887868,63.0,6562.0,0.9,19532.44140625
201,1775489601.2115145,0.12140093930065632,263.5893938246242,63.0,6562.0,0.8,19532.44140625
202,1775489601.4000034,0.12176382541656494,262.8038326697206,64.0,6562.0,0.9,19532.44140625
203,1775489601.5933568,0.12145001068711281,263.48289159430726,62.0,6562.0,0.8,19532.44140625
204,1775489601.7854915,0.1212480179965496,263.92183995049413,62.0,6562.0,0.8,19532.44140625
205,1775489601.9710088,0.12130887061357498,263.7894478626781,60.0,6562.0,0.9,19497.49609375
206,1775489602.167836,0.12112677469849586,264.18601568194293,59.0,6562.0,1.0,19513.61328125
207,1775489602.358022,0.12148719094693661,263.40225459634684,59.0,6562.0,0.9,19532.8125
208,1775489602.5451844,0.12107215449213982,264.30519993825243,59.0,6562.0,1.0,19532.8125
209,1775489602.7358024,0.12138203904032707,263.63043703169757,59.0,6562.0,0.9,19532.8125
210,1775489602.925253,0.12105479277670383,264.3431066709337,59.0,6562.0,1.0,19532.8125
211,1775489603.119015,0.1215120404958725,263.3483881055143,59.0,6562.0,0.8,19532.8125
212,1775489603.3049576,0.12112823128700256,264.18283879815635,61.0,6562.0,0.8,19532.8125
213,1775489603.496895,0.12152865342795849,263.31238845635215,63.0,6562.0,0.8,19532.8125
214,1775489603.6885095,0.12143239006400108,263.5211246615039,63.0,6562.0,0.8,19497.8671875
215,1775489603.8855932,0.12115700542926788,264.12009678368764,60.0,6562.0,0.8,19513.73828125
216,1775489604.076834,0.12150802090764046,263.3570998932123,63.0,6562.0,0.9,19531.94921875
217,1775489604.267488,0.1212548278272152,263.90701775272095,63.0,6562.0,0.8,19531.94921875
218,1775489604.4537802,0.12181827053427696,262.686375858504,66.0,6562.0,0.9,19532.44140625
219,1775489604.6465702,0.12118463590741158,264.0598765708954,62.0,6562.0,0.8,19532.44140625
220,1775489604.8338428,0.12174466624855995,262.84519056191925,65.0,6562.0,0.8,19532.44140625
221,1775489605.0249035,0.12116129510104656,264.11074570730295,63.0,6562.0,0.9,19532.44140625
222,1775489605.2124135,0.12140706181526184,263.5761011059848,65.0,6562.0,0.9,19532.44140625
223,1775489605.398849,0.12149613164365292,263.3828712658582,66.0,6562.0,0.9,19532.4375
224,1775489605.5855815,0.12115478515625,264.1249370277078,66.0,6562.0,0.9,19532.4375
225,1775489605.7794611,0.12115781381726265,264.1183345241297,63.0,6562.0,0.9,19532.4375
226,1775489605.970426,0.12133677862584591,263.7287750870262,59.0,6562.0,0.9,19532.4375
227,1775489606.1623857,0.12114821560680866,264.13925982911104,59.0,6562.0,0.8,19532.4375
228,1775489606.3478951,0.12119671888649464,264.033550528453,59.0,6562.0,0.8,19532.4375
229,1775489606.539067,0.1212509460747242,263.915466525755,59.0,6562.0,0.9,19497.4921875
230,1775489606.736408,0.12156486324965954,263.23395712033283,59.0,6562.0,0.9,19513.36328125
231,1775489606.934181,0.12246007099747658,261.30966395290915,59.0,6562.0,0.9,19532.55859375
232,1775489607.1197684,0.1212806161493063,263.85090227943266,59.0,6562.0,0.8,19532.55859375
233,1775489607.3102033,0.12137212976813316,263.6519608013153,59.0,6562.0,0.8,19532.55859375
234,1775489607.4967864,0.1216070931404829,263.14254517236895,65.0,6562.0,0.8,19532.8046875
235,1775489607.682794,0.12121681869029999,263.9897692890096,66.0,6562.0,0.9,19532.8046875
236,1775489607.8696961,0.12134908884763718,263.7020212008216,65.0,6562.0,0.8,19532.8046875
237,1775489608.0631328,0.12119620479643345,264.034670505967,62.0,6562.0,0.9,19532.8046875
238,1775489608.2555695,0.12155725434422493,263.2504343128929,63.0,6562.0,0.9,19532.8046875
239,1775489608.4419672,0.12119047716259956,264.0471491589727,65.0,6562.0,0.9,19532.8046875
240,1775489608.628911,0.12139927037060261,263.59301750588565,65.0,6562.0,0.9,19532.8046875
241,1775489608.8198853,0.1212634090334177,263.88834237029783,63.0,6562.0,0.8,19532.8046875
242,1775489609.0069835,0.1212370079010725,263.9458079179214,65.0,6562.0,0.9,19532.8046875
243,1775489609.1989038,0.12133888900279999,263.7241882053294,63.0,6562.0,0.9,19532.8046875
244,1775489609.3894396,0.121369369328022,263.6579573344769,63.0,6562.0,0.8,19532.8046875
245,1775489609.5816102,0.12135970033705235,263.6789635367127,63.0,6562.0,0.9,19532.8046875
246,1775489609.7730856,0.12180263921618462,262.7200872322968,59.0,6562.0,0.9,19532.8046875
247,1775489609.9628289,0.12115839682519436,264.1170636003805,59.0,6562.0,0.9,19532.8046875
248,1775489610.1547265,0.12180865556001663,262.7071110249075,59.0,6562.0,0.9,19532.8046875
249,1775489610.341441,0.12118840776383877,264.0516579965203,59.0,6562.0,0.8,19532.8046875
250,1775489610.5342882,0.12143979966640472,263.5050460220129,59.0,6562.0,0.9,19532.8046875
251,1775489610.7213814,0.12119761481881142,264.03159870629065,59.0,6562.0,0.9,19532.8046875
252,1775489610.9143283,0.12155994214117527,263.244613614873,59.0,6562.0,0.8,19497.859375
253,1775489611.1086528,0.1213167067617178,263.7724090454604,59.0,6562.0,0.9,19517.66796875
254,1775489611.2945135,0.12137730047106743,263.640729162763,65.0,6562.0,0.8,19517.66796875
255,1775489611.48027,0.12104867212474346,264.35647279982766,66.0,6562.0,0.9,19518.16015625
256,1775489611.6764,0.12138227000832558,263.62993539175966,61.0,6562.0,0.9,19532.43359375
257,1775489611.8620303,0.12102674134075642,264.404375805695,65.0,6562.0,0.8,19532.43359375
258,1775489612.0511339,0.1214703917503357,263.43868278428897,64.0,6562.0,0.9,19532.43359375
259,1775489612.2430182,0.1212124153971672,263.9993592665249,63.0,6562.0,0.9,19532.43359375
260,1775489612.4362009,0.12148643098771572,263.4039023109974,62.0,6562.0,0.9,19532.43359375
261,1775489612.6271036,0.12119721807539463,264.03246302314767,63.0,6562.0,1.0,19532.43359375
262,1775489612.8184905,0.12118988484144211,264.04843970160516,63.0,6562.0,0.8,19532.43359375
263,1775489613.010324,0.1215252224355936,263.31982249166,63.0,6562.0,0.9,19532.43359375
264,1775489613.21038,0.12204597145318985,262.1962824252126,59.0,6562.0,0.9,19497.48828125
265,1775489613.4055698,0.12122948840260506,263.9621796779963,61.0,6562.0,0.9,19514.09765625
266,1775489613.597558,0.12131213769316673,263.78234370032453,63.0,6562.0,0.9,19532.30859375
267,1775489613.7831235,0.12104069255292416,264.37390042202736,63.0,6562.0,0.9,19532.30859375
268,1775489613.9768884,0.12134202755987644,263.71736688023896,63.0,6562.0,0.9,19532.30859375
269,1775489614.1709228,0.12158165127038956,263.1976097185431,59.0,6562.0,0.9,19532.30859375
270,1775489614.3576458,0.1212102361023426,264.00410583295235,59.0,6562.0,0.9,19532.30859375
271,1775489614.5507104,0.12160984426736832,263.1365922124332,59.0,6562.0,0.8,19532.30859375
272,1775489614.73767,0.1212539579719305,263.9089109768094,59.0,6562.0,0.8,19532.30859375
273,1775489614.930345,0.12146063148975372,263.45985203196875,59.0,6562.0,0.9,19532.30859375
274,1775489615.1208866,0.12115165591239929,264.1317591493601,59.0,6562.0,0.9,19548.05859375
275,1775489615.3130307,0.12139542028307915,263.6013774274182,59.0,6562.0,0.9,19548.05859375
276,1775489615.499985,0.12116447649896145,264.10381099013193,62.0,6562.0,0.9,19548.3046875
277,1775489615.6917741,0.1214811522513628,263.4153480351189,63.0,6562.0,0.9,19548.3046875
278,1775489615.8771205,0.12129520066082478,263.81917689786366,66.0,6562.0,0.8,19547.8125
279,1775489616.0624352,0.12109328433871269,264.25908071410544,65.0,6562.0,0.9,19547.8125
280,1775489616.2512138,0.12199199013411999,262.31230398666895,65.0,6562.0,0.9,19547.8125
281,1775489616.4388404,0.12153416499495506,263.30044725553785,65.0,6562.0,0.8,19547.8125
282,1775489616.6296477,0.12153556384146214,263.29741672768813,63.0,6562.0,0.9,19547.8125
283,1775489616.8214898,0.12110735289752483,264.2283827892502,63.0,6562.0,0.8,19547.8125
284,1775489617.0089269,0.12156294099986553,263.2381195847787,65.0,6562.0,0.9,19547.8125
285,1775489617.1969504,0.12130462937057018,263.7986708837309,65.0,6562.0,0.9,19547.8125
286,1775489617.388277,0.12137176096439362,263.65276194178085,63.0,6562.0,0.8,19547.8125
287,1775489617.5752892,0.12141378968954086,263.5614956243856,63.0,6562.0,0.9,19547.8125
288,1775489617.7653248,0.12133460119366646,263.73350787978165,59.0,6562.0,0.8,19547.8125
289,1775489617.9521718,0.12169266492128372,262.9575087430211,59.0,6562.0,0.9,19547.8125
290,1775489618.1376243,0.1211145631968975,264.21265251130194,59.0,6562.0,0.8,19547.8125
291,1775489618.3313644,0.12153058499097824,263.30820346479453,59.0,6562.0,0.9,19547.8125
292,1775489618.517279,0.12123331986367702,263.9538374102348,59.0,6562.0,0.9,19547.8125
293,1775489618.7033257,0.12129694037139416,263.81539305130457,59.0,6562.0,0.9,19547.8125
294,1775489618.8937645,0.12154661118984222,263.2734856755453,64.0,6562.0,0.8,19547.8125
295,1775489619.0862412,0.1213740985840559,263.64768408837125,62.0,6562.0,0.9,19547.8125
296,1775489619.2784953,0.12132428772747517,263.75592718813266,63.0,6562.0,0.8,19547.8125
297,1775489619.4704375,0.12151029147207737,263.35217875231154,63.0,6562.0,0.9,19547.8125
298,1775489619.6650786,0.12124045751988888,263.93829794605125,61.0,6562.0,0.9,19547.8125
299,1775489619.8521554,0.12155758403241634,263.24972032568866,65.0,6562.0,0.9,19547.8125
300,1775489620.0385518,0.12117818742990494,264.07392847421715,65.0,6562.0,0.9,19547.8125
301,1775489620.2257326,0.12141163274645805,263.5661779363851,65.0,6562.0,0.9,19547.8125
302,1775489620.4122417,0.12145248055458069,263.47753338491276,66.0,6562.0,0.9,19547.8125
303,1775489620.5989313,0.12115833535790443,264.1171975949594,65.0,6562.0,0.9,19547.8125
304,1775489620.78644,0.12123168632388115,263.9573940637036,65.0,6562.0,0.8,19547.8125
305,1775489620.975852,0.12121126800775528,264.0018582921894,65.0,6562.0,0.9,19547.8125
306,1775489621.1696954,0.1216299869120121,263.0930152376733,59.0,6562.0,0.8,19547.8125
307,1775489621.3565779,0.12128850817680359,263.8337339705197,59.0,6562.0,0.9,19547.8125
308,1775489621.5502636,0.12138327211141586,263.6277589438163,59.0,6562.0,0.9,19547.8125
309,1775489621.7371714,0.12105453573167324,264.3436679723466,59.0,6562.0,0.8,19547.8125
310,1775489621.9283345,0.12146385200321674,263.45286661213856,59.0,6562.0,0.8,19547.8125
311,1775489622.1202457,0.12106805667281151,264.31414593925916,59.0,6562.0,0.8,19547.8125
312,1775489622.3078268,0.12146556191146374,263.44915790473027,59.0,6562.0,0.9,19547.8125
313,1775489622.4962082,0.12121322564780712,263.9975945609935,63.0,6562.0,0.9,19547.8125
314,1775489622.6837358,0.12140455096960068,263.58155229298364,65.0,6562.0,1.0,19547.8125
315,1775489622.8760085,0.12116387486457825,264.10512238706116,62.0,6562.0,0.9,19547.8125
316,1775489623.0676444,0.12144283205270767,263.498466390438,63.0,6562.0,0.9,19547.8125
317,1775489623.2550242,0.1213384997099638,263.725034317136,65.0,6562.0,0.9,19547.8125
318,1775489623.4542198,0.12239814922213554,261.4418616896279,59.0,6562.0,0.9,19516.74609375
319,1775489623.6407692,0.12124894745647907,263.9198168007688,65.0,6562.0,0.9,19516.74609375
320,1775489623.830372,0.12137937918305397,263.63621411953625,64.0,6562.0,0.9,19535.203125
321,1775489624.0212855,0.12114512547850609,264.14599740273934,63.0,6562.0,0.8,19535.203125
322,1775489624.2132328,0.12130125984549522,263.8059987238326,63.0,6562.0,0.8,19535.203125
323,1775489624.4048588,0.12131110765039921,263.78458345479214,63.0,6562.0,0.9,19534.95703125
324,1775489624.5969093,0.12129615992307663,263.817090502236,63.0,6562.0,0.8,19534.95703125
325,1775489624.7896209,0.12157697230577469,263.20773904056216,62.0,6562.0,0.9,19534.95703125
326,1775489624.9766395,0.1211426742374897,264.151342220387,62.0,6562.0,0.8,19534.95703125
327,1775489625.1638377,0.12151468358933926,263.34265995494417,61.0,6562.0,0.9,19534.95703125
328,1775489625.3497577,0.12157873623073101,263.2039202913797,59.0,6562.0,0.8,19534.95703125
329,1775489625.5369263,0.12115409597754478,264.12643948852553,59.0,6562.0,0.9,19534.95703125
330,1775489625.7278712,0.12161235697567463,263.13115538415855,59.0,6562.0,0.9,19534.95703125
331,1775489625.9208488,0.121210977435112,264.00249116983315,59.0,6562.0,0.8,19534.95703125
332,1775489626.1116586,0.12151725217700005,263.33709351318544,59.0,6562.0,0.9,19534.95703125
333,1775489626.298258,0.12116062641143799,264.11220334347075,61.0,6562.0,0.9,19534.95703125
334,1775489626.4873595,0.12156768329441547,263.22785079733444,64.0,6562.0,0.9,19534.95703125
335,1775489626.6751754,0.12136384099721909,263.6699674059693,65.0,6562.0,0.9,19534.95703125
336,1775489626.8625088,0.12123588845133781,263.94824510107253,64.0,6562.0,0.9,19534.95703125
337,1775489627.0560136,0.12135977856814861,263.6787935636407,62.0,6562.0,0.9,19534.95703125
338,1775489627.242069,0.12137309089303017,263.6498730035851,66.0,6562.0,0.8,19534.95703125
339,1775489627.4342113,0.1211233027279377,264.19358851101606,62.0,6562.0,0.8,19534.95703125
340,1775489627.6275682,0.12161913327872753,263.1164943978197,62.0,6562.0,0.9,19534.95703125
341,1775489627.813361,0.12118263728916645,264.06423160804366,66.0,6562.0,0.9,19534.95703125
342,1775489628.0001814,0.12114343605935574,264.1496810798829,65.0,6562.0,0.9,19534.95703125
343,1775489628.1879425,0.12153995409607887,263.28790592354176,65.0,6562.0,0.9,19534.95703125
344,1775489628.3781192,0.12104425393044949,264.36612198367385,65.0,6562.0,0.9,19534.95703125
345,1775489628.5695028,0.1215722244232893,263.21801835740564,61.0,6562.0,0.8,19534.95703125
346,1775489628.762249,0.12118105590343475,264.0676775873265,59.0,6562.0,0.9,19534.95703125
347,1775489628.95363,0.1214180625975132,263.55222044743283,59.0,6562.0,0.8,19534.95703125
348,1775489629.1458952,0.12151243165135384,263.3475403719605,59.0,6562.0,0.8,19534.95703125
349,1775489629.333757,0.12112738378345966,264.18468723147396,59.0,6562.0,0.9,19534.95703125
350,1775489629.5212033,0.1211983673274517,264.02995936028526,59.0,6562.0,0.9,19497.05859375
351,1775489629.7199934,0.12120657786726952,264.0120739572604,59.0,6562.0,0.9,19513.0078125
352,1775489629.9159942,0.12116224505007267,264.10867499834933,59.0,6562.0,0.9,19531.7109375
353,1775489630.1084738,0.1215325128287077,263.304026677223,59.0,6562.0,0.9,19531.7109375
354,1775489630.2955072,0.12118332460522652,264.0627339136384,62.0,6562.0,0.9,19531.7109375
355,1775489630.4836001,0.12138316035270691,263.6280016685723,65.0,6562.0,0.9,19534.6640625
356,1775489630.6755302,0.12111957557499409,264.2017184099727,63.0,6562.0,0.9,19534.6640625
357,1775489630.868652,0.12147822417318821,263.4216973272384,62.0,6562.0,0.9,19534.6640625
358,1775489631.0617177,0.12136778049170971,263.66140890403636,62.0,6562.0,0.8,19534.6640625
359,1775489631.2533906,0.12128236889839172,263.847089157774,63.0,6562.0,0.8,19534.6640625
360,1775489631.4464996,0.12162847444415092,263.0962868377806,62.0,6562.0,0.9,19534.6640625
361,1775489631.632269,0.12125897966325283,263.8979817318841,66.0,6562.0,0.8,19534.6640625
362,1775489631.8238823,0.12192250974476337,262.46178877870756,63.0,6562.0,1.0,19534.6640625
363,1775489632.0084069,0.12168173678219318,262.98112474577084,67.0,6562.0,0.8,19534.6640625
364,1775489632.1945064,0.12126306816935539,263.88908414645226,66.0,6562.0,0.9,19534.6640625
365,1775489632.3815885,0.12133241817355156,263.7382529888081,64.0,6562.0,0.9,19534.90625
366,1775489632.5766578,0.12107264436781406,264.30413052501956,64.0,6562.0,1.0,19534.90625
367,1775489632.764173,0.12153509259223938,263.2984376567082,59.0,6562.0,0.9,19534.90625
368,1775489632.9549155,0.12121913768351078,263.9847190098672,59.0,6562.0,0.9,19534.90625
369,1775489633.1470044,0.12152688391506672,263.3162224612318,59.0,6562.0,0.9,19534.90625
370,1775489633.3402896,0.1212989091873169,263.8111110346732,59.0,6562.0,0.9,19534.90625
371,1775489633.5266352,0.1213761493563652,263.64322949516816,59.0,6562.0,0.8,19534.90625
372,1775489633.720054,0.12128295004367828,263.84582489521955,59.0,6562.0,0.9,19534.90625
373,1775489633.9074042,0.1214734110981226,263.4321347422388,59.0,6562.0,0.9,19534.90625
374,1775489634.101053,0.1212901771068573,263.8301036678991,59.0,6562.0,0.9,19534.90625
375,1775489634.2941246,0.12100526131689548,264.4513110566042,61.0,6562.0,0.8,19534.90625
376,1775489634.484826,0.12144034914672375,263.50385374252943,63.0,6562.0,0.9,19534.90625
377,1775489634.6775682,0.12122990749776363,263.96126715340694,62.0,6562.0,0.8,19534.90625
378,1775489634.863652,0.1215104628354311,263.3518073529151,65.0,6562.0,0.9,19534.90625
379,1775489635.0519443,0.12129654735326767,263.8162478508333,64.0,6562.0,0.9,19534.90625
380,1775489635.2384212,0.12120333686470985,264.0191336952974,65.0,6562.0,0.9,19534.90625
381,1775489635.4314783,0.12136642076075077,263.6643628395493,62.0,6562.0,0.9,19534.90625
382,1775489635.6231527,0.12147796526551247,263.4222587615631,63.0,6562.0,0.9,19534.90625
383,1775489635.8106182,0.12148541212081909,263.4061114117596,65.0,6562.0,0.9,19534.90625
384,1775489636.011139,0.12167161703109741,263.0029975834158,58.0,6562.0,0.9,19534.90625
385,1775489636.2008185,0.12129752710461617,263.8141169390929,64.0,6562.0,0.9,19534.90625
386,1775489636.3935366,0.12117771431803703,264.0749594930829,62.0,6562.0,0.9,19534.90625
387,1775489636.5844328,0.12163126282393932,263.09025539198626,63.0,6562.0,0.9,19534.90625
388,1775489636.772547,0.12113573588430882,264.1664721512216,63.0,6562.0,0.9,19534.90625
389,1775489636.9651303,0.12163358554244041,263.0852314127873,60.0,6562.0,0.9,19534.90625
390,1775489637.1598265,0.1213738415390253,263.64824244037004,59.0,6562.0,0.9,19537.859375
391,1775489637.3487961,0.12152676284313202,263.31648479196247,59.0,6562.0,0.9,19497.5
392,1775489637.542004,0.12142944894731045,263.5275073502569,59.0,6562.0,0.9,19513.7734375
393,1775489637.7382486,0.12122326716780663,263.97572634058054,59.0,6562.0,0.9,19532.23046875
394,1775489637.9325426,0.12125166691839695,263.91389754283693,59.0,6562.0,0.9,19532.23046875
395,1775489638.1257296,0.12159248441457748,263.17416042667503,59.0,6562.0,0.9,19532.23046875
396,1775489638.311393,0.12125340849161148,263.91010692465454,59.0,6562.0,0.9,19532.23046875
397,1775489638.500921,0.12137895077466965,263.6371446265461,59.0,6562.0,0.9,19532.23046875
398,1775489638.6877227,0.12171706557273865,262.9047935835806,64.0,6562.0,0.9,19532.23046875
399,1775489638.8736691,0.12114751525223255,264.14078681989554,66.0,6562.0,0.8,19532.23046875
400,1775489639.0654426,0.12150900065898895,263.3549763923,63.0,6562.0,0.8,19532.23046875
401,1775489639.2525685,0.12120024859905243,264.02586108433263,65.0,6562.0,0.9,19532.23046875
402,1775489639.4389155,0.12133585102856159,263.73079126026346,66.0,6562.0,0.9,19532.23046875
403,1775489639.6304557,0.1213478371500969,263.70474127543565,63.0,6562.0,0.8,19532.23046875
404,1775489639.824609,0.12240065075457096,261.43651853750447,62.0,6562.0,0.9,19532.23046875
405,1775489640.0187385,0.12144067883491516,263.50313838001824,61.0,6562.0,0.8,19532.23046875
406,1775489640.2098153,0.12135064974427223,263.6986292816319,63.0,6562.0,0.9,19532.23046875
407,1775489640.3945591,0.12115141749382019,264.13227894450586,66.0,6562.0,0.9,19532.23046875
408,1775489640.5824444,0.12161373719573021,263.12816905295716,65.0,6562.0,0.9,19532.23046875
409,1775489640.773,0.12123384699225426,263.95268973065345,65.0,6562.0,0.8,19532.23046875
410,1775489640.9590077,0.12133524008095264,263.7321191984306,60.0,6562.0,0.9,19532.23046875
411,1775489641.146089,0.12156891077756882,263.2251929816949,59.0,6562.0,0.9,19532.23046875
412,1775489641.333587,0.1210650447756052,264.32072163614356,59.0,6562.0,0.9,19532.23046875
413,1775489641.5207863,0.12159883417189121,263.1604177616131,59.0,6562.0,0.9,19532.23046875
414,1775489641.7117782,0.12125162035226822,263.9139988977589,59.0,6562.0,0.8,19532.23046875
415,1775489641.898173,0.12121809646487236,263.9869865410173,59.0,6562.0,0.9,19532.23046875
416,1775489642.0848665,0.12137805111706257,263.63909871264724,65.0,6562.0,0.9,19532.23046875
417,1775489642.2765138,0.12122680619359016,263.96801998477457,63.0,6562.0,0.9,19532.23046875
418,1775489642.4632545,0.12146429158747196,263.4519131654042,65.0,6562.0,0.9,19532.23046875
419,1775489642.6554577,0.12116159684956074,264.11008794917524,62.0,6562.0,1.0,19532.23046875
420,1775489642.8432238,0.12156201153993607,263.24013229648824,65.0,6562.0,0.9,19532.23046875
421,1775489643.0326803,0.12110483460128307,264.23387724655686,64.0,6562.0,0.9,19532.23046875
422,1775489643.2189229,0.12127629667520523,263.8602998053317,66.0,6562.0,0.9,19532.23046875
423,1775489643.41,0.12112034671008587,264.2000363208613,63.0,6562.0,0.9,19532.23046875
424,1775489643.602871,0.12145604193210602,263.46980760239177,62.0,6562.0,0.8,19532.23046875
425,1775489643.793211,0.1211929451674223,264.04177203378896,63.0,6562.0,0.8,19532.23046875
426,1775489643.9841115,0.12213587574660778,262.00327958010956,63.0,6562.0,0.9,19532.23046875
427,1775489644.172499,0.12122798711061478,263.9654485956409,63.0,6562.0,0.9,19532.23046875
428,1775489644.3636982,0.1215275339782238,263.3148139559385,61.0,6562.0,0.9,19532.23046875
429,1775489644.550263,0.12126456759870052,263.8858211732321,59.0,6562.0,0.8,19532.23046875
430,1775489644.7380128,0.12152868136763573,263.31232792032836,59.0,6562.0,0.9,19532.23046875
431,1775489644.9316375,0.12125016748905182,263.91716121043225,59.0,6562.0,0.9,19532.23046875
432,1775489645.120468,0.12157424539327621,263.21364279485624,59.0,6562.0,0.9,19532.23046875
433,1775489645.3069668,0.12141519971191883,263.55843482468606,59.0,6562.0,0.9,19532.23046875
434,1775489645.4944558,0.12130972743034363,263.7875847044046,60.0,6562.0,0.9,19532.23046875
435,1775489645.6918435,0.12120630592107773,264.0126663115736,60.0,6562.0,0.8,19514.6328125
436,1775489645.8829043,0.1216033473610878,263.1506508203225,63.0,6562.0,0.9,19514.6328125
437,1775489646.0732021,0.12124204821884632,263.9348350684313,63.0,6562.0,0.9,19531.3671875
438,1775489646.2652223,0.12146983109414577,263.43989871195464,63.0,6562.0,0.9,19531.3671875
439,1775489646.4567506,0.12153215147554874,263.3048095625801,62.0,6562.0,0.9,19532.3359375
440,1775489646.6428406,0.12140259891748428,263.585790463596,66.0,6562.0,0.8,19532.3359375
441,1775489646.8353472,0.12116842530667782,264.0952040022626,62.0,6562.0,0.9,19532.3359375
442,1775489647.0293221,0.1212261077016592,263.9695409404126,62.0,6562.0,0.9,19532.3359375
443,1775489647.2159293,0.12119136564433575,264.04521336867714,65.0,6562.0,0.9,19532.3359375
444,1775489647.4030201,0.121462382376194,263.4560542447571,65.0,6562.0,0.9,19532.3359375
445,1775489647.58963,0.12117214500904083,264.0870968951852,65.0,6562.0,0.8,19532.3359375
446,1775489647.778492,0.12231380678713322,261.6221409549509,64.0,6562.0,0.9,19532.3359375
447,1775489647.9708076,0.12120716832578182,264.010787827252,64.0,6562.0,0.9,19532.3359375
448,1775489648.1569357,0.12152889184653759,263.31187188317716,59.0,6562.0,0.8,19532.3203125
449,1775489648.3438036,0.12154218181967735,263.28308016945016,59.0,6562.0,0.9,19532.3203125
450,1775489648.5291622,0.12126482836902142,263.8852537078657,59.0,6562.0,0.9,19532.3203125
451,1775489648.7161808,0.12137778103351593,263.6396853487037,59.0,6562.0,0.9,19532.3203125
452,1775489648.9022229,0.12156178243458271,263.24062842053576,59.0,6562.0,0.8,19532.3203125
453,1775489649.0885582,0.12123999558389187,263.93930357624964,62.0,6562.0,0.8,19532.3203125
454,1775489649.281151,0.12161831557750702,263.118263462599,63.0,6562.0,0.8,19532.8125
455,1775489649.4676797,0.12140969932079315,263.5703751761087,65.0,6562.0,0.9,19533.55078125
456,1775489649.6529949,0.1212136559188366,263.996657451095,65.0,6562.0,0.8,19533.55078125
457,1775489649.8450415,0.12151956185698509,263.3320883567735,63.0,6562.0,0.8,19533.55078125
458,1775489650.0364118,0.12138507887721062,263.6238349556143,63.0,6562.0,0.8,19533.55078125
459,1775489650.2238157,0.12150184437632561,263.370487618994,65.0,6562.0,1.0,19533.55078125
460,1775489650.4172559,0.12138430029153824,263.6255258970318,62.0,6562.0,0.9,19533.55078125
461,1775489650.6088603,0.12142040021717548,263.5471464660306,63.0,6562.0,0.9,19533.55078125
462,1775489650.8013244,0.12140301987528801,263.5848764954298,62.0,6562.0,0.8,19533.55078125
463,1775489650.987186,0.12114541605114937,264.1453638368713,66.0,6562.0,0.9,19533.55078125
464,1775489651.1744041,0.12114456295967102,264.14722392991575,64.0,6562.0,0.8,19533.55078125
465,1775489651.3709102,0.12107721716165543,264.2941483968484,64.0,6562.0,0.9,19495.65234375
466,1775489651.5616772,0.12147371284663677,263.4314803598759,59.0,6562.0,0.9,19513.078125
467,1775489651.754418,0.12130004912614822,263.8086318227374,59.0,6562.0,0.9,19531.78125
468,1775489651.9470084,0.12119743600487709,264.0319882568497,59.0,6562.0,0.9,19531.78125
469,1775489652.1339264,0.121210977435112,264.00249116983315,59.0,6562.0,0.9,19531.78125
470,1775489652.3205256,0.12147463113069534,263.4294889570069,59.0,6562.0,0.9,19531.78125
471,1775489652.5077534,0.1213011983782053,263.806132402972,59.0,6562.0,0.9,19532.2734375
472,1775489652.7002952,0.12164675444364548,263.05675105228096,59.0,6562.0,0.9,19532.2734375
473,1775489652.8935797,0.12133740819990635,263.72740669785213,59.0,6562.0,0.8,19532.2734375
474,1775489653.0865242,0.1212126761674881,263.99879131274474,62.0,6562.0,0.9,19514.67578125
475,1775489653.2742574,0.1213008277118206,263.8069385315632,65.0,6562.0,0.9,19514.67578125
476,1775489653.4664145,0.12130590155720711,263.79590431475424,63.0,6562.0,0.9,19532.1484375
477,1775489653.6515558,0.12113611586391926,264.1656435141759,65.0,6562.0,0.8,19532.1484375
478,1775489653.8381703,0.12148113362491131,263.41538842405055,65.0,6562.0,0.8,19532.1484375
479,1775489654.030895,0.12121381610631943,263.99630857205307,62.0,6562.0,0.9,19532.1484375
480,1775489654.2225058,0.12145468033850193,263.4727612868764,63.0,6562.0,0.8,19532.1484375
481,1775489654.4131768,0.12128889746963978,263.832887161086,63.0,6562.0,0.8,19532.1484375
482,1775489654.604314,0.12148995138704777,263.39626968861864,63.0,6562.0,0.8,19532.1484375
483,1775489654.7913182,0.12112019583582878,264.2003654235673,65.0,6562.0,0.9,19532.1484375
484,1775489654.9779906,0.12158639170229435,263.18734812323703,65.0,6562.0,0.9,19532.1484375
485,1775489655.1692522,0.12106590531766415,264.3188428322192,65.0,6562.0,0.8,19532.1484375
486,1775489655.3615882,0.1214399691671133,263.5046782329536,60.0,6562.0,0.8,19532.1484375
487,1775489655.5519466,0.12113358825445175,264.1711556730342,59.0,6562.0,0.9,19532.1484375
488,1775489655.7386003,0.12148145213723183,263.4146977750243,59.0,6562.0,0.9,19532.1484375
489,1775489655.9284897,0.12112435512244701,264.1912930529171,59.0,6562.0,0.8,19532.1484375
490,1775489656.1152065,0.12123935483396053,263.94069849534065,59.0,6562.0,0.9,19532.1484375
491,1775489656.3029919,0.12138707935810089,263.6194903874211,59.0,6562.0,0.9,19532.1484375
492,1775489656.4942808,0.12147466465830803,263.42941624915545,59.0,6562.0,0.9,19532.1484375
493,1775489656.6814106,0.12155156396329403,263.262758261698,65.0,6562.0,0.8,19532.1484375
494,1775489656.872534,0.12117116339504719,264.0892362787035,63.0,6562.0,0.8,19532.1484375
495,1775489657.0599318,0.12148722261190414,263.4021859420171,65.0,6562.0,0.9,19532.1484375
496,1775489657.2476535,0.12121998891234398,263.9828652611055,64.0,6562.0,0.9,19532.1484375
497,1775489657.4393547,0.1214125007390976,263.5642936699291,63.0,6562.0,0.8,19532.1484375
498,1775489657.6257923,0.12128160707652569,263.84874649466667,65.0,6562.0,0.9,19532.1484375
499,1775489657.81196,0.12130387872457504,263.800303308167,66.0,6562.0,0.9,19532.1484375
500,1775489657.998527,0.12156769260764122,263.22783063161154,66.0,6562.0,0.9,19532.1484375
501,1775489658.189541,0.12117594666779041,264.078811678109,63.0,6562.0,0.9,19497.203125
502,1775489658.3878598,0.12123385816812515,263.9526653983322,59.0,6562.0,0.9,19516.765625
503,1775489658.5749636,0.12136154808104038,263.67494899316614,65.0,6562.0,0.9,19516.765625
504,1775489658.7670362,0.12126320600509644,263.888784192751,65.0,6562.0,0.9,19532.26953125
505,1775489658.9569552,0.12157081253826618,263.22107528834306,59.0,6562.0,0.9,19532.26953125
506,1775489659.1473224,0.12112136743962765,264.19780982038736,59.0,6562.0,0.8,19532.26953125
507,1775489659.3339403,0.12142591178417206,263.53518396368526,59.0,6562.0,0.9,19532.26953125
508,1775489659.5195231,0.12153522297739983,263.2981551854361,59.0,6562.0,0.8,19532.26953125
509,1775489659.705537,0.12123800627887249,263.9436343615993,59.0,6562.0,0.9,19532.26953125
510,1775489659.9061325,0.121925488114357,262.4553774185951,59.0,6562.0,0.9,19532.26953125
511,1775489660.102925,0.12138311006128788,263.62811089485837,59.0,6562.0,0.9,19532.26953125
512,1775489660.2955718,0.12147804163396358,263.422093158384,59.0,6562.0,0.9,19532.26953125
513,1775489660.4827929,0.12135865911841393,263.68122581822917,63.0,6562.0,0.9,19532.51171875
514,1775489660.6694758,0.12114213593304157,264.1525159973012,65.0,6562.0,0.8,19532.51171875
515,1775489660.8573215,0.12157412245869637,263.2139089539527,65.0,6562.0,0.9,19532.51171875
516,1775489661.0442874,0.12123152613639832,263.95774283989965,65.0,6562.0,0.9,19497.56640625
517,1775489661.2377503,0.121541453525424,263.28465780036316,62.0,6562.0,0.8,19513.4375
518,1775489661.4341908,0.12145389057695866,263.47447453503645,60.0,6562.0,0.9,19532.140625
519,1775489661.6192336,0.12148493900895119,263.4071372225177,66.0,6562.0,0.8,19532.140625
520,1775489661.8109605,0.12114505656063557,264.14614767201294,63.0,6562.0,0.9,19532.140625
521,1775489661.9993024,0.12140972726047039,263.57031452140353,65.0,6562.0,0.9,19532.140625
522,1775489662.188914,0.12106843292713165,264.3133245084627,64.0,6562.0,0.9,19532.140625
523,1775489662.3764129,0.12161042541265488,263.1353347495983,65.0,6562.0,0.9,19532.15625
524,1775489662.5640078,0.1212965864688158,263.81616277575046,65.0,6562.0,1.0,19532.15625
525,1775489662.756219,0.121633755043149,263.08486479471225,60.0,6562.0,0.9,19532.15625
526,1775489662.9473746,0.121152114123106,264.1307601738086,59.0,6562.0,0.8,19532.15625
527,1775489663.1388,0.12150008231401443,263.3743071654607,59.0,6562.0,0.9,19534.6171875
528,1775489663.3243058,0.12117604911327362,264.0785884187961,59.0,6562.0,0.9,19534.6171875
529,1775489663.518303,0.12157656438648701,263.2086221672895,59.0,6562.0,0.9,19535.35546875
530,1775489663.709485,0.12115169316530228,264.1316779315534,59.0,6562.0,0.8,19535.35546875
531,1775489663.902574,0.12134137935936451,263.7187756472492,59.0,6562.0,0.9,19535.35546875
532,1775489664.0907662,0.12115955725312233,264.11453397066083,59.0,6562.0,0.9,19535.35546875
533,1775489664.27838,0.12141340039670467,263.56234069257255,65.0,6562.0,0.9,19535.35546875
534,1775489664.4643545,0.12122390605509281,263.97433510727586,66.0,6562.0,0.9,19535.35546875
535,1775489664.6510403,0.12120167724788189,264.0227489142212,65.0,6562.0,0.9,19535.35546875
536,1775489664.842592,0.12132778763771057,263.7483186914545,63.0,6562.0,0.8,19535.35546875
537,1775489665.033675,0.12152660265564919,263.3168318765017,63.0,6562.0,0.9,19535.35546875
538,1775489665.2265053,0.12158188410103321,263.19710569222923,62.0,6562.0,0.8,19535.35546875
539,1775489665.4186583,0.12177156656980515,262.787125939257,63.0,6562.0,0.9,19535.35546875
540,1775489665.6039305,0.12119605764746666,264.0349910809899,66.0,6562.0,0.9,19535.35546875
541,1775489665.7957747,0.12158102355897427,263.19896858310324,63.0,6562.0,0.9,19535.35546875
542,1775489665.9880924,0.121147396042943,264.1410467349789,62.0,6562.0,0.9,19535.35546875
543,1775489666.1745045,0.12146335281431675,263.4539493481543,66.0,6562.0,0.9,19535.35546875
544,1775489666.3654068,0.12112937308847904,264.18034853218944,66.0,6562.0,0.8,19535.35546875
545,1775489666.5561032,0.1214775200933218,263.42322411106903,60.0,6562.0,0.9,19535.35546875
546,1775489666.7474697,0.1210720669478178,264.3053910510344,59.0,6562.0,0.9,19535.35546875
547,1775489666.940311,0.12134939804673195,263.70134928627107,59.0,6562.0,0.9,19497.45703125
548,1775489667.1328526,0.12135572917759418,263.6875919815093,59.0,6562.0,0.9,19513.8984375
549,1775489667.3273096,0.12106841243803501,264.3133692397113,59.0,6562.0,0.9,19532.109375
550,1775489667.5213864,0.12149589136242867,263.3833921555611,59.0,6562.0,0.9,19532.6015625
551,1775489667.7086837,0.12133624777197838,263.729928917335,59.0,6562.0,0.9,19532.6015625
552,1775489667.8956676,0.1216982863843441,262.94536226203303,59.0,6562.0,0.9,19532.6015625
553,1775489668.0905843,0.12390402890741825,258.26440255555025,60.0,6562.0,0.9,19497.65625
554,1775489668.280255,0.12114784494042397,264.1400679949067,62.0,6562.0,0.9,19514.01953125
555,1775489668.4745939,0.12149612046778202,263.3828954932406,62.0,6562.0,0.9,19531.984375
556,1775489668.6616948,0.12117429450154305,264.0824122940737,65.0,6562.0,0.9,19531.984375
557,1775489668.8534226,0.12157262302935123,263.2171553317086,63.0,6562.0,0.9,19531.984375
558,1775489669.040441,0.12136552669107914,263.6663051893807,65.0,6562.0,0.9,19531.984375
559,1775489669.2329416,0.12153066135942936,263.3080380049884,63.0,6562.0,0.8,19531.984375
560,1775489669.4248233,0.12118176929652691,264.06612302958945,63.0,6562.0,0.8,19532.4765625
561,1775489669.6163323,0.12159645557403564,263.16556554986397,63.0,6562.0,0.8,19532.4765625
562,1775489669.809007,0.12131787650287151,263.76986576452794,62.0,6562.0,0.9,19532.4765625
563,1775489670.0010526,0.12141714803874493,263.5542056200217,63.0,6562.0,0.9,19532.4765625
564,1775489670.188634,0.12126357667148113,263.8879775638828,65.0,6562.0,0.9,19532.4765625
565,1775489670.377943,0.1216790359467268,262.98696197765867,64.0,6562.0,0.9,19533.70703125
566,1775489670.56478,0.12119056656956673,264.04695436118055,64.0,6562.0,0.9,19533.70703125
567,1775489670.7562895,0.12156530283391476,263.2330052574222,62.0,6562.0,0.9,19533.70703125
568,1775489670.9462647,0.12103308364748955,264.3905206381457,59.0,6562.0,0.9,19532.38671875
569,1775489671.1335847,0.12170862592756748,262.9230241991572,59.0,6562.0,0.9,19532.38671875
570,1775489671.3254437,0.12121298536658287,263.9981178850006,59.0,6562.0,0.8,19532.38671875
571,1775489671.5147798,0.12176176719367504,262.80827502364184,59.0,6562.0,0.8,19532.87890625
572,1775489671.706934,0.12126883864402771,263.8765272085497,59.0,6562.0,0.9,19532.87890625
573,1775489671.892717,0.12156876176595688,263.2255156271652,59.0,6562.0,0.9,19532.87890625
574,1775489672.0793223,0.12132224999368191,263.76035724416965,63.0,6562.0,0.9,19532.87890625
575,1775489672.2710617,0.1213788203895092,263.6374278256354,63.0,6562.0,0.9,19532.87890625
576,1775489672.463318,0.1211433969438076,264.1497663702068,62.0,6562.0,0.9,19532.87890625
577,1775489672.6542976,0.12169322557747364,262.95629726428626,63.0,6562.0,1.0,19532.87890625
578,1775489672.8399699,0.12127278000116348,263.86795123928874,65.0,6562.0,0.8,19532.87890625
579,1775489673.027642,0.12112374603748322,264.19262156982177,65.0,6562.0,0.9,19534.35546875
580,1775489673.2157958,0.12146599218249321,263.448224684342,65.0,6562.0,0.9,19534.35546875
581,1775489673.401323,0.12111721374094486,264.2068704490193,66.0,6562.0,0.9,19534.5703125
582,1775489673.587683,0.12139162048697472,263.6096286681797,66.0,6562.0,0.9,19534.5703125
583,1775489673.7761188,0.12139975093305111,263.5919740695942,64.0,6562.0,0.9,19534.5703125
584,1775489673.9623842,0.12111900374293327,264.2029657700768,64.0,6562.0,0.8,19534.5703125
585,1775489674.1494474,0.12130491994321346,263.7980389829215,62.0,6562.0,0.9,19534.5703125
586,1775489674.3414218,0.12117540650069714,264.0799888698199,59.0,6562.0,0.9,19534.5703125
587,1775489674.5319474,0.12171035632491112,262.9192861335037,59.0,6562.0,0.8,19534.5703125
588,1775489674.7186122,0.12121728248894215,263.98875921772253,59.0,6562.0,0.9,19534.5703125
589,1775489674.9054062,0.12121579796075821,263.99199228436805,59.0,6562.0,0.9,19534.5703125
590,1775489675.0930512,0.1214776523411274,263.42293733286203,59.0,6562.0,0.9,19534.5703125
591,1775489675.2833726,0.12116497568786144,264.1027229059711,61.0,6562.0,0.9,19534.5703125
592,1775489675.4761038,0.12154904194176197,263.26822070166725,62.0,6562.0,0.9,19534.5703125
593,1775489675.672203,0.12150925397872925,263.3544273558107,61.0,6562.0,0.9,19548.84375
594,1775489675.8605514,0.12113675475120544,264.1642502783125,64.0,6562.0,0.9,19548.84375
595,1775489676.0465639,0.12135238945484161,263.69484889218467,65.0,6562.0,0.8,19546.875
596,1775489676.2380805,0.1213302779942751,263.74290514285235,63.0,6562.0,0.9,19546.875
597,1775489676.4252932,0.12147693149745464,263.4245004836207,65.0,6562.0,0.9,19547.61328125
598,1775489676.6165972,0.1214925516396761,263.3906323319798,63.0,6562.0,0.8,19547.61328125
599,1775489676.8060348,0.12129168771207333,263.8268178439629,64.0,6562.0,0.9,19495.44140625
600,1775489677.004755,0.12112501636147499,264.1898507943394,59.0,6562.0,0.8,19513.01171875
601,1775489677.2011552,0.12123797833919525,263.9436951882483,60.0,6562.0,0.9,19531.46875
602,1775489677.3940935,0.12246626056730747,261.29645709573043,63.0,6562.0,0.9,19531.46875
603,1775489677.5864937,0.12143393978476524,263.51776164652307,62.0,6562.0,0.8,19531.46875
604,1775489677.7742095,0.12151320278644562,263.34586914179744,65.0,6562.0,0.8,19536.63671875
605,1775489677.9658232,0.12138721160590649,263.6192031817208,65.0,6562.0,0.8,19536.63671875
606,1775489678.1584136,0.12153175286948681,263.305673163168,62.0,6562.0,0.9,19512.55078125
607,1775489678.3488443,0.12138419225811958,263.62576052698057,59.0,6562.0,0.9,19531.25390625
608,1775489678.5353842,0.12159309349954128,263.1728421328529,59.0,6562.0,0.9,19531.25390625
609,1775489678.7270994,0.12135114893317223,263.69754453352823,59.0,6562.0,0.9,19531.25390625
610,1775489678.9136162,0.12167663499712944,262.9921512930969,59.0,6562.0,0.9,19531.25390625
611,1775489679.1018245,0.12121503427624702,263.99365549880997,59.0,6562.0,0.9,19531.25390625
612,1775489679.2949715,0.12153990380465984,263.28801486819276,59.0,6562.0,0.9,19531.25390625
613,1775489679.4861262,0.12128874845802784,263.83321129802613,59.0,6562.0,0.8,19531.25390625
614,1775489679.6791172,0.12111970409750938,264.20143806030006,62.0,6562.0,0.9,19531.25390625
615,1775489679.8650138,0.12126542814075947,263.8839485467848,66.0,6562.0,0.9,19531.25390625
616,1775489680.058407,0.12126677855849266,263.8810099549639,62.0,6562.0,0.9,19531.25390625
617,1775489680.249964,0.12148434109985828,263.4084336325822,63.0,6562.0,0.8,19531.25390625
618,1775489680.4413304,0.12119253911077976,264.0426567080125,63.0,6562.0,0.8,19531.25390625
619,1775489680.6273353,0.12126093544065952,263.89372540886905,66.0,6562.0,0.9,19531.25390625
620,1775489680.8199527,0.12110907584428787,264.22462376926217,62.0,6562.0,0.9,19531.25390625
621,1775489681.0121806,0.12143339961767197,263.5189338415187,63.0,6562.0,0.9,19531.25390625
622,1775489681.2048645,0.121315261349082,263.7755517660775,62.0,6562.0,0.9,19496.30859375
623,1775489681.397841,0.12132182903587818,263.76127242968556,62.0,6562.0,0.9,19512.91796875
624,1775489681.5909848,0.12152702547609806,263.3159157367327,62.0,6562.0,0.9,19531.375
625,1775489681.7760053,0.12122485600411892,263.9722665367631,66.0,6562.0,0.9,19531.375
626,1775489681.9683518,0.12137169949710369,263.65289546566515,63.0,6562.0,0.9,19531.375
627,1775489682.1626236,0.12104450352489948,264.365576859237,63.0,6562.0,0.9,19531.375
628,1775489682.3558297,0.12141217850148678,263.56499319059776,59.0,6562.0,0.9,19531.375
629,1775489682.5428004,0.12118741683661938,264.0538170983649,59.0,6562.0,1.0,19531.375
630,1775489682.734609,0.12153454124927521,263.2996321133589,59.0,6562.0,0.9,19531.8671875
631,1775489682.9192526,0.12100865319371223,264.4438984770286,59.0,6562.0,0.8,19531.8671875
632,1775489683.1099055,0.12152447365224361,263.3214449590764,59.0,6562.0,0.8,19531.8671875
633,1775489683.298211,0.12113621458411217,264.16542823187257,59.0,6562.0,0.9,19531.8671875
634,1775489683.4889936,0.1215326152741909,263.3038047260358,59.0,6562.0,0.8,19532.359375
635,1775489683.6809974,0.12126046046614647,263.8947590746925,61.0,6562.0,0.9,19530.8828125
636,1775489683.8733857,0.1216198243200779,263.11499937528856,63.0,6562.0,0.8,19530.8828125
637,1775489684.0624974,0.12125281617045403,263.9113961280309,64.0,6562.0,0.9,19530.8828125
638,1775489684.2504869,0.12217399291694164,261.92153694898695,65.0,6562.0,0.8,19530.8828125
639,1775489684.4371958,0.12143408134579659,263.51745445231774,64.0,6562.0,0.9,19530.87890625
640,1775489684.6307437,0.1215173713862896,263.3368351778753,62.0,6562.0,0.8,19530.86328125
641,1775489684.8221922,0.1211690753698349,264.0937871509616,63.0,6562.0,0.8,19530.86328125
642,1775489685.0140831,0.1215919740498066,263.17526506224937,63.0,6562.0,0.8,19530.86328125
643,1775489685.2071598,0.12142237089574337,263.5428691099772,62.0,6562.0,0.9,19530.86328125
644,1775489685.3941915,0.12140212021768093,263.5868298067791,65.0,6562.0,0.9,19530.86328125
645,1775489685.582317,0.12122386693954468,263.9744202844037,65.0,6562.0,0.9,19530.86328125
646,1775489685.7757156,0.12131662853062153,263.772579139247,62.0,6562.0,0.9,19530.86328125
647,1775489685.9714823,0.12144988030195236,263.4831744620961,61.0,6562.0,0.9,19530.86328125
648,1775489686.158982,0.1211831085383892,264.06320473172894,61.0,6562.0,0.9,19530.86328125
649,1775489686.3461726,0.12133763916790485,263.7269046888161,62.0,6562.0,0.8,19530.86328125
650,1775489686.53247,0.12151052244007587,263.3516781707619,59.0,6562.0,0.9,19530.86328125
651,1775489686.7246537,0.12126145698130131,263.8925904125863,59.0,6562.0,0.8,19530.86328125
652,1775489686.9115639,0.12134112790226936,263.71932215574475,59.0,6562.0,0.9,19530.86328125
653,1775489687.1028593,0.12127891927957535,263.85459394004624,59.0,6562.0,0.9,19530.86328125
654,1775489687.2900987,0.1215827725827694,263.19518234555386,59.0,6562.0,0.8,19530.86328125
655,1775489687.4829805,0.12117141485214233,264.0886882359799,59.0,6562.0,0.9,19530.86328125
656,1775489687.6692038,0.12148021161556244,263.41738769164755,66.0,6562.0,0.9,19530.86328125
657,1775489687.8612108,0.12121746689081192,263.98835762526187,63.0,6562.0,0.8,19530.86328125
658,1775489688.0458622,0.12127752788364887,263.857621097786,66.0,6562.0,0.8,19530.86328125
659,1775489688.2373874,0.12116992473602295,264.09193592976317,63.0,6562.0,0.9,19530.86328125
660,1775489688.4249792,0.12149947322905064,263.37562747843066,65.0,6562.0,0.9,19530.86328125
661,1775489688.6163905,0.12115129642188549,264.13254290376153,63.0,6562.0,0.9,19530.86328125
662,1775489688.8031926,0.1211773082613945,264.07584438971054,65.0,6562.0,0.9,19530.86328125
663,1775489688.9956062,0.12122375890612602,263.97465553580423,62.0,6562.0,0.9,19530.86328125
664,1775489689.1843023,0.12133828736841679,263.7254958349552,64.0,6562.0,0.9,19532.83203125
665,1775489689.3839917,0.12138348072767258,263.62730585880087,59.0,6562.0,0.9,19511.375
666,1775489689.5744884,0.12136130034923553,263.6754872262834,63.0,6562.0,0.9,19529.83203125
667,1775489689.7660027,0.1214843112975359,263.40849825148626,63.0,6562.0,0.8,19529.83203125
668,1775489689.9607482,0.12105406448245049,264.34469703112796,63.0,6562.0,0.9,19529.83203125
669,1775489690.1455512,0.12136168964207172,263.67464143237135,59.0,6562.0,0.8,19529.83203125
670,1775489690.3336966,0.12115701474249363,264.1200764810242,59.0,6562.0,0.9,19529.83203125
671,1775489690.5201392,0.12114267237484455,264.1513462818808,59.0,6562.0,0.9,19529.83203125
672,1775489690.7085667,0.12158235348761082,263.19608958104914,59.0,6562.0,0.9,19529.83203125
673,1775489690.897744,0.12112191505730152,264.1966153264761,59.0,6562.0,0.9,19529.83203125
674,1775489691.092232,0.12140319310128689,263.5845003953261,59.0,6562.0,0.9,19529.83203125
675,1775489691.2901669,0.12199809215962887,262.2991838112475,59.0,6562.0,0.9,19511.25
676,1775489691.488409,0.121552012860775,263.26178601955877,59.0,6562.0,0.9,19529.70703125
677,1775489691.676836,0.12105753272771835,264.3371236713881,62.0,6562.0,0.9,19529.70703125
678,1775489691.8641272,0.12128100730478764,263.8500513075536,65.0,6562.0,0.9,19494.76171875
679,1775489692.0595198,0.12111280672252178,264.2164843336041,61.0,6562.0,0.9,19511.37109375
680,1775489692.249364,0.12144324742257595,263.49756515199454,64.0,6562.0,0.9,19529.828125
681,1775489692.4394453,0.12113976664841175,264.1576823643283,63.0,6562.0,0.9,19529.828125
682,1775489692.6327832,0.12129287980496883,263.82422489641556,62.0,6562.0,0.9,19529.828125
683,1775489692.8241055,0.12137877009809017,263.6375370597325,63.0,6562.0,0.9,19529.828125
684,1775489693.0155923,0.12119595520198345,264.0352142665921,63.0,6562.0,0.9,19529.828125
685,1775489693.2086313,0.12143983133137226,263.50497731408865,62.0,6562.0,0.9,19529.828125
686,1775489693.3966873,0.12129111960530281,263.82805356346114,65.0,6562.0,0.9,19529.828125
687,1775489693.584278,0.12136121280491352,263.67567742948944,65.0,6562.0,0.9,19529.828125
688,1775489693.7769039,0.12131575495004654,263.77447853476616,62.0,6562.0,0.8,19529.828125
689,1775489693.965002,0.12140487134456635,263.5808567283837,65.0,6562.0,0.9,19529.828125
690,1775489694.1583278,0.12119005806744099,264.0480622774546,65.0,6562.0,0.9,19529.828125
691,1775489694.3459218,0.12160320580005646,263.15095715992334,59.0,6562.0,0.9,19529.828125
692,1775489694.532764,0.12131374143064022,263.7788565633815,59.0,6562.0,0.9,19529.828125
693,1775489694.7244384,0.12126008607447147,263.895573852284,59.0,6562.0,0.9,19529.828125
694,1775489694.9145892,0.12121862731873989,263.9858304603399,59.0,6562.0,0.9,19529.828125
695,1775489695.1082616,0.12144511193037033,263.4935197585142,59.0,6562.0,0.9,19529.828125
696,1775489695.3001373,0.12138901837170124,263.6152794482107,59.0,6562.0,0.9,19529.828125
697,1775489695.4934075,0.12117740698158741,264.07562925374623,59.0,6562.0,0.9,19529.828125
698,1775489695.685192,0.12168632633984089,262.97120607151567,59.0,6562.0,0.8,19529.828125
699,1775489695.8774214,0.1211448572576046,264.14658223546894,61.0,6562.0,0.9,19529.828125
700,1775489696.063787,0.121416250243783,263.55615443360745,66.0,6562.0,0.9,19529.828125
701,1775489696.251572,0.12124848552048206,263.920822290142,65.0,6562.0,0.9,19529.828125
702,1775489696.4416206,0.12140239030122757,263.58624340592104,63.0,6562.0,0.9,19529.828125
703,1775489696.6361294,0.12117366679012775,264.08378031031987,61.0,6562.0,0.9,19529.828125
704,1775489696.8245726,0.12151959352195263,263.3320197390157,65.0,6562.0,0.9,19529.828125
705,1775489697.0172153,0.12128416821360588,263.8431748457189,62.0,6562.0,0.9,19529.828125
706,1775489697.2037542,0.12137319147586823,263.6496545150363,65.0,6562.0,0.9,19529.828125
707,1775489697.393548,0.12137318029999733,263.6496787915238,64.0,6562.0,0.9,19529.828125
708,1775489697.5834143,0.12141098268330097,263.56758913212656,64.0,6562.0,0.8,19529.828125
709,1775489697.770438,0.12155543081462383,263.25438349851345,65.0,6562.0,0.9,19529.828125
710,1775489697.9603472,0.12146233953535557,263.4561471680311,63.0,6562.0,0.9,19529.828125
711,1775489698.1562018,0.12127511575818062,263.8628691462736,63.0,6562.0,0.9,19494.8828125
712,1775489698.349002,0.12162825278937817,263.09676630325293,59.0,6562.0,0.9,19510.75390625
713,1775489698.5398328,0.12133096717298031,263.7414070422593,59.0,6562.0,0.9,19529.94921875
714,1775489698.7278335,0.12150087207555771,263.37259521972953,59.0,6562.0,0.9,19529.94921875
715,1775489698.9136424,0.12124555744230747,263.92719597356484,59.0,6562.0,0.8,19529.94921875
716,1775489699.0990329,0.12123769707977772,263.9443075114098,59.0,6562.0,0.9,19529.94921875
717,1775489699.2926347,0.12122606858611107,263.9696261144466,59.0,6562.0,0.9,19529.94921875
718,1775489699.4874876,0.12151249125599861,263.3474111939934,59.0,6562.0,0.9,19535.609375
719,1775489699.674576,0.12103053368628025,264.39609101407643,61.0,6562.0,0.9,19535.609375
720,1775489699.8658412,0.12163359671831131,263.0852072401355,63.0,6562.0,0.8,19535.609375
721,1775489700.0575452,0.12112086452543736,264.1989068141062,63.0,6562.0,0.8,19535.609375
722,1775489700.2425888,0.12127978913486004,263.8527014951915,66.0,6562.0,0.8,19535.609375
723,1775489700.4349031,0.12122527696192265,263.9713498864707,62.0,6562.0,0.9,19535.609375
724,1775489700.6202545,0.12121687643229961,263.98964353674137,66.0,6562.0,0.9,19535.609375
725,1775489700.8069515,0.12147657945752144,263.4252638895708,65.0,6562.0,0.9,19535.609375
726,1775489700.9935129,0.12119803763926029,264.03067758610376,65.0,6562.0,0.8,19535.609375
727,1775489701.1818252,0.12134316749870777,263.71488942993665,65.0,6562.0,0.9,19535.609375
728,1775489701.3687375,0.1216063629835844,263.14412515009326,65.0,6562.0,0.8,19535.609375
729,1775489701.5570157,0.12123819626867771,263.9432207411296,65.0,6562.0,0.9,19535.609375
730,1775489701.7461762,0.1214952152222395,263.38485792601364,62.0,6562.0,0.8,19535.609375
731,1775489701.9392083,0.12126635946333408,263.8819219247319,59.0,6562.0,0.9,19535.609375
732,1775489702.131185,0.12123464792966843,263.9509459256572,59.0,6562.0,0.9,19535.609375
733,1775489702.3234565,0.12157598324120045,263.2098803306707,59.0,6562.0,0.8,19535.609375
734,1775489702.513976,0.12118799798190594,264.0525508539037,59.0,6562.0,0.9,19535.609375
735,1775489702.7056873,0.12173142842948437,262.87377395342656,59.0,6562.0,0.9,19535.609375
736,1775489702.8992925,0.12134850956499577,263.7032800379011,59.0,6562.0,0.9,19535.609375
737,1775489703.0865278,0.12162148393690586,263.111408972783,59.0,6562.0,0.9,19535.609375
738,1775489703.2791245,0.12129641883075237,263.81652738363465,59.0,6562.0,0.9,19535.609375
739,1775489703.471676,0.12118587829172611,264.0571694580422,62.0,6562.0,0.9,19494.7578125
740,1775489703.6676235,0.12156202271580696,263.24010809536304,61.0,6562.0,0.9,19513.0
741,1775489703.862144,0.12151813320815563,263.3351842657531,61.0,6562.0,0.9,19530.96484375
742,1775489704.0488098,0.12152228131890297,263.32619543262604,65.0,6562.0,0.8,19530.96484375
743,1775489704.235417,0.12116139568388462,264.11052645422967,65.0,6562.0,0.9,19530.96484375
744,1775489704.4219413,0.12146760150790215,263.44473425630474,65.0,6562.0,0.9,19531.45703125
745,1775489704.6123748,0.12116924487054348,264.0934177165882,63.0,6562.0,0.8,19531.45703125
746,1775489704.8015707,0.12138104997575283,263.6325852049586,64.0,6562.0,0.8,19531.45703125
747,1775489704.9887683,0.12129220739006996,263.825687474625,65.0,6562.0,0.9,19531.45703125
748,1775489705.1764503,0.12126918882131577,263.8757652378663,65.0,6562.0,0.9,19531.45703125
749,1775489705.3678484,0.1214155200868845,263.55773938208984,63.0,6562.0,0.9,19531.45703125
750,1775489705.5533037,0.12119951657950878,264.0274557449039,63.0,6562.0,0.8,19531.45703125
751,1775489705.7457738,0.12152820266783237,263.31336510804965,63.0,6562.0,0.8,19531.45703125
752,1775489705.935541,0.12138458713889122,263.6249029160911,59.0,6562.0,0.9,19531.45703125
753,1775489706.1205425,0.12136432901024818,263.6689071736875,59.0,6562.0,0.9,19531.45703125
754,1775489706.3098345,0.12136765010654926,263.6616921552575,59.0,6562.0,0.8,19531.45703125
755,1775489706.5003624,0.121390700340271,263.61162684044666,59.0,6562.0,0.9,19531.45703125
756,1775489706.6923707,0.12110461480915546,264.23435680322905,59.0,6562.0,0.9,19530.96484375
757,1775489706.8764424,0.12127885036170483,263.85474387795125,59.0,6562.0,0.8,19530.96484375
758,1775489707.0683331,0.12123574875295162,263.94854924522355,63.0,6562.0,0.9,19530.96484375
759,1775489707.259932,0.12132254801690578,263.75970932906006,63.0,6562.0,0.9,19530.96484375
760,1775489707.450613,0.12122444622218609,263.9731588573219,63.0,6562.0,0.9,19530.94921875
761,1775489707.6352303,0.12106431275606155,264.3223198605057,66.0,6562.0,0.8,19530.94921875
762,1775489707.8261712,0.12148329243063927,263.41070742933937,63.0,6562.0,0.9,19493.05078125
763,1775489708.0215871,0.12163841351866722,263.0747892407288,61.0,6562.0,0.9,19510.4765625
764,1775489708.2118583,0.12112542241811752,264.1889651334958,63.0,6562.0,0.9,19528.6875
765,1775489708.4048092,0.1216614656150341,263.0249425175892,62.0,6562.0,0.9,19529.42578125
766,1775489708.5909858,0.12135335989296436,263.69274017814195,66.0,6562.0,0.9,19529.42578125
767,1775489708.7848785,0.12163719534873962,263.07742387724807,62.0,6562.0,0.9,19529.42578125
768,1775489708.9755661,0.12112961336970329,264.17982448546127,63.0,6562.0,0.9,19529.42578125
769,1775489709.1691039,0.1212325468659401,263.9555204213094,62.0,6562.0,0.9,19529.42578125
770,1775489709.3610225,0.12155018374323845,263.26574764869565,63.0,6562.0,0.9,19529.42578125
771,1775489709.5544786,0.12372626550495625,258.63546328987144,63.0,6562.0,0.9,19494.48046875
772,1775489709.7495003,0.12129613943397999,263.8171350656812,60.0,6562.0,0.9,19510.3515625
773,1775489709.9434626,0.12153129279613495,263.3066699428519,59.0,6562.0,0.9,19510.3515625
774,1775489710.130796,0.12109982594847679,264.2448058811805,59.0,6562.0,0.9,19510.3515625
775,1775489710.3218844,0.12154915183782578,263.2679826733409,59.0,6562.0,0.9,19529.0546875
776,1775489710.5143015,0.12125246040523052,263.912170466931,59.0,6562.0,0.8,19529.30078125
777,1775489710.705378,0.12162494473159313,263.10392223091156,59.0,6562.0,0.9,19529.30078125
778,1775489710.8914416,0.12105321697890759,264.3465477301252,59.0,6562.0,0.9,19529.30078125
779,1775489711.0839784,0.12139087915420532,263.61123852929467,59.0,6562.0,0.9,19529.30078125
780,1775489711.271375,0.12119694799184799,264.0330514110999,61.0,6562.0,0.9,19533.484375
781,1775489711.4627242,0.1217573769390583,262.81775120711217,63.0,6562.0,0.8,19533.484375
782,1775489711.656652,0.1215255819261074,263.3190435529642,62.0,6562.0,0.9,19533.484375
783,1775489711.8492699,0.12141333892941475,263.56247412488693,62.0,6562.0,0.9,19533.484375
784,1775489712.0364127,0.12134416960179806,263.71271157906403,64.0,6562.0,0.9,19533.484375
785,1775489712.2233167,0.1215994656085968,263.15905123301525,65.0,6562.0,0.9,19533.484375
786,1775489712.4142706,0.1212433185428381,263.93206969746257,63.0,6562.0,0.8,19533.484375
787,1775489712.6006675,0.12149317376315594,263.38928360190994,66.0,6562.0,0.9,19533.484375
788,1775489712.7910175,0.12115433625876904,264.12591565565094,63.0,6562.0,0.9,19533.484375
789,1775489712.9817374,0.1216574776917696,263.033564456062,63.0,6562.0,0.8,19533.484375
790,1775489713.167554,0.12129568867385387,263.8181154652846,66.0,6562.0,0.9,19533.484375
791,1775489713.362041,0.12173313647508621,262.8700855543066,62.0,6562.0,0.9,19533.484375
792,1775489713.5486414,0.12121810764074326,263.9869622023724,62.0,6562.0,0.8,19533.484375
793,1775489713.7369773,0.12148483283817768,263.4073674252422,61.0,6562.0,0.9,19533.484375
794,1775489713.929184,0.1213952898979187,263.60166054967044,59.0,6562.0,0.8,19533.484375
795,1775489714.1166441,0.12193812988698483,262.42816770815136,59.0,6562.0,0.9,19533.484375
796,1775489714.3027291,0.1216862853616476,262.9712946277969,59.0,6562.0,0.9,19533.484375
797,1775489714.4880652,0.12128425762057304,263.8429803487699,59.0,6562.0,0.8,19533.484375
798,1775489714.6736104,0.12124939635396004,263.9188396994842,60.0,6562.0,0.8,19533.484375
799,1775489714.8624094,0.12163156643509865,263.0895986781102,64.0,6562.0,0.9,19533.484375
800,1775489715.0491247,0.12132592871785164,263.7523597648883,65.0,6562.0,0.8,19533.484375
801,1775489715.2409132,0.1215878538787365,263.18418311679915,63.0,6562.0,0.9,19533.484375
802,1775489715.42806,0.12126647122204304,263.8816787321774,65.0,6562.0,0.9,19533.484375
803,1775489715.6161325,0.12140749953687191,263.5751508108565,65.0,6562.0,0.9,19533.484375
804,1775489715.8079064,0.12127051874995232,263.8728714105759,63.0,6562.0,0.8,19533.484375
805,1775489715.995183,0.12134622968733311,263.70823454880167,65.0,6562.0,0.9,19533.484375
806,1775489716.1822705,0.12136201933026314,263.6739251422492,65.0,6562.0,0.9,19533.484375
807,1775489716.3754315,0.1212491262704134,263.9194275811328,62.0,6562.0,0.9,19533.484375
808,1775489716.568828,0.12119165621697903,264.04458028618626,62.0,6562.0,0.9,19533.484375
809,1775489716.7557068,0.12142843194305897,263.52971448240106,65.0,6562.0,0.9,19533.484375
810,1775489716.9463377,0.12126955576241016,263.87496679458457,65.0,6562.0,0.9,19533.484375
811,1775489717.1379442,0.12146377190947533,263.45304033410883,59.0,6562.0,0.8,19533.484375
812,1775489717.3244286,0.12151164561510086,263.349243918257,59.0,6562.0,0.9,19533.484375
813,1775489717.516535,0.12144164182245731,263.50104889707177,59.0,6562.0,0.9,19533.484375
814,1775489717.7102637,0.12122637592256069,263.96895689137466,59.0,6562.0,0.9,19533.484375
815,1775489717.9033294,0.12154753133654594,263.2714926261813,59.0,6562.0,0.9,19533.484375
816,1775489718.0967932,0.12139089219272137,263.61121021498457,59.0,6562.0,0.9,19533.484375
817,1775489718.2837558,0.12152358144521713,263.3233782237204,59.0,6562.0,0.9,19533.484375
818,1775489718.4757874,0.12142064049839973,263.5466249284177,59.0,6562.0,0.9,19533.484375
819,1775489718.6662724,0.12134531885385513,263.71021397652675,63.0,6562.0,0.9,19533.484375
820,1775489718.8565092,0.12138018012046814,263.6344744936154,64.0,6562.0,0.9,19533.484375
821,1775489719.047798,0.12127327919006348,263.86686509769845,63.0,6562.0,0.8,19533.484375
822,1775489719.2404444,0.12165595404803753,263.03685874153234,62.0,6562.0,0.9,19533.484375
823,1775489719.4291396,0.12128959968686104,263.8313596764758,64.0,6562.0,0.9,19533.484375
824,1775489719.6153033,0.12136884965002537,263.65908626697865,66.0,6562.0,0.9,19533.484375
825,1775489719.8081248,0.12106809578835964,264.31406054275044,62.0,6562.0,0.9,19495.5859375
826,1775489720.0007303,0.12152965180575848,263.31022531970865,63.0,6562.0,0.9,19510.05859375
827,1775489720.1955404,0.12132828868925571,263.7472294854331,61.0,6562.0,0.9,19528.76171875
828,1775489720.3871622,0.12121704407036304,263.98927845018983,63.0,6562.0,0.9,19529.25390625
829,1775489720.573886,0.12132949009537697,263.74461785708354,65.0,6562.0,0.8,19529.25390625
830,1775489720.7665725,0.12111952528357506,264.2018281121805,62.0,6562.0,0.8,19529.25390625
831,1775489720.952704,0.12120369635522366,264.0183506137836,62.0,6562.0,0.8,19529.25390625
832,1775489721.1395857,0.12144736014306545,263.4886420116821,64.0,6562.0,0.9,19529.25390625
833,1775489721.3261044,0.12115012668073177,264.13509318343466,59.0,6562.0,0.9,19529.25390625
834,1775489721.512487,0.12116737477481365,264.09749373105717,59.0,6562.0,0.8,19529.25390625
835,1775489721.699274,0.12150686047971249,263.35961503460055,59.0,6562.0,0.9,19529.25390625
836,1775489721.8909912,0.12134207040071487,263.7172737726047,59.0,6562.0,0.9,19529.25390625
837,1775489722.0813074,0.12153341062366962,263.30208159045725,59.0,6562.0,0.8,19529.25390625
838,1775489722.2709408,0.12105906195938587,264.33378453515263,60.0,6562.0,0.9,19529.25390625
839,1775489722.460137,0.12145689129829407,263.4679651186615,64.0,6562.0,0.9,19529.25
840,1775489722.6471086,0.12104853242635727,264.35677788549776,65.0,6562.0,1.0,19529.25
841,1775489722.8361702,0.12208292447030544,262.11691879795563,64.0,6562.0,0.9,19529.25
842,1775489723.022135,0.12144275195896626,263.4986401725509,66.0,6562.0,0.8,19529.25
843,1775489723.2093592,0.12112829461693764,264.18270067450754,65.0,6562.0,0.9,19529.25
844,1775489723.4021719,0.12142533250153065,263.53644120839954,62.0,6562.0,0.9,19529.25
845,1775489723.597923,0.12166629545390606,263.01450110415647,61.0,6562.0,0.9,19545.4921875
846,1775489723.7855163,0.12125713936984539,263.9019868545395,65.0,6562.0,0.8,19545.4921875
847,1775489723.972595,0.12126033566892147,263.89503066666396,65.0,6562.0,0.9,19545.4921875
848,1775489724.160063,0.12149027176201344,263.39557510155714,65.0,6562.0,0.9,19545.4921875
849,1775489724.3478997,0.12124490737915039,263.92861103791654,65.0,6562.0,0.9,19546.4765625
850,1775489724.5400271,0.12164111621677876,263.0689440811464,62.0,6562.0,0.9,19546.4765625
851,1775489724.731127,0.12128655798733234,263.83797620295405,59.0,6562.0,0.9,19546.4765625
852,1775489724.9182267,0.12165950424969196,263.0291829426144,59.0,6562.0,0.9,19546.4765625
853,1775489725.109167,0.12110252492129803,264.2389167426206,59.0,6562.0,0.8,19546.4765625
854,1775489725.3002884,0.12153531424701214,263.29795745590627,59.0,6562.0,0.9,19546.4765625
855,1775489725.4908092,0.12121632695198059,263.9908402164065,59.0,6562.0,0.9,19546.4765625
856,1775489725.682664,0.12132417969405651,263.7561620502564,59.0,6562.0,0.8,19546.4765625
857,1775489725.8751464,0.12124862894415855,263.92051010108906,59.0,6562.0,0.9,19546.4765625
858,1775489726.0623257,0.1213313601911068,263.74055272764923,64.0,6562.0,0.9,19546.4765625
859,1775489726.250879,0.12114160694181919,264.1536694768188,64.0,6562.0,0.9,19546.4765625
860,1775489726.4424055,0.12112676352262497,264.1860400573057,63.0,6562.0,0.9,19546.4765625
861,1775489726.6288905,0.12131738848984241,263.77092680889086,65.0,6562.0,0.9,19546.4765625
862,1775489726.8164856,0.1215413510799408,263.2848797192718,65.0,6562.0,0.9,19546.4765625
863,1775489727.0068984,0.12127836793661118,263.8557934480575,63.0,6562.0,0.9,19546.4765625
864,1775489727.1925075,0.12123142555356026,263.95796183937756,66.0,6562.0,0.9,19546.4765625
865,1775489727.3844202,0.12125016748905182,263.91716121043225,63.0,6562.0,0.8,19546.4765625
866,1775489727.5712144,0.1211677361279726,264.0967061248289,65.0,6562.0,0.9,19546.4765625
867,1775489727.7584758,0.12140356004238129,263.5837037137048,65.0,6562.0,0.9,19546.4765625
868,1775489727.9496913,0.12123376876115799,263.95286005702775,65.0,6562.0,0.8,19546.4765625
869,1775489728.137544,0.12177558802068233,262.77844779994103,61.0,6562.0,0.9,19546.4765625
870,1775489728.323091,0.12132230959832668,263.76022766089307,59.0,6562.0,0.9,19546.4765625
871,1775489728.5110445,0.12131865881383419,263.7681648715274,59.0,6562.0,0.9,19546.4609375
872,1775489728.6988409,0.12152555398643017,263.3191040920759,59.0,6562.0,0.9,19546.4609375
873,1775489728.890194,0.12122143618762493,263.9797135423377,59.0,6562.0,0.8,19546.4609375
874,1775489729.0818214,0.12134378030896187,263.7135576172307,59.0,6562.0,0.8,19546.4609375
875,1775489729.2694302,0.1211555264890194,264.12332088623486,59.0,6562.0,0.9,19546.4609375
876,1775489729.4565194,0.12154932133853436,263.26761554574927,65.0,6562.0,0.9,19546.4609375
877,1775489729.6481493,0.12109763734042645,264.24958160036147,63.0,6562.0,0.9,19546.4609375
878,1775489729.8324814,0.12141174077987671,263.5659434124827,66.0,6562.0,0.8,19546.4609375
879,1775489730.0201578,0.12153941206634045,263.2890801095309,65.0,6562.0,0.9,19546.4609375
880,1775489730.209722,0.12131755985319614,263.7705542274551,64.0,6562.0,0.9,19546.4609375
881,1775489730.4015372,0.1213989332318306,263.59374953395104,63.0,6562.0,0.9,19546.4609375
882,1775489730.5934906,0.12131792865693569,263.7697523709788,63.0,6562.0,0.9,19546.4609375
883,1775489730.7804165,0.12144025973975658,263.5040477398121,65.0,6562.0,0.9,19546.4609375
884,1775489730.9669755,0.12107454426586628,264.29998307267255,65.0,6562.0,0.9,19546.4609375
885,1775489731.1588078,0.12149510346353054,263.3851002036927,63.0,6562.0,0.9,19546.4609375
886,1775489731.3443556,0.12109530530869961,264.2546704715322,63.0,6562.0,0.8,19546.4609375
887,1775489731.5318482,0.12135905027389526,263.6803759404774,62.0,6562.0,0.9,19546.4609375
888,1775489731.7242837,0.12105529569089413,264.3420084794115,59.0,6562.0,0.9,19546.4609375
889,1775489731.9095993,0.12122165784239769,263.97923085331615,59.0,6562.0,0.8,19546.4609375
890,1775489732.114658,0.12211352400481701,262.05123683710656,59.0,6562.0,0.9,19546.4609375
891,1775489732.3024642,0.12124656699597836,263.9249983965436,59.0,6562.0,0.9,19546.4609375
892,1775489732.4896164,0.12118754908442497,264.0535289455131,59.0,6562.0,0.8,19546.4609375
893,1775489732.6808112,0.12118151597678661,264.06667503755176,59.0,6562.0,0.9,19546.4609375
894,1775489732.872197,0.12121842429041862,263.986272609298,59.0,6562.0,0.9,19546.4609375
895,1775489733.0647733,0.12123607471585274,263.94783957662816,61.0,6562.0,0.9,19546.4609375
896,1775489733.257181,0.12162247486412525,263.10926525504357,63.0,6562.0,0.8,19546.4609375
897,1775489733.4471707,0.121087696403265,264.271275699462,63.0,6562.0,0.9,19546.4609375
898,1775489733.6387985,0.12155142426490784,263.26306082814426,63.0,6562.0,0.8,19546.4609375
899,1775489733.8297303,0.12135451659560204,263.69022676457763,63.0,6562.0,0.8,19546.4609375
900,1775489734.0214162,0.12135321833193302,263.6930477811604,63.0,6562.0,0.9,19546.4609375
901,1775489734.2115223,0.12129041738808155,263.82958100978914,64.0,6562.0,0.8,19546.4609375
902,1775489734.3984954,0.12145247124135494,263.4775535889129,65.0,6562.0,0.9,19546.4609375
903,1775489734.59201,0.12134223617613316,263.71691348716126,62.0,6562.0,0.9,19546.4609375
904,1775489734.7838278,0.1211338434368372,264.17059916608486,63.0,6562.0,0.8,19546.4609375
905,1775489734.9753108,0.12163220532238483,263.08821676943495,63.0,6562.0,0.9,19546.4609375
906,1775489735.1662965,0.12112659588456154,264.18640568828727,63.0,6562.0,0.9,19546.4609375
907,1775489735.352822,0.1214684396982193,263.44291636166554,65.0,6562.0,0.9,19546.4609375
908,1775489735.5452638,0.12126302719116211,263.88917332200845,65.0,6562.0,0.9,19546.4609375
909,1775489735.7359183,0.12157007493078709,263.222672341186,60.0,6562.0,0.9,19546.4609375
910,1775489735.9207537,0.12124042585492134,263.9383668801347,59.0,6562.0,0.9,19546.4609375
911,1775489736.1130712,0.12149181216955185,263.39223548119736,59.0,6562.0,0.9,19546.4609375
912,1775489736.3006473,0.12119736708700657,264.03213839643456,59.0,6562.0,0.9,19546.4609375
913,1775489736.4855034,0.12107126414775848,264.3071436087954,59.0,6562.0,0.9,19546.4609375
914,1775489736.6720586,0.12131157889962196,263.78355875227766,59.0,6562.0,0.9,19546.4609375
915,1775489736.85935,0.12151456251740456,263.3429223383546,64.0,6562.0,0.9,19546.4609375
916,1775489737.0497596,0.12167734652757645,262.99061339858895,64.0,6562.0,0.8,19546.4609375
917,1775489737.2357922,0.12145579978823662,263.47033287659684,66.0,6562.0,0.9,19546.4609375
918,1775489737.4277146,0.12155686318874359,263.25128142137896,62.0,6562.0,0.9,19546.4609375
919,1775489737.6181476,0.12154257111251354,263.28223689111513,64.0,6562.0,0.8,19546.4609375
920,1775489737.8102243,0.12146543338894844,263.4494366601546,63.0,6562.0,0.8,19546.4609375
921,1775489738.001263,0.12143676914274693,263.51162194034106,63.0,6562.0,0.8,19546.4609375
922,1775489738.1888597,0.1213085800409317,263.7900797223298,65.0,6562.0,1.1,19546.4609375
923,1775489738.379978,0.1212987806648016,263.811390556589,63.0,6562.0,0.9,19546.69140625
924,1775489738.566928,0.12118878588080406,264.0508341380182,65.0,6562.0,0.9,19546.69140625
925,1775489738.7536783,0.1216194424778223,263.11582546380527,65.0,6562.0,0.8,19546.69140625
926,1775489738.9457338,0.12115262448787689,264.12964750261824,65.0,6562.0,0.8,19546.69140625
927,1775489739.1375017,0.12157138250768185,263.21984121532864,61.0,6562.0,0.9,19546.69140625
928,1775489739.3298035,0.12132244743406773,263.75992800005366,59.0,6562.0,0.9,19546.69140625
929,1775489739.5215247,0.12121612578630447,263.99127832557326,59.0,6562.0,0.8,19546.69140625
930,1775489739.7090733,0.12137630954384804,263.6428815496304,59.0,6562.0,0.9,19546.69140625
931,1775489739.8972347,0.1215114314109087,263.3497081586284,59.0,6562.0,0.9,19546.69140625
932,1775489740.0874448,0.12113180570304394,264.17504316288637,59.0,6562.0,0.9,19546.69140625
933,1775489740.2727184,0.12144824117422104,263.4867305661106,59.0,6562.0,0.9,19546.69140625
934,1775489740.4599388,0.12123450823128223,263.9512500760325,63.0,6562.0,0.9,19546.69140625
935,1775489740.6523705,0.1216955166310072,262.9513468193504,63.0,6562.0,0.9,19546.69140625
936,1775489740.8423128,0.12112685292959213,264.1858450545294,64.0,6562.0,0.9,19546.69140625
937,1775489741.0367525,0.122153015807271,261.96651624621813,62.0,6562.0,0.9,19546.69140625
938,1775489741.2243567,0.12108511663973331,264.27690609747,64.0,6562.0,0.9,19546.69140625
939,1775489741.4157271,0.12142438814043999,263.5384908259835,63.0,6562.0,0.8,19546.69140625
940,1775489741.6096318,0.12153343297541142,263.3020331654272,62.0,6562.0,0.9,19546.69140625
941,1775489741.7976952,0.12144674174487591,263.48998367714665,65.0,6562.0,0.9,19546.69140625
942,1775489741.9887614,0.12136765010654926,263.6616921552575,63.0,6562.0,0.8,19546.69140625
943,1775489742.1769927,0.12141691148281097,263.55471910130285,65.0,6562.0,0.9,19546.69140625
944,1775489742.3677008,0.12123962864279747,263.940102408925,63.0,6562.0,0.8,19546.69140625
945,1775489742.5606236,0.12118166498839855,264.0663503267062,62.0,6562.0,0.9,19546.69140625
946,1775489742.7475436,0.12143447250127792,263.51660562994783,65.0,6562.0,0.9,19546.69140625
947,1775489742.9421034,0.12119861505925655,264.02941967904934,65.0,6562.0,0.9,19546.69140625
948,1775489743.1333086,0.12167435511946678,262.9970791181148,59.0,6562.0,0.8,19546.69140625
949,1775489743.3221967,0.12115025706589222,264.1348089141534,59.0,6562.0,0.9,19546.69140625
950,1775489743.509827,0.1216774433851242,262.99040405308347,59.0,6562.0,0.9,19546.92578125
951,1775489743.6958861,0.1216208953410387,263.1126823254211,59.0,6562.0,0.9,19546.92578125
952,1775489743.8817616,0.12118995748460293,264.04828142683004,59.0,6562.0,0.9,19546.92578125
953,1775489744.0731046,0.12154578231275082,263.2752810596129,59.0,6562.0,0.9,19546.92578125
954,1775489744.2637644,0.12109695747494698,264.25106515677976,60.0,6562.0,0.8,19546.92578125
955,1775489744.4519792,0.12138891965150833,263.61549383475693,65.0,6562.0,0.9,19546.92578125
956,1775489744.6395082,0.12110006436705589,264.2442856430495,65.0,6562.0,0.9,19546.92578125
957,1775489744.8265011,0.12126964889466763,263.87476414477425,65.0,6562.0,0.9,19546.92578125
958,1775489745.018098,0.12133475951850414,263.7331637445562,63.0,6562.0,0.8,19546.92578125
959,1775489745.2090766,0.12145591899752617,263.4700742798034,63.0,6562.0,0.8,19546.92578125
960,1775489745.4024718,0.12122980691492558,263.961486158733,62.0,6562.0,0.9,19546.92578125
961,1775489745.5936797,0.12158509343862534,263.19015839020767,63.0,6562.0,0.8,19546.92578125
962,1775489745.7802184,0.12122646905481815,263.96875409717427,65.0,6562.0,0.9,19546.92578125
963,1775489745.9658563,0.12120493873953819,264.0156443522981,66.0,6562.0,0.8,19546.92578125
964,1775489746.152589,0.12161267362535,263.13047025494916,65.0,6562.0,0.9,19546.92578125
965,1775489746.3436131,0.12123185582458973,263.9570250108253,65.0,6562.0,0.8,19546.92578125
966,1775489746.5338957,0.12171776592731476,262.9032808498078,61.0,6562.0,0.8,19546.92578125
967,1775489746.720225,0.12123396620154381,263.95243018612473,59.0,6562.0,0.9,19546.92578125
968,1775489746.9091818,0.12391773797571659,258.235830662684,59.0,6562.0,0.9,19511.98046875
969,1775489747.1039915,0.12116335891187191,264.10624703195276,59.0,6562.0,0.9,19527.8515625
970,1775489747.289649,0.12149768508970737,263.3795037030781,59.0,6562.0,0.9,19527.8515625
971,1775489747.4763842,0.12129036709666252,263.8296904031757,59.0,6562.0,0.9,19528.58984375
972,1775489747.6667237,0.12127343937754631,263.8665165616205,59.0,6562.0,0.8,19528.58984375
973,1775489747.853596,0.1217943374067545,262.73799489651265,65.0,6562.0,0.9,19528.58984375
974,1775489748.0391064,0.12112941406667233,264.18025915973215,66.0,6562.0,0.9,19528.58984375
975,1775489748.229738,0.12151328101754189,263.3456995978935,63.0,6562.0,0.8,19529.328125
976,1775489748.4152315,0.12126024812459946,263.89522118673875,65.0,6562.0,0.9,19529.57421875
977,1775489748.6030655,0.12110776454210281,264.2274846785342,65.0,6562.0,0.9,19529.57421875
978,1775489748.794297,0.12139779888093472,263.59621257536276,63.0,6562.0,0.9,19529.57421875
979,1775489748.9811347,0.12106755375862122,264.31524389928694,65.0,6562.0,0.8,19529.57421875
980,1775489749.165942,0.12127273716032505,263.86804445334934,66.0,6562.0,0.8,19529.57421875
981,1775489749.3522668,0.12151246145367622,263.34747578296117,66.0,6562.0,0.8,19529.57421875
982,1775489749.538432,0.12129694782197475,263.81537684662766,66.0,6562.0,0.8,19529.57421875
983,1775489749.723546,0.12117333710193634,264.08449882898077,62.0,6562.0,0.8,19529.57421875
984,1775489749.9120889,0.12141944095492363,263.54922859412477,59.0,6562.0,0.9,19529.57421875
985,1775489750.0997984,0.12137210741639137,263.65200935514434,59.0,6562.0,0.9,19529.57421875
986,1775489750.2853916,0.12133440747857094,263.7339289405734,59.0,6562.0,0.9,19529.57421875
987,1775489750.4752944,0.12131084129214287,263.78516263799577,59.0,6562.0,0.9,19529.57421875
988,1775489750.6612542,0.12107438407838345,264.30033275480656,60.0,6562.0,0.8,19529.57421875
989,1775489750.8484535,0.12150013074278831,263.37420218701595,65.0,6562.0,0.9,19529.57421875
990,1775489751.034032,0.1215265728533268,263.3168964504704,66.0,6562.0,0.8,19529.57421875
991,1775489751.2210767,0.12120703607797623,264.0110758868273,65.0,6562.0,0.9,19529.57421875
992,1775489751.4140475,0.121568463742733,263.22616092047855,62.0,6562.0,0.9,19529.57421875
993,1775489751.60737,0.12141862139105797,263.55100752574253,62.0,6562.0,0.9,19529.57421875
994,1775489751.7955337,0.12138202041387558,263.63047748661444,65.0,6562.0,0.9,19529.57421875
995,1775489751.9852633,0.12153267115354538,263.3036836619096,64.0,6562.0,0.9,19529.57421875
996,1775489752.1780565,0.12116682343184948,264.09869544858094,62.0,6562.0,0.9,19529.57421875
997,1775489752.3659878,0.1215584147721529,263.24792125646155,65.0,6562.0,0.9,19529.57421875
998,1775489752.5536351,0.1215661633759737,263.2311418847037,65.0,6562.0,1.0,19529.57421875
999,1775489752.7463207,0.12135662883520126,263.68563717648306,62.0,6562.0,0.8,19529.57421875
1000,1775489752.9355004,0.1212739385664463,263.86543043184105,62.0,6562.0,0.9,19529.57421875
1001,1775489753.1227694,0.12130458652973175,263.7987640488499,59.0,6562.0,0.9,19529.57421875
1002,1775489753.314045,0.12138880044221878,263.6157527170889,59.0,6562.0,0.8,19529.57421875
1003,1775489753.5004525,0.12121839635074139,263.9863334556008,59.0,6562.0,0.9,19529.57421875
1004,1775489753.6927235,0.12150763161480427,263.35794365118034,59.0,6562.0,0.9,19529.57421875
1005,1775489753.8827796,0.12141762115061283,263.55317866346195,59.0,6562.0,0.8,19529.57421875
1006,1775489754.076677,0.12124047800898552,263.9382533416635,59.0,6562.0,0.9,19529.57421875
1007,1775489754.2628837,0.121262326836586,263.89069742264996,59.0,6562.0,0.9,19529.57421875
1008,1775489754.4531617,0.12150568142533302,263.36217059664375,64.0,6562.0,0.9,19529.57421875
1009,1775489754.6452332,0.12137161009013653,263.6530896824655,63.0,6562.0,0.8,19529.57421875
1010,1775489754.830682,0.1215103343129158,263.35208590236425,66.0,6562.0,0.8,19529.57421875
1011,1775489755.0204964,0.12124744802713394,263.92308061476666,63.0,6562.0,0.8,19529.57421875
1012,1775489755.2133272,0.12139000743627548,263.61313155696627,62.0,6562.0,0.9,19529.57421875
1013,1775489755.4033387,0.1213599406182766,263.67844147726004,64.0,6562.0,0.9,19529.57421875
1014,1775489755.5968325,0.1213926300406456,263.6074363763724,62.0,6562.0,0.9,19529.57421875
1015,1775489755.7845416,0.12400464154779911,258.0548566616775,66.0,6562.0,0.9,19494.62890625
1016,1775489755.97996,0.12119406275451183,264.039337181216,60.0,6562.0,0.8,19513.9453125
1017,1775489756.1721356,0.1215137243270874,263.34473885322825,63.0,6562.0,0.9,19513.9453125
1018,1775489756.3645263,0.1214009802788496,263.5893048515607,62.0,6562.0,0.9,19529.94140625
1019,1775489756.5548534,0.12130392901599407,263.800193939149,63.0,6562.0,0.9,19529.94140625
1020,1775489756.748947,0.12168704345822334,262.9696563462485,62.0,6562.0,0.9,19529.94140625
1021,1775489756.9353566,0.12123769707977772,263.9443075114098,62.0,6562.0,0.9,19529.94140625
1022,1775489757.1281786,0.12160695530474186,263.1428434320172,61.0,6562.0,0.9,19529.94140625
1023,1775489757.3188572,0.12125146761536598,263.91433134244966,59.0,6562.0,0.9,19529.94140625
1024,1775489757.5101104,0.12152781151235104,263.31421262159233,59.0,6562.0,0.9,19529.94140625
1025,1775489757.6974273,0.12129889987409115,263.8111312898646,59.0,6562.0,0.9,19529.94140625
1026,1775489757.8853085,0.123945077881217,258.17886879434826,59.0,6562.0,0.9,19494.99609375
1027,1775489758.0752528,0.12117151729762554,264.08846495996687,59.0,6562.0,0.9,19510.8671875
1028,1775489758.270992,0.12148671224713326,263.40329249263317,59.0,6562.0,0.9,19529.078125
1029,1775489758.4564695,0.12115499563515186,264.12447817146,62.0,6562.0,0.8,19529.81640625
1030,1775489758.6430666,0.12138883210718632,263.6156839514199,65.0,6562.0,0.9,19529.81640625
1031,1775489758.8354065,0.12111920677125454,264.2025228949454,62.0,6562.0,0.9,19529.81640625
1032,1775489759.027666,0.12138143181800842,263.6317558683832,63.0,6562.0,0.9,19529.81640625
1033,1775489759.214418,0.12107686325907707,264.29492091752695,65.0,6562.0,0.9,19529.81640625
1034,1775489759.4053211,0.12158208526670933,263.19667021504847,63.0,6562.0,0.9,19529.81640625
1035,1775489759.5926988,0.12126677669584751,263.8810140081489,65.0,6562.0,0.9,19529.81640625
1036,1775489759.7886853,0.12231001816689968,261.63024484498067,61.0,6562.0,0.9,19529.81640625
1037,1775489759.9765112,0.12126391567289829,263.88723984732576,64.0,6562.0,0.9,19529.81640625
1038,1775489760.1689644,0.1215767040848732,263.2083197259622,63.0,6562.0,0.8,19529.81640625
1039,1775489760.3597403,0.12113098800182343,264.17682649066063,63.0,6562.0,0.9,19529.81640625
1040,1775489760.549582,0.12148937210440636,263.3975256082452,64.0,6562.0,0.9,19529.81640625
1041,1775489760.734154,0.12113095447421074,264.1768996116755,64.0,6562.0,0.8,19529.81640625
1042,1775489760.9269195,0.12164042331278324,263.0704426086711,62.0,6562.0,0.9,19529.81640625
1043,1775489761.1136518,0.12134410999715328,263.71284111565626,59.0,6562.0,0.9,19529.81640625
1044,1775489761.3077626,0.12150665372610092,263.3600631627473,59.0,6562.0,0.9,19529.81640625
1045,1775489761.4990342,0.12131677009165287,263.77227135065095,59.0,6562.0,0.9,19529.81640625
1046,1775489761.6907995,0.12148340232670307,263.4104691432908,59.0,6562.0,0.9,19529.81640625
1047,1775489761.8763793,0.12099037505686283,264.48384828099506,59.0,6562.0,0.8,19529.81640625
1048,1775489762.0621727,0.12120359763503075,264.0185656564309,59.0,6562.0,0.9,19529.81640625
1049,1775489762.2532263,0.12109513394534588,264.2550444218727,62.0,6562.0,0.8,19529.81640625
1050,1775489762.4420028,0.1214490532875061,263.4849686662148,64.0,6562.0,0.8,19529.81640625
1051,1775489762.6349502,0.12110794335603714,264.2270945508945,62.0,6562.0,1.0,19529.81640625
1052,1775489762.8228292,0.1213363315910101,263.7297467329308,64.0,6562.0,0.9,19494.87109375
1053,1775489763.0147643,0.1213756687939167,263.644273337292,63.0,6562.0,0.9,19510.7421875
1054,1775489763.2013874,0.12130512110888958,263.7976015149038,65.0,6562.0,0.8,19510.7421875
1055,1775489763.3941495,0.12135658040642738,263.6857424033447,62.0,6562.0,0.9,19511.234375
1056,1775489763.5899816,0.12161669507622719,263.12176942436207,61.0,6562.0,0.9,19529.69140625
1057,1775489763.775263,0.12111443467438221,264.2129328847749,66.0,6562.0,0.9,19529.69140625
1058,1775489763.9609902,0.12135357037186623,263.69228282234917,66.0,6562.0,0.9,19529.69140625
1059,1775489764.1482534,0.12142261117696762,263.54234758929323,65.0,6562.0,0.9,19529.69140625
1060,1775489764.334753,0.12108894251286983,264.26855612021643,65.0,6562.0,0.9,19494.74609375
1061,1775489764.5274856,0.1214117705821991,263.56587871630717,62.0,6562.0,0.9,19510.86328125
1062,1775489764.7163112,0.12119714543223381,264.03262127895977,59.0,6562.0,0.9,19529.8125
1063,1775489764.9074414,0.12159568443894386,263.16723449233905,59.0,6562.0,0.9,19529.8125
1064,1775489765.0953526,0.12105025164783001,264.3530233468428,59.0,6562.0,0.9,19531.78125
1065,1775489765.287937,0.12151891179382801,263.33349704687936,59.0,6562.0,0.9,19531.78125
1066,1775489765.4821436,0.12125209718942642,263.9129610270403,59.0,6562.0,0.9,19511.5546875
1067,1775489765.6717453,0.12125626020133495,263.90390027588614,59.0,6562.0,0.9,19529.765625
1068,1775489765.8572655,0.12115068547427654,264.13387489082294,60.0,6562.0,0.9,19529.765625
1069,1775489766.0448878,0.12153710052371025,263.29408766631906,65.0,6562.0,0.9,19529.765625
1070,1775489766.2326844,0.1211274042725563,264.18464254376994,65.0,6562.0,0.8,19529.765625
1071,1775489766.419678,0.12125132791697979,263.9146354084489,65.0,6562.0,0.9,19529.51953125
1072,1775489766.611989,0.12125126831233501,263.91476514348847,62.0,6562.0,0.9,19529.51953125
1073,1775489766.7985556,0.12129189819097519,263.82636002295646,65.0,6562.0,0.8,19529.51953125
1074,1775489766.9856915,0.1215642150491476,263.23536072735396,65.0,6562.0,0.9,19529.51953125
1075,1775489767.1719196,0.12129073776304722,263.82888413553053,66.0,6562.0,0.9,19529.51953125
1076,1775489767.3653762,0.12156778387725353,263.2276330076911,62.0,6562.0,0.9,19529.51953125
1077,1775489767.5559058,0.12122210673987865,263.97825331204956,63.0,6562.0,0.8,19529.51953125
1078,1775489767.7411134,0.12129965052008629,263.80949873141674,66.0,6562.0,0.9,19529.51953125
1079,1775489767.9298015,0.1213477086275816,263.7050205719879,66.0,6562.0,0.9,19529.51953125
1080,1775489768.1225417,0.1214083693921566,263.57326237236583,59.0,6562.0,0.8,19529.51953125
1081,1775489768.3151174,0.12121760658919811,263.98805338936273,59.0,6562.0,0.9,19529.51953125
1082,1775489768.5066504,0.12151792459189892,263.33563634721014,59.0,6562.0,0.8,19529.51953125
1083,1775489768.6921103,0.12112689577043056,264.1857516158011,59.0,6562.0,0.9,19529.51953125
1084,1775489768.8837621,0.12164868414402008,263.0525782105061,59.0,6562.0,0.9,19529.51953125
1085,1775489769.0702796,0.12127231992781162,263.86895228068755,59.0,6562.0,0.9,19529.51953125
1086,1775489769.2570732,0.12121820822358131,263.98674315477007,60.0,6562.0,0.8,19529.51953125
1087,1775489769.4437675,0.12158875353634357,263.1822357684999,65.0,6562.0,0.9,19529.51953125
1088,1775489769.635431,0.12162769585847855,263.097971018328,63.0,6562.0,0.9,19529.51953125
1089,1775489769.821686,0.12184427864849567,262.63030447507253,65.0,6562.0,0.9,19529.51953125
1090,1775489770.0121117,0.12137134000658989,263.65367638078766,63.0,6562.0,0.8,19529.51953125
1091,1775489770.2045028,0.12178286910057068,262.7627369624029,63.0,6562.0,0.9,19529.51953125
1092,1775489770.390304,0.12138106301426888,263.6325568860627,66.0,6562.0,0.9,19529.51953125
1093,1775489770.5778193,0.12134058773517609,263.72049614461645,65.0,6562.0,0.9,19529.51953125
1094,1775489770.771551,0.12118065543472767,264.06855025830725,62.0,6562.0,0.9,19494.57421875
1095,1775489770.96883,0.1213288102298975,263.74609574894396,60.0,6562.0,0.8,19510.4453125
1096,1775489771.1658285,0.12158656492829323,263.18697315671585,60.0,6562.0,0.9,19528.65625
1097,1775489771.3584497,0.1212993897497654,263.8100658710189,62.0,6562.0,0.9,19529.39453125
1098,1775489771.5457,0.12166923470795155,263.008147267558,65.0,6562.0,0.8,19529.39453125
1099,1775489771.7329056,0.12116349674761295,264.1059465843654,65.0,6562.0,0.9,19529.39453125
1100,1775489771.9198127,0.12135791964828968,263.68283250685226,62.0,6562.0,0.9,19529.39453125
1101,1775489772.1080167,0.12139829993247986,263.595124625287,59.0,6562.0,0.9,19529.39453125
1102,1775489772.2996483,0.12147945165634155,263.4190355956345,59.0,6562.0,0.9,19529.39453125
1103,1775489772.490496,0.12121260724961758,263.99894141457764,59.0,6562.0,0.9,19529.39453125
1104,1775489772.683007,0.12155381590127945,263.2578809865497,59.0,6562.0,1.0,19529.39453125
1105,1775489772.869647,0.12138283997774124,263.6286974820168,59.0,6562.0,0.9,19529.39453125
1106,1775489773.0596197,0.12140554003417492,263.57940495130777,59.0,6562.0,0.9,19529.39453125
1107,1775489773.2468145,0.12173348851501942,262.86932536277277,64.0,6562.0,0.9,19529.39453125
1108,1775489773.4400706,0.12141571938991547,263.5573067539544,62.0,6562.0,0.9,19529.39453125
1109,1775489773.6269796,0.1214927826076746,263.39013160423394,65.0,6562.0,0.9,19529.39453125
1110,1775489773.8203244,0.1214626207947731,263.45553710773424,61.0,6562.0,0.9,19529.39453125
1111,1775489774.0050352,0.12151620164513588,263.3393701150213,66.0,6562.0,0.9,19529.39453125
1112,1775489774.1916378,0.12113729491829872,264.16307233525777,65.0,6562.0,0.9,19529.39453125
1113,1775489774.3772428,0.12136377952992916,263.6701009472812,66.0,6562.0,0.9,19529.39453125
1114,1775489774.5646203,0.12147669121623039,263.42502153799614,65.0,6562.0,0.9,19529.39453125
1115,1775489774.7512007,0.12112012691795826,264.2005157547058,65.0,6562.0,0.9,19529.39453125
1116,1775489774.937422,0.12129656784236431,263.8162032876878,65.0,6562.0,0.8,19529.39453125
1117,1775489775.1324594,0.12119430862367153,264.03880151967627,65.0,6562.0,0.9,19529.39453125
1118,1775489775.3242154,0.12154074385762215,263.2861951008472,59.0,6562.0,0.9,19529.39453125
1119,1775489775.5166886,0.12135997042059898,263.67837672584415,59.0,6562.0,0.9,19529.39453125
1120,1775489775.7084274,0.12126732803881168,263.8798142708181,59.0,6562.0,0.9,19529.39453125
1121,1775489775.8994749,0.12150045298039913,263.3735036787258,59.0,6562.0,0.9,19529.39453125
1122,1775489776.0843012,0.12148494087159634,263.407133183877,59.0,6562.0,0.8,19529.39453125
1123,1775489776.2761018,0.12130934000015259,263.7884271727119,59.0,6562.0,0.9,19529.39453125
1124,1775489776.468109,0.1212699394673109,263.8741318793666,59.0,6562.0,0.9,19529.39453125
1125,1775489776.656899,0.12132534943521023,263.75361908261834,59.0,6562.0,0.9,19529.39453125
1126,1775489776.8480778,0.12129353918135166,263.822790694196,63.0,6562.0,0.8,19529.39453125
1127,1775489777.035571,0.12131600826978683,263.7739277477484,65.0,6562.0,0.9,19529.39453125
1128,1775489777.2296102,0.12146991305053234,263.43972096767516,62.0,6562.0,0.9,19529.39453125
1129,1775489777.418289,0.12146681919693947,263.44643098060385,64.0,6562.0,0.9,19529.39453125
1130,1775489777.6084566,0.12131665833294392,263.77251434158813,64.0,6562.0,0.9,19529.39453125
1131,1775489777.8002744,0.12160732597112656,263.1420413569312,63.0,6562.0,0.9,19529.39453125
1132,1775489777.9865053,0.12139697186648846,263.5980083192963,66.0,6562.0,0.8,19529.39453125
1133,1775489778.1782598,0.12142514064908028,263.536857597557,63.0,6562.0,0.9,19529.39453125
1134,1775489778.3685164,0.12125032022595406,263.9168287586121,64.0,6562.0,0.9,19529.39453125
1135,1775489778.5544713,0.12137330137193203,263.6494157964801,66.0,6562.0,0.9,19529.39453125
1136,1775489778.7446923,0.12154335714876652,263.280534211612,64.0,6562.0,0.8,19529.39453125
1137,1775489778.9304595,0.12131243012845516,263.78170782759753,64.0,6562.0,0.8,19529.39453125
1138,1775489779.1182811,0.12142651155591011,263.53388226314803,62.0,6562.0,0.9,19529.39453125
1139,1775489779.3040366,0.1215441133826971,263.2788961094638,59.0,6562.0,0.8,19529.39453125
1140,1775489779.5037875,0.1220889575779438,262.1039661147948,59.0,6562.0,1.0,19529.39453125
1141,1775489779.6961396,0.12140719220042229,263.5758180386342,59.0,6562.0,0.9,19529.39453125
1142,1775489779.88735,0.12132961675524712,263.74434252563566,59.0,6562.0,0.8,19529.39453125
1143,1775489780.0789735,0.12151244096457958,263.3475201878948,59.0,6562.0,0.9,19529.39453125
1144,1775489780.2699733,0.12120875529944897,264.0073311613776,59.0,6562.0,0.8,19529.39453125
1145,1775489780.4574633,0.12143630348145962,263.51263240556085,59.0,6562.0,0.9,19529.39453125
1146,1775489780.6496105,0.12112470343708992,264.19053332601345,62.0,6562.0,0.8,19529.39453125
1147,1775489780.8362613,0.12141591124236584,263.55689030017504,65.0,6562.0,0.9,19529.39453125
1148,1775489781.025779,0.12140446156263351,263.58174640468997,64.0,6562.0,0.9,19528.90234375
1149,1775489781.2125633,0.12135006859898567,263.69989213395036,65.0,6562.0,0.9,19528.90234375
1150,1775489781.3977664,0.12143995054066181,263.5047186492835,66.0,6562.0,0.8,19528.5625
1151,1775489781.5906014,0.12135623954236507,263.68648304093915,62.0,6562.0,0.9,19528.5625
1152,1775489781.7798808,0.1216360330581665,263.07993770807667,64.0,6562.0,0.9,19528.5625
1153,1775489781.9655938,0.12142471224069595,263.5377874033378,66.0,6562.0,0.9,19528.5625
1154,1775489782.1531487,0.12130135670304298,263.8057880781909,65.0,6562.0,0.9,19493.6171875
1155,1775489782.3498828,0.12119883857667446,264.0289327505042,60.0,6562.0,0.8,19509.48828125
1156,1775489782.5451686,0.12127635627985,263.8601701238346,61.0,6562.0,1.0,19528.9296875
1157,1775489782.7367175,0.12153474241495132,263.2991962968387,62.0,6562.0,0.8,19528.9296875
1158,1775489782.9269152,0.1212305948138237,263.9597706267387,62.0,6562.0,0.9,19528.9296875
1159,1775489783.1129396,0.12123861722648144,263.9423042925504,59.0,6562.0,0.9,19528.92578125
1160,1775489783.2997272,0.12150458991527557,263.3645364534246,59.0,6562.0,0.9,19528.92578125
1161,1775489783.486574,0.12130636721849442,263.79489167590265,59.0,6562.0,0.9,19529.1640625
1162,1775489783.6744373,0.12138465233147144,263.6247613299243,59.0,6562.0,0.9,19529.1640625
1163,1775489783.8660188,0.1213333997875452,263.73611928811033,59.0,6562.0,0.9,19529.1640625
1164,1775489784.0526302,0.12141725048422813,263.55398324685945,60.0,6562.0,0.9,19529.1640625
1165,1775489784.2391622,0.12183164991438389,262.6575280108881,66.0,6562.0,0.8,19531.1328125
1166,1775489784.4376771,0.12177793867886066,262.7733754336807,60.0,6562.0,0.9,19510.66015625
1167,1775489784.6323612,0.12130576930940151,263.79619190560555,61.0,6562.0,0.9,19529.1171875
1168,1775489784.8233585,0.12151735462248325,263.33687150624763,63.0,6562.0,0.9,19529.1171875
1169,1775489785.0105975,0.1211988553404808,264.02889623093574,64.0,6562.0,0.9,19529.1171875
1170,1775489785.1986773,0.12161911465227604,263.1165346951581,65.0,6562.0,0.9,19529.1171875
1171,1775489785.3923202,0.12126450799405575,263.88595087994423,62.0,6562.0,0.9,19529.1171875
1172,1775489785.5840633,0.12137661129236221,263.64222611983274,63.0,6562.0,0.9,19529.1171875
1173,1775489785.7736394,0.12127691879868507,263.8589462609843,64.0,6562.0,0.8,19529.1171875
1174,1775489785.9653003,0.12132311798632145,263.75847020027817,63.0,6562.0,0.8,19529.1171875
1175,1775489786.155678,0.121320690959692,263.7637467019685,64.0,6562.0,0.9,19529.1171875
1176,1775489786.3501103,0.12107960321009159,264.2889400989786,61.0,6562.0,0.9,19529.1171875
1177,1775489786.5369291,0.12151531130075455,263.34129960626035,65.0,6562.0,0.9,19529.1171875
1178,1775489786.7245271,0.1212858185172081,263.8395848024048,65.0,6562.0,0.9,19529.1171875
1179,1775489786.9127355,0.12130418978631496,263.7996268419915,60.0,6562.0,0.9,19529.1171875
1180,1775489787.100688,0.1214874517172575,263.4016892088152,59.0,6562.0,0.9,19529.1171875
1181,1775489787.2878854,0.12122788652777672,263.9656676079056,59.0,6562.0,0.9,19529.1171875
1182,1775489787.4780123,0.1216358169913292,263.08040502807756,59.0,6562.0,0.8,19529.1171875
1183,1775489787.6689582,0.12121094763278961,264.00255608053226,59.0,6562.0,0.8,19529.1171875
1184,1775489787.8616397,0.1215343214571476,263.3001082849098,59.0,6562.0,0.9,19529.1171875
1185,1775489788.052555,0.12140156142413616,263.5880430582172,59.0,6562.0,0.9,19529.1171875
1186,1775489788.2434783,0.12130726873874664,263.79293122918125,63.0,6562.0,0.8,19529.1171875
1187,1775489788.4304855,0.12124551832675934,263.9272811202745,65.0,6562.0,0.9,19529.1171875
1188,1775489788.6175983,0.12158825434744358,263.18331628118165,65.0,6562.0,0.9,19529.1171875
1189,1775489788.8090498,0.12123872712254524,263.94206504374756,62.0,6562.0,0.8,19529.1171875
1190,1775489788.9967535,0.12163972295820713,263.07195726674365,65.0,6562.0,0.9,19529.1171875
1191,1775489789.1902761,0.12143248878419399,263.52091042842244,62.0,6562.0,0.8,19529.1171875
1192,1775489789.3781216,0.12179109640419483,262.74498665977876,65.0,6562.0,0.8,19529.1171875
1193,1775489789.5650082,0.1212505791336298,263.9162652141473,65.0,6562.0,0.9,19529.1171875
1194,1775489789.7519157,0.12132472172379494,263.7549836945059,65.0,6562.0,0.9,19529.1171875
1195,1775489789.9382288,0.12147707119584084,263.4241975459779,66.0,6562.0,0.8,19529.1171875
1196,1775489790.1291611,0.12122933752834797,263.9625081883929,66.0,6562.0,0.8,19529.1171875
1197,1775489790.315188,0.12141404300928116,263.56094572646634,61.0,6562.0,0.9,19529.1171875
1198,1775489790.5028143,0.12137459963560104,263.6465957133745,59.0,6562.0,0.8,19529.1171875
1199,1775489790.6950812,0.1214350238442421,263.51540920389334,59.0,6562.0,0.9,19529.1171875
1200,1775489790.8862185,0.12129970826208591,263.80937315083463,59.0,6562.0,0.9,19529.1171875
1201,1775489791.0778363,0.12171645648777485,262.9061091933289,59.0,6562.0,0.8,19529.1171875
1202,1775489791.270491,0.12123521603643894,263.9497090546855,59.0,6562.0,0.9,19529.1171875
1203,1775489791.4583175,0.1216583251953125,263.03173209582343,59.0,6562.0,0.9,19529.1171875
1204,1775489791.6458142,0.12128293700516224,263.8458532599517,62.0,6562.0,0.8,19531.578125
1205,1775489791.839005,0.12163140438497066,263.08994919369746,62.0,6562.0,0.8,19531.578125
1206,1775489792.0316193,0.1213161088526249,263.7737090535411,62.0,6562.0,0.9,19531.578125
1207,1775489792.2199569,0.12149743363261223,263.38004880631973,65.0,6562.0,0.9,19531.578125
1208,1775489792.4078765,0.12115004472434521,264.13527186729607,64.0,6562.0,0.9,19532.31640625
1209,1775489792.59975,0.12150999158620834,263.3528287037761,63.0,6562.0,1.0,19532.31640625
1210,1775489792.7858875,0.12110382318496704,264.236084034482,65.0,6562.0,0.9,19532.31640625
1211,1775489792.9737108,0.12148347310721874,263.41031567114874,65.0,6562.0,0.9,19533.79296875
1212,1775489793.1622086,0.12130947038531303,263.7881436491231,64.0,6562.0,0.9,19533.79296875
1213,1775489793.3542488,0.12153105437755585,263.30718649561646,63.0,6562.0,0.8,19533.79296875
1214,1775489793.5456016,0.12133553810417652,263.7314714220443,63.0,6562.0,0.8,19533.79296875
1215,1775489793.7370815,0.12162821553647518,263.0968468858568,63.0,6562.0,0.9,19533.79296875
1216,1775489793.9274266,0.1211566161364317,264.12094543780864,63.0,6562.0,0.8,19533.79296875
1217,1775489794.1137364,0.12149306014180183,263.3895299258318,61.0,6562.0,0.9,19533.79296875
1218,1775489794.305976,0.12124202772974968,263.93487967166374,59.0,6562.0,0.9,19509.70703125
1219,1775489794.4994159,0.12156764417886734,263.2279354934041,59.0,6562.0,0.9,19528.90234375
1220,1775489794.6906621,0.12129480950534344,263.8200276706011,59.0,6562.0,0.8,19528.90234375
1221,1775489794.8844755,0.12129369750618935,263.8224463259281,59.0,6562.0,0.9,19528.90234375
1222,1775489795.0711823,0.12130403146147728,263.7999711506892,59.0,6562.0,0.9,19528.90234375
1223,1775489795.2593856,0.12167144566774368,263.00336799962525,59.0,6562.0,0.9,19528.90234375
1224,1775489795.4526174,0.1214203629642725,263.54722732476006,59.0,6562.0,0.9,19528.90234375
1225,1775489795.6440625,0.12137116864323616,263.65404863211154,62.0,6562.0,0.8,19528.90234375
1226,1775489795.8360507,0.1216568760573864,263.03486524596747,63.0,6562.0,0.9,19528.90234375
1227,1775489796.0230992,0.12127749621868134,263.85768998973435,65.0,6562.0,0.9,19526.93359375
1228,1775489796.2151716,0.12154749222099781,263.27157735033774,63.0,6562.0,0.9,19526.93359375
1229,1775489796.406574,0.12104749493300915,264.359043677109,62.0,6562.0,0.9,19526.93359375
1230,1775489796.5980983,0.12147012166678905,263.43926852877325,63.0,6562.0,0.9,19526.93359375
1231,1775489796.7857122,0.12126420065760612,263.88661968220254,65.0,6562.0,0.9,19526.93359375
1232,1775489796.980247,0.12154143303632736,263.28470218411496,61.0,6562.0,0.9,19526.93359375
1233,1775489797.1651797,0.1211766954511404,264.07717986419846,66.0,6562.0,0.9,19526.93359375
1234,1775489797.352936,0.12147003971040249,263.43944627244224,65.0,6562.0,0.9,19526.93359375
1235,1775489797.54633,0.12112975493073463,264.17951574572646,62.0,6562.0,0.8,19526.93359375
1236,1775489797.7430713,0.12124844826757908,263.9209033783285,60.0,6562.0,0.9,19507.859375
1237,1775489797.9335175,0.12152615189552307,263.31780856116166,64.0,6562.0,0.9,19526.5625
1238,1775489798.122084,0.12146591208875179,263.4483984001905,64.0,6562.0,0.9,19526.5625
1239,1775489798.309208,0.1212052870541811,264.01488563527255,60.0,6562.0,0.9,19526.5625
1240,1775489798.4960032,0.12150054983794689,263.37329372320096,59.0,6562.0,0.9,19527.0546875
1241,1775489798.6882815,0.12130473926663399,263.7984318952483,59.0,6562.0,0.9,19527.0546875
1242,1775489798.8755789,0.1216167937964201,263.1215558401109,59.0,6562.0,0.9,19527.0546875
1243,1775489799.06479,0.12151899188756943,263.3333234825279,59.0,6562.0,0.9,19527.0546875
1244,1775489799.2566025,0.1215184424072504,263.334514219306,59.0,6562.0,0.9,19527.0546875
1245,1775489799.4431245,0.12125441804528236,263.90790963220513,62.0,6562.0,0.9,19527.0546875
1246,1775489799.6295185,0.12128020823001862,263.8517897273822,65.0,6562.0,0.8,19527.0546875
1247,1775489799.8209708,0.12131454795598984,263.7771029044997,63.0,6562.0,0.8,19527.0546875
1248,1775489800.0083206,0.12129034847021103,263.8297309192678,64.0,6562.0,0.9,19527.0546875
1249,1775489800.1971066,0.12152588367462158,263.3183897323316,64.0,6562.0,0.9,19527.0546875
1250,1775489800.3834627,0.12116075679659843,264.1119191234566,65.0,6562.0,0.9,19527.0546875
1251,1775489800.5734305,0.12172195687890053,262.8942289502982,64.0,6562.0,0.9,19527.0546875
1252,1775489800.7613544,0.121247798204422,263.9223183752044,65.0,6562.0,0.9,19527.0546875
1253,1775489800.9554863,0.1216856837272644,262.9725948018831,62.0,6562.0,1.0,19507.98046875
1254,1775489801.1525812,0.12152327969670296,263.3240320691262,60.0,6562.0,0.9,19526.68359375
1255,1775489801.3393214,0.12138433009386063,263.6254611716022,65.0,6562.0,0.9,19526.68359375
1256,1775489801.5312314,0.12140697985887527,263.5762790343449,62.0,6562.0,1.0,19526.9296875
1257,1775489801.71955,0.12125291489064693,263.9111812599268,62.0,6562.0,0.9,19526.9296875
1258,1775489801.911798,0.12131507694721222,263.7759527113365,59.0,6562.0,0.9,19526.9296875
1259,1775489802.1019588,0.12136618047952652,263.66488484325447,59.0,6562.0,0.9,19526.9296875
1260,1775489802.288605,0.12118496559560299,264.0591581862121,59.0,6562.0,0.9,19526.9296875
1261,1775489802.481138,0.12116462551057339,264.1034861879512,59.0,6562.0,0.8,19526.9296875
1262,1775489802.6735127,0.12158114463090897,263.19870648647276,59.0,6562.0,1.0,19526.9296875
1263,1775489802.864984,0.12126157805323601,263.8923269327027,59.0,6562.0,0.8,19526.9296875
1264,1775489803.052443,0.12159979529678822,263.15833774142226,59.0,6562.0,0.9,19526.9296875
1265,1775489803.2445264,0.12108119390904903,264.2854680144385,61.0,6562.0,0.8,19526.9296875
1266,1775489803.4320104,0.12156041525304317,263.24358906958327,65.0,6562.0,0.9,19526.9296875
1267,1775489803.6227098,0.12121627666056156,263.9909497435619,63.0,6562.0,0.9,19526.9296875
1268,1775489803.8101318,0.12141223065555096,263.56487997312786,64.0,6562.0,0.9,19526.9296875
1269,1775489804.0030687,0.12123027630150318,263.96046413698735,62.0,6562.0,0.9,19526.9296875
1270,1775489804.1903768,0.12128695473074913,263.8371131589409,65.0,6562.0,0.9,19526.9296875
1271,1775489804.3816853,0.1212498489767313,263.91785449680043,63.0,6562.0,0.9,19526.9296875
1272,1775489804.5648375,0.12122467905282974,263.9726518562643,67.0,6562.0,0.9,19526.9296875
1273,1775489804.750987,0.12141141295433044,263.5666550725093,66.0,6562.0,0.9,19526.9296875
1274,1775489804.9381773,0.12145388126373291,263.4744947385675,65.0,6562.0,0.9,19526.9296875
1275,1775489805.1323984,0.12154347449541092,263.2802800220115,62.0,6562.0,0.9,19526.9296875
1276,1775489805.3250678,0.12115828320384026,264.11731128743594,62.0,6562.0,0.9,19526.9296875
1277,1775489805.5108476,0.12137436680495739,263.64710146272006,60.0,6562.0,0.8,19526.9296875
1278,1775489805.700769,0.12124238722026348,263.93409708986474,59.0,6562.0,0.9,19526.9296875
1279,1775489805.8932135,0.12162711471319199,263.0992281240821,59.0,6562.0,0.8,19526.9296875
1280,1775489806.0861416,0.1213492788374424,263.70160833725845,59.0,6562.0,0.9,19530.8671875
1281,1775489806.2776203,0.1214452926069498,263.49312775395936,59.0,6562.0,0.8,19530.8671875
1282,1775489806.4691408,0.12159889377653599,263.1602887671565,59.0,6562.0,0.8,19531.11328125
1283,1775489806.6563296,0.12151028029620647,263.3522029740477,59.0,6562.0,0.9,19531.11328125
1284,1775489806.8496919,0.12139392830431461,263.6046171912426,59.0,6562.0,0.9,19531.11328125
1285,1775489807.0367486,0.12157697416841984,263.20773500803364,64.0,6562.0,0.9,19531.11328125
1286,1775489807.2232192,0.12126716785132885,263.8801628420264,65.0,6562.0,0.9,19531.11328125
1287,1775489807.4115822,0.12166032940149307,263.0273989674672,64.0,6562.0,0.9,19531.11328125
1288,1775489807.6000648,0.12113995477557182,264.157272134403,64.0,6562.0,0.9,19531.11328125
1289,1775489807.7931097,0.12156227231025696,263.239567604726,62.0,6562.0,0.9,19531.11328125
1290,1775489807.979112,0.12128435634076595,263.8427655920552,66.0,6562.0,0.9,19531.11328125
1291,1775489808.16549,0.12118514627218246,264.058764496829,65.0,6562.0,0.9,19531.11328125
1292,1775489808.357482,0.1214511040598154,263.4805195697505,63.0,6562.0,0.8,19531.11328125
1293,1775489808.5557737,0.1214287206530571,263.5290879118256,60.0,6562.0,0.9,19507.6875
1294,1775489808.7459617,0.12131879106163979,263.767877341783,64.0,6562.0,0.9,19525.8984375
1295,1775489808.9347844,0.12243753112852573,261.3577691827909,64.0,6562.0,0.9,19525.8984375
1296,1775489809.1224031,0.12124022655189037,263.9388007601926,64.0,6562.0,0.8,19525.8984375
1297,1775489809.3099442,0.12152530252933502,263.31964894533394,62.0,6562.0,0.9,19525.8984375
1298,1775489809.5019069,0.12124095857143402,263.93720717034665,59.0,6562.0,0.8,19526.8828125
1299,1775489809.6900003,0.12145979888737202,263.4616580394074,59.0,6562.0,0.9,19526.8828125
1300,1775489809.8767848,0.12133319862186909,263.7365565522339,59.0,6562.0,0.9,19526.8828125
1301,1775489810.062223,0.12133040837943554,263.74262171711047,59.0,6562.0,0.9,19526.8828125
1302,1775489810.2482095,0.12130841799080372,263.7904321069119,59.0,6562.0,0.8,19526.8828125
1303,1775489810.4399676,0.12128929048776627,263.8320322537269,62.0,6562.0,0.9,19526.8828125
1304,1775489810.626199,0.1211974285542965,264.03200448814795,65.0,6562.0,0.9,19526.8828125
1305,1775489810.8144317,0.12141034007072449,263.5689841685578,65.0,6562.0,0.9,19526.8828125
1306,1775489811.0006437,0.121248047798872,263.92177507948054,65.0,6562.0,0.9,19526.8828125
1307,1775489811.1897962,0.12179182097315788,262.74342352638433,64.0,6562.0,1.0,19526.8828125
1308,1775489811.3812933,0.12134639173746109,263.7078823837925,63.0,6562.0,0.8,19526.8828125
1309,1775489811.5683942,0.12139539048075676,263.6014421410222,65.0,6562.0,0.9,19526.8828125
1310,1775489811.7590077,0.12126132473349571,263.8928782142912,63.0,6562.0,0.9,19526.8828125
1311,1775489811.9526281,0.12415512278676033,257.7420833046159,63.0,6562.0,0.9,19491.9375
1312,1775489812.1470473,0.12137390673160553,263.64810082913203,60.0,6562.0,0.9,19508.30078125
1313,1775489812.3373165,0.12143092043697834,263.52431394611506,64.0,6562.0,0.9,19527.97265625
1314,1775489812.525661,0.12151512131094933,263.341711342361,64.0,6562.0,1.0,19527.97265625
1315,1775489812.7219596,0.12110567651689053,264.232040316764,64.0,6562.0,0.8,19527.97265625
1316,1775489812.9115305,0.1215125322341919,263.3473223842146,59.0,6562.0,0.9,19527.97265625
1317,1775489813.1066444,0.12136693857610226,263.66323790835867,59.0,6562.0,0.9,19527.97265625
1318,1775489813.2980475,0.12131465040147305,263.77688015504054,59.0,6562.0,0.9,19527.97265625
1319,1775489813.4846795,0.12146107293665409,263.4588944944447,59.0,6562.0,0.9,19527.97265625
1320,1775489813.669926,0.1216400433331728,263.07126438907795,59.0,6562.0,0.9,19527.97265625
1321,1775489813.8573637,0.12117401883006096,264.08301308284587,59.0,6562.0,0.8,19527.97265625
1322,1775489814.050945,0.12144168093800545,263.50096402515726,59.0,6562.0,0.8,19527.97265625
1323,1775489814.243183,0.12120404653251171,264.0175878238218,60.0,6562.0,0.9,19527.97265625
1324,1775489814.4345658,0.12143441289663315,263.5167349739558,63.0,6562.0,0.8,19528.21875
1325,1775489814.627039,0.12139526009559631,263.60172526341347,62.0,6562.0,0.9,19528.21875
1326,1775489814.813938,0.12142235971987247,263.5428933668034,65.0,6562.0,0.9,19493.2734375
1327,1775489815.0107665,0.12157059274613857,263.22155117579956,60.0,6562.0,0.9,19508.80859375
1328,1775489815.2001789,0.12110687606036663,264.2294231423273,63.0,6562.0,0.9,19508.80859375
1329,1775489815.3925776,0.12152239866554737,263.32594115484875,63.0,6562.0,0.9,19528.00390625
1330,1775489815.5797029,0.12118282541632652,264.06382166832,65.0,6562.0,0.9,19528.00390625
1331,1775489815.7716537,0.12144016288220882,263.50425790385736,63.0,6562.0,0.9,19528.00390625
1332,1775489815.9650676,0.12127125822007656,263.8712624052116,62.0,6562.0,0.9,19528.00390625
1333,1775489816.1555412,0.12132812105119228,263.7475939028031,64.0,6562.0,0.8,19528.00390625
1334,1775489816.34795,0.12148264423012733,263.4121129219222,63.0,6562.0,0.9,19528.00390625
1335,1775489816.5343566,0.12140170112252235,263.58773974431057,66.0,6562.0,0.9,19528.49609375
1336,1775489816.7252276,0.12132553942501545,263.75320605747163,63.0,6562.0,0.8,19528.49609375
1337,1775489816.9150546,0.12110540457069874,264.2326336585506,63.0,6562.0,0.9,19528.49609375
1338,1775489817.1096563,0.1216549463570118,263.03903752579004,59.0,6562.0,0.9,19528.49609375
1339,1775489817.3011782,0.121192567050457,264.042595835743,59.0,6562.0,0.8,19528.49609375
1340,1775489817.492729,0.12153882533311844,263.290351147406,59.0,6562.0,0.9,19528.98828125
1341,1775489817.68026,0.12119273655116558,264.0422265445762,59.0,6562.0,0.9,19528.98828125
1342,1775489817.868385,0.12147948890924454,263.4189548155468,59.0,6562.0,0.9,19531.44921875
1343,1775489818.0556757,0.12139981053769588,263.5918446517153,59.0,6562.0,0.9,19531.44921875
1344,1775489818.2433264,0.12138135358691216,263.6319257808176,59.0,6562.0,0.9,19531.44921875
1345,1775489818.4302435,0.12158609181642532,263.1879972613533,65.0,6562.0,0.9,19531.94140625
1346,1775489818.6234953,0.12167611718177795,262.99327050511994,62.0,6562.0,0.9,19509.0078125
1347,1775489818.8142312,0.12121681869029999,263.9897692890096,63.0,6562.0,0.9,19509.0078125
1348,1775489818.999404,0.12123804725706577,263.9435451492315,66.0,6562.0,0.9,19509.0078125
1349,1775489819.1938758,0.12155375443398952,263.25801411076765,61.0,6562.0,0.9,19492.51953125
1350,1775489819.3817298,0.1211950983852148,264.037080924585,65.0,6562.0,0.9,19509.375
1351,1775489819.5723937,0.12154891155660152,263.2685031087144,63.0,6562.0,0.9,19492.88671875
1352,1775489819.7692866,0.12153556384146214,263.29741672768813,60.0,6562.0,0.9,19511.46484375
1353,1775489819.9589303,0.12097671255469322,264.51371775814204,64.0,6562.0,0.9,19511.46484375
1354,1775489820.1446612,0.1212577186524868,263.9007261196212,66.0,6562.0,0.9,19511.46484375
1355,1775489820.3370504,0.12119179591536522,264.0442759206847,62.0,6562.0,0.9,19529.921875
1356,1775489820.5313308,0.12443030811846256,257.17207072680986,63.0,6562.0,0.8,19491.73046875
1357,1775489820.7218835,0.12141363881528378,263.5618231382073,63.0,6562.0,0.9,19508.95703125
1358,1775489820.9115858,0.12152142263948917,263.3280561151149,61.0,6562.0,0.9,19527.16796875
1359,1775489821.0963511,0.12127614766359329,263.860624009632,59.0,6562.0,0.8,19527.16796875
1360,1775489821.2829149,0.12123892642557621,263.9416311529576,59.0,6562.0,0.9,19527.16796875
1361,1775489821.468895,0.12156233377754688,263.23943449916345,59.0,6562.0,0.9,19527.41015625
1362,1775489821.659354,0.12115721590816975,264.11963794425725,59.0,6562.0,0.9,19527.41015625
1363,1775489821.8516886,0.12147920206189156,263.4195768235006,59.0,6562.0,0.9,19527.41015625
1364,1775489822.0463078,0.12148550897836685,263.4059014042432,59.0,6562.0,0.9,19544.8828125
1365,1775489822.2380114,0.12099513411521912,264.4734454323395,61.0,6562.0,0.9,19544.8828125
1366,1775489822.4287417,0.12138978019356728,263.6136250430063,63.0,6562.0,0.8,19545.12890625
1367,1775489822.6156871,0.12112157419323921,264.1973588367231,65.0,6562.0,0.9,19545.12890625
1368,1775489822.8071716,0.12146212160587311,263.45661986570053,63.0,6562.0,0.9,19545.12890625
1369,1775489822.9936407,0.12122056633234024,263.98160780958807,65.0,6562.0,0.9,19545.12890625
1370,1775489823.184423,0.12131206877529621,263.78249355612695,63.0,6562.0,0.8,19545.12890625
1371,1775489823.375806,0.12122148647904396,263.9796040245057,63.0,6562.0,0.9,19545.12890625
1372,1775489823.5665417,0.12150950357317924,263.3538863956263,63.0,6562.0,0.9,19545.12890625
1373,1775489823.7581654,0.12109970487654209,264.2450700653907,63.0,6562.0,0.8,19545.12890625
1374,1775489823.9443555,0.12128896825015545,263.83273319631843,66.0,6562.0,0.8,19545.12890625
1375,1775489824.1304884,0.12146126292645931,263.4584823918299,66.0,6562.0,0.8,19545.12890625
1376,1775489824.316551,0.12104775384068489,264.3584782425315,66.0,6562.0,0.8,19545.12890625
1377,1775489824.508846,0.1215836126357317,263.1933638612384,62.0,6562.0,0.9,19545.12890625
1378,1775489824.696085,0.12132112681865692,263.7627991028435,59.0,6562.0,0.9,19545.12890625
1379,1775489824.8817036,0.12124610878527164,263.9259958162649,59.0,6562.0,0.8,19545.12890625
1380,1775489825.0737123,0.12125652842223644,263.9033165172798,59.0,6562.0,0.9,19545.12890625
1381,1775489825.2606628,0.12126602791249752,263.8826433986144,59.0,6562.0,0.9,19545.12890625
1382,1775489825.4463322,0.12147233262658119,263.4344735798512,59.0,6562.0,0.9,19545.12890625
1383,1775489825.6403117,0.1213049367070198,263.798002527198,59.0,6562.0,0.9,19545.12890625
1384,1775489825.8295882,0.1215725839138031,263.21724002089576,64.0,6562.0,0.8,19545.12890625
1385,1775489826.0168774,0.12135769054293633,263.6833303010031,65.0,6562.0,0.9,19545.12890625
1386,1775489826.211053,0.12160907499492168,263.13825675704135,62.0,6562.0,0.9,19545.12890625
1387,1775489826.4013999,0.12137264013290405,263.6508521604188,63.0,6562.0,0.8,19545.125
1388,1775489826.5883105,0.12153054028749466,263.30830031941167,65.0,6562.0,0.9,19545.125
1389,1775489826.7739875,0.12131399847567081,263.7782976580193,66.0,6562.0,0.8,19545.125
1390,1775489826.9610038,0.12134405970573425,263.71295041225494,65.0,6562.0,0.9,19545.125
1391,1775489827.1483262,0.12157371267676353,263.2147961548285,65.0,6562.0,0.9,19545.125
1392,1775489827.3407056,0.12130407802760601,263.79986988333184,62.0,6562.0,0.9,19545.125
1393,1775489827.5281427,0.12140940129756927,263.5710221613676,65.0,6562.0,0.9,19545.125
1394,1775489827.7206626,0.12134548090398312,263.7098618062308,61.0,6562.0,0.8,19545.125
1395,1775489827.9098847,0.12169244512915611,262.9579836779298,61.0,6562.0,0.8,19545.1171875
1396,1775489828.0957184,0.12125608697533607,263.90427728802524,59.0,6562.0,0.9,19545.1171875
1397,1775489828.281835,0.1215039324015379,263.36596164022563,59.0,6562.0,0.9,19545.1171875
1398,1775489828.4795752,0.1216472964733839,263.05557893760107,59.0,6562.0,0.9,19545.1171875
1399,1775489828.6711097,0.12145809270441532,263.46535901791515,59.0,6562.0,0.9,19545.1171875
1400,1775489828.861574,0.1214394923299551,263.50571289490364,59.0,6562.0,0.8,19545.1171875
1401,1775489829.0549974,0.12113998457789421,264.15720714760107,59.0,6562.0,0.9,19545.1171875
1402,1775489829.2434187,0.12145813181996346,263.46527416899,59.0,6562.0,0.8,19545.1171875
1403,1775489829.430451,0.12144927121698856,263.4844958668124,64.0,6562.0,0.9,19545.1171875
1404,1775489829.6178749,0.12135220877826214,263.69524149717967,65.0,6562.0,0.8,19545.1171875
1405,1775489829.8055806,0.12159512378275394,263.16844791549624,65.0,6562.0,0.9,19545.1171875
1406,1775489829.998597,0.12123430892825127,263.951683998448,62.0,6562.0,0.9,19545.1171875
1407,1775489830.1868918,0.12149791233241558,263.37901109320063,65.0,6562.0,0.9,19545.1171875
1408,1775489830.373909,0.12136713974177837,263.6628008873196,65.0,6562.0,0.9,19545.1171875
1409,1775489830.559379,0.12128591723740101,263.83937005121766,66.0,6562.0,0.9,19545.1171875
1410,1775489830.7496576,0.1215521153062582,263.26156413957904,64.0,6562.0,0.9,19545.1171875
1411,1775489830.939026,0.12145213037729263,263.47829305745057,64.0,6562.0,0.9,19545.1171875
1412,1775489831.1285248,0.12142999097704887,263.5263310366895,64.0,6562.0,0.9,19545.1171875
1413,1775489831.3142674,0.12120032869279385,264.02568660610086,64.0,6562.0,0.9,19545.1171875
1414,1775489831.5018995,0.12145314179360867,263.4760989088218,62.0,6562.0,0.9,19545.1171875
1415,1775489831.688873,0.12159723602235317,263.1638764726318,59.0,6562.0,0.9,19545.1171875
1416,1775489831.878694,0.12489435635507107,256.2165411944229,59.0,6562.0,0.9,19492.9453125
1417,1775489832.0692723,0.12155366316437721,263.2582117803093,59.0,6562.0,0.9,19508.30078125
1418,1775489832.2571335,0.12122366949915886,263.9748502269356,59.0,6562.0,0.9,19527.00390625
1419,1775489832.4500751,0.12134526669979095,263.710327318891,59.0,6562.0,0.9,19527.25
1420,1775489832.642548,0.12141029164195061,263.5690893023365,59.0,6562.0,0.9,19527.25
1421,1775489832.834496,0.12126240693032742,263.8905231230148,61.0,6562.0,0.8,19527.25
1422,1775489833.0212455,0.12140454351902008,263.58156846894826,65.0,6562.0,0.8,19527.25
1423,1775489833.2150786,0.12118736281991005,264.053934794781,62.0,6562.0,0.9,19527.25
1424,1775489833.400725,0.12142344936728477,263.5405283472517,65.0,6562.0,0.9,19527.25
1425,1775489833.5934672,0.12125326693058014,263.9104150350079,62.0,6562.0,0.9,19527.25
1426,1775489833.7825305,0.12149721197783947,263.38052930660376,64.0,6562.0,0.9,19527.25
1427,1775489833.9689326,0.12152665667235851,263.3167148362641,66.0,6562.0,0.8,19527.25
1428,1775489834.1550684,0.12107538431882858,264.2981492896541,65.0,6562.0,0.9,19527.25
1429,1775489834.3451576,0.12151501141488552,263.3419495040266,64.0,6562.0,0.9,19527.25
1430,1775489834.53649,0.12103495188057423,264.3864396424477,63.0,6562.0,0.8,19527.25
1431,1775489834.722378,0.12146235257387161,263.45611888702774,66.0,6562.0,0.9,19527.25
1432,1775489834.909626,0.12122264504432678,263.97708108331364,66.0,6562.0,0.8,19527.25
1433,1775489835.1007836,0.1213020570576191,263.8042649581766,60.0,6562.0,0.8,19527.25
1434,1775489835.2887857,0.12149758264422417,263.37972578190414,59.0,6562.0,0.9,19527.25
1435,1775489835.4806876,0.12131037004292011,263.7861873529713,59.0,6562.0,0.9,19527.25
1436,1775489835.6737282,0.12123444490134716,263.9513879577669,59.0,6562.0,0.9,19527.25
1437,1775489835.862873,0.12158563546836376,263.18898508636994,59.0,6562.0,0.9,19492.3046875
1438,1775489836.0572617,0.12131405994296074,263.778164007088,59.0,6562.0,0.9,19514.9765625
1439,1775489836.2451882,0.12165300361812115,263.0432381304012,59.0,6562.0,0.9,19514.9765625
1440,1775489836.4340231,0.12142310850322247,263.5412681693184,61.0,6562.0,0.9,19527.28125
1441,1775489836.6208794,0.12138934060931206,263.6145796605901,65.0,6562.0,0.9,19527.28125
1442,1775489836.8133602,0.12124328687787056,263.93213862829276,62.0,6562.0,0.9,19527.28125
1443,1775489837.0017715,0.12157435342669487,263.21340889791276,64.0,6562.0,0.9,19527.28125
1444,1775489837.1929634,0.1210753321647644,264.2982631379698,63.0,6562.0,0.9,19527.28125
1445,1775489837.3839173,0.12165550701320171,263.0378252957135,63.0,6562.0,0.8,19527.28125
1446,1775489837.575604,0.12120394594967365,264.01780692261497,63.0,6562.0,0.9,19527.28125
1447,1775489837.7635381,0.12154244258999825,263.28251529341316,65.0,6562.0,0.9,19527.28125
1448,1775489837.948514,0.12129353731870651,263.8227947455927,66.0,6562.0,0.9,19527.28125
1449,1775489838.1353536,0.12140557914972305,263.5793200289099,65.0,6562.0,0.9,19527.28125
1450,1775489838.3220608,0.12183794751763344,262.64395167497946,65.0,6562.0,0.9,19527.28125
1451,1775489838.5132005,0.12110047601163387,264.24338742422304,65.0,6562.0,0.8,19527.28125
1452,1775489838.6994429,0.12128706835210323,263.8368659971415,60.0,6562.0,0.9,19527.28125
1453,1775489838.88791,0.12130509689450264,263.79765417301434,59.0,6562.0,0.9,19527.28125
1454,1775489839.0743725,0.12101235240697861,264.4358147206351,59.0,6562.0,0.9,19527.28125
1455,1775489839.2681665,0.12137933075428009,263.6363193069559,59.0,6562.0,0.9,19527.28125
1456,1775489839.458541,0.12138018012046814,263.6344744936154,59.0,6562.0,0.8,19527.28125
1457,1775489839.646556,0.12157268449664116,263.2170222488104,59.0,6562.0,0.9,19527.28125
1458,1775489839.8386142,0.1212666966021061,263.88118829522267,59.0,6562.0,0.8,19527.28125
1459,1775489840.024583,0.1216864250600338,262.9709927316285,65.0,6562.0,0.9,19527.28125
1460,1775489840.2128236,0.12128177657723427,263.84837774553756,64.0,6562.0,0.9,19527.28125
1461,1775489840.4000785,0.12136702053248882,263.66305986257527,65.0,6562.0,0.9,19527.28125
1462,1775489840.5871787,0.12156897597014904,263.22505182455035,65.0,6562.0,0.9,19527.28125
1463,1775489840.779381,0.12143473885953426,263.51602762546366,63.0,6562.0,0.9,19527.28125
1464,1775489840.9710767,0.12125134840607643,263.91459081205846,63.0,6562.0,0.9,19527.28125
1465,1775489841.1612904,0.12174653634428978,262.84115311097213,64.0,6562.0,1.1,19527.7734375
1466,1775489841.3524797,0.12106077559292316,264.3300428505649,63.0,6562.0,0.9,19527.7734375
1467,1775489841.545274,0.12156138196587563,263.2414956337281,62.0,6562.0,0.9,19528.19140625
1468,1775489841.7330499,0.12102680280804634,264.40424151956955,65.0,6562.0,0.9,19529.66796875
1469,1775489841.918785,0.12131020985543728,263.78653567687087,66.0,6562.0,0.9,19529.66796875
1470,1775489842.107922,0.1211907472461462,264.04656070818623,66.0,6562.0,0.9,19529.66796875
1471,1775489842.293486,0.12112093530595303,264.19875242184673,59.0,6562.0,0.8,19529.66796875
1472,1775489842.485823,0.12145070917904377,263.48137624149484,59.0,6562.0,0.8,19529.9140625
1473,1775489842.6733468,0.12126713804900646,263.8802276925853,59.0,6562.0,1.0,19529.9140625
1474,1775489842.8643754,0.12141408026218414,263.56086485931877,59.0,6562.0,0.9,19529.9140625
1475,1775489843.055582,0.1211407482624054,264.1555418717091,59.0,6562.0,0.9,19529.9140625
1476,1775489843.2468178,0.12114238552749157,264.1519717534211,59.0,6562.0,0.9,19529.9140625
1477,1775489843.4388275,0.12131508998572826,263.77592436163167,59.0,6562.0,0.8,19529.9140625
1478,1775489843.6254323,0.12160760536789894,263.1414367809525,64.0,6562.0,0.9,19529.9140625
1479,1775489843.8169615,0.12132656946778297,263.7509668358114,63.0,6562.0,0.8,19529.9140625
1480,1775489844.007345,0.12120101787149906,264.02418529130966,63.0,6562.0,0.9,19532.62109375
1481,1775489844.2006996,0.12148164212703705,263.4142858106629,62.0,6562.0,0.9,19532.62109375
1482,1775489844.3862312,0.12130849994719028,263.79025388930444,65.0,6562.0,0.9,19533.11328125
1483,1775489844.578886,0.12130311131477356,263.80197220961725,62.0,6562.0,0.9,19533.11328125
1484,1775489844.7698698,0.12135238759219646,263.69485293965283,63.0,6562.0,0.8,19533.11328125
1485,1775489844.961898,0.12144574895501137,263.4921376445556,63.0,6562.0,0.8,19533.11328125
1486,1775489845.1535585,0.12114724516868591,264.14137569073955,63.0,6562.0,0.9,19533.11328125
1487,1775489845.3455813,0.12167173624038696,263.00273990318976,63.0,6562.0,0.9,19533.11328125
1488,1775489845.531165,0.1210066843777895,264.4482010604823,66.0,6562.0,0.9,19533.11328125
1489,1775489845.7239032,0.12159933522343636,263.1593334058993,62.0,6562.0,0.9,19533.11328125
1490,1775489845.9166183,0.12133617699146271,263.730082762139,62.0,6562.0,0.9,19533.11328125
1491,1775489846.1120822,0.12118608877062798,264.05671083722507,62.0,6562.0,0.9,19533.11328125
1492,1775489846.3053644,0.12143479101359844,263.5159144500573,59.0,6562.0,0.9,19533.11328125
1493,1775489846.4912055,0.12117637693881989,264.0778739915315,59.0,6562.0,0.9,19533.11328125
1494,1775489846.6776428,0.12137122824788094,263.653919153271,59.0,6562.0,0.9,19533.11328125
1495,1775489846.8638449,0.12157847546041012,263.2044848302135,59.0,6562.0,0.9,19533.11328125
1496,1775489847.0495062,0.12109198421239853,264.26191798022865,59.0,6562.0,0.9,19533.11328125
1497,1775489847.244849,0.12149332091212273,263.3889645929253,59.0,6562.0,0.9,19533.11328125
1498,1775489847.436753,0.12156514078378677,263.23335615523644,59.0,6562.0,0.9,19533.11328125
1499,1775489847.6218975,0.12153949216008186,263.2889066037253,65.0,6562.0,0.8,19533.11328125
1500,1775489847.8121395,0.12118015624582767,264.06963806090806,64.0,6562.0,0.8,19533.11328125
1501,1775489848.0033789,0.1216738373041153,262.9981983720808,63.0,6562.0,0.9,19533.11328125
1502,1775489848.1908438,0.12113365530967712,264.17100943740434,64.0,6562.0,0.9,19533.11328125
1503,1775489848.3815405,0.12159722484648228,263.16390065974224,63.0,6562.0,0.9,19533.11328125
1504,1775489848.5685694,0.1214152816683054,263.55825692041674,65.0,6562.0,0.9,19533.11328125
1505,1775489848.7581124,0.12149483896791935,263.3856735959754,64.0,6562.0,0.9,19533.11328125
1506,1775489848.9467075,0.12137993983924389,263.63499637898104,64.0,6562.0,0.9,19533.11328125
1507,1775489849.1397967,0.12152883410453796,263.31199699055696,62.0,6562.0,0.9,19533.11328125
1508,1775489849.3289633,0.1211404949426651,264.1560942535802,64.0,6562.0,0.9,19533.11328125
1509,1775489849.5221236,0.1214696615934372,263.44026632020274,62.0,6562.0,0.9,19533.11328125
1510,1775489849.7077637,0.12136359140276909,263.67050966547015,62.0,6562.0,0.8,19533.11328125
1511,1775489849.900222,0.12153594382107258,263.29659353376957,62.0,6562.0,0.9,19533.11328125
1512,1775489850.0915513,0.12121916562318802,263.9846581643086,59.0,6562.0,0.9,19533.11328125
1513,1775489850.2785313,0.12162078358232975,263.1129241026307,59.0,6562.0,0.8,19533.11328125
1514,1775489850.4706209,0.12104715406894684,264.3597881018601,59.0,6562.0,0.9,19533.11328125
1515,1775489850.6560564,0.12136342003941536,263.6708819643293,59.0,6562.0,0.9,19533.11328125
1516,1775489850.8437164,0.12150385044515133,263.36613928498736,59.0,6562.0,0.9,19533.11328125
1517,1775489851.0347254,0.12142406962811947,263.539182124311,59.0,6562.0,0.8,19533.11328125
1518,1775489851.2273014,0.12131494842469692,263.776232158753,62.0,6562.0,0.9,19533.11328125
1519,1775489851.4182875,0.12153673358261585,263.2948825981708,63.0,6562.0,0.9,19533.11328125
1520,1775489851.6077619,0.12131025828421116,263.7864303695484,64.0,6562.0,0.9,19533.11328125
1521,1775489851.7980745,0.12179995700716972,262.7258727038494,64.0,6562.0,0.8,19533.11328125
1522,1775489851.9856374,0.12146345339715481,263.4537311842113,64.0,6562.0,0.9,19533.11328125
1523,1775489852.1758556,0.12148412317037582,263.40890615905005,64.0,6562.0,0.9,19533.11328125
1524,1775489852.3683748,0.1212327890098095,263.9549932107125,62.0,6562.0,0.9,19533.11328125
1525,1775489852.5548112,0.12147092074155807,263.43753554057025,65.0,6562.0,1.0,19533.11328125
1526,1775489852.7465048,0.12130974046885967,263.7875563521994,63.0,6562.0,0.9,19533.11328125
1527,1775489852.9335604,0.12130817957222462,263.79095055950285,65.0,6562.0,0.9,19533.11328125
1528,1775489853.1243565,0.12135452032089233,263.69021866992534,63.0,6562.0,0.8,19533.11328125
1529,1775489853.3116684,0.12126907519996166,263.8760124725526,63.0,6562.0,0.9,19533.11328125
1530,1775489853.497778,0.12155945412814617,263.24567043766154,64.0,6562.0,0.8,19533.11328125
1531,1775489853.6833935,0.1212867796421051,263.8374940321286,59.0,6562.0,0.9,19533.11328125
1532,1775489853.874653,0.12141558341681957,263.55760191131344,59.0,6562.0,0.8,19533.11328125
1533,1775489854.065759,0.12131363898515701,263.7790793161787,59.0,6562.0,0.8,19533.11328125
1534,1775489854.2578504,0.12176622450351715,262.7986548032923,59.0,6562.0,0.8,19533.11328125
1535,1775489854.4487402,0.12132126092910767,263.7625075352517,59.0,6562.0,0.8,19533.11328125
1536,1775489854.6414337,0.12158035673201084,263.20041214005363,59.0,6562.0,0.9,19533.11328125
1537,1775489854.8285728,0.12120756506919861,264.00992365229746,61.0,6562.0,0.9,19533.11328125
1538,1775489855.0165884,0.12155680358409882,263.2514105050555,65.0,6562.0,0.9,19533.11328125
1539,1775489855.208338,0.12109689600765705,264.2511992873592,63.0,6562.0,0.8,19533.11328125
1540,1775489855.3948715,0.12142498977482319,263.53718505014876,65.0,6562.0,0.9,19533.11328125
1541,1775489855.583114,0.12137920968234539,263.63658227587223,65.0,6562.0,0.9,19533.11328125
1542,1775489855.7755053,0.12153235264122486,263.30437372892027,63.0,6562.0,0.9,19533.11328125
1543,1775489855.9616597,0.12172916904091835,262.87865309623066,66.0,6562.0,0.9,19533.11328125
1544,1775489856.1530833,0.12139814905822277,263.59545222269196,63.0,6562.0,0.9,19533.11328125
1545,1775489856.3443937,0.12126041576266289,263.8948563613046,63.0,6562.0,0.9,19533.11328125
1546,1775489856.533547,0.1214435026049614,263.497011479416,64.0,6562.0,0.9,19533.11328125
1547,1775489856.7217836,0.1215299442410469,263.30959172111557,65.0,6562.0,0.9,19533.11328125
1548,1775489856.9141586,0.12130785919725895,263.7916472333811,62.0,6562.0,0.8,19533.11328125
1549,1775489857.1044185,0.12133057788014412,263.7422532645568,62.0,6562.0,0.9,19533.11328125
1550,1775489857.291655,0.12126467935740948,263.88557797349046,59.0,6562.0,0.9,19533.11328125
1551,1775489857.4811134,0.12160704471170902,263.1426499662224,59.0,6562.0,0.9,19533.11328125
1552,1775489857.6673052,0.1211641076952219,264.1046148789648,59.0,6562.0,0.9,19533.11328125
1553,1775489857.8568466,0.12248756922781467,261.2510004217913,59.0,6562.0,0.9,19533.11328125
1554,1775489858.0428045,0.12135253846645355,263.6945250951303,59.0,6562.0,0.8,19533.11328125
1555,1775489858.235823,0.12166215479373932,263.02345256214966,59.0,6562.0,0.9,19492.26171875
1556,1775489858.4287956,0.12120303511619568,264.019791000465,60.0,6562.0,0.8,19510.2578125
1557,1775489858.6193628,0.12167572416365147,262.9941199853524,64.0,6562.0,0.9,19528.46875
1558,1775489858.8034148,0.12129358761012554,263.8226853579245,67.0,6562.0,0.8,19528.46875
1559,1775489858.9893615,0.12129133753478527,263.82757953198995,65.0,6562.0,0.9,19528.46875
1560,1775489859.1829214,0.12137449346482754,263.6468263348354,62.0,6562.0,0.9,19528.46875
1561,1775489859.3697536,0.1213870719075203,263.61950656804254,65.0,6562.0,0.8,19528.46875
1562,1775489859.5649176,0.12133456766605377,263.73358075559173,61.0,6562.0,0.9,19528.46875
1563,1775489859.752384,0.12144204042851925,263.50018401440803,65.0,6562.0,0.9,19528.46875
1564,1775489859.9437954,0.12116986699402332,264.0920617795049,63.0,6562.0,0.9,19528.46875
1565,1775489860.1309674,0.12133170664310455,263.73979963973915,65.0,6562.0,0.9,19528.46875
1566,1775489860.3192532,0.12143195047974586,263.5220786092653,65.0,6562.0,0.9,19493.5234375
1567,1775489860.5074263,0.12116572447121143,264.10109079654035,65.0,6562.0,0.9,19509.39453125
1568,1775489860.7018614,0.12127374857664108,263.86584380853895,62.0,6562.0,0.9,19528.09765625
1569,1775489860.889447,0.12129108048975468,263.8281386462132,59.0,6562.0,0.9,19528.09765625
1570,1775489861.0815375,0.12126463651657104,263.8856712000051,59.0,6562.0,0.8,19528.09765625
1571,1775489861.268288,0.12121090665459633,264.0026453327957,59.0,6562.0,0.9,19528.09765625
1572,1775489861.4604836,0.12169511616230011,262.95221212758304,59.0,6562.0,0.9,19528.34375
1573,1775489861.6489282,0.12130941078066826,263.78827325983093,59.0,6562.0,0.9,19528.34375
1574,1775489861.8435826,0.12399070151150227,258.08386927330554,59.0,6562.0,0.9,19493.3984375
1575,1775489862.0392647,0.1215827725827694,263.19518234555386,59.0,6562.0,0.9,19510.0078125
1576,1775489862.2353485,0.12182225100696087,262.6777927307511,59.0,6562.0,0.9,19528.46484375
1577,1775489862.423612,0.12121592834591866,263.9917083230212,62.0,6562.0,0.9,19528.46484375
1578,1775489862.6166341,0.12168280594050884,262.9788140786704,62.0,6562.0,1.0,19528.46484375
1579,1775489862.8094954,0.12129455991089344,263.8205705475014,62.0,6562.0,0.9,19528.46484375
1580,1775489862.9952154,0.12156433425843716,263.2351025916061,66.0,6562.0,0.9,19528.46484375
1581,1775489863.1809235,0.121219577267766,263.9837617096628,65.0,6562.0,0.9,19528.46484375
1582,1775489863.3687718,0.12127378024160862,263.8657749123327,65.0,6562.0,0.9,19528.46484375
1583,1775489863.5594885,0.12161139398813248,263.1332390049138,63.0,6562.0,0.9,19528.46484375
1584,1775489863.7450788,0.12116699479520321,264.0983219406117,66.0,6562.0,0.8,19528.46484375
1585,1775489863.9353428,0.12167697586119175,262.99141455081343,64.0,6562.0,0.8,19528.46484375
1586,1775489864.1297069,0.12138143926858902,263.631739686258,61.0,6562.0,0.9,19528.46484375
1587,1775489864.3225317,0.12133117020130157,263.7409657131678,62.0,6562.0,0.9,19528.46484375
1588,1775489864.5103462,0.12150640413165092,263.3606041483076,64.0,6562.0,0.9,19528.46484375
1589,1775489864.70032,0.12156756408512592,263.22810891885985,64.0,6562.0,0.9,19528.46484375
1590,1775489864.8937528,0.12161953747272491,263.1156199486164,59.0,6562.0,0.9,19528.46484375
1591,1775489865.085423,0.12118478678166866,264.0595478180976,59.0,6562.0,0.8,19528.46484375
1592,1775489865.2764602,0.121682683005929,262.9790797630654,59.0,6562.0,0.9,19528.46484375
1593,1775489865.4623954,0.12126931548118591,263.8754896325326,59.0,6562.0,0.8,19528.46484375
1594,1775489865.6553211,0.12160294502973557,263.1515214715815,59.0,6562.0,0.9,19528.46484375
1595,1775489865.8414783,0.12139144353568554,263.61001292972463,59.0,6562.0,0.9,19528.46484375
1596,1775489866.0350606,0.1215443629771471,263.27835545953434,59.0,6562.0,0.8,19528.46484375
1597,1775489866.2226043,0.12125731818377972,263.90159768749163,62.0,6562.0,0.9,19528.46484375
1598,1775489866.414586,0.12152099050581455,263.3289925205873,63.0,6562.0,0.8,19528.46484375
1599,1775489866.6062295,0.12107839435338974,264.2915787816121,63.0,6562.0,0.9,19528.46484375
1600,1775489866.7916217,0.12135563977062702,263.68778624943064,66.0,6562.0,0.9,19528.46484375
1601,1775489866.9785142,0.12152222357690334,263.3263205536173,65.0,6562.0,0.9,19528.46484375
1602,1775489867.170398,0.12139187008142471,263.60908665906294,63.0,6562.0,0.9,19528.46484375
1603,1775489867.3578446,0.12166105583310127,263.02582844504224,65.0,6562.0,0.9,19528.7109375
1604,1775489867.5503602,0.12232918851077557,261.58924447685047,62.0,6562.0,0.8,19528.7109375
1605,1775489867.7433677,0.1212990079075098,263.81089632983577,62.0,6562.0,0.9,19528.7109375
1606,1775489867.936633,0.12149130180478096,263.3933419482112,62.0,6562.0,0.9,19528.7109375
1607,1775489868.128705,0.12132484838366508,263.75470834141515,63.0,6562.0,0.8,19528.7109375
1608,1775489868.3179173,0.12151717394590378,263.3372630460082,64.0,6562.0,0.9,19528.7109375
1609,1775489868.5037036,0.12121270783245564,263.998722347095,64.0,6562.0,0.9,19528.7109375
1610,1775489868.6951945,0.12159095332026482,263.1774743612176,63.0,6562.0,0.9,19528.7109375
1611,1775489868.8823726,0.12126714736223221,263.8802074267822,59.0,6562.0,0.9,19528.7109375
1612,1775489869.0735478,0.12180317752063274,262.7189261509979,59.0,6562.0,0.8,19528.7109375
1613,1775489869.267891,0.1211752351373434,264.08036232593486,59.0,6562.0,0.9,19528.7109375
1614,1775489869.454874,0.12144560739398003,263.4924447797378,59.0,6562.0,0.9,19528.7109375
1615,1775489869.643968,0.12389581836760044,258.2815176623282,59.0,6562.0,0.9,19493.765625
1616,1775489869.8415616,0.12132917903363705,263.745294041167,59.0,6562.0,0.9,19509.63671875
1617,1775489870.0366266,0.121556481346488,263.252108365874,59.0,6562.0,0.9,19528.33984375
1618,1775489870.229321,0.12133597768843174,263.7305159576829,59.0,6562.0,0.9,19528.33984375
1619,1775489870.4218352,0.12128029018640518,263.8516114268583,62.0,6562.0,0.9,19528.5859375
1620,1775489870.6110787,0.12150568328797817,263.3621665593818,64.0,6562.0,0.9,19528.5859375
1621,1775489870.8039453,0.12119467742741108,264.0379980314419,62.0,6562.0,0.9,19528.5859375
1622,1775489870.9954531,0.12154201231896877,263.28344734017406,63.0,6562.0,0.9,19528.5859375
1623,1775489871.18035,0.12109783478081226,264.24915076244076,66.0,6562.0,0.8,19528.5859375
1624,1775489871.370441,0.12136485055088997,263.66777411044524,64.0,6562.0,0.8,19528.5859375
1625,1775489871.5624752,0.12122425995767117,263.9735644595702,63.0,6562.0,0.8,19528.5859375
1626,1775489871.7478118,0.12128950841724873,263.83155820795827,66.0,6562.0,0.8,19528.5859375
1627,1775489871.9345713,0.12152080424129963,263.3293961456897,65.0,6562.0,0.9,19528.5859375
1628,1775489872.1271565,0.12119670771062374,264.0335748756893,62.0,6562.0,0.9,19528.5859375
1629,1775489872.3141036,0.12154172360897064,263.28407274321535,65.0,6562.0,0.9,19528.5859375
1630,1775489872.501074,0.12131964787840843,263.76601448820327,65.0,6562.0,0.9,19528.5859375
1631,1775489872.6917117,0.12162621505558491,263.10117424418365,61.0,6562.0,0.9,19528.5859375
1632,1775489872.878915,0.12133928015828133,263.7233380506092,59.0,6562.0,0.9,19528.5859375
1633,1775489873.0656588,0.12133260071277618,263.7378562069381,59.0,6562.0,0.9,19528.5859375
1634,1775489873.2573414,0.12137396074831486,263.6479834942215,59.0,6562.0,0.8,19528.5859375
1635,1775489873.447229,0.12146304361522198,263.454620002538,59.0,6562.0,0.9,19528.5859375
1636,1775489873.6319723,0.12158557400107384,263.1891181409184,59.0,6562.0,0.8,19528.5859375
1637,1775489873.8241296,0.12114296481013298,264.15070862887916,60.0,6562.0,0.9,19528.5859375
1638,1775489874.0176456,0.12133797071874142,263.72618406628254,62.0,6562.0,0.9,19528.5859375
1639,1775489874.204318,0.12118986621499062,264.0484802849114,65.0,6562.0,0.9,19528.5859375
1640,1775489874.3938944,0.12153985537588596,263.2881197779419,64.0,6562.0,0.8,19528.5859375
1641,1775489874.5812647,0.1211190540343523,264.20285606692426,64.0,6562.0,0.9,19528.5859375
1642,1775489874.7725322,0.12165523506700993,263.03841328631535,63.0,6562.0,0.9,19528.5859375
1643,1775489874.9598458,0.12128870747983456,263.8333004358243,65.0,6562.0,0.9,19528.5859375
1644,1775489875.1515183,0.12164506502449512,263.06040441144324,63.0,6562.0,0.9,19528.5859375
1645,1775489875.338434,0.12148109264671803,263.41547727974375,65.0,6562.0,0.9,19528.5859375
1646,1775489875.532305,0.12167189456522465,263.0023976724202,62.0,6562.0,0.9,19528.5859375
1647,1775489875.7197928,0.12126240879297256,263.8905190695377,65.0,6562.0,0.9,19528.5859375
1648,1775489875.906505,0.12125996872782707,263.89582923137067,65.0,6562.0,0.8,19528.5859375
1649,1775489876.0973146,0.12133833952248096,263.72538247955174,65.0,6562.0,0.9,19528.5859375
1650,1775489876.2854445,0.12124521844089031,263.92793391353985,59.0,6562.0,0.9,19537.4453125
1651,1775489876.470748,0.12147592939436436,263.42667357673724,59.0,6562.0,0.8,19538.18359375
1652,1775489876.6628795,0.12105686590075493,264.33857974015535,59.0,6562.0,1.1,19538.18359375
1653,1775489876.8544233,0.12156733684241772,263.22860096441997,59.0,6562.0,1.3,19538.18359375
1654,1775489877.052329,0.12220195680856705,261.86160054809056,59.0,6562.0,0.9,19538.18359375
1655,1775489877.2476385,0.12146182172000408,263.45727033278786,59.0,6562.0,0.9,19538.18359375
1656,1775489877.435172,0.12137858010828495,263.63794972269386,59.0,6562.0,0.9,19538.18359375
1657,1775489877.6201797,0.12121066823601723,264.00316461988893,61.0,6562.0,0.8,19538.18359375
1658,1775489877.8114455,0.12160972692072392,263.1368461246563,63.0,6562.0,1.0,19538.18359375
1659,1775489877.999258,0.12132816947996616,263.74748862657054,65.0,6562.0,0.9,19538.18359375
1660,1775489878.1868517,0.12147181853652,263.43558848079095,64.0,6562.0,0.9,19538.18359375
1661,1775489878.374796,0.12157055735588074,263.2216278019068,65.0,6562.0,0.8,19538.18359375
1662,1775489878.5617821,0.1212540790438652,263.9086474643347,65.0,6562.0,0.9,19494.37890625
1663,1775489878.7549112,0.12154713459312916,263.27235197372477,62.0,6562.0,0.9,19511.22265625
1664,1775489878.9411745,0.12108555622398853,264.2759466769531,65.0,6562.0,0.9,19511.22265625
1665,1775489879.1306312,0.12161463685333729,263.1262225334834,64.0,6562.0,0.9,19528.44921875
1666,1775489879.3205438,0.12123053893446922,263.9598922949398,64.0,6562.0,0.9,19528.44921875
1667,1775489879.5125968,0.12163468636572361,263.0828504279149,63.0,6562.0,0.9,19528.6953125
1668,1775489879.6997375,0.12126302905380726,263.88916926857274,63.0,6562.0,0.9,19528.6953125
1669,1775489879.8915448,0.12168560735881329,262.97275984038015,62.0,6562.0,0.9,19528.6953125
1670,1775489880.078115,0.12119639478623867,264.0342566001267,59.0,6562.0,0.9,19528.6953125
1671,1775489880.2700233,0.12164358608424664,263.0636026944962,59.0,6562.0,0.8,19528.6953125
1672,1775489880.457397,0.12144327163696289,263.49751261362076,59.0,6562.0,1.0,19528.6953125
1673,1775489880.6431935,0.12132047861814499,263.7642083552908,59.0,6562.0,1.0,19528.6953125
1674,1775489880.832809,0.12142014130949974,263.5477084352262,59.0,6562.0,0.9,19528.6953125
1675,1775489881.02358,0.12129376828670502,263.8222923733462,59.0,6562.0,1.0,19528.6953125
1676,1775489881.2107792,0.1213348787277937,263.7329046315673,65.0,6562.0,0.9,19528.6953125
1677,1775489881.3960962,0.12121024914085865,264.0040774341841,66.0,6562.0,0.9,19528.6953125
1678,1775489881.5840719,0.12124543823301792,263.92745546847027,64.0,6562.0,0.9,19528.6953125
1679,1775489881.7708848,0.121799997985363,262.72578431278396,65.0,6562.0,0.8,19528.6953125
1680,1775489881.9643655,0.12133683077991009,263.7286617288037,62.0,6562.0,0.9,19528.6953125
1681,1775489882.152285,0.12151856161653996,263.3342558890564,65.0,6562.0,0.9,19528.6953125
1682,1775489882.3403587,0.12110819481313229,264.22654593585025,65.0,6562.0,0.9,19528.6953125
1683,1775489882.5255961,0.12129979021847248,263.809194907633,66.0,6562.0,1.0,19528.6953125
1684,1775489882.7128918,0.12152255140244961,263.3256101908584,65.0,6562.0,0.9,19528.6953125
1685,1775489882.8992414,0.12116683460772038,264.0986710893334,65.0,6562.0,0.9,19528.6953125
1686,1775489883.086579,0.12150043249130249,263.3735480924374,62.0,6562.0,0.8,19528.6953125
1687,1775489883.2731006,0.12143148295581341,263.5230931968787,59.0,6562.0,0.8,19528.6953125
1688,1775489883.4655535,0.12145724147558212,263.4672055056784,59.0,6562.0,0.8,19528.6953125
1689,1775489883.6599872,0.12121263518929482,263.99888056246266,59.0,6562.0,0.9,19544.4453125
1690,1775489883.8538668,0.12155320309102535,263.25920820068177,59.0,6562.0,0.9,19544.4453125
1691,1775489884.0403712,0.12125644832849503,263.9034908338154,59.0,6562.0,0.9,19544.4453125
1692,1775489884.2260604,0.12126352824270725,263.88808295229916,59.0,6562.0,0.9,19544.4453125
1693,1775489884.412986,0.1213738489896059,263.6482262562209,64.0,6562.0,0.8,19545.18359375
1694,1775489884.6049597,0.12146874330937862,263.44225788601926,63.0,6562.0,0.8,19545.18359375
1695,1775489884.7911482,0.12146000936627388,263.4612014848529,66.0,6562.0,0.9,19545.18359375
1696,1775489884.9774969,0.12106197699904442,264.3274196674699,65.0,6562.0,0.9,19545.18359375
1697,1775489885.1681478,0.12141887098550797,263.5504657576612,63.0,6562.0,0.8,19545.18359375
1698,1775489885.3603466,0.12132605724036694,263.7520803680509,63.0,6562.0,0.9,19545.18359375
1699,1775489885.552246,0.12144893035292625,263.4852353743186,63.0,6562.0,0.9,19545.18359375
1700,1775489885.745466,0.12137405946850777,263.6477690548272,62.0,6562.0,0.9,19545.18359375
1701,1775489885.941385,0.1210991945117712,264.24618370925253,61.0,6562.0,0.9,19492.51953125
1702,1775489886.1432886,0.12122292816638947,263.97646455196247,58.0,6562.0,0.9,19508.859375
1703,1775489886.3374157,0.12109962664544582,264.2452407693151,62.0,6562.0,0.8,19527.0703125
1704,1775489886.5305524,0.12139111943542957,263.61071673798557,62.0,6562.0,0.9,19527.80859375
1705,1775489886.7162936,0.1212289072573185,263.9634450558671,66.0,6562.0,0.8,19527.80859375
1706,1775489886.9091706,0.12156596407294273,263.2315734427045,62.0,6562.0,0.8,19527.80859375
1707,1775489887.09701,0.12154773436486721,263.2710528683408,62.0,6562.0,0.9,19527.80859375
1708,1775489887.2836905,0.12154273502528667,263.28188182816916,61.0,6562.0,0.9,19527.80859375
1709,1775489887.474742,0.12131600826978683,263.7739277477484,59.0,6562.0,0.8,19527.80859375
1710,1775489887.6612194,0.1212982963770628,263.8124438328972,59.0,6562.0,0.9,19527.80859375
1711,1775489887.851348,0.12148142047226429,263.41476643587646,59.0,6562.0,0.9,19527.80859375
1712,1775489888.0429761,0.12128366716206074,263.84426484434385,59.0,6562.0,0.9,19527.80859375
1713,1775489888.2304251,0.12155954353511333,263.2454768206379,59.0,6562.0,0.9,19527.80859375
1714,1775489888.416651,0.12121757864952087,263.98811423648647,62.0,6562.0,0.9,19527.80859375
1715,1775489888.6077712,0.12163017317652702,263.09261233688324,63.0,6562.0,0.9,19527.80859375
1716,1775489888.8004096,0.1213083304464817,263.7906224759859,62.0,6562.0,0.9,19527.80859375
1717,1775489888.989013,0.12139076739549637,263.6114812236306,64.0,6562.0,0.9,19527.80859375
1718,1775489889.1747222,0.12099359184503555,264.4768165985559,65.0,6562.0,0.8,19527.80859375
1719,1775489889.3662345,0.12142344005405903,263.5405485609142,63.0,6562.0,0.8,19527.8046875
1720,1775489889.5536985,0.12122228927910328,263.977855807713,65.0,6562.0,0.9,19527.8046875
1721,1775489889.7450979,0.12133656069636345,263.72924876351027,63.0,6562.0,0.8,19527.8046875
1722,1775489889.9319708,0.12125654704868793,263.9032759785836,65.0,6562.0,0.9,19527.8046875
1723,1775489890.11877,0.12114088237285614,264.1552494351832,65.0,6562.0,0.9,19527.8046875
1724,1775489890.3120456,0.12139834649860859,263.5950235151413,62.0,6562.0,0.9,19527.8046875
1725,1775489890.4985785,0.12108534388244152,264.2764101249771,62.0,6562.0,0.9,19527.8046875
1726,1775489890.6855578,0.12157311290502548,263.2160947050753,63.0,6562.0,0.8,19527.8046875
1727,1775489890.8712013,0.12151060067117214,263.3515086193781,59.0,6562.0,0.9,19527.8046875
1728,1775489891.063578,0.1214560717344284,263.46974295340357,59.0,6562.0,0.9,19527.8046875
1729,1775489891.255357,0.12124709784984589,263.92384285873175,59.0,6562.0,0.9,19527.8046875
1730,1775489891.4425354,0.12140926159918308,263.5713254368011,59.0,6562.0,0.9,19527.8046875
1731,1775489891.6292512,0.12171517498791218,262.9088772470482,59.0,6562.0,0.8,19527.8046875
1732,1775489891.8285542,0.12157639302313328,263.2089931629335,59.0,6562.0,0.9,19508.73046875
1733,1775489892.017223,0.12123524770140648,263.9496401146773,61.0,6562.0,0.9,19527.43359375
1734,1775489892.2088423,0.1214971523731947,263.3806585170633,63.0,6562.0,0.9,19527.43359375
1735,1775489892.4003744,0.12127983756363392,263.85259613503376,63.0,6562.0,0.8,19528.171875
1736,1775489892.5866575,0.1216287836432457,263.0956180065115,66.0,6562.0,1.0,19528.171875
1737,1775489892.7797565,0.1212983001023531,263.81243573073965,62.0,6562.0,0.9,19528.171875
1738,1775489892.972408,0.1213183905929327,263.7687480323707,62.0,6562.0,0.8,19528.171875
1739,1775489893.158004,0.12114319577813148,264.1502050070283,66.0,6562.0,0.8,19528.171875
1740,1775489893.3496857,0.12163551710546017,263.08105363876103,63.0,6562.0,0.9,19528.171875
1741,1775489893.540927,0.12145045958459377,263.48191772556504,63.0,6562.0,0.8,19528.171875
1742,1775489893.7320077,0.12148495204746723,263.4071089520354,63.0,6562.0,0.9,19528.171875
1743,1775489893.9206378,0.12139420956373215,263.604006443157,64.0,6562.0,0.9,19528.171875
1744,1775489894.1116493,0.12135959975421429,263.6791820738415,63.0,6562.0,0.8,19528.171875
1745,1775489894.3046305,0.12157763354480267,263.2063075006938,62.0,6562.0,0.9,19528.171875
1746,1775489894.495125,0.12121265567839146,263.99883593759614,62.0,6562.0,0.9,19528.171875
1747,1775489894.681628,0.12156283482909203,263.23834949217445,60.0,6562.0,0.8,19528.171875
1748,1775489894.8691144,0.1215408444404602,263.28597721464735,59.0,6562.0,0.9,19528.171875
1749,1775489895.060002,0.12127190828323364,263.8698479557457,59.0,6562.0,0.9,19528.171875
1750,1775489895.2467778,0.1214423906058073,263.49942421563117,59.0,6562.0,0.9,19528.171875
1751,1775489895.4336658,0.12129364721477032,263.8225557133981,59.0,6562.0,0.8,19528.171875
1752,1775489895.6189651,0.12141005136072636,263.56961092886365,59.0,6562.0,0.9,19528.171875
1753,1775489895.8064692,0.1216313075274229,263.0901586977128,65.0,6562.0,0.9,19528.171875
1754,1775489895.9986043,0.12129359878599644,263.8226610495661,63.0,6562.0,0.8,19528.171875
1755,1775489896.1901367,0.12167719565331936,262.9909394951365,63.0,6562.0,0.8,19528.171875
1756,1775489896.3826988,0.12140418030321598,263.58235704963056,62.0,6562.0,0.8,19528.171875
1757,1775489896.5735447,0.12137304991483688,263.64996201754224,63.0,6562.0,0.9,19528.171875
1758,1775489896.7664163,0.12150431238114834,263.36513801764346,62.0,6562.0,0.8,19528.171875
1759,1775489896.9568295,0.12139426916837692,263.6038770134626,63.0,6562.0,0.8,19528.171875
1760,1775489897.1436174,0.12156986445188522,263.22312806941494,65.0,6562.0,0.9,19528.171875
1761,1775489897.3343031,0.12115632742643356,264.1215748259659,63.0,6562.0,0.8,19528.171875
1762,1775489897.5208025,0.12154900468885899,263.2683013893332,66.0,6562.0,0.9,19528.171875
1763,1775489897.7117937,0.12133192084729671,263.73933402302157,63.0,6562.0,0.9,19528.171875
1764,1775489897.8994832,0.12131001986563206,263.7869488064095,64.0,6562.0,0.8,19528.171875
1765,1775489898.0940888,0.12124666757881641,263.9247794517602,64.0,6562.0,0.9,19528.171875
1766,1775489898.2799616,0.12130876630544662,263.78967468374327,59.0,6562.0,0.9,19528.171875
1767,1775489898.4730666,0.12116054445505142,264.11238199636415,59.0,6562.0,0.9,19528.171875
1768,1775489898.6598227,0.1213905606418848,263.6119302093302,59.0,6562.0,0.9,19528.171875
1769,1775489898.8467343,0.12141161970794201,263.5662062410222,59.0,6562.0,0.9,19528.171875
1770,1775489899.0338378,0.12128578685224056,263.83965368493506,59.0,6562.0,0.8,19528.171875
1771,1775489899.2190354,0.12128854915499687,263.8336448324286,59.0,6562.0,0.9,19527.1875
1772,1775489899.4072294,0.12148113176226616,263.4153924629444,64.0,6562.0,0.9,19527.34375
1773,1775489899.59389,0.12118805758655071,264.0524209833636,65.0,6562.0,0.8,19527.34375
1774,1775489899.7811663,0.12139146216213703,263.60997248108816,65.0,6562.0,0.9,19527.34375
1775,1775489899.9739404,0.12109330482780933,264.25903600123013,62.0,6562.0,0.8,19527.34375
1776,1775489900.1656399,0.12155071273446083,263.2646019107026,63.0,6562.0,0.8,19527.34375
1777,1775489900.35777,0.1212524976581335,263.9120893841107,63.0,6562.0,0.8,19532.01953125
1778,1775489900.5493739,0.12144876457750797,263.48559502701045,63.0,6562.0,0.8,19532.01953125
1779,1775489900.7341185,0.12122734636068344,263.96684379109917,66.0,6562.0,0.9,19532.01953125
1780,1775489900.9266496,0.12143788672983646,263.5091968554309,62.0,6562.0,0.9,19532.01953125
1781,1775489901.11708,0.12146428972482681,263.45191720541817,63.0,6562.0,0.9,19533.4921875
1782,1775489901.3037739,0.1214919313788414,263.3919770376867,65.0,6562.0,0.9,19533.4921875
1783,1775489901.4936297,0.12119975686073303,264.0269323045774,65.0,6562.0,0.9,19533.4140625
1784,1775489901.6848376,0.12155371159315109,263.2581068943931,61.0,6562.0,0.8,19492.5625
1785,1775489901.8828406,0.12144966423511505,263.48364321576906,59.0,6562.0,0.9,19509.8203125
1786,1775489902.075868,0.12126095779240131,263.89367676597095,59.0,6562.0,0.9,19528.03125
1787,1775489902.2602928,0.12148304097354412,263.4112526617503,59.0,6562.0,0.8,19528.03125
1788,1775489902.4522698,0.12140650115907192,263.5773183025203,59.0,6562.0,0.9,19528.5234375
1789,1775489902.6434803,0.12149136140942574,263.3932127253068,59.0,6562.0,1.0,19528.5234375
1790,1775489902.8300474,0.12119211815297604,264.04357385360373,59.0,6562.0,0.9,19528.5234375
1791,1775489903.0160303,0.12125413864850998,263.9085177353097,60.0,6562.0,0.9,19528.5234375
1792,1775489903.2076788,0.12155642174184322,263.2522374503615,63.0,6562.0,0.9,19528.5234375
1793,1775489903.3991103,0.12139221839606762,263.60833027693155,63.0,6562.0,0.9,19528.5234375
1794,1775489903.5869663,0.12155190482735634,263.262020002488,65.0,6562.0,0.9,19528.5234375
1795,1775489903.7792544,0.12137223966419697,263.6517220785828,62.0,6562.0,0.9,19528.5234375
1796,1775489903.9647033,0.12158508412539959,263.1901785501588,66.0,6562.0,0.8,19528.5234375
1797,1775489904.1548984,0.1212309468537569,263.9590041196509,63.0,6562.0,0.9,19528.5234375
1798,1775489904.3486996,0.12134641967713833,263.70782166578255,62.0,6562.0,0.9,19528.5234375
1799,1775489904.5415,0.12175492756068707,262.8230383862702,62.0,6562.0,0.8,19528.5234375
1800,1775489904.729941,0.12130780145525932,263.7917727970878,64.0,6562.0,0.9,19528.5234375
1801,1775489904.918681,0.12153325229883194,263.3024246015965,64.0,6562.0,0.9,19528.5234375
1802,1775489905.110068,0.12122132629156113,263.97995285939794,63.0,6562.0,0.8,19528.5234375
1803,1775489905.2971394,0.12131703086197376,263.77170437353857,64.0,6562.0,0.8,19528.5234375
1804,1775489905.4886377,0.12132116034626961,263.7627262108851,64.0,6562.0,0.9,19528.5234375
1805,1775489905.679147,0.12139309756457806,263.6064211391987,59.0,6562.0,0.9,19528.5234375
1806,1775489905.8726444,0.1211584061384201,264.1170432981835,59.0,6562.0,0.9,19528.5234375
1807,1775489906.064128,0.12159585580229759,263.1668636144041,59.0,6562.0,0.9,19528.5234375
1808,1775489906.2564852,0.1213185004889965,263.7685090981023,59.0,6562.0,0.9,19528.5234375
1809,1775489906.449319,0.12144389189779758,263.49616683011067,59.0,6562.0,0.9,19528.5234375
1810,1775489906.643192,0.12239262834191322,261.45365479533245,59.0,6562.0,0.9,19528.5234375
1811,1775489906.8364093,0.1215227022767067,263.32528326383107,59.0,6562.0,0.9,19528.5234375
1812,1775489907.0292149,0.12120415642857552,264.01734843851915,59.0,6562.0,0.9,19528.5234375
1813,1775489907.2148957,0.12115191295742989,264.13119874751044,60.0,6562.0,0.9,19528.5234375
1814,1775489907.4069006,0.12139925174415112,263.5930579493191,63.0,6562.0,0.8,19528.5234375
1815,1775489907.5980515,0.1213346179574728,263.73347144189177,63.0,6562.0,0.9,19528.5234375
1816,1775489907.7857447,0.12144285254180431,263.4984219345855,65.0,6562.0,0.9,19528.5234375
1817,1775489907.9736905,0.12108710408210754,264.2725684338873,64.0,6562.0,0.9,19528.5234375
1818,1775489908.1614552,0.12171464785933495,262.91001586745955,65.0,6562.0,0.9,19528.5234375
1819,1775489908.3526332,0.12116596661508083,264.1005630042747,63.0,6562.0,0.9,19528.5234375
1820,1775489908.5388598,0.12140517123043537,263.5802056508927,66.0,6562.0,0.9,19528.5234375
1821,1775489908.732319,0.12108628638088703,264.27435307860816,62.0,6562.0,0.9,19528.5234375
1822,1775489908.924367,0.12150498107075691,263.3636886159029,63.0,6562.0,0.9,19493.578125
1823,1775489909.118317,0.12160097621381283,263.15578210271866,62.0,6562.0,0.9,19509.44921875
1824,1775489909.308634,0.12111605517566204,264.2093977845335,63.0,6562.0,0.9,19528.64453125
1825,1775489909.493229,0.12110277451574802,264.23837214265285,63.0,6562.0,0.9,19529.13671875
1826,1775489909.6811862,0.12161725386977196,263.1205604614759,64.0,6562.0,0.9,19529.13671875
1827,1775489909.867414,0.12127979658544064,263.85268528593105,59.0,6562.0,0.9,19529.13671875
1828,1775489910.0550811,0.12124542519450188,263.9274838507565,59.0,6562.0,0.9,19529.13671875
1829,1775489910.248536,0.12127279676496983,263.8679147642395,59.0,6562.0,0.9,19529.13671875
1830,1775489910.4350975,0.1211504153907299,264.13446373084867,59.0,6562.0,0.9,19529.13671875
1831,1775489910.6256227,0.12140358798205853,263.58364305286494,59.0,6562.0,0.9,19529.13671875
1832,1775489910.8108592,0.12117842771112919,264.0734048496082,61.0,6562.0,0.9,19529.13671875
1833,1775489910.9977157,0.12139121070504189,263.6105185387273,65.0,6562.0,0.8,19529.13671875
1834,1775489911.1860633,0.1213640607893467,263.66948989571836,64.0,6562.0,0.9,19529.13671875
1835,1775489911.3766775,0.12131295911967754,263.78055759427474,63.0,6562.0,0.8,19529.13671875
1836,1775489911.5698376,0.12122159637510777,263.97936470807804,62.0,6562.0,0.8,19529.13671875
1837,1775489911.7564957,0.12155583314597607,263.25351216647323,65.0,6562.0,0.9,19529.13671875
1838,1775489911.9487848,0.12126114778220654,263.8932633020613,62.0,6562.0,0.8,19529.13671875
1839,1775489912.141147,0.12165693566203117,263.03473637456676,63.0,6562.0,0.9,19529.13671875
1840,1775489912.3278549,0.1212819293141365,263.8480454669854,65.0,6562.0,0.9,19529.13671875
1841,1775489912.5206223,0.1216175127774477,263.1200003124382,62.0,6562.0,1.0,19529.13671875
1842,1775489912.7072716,0.1212009359151125,264.0243638251471,65.0,6562.0,0.9,19529.13671875
1843,1775489912.8933282,0.1213310994207859,263.74111957084847,65.0,6562.0,0.9,19529.13671875
1844,1775489913.0821302,0.12151721119880676,263.3371823160654,64.0,6562.0,0.9,19529.13671875
1845,1775489913.2707598,0.12121322751045227,263.9975905042263,59.0,6562.0,0.9,19529.13671875
1846,1775489913.4640625,0.12156353332102299,263.23683695088823,59.0,6562.0,0.9,19529.13671875
1847,1775489913.6503744,0.12122557684779167,263.9706968784198,59.0,6562.0,0.9,19529.13671875
1848,1775489913.8419173,0.12163315527141094,263.0861620632593,59.0,6562.0,0.8,19529.13671875
1849,1775489914.0334818,0.12135419249534607,263.6909310012277,59.0,6562.0,0.9,19529.13671875
1850,1775489914.2239013,0.1214431207627058,263.4978399684451,59.0,6562.0,0.9,19529.13671875
1851,1775489914.4122107,0.12121597491204739,263.99160690840256,60.0,6562.0,0.9,19529.13671875
1852,1775489914.6007192,0.12157244421541691,263.2175424827232,65.0,6562.0,0.9,19529.13671875
1853,1775489914.7927887,0.12131263874471188,263.7812542132582,63.0,6562.0,0.8,19529.13671875
1854,1775489914.978776,0.12153534404933453,263.2978928912261,66.0,6562.0,0.9,19529.13671875
1855,1775489915.1699188,0.12108706496655941,264.272653803587,63.0,6562.0,0.9,19529.13671875
1856,1775489915.3627877,0.12150430120527744,263.3651622417635,62.0,6562.0,0.8,19529.13671875
1857,1775489915.550429,0.12159982323646545,263.1582772762108,65.0,6562.0,0.9,19529.13671875
1858,1775489915.7364092,0.12131663039326668,263.77257508939243,66.0,6562.0,0.8,19494.19140625
1859,1775489915.93541,0.12135764956474304,263.68341933755346,59.0,6562.0,0.9,19508.5859375
1860,1775489916.1245897,0.12125691771507263,263.90246926111905,64.0,6562.0,0.9,19526.796875
1861,1775489916.3107107,0.12104339711368084,264.36799332347243,65.0,6562.0,0.9,19526.796875
1862,1775489916.498374,0.12155300565063953,263.259635816596,65.0,6562.0,0.9,19527.04296875
1863,1775489916.6847908,0.12118990905582905,264.0483869433257,65.0,6562.0,0.9,19527.04296875
1864,1775489916.870863,0.12106447666883469,264.32196198670454,60.0,6562.0,0.9,19527.04296875
1865,1775489917.0582273,0.12144248001277447,263.4992302251563,59.0,6562.0,0.9,19527.04296875
1866,1775489917.2473924,0.12114852853119373,264.1385775623394,59.0,6562.0,0.9,19527.04296875
1867,1775489917.4378283,0.1215820237994194,263.1968032773675,59.0,6562.0,0.8,19527.04296875
1868,1775489917.628783,0.12110767513513565,264.2276797427861,59.0,6562.0,0.8,19527.04296875
1869,1775489917.8164704,0.12130680680274963,263.7939357519603,59.0,6562.0,0.9,19527.04296875
1870,1775489918.003342,0.12150719203054905,263.35889641787327,64.0,6562.0,0.9,19527.04296875
1871,1775489918.1932573,0.12137233093380928,263.6515238176589,64.0,6562.0,0.8,19527.04296875
1872,1775489918.3837373,0.1214221902191639,263.54326126254875,63.0,6562.0,0.9,19527.04296875
1873,1775489918.5759645,0.12142646871507168,263.5339752413314,62.0,6562.0,0.9,19527.04296875
1874,1775489918.764281,0.12137977965176105,263.63534430370606,65.0,6562.0,0.9,19527.04296875
1875,1775489918.9560657,0.12149523384869099,263.3848175464438,63.0,6562.0,0.9,19527.04296875
1876,1775489919.147641,0.1211795061826706,264.0710546531027,63.0,6562.0,0.9,19527.04296875
1877,1775489919.3334541,0.12141394056379795,263.5611681113779,66.0,6562.0,0.8,19527.04296875
1878,1775489919.5189831,0.1215334627777338,263.3019685987482,66.0,6562.0,0.8,19527.04296875
1879,1775489919.7125435,0.12129553779959679,263.81844361719277,62.0,6562.0,0.9,19492.09765625
1880,1775489919.9059823,0.1211334690451622,264.17141564788704,62.0,6562.0,0.9,19512.3984375
1881,1775489920.0934837,0.12144965305924416,263.48366746169404,64.0,6562.0,0.9,19512.3984375
1882,1775489920.2918408,0.1211934257298708,264.0407250416793,64.0,6562.0,0.9,19526.1796875
1883,1775489920.4838011,0.1213283184915781,263.74716470022827,59.0,6562.0,0.9,19526.671875
1884,1775489920.6745427,0.12149645201861858,263.3821767494593,59.0,6562.0,0.8,19526.671875
1885,1775489920.8621218,0.12142232991755009,263.5429580516952,59.0,6562.0,0.9,19526.671875
1886,1775489921.0488646,0.12114830873906612,264.13905677315586,59.0,6562.0,0.9,19526.671875
1887,1775489921.235383,0.12145303934812546,263.476321150574,59.0,6562.0,0.9,19526.671875
1888,1775489921.4273336,0.12120968475937843,264.0053067007424,59.0,6562.0,0.9,19526.671875
1889,1775489921.6187756,0.1215767040848732,263.2083197259622,59.0,6562.0,0.9,19526.671875
1890,1775489921.8113072,0.12116735614836216,264.09753432944365,59.0,6562.0,0.9,19526.671875
1891,1775489922.002817,0.12124777771532536,263.92236297420646,63.0,6562.0,0.9,19526.671875
1892,1775489922.189156,0.12116805650293827,264.09600783869973,65.0,6562.0,0.8,19526.671875
1893,1775489922.3781512,0.12170861475169659,262.92304834201497,64.0,6562.0,1.0,19527.3671875
1894,1775489922.5697494,0.12139417044818401,263.60409138146304,62.0,6562.0,0.9,19527.3671875
1895,1775489922.7623339,0.12153133377432823,263.3065811605496,62.0,6562.0,0.9,19527.3671875
1896,1775489922.9548688,0.12134517915546894,263.71051757236444,62.0,6562.0,0.9,19527.3671875
1897,1775489923.1469505,0.1210575345903635,264.3371196041794,63.0,6562.0,0.9,19527.36328125
1898,1775489923.3328362,0.12136698886752129,263.66312865296305,66.0,6562.0,0.9,19527.36328125
1899,1775489923.5190613,0.12150419503450394,263.3653923711264,66.0,6562.0,0.9,19527.36328125
1900,1775489923.7066512,0.121091702952981,264.26253178077246,65.0,6562.0,0.9,19527.36328125
1901,1775489923.8925524,0.12141519971191883,263.55843482468606,65.0,6562.0,0.9,19527.36328125
1902,1775489924.0830393,0.12118332646787167,264.0627298548691,65.0,6562.0,0.9,19527.36328125
1903,1775489924.2751448,0.12146278098225594,263.45518965743724,59.0,6562.0,0.8,19527.36328125
1904,1775489924.4697697,0.12137294001877308,263.65020073708746,59.0,6562.0,0.9,19527.36328125
1905,1775489924.6608167,0.12142405100166798,263.53922255122603,59.0,6562.0,0.8,19527.36328125
1906,1775489924.8514073,0.1213052999228239,263.79721265566167,59.0,6562.0,0.8,19527.36328125
1907,1775489925.043737,0.12126033753156662,263.89502661304834,59.0,6562.0,0.9,19527.36328125
1908,1775489925.2298791,0.12129825912415981,263.81252485450005,59.0,6562.0,0.8,19527.36328125
1909,1775489925.4228978,0.12123340740799904,263.9536468055143,59.0,6562.0,0.9,19527.36328125
1910,1775489925.6160586,0.12172400578856468,262.88980380405974,59.0,6562.0,0.9,19527.36328125
1911,1775489925.8073852,0.12125450000166893,263.90773125582604,61.0,6562.0,0.9,19527.36328125
1912,1775489925.9975586,0.12157035246491432,263.22207142761494,64.0,6562.0,0.8,19527.36328125
1913,1775489926.1898525,0.12131728790700436,263.77114549848466,63.0,6562.0,0.8,19527.36328125
1914,1775489926.392355,0.12188651040196419,262.53930721675925,58.0,6562.0,0.9,19527.36328125
1915,1775489926.587568,0.12135503813624382,263.68909351809515,61.0,6562.0,0.9,19527.36328125
1916,1775489926.7785003,0.12150420434772968,263.3653721843241,63.0,6562.0,0.9,19527.36328125
1917,1775489926.9696505,0.12142512015998363,263.53690206637975,63.0,6562.0,0.8,19527.36328125
1918,1775489927.1647258,0.12117239646613598,264.086548861341,61.0,6562.0,0.9,19527.36328125
1919,1775489927.3568838,0.12168615311384201,262.971580423475,63.0,6562.0,0.9,19527.36328125
1920,1775489927.5465753,0.1212009359151125,264.0243638251471,64.0,6562.0,0.9,19527.36328125
1921,1775489927.7371893,0.12152478285133839,263.3207749825457,63.0,6562.0,0.9,19527.36328125
1922,1775489927.9287848,0.12126320786774158,263.88878013932725,63.0,6562.0,0.8,19527.359375
1923,1775489928.1213062,0.12133383937180042,263.7351637900714,62.0,6562.0,0.9,19527.359375
1924,1775489928.307025,0.12117923609912395,264.07164321306806,66.0,6562.0,0.9,19527.359375
1925,1775489928.4926932,0.1214202307164669,263.5475143736503,66.0,6562.0,0.9,19528.34375
1926,1775489928.6878984,0.12137391977012157,263.6480725069027,66.0,6562.0,0.9,19508.77734375
1927,1775489928.8765137,0.12150878272950649,263.355448726994,59.0,6562.0,1.0,19526.73828125
1928,1775489929.0659177,0.12128591910004616,263.8393659993118,59.0,6562.0,0.9,19526.73828125
1929,1775489929.2523139,0.12134537100791931,263.71010063425985,59.0,6562.0,0.9,19526.73828125
1930,1775489929.4447732,0.12124355509877205,263.93155474475276,59.0,6562.0,0.8,19526.97265625
1931,1775489929.6329367,0.12124852649867535,263.92073309319437,59.0,6562.0,0.9,19526.97265625
1932,1775489929.8199687,0.12129283882677555,263.8243140281416,59.0,6562.0,0.9,19527.95703125
1933,1775489930.0049706,0.1210296992212534,264.3979139492123,61.0,6562.0,0.9,19527.95703125
1934,1775489930.1907382,0.1213588397949934,263.68083325496775,66.0,6562.0,0.9,19527.95703125
1935,1775489930.3754447,0.12162012420594692,263.1143505972121,67.0,6562.0,0.8,19527.95703125
1936,1775489930.5604794,0.12133364006876945,263.73559700230743,66.0,6562.0,0.8,19527.95703125
1937,1775489930.7475305,0.12120474874973297,264.01605819978647,65.0,6562.0,0.9,19527.95703125
1938,1775489930.9369535,0.12141618132591248,263.55630403252195,64.0,6562.0,0.9,19527.95703125
1939,1775489931.123205,0.12122177705168724,263.9789712565891,66.0,6562.0,0.9,19527.95703125
1940,1775489931.314736,0.1215149313211441,263.3421230797492,63.0,6562.0,0.9,19527.95703125
1941,1775489931.5024188,0.12126835994422436,263.8775688458056,65.0,6562.0,0.8,19527.95703125
1942,1775489931.6954842,0.12141159176826477,263.56626689383654,62.0,6562.0,0.9,19527.95703125
1943,1775489931.887912,0.1212549265474081,263.9068028917462,62.0,6562.0,0.9,19527.95703125
1944,1775489932.080569,0.1212605070322752,263.8946577345479,61.0,6562.0,0.9,19527.95703125
1945,1775489932.2723975,0.1213714499026537,263.6534376549484,59.0,6562.0,0.9,19527.95703125
1946,1775489932.4588356,0.12139650993049145,263.5990113580892,59.0,6562.0,0.9,19528.9375
1947,1775489932.6453936,0.12117299623787403,264.0852417083174,59.0,6562.0,0.9,19528.9375
1948,1775489932.8317082,0.1213134191930294,263.7795572234494,59.0,6562.0,0.9,19528.9375
1949,1775489933.0230327,0.12105302512645721,264.34696668316565,59.0,6562.0,0.9,19528.9375
1950,1775489933.216242,0.12156720459461212,263.2288873196501,59.0,6562.0,0.9,19528.9375
1951,1775489933.403562,0.12114815600216389,264.1393897850862,61.0,6562.0,0.9,19528.9375
1952,1775489933.589615,0.12141222134232521,263.56490019052603,66.0,6562.0,0.8,19528.9375
1953,1775489933.7772045,0.12148687988519669,263.40292902607695,65.0,6562.0,0.9,19528.9375
1954,1775489933.9671376,0.12118141539394855,264.066894217824,63.0,6562.0,0.8,19528.9375
1955,1775489934.154933,0.12148978188633919,263.3966371751155,65.0,6562.0,0.9,19528.9375
1956,1775489934.3475528,0.1212285365909338,263.9642521461663,62.0,6562.0,0.9,19528.9375
1957,1775489934.5362976,0.121584452688694,263.1915454020516,64.0,6562.0,0.9,19528.9375
1958,1775489934.7221265,0.1212424784898758,263.93389840403273,66.0,6562.0,0.8,19528.9375
1959,1775489934.90848,0.12133415788412094,263.73447146319097,65.0,6562.0,0.9,19528.9375
1960,1775489935.0972083,0.12171427719295025,262.9108165287076,64.0,6562.0,0.9,19528.9375
1961,1775489935.283367,0.12119701504707336,264.0329053283291,64.0,6562.0,0.9,19528.9375
1962,1775489935.477296,0.1216451246291399,263.060275515016,62.0,6562.0,0.9,19528.9375
1963,1775489935.6633294,0.12113261595368385,264.1732761078609,59.0,6562.0,0.9,19528.9375
1964,1775489935.851381,0.12141855992376804,263.55114094658194,59.0,6562.0,0.9,19528.9375
1965,1775489936.0391676,0.12204334139823914,262.20193280009374,59.0,6562.0,0.8,19528.9375
1966,1775489936.2251372,0.12126343883574009,263.88827751575036,59.0,6562.0,0.8,19528.9375
1967,1775489936.416908,0.12150697223842144,263.3593728038049,59.0,6562.0,0.9,19528.6875
1968,1775489936.6026196,0.12118812650442123,264.0522708207108,61.0,6562.0,0.8,19528.6875
1969,1775489936.7940316,0.12165943719446659,263.02932791682724,63.0,6562.0,0.8,19528.6875
1970,1775489936.9806945,0.12128443829715252,263.8425873037274,65.0,6562.0,0.9,19528.6875
1971,1775489937.171156,0.12148963287472725,263.39696024101465,63.0,6562.0,0.9,19528.6875
1972,1775489937.3580515,0.12116795592010021,264.0962270676682,65.0,6562.0,0.9,19528.6875
1973,1775489937.5507257,0.12139850854873657,263.59467165243876,62.0,6562.0,0.8,19528.6875
1974,1775489937.7427394,0.1210133321583271,264.4336737883805,63.0,6562.0,0.9,19528.6875
1975,1775489937.9285471,0.12128503434360027,263.84129066859197,66.0,6562.0,0.8,19528.6875
1976,1775489938.1191154,0.12132010795176029,263.76501422768223,63.0,6562.0,0.9,19528.6875
1977,1775489938.3076324,0.12126966752111912,263.87472361484953,64.0,6562.0,0.9,19528.6875
1978,1775489938.4991493,0.12133359536528587,263.73569417160246,63.0,6562.0,0.9,19528.6875
1979,1775489938.6931367,0.12165876664221287,263.03077766774527,62.0,6562.0,0.9,19528.6875
1980,1775489938.8865309,0.12119379825890064,264.039913425602,61.0,6562.0,0.9,19528.6875
1981,1775489939.081879,0.12122562527656555,263.9705914240065,61.0,6562.0,0.9,19528.6875
1982,1775489939.2684562,0.12138810008764267,263.61727366105805,59.0,6562.0,0.9,19528.6875
1983,1775489939.455848,0.1216020230203867,263.1535167357797,59.0,6562.0,0.9,19528.671875
1984,1775489939.6459074,0.12125376798212528,263.9093244897536,59.0,6562.0,0.9,19528.671875
1985,1775489939.8340042,0.12157621420919895,263.20938028993794,59.0,6562.0,0.8,19528.671875
1986,1775489940.020189,0.12133018858730793,263.7430994922845,59.0,6562.0,0.9,19528.671875
1987,1775489940.208643,0.1213364489376545,263.7294916751878,59.0,6562.0,0.9,19528.671875
1988,1775489940.4009693,0.12117352709174156,264.0840847669022,61.0,6562.0,0.9,19528.671875
1989,1775489940.5933774,0.12146917916834354,263.4413125954474,62.0,6562.0,0.9,19528.671875
1990,1775489940.7859154,0.12130766920745373,263.79206037893084,62.0,6562.0,0.8,19490.7734375
1991,1775489940.9790378,0.12136206030845642,263.67383611211045,62.0,6562.0,0.9,19507.70703125
1992,1775489941.1738038,0.12134619057178497,263.70831955428963,61.0,6562.0,0.9,19525.91796875
1993,1775489941.3594708,0.12113900668919086,264.1593395437288,65.0,6562.0,0.9,19525.91796875
1994,1775489941.5513816,0.12156129069626331,263.2416932784644,63.0,6562.0,0.9,19526.41015625
1995,1775489941.7378535,0.12122997641563416,263.9611170944119,65.0,6562.0,1.0,19526.90234375
1996,1775489941.924537,0.12116310745477676,264.10679514755566,65.0,6562.0,0.9,19526.90234375
1997,1775489942.1125872,0.1217214185744524,262.8953915816123,65.0,6562.0,0.9,19526.90234375
1998,1775489942.299839,0.12126213870942593,263.89110682502405,65.0,6562.0,0.9,19526.90234375
1999,1775489942.4906237,0.12156608141958714,263.2313193476355,63.0,6562.0,0.8,19526.65625
2000,1775489942.6782827,0.12130988761782646,263.78723637773453,63.0,6562.0,1.0,19526.65625
2001,1775489942.862483,0.12103661522269249,264.3828063195913,60.0,6562.0,0.8,19526.65625
2002,1775489943.0497434,0.1215936541557312,263.1716286691735,59.0,6562.0,0.9,19526.65625
2003,1775489943.2370367,0.12136048078536987,263.6772678627822,59.0,6562.0,0.9,19526.65625
2004,1775489943.4272006,0.1213272400200367,263.7495091350906,59.0,6562.0,0.9,19526.65625
2005,1775489943.6147702,0.1215209923684597,263.3289884843425,59.0,6562.0,0.9,19526.65625
2006,1775489943.8018231,0.12109819427132607,264.248366315872,61.0,6562.0,0.9,19526.65625
2007,1775489943.9946737,0.12167045660316944,263.00550596574664,62.0,6562.0,0.9,19526.65625
2008,1775489944.1809385,0.12116525508463383,264.10211390755563,65.0,6562.0,0.8,19526.65625
2009,1775489944.3721097,0.12139600329101086,263.6001114739297,63.0,6562.0,0.9,19526.65625
2010,1775489944.5600169,0.12106791511178017,264.31445499375195,64.0,6562.0,0.9,19526.65625
2011,1775489944.7488675,0.12147913314402103,263.4197262674077,64.0,6562.0,0.9,19526.65625
2012,1775489944.9360304,0.12122123688459396,263.9801475583433,65.0,6562.0,0.9,19526.65625
2013,1775489945.1276782,0.12128686904907227,263.83729954355493,63.0,6562.0,0.9,19526.65625
2014,1775489945.3208215,0.12119058705866337,264.04690972006034,62.0,6562.0,0.9,19526.65625
2015,1775489945.5070648,0.1214749701321125,263.42875380169073,66.0,6562.0,0.9,19526.65625
2016,1775489945.693831,0.12147687934339046,263.4246135805193,65.0,6562.0,0.8,19526.65625
2017,1775489945.8823752,0.12221461534500122,261.8344778950274,65.0,6562.0,0.9,19525.671875
2018,1775489946.0686255,0.1216643638908863,263.0186767647011,62.0,6562.0,0.9,19525.671875
2019,1775489946.2621791,0.12102681212127209,264.4042211731988,59.0,6562.0,0.9,19525.671875
2020,1775489946.4524717,0.12140696868300438,263.5763032973217,59.0,6562.0,0.8,19525.42578125
2021,1775489946.6439137,0.12120908685028553,264.0066090055246,59.0,6562.0,0.9,19526.09765625
2022,1775489946.8353713,0.12117898650467396,264.07218712598933,59.0,6562.0,0.9,19526.09765625
2023,1775489947.0227728,0.12129089049994946,263.82855190607523,59.0,6562.0,0.8,19526.09765625
2024,1775489947.2110884,0.12139189057052135,263.60904216587625,59.0,6562.0,0.9,19526.09765625
2025,1775489947.4033716,0.12117447517812252,264.08201853534786,59.0,6562.0,0.9,19526.09765625
2026,1775489947.5899389,0.12166225723922253,263.0232310837281,66.0,6562.0,0.9,19526.09765625
2027,1775489947.7810607,0.12114634737372398,264.1433331975194,63.0,6562.0,0.9,19526.09765625
2028,1775489947.9738035,0.12139930948615074,263.5929325747159,62.0,6562.0,0.9,19526.09765625
2029,1775489948.1667962,0.12134923785924911,263.7016973861529,62.0,6562.0,0.8,19526.09765625
2030,1775489948.3538353,0.1214526817202568,263.47709697926575,65.0,6562.0,0.9,19526.09765625
2031,1775489948.5462146,0.12146185897290707,263.45718952924824,63.0,6562.0,0.8,19526.09765625
2032,1775489948.732924,0.12143236957490444,263.5211691250173,65.0,6562.0,0.9,19526.09765625
2033,1775489948.9249814,0.12147147208452225,263.43633983239926,63.0,6562.0,0.8,19526.09765625
2034,1775489949.1159236,0.12133125960826874,263.74077136688027,63.0,6562.0,0.9,19526.09765625
2035,1775489949.3072329,0.12140114232897758,263.5889530041253,63.0,6562.0,0.9,19526.09765625
2036,1775489949.4949903,0.12135149911046028,263.69678359615466,65.0,6562.0,0.9,19526.09765625
2037,1775489949.6832087,0.1212293691933155,263.9624392416987,63.0,6562.0,0.8,19526.09765625
2038,1775489949.8792553,0.12114376574754715,264.14896220648416,63.0,6562.0,0.9,19526.09765625
2039,1775489950.0717945,0.12153640389442444,263.295596830375,59.0,6562.0,0.9,19526.09765625
2040,1775489950.2594035,0.12122843600809574,263.9644711564456,59.0,6562.0,0.9,19526.09765625
2041,1775489950.4473011,0.12164230272173882,263.0663780938212,59.0,6562.0,0.9,19526.09765625
2042,1775489950.6399198,0.12120369635522366,264.0183506137836,59.0,6562.0,0.9,19528.06640625
2043,1775489950.8305457,0.12165742553770542,263.0336772175259,59.0,6562.0,0.8,19528.06640625
2044,1775489951.0235927,0.12149887159466743,263.376931653779,59.0,6562.0,0.9,19528.06640625
2045,1775489951.2169566,0.12127655744552612,263.85973244972314,59.0,6562.0,0.8,19528.06640625
2046,1775489951.4093962,0.12165685370564461,263.03491357277534,59.0,6562.0,0.9,19528.06640625
2047,1775489951.596936,0.12131080776453018,263.78523554235545,62.0,6562.0,0.9,19528.06640625
2048,1775489951.7846818,0.1214001402258873,263.59112881136804,65.0,6562.0,0.9,19528.06640625
2049,1775489951.9708345,0.12156057544052601,263.2432421781034,66.0,6562.0,0.9,19528.06640625
2050,1775489952.1549416,0.12121870927512646,263.9856519786114,66.0,6562.0,0.8,19528.06640625
2051,1775489952.346391,0.12152109295129776,263.3287705273084,63.0,6562.0,0.9,19528.06640625
2052,1775489952.5330229,0.12154470384120941,263.2776171128444,65.0,6562.0,1.0,19528.06640625
2053,1775489952.7202094,0.12124541588127613,263.92750412382185,65.0,6562.0,0.9,19528.06640625
2054,1775489952.9049697,0.1213825698941946,263.6292840717856,66.0,6562.0,0.8,19528.06640625
2055,1775489953.0954776,0.12117046676576138,264.0907545719062,63.0,6562.0,0.9,19528.06640625
2056,1775489953.281741,0.12121590785682201,263.99175294547814,63.0,6562.0,0.9,19528.06640625
2057,1775489953.4685764,0.12171924859285355,262.90007841766123,64.0,6562.0,0.9,19528.06640625
2058,1775489953.6603837,0.12116948887705803,264.09288589529416,59.0,6562.0,0.8,19528.06640625
2059,1775489953.8473973,0.12161154486238956,263.13291255538144,59.0,6562.0,0.9,19528.06640625
2060,1775489954.0337853,0.12132645025849342,263.7512259842931,59.0,6562.0,0.8,19528.06640625
2061,1775489954.2204046,0.12123124487698078,263.9583552282413,59.0,6562.0,0.9,19528.06640625
2062,1775489954.4118423,0.12138297967612743,263.62839407454,59.0,6562.0,0.9,19528.06640625
2063,1775489954.6025014,0.12133713252842426,263.72800587242926,59.0,6562.0,0.9,19528.06640625
2064,1775489954.7913969,0.12152031250298023,263.33046172190524,64.0,6562.0,0.9,19528.06640625
2065,1775489954.982788,0.12138155288994312,263.6314929090952,63.0,6562.0,0.9,19528.06640625
2066,1775489955.1757967,0.12126602791249752,263.8826433986144,62.0,6562.0,0.9,19528.06640625
2067,1775489955.3623323,0.12123801559209824,263.94361408605585,65.0,6562.0,0.9,19528.06640625
2068,1775489955.5492857,0.1214629728347063,263.4547735263109,65.0,6562.0,0.9,19528.06640625
2069,1775489955.7388253,0.12206054106354713,262.1649856798535,64.0,6562.0,0.9,19528.06640625
2070,1775489955.927885,0.12145659141242504,263.4686156417723,64.0,6562.0,0.9,19528.06640625
2071,1775489956.113914,0.12125904485583305,263.8978398522382,66.0,6562.0,0.9,19528.06640625
2072,1775489956.3060427,0.12164933606982231,263.0511684965807,63.0,6562.0,0.8,19528.06640625
2073,1775489956.498409,0.12118236720561981,264.0648201375951,62.0,6562.0,0.9,19528.06640625
2074,1775489956.6844,0.12131090834736824,263.78501682939725,66.0,6562.0,0.8,19528.06640625
2075,1775489956.8733144,0.12139482982456684,263.6026595716197,66.0,6562.0,0.9,19528.06640625
2076,1775489957.0673594,0.12151109240949154,263.35044287282204,59.0,6562.0,0.9,19528.06640625
2077,1775489957.2581627,0.12120919674634933,264.00636964013046,59.0,6562.0,0.9,19528.06640625
2078,1775489957.444236,0.12136997282505035,263.65664632822023,59.0,6562.0,0.9,19528.06640625
2079,1775489957.635983,0.12126758508384228,263.8792549375479,59.0,6562.0,0.9,19528.06640625
2080,1775489957.8217952,0.1214998196810484,263.3748764730996,59.0,6562.0,0.8,19528.06640625
2081,1775489958.0138245,0.12113162316381931,264.17544126130434,59.0,6562.0,0.8,19528.06640625
2082,1775489958.2002842,0.12127318792045116,263.86706368261974,59.0,6562.0,0.9,19528.06640625
2083,1775489958.391381,0.12140562944114208,263.5792108430501,63.0,6562.0,0.9,19528.06640625
2084,1775489958.5848217,0.12170440703630447,262.9321384430589,62.0,6562.0,0.9,19528.06640625
2085,1775489958.775684,0.12120941653847694,264.0058909106444,63.0,6562.0,0.8,19528.06640625
2086,1775489958.962077,0.1212457474321127,263.9267824046141,65.0,6562.0,0.9,19528.06640625
2087,1775489959.156388,0.12118147499859333,264.0667643331743,62.0,6562.0,0.9,19528.06640625
2088,1775489959.3486457,0.12162879481911659,263.09559383195096,63.0,6562.0,0.9,19528.06640625
2089,1775489959.5460851,0.12191040255129337,262.48785444323437,60.0,6562.0,0.9,19528.06640625
2090,1775489959.7376842,0.12115483731031418,264.12482332866597,63.0,6562.0,0.9,19528.06640625
2091,1775489959.9300897,0.12168777734041214,262.9680704125483,63.0,6562.0,0.8,19528.06640625
2092,1775489960.1163783,0.12117580696940422,264.07911612323494,65.0,6562.0,0.9,19528.06640625
2093,1775489960.3083878,0.12151970341801643,263.3317815953104,63.0,6562.0,0.8,19528.06640625
2094,1775489960.4933283,0.12125228904187679,263.9125434485463,66.0,6562.0,0.9,19528.06640625
2095,1775489960.6784077,0.12124264799058437,263.93352941685254,66.0,6562.0,0.9,19528.06640625
2096,1775489960.8655844,0.12164543382823467,263.05960686682675,64.0,6562.0,0.9,19528.06640625
2097,1775489961.0582485,0.12129639647901058,263.81657599809535,59.0,6562.0,0.8,19528.06640625
2098,1775489961.2436213,0.12152364291250706,263.32324503338765,59.0,6562.0,0.8,19528.06640625
2099,1775489961.4299808,0.12153778411448002,263.2926067654669,59.0,6562.0,0.8,19490.16796875
2100,1775489961.6244032,0.1216182541102171,263.1183964456508,59.0,6562.0,0.9,19507.59375
2101,1775489961.8141315,0.12134882062673569,263.70260406922927,59.0,6562.0,0.9,19525.8046875
2102,1775489962.0011318,0.1214919202029705,263.3920012667443,59.0,6562.0,0.9,19525.8046875
2103,1775489962.186638,0.1215390432626009,263.2898790461913,65.0,6562.0,0.9,19525.8046875
2104,1775489962.3751228,0.1211766880005598,264.0771961010534,64.0,6562.0,0.9,19526.54296875
2105,1775489962.5634618,0.12165829539299011,263.03179653003605,64.0,6562.0,1.0,19526.54296875
2106,1775489962.750275,0.12142596207559109,263.5350748143885,65.0,6562.0,0.9,19526.54296875
2107,1775489962.9368894,0.12120144627988338,264.02325205017996,65.0,6562.0,0.8,19526.54296875
2108,1775489963.1233633,0.12157676182687283,263.2081947170833,66.0,6562.0,0.9,19526.54296875
2109,1775489963.316633,0.12118085660040379,264.0681118926285,62.0,6562.0,0.9,19526.54296875
2110,1775489963.5033975,0.121614595875144,263.1263111941999,65.0,6562.0,0.9,19526.54296875
2111,1775489963.6935148,0.12137859128415585,263.6379254483663,64.0,6562.0,0.8,19526.54296875
2112,1775489963.8852835,0.12170851416885853,262.9232656279343,63.0,6562.0,0.9,19526.54296875
2113,1775489964.0790176,0.12145769223570824,263.4662277124354,61.0,6562.0,0.9,19512.63671875
2114,1775489964.2755456,0.1212481688708067,263.9215115413157,61.0,6562.0,0.9,19512.63671875
2115,1775489964.4697936,0.1214060802012682,263.5782322182718,59.0,6562.0,0.9,19526.6640625
2116,1775489964.6592937,0.1212810892611742,263.8498730093792,59.0,6562.0,0.8,19526.6640625
2117,1775489964.8539386,0.1214684396982193,263.44291636166554,59.0,6562.0,0.8,19526.6640625
2118,1775489965.0401154,0.12149261124432087,263.3905031117341,59.0,6562.0,0.9,19526.6640625
2119,1775489965.2269406,0.12152825109660625,263.31326017818105,59.0,6562.0,0.8,19526.6640625
2120,1775489965.4150288,0.12147623114287853,263.4260192215058,59.0,6562.0,0.9,19526.6640625
2121,1775489965.6065857,0.1216481439769268,263.05374627063355,59.0,6562.0,0.8,19526.6640625
2122,1775489965.7964761,0.12112071737647057,264.19922778806506,60.0,6562.0,0.9,19526.6640625
2123,1775489965.9842486,0.12151633389294147,263.339083519362,65.0,6562.0,0.9,19526.6640625
2124,1775489966.1713474,0.12125216796994209,263.9128069688013,65.0,6562.0,0.9,19526.6640625
2125,1775489966.363482,0.12179544754326344,262.73560010223827,63.0,6562.0,0.9,19526.6640625
2126,1775489966.550974,0.12112891674041748,264.1813438204591,64.0,6562.0,0.9,19491.71875
2127,1775489966.7481833,0.12156314216554165,263.23768397186706,60.0,6562.0,0.9,19507.58984375
2128,1775489966.941209,0.12136580981314182,263.6656901088378,62.0,6562.0,0.9,19526.29296875
2129,1775489967.1313019,0.12129052728414536,263.82934196529726,64.0,6562.0,0.8,19526.29296875
2130,1775489967.3162193,0.12128028832376003,263.85161547914026,66.0,6562.0,0.8,19526.29296875
2131,1775489967.5021937,0.12163210660219193,263.0884302995648,66.0,6562.0,0.9,19526.5390625
2132,1775489967.6897154,0.12121752835810184,263.98822376137986,65.0,6562.0,1.1,19527.5234375
2133,1775489967.8824654,0.12149009108543396,263.395966815903,62.0,6562.0,2.2,19530.43359375
2134,1775489968.0746605,0.12119853496551514,264.0295941622151,62.0,6562.0,0.9,19530.43359375
2135,1775489968.2664156,0.12145099230110645,263.4807620234526,60.0,6562.0,0.8,19530.43359375
2136,1775489968.4569921,0.12127081863582134,263.8722188896624,59.0,6562.0,0.9,19531.66015625
2137,1775489968.643174,0.12160343676805496,263.1504573430473,59.0,6562.0,0.9,19531.66015625
2138,1775489968.82912,0.12137874960899353,263.63758156253874,59.0,6562.0,0.8,19531.66015625
2139,1775489969.0221817,0.12168730609118938,262.96908878909693,59.0,6562.0,0.9,19531.66015625
2140,1775489969.2086003,0.12118086591362953,264.0680915979564,59.0,6562.0,0.8,19531.66015625
2141,1775489969.3937323,0.12112635560333729,264.18692976112567,61.0,6562.0,0.9,19531.66015625
2142,1775489969.5881522,0.12142116203904152,263.54549291589535,62.0,6562.0,0.9,19531.66015625
2143,1775489969.7739146,0.12128904834389687,263.83255897324557,66.0,6562.0,1.0,19531.66015625
2144,1775489969.9596124,0.12130828760564327,263.7907156354201,65.0,6562.0,0.9,19531.66015625
2145,1775489970.1463304,0.12154431454837322,263.2784603615858,65.0,6562.0,0.9,19531.640625
2146,1775489970.338093,0.12131028063595295,263.78638176619717,63.0,6562.0,0.8,19531.640625
2147,1775489970.5307155,0.1211203970015049,264.19992662014147,62.0,6562.0,0.9,19531.8515625
2148,1775489970.717824,0.12129529751837254,263.81896623117626,65.0,6562.0,0.9,19531.8515625
2149,1775489970.9060345,0.12151328101754189,263.3456995978935,65.0,6562.0,0.9,19531.8515625
2150,1775489971.0909126,0.12115115486085415,264.13285153371413,66.0,6562.0,0.9,19531.8515625
2151,1775489971.2829967,0.12163295410573483,263.08659717482965,63.0,6562.0,0.8,19531.8515625
2152,1775489971.4739845,0.12111942656338215,264.20204345381626,63.0,6562.0,0.8,19531.8515625
2153,1775489971.671978,0.12124891951680183,263.91987761644066,61.0,6562.0,0.9,19512.77734375
2154,1775489971.862487,0.12156165391206741,263.24090673484466,59.0,6562.0,0.9,19530.98828125
2155,1775489972.0483866,0.1212016362696886,264.0228381801385,59.0,6562.0,0.9,19530.98828125
2156,1775489972.2410603,0.12154949456453323,263.26724035047727,59.0,6562.0,0.9,19530.98828125
2157,1775489972.4320552,0.12125837802886963,263.8992910855308,59.0,6562.0,0.8,19531.7265625
2158,1775489972.6177423,0.12138965912163258,263.61388796665096,59.0,6562.0,1.0,19531.7265625
2159,1775489972.809888,0.12115759588778019,264.118809601004,59.0,6562.0,0.9,19531.7265625
2160,1775489973.0008647,0.12151459231972694,263.34285775162044,59.0,6562.0,0.9,19531.7265625
2161,1775489973.1928742,0.12121099606156349,264.00245060066237,61.0,6562.0,0.9,19531.7265625
2162,1775489973.3806636,0.1214804109185934,263.41695552416166,65.0,6562.0,0.9,19531.9609375
2163,1775489973.576988,0.12145857140421867,263.4643206324468,61.0,6562.0,0.8,19533.9296875
2164,1775489973.7646406,0.12149557285010815,263.384082640436,65.0,6562.0,0.9,19533.9296875
2165,1775489973.953259,0.12137623876333237,263.6430352928943,64.0,6562.0,0.9,19533.9296875
2166,1775489974.145624,0.12162234634160995,263.10954329165105,63.0,6562.0,0.8,19533.9296875
2167,1775489974.3378787,0.12145076133310795,263.4812630958508,63.0,6562.0,0.9,19533.9296875
2168,1775489974.536269,0.1213171947747469,263.7713479891726,59.0,6562.0,0.9,19515.1796875
2169,1775489974.7235577,0.12158576399087906,263.1887068818396,65.0,6562.0,0.9,19515.1796875
2170,1775489974.918058,0.12151844426989555,263.33451018289196,61.0,6562.0,0.9,19531.66796875
2171,1775489975.1103323,0.12105205655097961,264.34908180616975,62.0,6562.0,0.8,19496.72265625
2172,1775489975.3079402,0.12192990817129612,262.44586320071727,60.0,6562.0,0.9,19514.0703125
2173,1775489975.5060806,0.12138794921338558,263.61760131351923,60.0,6562.0,0.9,19532.52734375
2174,1775489975.6920128,0.12104201316833496,264.37101600001574,66.0,6562.0,0.9,19532.52734375
2175,1775489975.8775373,0.1213118676096201,263.7829309740376,65.0,6562.0,0.9,19532.52734375
2176,1775489976.067232,0.12133032828569412,263.7427958214226,65.0,6562.0,0.9,19531.05078125
2177,1775489976.2537816,0.12123572640120983,263.9485979083528,59.0,6562.0,0.9,19531.11328125
2178,1775489976.4446967,0.12174868956208229,262.83650456609234,59.0,6562.0,0.9,19531.296875
2179,1775489976.6341476,0.12129273824393749,263.82453280626993,59.0,6562.0,0.9,19531.296875
2180,1775489976.8217728,0.12171398848295212,262.9114401627064,59.0,6562.0,0.9,19531.296875
2181,1775489977.0144134,0.1213572807610035,263.6842206692123,59.0,6562.0,0.9,19531.296875
2182,1775489977.2070622,0.1214547511190176,263.4726077421387,59.0,6562.0,0.9,19531.296875
2183,1775489977.3948016,0.12124958820641041,263.9184221023868,59.0,6562.0,0.9,19531.296875
2184,1775489977.5804887,0.12157924473285675,263.20281944761916,66.0,6562.0,0.9,19531.296875
2185,1775489977.7724953,0.12122235633432865,263.9777097860125,63.0,6562.0,0.8,19531.296875
2186,1775489977.9607918,0.12163084372878075,263.0911619042567,65.0,6562.0,0.9,19531.296875
2187,1775489978.1505213,0.12121109664440155,264.00223152735583,63.0,6562.0,0.9,19531.296875
2188,1775489978.3378398,0.12144599109888077,263.4916122834038,65.0,6562.0,0.8,19531.296875
2189,1775489978.5268502,0.12133613973855972,263.7301637331605,64.0,6562.0,0.9,19531.296875
2190,1775489978.7204967,0.12164219468832016,263.06661172952823,62.0,6562.0,0.9,19531.296875
2191,1775489978.9077475,0.1212930679321289,263.8238157015371,65.0,6562.0,0.9,19531.296875
2192,1775489979.0937603,0.12126306816935539,263.88908414645226,66.0,6562.0,0.8,19531.296875
2193,1775489979.2836561,0.12167449481785297,262.9967771627413,64.0,6562.0,0.9,19531.296875
2194,1775489979.4715292,0.1212113369256258,264.0017081870396,64.0,6562.0,0.9,19531.296875
2195,1775489979.664904,0.1213716771453619,263.6529440198384,62.0,6562.0,0.9,19531.296875
2196,1775489979.8562477,0.12128392048180103,263.84371376584653,59.0,6562.0,0.8,19531.296875
2197,1775489980.043352,0.12159516476094723,263.1683592263815,59.0,6562.0,0.9,19531.296875
2198,1775489980.2368019,0.12145748920738697,263.46666812254324,59.0,6562.0,0.9,19531.296875
2199,1775489980.4246101,0.12138420157134533,263.6257403002444,59.0,6562.0,0.9,19496.3515625
2200,1775489980.6170135,0.12144026160240173,263.50404369819915,59.0,6562.0,0.9,19511.73046875
2201,1775489980.8077984,0.12137790955603123,263.63940619053056,59.0,6562.0,0.9,19529.94140625
2202,1775489980.9932017,0.12128900922834873,263.83264405890355,59.0,6562.0,1.0,19529.94140625
2203,1775489981.1847908,0.12132778018712997,263.74833488789443,63.0,6562.0,0.8,19529.94140625
2204,1775489981.3759003,0.12146927043795586,263.4411146508448,63.0,6562.0,0.9,19530.43359375
2205,1775489981.5669656,0.12127057649195194,263.8727457696522,63.0,6562.0,0.9,19530.43359375
2206,1775489981.7585952,0.12152864411473274,263.31240863503297,63.0,6562.0,0.9,19530.43359375
2207,1775489981.9488509,0.1211982760578394,264.0301581907704,63.0,6562.0,0.8,19530.43359375
2208,1775489982.142721,0.12146584317088127,263.4485478768017,62.0,6562.0,0.9,19530.43359375
2209,1775489982.3289702,0.12127944082021713,263.8534592803436,66.0,6562.0,0.9,19530.43359375
2210,1775489982.515251,0.12128829769790173,263.8341918171187,66.0,6562.0,0.9,19530.43359375
2211,1775489982.7008448,0.12015855498611927,266.3147871884498,65.0,6562.0,0.9,19530.43359375
2212,1775489982.892737,0.12118043750524521,264.06902515610165,63.0,6562.0,0.9,19530.43359375
2213,1775489983.085767,0.1212550476193428,263.90653938348134,62.0,6562.0,0.9,19530.43359375
2214,1775489983.277782,0.1215633936226368,263.23713945775495,63.0,6562.0,0.9,19530.43359375
2215,1775489983.4650095,0.12125062569975853,263.91616385748455,63.0,6562.0,0.9,19530.43359375
2216,1775489983.6572685,0.12156361155211926,263.2366675473466,60.0,6562.0,0.8,19528.95703125
2217,1775489983.845186,0.12138794735074043,263.6176053586164,59.0,6562.0,0.9,19528.95703125
2218,1775489984.0376534,0.12166622467339039,263.0146541154138,59.0,6562.0,0.8,19528.95703125
2219,1775489984.2304144,0.12119404785335064,264.0393696456216,59.0,6562.0,0.9,19528.95703125
2220,1775489984.420298,0.12163056619465351,263.09176222026514,59.0,6562.0,0.8,19529.1953125
2221,1775489984.606878,0.12128280848264694,263.84613285549483,59.0,6562.0,0.9,19529.1953125
2222,1775489984.79698,0.12157847732305527,263.2044807977847,59.0,6562.0,0.8,19529.1953125
2223,1775489984.987246,0.12131544016301632,263.7751629718389,62.0,6562.0,0.9,19529.1953125
2224,1775489985.1835997,0.1217450276017189,262.8444104073471,61.0,6562.0,0.9,19529.1953125
2225,1775489985.3769157,0.1215905249118805,263.1784016327847,62.0,6562.0,0.9,19529.1953125
2226,1775489985.5647855,0.1213239599019289,263.75663987448894,65.0,6562.0,0.9,19529.1953125
2227,1775489985.7579834,0.12156094424426556,263.2424435244509,62.0,6562.0,0.8,19529.1953125
2228,1775489985.943612,0.12124476954340935,263.9289110821644,65.0,6562.0,0.8,19529.1953125
2229,1775489986.137414,0.12160075083374977,263.15626984696655,62.0,6562.0,0.9,19529.1953125
2230,1775489986.3246293,0.1212222371250391,263.97796938025846,65.0,6562.0,0.9,19494.25
2231,1775489986.5207145,0.12159568443894386,263.16723449233905,61.0,6562.0,0.9,19510.58984375
2232,1775489986.7180772,0.12158409506082535,263.1923195545539,60.0,6562.0,0.9,19529.5390625
2233,1775489986.9042542,0.12141180038452148,263.5658140201635,66.0,6562.0,0.9,19529.5390625
2234,1775489987.0964358,0.12161656469106674,263.12205151730075,63.0,6562.0,0.9,19529.5390625
2235,1775489987.2844243,0.12119426764547825,264.03889079644864,65.0,6562.0,0.9,19529.5390625
2236,1775489987.472546,0.1212224680930376,263.9774664168706,64.0,6562.0,0.9,19529.5390625
2237,1775489987.6688647,0.1211685836315155,264.0948589224651,64.0,6562.0,0.9,19529.5390625
2238,1775489987.8610718,0.12148349173367023,263.4102752837727,59.0,6562.0,0.8,19529.5390625
2239,1775489988.0454206,0.12132011726498604,263.7649939795719,59.0,6562.0,0.8,19529.5390625
2240,1775489988.236642,0.12151733413338661,263.33691590760526,59.0,6562.0,0.8,19529.5390625
2241,1775489988.4290836,0.12122434750199318,263.9733738263582,59.0,6562.0,0.8,19529.5390625
2242,1775489988.6211805,0.1215140949934721,263.3439355468934,59.0,6562.0,0.8,19496.5625
2243,1775489988.8129706,0.12142558209598064,263.53589950020296,59.0,6562.0,0.9,19512.6796875
2244,1775489989.0071971,0.12100465223193169,264.4526421898643,59.0,6562.0,0.9,19530.3984375
2245,1775489989.1922565,0.12132367864251137,263.7572513300575,59.0,6562.0,0.8,19530.3984375
2246,1775489989.3799508,0.12165380455553532,263.04150632125857,64.0,6562.0,0.9,19531.13671875
2247,1775489989.5677347,0.12108724564313889,264.27225947733996,65.0,6562.0,0.9,19531.13671875
2248,1775489989.7609024,0.12140222080051899,263.58661142270637,62.0,6562.0,0.9,19531.13671875
2249,1775489989.9492455,0.12113319523632526,264.1720127795645,64.0,6562.0,0.9,19531.13671875
2250,1775489990.1435413,0.12121272645890713,263.9986817790825,62.0,6562.0,0.8,19531.13671875
2251,1775489990.330594,0.12134804762899876,263.70428387801195,65.0,6562.0,0.9,19531.13671875
2252,1775489990.5229425,0.12121366895735264,263.9966290539292,62.0,6562.0,0.9,19531.13671875
2253,1775489990.71457,0.12146584130823612,263.44855191671246,63.0,6562.0,0.8,19531.13671875
2254,1775489990.9080372,0.12116572819650173,264.10108267664333,62.0,6562.0,0.9,19531.13671875
2255,1775489991.0967414,0.12165896780788898,263.0303427407918,64.0,6562.0,0.9,19531.13671875
2256,1775489991.282865,0.12135475873947144,263.6897006132137,66.0,6562.0,0.8,19531.13671875
2257,1775489991.4687765,0.12113288603723049,264.1726870947723,66.0,6562.0,0.8,19531.13671875
2258,1775489991.655433,0.12146963179111481,263.44033095472605,64.0,6562.0,0.9,19531.13671875
2259,1775489991.841346,0.12135729938745499,263.68418019779966,59.0,6562.0,1.0,19531.13671875
2260,1775489992.0291967,0.12124177813529968,263.9354230213419,59.0,6562.0,0.9,19531.13671875
2261,1775489992.2231789,0.12133621983230114,263.7299896455256,59.0,6562.0,0.9,19531.13671875
2262,1775489992.4099092,0.12126049771904945,263.8946780025706,59.0,6562.0,0.9,19531.1328125
2263,1775489992.5968049,0.1216639056801796,263.01966734586887,59.0,6562.0,0.9,19531.1328125
2264,1775489992.7843513,0.12137102894484997,263.65435209864245,62.0,6562.0,0.9,19531.1328125
2265,1775489992.977571,0.1216030940413475,263.1511990074805,62.0,6562.0,0.8,19531.1328125
2266,1775489993.1636734,0.12125428766012192,263.9081934133052,66.0,6562.0,0.9,19531.1328125
2267,1775489993.3501217,0.1212680283933878,263.87829029588494,65.0,6562.0,0.9,19531.1328125
2268,1775489993.5378425,0.12170844711363316,262.9234104854134,65.0,6562.0,0.9,19531.1328125
2269,1775489993.729352,0.12140112929046154,263.5889813136543,63.0,6562.0,0.9,19531.1328125
2270,1775489993.9195638,0.12153932079672813,263.2892778257277,64.0,6562.0,0.9,19531.1328125
2271,1775489994.1128225,0.12143183127045631,263.52233730815374,62.0,6562.0,0.9,19531.1328125
2272,1775489994.3048036,0.12115596607327461,264.1223625805314,63.0,6562.0,0.8,19531.1328125
2273,1775489994.4961243,0.12152755446732044,263.31476956203386,63.0,6562.0,0.9,19531.1328125
2274,1775489994.6844664,0.12119555659592152,264.0360826650708,64.0,6562.0,0.9,19537.0390625
2275,1775489994.8722498,0.12156227417290211,263.23956357122216,64.0,6562.0,0.9,19537.0390625
2276,1775489995.0667267,0.1212702002376318,263.87356446427276,64.0,6562.0,0.9,19537.0390625
2277,1775489995.2590683,0.12156687118113041,263.22960926024916,59.0,6562.0,0.8,19537.0390625
2278,1775489995.4450698,0.12144964002072811,263.4836957486122,59.0,6562.0,0.8,19538.0234375
2279,1775489995.6375182,0.1215445026755333,263.2780528579311,59.0,6562.0,0.9,19538.0234375
2280,1775489995.8298717,0.12125654704868793,263.9032759785836,59.0,6562.0,0.8,19538.0234375
2281,1775489996.0210106,0.12153606303036213,263.2963352779147,59.0,6562.0,0.8,19538.0234375
2282,1775489996.2124264,0.12147382088005543,263.4312460756227,59.0,6562.0,0.9,19538.0234375
2283,1775489996.403491,0.1213392075151205,263.72349593607134,59.0,6562.0,0.9,19538.0234375
2284,1775489996.5880308,0.121252516284585,263.9120488427192,59.0,6562.0,0.9,19538.0234375
2285,1775489996.7754388,0.12167521566152573,262.99521908403364,65.0,6562.0,0.9,19538.0234375
2286,1775489996.970145,0.12142918072640896,263.5280894474527,61.0,6562.0,0.9,19538.0234375
2287,1775489997.15636,0.12164174392819405,263.06758655885284,66.0,6562.0,0.8,19538.0234375
2288,1775489997.3484027,0.1212651077657938,263.88464571196704,62.0,6562.0,0.8,19538.0234375
2289,1775489997.535036,0.12138945050537586,263.614341005546,65.0,6562.0,0.9,19538.0234375
2290,1775489997.720408,0.1212625689804554,263.8901704709689,66.0,6562.0,0.9,19538.0234375
2291,1775489997.91185,0.1215373408049345,263.29356712978847,63.0,6562.0,0.9,19538.0234375
2292,1775489998.101354,0.12137633003294468,263.6428370450348,64.0,6562.0,0.9,19537.77734375
2293,1775489998.2921035,0.12173306569457054,262.8702383975798,63.0,6562.0,0.8,19537.77734375
2294,1775489998.4793422,0.12125341594219208,263.9100907083401,65.0,6562.0,0.9,19537.7734375
2295,1775489998.6661985,0.12122184783220291,263.978817121274,65.0,6562.0,0.9,19537.7734375
2296,1775489998.854656,0.12152243219316006,263.3258685041455,63.0,6562.0,0.9,19537.7734375
2297,1775489999.0410647,0.12130017019808292,263.8083685104816,59.0,6562.0,0.8,19537.7734375
2298,1775489999.2336216,0.12167021445930004,263.00602939024435,59.0,6562.0,0.8,19493.96875
2299,1775489999.4258847,0.12122069858014584,263.9813198143137,59.0,6562.0,0.9,19510.56640625
2300,1775489999.6161516,0.12153912149369717,263.2897095743733,59.0,6562.0,0.9,19529.0234375
2301,1775489999.8027363,0.12131471745669842,263.7767343555983,59.0,6562.0,0.8,19529.0234375
2302,1775489999.995605,0.12159746512770653,263.16338063784735,59.0,6562.0,0.9,19529.0234375
2303,1775490000.1885097,0.12134111858904362,263.7193423968436,59.0,6562.0,0.9,19529.0234375
2304,1775490000.3752344,0.12156040221452713,263.2436173049765,65.0,6562.0,0.9,19529.0234375
2305,1775490000.5612826,0.12131360732018948,263.7791481671194,66.0,6562.0,0.8,19529.0234375
2306,1775490000.7535899,0.12158908322453499,263.1815221511831,63.0,6562.0,0.8,19529.0234375
2307,1775490000.9402125,0.12137586064636707,263.64385660863115,65.0,6562.0,0.9,19529.0234375
2308,1775490001.1313443,0.12153040058910847,263.30860299054945,63.0,6562.0,0.9,19494.078125
2309,1775490001.32426,0.12119157612323761,264.04475478939025,62.0,6562.0,0.9,19510.44140625
2310,1775490001.5204694,0.12121439725160599,263.99504287908366,60.0,6562.0,0.9,19529.14453125
2311,1775490001.7109723,0.12153683044016361,263.29467276797715,64.0,6562.0,0.9,19529.14453125
2312,1775490001.8973575,0.12161820381879807,263.1185052500659,66.0,6562.0,0.9,19529.14453125
2313,1775490002.0837133,0.12118297815322876,264.0634888469062,65.0,6562.0,0.9,19529.14453125
2314,1775490002.270549,0.12144660204648972,263.49028676611647,65.0,6562.0,0.9,19529.14453125
2315,1775490002.4626777,0.12117600440979004,264.07868584099526,65.0,6562.0,0.8,19529.14453125
2316,1775490002.652282,0.12161729298532009,263.12047583449,59.0,6562.0,0.9,19529.14453125
2317,1775490002.8451443,0.12117455527186394,264.08184398288626,59.0,6562.0,0.9,19529.14453125
2318,1775490003.035334,0.12148193083703518,263.413659788855,59.0,6562.0,0.8,19529.14453125
2319,1775490003.225805,0.1212218850851059,263.97873599749624,59.0,6562.0,0.8,19529.14453125
2320,1775490003.416615,0.1215339656919241,263.3008790408161,59.0,6562.0,0.9,19529.13671875
2321,1775490003.60251,0.12113328464329243,264.17181779749546,59.0,6562.0,0.8,19529.13671875
2322,1775490003.7879224,0.12126597948372364,263.88274878277014,59.0,6562.0,0.8,19529.13671875
2323,1775490003.9809654,0.12142672017216682,263.533429500758,62.0,6562.0,0.9,19531.10546875
2324,1775490004.174557,0.12151236273348331,263.347689734143,62.0,6562.0,0.9,19531.10546875
2325,1775490004.3644168,0.12115223705768585,264.13049215726335,64.0,6562.0,0.9,19550.30078125
2326,1775490004.5531256,0.12143964320421219,263.5053855205173,64.0,6562.0,0.9,19512.40234375
2327,1775490004.7488215,0.12208727188408375,262.10758505917414,60.0,6562.0,0.9,19528.84375
2328,1775490004.936691,0.1214043889194727,263.5819041206619,65.0,6562.0,0.9,19528.84375
2329,1775490005.1240203,0.12113648653030396,264.1648351918706,65.0,6562.0,0.9,19528.84375
2330,1775490005.310331,0.12163894437253475,263.07364113581855,66.0,6562.0,0.9,19528.84375
2331,1775490005.5009592,0.12126154080033302,263.89240800338007,63.0,6562.0,0.8,19528.84375
2332,1775490005.6921904,0.12166335433721542,263.0208592745627,63.0,6562.0,0.8,19528.84375
2333,1775490005.8781793,0.12132702954113483,263.74996668941515,66.0,6562.0,1.0,19530.3203125
2334,1775490006.0694292,0.1214269120246172,263.5330131224333,63.0,6562.0,0.9,19527.859375
2335,1775490006.2582078,0.12131861038506031,263.7682701642667,63.0,6562.0,0.9,19527.859375
2336,1775490006.4451215,0.12142959982156754,263.5271799217143,59.0,6562.0,0.9,19528.34765625
2337,1775490006.6317353,0.12162783369421959,263.09767286039244,59.0,6562.0,0.9,19528.34765625
2338,1775490006.8184273,0.12120556645095348,264.0142770418798,59.0,6562.0,0.9,19528.34765625
2339,1775490007.0090668,0.1215587630867958,263.24716694551466,59.0,6562.0,0.9,19528.34765625
2340,1775490007.1947074,0.12154385261237621,263.2794609699709,59.0,6562.0,0.9,19528.34765625
2341,1775490007.3847606,0.12132341787219048,263.7578182450379,59.0,6562.0,0.8,19528.34765625
2342,1775490007.572923,0.12163463421165943,263.0829632316402,65.0,6562.0,0.9,19528.34765625
2343,1775490007.7636907,0.12120979838073254,264.0050592237163,63.0,6562.0,0.8,19528.34765625
2344,1775490007.9513426,0.12148620374500751,263.40439501398976,65.0,6562.0,0.9,19528.34765625
2345,1775490008.1383781,0.12119109742343426,264.0457977552094,65.0,6562.0,0.9,19528.34765625
2346,1775490008.3257554,0.12132243998348713,263.7599441979195,65.0,6562.0,0.9,19528.34765625
2347,1775490008.5194628,0.12128408811986446,263.84334908281255,62.0,6562.0,0.9,19493.39453125
2348,1775490008.716942,0.12151011452078819,263.35256226365726,60.0,6562.0,0.9,19509.7578125
2349,1775490008.9078984,0.12132833898067474,263.74712016041843,63.0,6562.0,0.9,19527.96875
2350,1775490009.098211,0.12146995030343533,263.4396401749001,64.0,6562.0,0.9,19527.96875
2351,1775490009.2900927,0.1216080728918314,263.1404251300284,63.0,6562.0,0.9,19526.4921875
2352,1775490009.476761,0.12119351513683796,264.0405302533657,65.0,6562.0,0.8,19526.6484375
2353,1775490009.6685693,0.12151900306344032,263.33329926426444,63.0,6562.0,0.9,19526.6484375
2354,1775490009.8596745,0.12112455628812313,264.1908542796269,63.0,6562.0,0.9,19526.6484375
2355,1775490010.045244,0.12127488851547241,263.8633635677793,59.0,6562.0,0.9,19526.6484375
2356,1775490010.2325664,0.121455829590559,263.47026822735086,59.0,6562.0,0.9,19526.6484375
2357,1775490010.4186857,0.12121880799531937,263.9854369895769,59.0,6562.0,0.9,19526.6484375
2358,1775490010.6104758,0.1216360554099083,263.0798893647231,59.0,6562.0,0.9,19526.6484375
2359,1775490010.8036597,0.12118538282811642,264.0582490496175,59.0,6562.0,0.9,19526.6484375
2360,1775490010.9943497,0.12138851173222065,263.6163796998436,59.0,6562.0,0.8,19526.6484375
2361,1775490011.1858218,0.12135794945061207,263.6827677532797,59.0,6562.0,0.8,19526.6484375
2362,1775490011.3739276,0.12160521186888218,263.146616071877,64.0,6562.0,0.9,19528.37890625
2363,1775490011.5642993,0.12118345871567726,264.0624416825646,63.0,6562.0,0.8,19528.37890625
2364,1775490011.7586772,0.12119926884770393,264.0279954181112,61.0,6562.0,0.9,19528.37890625
2365,1775490011.9450526,0.12127193808555603,263.86978311028844,65.0,6562.0,0.9,19528.37890625
2366,1775490012.1311004,0.12152319960296154,263.32420562122985,66.0,6562.0,0.9,19528.37890625
2367,1775490012.3179395,0.12128427997231483,263.84293172457745,65.0,6562.0,0.8,19528.37890625
2368,1775490012.5098598,0.1215553842484951,263.2544843475016,63.0,6562.0,0.9,19528.37890625
2369,1775490012.697624,0.12126234732568264,263.8906528343493,65.0,6562.0,0.9,19528.37890625
2370,1775490012.8856466,0.12141171097755432,263.5660081086899,65.0,6562.0,0.9,19528.37890625
2371,1775490013.0713935,0.12138554826378822,263.6228155468673,66.0,6562.0,0.9,19528.37890625
2372,1775490013.2624311,0.121289798989892,263.8309261495833,66.0,6562.0,0.8,19528.37890625
2373,1775490013.4536831,0.12158902361989021,263.1816511664566,62.0,6562.0,0.8,19528.37890625
2374,1775490013.6395118,0.12120578624308109,264.0137982837159,59.0,6562.0,0.9,19528.37890625
2375,1775490013.8246233,0.12135219015181065,263.69528197198787,59.0,6562.0,0.9,19528.37890625
2376,1775490014.0110917,0.12142130173742771,263.5451896999067,59.0,6562.0,0.9,19528.37890625
2377,1775490014.2039351,0.12126734852790833,263.8797696861951,59.0,6562.0,0.9,19528.37890625
2378,1775490014.3951292,0.12122764624655247,263.96619080534225,59.0,6562.0,0.8,19528.61328125
2379,1775490014.588282,0.1220439225435257,262.2006842543719,59.0,6562.0,0.9,19528.61328125
2380,1775490014.7756457,0.121242955327034,263.9328603767945,63.0,6562.0,0.9,19528.61328125
2381,1775490014.9666932,0.12137394025921822,263.6480280005546,63.0,6562.0,0.8,19528.61328125
2382,1775490015.1584518,0.12113809585571289,264.1613257493751,63.0,6562.0,0.9,19528.61328125
2383,1775490015.3492215,0.12149613350629807,263.3828672279616,63.0,6562.0,0.8,19528.61328125
2384,1775490015.5350037,0.12135235965251923,263.6949136516909,65.0,6562.0,0.9,19528.60546875
2385,1775490015.7233434,0.12120831571519375,264.0082886325325,64.0,6562.0,0.9,19528.60546875
2386,1775490015.9122758,0.12149395979940891,263.38757953756055,64.0,6562.0,0.9,19528.60546875
2387,1775490016.099138,0.1210947260260582,264.25593459052845,65.0,6562.0,0.9,19528.60546875
2388,1775490016.2856855,0.1213709507137537,263.65452204020494,65.0,6562.0,0.9,19528.60546875
2389,1775490016.4728677,0.12155624106526375,263.2526287384878,65.0,6562.0,0.9,19528.6015625
2390,1775490016.6609304,0.12116169556975365,264.10987275741263,65.0,6562.0,0.9,19528.6015625
2391,1775490016.8515344,0.12147337943315506,263.4322034121814,63.0,6562.0,0.8,19528.6015625
2392,1775490017.038715,0.12123461998999119,263.9510067556762,59.0,6562.0,0.9,19528.6015625
2393,1775490017.2260284,0.1214989610016346,263.37673784362227,59.0,6562.0,0.9,19528.6015625
2394,1775490017.4172106,0.12118199840188026,264.0656237890816,59.0,6562.0,0.9,19532.29296875
2395,1775490017.60939,0.12169188633561134,262.95919114728747,59.0,6562.0,1.1,19532.2890625
2396,1775490017.7968118,0.12120497971773148,264.0155550912453,59.0,6562.0,1.0,19532.78125
2397,1775490017.9819574,0.12116376683115959,264.1053578714803,59.0,6562.0,0.9,19532.78125
2398,1775490018.1739924,0.12141942791640759,263.5492568951216,63.0,6562.0,0.8,19532.78125
2399,1775490018.3612018,0.12138688750565052,263.6199070390565,65.0,6562.0,1.0,19534.41015625
2400,1775490018.5480313,0.12152340076863766,263.32376972335726,65.0,6562.0,0.9,19534.41015625
2401,1775490018.7387767,0.12105531059205532,264.3419759405426,63.0,6562.0,0.9,19534.41015625
2402,1775490018.928923,0.12173253670334816,262.871380705565,64.0,6562.0,0.8,19534.41015625
2403,1775490019.1207259,0.12131350859999657,263.77936282028287,63.0,6562.0,0.8,19534.41015625
2404,1775490019.3139033,0.12122478522360325,263.97242066442857,62.0,6562.0,0.8,19534.41015625
2405,1775490019.500594,0.12114417925477028,264.1480605741934,65.0,6562.0,1.0,19534.62890625
2406,1775490019.6945877,0.12120718695223331,264.01074725553127,62.0,6562.0,0.9,19534.62890625
2407,1775490019.886561,0.12148564867675304,263.40559850937666,63.0,6562.0,0.9,19534.62890625
2408,1775490020.0738373,0.12134725973010063,263.70599609067466,65.0,6562.0,0.9,19534.62890625
2409,1775490020.2666945,0.12160237319767475,263.1527589349045,62.0,6562.0,0.9,19534.62890625
2410,1775490020.4562345,0.12109757587313652,264.2497157294349,62.0,6562.0,0.8,19534.62890625
2411,1775490020.646888,0.12154591456055641,263.2749946034345,60.0,6562.0,0.9,19534.62890625
2412,1775490020.8334992,0.12146537937223911,263.44955381840754,59.0,6562.0,0.9,19534.62890625
2413,1775490021.0218604,0.12140587903559208,263.57866895901054,59.0,6562.0,0.9,19534.62890625
2414,1775490021.206405,0.12159802205860615,263.16217532368313,59.0,6562.0,0.8,19534.62890625
2415,1775490021.3981037,0.12117280624806881,264.08565577402396,59.0,6562.0,0.9,19534.62890625
2416,1775490021.5885432,0.12163019552826881,263.09256398887135,59.0,6562.0,0.8,19534.62890625
2417,1775490021.7750928,0.12124952673912048,263.9185558954877,62.0,6562.0,0.9,19534.62890625
2418,1775490021.9638119,0.12139814719557762,263.59545626710945,64.0,6562.0,0.9,19534.62890625
2419,1775490022.150847,0.12142514251172543,263.5368535549375,65.0,6562.0,0.9,19534.62890625
2420,1775490022.3451815,0.12149491906166077,263.3854999628375,61.0,6562.0,0.9,19538.56640625
2421,1775490022.533414,0.12126431986689568,263.8863602675908,64.0,6562.0,1.0,19538.8125
2422,1775490022.721373,0.12125641480088234,263.9035638035964,65.0,6562.0,0.9,19495.0078125
2423,1775490022.9163275,0.12121237628161907,263.9994444598027,61.0,6562.0,0.9,19512.58984375
2424,1775490023.1075425,0.12155304476618767,263.2595511001253,63.0,6562.0,0.9,19531.046875
2425,1775490023.2953336,0.12109510414302349,264.25510945682254,65.0,6562.0,0.9,19531.046875
2426,1775490023.4873974,0.12148331105709076,263.41066704184317,63.0,6562.0,1.0,19531.046875
2427,1775490023.6778326,0.12124063819646835,263.9379046169697,63.0,6562.0,0.8,19531.046875
2428,1775490023.8625011,0.12131670862436295,263.77240499561105,66.0,6562.0,0.9,19531.046875
2429,1775490024.05274,0.12135268934071064,263.6941972514229,66.0,6562.0,0.9,19531.046875
2430,1775490024.2430496,0.12168046459555626,262.98387425099156,59.0,6562.0,0.9,19531.046875
2431,1775490024.4455554,0.12198520079255104,262.32690352676013,59.0,6562.0,0.9,19531.046875
2432,1775490024.64114,0.12139827013015747,263.595189335821,59.0,6562.0,0.9,19531.046875
2433,1775490024.828731,0.1214933916926384,263.3888111458408,59.0,6562.0,0.9,19531.046875
2434,1775490025.020337,0.12123195640742779,263.95680601290195,59.0,6562.0,0.8,19531.046875
2435,1775490025.2127464,0.1211492270231247,264.1370546581524,59.0,6562.0,0.8,19531.046875
2436,1775490025.4023795,0.12138755992054939,263.61844674153303,59.0,6562.0,0.9,19531.046875
2437,1775490025.5894828,0.1216578371822834,263.03278721002977,59.0,6562.0,0.9,19531.046875
2438,1775490025.782949,0.12135810032486916,263.6824399388068,59.0,6562.0,0.9,19531.046875
2439,1775490025.9699326,0.12150835990905762,263.3563651418738,64.0,6562.0,0.9,19531.046875
2440,1775490026.1617534,0.12148255109786987,263.412314861744,63.0,6562.0,0.9,19531.046875
2441,1775490026.3526075,0.12121552787721157,263.9925804919584,63.0,6562.0,0.8,19531.109375
2442,1775490026.5455139,0.12175660580396652,262.81941574095293,62.0,6562.0,0.9,19531.046875
2443,1775490026.7319655,0.1213588286191225,263.6808575371974,65.0,6562.0,0.9,19531.046875
2444,1775490026.9189634,0.12127315811812878,263.86712852674043,65.0,6562.0,0.9,19531.046875
2445,1775490027.111236,0.1213532704859972,263.692934453649,63.0,6562.0,0.9,19531.046875
2446,1775490027.3009527,0.1213570311665535,263.6847629873409,64.0,6562.0,0.8,19531.046875
2447,1775490027.4938946,0.12125037796795368,263.9167030758251,62.0,6562.0,0.9,19531.046875
2448,1775490027.682453,0.12133714742958546,263.7279734845447,64.0,6562.0,0.9,19531.046875
2449,1775490027.8688564,0.12154095247387886,263.28574318913064,66.0,6562.0,0.8,19531.046875
2450,1775490028.0554469,0.12102809734642506,264.4014134040687,66.0,6562.0,0.9,19531.046875
2451,1775490028.2470536,0.12137805856764317,263.6390825296206,62.0,6562.0,0.9,19531.046875
2452,1775490028.439717,0.12122156843543053,263.97942555119647,59.0,6562.0,0.9,19531.02734375
2453,1775490028.6286554,0.12145249173045158,263.47750914011664,59.0,6562.0,0.9,19531.02734375
2454,1775490028.8205636,0.12132127955555916,263.7624670398038,59.0,6562.0,0.9,19531.02734375
2455,1775490029.0120971,0.12121404521167278,263.995809595491,59.0,6562.0,0.8,19531.02734375
2456,1775490029.202456,0.12146801128983498,263.4438455046799,59.0,6562.0,0.9,19531.02734375
2457,1775490029.3956726,0.12139233760535717,263.6080714091777,59.0,6562.0,0.9,19531.02734375
2458,1775490029.5870025,0.12156546302139759,263.23265839383555,59.0,6562.0,0.9,19531.02734375
2459,1775490029.7731535,0.12133163772523403,263.7399494472065,62.0,6562.0,0.9,19531.02734375
2460,1775490029.9655857,0.12164688296616077,263.05647312723687,63.0,6562.0,0.8,19531.02734375
2461,1775490030.154101,0.12115911766886711,264.1154922195565,64.0,6562.0,0.9,19531.02734375
2462,1775490030.3456035,0.12153650261461735,263.29538296382833,63.0,6562.0,0.9,19531.02734375
2463,1775490030.5331511,0.1214070413261652,263.57614558805227,64.0,6562.0,0.8,19531.02734375
2464,1775490030.7229939,0.12150040082633495,263.3736167318394,64.0,6562.0,1.0,19531.02734375
2465,1775490030.9165552,0.12128586694598198,263.8394794527221,62.0,6562.0,0.9,19531.02734375
2466,1775490031.1114302,0.12115028686821461,264.1347439384036,61.0,6562.0,0.9,19531.02734375
2467,1775490031.3043964,0.12156304344534874,263.23789774468986,62.0,6562.0,0.9,19531.02734375
2468,1775490031.4963403,0.1211424358189106,264.15186209261225,63.0,6562.0,0.9,19531.02734375
2469,1775490031.6855056,0.12162312306463718,263.10786299241346,64.0,6562.0,1.0,19531.02734375
2470,1775490031.876676,0.12114335782825947,264.14985166058574,63.0,6562.0,0.8,19531.02734375
2471,1775490032.0687163,0.12147705256938934,263.4242379376234,63.0,6562.0,0.9,19531.02734375
2472,1775490032.2553425,0.12122773751616478,263.9659920711879,63.0,6562.0,0.9,19531.02734375
2473,1775490032.4411154,0.12136293016374111,263.67194625925777,63.0,6562.0,0.9,19531.02734375
2474,1775490032.6284573,0.12133817933499813,263.72573064288673,59.0,6562.0,1.0,19531.02734375
2475,1775490032.8206377,0.1213025376200676,263.80321984876684,59.0,6562.0,0.9,19531.02734375
2476,1775490033.0098407,0.12139124050736427,263.61045382066675,59.0,6562.0,0.9,19531.02734375
2477,1775490033.1974118,0.12124366872012615,263.93130740597655,59.0,6562.0,0.9,19531.02734375
2478,1775490033.390449,0.121178288012743,264.0737092822677,59.0,6562.0,0.9,19531.02734375
