step,wall_timestamp,phase,duration_sec,gpu_mem_mb
0,1775363806.7117279,forward,0.22278963588178158,11152.7294921875
0,1775363806.9858809,backward,0.2739142347127199,519.27490234375
0,1775363806.997913,optimizer,0.011738685891032219,519.27490234375
1,1775363807.0856059,forward,0.08419668488204479,11161.35498046875
1,1775363807.266455,backward,0.1805832926183939,524.150390625
1,1775363807.269579,optimizer,0.002382975071668625,524.150390625
2,1775363807.3574998,forward,0.08404694125056267,11161.35498046875
2,1775363807.538563,backward,0.18082799576222897,524.150390625
2,1775363807.5412114,optimizer,0.0022050142288208008,524.150390625
3,1775363807.6283448,forward,0.08382531814277172,11161.35498046875
3,1775363807.8092093,backward,0.18069581501185894,524.150390625
3,1775363807.8119445,optimizer,0.002218114212155342,524.150390625
4,1775363807.8993285,forward,0.08373246528208256,11161.35498046875
4,1775363808.080146,backward,0.1806221827864647,524.150390625
4,1775363808.0830688,optimizer,0.002245074138045311,524.150390625
5,1775363808.170205,forward,0.08386926725506783,11161.35498046875
5,1775363808.3511274,backward,0.18072387389838696,524.150390625
5,1775363808.353837,optimizer,0.002202112227678299,524.150390625
6,1775363808.4411988,forward,0.08374211750924587,11161.35498046875
6,1775363808.6221259,backward,0.18072780594229698,524.150390625
6,1775363808.6250997,optimizer,0.0023537632077932358,524.150390625
7,1775363808.7123907,forward,0.08383029885590076,11161.35498046875
7,1775363808.8932548,backward,0.18067195266485214,524.150390625
7,1775363808.8959844,optimizer,0.002195144072175026,524.150390625
8,1775363808.9830353,forward,0.08376200683414936,11161.35498046875
8,1775363809.1638622,backward,0.18063418194651604,524.150390625
8,1775363809.166593,optimizer,0.0022078845649957657,524.150390625
9,1775363809.253602,forward,0.08380104787647724,11161.35498046875
9,1775363809.4347832,backward,0.18091922625899315,524.150390625
9,1775363809.4375427,optimizer,0.0022500157356262207,524.150390625
10,1775363809.5247905,forward,0.0839029997587204,11161.35498046875
10,1775363809.7057366,backward,0.18075533397495747,524.150390625
10,1775363809.7084692,optimizer,0.002217523753643036,524.150390625
11,1775363809.7958522,forward,0.08377419598400593,11161.35498046875
11,1775363809.9767363,backward,0.18068411387503147,524.150390625
11,1775363809.9794421,optimizer,0.0022054538130760193,524.150390625
12,1775363810.0665944,forward,0.08388260006904602,11161.35498046875
12,1775363810.2478044,backward,0.1809423752129078,524.150390625
12,1775363810.2506132,optimizer,0.0022906549274921417,524.150390625
13,1775363810.3380606,forward,0.08379323035478592,11161.35498046875
13,1775363810.5191944,backward,0.18094762787222862,524.150390625
13,1775363810.5218987,optimizer,0.0021988116204738617,524.150390625
14,1775363810.6090655,forward,0.0839000903069973,11161.35498046875
14,1775363810.790024,backward,0.1807747446000576,524.150390625
14,1775363810.7927442,optimizer,0.002204934135079384,524.150390625
15,1775363810.880205,forward,0.08378328941762447,11161.35498046875
15,1775363811.0617063,backward,0.18128028512001038,524.150390625
15,1775363811.0644608,optimizer,0.0022338032722473145,524.150390625
16,1775363811.1517346,forward,0.0838156808167696,11161.35498046875
16,1775363811.3326306,backward,0.18070212379097939,524.150390625
16,1775363811.3353472,optimizer,0.002208283171057701,524.150390625
17,1775363811.4225228,forward,0.08382605016231537,11161.35498046875
17,1775363811.6034796,backward,0.18077094666659832,524.150390625
17,1775363811.606196,optimizer,0.0022061243653297424,524.150390625
18,1775363811.69411,forward,0.08427677676081657,11161.35498046875
18,1775363811.8752136,backward,0.18088481575250626,524.150390625
18,1775363811.8779473,optimizer,0.002228742465376854,524.150390625
19,1775363811.9651198,forward,0.08386936970055103,11161.35498046875
19,1775363812.1460469,backward,0.1807338446378708,524.150390625
19,1775363812.1487873,optimizer,0.002216711640357971,524.150390625
20,1775363812.2401388,forward,0.08381107822060585,11161.35498046875
20,1775363812.421179,backward,0.18085101433098316,524.150390625
20,1775363812.4240358,optimizer,0.0022908318787813187,524.150390625
21,1775363812.5112352,forward,0.0838062185794115,11161.35498046875
21,1775363812.6922348,backward,0.18080386519432068,524.150390625
21,1775363812.694955,optimizer,0.0022065527737140656,524.150390625
22,1775363812.781977,forward,0.08376943878829479,11161.35498046875
22,1775363812.9629524,backward,0.18078012391924858,524.150390625
22,1775363812.9656515,optimizer,0.0021966341882944107,524.150390625
23,1775363813.0526328,forward,0.08377549611032009,11161.35498046875
23,1775363813.2335467,backward,0.18072114326059818,524.150390625
23,1775363813.236404,optimizer,0.0022734254598617554,524.150390625
24,1775363813.3238237,forward,0.08388172090053558,11161.35498046875
24,1775363813.5049207,backward,0.18090596422553062,524.150390625
24,1775363813.5076442,optimizer,0.002204442396759987,524.150390625
25,1775363813.5950437,forward,0.08374875970184803,11161.35498046875
25,1775363813.7759676,backward,0.18072788417339325,524.150390625
25,1775363813.778681,optimizer,0.0022041741758584976,524.150390625
26,1775363813.8658063,forward,0.08386437967419624,11161.35498046875
26,1775363814.0468206,backward,0.18081786297261715,524.150390625
26,1775363814.0495453,optimizer,0.0022116024047136307,524.150390625
27,1775363814.1370428,forward,0.08381000719964504,11161.35498046875
27,1775363814.3180993,backward,0.1808653436601162,524.150390625
27,1775363814.3214664,optimizer,0.0026993323117494583,524.150390625
28,1775363814.408886,forward,0.08395707979798317,11161.35498046875
28,1775363814.5899887,backward,0.18088235706090927,524.150390625
28,1775363814.5926986,optimizer,0.002184361219406128,524.150390625
29,1775363814.6803017,forward,0.08378063887357712,11161.35498046875
29,1775363814.8612516,backward,0.18075513653457165,524.150390625
29,1775363814.8639562,optimizer,0.0021838638931512833,524.150390625
30,1775363814.951041,forward,0.08380960859358311,11161.35498046875
30,1775363815.1321301,backward,0.1809010561555624,524.150390625
30,1775363815.134843,optimizer,0.0021966826170682907,524.150390625
31,1775363815.2219768,forward,0.083847900852561,11161.35498046875
31,1775363815.402927,backward,0.18075026385486126,524.150390625
31,1775363815.4061074,optimizer,0.0023376476019620895,524.150390625
32,1775363815.4933817,forward,0.08375363610684872,11161.35498046875
32,1775363815.6743624,backward,0.18077100440859795,524.150390625
32,1775363815.6770794,optimizer,0.002203354611992836,524.150390625
33,1775363815.7641854,forward,0.08383704908192158,11161.35498046875
33,1775363815.9451463,backward,0.18077733367681503,524.150390625
33,1775363815.9478824,optimizer,0.0021974127739667892,524.150390625
34,1775363816.0389261,forward,0.08373178727924824,11161.35498046875
34,1775363816.2198975,backward,0.18078495375812054,524.150390625
34,1775363816.2226233,optimizer,0.002207733690738678,524.150390625
35,1775363816.30974,forward,0.0838375985622406,11161.35498046875
35,1775363816.4906473,backward,0.1807177122682333,524.150390625
35,1775363816.4936645,optimizer,0.0022945236414670944,524.150390625
36,1775363816.5809815,forward,0.08399170823395252,11161.35498046875
36,1775363816.762146,backward,0.18096929788589478,524.150390625
36,1775363816.764865,optimizer,0.0022031813859939575,524.150390625
37,1775363816.8518646,forward,0.08376351743936539,11161.35498046875
37,1775363817.0328307,backward,0.180774113163352,524.150390625
37,1775363817.03556,optimizer,0.0022130124270915985,524.150390625
38,1775363817.1226664,forward,0.08385504968464375,11161.35498046875
38,1775363817.3036544,backward,0.18078770488500595,524.150390625
38,1775363817.3063717,optimizer,0.0021962635219097137,524.150390625
39,1775363817.3937118,forward,0.08376232907176018,11161.35498046875
39,1775363817.5748208,backward,0.18086481466889381,524.150390625
39,1775363817.5776336,optimizer,0.0023069363087415695,524.150390625
40,1775363817.6651742,forward,0.08400062285363674,11161.35498046875
40,1775363817.8462155,backward,0.18084305711090565,524.150390625
40,1775363817.8489358,optimizer,0.002189893275499344,524.150390625
41,1775363817.9363177,forward,0.08381352946162224,11161.35498046875
41,1775363818.117429,backward,0.18091820739209652,524.150390625
41,1775363818.1201665,optimizer,0.002194073051214218,524.150390625
42,1775363818.2072864,forward,0.0838482603430748,11161.35498046875
42,1775363818.3882957,backward,0.1808186862617731,524.150390625
42,1775363818.3910103,optimizer,0.0022034812718629837,524.150390625
43,1775363818.4786484,forward,0.08385016024112701,11161.35498046875
43,1775363818.6599522,backward,0.18102548830211163,524.150390625
43,1775363818.662716,optimizer,0.002240292727947235,524.150390625
44,1775363818.749942,forward,0.0838881004601717,11161.35498046875
44,1775363818.930911,backward,0.1807716228067875,524.150390625
44,1775363818.9336226,optimizer,0.002207644283771515,524.150390625
45,1775363819.0206978,forward,0.08379220776259899,11161.35498046875
45,1775363819.2017617,backward,0.18086529523134232,524.150390625
45,1775363819.2044747,optimizer,0.0022016242146492004,524.150390625
46,1775363819.2914412,forward,0.08371341973543167,11161.35498046875
46,1775363819.4725196,backward,0.18087792582809925,524.150390625
46,1775363819.4752362,optimizer,0.0022004153579473495,524.150390625
47,1775363819.5623524,forward,0.08384673669934273,11161.35498046875
47,1775363819.7433786,backward,0.18083612620830536,524.150390625
47,1775363819.7460935,optimizer,0.0021980032324790955,524.150390625
48,1775363819.8377516,forward,0.08383441716432571,11161.35498046875
48,1775363820.018914,backward,0.18096600472927094,524.150390625
48,1775363820.0217085,optimizer,0.0022811423987150192,524.150390625
49,1775363820.109133,forward,0.08386819809675217,11161.35498046875
49,1775363820.2901194,backward,0.18079893477261066,524.150390625
49,1775363820.2928452,optimizer,0.0022167321294546127,524.150390625
50,1775363820.379924,forward,0.08382146060466766,11161.35498046875
50,1775363820.5608947,backward,0.1807842943817377,524.150390625
50,1775363820.5636106,optimizer,0.0022037941962480545,524.150390625
51,1775363820.6507292,forward,0.08382320031523705,11161.35498046875
51,1775363820.8318293,backward,0.18090475909411907,524.150390625
51,1775363820.8345423,optimizer,0.002194194123148918,524.150390625
52,1775363820.9217677,forward,0.08386296033859253,11161.35498046875
52,1775363821.1028824,backward,0.18092144466936588,524.150390625
52,1775363821.105609,optimizer,0.002207960933446884,524.150390625
53,1775363821.1936977,forward,0.08447730913758278,11161.35498046875
53,1775363821.374891,backward,0.1810062676668167,524.150390625
53,1775363821.377646,optimizer,0.0022297147661447525,524.150390625
54,1775363821.4649,forward,0.0839880108833313,11161.35498046875
54,1775363821.6460102,backward,0.1809072270989418,524.150390625
54,1775363821.6487155,optimizer,0.0021987222135066986,524.150390625
55,1775363821.7360399,forward,0.08376226760447025,11161.35498046875
55,1775363821.9170082,backward,0.1807770635932684,524.150390625
55,1775363821.9197288,optimizer,0.0022061821073293686,524.150390625
56,1775363822.0068483,forward,0.08387371897697449,11161.35498046875
56,1775363822.1879587,backward,0.18092623725533485,524.150390625
56,1775363822.1906629,optimizer,0.0021894723176956177,524.150390625
57,1775363822.2779577,forward,0.08379388973116875,11161.35498046875
57,1775363822.459085,backward,0.18093096651136875,524.150390625
57,1775363822.4621038,optimizer,0.002286536619067192,524.150390625
58,1775363822.5494077,forward,0.08394965901970863,11161.35498046875
58,1775363822.7306826,backward,0.18106839805841446,524.150390625
58,1775363822.7334015,optimizer,0.002199782058596611,524.150390625
59,1775363822.820535,forward,0.08383943699300289,11161.35498046875
59,1775363823.0015595,backward,0.18083129450678825,524.150390625
59,1775363823.0042744,optimizer,0.0021957624703645706,524.150390625
60,1775363823.0918255,forward,0.08383643999695778,11161.35498046875
60,1775363823.2728765,backward,0.18086330592632294,524.150390625
60,1775363823.2755868,optimizer,0.0022096410393714905,524.150390625
61,1775363823.3627617,forward,0.083899250254035,11161.35498046875
61,1775363823.5438282,backward,0.1808690745383501,524.150390625
61,1775363823.546536,optimizer,0.0022038519382476807,524.150390625
62,1775363823.6365087,forward,0.0837668888270855,11161.35498046875
62,1775363823.8176472,backward,0.1809446271508932,524.150390625
62,1775363823.8205378,optimizer,0.0022915564477443695,524.150390625
63,1775363823.9079478,forward,0.08384829945862293,11161.35498046875
63,1775363824.0890467,backward,0.18090153858065605,524.150390625
63,1775363824.0917878,optimizer,0.002213655039668083,524.150390625
64,1775363824.1789248,forward,0.08386355265974998,11161.35498046875
64,1775363824.359994,backward,0.1808762364089489,524.150390625
64,1775363824.3627164,optimizer,0.0022027846425771713,524.150390625
65,1775363824.4497607,forward,0.08380619995296001,11161.35498046875
65,1775363824.6308744,backward,0.18092024698853493,524.150390625
65,1775363824.6335754,optimizer,0.002193151041865349,524.150390625
66,1775363824.7207124,forward,0.08385957218706608,11161.35498046875
66,1775363824.901936,backward,0.1810314990580082,524.150390625
66,1775363824.9046667,optimizer,0.0022149942815303802,524.150390625
67,1775363824.9920874,forward,0.08382595889270306,11161.35498046875
67,1775363825.1731884,backward,0.18089910596609116,524.150390625
67,1775363825.1760406,optimizer,0.002276470884680748,524.150390625
68,1775363825.263547,forward,0.08397615887224674,11161.35498046875
68,1775363825.4447777,backward,0.18103556707501411,524.150390625
68,1775363825.4475048,optimizer,0.002213751897215843,524.150390625
69,1775363825.5348804,forward,0.08381832018494606,11161.35498046875
69,1775363825.716032,backward,0.1809518188238144,524.150390625
69,1775363825.7187424,optimizer,0.0021936222910881042,524.150390625
70,1775363825.8058903,forward,0.0838704090565443,11161.35498046875
70,1775363825.9870164,backward,0.1809335257858038,524.150390625
70,1775363825.9897246,optimizer,0.0021958444267511368,524.150390625
71,1775363826.0768342,forward,0.08384157903492451,11161.35498046875
71,1775363826.257956,backward,0.18092792853713036,524.150390625
71,1775363826.2606764,optimizer,0.0022056829184293747,524.150390625
72,1775363826.3477776,forward,0.08384088054299355,11161.35498046875
72,1775363826.5288315,backward,0.18085497617721558,524.150390625
72,1775363826.5315447,optimizer,0.0021977052092552185,524.150390625
73,1775363826.6186767,forward,0.0838515181094408,11161.35498046875
73,1775363826.7998238,backward,0.18095846846699715,524.150390625
73,1775363826.8025312,optimizer,0.0021971315145492554,524.150390625
74,1775363826.8897393,forward,0.08380006067454815,11161.35498046875
74,1775363827.0708385,backward,0.1809074953198433,524.150390625
74,1775363827.0741506,optimizer,0.002685699611902237,524.150390625
75,1775363827.1615057,forward,0.08392594940960407,11161.35498046875
75,1775363827.3426483,backward,0.1809453759342432,524.150390625
75,1775363827.3453798,optimizer,0.002214033156633377,524.150390625
76,1775363827.4354327,forward,0.08382910117506981,11161.35498046875
76,1775363827.6164336,backward,0.18080710247159004,524.150390625
76,1775363827.6191528,optimizer,0.002207323908805847,524.150390625
77,1775363827.7064035,forward,0.0838826410472393,11161.35498046875
77,1775363827.8874366,backward,0.18082597479224205,524.150390625
77,1775363827.8901684,optimizer,0.002193763852119446,524.150390625
78,1775363827.9773097,forward,0.08388637006282806,11161.35498046875
78,1775363828.1584659,backward,0.18095555901527405,524.150390625
78,1775363828.161179,optimizer,0.0021979529410600662,524.150390625
79,1775363828.2482224,forward,0.08382225036621094,11161.35498046875
79,1775363828.4292693,backward,0.18085281737148762,524.150390625
79,1775363828.4319973,optimizer,0.002210235223174095,524.150390625
80,1775363828.5193548,forward,0.0839203204959631,11161.35498046875
80,1775363828.7006068,backward,0.18105394951999187,524.150390625
80,1775363828.7037637,optimizer,0.0023527536541223526,524.150390625
81,1775363828.7913313,forward,0.0838349498808384,11161.35498046875
81,1775363828.9725397,backward,0.18100479058921337,524.150390625
81,1775363828.9752855,optimizer,0.0022250432521104813,524.150390625
82,1775363829.0624669,forward,0.08390907943248749,11161.35498046875
82,1775363829.2436335,backward,0.18096882663667202,524.150390625
82,1775363829.2463503,optimizer,0.0022075437009334564,524.150390625
83,1775363829.333718,forward,0.0838298574090004,11161.35498046875
83,1775363829.5148346,backward,0.1809095572680235,524.150390625
83,1775363829.5175414,optimizer,0.0022002197802066803,524.150390625
84,1775363829.6046956,forward,0.08388401009142399,11161.35498046875
84,1775363829.7859495,backward,0.18105392716825008,524.150390625
84,1775363829.7886672,optimizer,0.002204025164246559,524.150390625
85,1775363829.8757162,forward,0.08379320800304413,11161.35498046875
85,1775363830.056798,backward,0.18088119849562645,524.150390625
85,1775363830.0595195,optimizer,0.002207484096288681,524.150390625
86,1775363830.146719,forward,0.0838412381708622,11161.35498046875
86,1775363830.3278763,backward,0.1809611078351736,524.150390625
86,1775363830.3305948,optimizer,0.0022015441209077835,524.150390625
87,1775363830.4177911,forward,0.08392107300460339,11161.35498046875
87,1775363830.599633,backward,0.18157799541950226,524.150390625
87,1775363830.6023972,optimizer,0.0022372230887413025,524.150390625
88,1775363830.6899097,forward,0.08383646048605442,11161.35498046875
88,1775363830.8710237,backward,0.18092156574130058,524.150390625
88,1775363830.8737218,optimizer,0.002191450446844101,524.150390625
89,1775363830.9609175,forward,0.08391964063048363,11161.35498046875
89,1775363831.1420147,backward,0.1809039358049631,524.150390625
89,1775363831.1447372,optimizer,0.002198152244091034,524.150390625
90,1775363831.2342274,forward,0.08384095877408981,11161.35498046875
90,1775363831.4153912,backward,0.18097115866839886,524.150390625
90,1775363831.4181077,optimizer,0.0022100042551755905,524.150390625
91,1775363831.505265,forward,0.08390609174966812,11161.35498046875
91,1775363831.6863744,backward,0.18092151544988155,524.150390625
91,1775363831.689086,optimizer,0.0021991319954395294,524.150390625
92,1775363831.776258,forward,0.08388170041143894,11161.35498046875
92,1775363831.9573262,backward,0.18086893670260906,524.150390625
92,1775363831.96004,optimizer,0.0021986421197652817,524.150390625
93,1775363832.0471246,forward,0.08384151011705399,11161.35498046875
93,1775363832.2282689,backward,0.18095399625599384,524.150390625
93,1775363832.2311628,optimizer,0.0023299064487218857,524.150390625
94,1775363832.3186588,forward,0.08405606262385845,11161.35498046875
94,1775363832.4998848,backward,0.1810376290231943,524.150390625
94,1775363832.5025904,optimizer,0.0021979715675115585,524.150390625
95,1775363832.590018,forward,0.08383768983185291,11161.35498046875
95,1775363832.7711186,backward,0.18090943805873394,524.150390625
95,1775363832.7738187,optimizer,0.0021975450217723846,524.150390625
96,1775363832.861152,forward,0.0839109718799591,11161.35498046875
96,1775363833.0422475,backward,0.1809262167662382,524.150390625
96,1775363833.0449808,optimizer,0.0022045839577913284,524.150390625
97,1775363833.132333,forward,0.08380443602800369,11161.35498046875
97,1775363833.3135173,backward,0.18099213764071465,524.150390625
97,1775363833.3162327,optimizer,0.002204515039920807,524.150390625
98,1775363833.4035258,forward,0.08395146019756794,11161.35498046875
98,1775363833.584638,backward,0.18090990744531155,524.150390625
98,1775363833.587363,optimizer,0.0022152960300445557,524.150390625
99,1775363833.6744852,forward,0.08385409973561764,11161.35498046875
99,1775363833.8556263,backward,0.18095127679407597,524.150390625
99,1775363833.8583403,optimizer,0.0022054724395275116,524.150390625
100,1775363833.945507,forward,0.08388652093708515,11161.35498046875
100,1775363834.1269298,backward,0.1811596117913723,524.150390625
100,1775363834.1296968,optimizer,0.0022540129721164703,524.150390625
101,1775363834.2170072,forward,0.08396833948791027,11161.35498046875
101,1775363834.3982286,backward,0.18103487975895405,524.150390625
101,1775363834.4009373,optimizer,0.0021951235830783844,524.150390625
102,1775363834.4884315,forward,0.08387217670679092,11161.35498046875
102,1775363834.6696572,backward,0.18103142827749252,524.150390625
102,1775363834.6723616,optimizer,0.002203354611992836,524.150390625
103,1775363834.759608,forward,0.08398829959332943,11161.35498046875
103,1775363834.9407651,backward,0.1809648610651493,524.150390625
103,1775363834.9434812,optimizer,0.0022037234157323837,524.150390625
104,1775363835.0330012,forward,0.08384785987436771,11161.35498046875
104,1775363835.2141933,backward,0.18099379539489746,524.150390625
104,1775363835.2169328,optimizer,0.002210145816206932,524.150390625
105,1775363835.304098,forward,0.08389926142990589,11161.35498046875
105,1775363835.4851987,backward,0.1809077151119709,524.150390625
105,1775363835.4879243,optimizer,0.002204451709985733,524.150390625
106,1775363835.5752652,forward,0.08392390981316566,11161.35498046875
106,1775363835.756373,backward,0.18091843649744987,524.150390625
106,1775363835.7590947,optimizer,0.0022145621478557587,524.150390625
107,1775363835.8461285,forward,0.08382035791873932,11161.35498046875
107,1775363836.0272233,backward,0.18090695701539516,524.150390625
107,1775363836.0299466,optimizer,0.0021988339722156525,524.150390625
108,1775363836.1171227,forward,0.08391993120312691,11161.35498046875
108,1775363836.2983165,backward,0.1810043267905712,524.150390625
108,1775363836.3016422,optimizer,0.002688400447368622,524.150390625
109,1775363836.3893964,forward,0.0839641522616148,11161.35498046875
109,1775363836.5707493,backward,0.1811518594622612,524.150390625
109,1775363836.5734673,optimizer,0.002201152965426445,524.150390625
110,1775363836.6606858,forward,0.08391123078763485,11161.35498046875
110,1775363836.8419046,backward,0.18103178963065147,524.150390625
110,1775363836.844617,optimizer,0.002191733568906784,524.150390625
111,1775363836.9321146,forward,0.08384760841727257,11161.35498046875
111,1775363837.1134953,backward,0.18118425272405148,524.150390625
111,1775363837.116214,optimizer,0.0021975524723529816,524.150390625
112,1775363837.2033572,forward,0.08387388847768307,11161.35498046875
112,1775363837.3845088,backward,0.18095308542251587,524.150390625
112,1775363837.387245,optimizer,0.002220122143626213,524.150390625
113,1775363837.474405,forward,0.08389758877456188,11161.35498046875
113,1775363837.655651,backward,0.18105186708271503,524.150390625
113,1775363837.658353,optimizer,0.002189144492149353,524.150390625
114,1775363837.7454944,forward,0.08386469073593616,11161.35498046875
114,1775363837.9266264,backward,0.1809362880885601,524.150390625
114,1775363837.929341,optimizer,0.002200774848461151,524.150390625
115,1775363838.0165713,forward,0.08394310064613819,11161.35498046875
115,1775363838.197804,backward,0.18103749677538872,524.150390625
115,1775363838.2005334,optimizer,0.002199193462729454,524.150390625
116,1775363838.2879925,forward,0.0838499590754509,11161.35498046875
116,1775363838.4691973,backward,0.18100638687610626,524.150390625
116,1775363838.4723358,optimizer,0.002322353422641754,524.150390625
117,1775363838.5598092,forward,0.08402771316468716,11161.35498046875
117,1775363838.741037,backward,0.18102414719760418,524.150390625
117,1775363838.7437642,optimizer,0.002208853140473366,524.150390625
118,1775363838.8319454,forward,0.08390826918184757,11161.35498046875
118,1775363839.0131946,backward,0.18105038814246655,524.150390625
118,1775363839.01591,optimizer,0.0021981950849294662,524.150390625
119,1775363839.103187,forward,0.0839004497975111,11161.35498046875
119,1775363839.2843723,backward,0.1809893473982811,524.150390625
119,1775363839.287092,optimizer,0.0021991822868585587,524.150390625
120,1775363839.374287,forward,0.08391888067126274,11161.35498046875
120,1775363839.5555415,backward,0.181059118360281,524.150390625
120,1775363839.5582569,optimizer,0.002204194664955139,524.150390625
121,1775363839.645343,forward,0.08385700918734074,11161.35498046875
121,1775363839.8265376,backward,0.1809973083436489,524.150390625
121,1775363839.8292477,optimizer,0.0021832622587680817,524.150390625
122,1775363839.9164746,forward,0.08395275846123695,11161.35498046875
122,1775363840.0977223,backward,0.1810594704002142,524.150390625
122,1775363840.100428,optimizer,0.002189863473176956,524.150390625
123,1775363840.188063,forward,0.08387059904634953,11161.35498046875
123,1775363840.3692622,backward,0.18100649863481522,524.150390625
123,1775363840.3719814,optimizer,0.0021939538419246674,524.150390625
124,1775363840.459255,forward,0.08400744013488293,11161.35498046875
124,1775363840.640443,backward,0.18099479749798775,524.150390625
124,1775363840.6431582,optimizer,0.0022068750113248825,524.150390625
125,1775363840.730667,forward,0.08389906771481037,11161.35498046875
125,1775363840.9125092,backward,0.18158413656055927,524.150390625
125,1775363840.9152796,optimizer,0.002246985211968422,524.150390625
126,1775363841.0024886,forward,0.08388744853436947,11161.35498046875
126,1775363841.1836395,backward,0.18096305802464485,524.150390625
126,1775363841.1863792,optimizer,0.0022163446992635727,524.150390625
127,1775363841.2735474,forward,0.0839087013155222,11161.35498046875
127,1775363841.454805,backward,0.18102850764989853,524.150390625
127,1775363841.4575415,optimizer,0.0022170916199684143,524.150390625
128,1775363841.5446765,forward,0.08386825956404209,11161.35498046875
128,1775363841.7259,backward,0.18102318793535233,524.150390625
128,1775363841.7286215,optimizer,0.0022095832973718643,524.150390625
129,1775363841.8158884,forward,0.08398057892918587,11161.35498046875
129,1775363841.997194,backward,0.1811135597527027,524.150390625
129,1775363841.9999354,optimizer,0.0022063814103603363,524.150390625
130,1775363842.0874112,forward,0.08382707834243774,11161.35498046875
130,1775363842.2685587,backward,0.18095167726278305,524.150390625
130,1775363842.2712576,optimizer,0.0021928641945123672,524.150390625
131,1775363842.3584697,forward,0.08393866941332817,11161.35498046875
131,1775363842.5397491,backward,0.18108551017940044,524.150390625
131,1775363842.542456,optimizer,0.002196863293647766,524.150390625
132,1775363842.6307068,forward,0.08393767103552818,11161.35498046875
132,1775363842.8119233,backward,0.1810118593275547,524.150390625
132,1775363842.8146315,optimizer,0.0022018644958734512,524.150390625
133,1775363842.9018931,forward,0.08391369879245758,11161.35498046875
133,1775363843.083084,backward,0.18099120631814003,524.150390625
133,1775363843.0859826,optimizer,0.0023236162960529327,524.150390625
134,1775363843.1735487,forward,0.08397368341684341,11161.35498046875
134,1775363843.3548486,backward,0.18110460974276066,524.150390625
134,1775363843.357547,optimizer,0.002183152362704277,524.150390625
135,1775363843.4448352,forward,0.08385711908340454,11161.35498046875
135,1775363843.6260235,backward,0.1809968203306198,524.150390625
135,1775363843.62873,optimizer,0.002196773886680603,524.150390625
136,1775363843.716033,forward,0.08401332423090935,11161.35498046875
136,1775363843.8973255,backward,0.1811023186892271,524.150390625
136,1775363843.9000454,optimizer,0.0021954048424959183,524.150390625
137,1775363843.9875045,forward,0.08388266153633595,11161.35498046875
137,1775363844.1686509,backward,0.180951576679945,524.150390625
137,1775363844.1713548,optimizer,0.002203032374382019,524.150390625
138,1775363844.2586212,forward,0.083975400775671,11161.35498046875
138,1775363844.4398756,backward,0.18106922693550587,524.150390625
138,1775363844.442593,optimizer,0.0021986830979585648,524.150390625
139,1775363844.530137,forward,0.08389407955110073,11161.35498046875
139,1775363844.7112417,backward,0.18090682663023472,524.150390625
139,1775363844.7139509,optimizer,0.002192482352256775,524.150390625
140,1775363844.801139,forward,0.08392546139657497,11161.35498046875
140,1775363844.9823117,backward,0.180983267724514,524.150390625
140,1775363844.9850295,optimizer,0.0022065825760364532,524.150390625
141,1775363845.0721672,forward,0.08389237150549889,11161.35498046875
141,1775363845.2534583,backward,0.18110604025423527,524.150390625
141,1775363845.2561882,optimizer,0.0022079143673181534,524.150390625
142,1775363845.3434167,forward,0.08393546007573605,11161.35498046875
142,1775363845.524926,backward,0.18124416284263134,524.150390625
142,1775363845.5277216,optimizer,0.0022723954170942307,524.150390625
143,1775363845.6150455,forward,0.08396867290139198,11161.35498046875
143,1775363845.7963371,backward,0.18109882809221745,524.150390625
143,1775363845.7990685,optimizer,0.002217574045062065,524.150390625
144,1775363845.8866081,forward,0.0838763378560543,11161.35498046875
144,1775363846.0678802,backward,0.18107442930340767,524.150390625
144,1775363846.070612,optimizer,0.0022077132016420364,524.150390625
145,1775363846.15787,forward,0.08398421108722687,11161.35498046875
145,1775363846.3391283,backward,0.18105943873524666,524.150390625
145,1775363846.3418434,optimizer,0.0022011827677488327,524.150390625
146,1775363846.429605,forward,0.08390853181481361,11161.35498046875
146,1775363846.6109378,backward,0.18113647028803825,524.150390625
146,1775363846.6136377,optimizer,0.002186473459005356,524.150390625
147,1775363846.7008271,forward,0.08392002061009407,11161.35498046875
147,1775363846.8820686,backward,0.1810508295893669,524.150390625
147,1775363846.884795,optimizer,0.002212332561612129,524.150390625
148,1775363846.9720352,forward,0.08398297987878323,11161.35498046875
148,1775363847.1533833,backward,0.18116164952516556,524.150390625
148,1775363847.156114,optimizer,0.0022043418139219284,524.150390625
149,1775363847.2432232,forward,0.08389068767428398,11161.35498046875
149,1775363847.4244354,backward,0.18101078644394875,524.150390625
149,1775363847.427165,optimizer,0.002216033637523651,524.150390625
150,1775363847.5145013,forward,0.08405455946922302,11161.35498046875
150,1775363847.695728,backward,0.1810353398323059,524.150390625
150,1775363847.6984596,optimizer,0.002205904573202133,524.150390625
151,1775363847.785912,forward,0.08385206013917923,11161.35498046875
151,1775363847.9670653,backward,0.18095907755196095,524.150390625
151,1775363847.9697902,optimizer,0.002207104116678238,524.150390625
152,1775363848.0570729,forward,0.08400221355259418,11161.35498046875
152,1775363848.23829,backward,0.18102771043777466,524.150390625
152,1775363848.241022,optimizer,0.00221894308924675,524.150390625
153,1775363848.329973,forward,0.08439679630100727,11161.35498046875
153,1775363848.5113664,backward,0.18120874278247356,524.150390625
153,1775363848.514133,optimizer,0.0022389329969882965,524.150390625
154,1775363848.6013205,forward,0.08390609920024872,11161.35498046875
154,1775363848.7824512,backward,0.18094252608716488,524.150390625
154,1775363848.7851582,optimizer,0.0021986644715070724,524.150390625
155,1775363848.8723717,forward,0.08391879126429558,11161.35498046875
155,1775363849.0536666,backward,0.1810987275093794,524.150390625
155,1775363849.0563915,optimizer,0.002206243574619293,524.150390625
156,1775363849.143883,forward,0.08387351036071777,11161.35498046875
156,1775363849.325084,backward,0.18100489489734173,524.150390625
156,1775363849.3278224,optimizer,0.0022015944123268127,524.150390625
157,1775363849.415098,forward,0.0839755292981863,11161.35498046875
157,1775363849.5964136,backward,0.18111788854002953,524.150390625
157,1775363849.5991423,optimizer,0.0022050123661756516,524.150390625
158,1775363849.686806,forward,0.0839251484721899,11161.35498046875
158,1775363849.8679636,backward,0.1809618566185236,524.150390625
158,1775363849.8706768,optimizer,0.0021990910172462463,524.150390625
159,1775363849.9578905,forward,0.08396062068641186,11161.35498046875
159,1775363850.1390736,backward,0.18098478764295578,524.150390625
159,1775363850.1417875,optimizer,0.0021922513842582703,524.150390625
160,1775363850.2290833,forward,0.08384577929973602,11161.35498046875
160,1775363850.4103765,backward,0.18109560012817383,524.150390625
160,1775363850.413082,optimizer,0.0021863728761672974,524.150390625
161,1775363850.5002973,forward,0.08391625992953777,11161.35498046875
161,1775363850.6815634,backward,0.18107304722070694,524.150390625
161,1775363850.6842732,optimizer,0.0021798908710479736,524.150390625
162,1775363850.7714465,forward,0.0839149672538042,11161.35498046875
162,1775363850.9526227,backward,0.18097533658146858,524.150390625
162,1775363850.955339,optimizer,0.002204783260822296,524.150390625
163,1775363851.0427847,forward,0.08386101014912128,11161.35498046875
163,1775363851.2240903,backward,0.18110101111233234,524.150390625
163,1775363851.2272477,optimizer,0.002342093735933304,524.150390625
164,1775363851.3146298,forward,0.08402673155069351,11161.35498046875
164,1775363851.4960375,backward,0.18121729232370853,524.150390625
164,1775363851.4987478,optimizer,0.0022041816264390945,524.150390625
165,1775363851.5863285,forward,0.08391295000910759,11161.35498046875
165,1775363851.7675242,backward,0.1810103077441454,524.150390625
165,1775363851.7702596,optimizer,0.002211904153227806,524.150390625
166,1775363851.8575225,forward,0.08396296203136444,11161.35498046875
166,1775363852.0388808,backward,0.18116524070501328,524.150390625
166,1775363852.0416007,optimizer,0.00221182219684124,524.150390625
167,1775363852.1288147,forward,0.08394077979028225,11161.35498046875
167,1775363852.310081,backward,0.18107049725949764,524.150390625
167,1775363852.3128054,optimizer,0.0022198520600795746,524.150390625
168,1775363852.4000008,forward,0.0839159432798624,11161.35498046875
168,1775363852.581225,backward,0.18103281036019325,524.150390625
168,1775363852.5839453,optimizer,0.00220552459359169,524.150390625
169,1775363852.671333,forward,0.08397977240383625,11161.35498046875
169,1775363852.8525653,backward,0.18104322999715805,524.150390625
169,1775363852.855303,optimizer,0.0022268351167440414,524.150390625
170,1775363852.9428751,forward,0.08390690945088863,11161.35498046875
170,1775363853.1240544,backward,0.18100110068917274,524.150390625
170,1775363853.1267748,optimizer,0.0021995138376951218,524.150390625
171,1775363853.2140257,forward,0.08398340083658695,11161.35498046875
171,1775363853.3953948,backward,0.18115069903433323,524.150390625
171,1775363853.3981256,optimizer,0.002215104177594185,524.150390625
172,1775363853.485684,forward,0.08392008021473885,11161.35498046875
172,1775363853.6669397,backward,0.18106983043253422,524.150390625
172,1775363853.6696694,optimizer,0.0022147633135318756,524.150390625
173,1775363853.7568803,forward,0.08393217995762825,11161.35498046875
173,1775363853.9382699,backward,0.18119520880281925,524.150390625
173,1775363853.9409916,optimizer,0.0022063441574573517,524.150390625
174,1775363854.0284834,forward,0.08393602073192596,11161.35498046875
174,1775363854.2097745,backward,0.18109583668410778,524.150390625
174,1775363854.2128906,optimizer,0.0022919829934835434,524.150390625
175,1775363854.3002534,forward,0.08399342931807041,11161.35498046875
175,1775363854.4816816,backward,0.18123633973300457,524.150390625
175,1775363854.484412,optimizer,0.0022100135684013367,524.150390625
176,1775363854.5716836,forward,0.08399902284145355,11161.35498046875
176,1775363854.7529721,backward,0.18110196851193905,524.150390625
176,1775363854.7557192,optimizer,0.0022260453552007675,524.150390625
177,1775363854.843207,forward,0.08381510898470879,11161.35498046875
177,1775363855.0246286,backward,0.18122521229088306,524.150390625
177,1775363855.027371,optimizer,0.0022299718111753464,524.150390625
178,1775363855.1146934,forward,0.08404115214943886,11161.35498046875
178,1775363855.2959452,backward,0.18106173910200596,524.150390625
178,1775363855.2986596,optimizer,0.0022080522030591965,524.150390625
179,1775363855.386135,forward,0.08390008844435215,11161.35498046875
179,1775363855.5675642,backward,0.18123486079275608,524.150390625
179,1775363855.5702846,optimizer,0.0022159740328788757,524.150390625
180,1775363855.6576152,forward,0.08396821096539497,11161.35498046875
180,1775363855.8389115,backward,0.18110094964504242,524.150390625
180,1775363855.841631,optimizer,0.002206314355134964,524.150390625
181,1775363855.928856,forward,0.08396297879517078,11161.35498046875
181,1775363856.110187,backward,0.1811363697052002,524.150390625
181,1775363856.112906,optimizer,0.002207394689321518,524.150390625
182,1775363856.2001493,forward,0.08386509120464325,11161.35498046875
182,1775363856.3814354,backward,0.18108808994293213,524.150390625
182,1775363856.3841636,optimizer,0.0022066645324230194,524.150390625
183,1775363856.4715981,forward,0.08404207229614258,11161.35498046875
183,1775363856.6529577,backward,0.18116663210093975,524.150390625
183,1775363856.6556916,optimizer,0.0022097621113061905,524.150390625
184,1775363856.74329,forward,0.08387969993054867,11161.35498046875
184,1775363856.9245722,backward,0.18111195974051952,524.150390625
184,1775363856.927298,optimizer,0.0022212043404579163,524.150390625
185,1775363857.0147579,forward,0.08402295969426632,11161.35498046875
185,1775363857.1960714,backward,0.18111924640834332,524.150390625
185,1775363857.1989727,optimizer,0.002329627051949501,524.150390625
186,1775363857.2867846,forward,0.0839903000742197,11161.35498046875
186,1775363857.4680924,backward,0.18111961893737316,524.150390625
186,1775363857.4708273,optimizer,0.002208862453699112,524.150390625
187,1775363857.55804,forward,0.08394423127174377,11161.35498046875
187,1775363857.739406,backward,0.18116174079477787,524.150390625
187,1775363857.7421212,optimizer,0.002201121300458908,524.150390625
188,1775363857.8293033,forward,0.08397069945931435,11161.35498046875
188,1775363858.0105894,backward,0.18109375052154064,524.150390625
188,1775363858.0132957,optimizer,0.00219818577170372,524.150390625
189,1775363858.100813,forward,0.08386469818651676,11161.35498046875
189,1775363858.2820125,backward,0.1810134593397379,524.150390625
189,1775363858.284741,optimizer,0.0022193733602762222,524.150390625
190,1775363858.3720546,forward,0.08404078334569931,11161.35498046875
190,1775363858.5534918,backward,0.1812456212937832,524.150390625
190,1775363858.5562534,optimizer,0.002204863354563713,524.150390625
191,1775363858.643818,forward,0.0839180089533329,11161.35498046875
191,1775363858.8250983,backward,0.18108107149600983,524.150390625
191,1775363858.8278215,optimizer,0.0021900516003370285,524.150390625
192,1775363858.91517,forward,0.08398509211838245,11161.35498046875
192,1775363859.0965464,backward,0.18117650225758553,524.150390625
192,1775363859.0992792,optimizer,0.002211153507232666,524.150390625
193,1775363859.1865091,forward,0.083940289914608,11161.35498046875
193,1775363859.3678815,backward,0.18117368035018444,524.150390625
193,1775363859.3705883,optimizer,0.0021852143108844757,524.150390625
194,1775363859.4578238,forward,0.08393963053822517,11161.35498046875
194,1775363859.6391785,backward,0.18115810118615627,524.150390625
194,1775363859.641906,optimizer,0.0022041816264390945,524.150390625
195,1775363859.7291284,forward,0.0839624721556902,11161.35498046875
195,1775363859.9104376,backward,0.1811084132641554,524.150390625
195,1775363859.9131608,optimizer,0.0022058021277189255,524.150390625
196,1775363860.0006762,forward,0.08392630890011787,11161.35498046875
196,1775363860.1820095,backward,0.18113888055086136,524.150390625
196,1775363860.1848023,optimizer,0.0022483430802822113,524.150390625
197,1775363860.2723386,forward,0.08405469357967377,11161.35498046875
197,1775363860.453683,backward,0.18115054070949554,524.150390625
197,1775363860.4564018,optimizer,0.0022014304995536804,524.150390625
198,1775363860.5438514,forward,0.08386111818253994,11161.35498046875
198,1775363860.7251415,backward,0.18108669109642506,524.150390625
198,1775363860.7278693,optimizer,0.0022040028125047684,524.150390625
199,1775363860.8150702,forward,0.08393211103975773,11161.35498046875
199,1775363860.9963996,backward,0.18114048801362514,524.150390625
199,1775363860.9991312,optimizer,0.0022044647485017776,524.150390625
200,1775363861.0863364,forward,0.08393816091120243,11161.35498046875
200,1775363861.2677066,backward,0.181179691106081,524.150390625
200,1775363861.2704165,optimizer,0.0021963119506835938,524.150390625
201,1775363861.3576517,forward,0.08393597230315208,11161.35498046875
201,1775363861.5389676,backward,0.18112284876406193,524.150390625
201,1775363861.5417159,optimizer,0.0022102631628513336,524.150390625
202,1775363861.6289163,forward,0.08397492207586765,11161.35498046875
202,1775363861.8102798,backward,0.18117581121623516,524.150390625
202,1775363861.8130035,optimizer,0.002192441374063492,524.150390625
203,1775363861.9005194,forward,0.08393163979053497,11161.35498046875
203,1775363862.0818202,backward,0.1811042595654726,524.150390625
203,1775363862.084528,optimizer,0.0021873023360967636,524.150390625
204,1775363862.171766,forward,0.08396448940038681,11161.35498046875
204,1775363862.3529756,backward,0.18101481534540653,524.150390625
204,1775363862.3557692,optimizer,0.0022850241512060165,524.150390625
205,1775363862.443316,forward,0.08390756696462631,11161.35498046875
205,1775363862.6245754,backward,0.181063549593091,524.150390625
205,1775363862.6273432,optimizer,0.002253511920571327,524.150390625
206,1775363862.7145958,forward,0.08397332206368446,11161.35498046875
206,1775363862.8959887,backward,0.1812041625380516,524.150390625
206,1775363862.898685,optimizer,0.0021914131939411163,524.150390625
207,1775363862.9860144,forward,0.08397001959383488,11161.35498046875
207,1775363863.1673684,backward,0.18116772174835205,524.150390625
207,1775363863.170089,optimizer,0.0022075995802879333,524.150390625
208,1775363863.2572982,forward,0.0839175283908844,11161.35498046875
208,1775363863.4385042,backward,0.1810102891176939,524.150390625
208,1775363863.4412255,optimizer,0.0021972134709358215,524.150390625
209,1775363863.5284777,forward,0.08395981043577194,11161.35498046875
209,1775363863.70979,backward,0.1811221819370985,524.150390625
209,1775363863.712512,optimizer,0.0022043008357286453,524.150390625
210,1775363863.8000133,forward,0.08387788943946362,11161.35498046875
210,1775363863.981329,backward,0.18112858198583126,524.150390625
210,1775363863.9847064,optimizer,0.0027039125561714172,524.150390625
211,1775363864.07221,forward,0.08407759107649326,11161.35498046875
211,1775363864.2536566,backward,0.181254792958498,524.150390625
211,1775363864.2563748,optimizer,0.0022023245692253113,524.150390625
212,1775363864.3439252,forward,0.08389665000140667,11161.35498046875
212,1775363864.5253277,backward,0.1812025010585785,524.150390625
212,1775363864.5280557,optimizer,0.0022036824375391006,524.150390625
213,1775363864.6155767,forward,0.08393754065036774,11161.35498046875
213,1775363864.7968097,backward,0.18104682676494122,524.150390625
213,1775363864.7995417,optimizer,0.002205684781074524,524.150390625
214,1775363864.8868144,forward,0.08398183062672615,11161.35498046875
214,1775363865.06803,backward,0.18102619983255863,524.150390625
214,1775363865.0707529,optimizer,0.0022080522030591965,524.150390625
215,1775363865.1580935,forward,0.08390231989324093,11161.35498046875
215,1775363865.3393784,backward,0.18109430745244026,524.150390625
215,1775363865.342091,optimizer,0.002194700762629509,524.150390625
216,1775363865.4295182,forward,0.08402382209897041,11161.35498046875
216,1775363865.6108515,backward,0.18113061226904392,524.150390625
216,1775363865.6135705,optimizer,0.002201162278652191,524.150390625
217,1775363865.701105,forward,0.0839365404099226,11161.35498046875
217,1775363865.882332,backward,0.1810356006026268,524.150390625
217,1775363865.8850586,optimizer,0.002198111265897751,524.150390625
218,1775363865.972475,forward,0.0839731115847826,11161.35498046875
218,1775363866.1539013,backward,0.18122742138803005,524.150390625
218,1775363866.1566317,optimizer,0.0022015124559402466,524.150390625
219,1775363866.244281,forward,0.08396071195602417,11161.35498046875
219,1775363866.4256165,backward,0.18113710917532444,524.150390625
219,1775363866.4283414,optimizer,0.0022062622010707855,524.150390625
220,1775363866.5156028,forward,0.08398674987256527,11161.35498046875
220,1775363866.6969416,backward,0.1811521127820015,524.150390625
220,1775363866.6996682,optimizer,0.0022039320319890976,524.150390625
221,1775363866.786907,forward,0.08395693078637123,11161.35498046875
221,1775363866.9682379,backward,0.18113704025745392,524.150390625
221,1775363866.9709778,optimizer,0.0022226106375455856,524.150390625
222,1775363867.0585356,forward,0.08389252983033657,11161.35498046875
222,1775363867.2398007,backward,0.18107027933001518,524.150390625
222,1775363867.2425091,optimizer,0.002193313091993332,524.150390625
223,1775363867.3297966,forward,0.08400623127818108,11161.35498046875
223,1775363867.5111146,backward,0.18111974000930786,524.150390625
223,1775363867.5138285,optimizer,0.0021933037787675858,524.150390625
224,1775363867.6014805,forward,0.08396758139133453,11161.35498046875
224,1775363867.7828207,backward,0.18114439025521278,524.150390625
224,1775363867.7859714,optimizer,0.002350006252527237,524.150390625
225,1775363867.8733327,forward,0.08402815274894238,11161.35498046875
225,1775363868.0546203,backward,0.18109816126525402,524.150390625
225,1775363868.057343,optimizer,0.002196885645389557,524.150390625
226,1775363868.1445782,forward,0.08394786156713963,11161.35498046875
226,1775363868.32595,backward,0.181174261495471,524.150390625
226,1775363868.328663,optimizer,0.0021937433630228043,524.150390625
227,1775363868.4158318,forward,0.0839084517210722,11161.35498046875
227,1775363868.5971372,backward,0.18111384101212025,524.150390625
227,1775363868.599868,optimizer,0.002199161797761917,524.150390625
228,1775363868.687117,forward,0.0839508231729269,11161.35498046875
228,1775363868.8684828,backward,0.18116958625614643,524.150390625
228,1775363868.871216,optimizer,0.002209104597568512,524.150390625
229,1775363868.9588861,forward,0.08387506008148193,11161.35498046875
229,1775363869.140219,backward,0.1811373084783554,524.150390625
229,1775363869.14293,optimizer,0.0021892040967941284,524.150390625
230,1775363869.2302516,forward,0.0840002316981554,11161.35498046875
230,1775363869.4116514,backward,0.18120254017412663,524.150390625
230,1775363869.4143727,optimizer,0.002194611355662346,524.150390625
231,1775363869.5020382,forward,0.08397783897817135,11161.35498046875
231,1775363869.6834698,backward,0.18123959936201572,524.150390625
231,1775363869.686197,optimizer,0.0021874811500310898,524.150390625
232,1775363869.7734473,forward,0.08397054113447666,11161.35498046875
232,1775363869.9548318,backward,0.18117534928023815,524.150390625
232,1775363869.9575562,optimizer,0.00219852477312088,524.150390625
233,1775363870.04479,forward,0.08393781259655952,11161.35498046875
233,1775363870.2259982,backward,0.18101290799677372,524.150390625
233,1775363870.2287338,optimizer,0.0022093914449214935,524.150390625
234,1775363870.3159118,forward,0.08393995091319084,11161.35498046875
234,1775363870.49724,backward,0.1811406072229147,524.150390625
234,1775363870.4999816,optimizer,0.0022020619362592697,524.150390625
235,1775363870.5873804,forward,0.08399329148232937,11161.35498046875
235,1775363870.7687845,backward,0.1812115404754877,524.150390625
235,1775363870.7714949,optimizer,0.002186611294746399,524.150390625
236,1775363870.8590512,forward,0.08387402817606926,11161.35498046875
236,1775363871.0405023,backward,0.18126230128109455,524.150390625
236,1775363871.043229,optimizer,0.0022018030285835266,524.150390625
237,1775363871.13051,forward,0.08400660380721092,11161.35498046875
237,1775363871.3119152,backward,0.1812118925154209,524.150390625
237,1775363871.3146255,optimizer,0.0021989140659570694,524.150390625
238,1775363871.4022222,forward,0.08394583873450756,11161.35498046875
238,1775363871.583499,backward,0.18108643032610416,524.150390625
238,1775363871.586223,optimizer,0.0021962951868772507,524.150390625
239,1775363871.673418,forward,0.08390158042311668,11161.35498046875
239,1775363871.8554344,backward,0.18174586072564125,524.150390625
239,1775363871.8581903,optimizer,0.00223495252430439,524.150390625
240,1775363871.9454787,forward,0.08399315364658833,11161.35498046875
240,1775363872.126746,backward,0.1810782589018345,524.150390625
240,1775363872.1294878,optimizer,0.0022052135318517685,524.150390625
241,1775363872.2216916,forward,0.08396868221461773,11161.35498046875
241,1775363872.402959,backward,0.1810794100165367,524.150390625
241,1775363872.405704,optimizer,0.002198442816734314,524.150390625
242,1775363872.4929001,forward,0.08391701057553291,11161.35498046875
242,1775363872.6741664,backward,0.18107226863503456,524.150390625
242,1775363872.6768868,optimizer,0.0022048745304346085,524.150390625
243,1775363872.7640886,forward,0.08391964994370937,11161.35498046875
243,1775363872.9455197,backward,0.18123589269816875,524.150390625
243,1775363872.9482477,optimizer,0.002208152785897255,524.150390625
244,1775363873.0353515,forward,0.08390725962817669,11161.35498046875
244,1775363873.2167695,backward,0.181227283552289,524.150390625
244,1775363873.219504,optimizer,0.002209033817052841,524.150390625
245,1775363873.3068051,forward,0.08402689173817635,11161.35498046875
245,1775363873.4881442,backward,0.18115109205245972,524.150390625
245,1775363873.4908807,optimizer,0.0022168029099702835,524.150390625
246,1775363873.5783286,forward,0.08388499915599823,11161.35498046875
246,1775363873.7596893,backward,0.18117091059684753,524.150390625
246,1775363873.7624235,optimizer,0.0022113043814897537,524.150390625
247,1775363873.8496683,forward,0.08396444097161293,11161.35498046875
247,1775363874.0309331,backward,0.1810704693198204,524.150390625
247,1775363874.033693,optimizer,0.002220410853624344,524.150390625
248,1775363874.1213183,forward,0.08395963162183762,11161.35498046875
248,1775363874.3026087,backward,0.18109692819416523,524.150390625
248,1775363874.3053253,optimizer,0.002195039764046669,524.150390625
249,1775363874.3925319,forward,0.08390395157039165,11161.35498046875
249,1775363874.5739708,backward,0.1812467724084854,524.150390625
249,1775363874.5767126,optimizer,0.0022181030362844467,524.150390625
250,1775363874.6640604,forward,0.08396720886230469,11161.35498046875
250,1775363874.8454895,backward,0.18123435974121094,524.150390625
250,1775363874.8482313,optimizer,0.0022126026451587677,524.150390625
251,1775363874.9357805,forward,0.08395646139979362,11161.35498046875
251,1775363875.1169503,backward,0.18097860924899578,524.150390625
251,1775363875.1197174,optimizer,0.002238582819700241,524.150390625
252,1775363875.2070558,forward,0.08405135944485664,11161.35498046875
252,1775363875.388486,backward,0.181235671043396,524.150390625
252,1775363875.391239,optimizer,0.0022262632846832275,524.150390625
253,1775363875.4787815,forward,0.083970932289958,11161.35498046875
253,1775363875.6603134,backward,0.1812640018761158,524.150390625
253,1775363875.6631758,optimizer,0.0023374147713184357,524.150390625
254,1775363875.7506442,forward,0.08402058109641075,11161.35498046875
254,1775363875.9320233,backward,0.18119113333523273,524.150390625
254,1775363875.9347842,optimizer,0.002208281308412552,524.150390625
255,1775363876.0220678,forward,0.08399510942399502,11161.35498046875
255,1775363876.2034516,backward,0.18116838857531548,524.150390625
255,1775363876.2061796,optimizer,0.0022109318524599075,524.150390625
256,1775363876.293444,forward,0.08396346122026443,11161.35498046875
256,1775363876.474703,backward,0.1810563001781702,524.150390625
256,1775363876.477425,optimizer,0.002204274758696556,524.150390625
257,1775363876.5646653,forward,0.08395629189908504,11161.35498046875
257,1775363876.746048,backward,0.18118233047425747,524.150390625
257,1775363876.748768,optimizer,0.002206943929195404,524.150390625
258,1775363876.836312,forward,0.08389397896826267,11161.35498046875
258,1775363877.017629,backward,0.18112312071025372,524.150390625
258,1775363877.0203574,optimizer,0.002203831449151039,524.150390625
259,1775363877.1076741,forward,0.08404059149324894,11161.35498046875
259,1775363877.2889502,backward,0.18107815086841583,524.150390625
259,1775363877.2916987,optimizer,0.002214983105659485,524.150390625
260,1775363877.3793511,forward,0.08396312035620213,11161.35498046875
260,1775363877.5607789,backward,0.18123096972703934,524.150390625
260,1775363877.5635242,optimizer,0.0022129155695438385,524.150390625
261,1775363877.6509016,forward,0.08400272391736507,11161.35498046875
261,1775363877.832224,backward,0.1811248604208231,524.150390625
261,1775363877.8349614,optimizer,0.0022126156836748123,524.150390625
262,1775363877.922377,forward,0.08395591005682945,11161.35498046875
262,1775363878.103747,backward,0.181179728358984,524.150390625
262,1775363878.1065092,optimizer,0.00221051461994648,524.150390625
263,1775363878.193738,forward,0.08393310196697712,11161.35498046875
263,1775363878.3749483,backward,0.1810244880616665,524.150390625
263,1775363878.3776886,optimizer,0.002212284132838249,524.150390625
264,1775363878.464983,forward,0.08403980173170567,11161.35498046875
264,1775363878.6462896,backward,0.18110883980989456,524.150390625
264,1775363878.649008,optimizer,0.0022042151540517807,524.150390625
265,1775363878.7364442,forward,0.08387074060738087,11161.35498046875
265,1775363878.9177847,backward,0.1811527106910944,524.150390625
265,1775363878.9205122,optimizer,0.002207783982157707,524.150390625
266,1775363879.0081248,forward,0.08394949324429035,11161.35498046875
266,1775363879.1895387,backward,0.18120091035962105,524.150390625
266,1775363879.192281,optimizer,0.0022076331079006195,524.150390625
267,1775363879.2799304,forward,0.08396727964282036,11161.35498046875
267,1775363879.4614806,backward,0.1812924835830927,524.150390625
267,1775363879.4642658,optimizer,0.002250663936138153,524.150390625
268,1775363879.5515327,forward,0.0839153602719307,11161.35498046875
268,1775363879.7328491,backward,0.18111694045364857,524.150390625
268,1775363879.7355876,optimizer,0.0022202618420124054,524.150390625
269,1775363879.8227339,forward,0.08391890116035938,11161.35498046875
269,1775363880.0039926,backward,0.18107220903038979,524.150390625
269,1775363880.006707,optimizer,0.0022088326513767242,524.150390625
270,1775363880.0942585,forward,0.08392579294741154,11161.35498046875
270,1775363880.275498,backward,0.18105342984199524,524.150390625
270,1775363880.2782164,optimizer,0.002203073352575302,524.150390625
271,1775363880.3655343,forward,0.08402484096586704,11161.35498046875
271,1775363880.5469913,backward,0.18125909194350243,524.150390625
271,1775363880.5497115,optimizer,0.002206321805715561,524.150390625
272,1775363880.6372085,forward,0.08395505882799625,11161.35498046875
272,1775363880.8186967,backward,0.18129979260265827,524.150390625
272,1775363880.8214226,optimizer,0.002197783440351486,524.150390625
273,1775363880.9086814,forward,0.08397443033754826,11161.35498046875
273,1775363881.0900393,backward,0.18116383254528046,524.150390625
273,1775363881.0927775,optimizer,0.0022154804319143295,524.150390625
274,1775363881.179976,forward,0.08391080237925053,11161.35498046875
274,1775363881.36137,backward,0.18119144067168236,524.150390625
274,1775363881.364139,optimizer,0.0021932553499937057,524.150390625
275,1775363881.4514291,forward,0.08392070978879929,11161.35498046875
275,1775363881.63269,backward,0.18106799758970737,524.150390625
275,1775363881.6354337,optimizer,0.002214903011918068,524.150390625
276,1775363881.7226887,forward,0.08398456312716007,11161.35498046875
276,1775363881.9040048,backward,0.1811284702271223,524.150390625
276,1775363881.9067204,optimizer,0.00218169204890728,524.150390625
277,1775363881.9942536,forward,0.08389290049672127,11161.35498046875
277,1775363882.1756463,backward,0.18119356222450733,524.150390625
277,1775363882.1783667,optimizer,0.002195224165916443,524.150390625
278,1775363882.2656558,forward,0.08400501310825348,11161.35498046875
278,1775363882.446971,backward,0.1811191700398922,524.150390625
278,1775363882.4496837,optimizer,0.002188602462410927,524.150390625
279,1775363882.5372179,forward,0.08395040221512318,11161.35498046875
279,1775363882.7187195,backward,0.18130983226001263,524.150390625
279,1775363882.721452,optimizer,0.002200990915298462,524.150390625
280,1775363882.808702,forward,0.0839670691639185,11161.35498046875
280,1775363882.990031,backward,0.18113183975219727,524.150390625
280,1775363882.9927456,optimizer,0.002187684178352356,524.150390625
281,1775363883.0800366,forward,0.0839760098606348,11161.35498046875
281,1775363883.2614486,backward,0.18121523223817348,524.150390625
281,1775363883.264183,optimizer,0.0021898113191127777,524.150390625
282,1775363883.3514092,forward,0.08395100012421608,11161.35498046875
282,1775363883.532673,backward,0.18107441999018192,524.150390625
282,1775363883.5354142,optimizer,0.0022207237780094147,524.150390625
283,1775363883.6227233,forward,0.0839941930025816,11161.35498046875
283,1775363883.804095,backward,0.18118039891123772,524.150390625
283,1775363883.8068233,optimizer,0.002207202836871147,524.150390625
284,1775363883.8945127,forward,0.08391110971570015,11161.35498046875
284,1775363884.0758512,backward,0.1811392791569233,524.150390625
284,1775363884.0785534,optimizer,0.0021862853318452835,524.150390625
285,1775363884.1659207,forward,0.08408570103347301,11161.35498046875
285,1775363884.347261,backward,0.18114949204027653,524.150390625
285,1775363884.3506267,optimizer,0.002699831500649452,524.150390625
286,1775363884.4383826,forward,0.0840184185653925,11161.35498046875
286,1775363884.6198418,backward,0.1812706831842661,524.150390625
286,1775363884.6225684,optimizer,0.0021971631795167923,524.150390625
287,1775363884.7099602,forward,0.08395433984696865,11161.35498046875
287,1775363884.8913674,backward,0.18121944181621075,524.150390625
287,1775363884.894093,optimizer,0.0022012926638126373,524.150390625
288,1775363884.9813843,forward,0.08401473239064217,11161.35498046875
288,1775363885.1628022,backward,0.18122031912207603,524.150390625
288,1775363885.1655362,optimizer,0.002218291163444519,524.150390625
289,1775363885.2530441,forward,0.08389181271195412,11161.35498046875
289,1775363885.4343224,backward,0.1810844298452139,524.150390625
289,1775363885.4370415,optimizer,0.002194032073020935,524.150390625
290,1775363885.5243573,forward,0.08402636274695396,11161.35498046875
290,1775363885.7057703,backward,0.1812232006341219,524.150390625
290,1775363885.7085023,optimizer,0.0022041350603103638,524.150390625
291,1775363885.7960556,forward,0.0839590635150671,11161.35498046875
291,1775363885.9774582,backward,0.18120137974619865,524.150390625
291,1775363885.980195,optimizer,0.0022041648626327515,524.150390625
292,1775363886.0675728,forward,0.08406926319003105,11161.35498046875
292,1775363886.2488673,backward,0.18108857981860638,524.150390625
292,1775363886.2515998,optimizer,0.0022101160138845444,524.150390625
293,1775363886.3388033,forward,0.08393448032438755,11161.35498046875
293,1775363886.520242,backward,0.18122563138604164,524.150390625
293,1775363886.523,optimizer,0.0022373218089342117,524.150390625
294,1775363886.610188,forward,0.08393068052828312,11161.35498046875
294,1775363886.7915266,backward,0.18115285970270634,524.150390625
294,1775363886.794258,optimizer,0.002205073833465576,524.150390625
295,1775363886.8816633,forward,0.08399797976016998,11161.35498046875
295,1775363887.0629613,backward,0.18110330030322075,524.150390625
295,1775363887.065691,optimizer,0.002206411212682724,524.150390625
296,1775363887.1533475,forward,0.08391511254012585,11161.35498046875
296,1775363887.3347003,backward,0.18115197122097015,524.150390625
296,1775363887.3374329,optimizer,0.002199161797761917,524.150390625
297,1775363887.4247272,forward,0.08404081128537655,11161.35498046875
297,1775363887.60611,backward,0.18118449114263058,524.150390625
297,1775363887.6088479,optimizer,0.002211073413491249,524.150390625
298,1775363887.6963115,forward,0.08389548026025295,11161.35498046875
298,1775363887.87762,backward,0.18111350014805794,524.150390625
298,1775363887.8803525,optimizer,0.002207152545452118,524.150390625
299,1775363887.9676256,forward,0.08398331888020039,11161.35498046875
299,1775363888.1490345,backward,0.18122129887342453,524.150390625
299,1775363888.1517632,optimizer,0.0021958239376544952,524.150390625
300,1775363888.2390451,forward,0.08396964892745018,11161.35498046875
300,1775363888.420349,backward,0.18111670017242432,524.150390625
300,1775363888.4230957,optimizer,0.002215556800365448,524.150390625
301,1775363888.5102708,forward,0.08390916883945465,11161.35498046875
301,1775363888.6915126,backward,0.1810439694672823,524.150390625
301,1775363888.694234,optimizer,0.0022019334137439728,524.150390625
302,1775363888.7815557,forward,0.08399898186326027,11161.35498046875
302,1775363888.9628596,backward,0.18110759928822517,524.150390625
302,1775363888.9655824,optimizer,0.002195911481976509,524.150390625
303,1775363889.053201,forward,0.08393547870218754,11161.35498046875
303,1775363889.2345476,backward,0.18114903941750526,524.150390625
303,1775363889.237279,optimizer,0.002207202836871147,524.150390625
304,1775363889.3246274,forward,0.08407894149422646,11161.35498046875
304,1775363889.5064223,backward,0.1815787460654974,524.150390625
304,1775363889.509174,optimizer,0.002213992178440094,524.150390625
305,1775363889.5966973,forward,0.08392194099724293,11161.35498046875
305,1775363889.7781126,backward,0.18122033029794693,524.150390625
305,1775363889.7808592,optimizer,0.0022192317992448807,524.150390625
306,1775363889.8680358,forward,0.0839092992246151,11161.35498046875
306,1775363890.049367,backward,0.18114032037556171,524.150390625
306,1775363890.0521026,optimizer,0.0021957121789455414,524.150390625
307,1775363890.1393473,forward,0.08395539969205856,11161.35498046875
307,1775363890.3207862,backward,0.18124696239829063,524.150390625
307,1775363890.3235283,optimizer,0.002206103876233101,524.150390625
308,1775363890.4111235,forward,0.08398319222033024,11161.35498046875
308,1775363890.5924501,backward,0.18112477101385593,524.150390625
308,1775363890.595171,optimizer,0.002194274216890335,524.150390625
309,1775363890.6824527,forward,0.08399597182869911,11161.35498046875
309,1775363890.8639007,backward,0.18125202506780624,524.150390625
309,1775363890.8666306,optimizer,0.0021916143596172333,524.150390625
310,1775363890.9542391,forward,0.08395809307694435,11161.35498046875
310,1775363891.1355555,backward,0.18112292885780334,524.150390625
310,1775363891.1382947,optimizer,0.002202443778514862,524.150390625
311,1775363891.2255015,forward,0.0839823093265295,11161.35498046875
311,1775363891.4068542,backward,0.18114731088280678,524.150390625
311,1775363891.4095895,optimizer,0.0022062230855226517,524.150390625
312,1775363891.4968433,forward,0.08394650183618069,11161.35498046875
312,1775363891.678157,backward,0.18112398125231266,524.150390625
312,1775363891.6808882,optimizer,0.0022000037133693695,524.150390625
313,1775363891.7681692,forward,0.08399241045117378,11161.35498046875
313,1775363891.9494932,backward,0.181125920265913,524.150390625
313,1775363891.9522238,optimizer,0.00219736248254776,524.150390625
314,1775363892.039502,forward,0.08398970030248165,11161.35498046875
314,1775363892.2208078,backward,0.18110477924346924,524.150390625
314,1775363892.2235465,optimizer,0.002202855423092842,524.150390625
315,1775363892.3111045,forward,0.08387690037488937,11161.35498046875
315,1775363892.492499,backward,0.1811970118433237,524.150390625
315,1775363892.495289,optimizer,0.0022608544677495956,524.150390625
316,1775363892.5825863,forward,0.08399907127022743,11161.35498046875
316,1775363892.763978,backward,0.1811951883137226,524.150390625
316,1775363892.7667105,optimizer,0.00220385380089283,524.150390625
317,1775363892.8542018,forward,0.08392881229519844,11161.35498046875
317,1775363893.0357032,backward,0.18130244314670563,524.150390625
317,1775363893.038432,optimizer,0.002209153026342392,524.150390625
318,1775363893.1257486,forward,0.08397895283997059,11161.35498046875
318,1775363893.3071032,backward,0.1811454277485609,524.150390625
318,1775363893.3098788,optimizer,0.0022113844752311707,524.150390625
319,1775363893.39717,forward,0.084005331620574,11161.35498046875
319,1775363893.578547,backward,0.18117307871580124,524.150390625
319,1775363893.5812783,optimizer,0.002204515039920807,524.150390625
320,1775363893.6684813,forward,0.08392323926091194,11161.35498046875
320,1775363893.8497567,backward,0.18108460865914822,524.150390625
320,1775363893.85249,optimizer,0.002200411632657051,524.150390625
321,1775363893.9398663,forward,0.08398015052080154,11161.35498046875
321,1775363894.121175,backward,0.18110856972634792,524.150390625
321,1775363894.1239235,optimizer,0.0021905433386564255,524.150390625
322,1775363894.2148376,forward,0.08392295986413956,11161.35498046875
322,1775363894.3962314,backward,0.18119853921234608,524.150390625
322,1775363894.3994055,optimizer,0.002301344648003578,524.150390625
323,1775363894.486864,forward,0.08406881988048553,11161.35498046875
323,1775363894.6683996,backward,0.1813391037285328,524.150390625
323,1775363894.6711373,optimizer,0.002209573984146118,524.150390625
324,1775363894.7584229,forward,0.08398724906146526,11161.35498046875
324,1775363894.9397428,backward,0.18112752959132195,524.150390625
324,1775363894.9424894,optimizer,0.0022145044058561325,524.150390625
325,1775363895.030112,forward,0.08394443988800049,11161.35498046875
325,1775363895.2114286,backward,0.1811174489557743,524.150390625
325,1775363895.2141566,optimizer,0.002204371616244316,524.150390625
326,1775363895.3014758,forward,0.08402272313833237,11161.35498046875
326,1775363895.4827626,backward,0.18107558973133564,524.150390625
326,1775363895.485503,optimizer,0.0022196434438228607,524.150390625
327,1775363895.5730617,forward,0.08388051204383373,11161.35498046875
327,1775363895.7545023,backward,0.1812440026551485,524.150390625
327,1775363895.7572393,optimizer,0.002211201936006546,524.150390625
328,1775363895.8444905,forward,0.08396254107356071,11161.35498046875
328,1775363896.0258543,backward,0.18116828054189682,524.150390625
328,1775363896.0286078,optimizer,0.002208063378930092,524.150390625
329,1775363896.1158571,forward,0.08395116962492466,11161.35498046875
329,1775363896.297282,backward,0.18122369050979614,524.150390625
329,1775363896.3000276,optimizer,0.0022072233259677887,524.150390625
330,1775363896.3872206,forward,0.08390047959983349,11161.35498046875
330,1775363896.5685985,backward,0.18118725903332233,524.150390625
330,1775363896.5713274,optimizer,0.002202684059739113,524.150390625
331,1775363896.6586027,forward,0.08397748321294785,11161.35498046875
331,1775363896.839943,backward,0.18114692904055119,524.150390625
331,1775363896.8426862,optimizer,0.002219483256340027,524.150390625
332,1775363896.9303854,forward,0.08391431905329227,11161.35498046875
332,1775363897.1117506,backward,0.1811653021723032,524.150390625
332,1775363897.1144798,optimizer,0.002204863354563713,524.150390625
333,1775363897.2017646,forward,0.08400316163897514,11161.35498046875
333,1775363897.3831608,backward,0.1812033113092184,524.150390625
333,1775363897.3859172,optimizer,0.002209773287177086,524.150390625
334,1775363897.4734383,forward,0.08396728150546551,11161.35498046875
334,1775363897.6549168,backward,0.1812793929129839,524.150390625
334,1775363897.6576693,optimizer,0.002218453213572502,524.150390625
335,1775363897.744959,forward,0.08399643190205097,11161.35498046875
335,1775363897.926343,backward,0.18119491077959538,524.150390625
335,1775363897.929086,optimizer,0.002209613099694252,524.150390625
336,1775363898.0163221,forward,0.0839976817369461,11161.35498046875
336,1775363898.1977386,backward,0.18122139014303684,524.150390625
336,1775363898.2004862,optimizer,0.002210073173046112,524.150390625
337,1775363898.287808,forward,0.08392520807683468,11161.35498046875
337,1775363898.4693053,backward,0.18131047300994396,524.150390625
337,1775363898.4720328,optimizer,0.0022027231752872467,524.150390625
338,1775363898.5593202,forward,0.08402177132666111,11161.35498046875
338,1775363898.740699,backward,0.18118342943489552,524.150390625
338,1775363898.7434602,optimizer,0.002239793539047241,524.150390625
339,1775363898.8310459,forward,0.08390774019062519,11161.35498046875
339,1775363899.012486,backward,0.18124611116945744,524.150390625
339,1775363899.0152483,optimizer,0.002223717048764229,524.150390625
340,1775363899.1025229,forward,0.08402940258383751,11161.35498046875
340,1775363899.283956,backward,0.18123186938464642,524.150390625
340,1775363899.2868588,optimizer,0.002320496365427971,524.150390625
341,1775363899.374738,forward,0.08405190519988537,11161.35498046875
341,1775363899.5561287,backward,0.18119699135422707,524.150390625
341,1775363899.5588665,optimizer,0.002208184450864792,524.150390625
342,1775363899.6461196,forward,0.08396954275667667,11161.35498046875
342,1775363899.8274915,backward,0.18117862939834595,524.150390625
342,1775363899.8302457,optimizer,0.0022104717791080475,524.150390625
343,1775363899.917554,forward,0.08403001166880131,11161.35498046875
343,1775363900.0988579,backward,0.18111024051904678,524.150390625
343,1775363900.1016066,optimizer,0.0022167041897773743,524.150390625
344,1775363900.18914,forward,0.0839023906737566,11161.35498046875
344,1775363900.3703613,backward,0.18102730810642242,524.150390625
344,1775363900.3731039,optimizer,0.002210943028330803,524.150390625
345,1775363900.460438,forward,0.0840743537992239,11161.35498046875
345,1775363900.6417937,backward,0.1811528205871582,524.150390625
345,1775363900.644514,optimizer,0.0022026430815458298,524.150390625
346,1775363900.7321157,forward,0.08393153175711632,11161.35498046875
346,1775363900.9134696,backward,0.18116258084774017,524.150390625
346,1775363900.9162138,optimizer,0.0022150110453367233,524.150390625
347,1775363901.0039356,forward,0.08398325182497501,11161.35498046875
347,1775363901.1853082,backward,0.1811817716807127,524.150390625
347,1775363901.188043,optimizer,0.0022040139883756638,524.150390625
348,1775363901.27529,forward,0.0839779507368803,11161.35498046875
348,1775363901.4567285,backward,0.18124723061919212,524.150390625
348,1775363901.4594898,optimizer,0.002221023663878441,524.150390625
349,1775363901.5468252,forward,0.08389130979776382,11161.35498046875
349,1775363901.7282913,backward,0.18128012493252754,524.150390625
349,1775363901.73104,optimizer,0.002221284434199333,524.150390625
350,1775363901.8183122,forward,0.08404219895601273,11161.35498046875
350,1775363901.9995992,backward,0.18109361827373505,524.150390625
350,1775363902.0023315,optimizer,0.002205612137913704,524.150390625
351,1775363902.0899785,forward,0.08397113904356956,11161.35498046875
351,1775363902.2713149,backward,0.1811411790549755,524.150390625
351,1775363902.2740805,optimizer,0.0022210627794265747,524.150390625
352,1775363902.3613493,forward,0.08401411958038807,11161.35498046875
352,1775363902.542672,backward,0.18112053908407688,524.150390625
352,1775363902.5454254,optimizer,0.0022171251475811005,524.150390625
353,1775363902.6327956,forward,0.08398291282355785,11161.35498046875
353,1775363902.8141735,backward,0.18117981031537056,524.150390625
353,1775363902.8168976,optimizer,0.0022001639008522034,524.150390625
354,1775363902.9043112,forward,0.0839115995913744,11161.35498046875
354,1775363903.0857244,backward,0.18121835216879845,524.150390625
354,1775363903.0884805,optimizer,0.0022162441164255142,524.150390625
355,1775363903.1758525,forward,0.08399799279868603,11161.35498046875
355,1775363903.3572466,backward,0.1811993010342121,524.150390625
355,1775363903.3599832,optimizer,0.0021990537643432617,524.150390625
356,1775363903.447551,forward,0.083918871358037,11161.35498046875
356,1775363903.6288602,backward,0.18111889250576496,524.150390625
356,1775363903.6316059,optimizer,0.002210855484008789,524.150390625
357,1775363903.7189903,forward,0.083978820592165,11161.35498046875
357,1775363903.9004002,backward,0.18119863979518414,524.150390625
357,1775363903.9031436,optimizer,0.0022149421274662018,524.150390625
358,1775363903.9907415,forward,0.08393670059740543,11161.35498046875
358,1775363904.1720674,backward,0.18113587982952595,524.150390625
358,1775363904.1747832,optimizer,0.002191273495554924,524.150390625
359,1775363904.26213,forward,0.08405153267085552,11161.35498046875
359,1775363904.4437335,backward,0.18135010451078415,524.150390625
359,1775363904.4465184,optimizer,0.0022448133677244186,524.150390625
360,1775363904.5340037,forward,0.0840116310864687,11161.35498046875
360,1775363904.7153902,backward,0.18117865175008774,524.150390625
360,1775363904.7181144,optimizer,0.0021917521953582764,524.150390625
361,1775363904.8054109,forward,0.08394513092935085,11161.35498046875
361,1775363904.98679,backward,0.18118276447057724,524.150390625
361,1775363904.9895396,optimizer,0.0022018253803253174,524.150390625
362,1775363905.0768504,forward,0.08401821181178093,11161.35498046875
362,1775363905.2581565,backward,0.18111053109169006,524.150390625
362,1775363905.2609382,optimizer,0.002251904457807541,524.150390625
363,1775363905.3486657,forward,0.0839802622795105,11161.35498046875
363,1775363905.5299923,backward,0.18113049864768982,524.150390625
363,1775363905.5327263,optimizer,0.002200603485107422,524.150390625
364,1775363905.6199946,forward,0.08403661288321018,11161.35498046875
364,1775363905.8014345,backward,0.18125072494149208,524.150390625
364,1775363905.8041613,optimizer,0.0021916721016168594,524.150390625
365,1775363905.8918297,forward,0.08396540209650993,11161.35498046875
365,1775363906.0731487,backward,0.18112238124012947,524.150390625
365,1775363906.075883,optimizer,0.0022007115185260773,524.150390625
366,1775363906.1631277,forward,0.08393853344023228,11161.35498046875
366,1775363906.3445013,backward,0.18117387033998966,524.150390625
366,1775363906.347259,optimizer,0.0022158436477184296,524.150390625
367,1775363906.4345505,forward,0.08401129208505154,11161.35498046875
367,1775363906.6158895,backward,0.18113873153924942,524.150390625
367,1775363906.618625,optimizer,0.002207525074481964,524.150390625
368,1775363906.7062082,forward,0.08393852785229683,11161.35498046875
368,1775363906.8875246,backward,0.18112177960574627,524.150390625
368,1775363906.8902674,optimizer,0.0022106431424617767,524.150390625
369,1775363906.9776103,forward,0.08402694389224052,11161.35498046875
369,1775363907.1589005,backward,0.1810909491032362,524.150390625
369,1775363907.1616323,optimizer,0.002203742042183876,524.150390625
370,1775363907.2491434,forward,0.08394035138189793,11161.35498046875
370,1775363907.430512,backward,0.18117158114910126,524.150390625
370,1775363907.4332416,optimizer,0.002203911542892456,524.150390625
371,1775363907.5205433,forward,0.08399702049791813,11161.35498046875
371,1775363907.7018461,backward,0.1811089999973774,524.150390625
371,1775363907.7045813,optimizer,0.0022034943103790283,524.150390625
372,1775363907.7918715,forward,0.08399419859051704,11161.35498046875
372,1775363907.9732683,backward,0.1811897326260805,524.150390625
372,1775363907.9759903,optimizer,0.0021941345185041428,524.150390625
373,1775363908.0631907,forward,0.08392133936285973,11161.35498046875
373,1775363908.244599,backward,0.18118064105510712,524.150390625
373,1775363908.2473433,optimizer,0.00220351479947567,524.150390625
374,1775363908.3345942,forward,0.08397464081645012,11161.35498046875
374,1775363908.5158606,backward,0.18107617646455765,524.150390625
374,1775363908.5185912,optimizer,0.0022015441209077835,524.150390625
375,1775363908.610361,forward,0.08394932001829147,11161.35498046875
375,1775363908.7917216,backward,0.18116756156086922,524.150390625
375,1775363908.7944367,optimizer,0.002186903730034828,524.150390625
376,1775363908.88171,forward,0.08390652015805244,11161.35498046875
376,1775363909.0632005,backward,0.18129320442676544,524.150390625
376,1775363909.0659368,optimizer,0.002197152003645897,524.150390625
377,1775363909.1532185,forward,0.08401584066450596,11161.35498046875
377,1775363909.3345706,backward,0.18116440996527672,524.150390625
377,1775363909.337314,optimizer,0.0021977126598358154,524.150390625
378,1775363909.4248855,forward,0.08396121114492416,11161.35498046875
378,1775363909.6062765,backward,0.1811926607042551,524.150390625
378,1775363909.6090178,optimizer,0.0022102035582065582,524.150390625
379,1775363909.6963286,forward,0.0840152446180582,11161.35498046875
379,1775363909.877748,backward,0.18121834844350815,524.150390625
379,1775363909.8804798,optimizer,0.002198411151766777,524.150390625
380,1775363909.9680383,forward,0.0839554313570261,11161.35498046875
380,1775363910.1493719,backward,0.18114669993519783,524.150390625
380,1775363910.1521099,optimizer,0.0022019241005182266,524.150390625
381,1775363910.239413,forward,0.08400286175310612,11161.35498046875
381,1775363910.420773,backward,0.18116660974919796,524.150390625
381,1775363910.4235132,optimizer,0.0022102240473031998,524.150390625
382,1775363910.5107303,forward,0.08393154293298721,11161.35498046875
382,1775363910.692011,backward,0.18108283914625645,524.150390625
382,1775363910.694781,optimizer,0.002199184149503708,524.150390625
383,1775363910.782056,forward,0.0839789118617773,11161.35498046875
383,1775363910.963699,backward,0.18136760406196117,524.150390625
383,1775363910.9665377,optimizer,0.0022859759628772736,524.150390625
384,1775363911.0539923,forward,0.08402357064187527,11161.35498046875
384,1775363911.235372,backward,0.18118409998714924,524.150390625
384,1775363911.238114,optimizer,0.002198023721575737,524.150390625
385,1775363911.3257842,forward,0.0838986188173294,11161.35498046875
385,1775363911.5070648,backward,0.18108520843088627,524.150390625
385,1775363911.5098145,optimizer,0.0022169146686792374,524.150390625
386,1775363911.597101,forward,0.08406252413988113,11161.35498046875
386,1775363911.7784684,backward,0.1811678521335125,524.150390625
386,1775363911.7812173,optimizer,0.0022100117057561874,524.150390625
387,1775363911.8690698,forward,0.08398919180035591,11161.35498046875
387,1775363912.0505953,backward,0.1813304927200079,524.150390625
387,1775363912.0533352,optimizer,0.0022024959325790405,524.150390625
388,1775363912.1406019,forward,0.08397231064736843,11161.35498046875
388,1775363912.3221464,backward,0.18134650401771069,524.150390625
388,1775363912.324914,optimizer,0.002226002514362335,524.150390625
389,1775363912.4121313,forward,0.08398076146841049,11161.35498046875
389,1775363912.59348,backward,0.18115767277777195,524.150390625
389,1775363912.5962157,optimizer,0.00219828262925148,524.150390625
390,1775363912.6838617,forward,0.08397187106311321,11161.35498046875
390,1775363912.8652725,backward,0.18121400848031044,524.150390625
390,1775363912.8680215,optimizer,0.0022046733647584915,524.150390625
391,1775363912.955376,forward,0.08408171124756336,11161.35498046875
391,1775363913.1367996,backward,0.18123856000602245,524.150390625
391,1775363913.1395493,optimizer,0.002222934737801552,524.150390625
392,1775363913.2272232,forward,0.08394834026694298,11161.35498046875
392,1775363913.408625,backward,0.18120324052870274,524.150390625
392,1775363913.4113777,optimizer,0.002226952463388443,524.150390625
393,1775363913.4986892,forward,0.08396107889711857,11161.35498046875
393,1775363913.679992,backward,0.18110734969377518,524.150390625
393,1775363913.682712,optimizer,0.002199023962020874,524.150390625
394,1775363913.7700095,forward,0.0839160680770874,11161.35498046875
394,1775363913.9513702,backward,0.1811669021844864,524.150390625
394,1775363913.954126,optimizer,0.0022152047604322433,524.150390625
395,1775363914.0413737,forward,0.08396805077791214,11161.35498046875
395,1775363914.2227464,backward,0.18116269260644913,524.150390625
395,1775363914.225486,optimizer,0.0022107847034931183,524.150390625
396,1775363914.3128462,forward,0.08403715305030346,11161.35498046875
396,1775363914.4942408,backward,0.18119864165782928,524.150390625
396,1775363914.4969916,optimizer,0.0022144950926303864,524.150390625
397,1775363914.5847192,forward,0.08394058980047703,11161.35498046875
397,1775363914.7661273,backward,0.1812097392976284,524.150390625
397,1775363914.7688744,optimizer,0.002209082245826721,524.150390625
398,1775363914.856227,forward,0.08398385159671307,11161.35498046875
398,1775363915.037719,backward,0.1812965739518404,524.150390625
398,1775363915.0404668,optimizer,0.0022127926349639893,524.150390625
399,1775363915.12807,forward,0.08396277949213982,11161.35498046875
399,1775363915.3095126,backward,0.18124247156083584,524.150390625
399,1775363915.3122578,optimizer,0.002201581373810768,524.150390625
400,1775363915.399773,forward,0.0839481819421053,11161.35498046875
400,1775363915.5811749,backward,0.18120186030864716,524.150390625
400,1775363915.583928,optimizer,0.002204444259405136,524.150390625
401,1775363915.6711984,forward,0.08397952280938625,11161.35498046875
401,1775363915.8526504,backward,0.1812589205801487,524.150390625
401,1775363915.8554158,optimizer,0.002205774188041687,524.150390625
402,1775363915.9429011,forward,0.08393548056483269,11161.35498046875
402,1775363916.1243384,backward,0.1812346838414669,524.150390625
402,1775363916.127069,optimizer,0.002206621691584587,524.150390625
403,1775363916.2143798,forward,0.08405623957514763,11161.35498046875
403,1775363916.395799,backward,0.1812205109745264,524.150390625
403,1775363916.3985498,optimizer,0.00221206434071064,524.150390625
404,1775363916.4861498,forward,0.08395235985517502,11161.35498046875
404,1775363916.6676216,backward,0.18128234148025513,524.150390625
404,1775363916.670352,optimizer,0.002188613638281822,524.150390625
405,1775363916.7577682,forward,0.08404175192117691,11161.35498046875
405,1775363916.9392028,backward,0.18123513273894787,524.150390625
405,1775363916.9419317,optimizer,0.0021980907768011093,524.150390625
406,1775363917.0291545,forward,0.08393640257418156,11161.35498046875
406,1775363917.2106216,backward,0.18125683069229126,524.150390625
406,1775363917.2133524,optimizer,0.002197982743382454,524.150390625
407,1775363917.3005595,forward,0.08393490128219128,11161.35498046875
407,1775363917.482489,backward,0.18171602860093117,524.150390625
407,1775363917.485238,optimizer,0.002205612137913704,524.150390625
408,1775363917.5726812,forward,0.08402414061129093,11161.35498046875
408,1775363917.754104,backward,0.18123415112495422,524.150390625
408,1775363917.7568324,optimizer,0.002198653295636177,524.150390625
409,1775363917.8443313,forward,0.08391483314335346,11161.35498046875
409,1775363918.025803,backward,0.181274501606822,524.150390625
409,1775363918.0285313,optimizer,0.0021917447447776794,524.150390625
410,1775363918.1158676,forward,0.08403788134455681,11161.35498046875
410,1775363918.2972815,backward,0.18122167140245438,524.150390625
410,1775363918.3000245,optimizer,0.0022055041044950485,524.150390625
411,1775363918.387529,forward,0.08392502926290035,11161.35498046875
411,1775363918.5689414,backward,0.1812139805406332,524.150390625
411,1775363918.5716746,optimizer,0.0022044554352760315,524.150390625
412,1775363918.6589005,forward,0.08394471183419228,11161.35498046875
412,1775363918.840349,backward,0.18125138245522976,524.150390625
412,1775363918.8431046,optimizer,0.0022124946117401123,524.150390625
413,1775363918.9303772,forward,0.0839749127626419,11161.35498046875
413,1775363919.111786,backward,0.1812104396522045,524.150390625
413,1775363919.114521,optimizer,0.0021976232528686523,524.150390625
414,1775363919.2021463,forward,0.08397839963436127,11161.35498046875
414,1775363919.3835487,backward,0.1812102310359478,524.150390625
414,1775363919.386282,optimizer,0.0022038836032152176,524.150390625
415,1775363919.4736738,forward,0.08401184529066086,11161.35498046875
415,1775363919.6550274,backward,0.18115144036710262,524.150390625
415,1775363919.657758,optimizer,0.002201393246650696,524.150390625
416,1775363919.7453458,forward,0.08393363282084465,11161.35498046875
416,1775363919.9267685,backward,0.1812180820852518,524.150390625
416,1775363919.9294972,optimizer,0.0021979920566082,524.150390625
417,1775363920.016774,forward,0.08399766124784946,11161.35498046875
417,1775363920.198273,backward,0.18130426108837128,524.150390625
417,1775363920.2010229,optimizer,0.0022041741758584976,524.150390625
418,1775363920.288218,forward,0.0839310884475708,11161.35498046875
418,1775363920.4696486,backward,0.18124322965741158,524.150390625
418,1775363920.472406,optimizer,0.0022193025797605515,524.150390625
419,1775363920.559614,forward,0.08391264081001282,11161.35498046875
419,1775363920.740975,backward,0.18117169104516506,524.150390625
419,1775363920.743719,optimizer,0.0022074412554502487,524.150390625
420,1775363920.8310273,forward,0.08399506099522114,11161.35498046875
420,1775363921.0123873,backward,0.18116476945579052,524.150390625
420,1775363921.015149,optimizer,0.002231404185295105,524.150390625
421,1775363921.1025665,forward,0.08389934152364731,11161.35498046875
421,1775363921.283859,backward,0.1811065413057804,524.150390625
421,1775363921.2866156,optimizer,0.0022188127040863037,524.150390625
422,1775363921.3739965,forward,0.08408952131867409,11161.35498046875
422,1775363921.5553243,backward,0.18113389983773232,524.150390625
422,1775363921.558074,optimizer,0.002230605110526085,524.150390625
423,1775363921.645724,forward,0.08392399176955223,11161.35498046875
423,1775363921.8271558,backward,0.18123655952513218,524.150390625
423,1775363921.8298907,optimizer,0.002210816368460655,524.150390625
424,1775363921.9171264,forward,0.08396105282008648,11161.35498046875
424,1775363922.098536,backward,0.18122124299407005,524.150390625
424,1775363922.101261,optimizer,0.0021989718079566956,524.150390625
425,1775363922.1885438,forward,0.08399491012096405,11161.35498046875
425,1775363922.3698888,backward,0.18116006068885326,524.150390625
425,1775363922.3726327,optimizer,0.002198973670601845,524.150390625
426,1775363922.4599285,forward,0.08392447233200073,11161.35498046875
426,1775363922.6412969,backward,0.1811799816787243,524.150390625
426,1775363922.6440454,optimizer,0.0022071022540330887,524.150390625
427,1775363922.7315083,forward,0.08405380137264729,11161.35498046875
427,1775363922.9130335,backward,0.18133324198424816,524.150390625
427,1775363922.9157844,optimizer,0.002203822135925293,524.150390625
428,1775363923.0060914,forward,0.08398154191672802,11161.35498046875
428,1775363923.187519,backward,0.1812326107174158,524.150390625
428,1775363923.1902583,optimizer,0.002200514078140259,524.150390625
429,1775363923.2775736,forward,0.08394398912787437,11161.35498046875
429,1775363923.4590204,backward,0.18125459924340248,524.150390625
429,1775363923.4617748,optimizer,0.002220362424850464,524.150390625
430,1775363923.5490258,forward,0.08397424034774303,11161.35498046875
430,1775363923.7304265,backward,0.18121016956865788,524.150390625
430,1775363923.7331686,optimizer,0.0022118519991636276,524.150390625
431,1775363923.8207633,forward,0.08395618014037609,11161.35498046875
431,1775363924.002503,backward,0.18152646534144878,524.150390625
431,1775363924.005283,optimizer,0.0022391248494386673,524.150390625
432,1775363924.0926318,forward,0.08402111940085888,11161.35498046875
432,1775363924.2739146,backward,0.18109218031167984,524.150390625
432,1775363924.2766602,optimizer,0.0022080130875110626,524.150390625
433,1775363924.3642666,forward,0.08391040749847889,11161.35498046875
433,1775363924.5456905,backward,0.18122903257608414,524.150390625
433,1775363924.5484512,optimizer,0.002228831872344017,524.150390625
434,1775363924.6357448,forward,0.08395301923155785,11161.35498046875
434,1775363924.817146,backward,0.18120364099740982,524.150390625
434,1775363924.8199081,optimizer,0.002203701063990593,524.150390625
435,1775363924.9071803,forward,0.08396570198237896,11161.35498046875
435,1775363925.0885189,backward,0.18114488013088703,524.150390625
435,1775363925.0912645,optimizer,0.002211982384324074,524.150390625
436,1775363925.1784763,forward,0.08393799141049385,11161.35498046875
436,1775363925.3597176,backward,0.18104984052479267,524.150390625
436,1775363925.362463,optimizer,0.0022069718688726425,524.150390625
437,1775363925.4498353,forward,0.08399680256843567,11161.35498046875
437,1775363925.631318,backward,0.18129143118858337,524.150390625
437,1775363925.6340482,optimizer,0.0022034049034118652,524.150390625
438,1775363925.7215686,forward,0.08388091810047626,11161.35498046875
438,1775363925.9030237,backward,0.18126435205340385,524.150390625
438,1775363925.9057596,optimizer,0.002207404002547264,524.150390625
439,1775363925.9930615,forward,0.08401487208902836,11161.35498046875
439,1775363926.1744537,backward,0.1812040600925684,524.150390625
439,1775363926.1771967,optimizer,0.0022099968045949936,524.150390625
440,1775363926.2648082,forward,0.08393296040594578,11161.35498046875
440,1775363926.4462507,backward,0.18125322461128235,524.150390625
440,1775363926.4489772,optimizer,0.0021950844675302505,524.150390625
441,1775363926.5362542,forward,0.08397824317216873,11161.35498046875
441,1775363926.7177687,backward,0.1813198309391737,524.150390625
441,1775363926.720504,optimizer,0.0021839048713445663,524.150390625
442,1775363926.8077536,forward,0.08399002999067307,11161.35498046875
442,1775363926.9890144,backward,0.18107782863080502,524.150390625
442,1775363926.9917696,optimizer,0.0021935123950242996,524.150390625
443,1775363927.0794125,forward,0.08387102000415325,11161.35498046875
443,1775363927.260817,backward,0.18121341988444328,524.150390625
443,1775363927.263575,optimizer,0.002218112349510193,524.150390625
444,1775363927.3509076,forward,0.0840365719050169,11161.35498046875
444,1775363927.5322564,backward,0.18116017989814281,524.150390625
444,1775363927.5349941,optimizer,0.0022022854536771774,524.150390625
445,1775363927.6226838,forward,0.08393347077071667,11161.35498046875
445,1775363927.8040195,backward,0.18114827945828438,524.150390625
445,1775363927.8067486,optimizer,0.002188773825764656,524.150390625
446,1775363927.8942177,forward,0.0839727483689785,11161.35498046875
446,1775363928.0755568,backward,0.1811417918652296,524.150390625
446,1775363928.0783231,optimizer,0.002194352447986603,524.150390625
447,1775363928.165611,forward,0.08395615220069885,11161.35498046875
447,1775363928.3469825,backward,0.1811541523784399,524.150390625
447,1775363928.3497167,optimizer,0.0021919943392276764,524.150390625
448,1775363928.4369602,forward,0.08396093919873238,11161.35498046875
448,1775363928.6183226,backward,0.18116698041558266,524.150390625
448,1775363928.621063,optimizer,0.002199742943048477,524.150390625
449,1775363928.7084782,forward,0.08400234207510948,11161.35498046875
449,1775363928.889854,backward,0.18117420002818108,524.150390625
449,1775363928.892594,optimizer,0.0022024810314178467,524.150390625
450,1775363928.9803965,forward,0.08391625992953777,11161.35498046875
450,1775363929.16174,backward,0.18115699104964733,524.150390625
450,1775363929.1644905,optimizer,0.0022045839577913284,524.150390625
451,1775363929.2518764,forward,0.08405876345932484,11161.35498046875
451,1775363929.4332037,backward,0.18113362789154053,524.150390625
451,1775363929.4359438,optimizer,0.002209750935435295,524.150390625
452,1775363929.5234756,forward,0.08396081067621708,11161.35498046875
452,1775363929.7048724,backward,0.18120370991528034,524.150390625
452,1775363929.7076256,optimizer,0.002222824841737747,524.150390625
453,1775363929.7952957,forward,0.08395146019756794,11161.35498046875
453,1775363929.976754,backward,0.18125778064131737,524.150390625
453,1775363929.979506,optimizer,0.0022139642387628555,524.150390625
454,1775363930.0667622,forward,0.08396833017468452,11161.35498046875
454,1775363930.2481546,backward,0.18119742907583714,524.150390625
454,1775363930.251117,optimizer,0.0023535657674074173,524.150390625
455,1775363930.339095,forward,0.08393917977809906,11161.35498046875
455,1775363930.5205321,backward,0.18124152906239033,524.150390625
455,1775363930.5232902,optimizer,0.0022229310125112534,524.150390625
456,1775363930.6105962,forward,0.0840673428028822,11161.35498046875
456,1775363930.7920246,backward,0.1812376193702221,524.150390625
456,1775363930.7947612,optimizer,0.0022004619240760803,524.150390625
457,1775363930.882423,forward,0.0839796420186758,11161.35498046875
457,1775363931.0638146,backward,0.1811848320066929,524.150390625
457,1775363931.0665593,optimizer,0.0022004619240760803,524.150390625
458,1775363931.153931,forward,0.08399244956672192,11161.35498046875
458,1775363931.3353987,backward,0.18127428367733955,524.150390625
458,1775363931.3381257,optimizer,0.0021956637501716614,524.150390625
459,1775363931.425405,forward,0.0839802697300911,11161.35498046875
459,1775363931.6068702,backward,0.18126421235501766,524.150390625
459,1775363931.6096048,optimizer,0.002197304740548134,524.150390625
460,1775363931.6967866,forward,0.08391613885760307,11161.35498046875
460,1775363931.8782752,backward,0.1812999416142702,524.150390625
460,1775363931.881013,optimizer,0.002200113609433174,524.150390625
461,1775363931.9684014,forward,0.08400720171630383,11161.35498046875
461,1775363932.1498728,backward,0.18127785436809063,524.150390625
461,1775363932.1526134,optimizer,0.0022017229348421097,524.150390625
462,1775363932.240209,forward,0.08393752947449684,11161.35498046875
462,1775363932.421515,backward,0.1811082512140274,524.150390625
462,1775363932.4242706,optimizer,0.0022066738456487656,524.150390625
463,1775363932.511592,forward,0.08401373215019703,11161.35498046875
463,1775363932.6929703,backward,0.18119130097329617,524.150390625
463,1775363932.6957119,optimizer,0.002203483134508133,524.150390625
464,1775363932.783412,forward,0.08392934687435627,11161.35498046875
464,1775363932.9648182,backward,0.181213041767478,524.150390625
464,1775363932.967565,optimizer,0.00221809558570385,524.150390625
465,1775363933.0547383,forward,0.08389240875840187,11161.35498046875
465,1775363933.2361617,backward,0.18122626841068268,524.150390625
465,1775363933.23891,optimizer,0.002215525135397911,524.150390625
466,1775363933.3261814,forward,0.08399477042257786,11161.35498046875
466,1775363933.5074575,backward,0.18108225986361504,524.150390625
466,1775363933.5101871,optimizer,0.002193644642829895,524.150390625
467,1775363933.5977483,forward,0.08394435048103333,11161.35498046875
467,1775363933.7789707,backward,0.1810292974114418,524.150390625
467,1775363933.7817106,optimizer,0.002205563709139824,524.150390625
468,1775363933.8690283,forward,0.08401476219296455,11161.35498046875
468,1775363934.0503852,backward,0.1811605617403984,524.150390625
468,1775363934.0531142,optimizer,0.002209482714533806,524.150390625
469,1775363934.140849,forward,0.08395415171980858,11161.35498046875
469,1775363934.3221803,backward,0.18113911151885986,524.150390625
469,1775363934.3249323,optimizer,0.0022169332951307297,524.150390625
470,1775363934.412238,forward,0.08396581374108791,11161.35498046875
470,1775363934.5936234,backward,0.1811838001012802,524.150390625
470,1775363934.596314,optimizer,0.0022116433829069138,524.150390625
471,1775363934.6836317,forward,0.08391855098307133,11161.35498046875
471,1775363934.8649554,backward,0.18112992122769356,524.150390625
471,1775363934.8676496,optimizer,0.0022140759974718094,524.150390625
472,1775363934.9548445,forward,0.08392586000263691,11161.35498046875
472,1775363935.1363316,backward,0.18128853291273117,524.150390625
472,1775363935.1390676,optimizer,0.0022095516324043274,524.150390625
473,1775363935.2263713,forward,0.08400488086044788,11161.35498046875
473,1775363935.40782,backward,0.18125740066170692,524.150390625
473,1775363935.4105093,optimizer,0.002219961956143379,524.150390625
474,1775363935.4979587,forward,0.08391390927135944,11161.35498046875
474,1775363935.6792636,backward,0.18110834807157516,524.150390625
474,1775363935.6820111,optimizer,0.0022045914083719254,524.150390625
475,1775363935.7694626,forward,0.08407488092780113,11161.35498046875
475,1775363935.9508107,backward,0.18114356882870197,524.150390625
475,1775363935.9535513,optimizer,0.002204984426498413,524.150390625
476,1775363936.0412326,forward,0.08396079204976559,11161.35498046875
476,1775363936.2227485,backward,0.18132128193974495,524.150390625
476,1775363936.225486,optimizer,0.0022005923092365265,524.150390625
477,1775363936.3127682,forward,0.08398571237921715,11161.35498046875
477,1775363936.4942102,backward,0.1812458634376526,524.150390625
477,1775363936.4969497,optimizer,0.0021997634321451187,524.150390625
478,1775363936.5855076,forward,0.08403189107775688,11161.35498046875
478,1775363936.7669318,backward,0.18122633174061775,524.150390625
478,1775363936.769831,optimizer,0.002312745898962021,524.150390625
479,1775363936.8574824,forward,0.0839265026152134,11161.35498046875
479,1775363937.0389376,backward,0.18124780245125294,524.150390625
479,1775363937.041677,optimizer,0.002223784103989601,524.150390625
480,1775363937.4248054,forward,0.08464936167001724,11161.35498046875
480,1775363937.606619,backward,0.18155139684677124,524.150390625
480,1775363937.6098554,optimizer,0.002638520672917366,524.150390625
481,1775363937.6984177,forward,0.08428776636719704,11161.35498046875
481,1775363937.8802042,backward,0.18154773488640785,524.150390625
481,1775363937.8829744,optimizer,0.0022278036922216415,524.150390625
482,1775363937.9703748,forward,0.08409234508872032,11161.35498046875
482,1775363938.151872,backward,0.1813177615404129,524.150390625
482,1775363938.1546419,optimizer,0.002219283953309059,524.150390625
483,1775363938.2421918,forward,0.08398088254034519,11161.35498046875
483,1775363938.423657,backward,0.1812745425850153,524.150390625
483,1775363938.4264042,optimizer,0.002219622954726219,524.150390625
484,1775363938.5136657,forward,0.08397244103252888,11161.35498046875
484,1775363938.694937,backward,0.1810778398066759,524.150390625
484,1775363938.6977096,optimizer,0.0022306255996227264,524.150390625
485,1775363938.7851043,forward,0.08401660062372684,11161.35498046875
485,1775363938.966578,backward,0.18127867206931114,524.150390625
485,1775363938.9693377,optimizer,0.0022209826856851578,524.150390625
486,1775363939.0570877,forward,0.08394294045865536,11161.35498046875
486,1775363939.238431,backward,0.18114699237048626,524.150390625
486,1775363939.2411904,optimizer,0.002215621992945671,524.150390625
487,1775363939.328509,forward,0.08402662165462971,11161.35498046875
487,1775363939.5097432,backward,0.18103880807757378,524.150390625
487,1775363939.512522,optimizer,0.0022223033010959625,524.150390625
488,1775363939.6009407,forward,0.08400367200374603,11161.35498046875
488,1775363939.782195,backward,0.18105207569897175,524.150390625
488,1775363939.7849443,optimizer,0.0022057052701711655,524.150390625
489,1775363939.8722246,forward,0.08397329971194267,11161.35498046875
489,1775363940.0534284,backward,0.18101215735077858,524.150390625
489,1775363940.0561872,optimizer,0.0022172220051288605,524.150390625
490,1775363940.14347,forward,0.08400511182844639,11161.35498046875
490,1775363940.3246937,backward,0.18102632835507393,524.150390625
490,1775363940.3274581,optimizer,0.0022288840264081955,524.150390625
491,1775363940.4147565,forward,0.08393869921565056,11161.35498046875
491,1775363940.5960486,backward,0.18109463900327682,524.150390625
491,1775363940.5988145,optimizer,0.002228710800409317,524.150390625
492,1775363940.6861525,forward,0.08405246213078499,11161.35498046875
492,1775363940.867359,backward,0.18100250698626041,524.150390625
492,1775363940.8700967,optimizer,0.002203017473220825,524.150390625
493,1775363940.9577937,forward,0.08393334038555622,11161.35498046875
493,1775363941.138956,backward,0.1809662152081728,524.150390625
493,1775363941.1417038,optimizer,0.002207323908805847,524.150390625
494,1775363941.2290773,forward,0.08403247222304344,11161.35498046875
494,1775363941.4103863,backward,0.18111402913928032,524.150390625
494,1775363941.4131398,optimizer,0.00221465528011322,524.150390625
495,1775363941.5006938,forward,0.08395024947822094,11161.35498046875
495,1775363941.6817675,backward,0.1808844357728958,524.150390625
495,1775363941.684524,optimizer,0.0022186432033777237,524.150390625
496,1775363941.7717938,forward,0.0839560404419899,11161.35498046875
496,1775363941.9530063,backward,0.18101607635617256,524.150390625
496,1775363941.9557824,optimizer,0.002231905236840248,524.150390625
497,1775363942.0430717,forward,0.0839875116944313,11161.35498046875
497,1775363942.2242024,backward,0.18093813583254814,524.150390625
497,1775363942.226968,optimizer,0.0022305361926555634,524.150390625
498,1775363942.3143508,forward,0.08387702889740467,11161.35498046875
498,1775363942.4956024,backward,0.1810604389756918,524.150390625
498,1775363942.4983647,optimizer,0.0022182557731866837,524.150390625
499,1775363942.5858874,forward,0.08405495248734951,11161.35498046875
499,1775363942.767119,backward,0.18103914707899094,524.150390625
499,1775363942.7698762,optimizer,0.0022081751376390457,524.150390625
500,1775363942.8575706,forward,0.08394921943545341,11161.35498046875
500,1775363943.0386803,backward,0.1809159480035305,524.150390625
500,1775363943.0414429,optimizer,0.002221234142780304,524.150390625
501,1775363943.1287572,forward,0.08403050154447556,11161.35498046875
501,1775363943.3100646,backward,0.18111191876232624,524.150390625
501,1775363943.3128154,optimizer,0.0022151730954647064,524.150390625
502,1775363943.4003813,forward,0.08402135223150253,11161.35498046875
502,1775363943.5817096,backward,0.18113351054489613,524.150390625
502,1775363943.584477,optimizer,0.0022209007292985916,524.150390625
503,1775363943.6718009,forward,0.08394340984523296,11161.35498046875
503,1775363943.8529782,backward,0.1809813752770424,524.150390625
503,1775363943.8557355,optimizer,0.0022216830402612686,524.150390625
504,1775363943.9429977,forward,0.08397161215543747,11161.35498046875
504,1775363944.1242259,backward,0.18103328719735146,524.150390625
504,1775363944.1269922,optimizer,0.0022311117500066757,524.150390625
505,1775363944.2145412,forward,0.08392207138240337,11161.35498046875
505,1775363944.39575,backward,0.1810147576034069,524.150390625
505,1775363944.3985014,optimizer,0.0022080931812524796,524.150390625
506,1775363944.4858553,forward,0.08404736034572124,11161.35498046875
506,1775363944.6671572,backward,0.18110612966120243,524.150390625
506,1775363944.669912,optimizer,0.002217615023255348,524.150390625
507,1775363944.7575414,forward,0.08396907895803452,11161.35498046875
507,1775363944.9386322,backward,0.18087594769895077,524.150390625
507,1775363944.9413857,optimizer,0.0022175125777721405,524.150390625
508,1775363945.028714,forward,0.08402132242918015,11161.35498046875
508,1775363945.2099595,backward,0.18105297908186913,524.150390625
508,1775363945.2127287,optimizer,0.002220863476395607,524.150390625
509,1775363945.299999,forward,0.08398383110761642,11161.35498046875
509,1775363945.4815178,backward,0.18124208971858025,524.150390625
509,1775363945.4844007,optimizer,0.0023184530436992645,524.150390625
510,1775363945.571937,forward,0.08402579836547375,11161.35498046875
510,1775363945.7531135,backward,0.18097449839115143,524.150390625
510,1775363945.755915,optimizer,0.002217782661318779,524.150390625
511,1775363945.8432605,forward,0.08402938209474087,11161.35498046875
511,1775363946.024491,backward,0.1810133084654808,524.150390625
511,1775363946.027286,optimizer,0.00225224532186985,524.150390625
512,1775363946.1148252,forward,0.0838832687586546,11161.35498046875
512,1775363946.2959757,backward,0.18095017783343792,524.150390625
512,1775363946.2987473,optimizer,0.0022243037819862366,524.150390625
513,1775363946.3862286,forward,0.08408618159592152,11161.35498046875
513,1775363946.567513,backward,0.18107984028756618,524.150390625
513,1775363946.5702696,optimizer,0.0022189337760210037,524.150390625
514,1775363946.6578274,forward,0.08396386355161667,11161.35498046875
514,1775363946.8390594,backward,0.1810293309390545,524.150390625
514,1775363946.841829,optimizer,0.002226073294878006,524.150390625
515,1775363946.9293704,forward,0.08405373990535736,11161.35498046875
515,1775363947.1106226,backward,0.1810469701886177,524.150390625
515,1775363947.1133995,optimizer,0.002219654619693756,524.150390625
516,1775363947.2006733,forward,0.08400209248065948,11161.35498046875
516,1775363947.3820326,backward,0.18116576969623566,524.150390625
516,1775363947.3847988,optimizer,0.00221831351518631,524.150390625
517,1775363947.4721496,forward,0.08396677859127522,11161.35498046875
517,1775363947.653408,backward,0.18106431886553764,524.150390625
517,1775363947.6561875,optimizer,0.002227451652288437,524.150390625
518,1775363947.7435646,forward,0.08408758230507374,11161.35498046875
518,1775363947.9248102,backward,0.1810539197176695,524.150390625
518,1775363947.927587,optimizer,0.0022321343421936035,524.150390625
519,1775363948.0151246,forward,0.08395735919475555,11161.35498046875
519,1775363948.1963825,backward,0.18105951882898808,524.150390625
519,1775363948.199151,optimizer,0.002225041389465332,524.150390625
520,1775363948.2869554,forward,0.08407735079526901,11161.35498046875
520,1775363948.4682584,backward,0.18108299933373928,524.150390625
520,1775363948.4710438,optimizer,0.0022292938083410263,524.150390625
521,1775363948.5586693,forward,0.08396809920668602,11161.35498046875
521,1775363948.7399368,backward,0.18107515014708042,524.150390625
521,1775363948.7427003,optimizer,0.0022182725369930267,524.150390625
522,1775363948.8299117,forward,0.08392678014934063,11161.35498046875
522,1775363949.0110972,backward,0.18099038861691952,524.150390625
522,1775363949.0138621,optimizer,0.0022199228405952454,524.150390625
523,1775363949.1011984,forward,0.08402087166905403,11161.35498046875
523,1775363949.2823746,backward,0.1809792760759592,524.150390625
523,1775363949.2851381,optimizer,0.0022189151495695114,524.150390625
524,1775363949.3729782,forward,0.0840558409690857,11161.35498046875
524,1775363949.5542169,backward,0.18103194795548916,524.150390625
524,1775363949.5569704,optimizer,0.0022185444831848145,524.150390625
525,1775363949.644311,forward,0.08404662273824215,11161.35498046875
525,1775363949.8255544,backward,0.18104640021920204,524.150390625
525,1775363949.8283014,optimizer,0.002219563350081444,524.150390625
526,1775363949.915899,forward,0.08394332230091095,11161.35498046875
526,1775363950.097095,backward,0.18099415861070156,524.150390625
526,1775363950.099859,optimizer,0.0022128336131572723,524.150390625
527,1775363950.1873567,forward,0.08407090418040752,11161.35498046875
527,1775363950.3686144,backward,0.18105441145598888,524.150390625
527,1775363950.3713837,optimizer,0.0022328440099954605,524.150390625
528,1775363950.4587166,forward,0.08395829983055592,11161.35498046875
528,1775363950.6399906,backward,0.1810790468007326,524.150390625
528,1775363950.6427488,optimizer,0.002227434888482094,524.150390625
529,1775363950.7300043,forward,0.08396090939640999,11161.35498046875
529,1775363950.911227,backward,0.18102859891951084,524.150390625
529,1775363950.9139974,optimizer,0.0022226236760616302,524.150390625
530,1775363951.0012765,forward,0.08404231257736683,11161.35498046875
530,1775363951.1825252,backward,0.18105044960975647,524.150390625
530,1775363951.1853054,optimizer,0.0022244639694690704,524.150390625
531,1775363951.2729747,forward,0.08395752869546413,11161.35498046875
531,1775363951.4543076,backward,0.1811375990509987,524.150390625
531,1775363951.4570343,optimizer,0.0022206734865903854,524.150390625
532,1775363951.5444162,forward,0.08409143052995205,11161.35498046875
532,1775363951.7256558,backward,0.1810314990580082,524.150390625
532,1775363951.7284372,optimizer,0.0022176336497068405,524.150390625
533,1775363951.815969,forward,0.08395589143037796,11161.35498046875
533,1775363951.9972699,backward,0.18110721744596958,524.150390625
533,1775363952.000049,optimizer,0.002219405025243759,524.150390625
534,1775363952.0873585,forward,0.08402090147137642,11161.35498046875
534,1775363952.2685053,backward,0.18094828724861145,524.150390625
534,1775363952.2712283,optimizer,0.0022383946925401688,524.150390625
535,1775363952.3585281,forward,0.08398761972784996,11161.35498046875
535,1775363952.5397944,backward,0.18105741776525974,524.150390625
535,1775363952.5425565,optimizer,0.0022192131727933884,524.150390625
536,1775363952.6298609,forward,0.08400681056082249,11161.35498046875
536,1775363952.8110554,backward,0.18100064806640148,524.150390625
536,1775363952.8138163,optimizer,0.002216855064034462,524.150390625
537,1775363952.9012594,forward,0.08404780365526676,11161.35498046875
537,1775363953.0824885,backward,0.181032108142972,524.150390625
537,1775363953.0852034,optimizer,0.002223871648311615,524.150390625
538,1775363953.1728942,forward,0.08400275185704231,11161.35498046875
538,1775363953.3540633,backward,0.18096203729510307,524.150390625
538,1775363953.356821,optimizer,0.002212902531027794,524.150390625
539,1775363953.4441245,forward,0.08401831053197384,11161.35498046875
539,1775363953.6253061,backward,0.18098823726177216,524.150390625
539,1775363953.628559,optimizer,0.0023687761276960373,524.150390625
540,1775363953.7163932,forward,0.08398737944662571,11161.35498046875
540,1775363953.8976777,backward,0.1810910776257515,524.150390625
540,1775363953.900429,optimizer,0.0022238045930862427,524.150390625
541,1775363953.988013,forward,0.08395148068666458,11161.35498046875
541,1775363954.1692388,backward,0.18102564848959446,524.150390625
541,1775363954.1720002,optimizer,0.0022219642996788025,524.150390625
542,1775363954.2594829,forward,0.08400462195277214,11161.35498046875
542,1775363954.4407601,backward,0.1810822207480669,524.150390625
542,1775363954.4435358,optimizer,0.002231381833553314,524.150390625
543,1775363954.5310888,forward,0.08398933336138725,11161.35498046875
543,1775363954.7122512,backward,0.18096365965902805,524.150390625
543,1775363954.7150156,optimizer,0.002231825143098831,524.150390625
544,1775363954.802273,forward,0.08401942439377308,11161.35498046875
544,1775363954.983596,backward,0.18112741969525814,524.150390625
544,1775363954.986374,optimizer,0.002230081707239151,524.150390625
545,1775363955.074122,forward,0.08395691215991974,11161.35498046875
545,1775363955.2552724,backward,0.1809622161090374,524.150390625
545,1775363955.2580383,optimizer,0.002213120460510254,524.150390625
546,1775363955.3454087,forward,0.08401594124734402,11161.35498046875
546,1775363955.5267494,backward,0.18111854046583176,524.150390625
546,1775363955.5295072,optimizer,0.002215404063463211,524.150390625
547,1775363955.6167653,forward,0.08396813087165356,11161.35498046875
547,1775363955.798009,backward,0.18104092963039875,524.150390625
547,1775363955.8007653,optimizer,0.00222107395529747,524.150390625
548,1775363955.8879848,forward,0.08395502157509327,11161.35498046875
548,1775363956.0691407,backward,0.18096198700368404,524.150390625
548,1775363956.0719147,optimizer,0.002210671082139015,524.150390625
549,1775363956.1591778,forward,0.08398944139480591,11161.35498046875
549,1775363956.3404925,backward,0.18110029958188534,524.150390625
549,1775363956.3432875,optimizer,0.002246234565973282,524.150390625
550,1775363956.4308143,forward,0.08393890969455242,11161.35498046875
550,1775363956.611989,backward,0.18097366951406002,524.150390625
550,1775363956.6147513,optimizer,0.0022184737026691437,524.150390625
551,1775363956.702112,forward,0.08407529443502426,11161.35498046875
551,1775363956.8834527,backward,0.1811401192098856,524.150390625
551,1775363956.8862104,optimizer,0.002214305102825165,524.150390625
552,1775363956.9739225,forward,0.08397291973233223,11161.35498046875
552,1775363957.1551943,backward,0.18107417970895767,524.150390625
552,1775363957.1579423,optimizer,0.0022053830325603485,524.150390625
553,1775363957.2453084,forward,0.0839974507689476,11161.35498046875
553,1775363957.4265728,backward,0.18106460943818092,524.150390625
553,1775363957.4293242,optimizer,0.002210984006524086,524.150390625
554,1775363957.516527,forward,0.08390993997454643,11161.35498046875
554,1775363957.697803,backward,0.18108893930912018,524.150390625
554,1775363957.7005663,optimizer,0.002214735373854637,524.150390625
555,1775363957.787799,forward,0.08395812101662159,11161.35498046875
555,1775363957.9690158,backward,0.18102222867310047,524.150390625
555,1775363957.9717836,optimizer,0.002215692773461342,524.150390625
556,1775363958.0591185,forward,0.08403529226779938,11161.35498046875
556,1775363958.240357,backward,0.18104353733360767,524.150390625
556,1775363958.2431653,optimizer,0.0022628437727689743,524.150390625
557,1775363958.330642,forward,0.08389868773519993,11161.35498046875
557,1775363958.5119078,backward,0.18107450008392334,524.150390625
557,1775363958.5146906,optimizer,0.002216935157775879,524.150390625
558,1775363958.601936,forward,0.08400176838040352,11161.35498046875
558,1775363958.78318,backward,0.18103689886629581,524.150390625
558,1775363958.785934,optimizer,0.0022115539759397507,524.150390625
559,1775363958.8735664,forward,0.08394329994916916,11161.35498046875
559,1775363959.0549242,backward,0.18115838803350925,524.150390625
559,1775363959.0576885,optimizer,0.0022211242467164993,524.150390625
560,1775363959.145082,forward,0.08402439206838608,11161.35498046875
560,1775363959.3262875,backward,0.18101766705513,524.150390625
560,1775363959.329068,optimizer,0.0022260434925556183,524.150390625
561,1775363959.4163532,forward,0.08399775065481663,11161.35498046875
561,1775363959.5976973,backward,0.18114393949508667,524.150390625
561,1775363959.6004722,optimizer,0.0022101718932390213,524.150390625
562,1775363959.687751,forward,0.08402186259627342,11161.35498046875
562,1775363959.8689077,backward,0.18095842562615871,524.150390625
562,1775363959.8716798,optimizer,0.0022335443645715714,524.150390625
563,1775363959.959022,forward,0.08404790051281452,11161.35498046875
563,1775363960.140199,backward,0.18098094128072262,524.150390625
563,1775363960.14297,optimizer,0.0022339168936014175,524.150390625
564,1775363960.2307284,forward,0.08394908159971237,11161.35498046875
564,1775363960.4118936,backward,0.18097139708697796,524.150390625
564,1775363960.4146776,optimizer,0.0022324826568365097,524.150390625
565,1775363960.5020058,forward,0.0840380322188139,11161.35498046875
565,1775363960.6832905,backward,0.18107709102332592,524.150390625
565,1775363960.6860492,optimizer,0.002226443961262703,524.150390625
566,1775363960.773613,forward,0.08390632830560207,11161.35498046875
566,1775363960.954879,backward,0.1810692995786667,524.150390625
566,1775363960.9575932,optimizer,0.002225913107395172,524.150390625
567,1775363961.0450113,forward,0.08404135890305042,11161.35498046875
567,1775363961.2261324,backward,0.18092520907521248,524.150390625
567,1775363961.2288814,optimizer,0.002205280587077141,524.150390625
568,1775363961.3161922,forward,0.08401813171803951,11161.35498046875
568,1775363961.4975,backward,0.1811145395040512,524.150390625
568,1775363961.5002604,optimizer,0.0022175852209329605,524.150390625
569,1775363961.5874949,forward,0.08396481163799763,11161.35498046875
569,1775363961.7686672,backward,0.18098226748406887,524.150390625
569,1775363961.7714362,optimizer,0.002224111929535866,524.150390625
570,1775363961.858748,forward,0.0839972235262394,11161.35498046875
570,1775363962.0406206,backward,0.18162613548338413,524.150390625
570,1775363962.0433815,optimizer,0.0022846534848213196,524.150390625
571,1775363962.1311042,forward,0.08398843184113503,11161.35498046875
571,1775363962.312232,backward,0.18091234751045704,524.150390625
571,1775363962.3149521,optimizer,0.0022413134574890137,524.150390625
572,1775363962.4023716,forward,0.08405767194926739,11161.35498046875
572,1775363962.5836356,backward,0.18106191977858543,524.150390625
572,1775363962.5863369,optimizer,0.0022241156548261642,524.150390625
573,1775363962.6740067,forward,0.08395364135503769,11161.35498046875
573,1775363962.8551483,backward,0.1809484977275133,524.150390625
573,1775363962.857915,optimizer,0.002222202718257904,524.150390625
574,1775363962.945232,forward,0.08397507853806019,11161.35498046875
574,1775363963.1263988,backward,0.18098396994173527,524.150390625
574,1775363963.1291873,optimizer,0.002209661528468132,524.150390625
575,1775363963.2165244,forward,0.08401812426745892,11161.35498046875
575,1775363963.3977184,backward,0.1809945683926344,524.150390625
575,1775363963.4005,optimizer,0.002217603847384453,524.150390625
576,1775363963.4879916,forward,0.08394266106188297,11161.35498046875
576,1775363963.6692066,backward,0.1810176782310009,524.150390625
576,1775363963.671988,optimizer,0.0022150948643684387,524.150390625
577,1775363963.7593346,forward,0.08402904309332371,11161.35498046875
577,1775363963.9405828,backward,0.1810428611934185,524.150390625
577,1775363963.943355,optimizer,0.0022213440388441086,524.150390625
578,1775363964.0310204,forward,0.08398107998073101,11161.35498046875
578,1775363964.2121952,backward,0.18097714707255363,524.150390625
578,1775363964.2149696,optimizer,0.002208814024925232,524.150390625
579,1775363964.3023555,forward,0.08407978340983391,11161.35498046875
579,1775363964.4837067,backward,0.18115094117820263,524.150390625
579,1775363964.4864633,optimizer,0.0022080019116401672,524.150390625
580,1775363964.573696,forward,0.08396113105118275,11161.35498046875
580,1775363964.7549007,backward,0.18100499734282494,524.150390625
580,1775363964.75766,optimizer,0.002201782539486885,524.150390625
581,1775363964.844864,forward,0.08394255302846432,11161.35498046875
581,1775363965.0262046,backward,0.18112533912062645,524.150390625
581,1775363965.0289524,optimizer,0.002188071608543396,524.150390625
582,1775363965.1162305,forward,0.08399493061006069,11161.35498046875
582,1775363965.2974021,backward,0.18097423762083054,524.150390625
582,1775363965.3001623,optimizer,0.002188384532928467,524.150390625
583,1775363965.3878107,forward,0.08395040035247803,11161.35498046875
583,1775363965.5690272,backward,0.18101533129811287,524.150390625
583,1775363965.5717788,optimizer,0.0021991021931171417,524.150390625
584,1775363965.6593065,forward,0.0840764008462429,11161.35498046875
584,1775363965.8405204,backward,0.18101632967591286,524.150390625
584,1775363965.8432896,optimizer,0.0022087618708610535,524.150390625
585,1775363965.9309196,forward,0.08396620862185955,11161.35498046875
585,1775363966.1121502,backward,0.18103469908237457,524.150390625
585,1775363966.1148915,optimizer,0.0021954234689474106,524.150390625
586,1775363966.2021263,forward,0.08399806171655655,11161.35498046875
586,1775363966.3833678,backward,0.18102533742785454,524.150390625
586,1775363966.3861175,optimizer,0.0022002924233675003,524.150390625
587,1775363966.4735217,forward,0.08400955237448215,11161.35498046875
587,1775363966.6548047,backward,0.18106719851493835,524.150390625
587,1775363966.657544,optimizer,0.0021949224174022675,524.150390625
588,1775363966.7448504,forward,0.08400215208530426,11161.35498046875
588,1775363966.925976,backward,0.18093392811715603,524.150390625
588,1775363966.9286616,optimizer,0.0022041313350200653,524.150390625
589,1775363967.0161183,forward,0.08401899226009846,11161.35498046875
589,1775363967.1973634,backward,0.18104664981365204,524.150390625
589,1775363967.2000515,optimizer,0.0021962523460388184,524.150390625
590,1775363967.2877293,forward,0.08392560109496117,11161.35498046875
590,1775363967.4689672,backward,0.18104951828718185,524.150390625
590,1775363967.4716625,optimizer,0.002212272956967354,524.150390625
591,1775363967.559,forward,0.08402712270617485,11161.35498046875
591,1775363967.740206,backward,0.18101362697780132,524.150390625
591,1775363967.7428775,optimizer,0.0022002439945936203,524.150390625
592,1775363967.8304746,forward,0.08398429304361343,11161.35498046875
592,1775363968.0116131,backward,0.18094203621149063,524.150390625
592,1775363968.0143661,optimizer,0.0022021830081939697,524.150390625
593,1775363968.101899,forward,0.08407645300030708,11161.35498046875
593,1775363968.2831151,backward,0.18101760931313038,524.150390625
593,1775363968.285878,optimizer,0.0021988339722156525,524.150390625
594,1775363968.373184,forward,0.08401965163648129,11161.35498046875
594,1775363968.5544608,backward,0.18106700852513313,524.150390625
594,1775363968.5571363,optimizer,0.002189444378018379,524.150390625
595,1775363968.6443648,forward,0.08395719900727272,11161.35498046875
595,1775363968.8256288,backward,0.18105068989098072,524.150390625
595,1775363968.8283195,optimizer,0.0022104941308498383,524.150390625
596,1775363968.915643,forward,0.08401152119040489,11161.35498046875
596,1775363969.0969255,backward,0.18108824081718922,524.150390625
596,1775363969.099635,optimizer,0.0022152960300445557,524.150390625
597,1775363969.191603,forward,0.08395043201744556,11161.35498046875
597,1775363969.372758,backward,0.18095838651061058,524.150390625
597,1775363969.375476,optimizer,0.0022186245769262314,524.150390625
598,1775363969.4627454,forward,0.08398536033928394,11161.35498046875
598,1775363969.643892,backward,0.1809503473341465,524.150390625
598,1775363969.6465647,optimizer,0.0021963119506835938,524.150390625
599,1775363969.733851,forward,0.08392657153308392,11161.35498046875
599,1775363969.9150739,backward,0.18103553727269173,524.150390625
599,1775363969.9177551,optimizer,0.002201393246650696,524.150390625
600,1775363970.0049345,forward,0.08393890224397182,11161.35498046875
600,1775363970.1861148,backward,0.18098429590463638,524.150390625
600,1775363970.1890962,optimizer,0.00235147587954998,524.150390625
601,1775363970.276657,forward,0.08406775258481503,11161.35498046875
601,1775363970.4579015,backward,0.18104836903512478,524.150390625
601,1775363970.4606516,optimizer,0.0021879207342863083,524.150390625
602,1775363970.548222,forward,0.08391544036567211,11161.35498046875
602,1775363970.7294164,backward,0.18099643662571907,524.150390625
602,1775363970.7321687,optimizer,0.0021982043981552124,524.150390625
603,1775363970.819731,forward,0.08404157496988773,11161.35498046875
603,1775363971.0010011,backward,0.18106931820511818,524.150390625
603,1775363971.0037744,optimizer,0.002212982624769211,524.150390625
604,1775363971.0914094,forward,0.08392339944839478,11161.35498046875
604,1775363971.2725005,backward,0.1808994673192501,524.150390625
604,1775363971.2752645,optimizer,0.0022169966250658035,524.150390625
605,1775363971.362506,forward,0.08394687995314598,11161.35498046875
605,1775363971.5436783,backward,0.18097948841750622,524.150390625
605,1775363971.5464213,optimizer,0.0021992046386003494,524.150390625
606,1775363971.633676,forward,0.0840209536254406,11161.35498046875
606,1775363971.8148363,backward,0.18095638789236546,524.150390625
606,1775363971.8175733,optimizer,0.0021893735975027084,524.150390625
607,1775363971.9047906,forward,0.08391444943845272,11161.35498046875
607,1775363972.0859864,backward,0.18098323605954647,524.150390625
607,1775363972.0887425,optimizer,0.002215515822172165,524.150390625
608,1775363972.1760247,forward,0.08401530049741268,11161.35498046875
608,1775363972.3573081,backward,0.18108993954956532,524.150390625
608,1775363972.3600814,optimizer,0.0022093746811151505,524.150390625
609,1775363972.4477756,forward,0.08394231088459492,11161.35498046875
609,1775363972.6289477,backward,0.18096834048628807,524.150390625
609,1775363972.6316988,optimizer,0.0022072959691286087,524.150390625
610,1775363972.7191699,forward,0.08406343497335911,11161.35498046875
610,1775363972.9004653,backward,0.18108537979424,524.150390625
610,1775363972.9032269,optimizer,0.0022215116769075394,524.150390625
611,1775363972.990594,forward,0.08392062969505787,11161.35498046875
611,1775363973.1717203,backward,0.18092298693954945,524.150390625
611,1775363973.1744838,optimizer,0.002198532223701477,524.150390625
612,1775363973.261808,forward,0.08401568420231342,11161.35498046875
612,1775363973.44303,backward,0.18102775886654854,524.150390625
612,1775363973.4457986,optimizer,0.002199023962020874,524.150390625
613,1775363973.5331225,forward,0.08403533324599266,11161.35498046875
613,1775363973.7142975,backward,0.1809806264936924,524.150390625
613,1775363973.7169814,optimizer,0.0022009946405887604,524.150390625
614,1775363973.804241,forward,0.08401523157954216,11161.35498046875
614,1775363973.985448,backward,0.18101146072149277,524.150390625
614,1775363973.9882095,optimizer,0.0022022631019353867,524.150390625
615,1775363974.075625,forward,0.08410971239209175,11161.35498046875
615,1775363974.2567945,backward,0.18097203597426414,524.150390625
615,1775363974.2595556,optimizer,0.002209484577178955,524.150390625
616,1775363974.347174,forward,0.08392004854977131,11161.35498046875
616,1775363974.5283751,backward,0.18100137449800968,524.150390625
616,1775363974.5311358,optimizer,0.0022099632769823074,524.150390625
617,1775363974.6185641,forward,0.08403969369828701,11161.35498046875
617,1775363974.799809,backward,0.18104952946305275,524.150390625
617,1775363974.80256,optimizer,0.0022035855799913406,524.150390625
618,1775363974.8901927,forward,0.08397302962839603,11161.35498046875
618,1775363975.071267,backward,0.1808711662888527,524.150390625
618,1775363975.0740304,optimizer,0.002208322286605835,524.150390625
619,1775363975.1614206,forward,0.08399901166558266,11161.35498046875
619,1775363975.3425376,backward,0.18091989867389202,524.150390625
619,1775363975.3452883,optimizer,0.002200353890657425,524.150390625
620,1775363975.4329398,forward,0.08402417227625847,11161.35498046875
620,1775363975.614091,backward,0.18093442916870117,524.150390625
620,1775363975.6168256,optimizer,0.00218794122338295,524.150390625
621,1775363975.7044973,forward,0.08398452028632164,11161.35498046875
621,1775363975.8857224,backward,0.18102671019732952,524.150390625
621,1775363975.888493,optimizer,0.0022066421806812286,524.150390625
622,1775363975.9758852,forward,0.08408362418413162,11161.35498046875
622,1775363976.1571262,backward,0.18105268105864525,524.150390625
622,1775363976.1598876,optimizer,0.002201981842517853,524.150390625
623,1775363976.247432,forward,0.08396217040717602,11161.35498046875
623,1775363976.4285803,backward,0.18093171902000904,524.150390625
623,1775363976.4313316,optimizer,0.002205492928624153,524.150390625
624,1775363976.5186617,forward,0.08403574489057064,11161.35498046875
624,1775363976.6998603,backward,0.18099921941757202,524.150390625
624,1775363976.7026098,optimizer,0.002196675166487694,524.150390625
625,1775363976.790064,forward,0.08399044163525105,11161.35498046875
625,1775363976.971172,backward,0.1809043549001217,524.150390625
625,1775363976.9739017,optimizer,0.0021802131086587906,524.150390625
626,1775363977.0611663,forward,0.0839976817369461,11161.35498046875
626,1775363977.2424066,backward,0.18104602955281734,524.150390625
626,1775363977.245161,optimizer,0.0021994635462760925,524.150390625
627,1775363977.3324769,forward,0.08402073197066784,11161.35498046875
627,1775363977.5135422,backward,0.18087161891162395,524.150390625
627,1775363977.5163083,optimizer,0.0022003035992383957,524.150390625
628,1775363977.6038334,forward,0.08392946049571037,11161.35498046875
628,1775363977.7849972,backward,0.18096551857888699,524.150390625
628,1775363977.7877371,optimizer,0.002192862331867218,524.150390625
629,1775363977.8750925,forward,0.08406937308609486,11161.35498046875
629,1775363978.0562596,backward,0.18097098916769028,524.150390625
629,1775363978.0590518,optimizer,0.002244953066110611,524.150390625
630,1775363978.1465607,forward,0.08393440954387188,11161.35498046875
630,1775363978.32772,backward,0.1809611078351736,524.150390625
630,1775363978.330631,optimizer,0.002288004383444786,524.150390625
631,1775363978.4182749,forward,0.08407212235033512,11161.35498046875
631,1775363978.5994306,backward,0.18095190078020096,524.150390625
631,1775363978.6021733,optimizer,0.002194903790950775,524.150390625
632,1775363978.6897817,forward,0.08391415141522884,11161.35498046875
632,1775363978.8709471,backward,0.18096664920449257,524.150390625
632,1775363978.8737154,optimizer,0.0022056307643651962,524.150390625
633,1775363978.9609926,forward,0.08398101292550564,11161.35498046875
633,1775363979.1422305,backward,0.1810435689985752,524.150390625
633,1775363979.1449807,optimizer,0.0021957531571388245,524.150390625
634,1775363979.2322795,forward,0.08400676026940346,11161.35498046875
634,1775363979.4133759,backward,0.18090367689728737,524.150390625
634,1775363979.4160912,optimizer,0.0022012442350387573,524.150390625
635,1775363979.5036566,forward,0.08390537835657597,11161.35498046875
635,1775363979.6847181,backward,0.1808600164949894,524.150390625
635,1775363979.6874642,optimizer,0.0021977517753839493,524.150390625
636,1775363979.774766,forward,0.08400455862283707,11161.35498046875
636,1775363979.9560535,backward,0.1810953188687563,524.150390625
636,1775363979.958803,optimizer,0.0021991822868585587,524.150390625
637,1775363980.0463083,forward,0.08391471952199936,11161.35498046875
637,1775363980.227486,backward,0.18098180927336216,524.150390625
637,1775363980.2301934,optimizer,0.002195224165916443,524.150390625
638,1775363980.3175473,forward,0.08404769189655781,11161.35498046875
638,1775363980.498755,backward,0.18100294843316078,524.150390625
638,1775363980.5015469,optimizer,0.002194054424762726,524.150390625
639,1775363980.5890188,forward,0.08398840017616749,11161.35498046875
639,1775363980.7701948,backward,0.18096566572785378,524.150390625
639,1775363980.7728958,optimizer,0.002202613279223442,524.150390625
640,1775363980.860224,forward,0.0840228907763958,11161.35498046875
640,1775363981.0414472,backward,0.181024469435215,524.150390625
640,1775363981.044213,optimizer,0.0021980032324790955,524.150390625
641,1775363981.1315334,forward,0.08399743214249611,11161.35498046875
641,1775363981.312683,backward,0.1809505857527256,524.150390625
641,1775363981.315492,optimizer,0.002222202718257904,524.150390625
642,1775363981.4031167,forward,0.08397983945906162,11161.35498046875
642,1775363981.584366,backward,0.181046599522233,524.150390625
642,1775363981.5870547,optimizer,0.0022004637867212296,524.150390625
643,1775363981.6744192,forward,0.08406748250126839,11161.35498046875
643,1775363981.8556767,backward,0.18105701729655266,524.150390625
643,1775363981.8583696,optimizer,0.0021971818059682846,524.150390625
644,1775363981.945955,forward,0.08393239974975586,11161.35498046875
644,1775363982.1270347,backward,0.18088211491703987,524.150390625
644,1775363982.1297371,optimizer,0.002207152545452118,524.150390625
645,1775363982.2170331,forward,0.0839955024421215,11161.35498046875
645,1775363982.3982103,backward,0.1809755191206932,524.150390625
645,1775363982.4009762,optimizer,0.002206243574619293,524.150390625
646,1775363982.4884024,forward,0.08394945226609707,11161.35498046875
646,1775363982.6695855,backward,0.18097987957298756,524.150390625
646,1775363982.6723378,optimizer,0.0021989606320858,524.150390625
647,1775363982.7595987,forward,0.08391499146819115,11161.35498046875
647,1775363982.940743,backward,0.18094626627862453,524.150390625
647,1775363982.9435856,optimizer,0.002211112529039383,524.150390625
648,1775363983.0308495,forward,0.08399441093206406,11161.35498046875
648,1775363983.2120726,backward,0.18102290853857994,524.150390625
648,1775363983.2148314,optimizer,0.0022003240883350372,524.150390625
649,1775363983.3024263,forward,0.0839430894702673,11161.35498046875
649,1775363983.4836493,backward,0.18102397955954075,524.150390625
649,1775363983.4863937,optimizer,0.002196941524744034,524.150390625
650,1775363983.5737183,forward,0.08404650166630745,11161.35498046875
650,1775363983.7550118,backward,0.18109968677163124,524.150390625
650,1775363983.7577608,optimizer,0.0021985433995723724,524.150390625
651,1775363983.8453875,forward,0.08394808880984783,11161.35498046875
651,1775363984.0265367,backward,0.18094021640717983,524.150390625
651,1775363984.0292861,optimizer,0.002208603546023369,524.150390625
652,1775363984.1165473,forward,0.08397047035396099,11161.35498046875
652,1775363984.2978234,backward,0.1810820773243904,524.150390625
652,1775363984.300595,optimizer,0.0021993424743413925,524.150390625
653,1775363984.3879688,forward,0.0839175209403038,11161.35498046875
653,1775363984.5691504,backward,0.18097778782248497,524.150390625
653,1775363984.5719059,optimizer,0.002200823277235031,524.150390625
654,1775363984.6592295,forward,0.0839298889040947,11161.35498046875
654,1775363984.8403678,backward,0.1809440366923809,524.150390625
654,1775363984.8431504,optimizer,0.0022249948233366013,524.150390625
655,1775363984.9304645,forward,0.08402972109615803,11161.35498046875
655,1775363985.111586,backward,0.1809267569333315,524.150390625
655,1775363985.114342,optimizer,0.0021987538784742355,524.150390625
656,1775363985.202063,forward,0.08395921066403389,11161.35498046875
656,1775363985.3831944,backward,0.1809348464012146,524.150390625
656,1775363985.3859475,optimizer,0.0021990817040205,524.150390625
657,1775363985.4733016,forward,0.08406450040638447,11161.35498046875
657,1775363985.6545498,backward,0.18105669878423214,524.150390625
657,1775363985.657231,optimizer,0.0021920334547758102,524.150390625
658,1775363985.744761,forward,0.08391470089554787,11161.35498046875
658,1775363985.92592,backward,0.1809635479003191,524.150390625
658,1775363985.9286168,optimizer,0.002202751114964485,524.150390625
659,1775363986.0159209,forward,0.08397142216563225,11161.35498046875
659,1775363986.197132,backward,0.18100999481976032,524.150390625
659,1775363986.1998446,optimizer,0.0021981429308652878,524.150390625
660,1775363986.2874022,forward,0.08395108953118324,11161.35498046875
660,1775363986.4686675,backward,0.18107298016548157,524.150390625
660,1775363986.4714787,optimizer,0.0022505447268486023,524.150390625
661,1775363986.558742,forward,0.08395742252469063,11161.35498046875
661,1775363986.739962,backward,0.18102878890931606,524.150390625
661,1775363986.7426496,optimizer,0.0021986011415719986,524.150390625
662,1775363986.829939,forward,0.08397777006030083,11161.35498046875
662,1775363987.0111113,backward,0.18097896873950958,524.150390625
662,1775363987.0137918,optimizer,0.0021902136504650116,524.150390625
663,1775363987.1013248,forward,0.0839318074285984,11161.35498046875
663,1775363987.2825305,backward,0.18100877664983273,524.150390625
663,1775363987.2858286,optimizer,0.002660069614648819,524.150390625
664,1775363987.373471,forward,0.0841863751411438,11161.35498046875
664,1775363987.5546992,backward,0.1810398604720831,524.150390625
664,1775363987.5574696,optimizer,0.0022137928754091263,524.150390625
665,1775363987.6450775,forward,0.0839158184826374,11161.35498046875
665,1775363987.8263085,backward,0.1810329370200634,524.150390625
665,1775363987.829077,optimizer,0.0022095032036304474,524.150390625
666,1775363987.9163563,forward,0.0839863196015358,11161.35498046875
666,1775363988.0975227,backward,0.18097964860498905,524.150390625
666,1775363988.1002917,optimizer,0.0022144410759210587,524.150390625
667,1775363988.187504,forward,0.08396038226783276,11161.35498046875
667,1775363988.368807,backward,0.18110807985067368,524.150390625
667,1775363988.3715305,optimizer,0.0022354349493980408,524.150390625
668,1775363988.458865,forward,0.08394394256174564,11161.35498046875
668,1775363988.639997,backward,0.18093937821686268,524.150390625
668,1775363988.6426997,optimizer,0.002205774188041687,524.150390625
669,1775363988.7300265,forward,0.08403798192739487,11161.35498046875
669,1775363988.9112196,backward,0.18099684827029705,524.150390625
669,1775363988.9139185,optimizer,0.002205442637205124,524.150390625
670,1775363989.0014892,forward,0.08391104266047478,11161.35498046875
670,1775363989.1826751,backward,0.18098711594939232,524.150390625
670,1775363989.185411,optimizer,0.002233903855085373,524.150390625
671,1775363989.2728794,forward,0.08405866287648678,11161.35498046875
671,1775363989.4540303,backward,0.180965606123209,524.150390625
671,1775363989.456734,optimizer,0.0022121351212263107,524.150390625
672,1775363989.5442982,forward,0.08395578153431416,11161.35498046875
672,1775363989.7255087,backward,0.18101740814745426,524.150390625
672,1775363989.7282174,optimizer,0.00221848301589489,524.150390625
673,1775363989.8155935,forward,0.08404700271785259,11161.35498046875
673,1775363989.9968438,backward,0.18105394765734673,524.150390625
673,1775363989.9995613,optimizer,0.002217831090092659,524.150390625
674,1775363990.08684,forward,0.08399073034524918,11161.35498046875
674,1775363990.2680848,backward,0.18104850873351097,524.150390625
674,1775363990.270796,optimizer,0.0022087618708610535,524.150390625
675,1775363990.358176,forward,0.08398441970348358,11161.35498046875
675,1775363990.5393484,backward,0.18098009936511517,524.150390625
675,1775363990.5420341,optimizer,0.0022014938294887543,524.150390625
676,1775363990.6294208,forward,0.08400247246026993,11161.35498046875
676,1775363990.810641,backward,0.18101869523525238,524.150390625
676,1775363990.813336,optimizer,0.002209743484854698,524.150390625
677,1775363990.9010267,forward,0.08393323048949242,11161.35498046875
677,1775363991.0823,backward,0.18106709979474545,524.150390625
677,1775363991.084996,optimizer,0.0022073350846767426,524.150390625
678,1775363991.1723716,forward,0.08407425321638584,11161.35498046875
678,1775363991.3535492,backward,0.1809883676469326,524.150390625
678,1775363991.3562553,optimizer,0.002207200974225998,524.150390625
679,1775363991.4440129,forward,0.08397022262215614,11161.35498046875
679,1775363991.6252398,backward,0.1810260396450758,524.150390625
679,1775363991.6279342,optimizer,0.002201814204454422,524.150390625
680,1775363991.7153149,forward,0.08400365151464939,11161.35498046875
680,1775363991.8965104,backward,0.1810070350766182,524.150390625
680,1775363991.8992233,optimizer,0.0022252146154642105,524.150390625
681,1775363991.9864554,forward,0.08398395217955112,11161.35498046875
681,1775363992.1677117,backward,0.18106730096042156,524.150390625
681,1775363992.1704183,optimizer,0.0022059641778469086,524.150390625
682,1775363992.2576602,forward,0.08393399976193905,11161.35498046875
682,1775363992.4389527,backward,0.18109112046658993,524.150390625
682,1775363992.4416533,optimizer,0.0022103823721408844,524.150390625
683,1775363992.5290105,forward,0.08407184481620789,11161.35498046875
683,1775363992.7102866,backward,0.1810653004795313,524.150390625
683,1775363992.712983,optimizer,0.002202572301030159,524.150390625
684,1775363992.8007054,forward,0.08396594226360321,11161.35498046875
684,1775363992.9819176,backward,0.1810185182839632,524.150390625
684,1775363992.9846096,optimizer,0.0021989140659570694,524.150390625
685,1775363993.072002,forward,0.08408091403543949,11161.35498046875
685,1775363993.2532606,backward,0.18106082826852798,524.150390625
685,1775363993.2559588,optimizer,0.002195831388235092,524.150390625
686,1775363993.3434978,forward,0.08392034284770489,11161.35498046875
686,1775363993.5246696,backward,0.18098018690943718,524.150390625
686,1775363993.5273764,optimizer,0.0022050607949495316,524.150390625
687,1775363993.6148293,forward,0.08394955284893513,11161.35498046875
687,1775363993.7959797,backward,0.18094885721802711,524.150390625
687,1775363993.7986808,optimizer,0.0022110342979431152,524.150390625
688,1775363993.8859625,forward,0.08397153951227665,11161.35498046875
688,1775363994.0671544,backward,0.18100009858608246,524.150390625
688,1775363994.0698426,optimizer,0.0021933428943157196,524.150390625
689,1775363994.1571016,forward,0.08395612053573132,11161.35498046875
689,1775363994.3382878,backward,0.18098407797515392,524.150390625
689,1775363994.3409708,optimizer,0.0021957531571388245,524.150390625
690,1775363994.4283009,forward,0.08401947095990181,11161.35498046875
690,1775363994.609542,backward,0.18104358948767185,524.150390625
690,1775363994.6122358,optimizer,0.0021995138376951218,524.150390625
691,1775363994.699847,forward,0.08389581926167011,11161.35498046875
691,1775363994.8810165,backward,0.18097864650189877,524.150390625
691,1775363994.8837445,optimizer,0.0022270139306783676,524.150390625
692,1775363994.9711235,forward,0.084059938788414,11161.35498046875
692,1775363995.1523244,backward,0.1810113489627838,524.150390625
692,1775363995.1550505,optimizer,0.0022336840629577637,524.150390625
693,1775363995.2427852,forward,0.08393753133714199,11161.35498046875
693,1775363995.4240103,backward,0.18103982880711555,524.150390625
693,1775363995.4267144,optimizer,0.0022048037499189377,524.150390625
694,1775363995.5141046,forward,0.08402774296700954,11161.35498046875
694,1775363995.6952856,backward,0.18099090829491615,524.150390625
694,1775363995.6979904,optimizer,0.0022104941308498383,524.150390625
695,1775363995.7852292,forward,0.08398107253015041,11161.35498046875
695,1775363995.9665143,backward,0.1810667272657156,524.150390625
695,1775363995.969198,optimizer,0.0021969713270664215,524.150390625
696,1775363996.0565455,forward,0.08402962423861027,11161.35498046875
696,1775363996.2377362,backward,0.18099808879196644,524.150390625
696,1775363996.2404292,optimizer,0.0022002551704645157,524.150390625
697,1775363996.327755,forward,0.08402074314653873,11161.35498046875
697,1775363996.50941,backward,0.18144084513187408,524.150390625
697,1775363996.5121193,optimizer,0.0022207237780094147,524.150390625
698,1775363996.5997772,forward,0.08396515995264053,11161.35498046875
698,1775363996.7810333,backward,0.18107033893465996,524.150390625
698,1775363996.7837543,optimizer,0.002213582396507263,524.150390625
699,1775363996.8711436,forward,0.08407346345484257,11161.35498046875
699,1775363997.0523002,backward,0.18096675910055637,524.150390625
699,1775363997.055006,optimizer,0.002219201996922493,524.150390625
700,1775363997.1425216,forward,0.083927346393466,11161.35498046875
700,1775363997.3236809,backward,0.18097111769020557,524.150390625
700,1775363997.3263807,optimizer,0.002205183729529381,524.150390625
701,1775363997.4138017,forward,0.08403655886650085,11161.35498046875
701,1775363997.594947,backward,0.18095189705491066,524.150390625
701,1775363997.5976496,optimizer,0.002203371375799179,524.150390625
702,1775363997.6850097,forward,0.08405408263206482,11161.35498046875
702,1775363997.8662076,backward,0.18100116960704327,524.150390625
702,1775363997.8689377,optimizer,0.002204952761530876,524.150390625
703,1775363997.9562652,forward,0.08398901298642159,11161.35498046875
703,1775363998.1374404,backward,0.18096378445625305,524.150390625
703,1775363998.1401443,optimizer,0.002206733450293541,524.150390625
704,1775363998.227511,forward,0.08404889144003391,11161.35498046875
704,1775363998.4087043,backward,0.1809956468641758,524.150390625
704,1775363998.4114087,optimizer,0.0022138338536024094,524.150390625
705,1775363998.4990568,forward,0.08393942937254906,11161.35498046875
705,1775363998.6802068,backward,0.18095403537154198,524.150390625
705,1775363998.6829197,optimizer,0.0022180043160915375,524.150390625
706,1775363998.7703128,forward,0.08407428115606308,11161.35498046875
706,1775363998.9515495,backward,0.18103764951229095,524.150390625
706,1775363998.9542487,optimizer,0.0022059939801692963,524.150390625
707,1775363999.0419896,forward,0.08402805216610432,11161.35498046875
707,1775363999.223306,backward,0.18112283200025558,524.150390625
707,1775363999.2259998,optimizer,0.002195490524172783,524.150390625
708,1775363999.3133137,forward,0.08400829881429672,11161.35498046875
708,1775363999.4945233,backward,0.18101989850401878,524.150390625
708,1775363999.4972537,optimizer,0.0022092144936323166,524.150390625
709,1775363999.584543,forward,0.08401861041784286,11161.35498046875
709,1775363999.7658033,backward,0.1810646988451481,524.150390625
709,1775363999.7685075,optimizer,0.002215074375271797,524.150390625
710,1775363999.855782,forward,0.08395162038505077,11161.35498046875
710,1775364000.0369678,backward,0.18098843842744827,524.150390625
710,1775364000.0396614,optimizer,0.002203604206442833,524.150390625
711,1775364000.127011,forward,0.08405887149274349,11161.35498046875
711,1775364000.308189,backward,0.18098303489387035,524.150390625
711,1775364000.3108852,optimizer,0.0022033341228961945,524.150390625
712,1775364000.398639,forward,0.08392929285764694,11161.35498046875
712,1775364000.579811,backward,0.18097490817308426,524.150390625
712,1775364000.582509,optimizer,0.002207960933446884,524.150390625
713,1775364000.6698847,forward,0.08405626192688942,11161.35498046875
713,1775364000.851167,backward,0.18107874877750874,524.150390625
713,1775364000.8538585,optimizer,0.0022012926638126373,524.150390625
714,1775364000.9415169,forward,0.08396204002201557,11161.35498046875
714,1775364001.122748,backward,0.18103713542222977,524.150390625
714,1775364001.125462,optimizer,0.0022148005664348602,524.150390625
715,1775364001.2128057,forward,0.0840104017406702,11161.35498046875
715,1775364001.39402,backward,0.18101858720183372,524.150390625
715,1775364001.3967187,optimizer,0.0022065937519073486,524.150390625
716,1775364001.483995,forward,0.0839737206697464,11161.35498046875
716,1775364001.6651812,backward,0.18099280819296837,524.150390625
716,1775364001.6678784,optimizer,0.0022014137357473373,524.150390625
717,1775364001.7551703,forward,0.08396070264279842,11161.35498046875
717,1775364001.9364052,backward,0.1810456309467554,524.150390625
717,1775364001.9391232,optimizer,0.0022256318479776382,524.150390625
718,1775364002.0264182,forward,0.08400779031217098,11161.35498046875
718,1775364002.2075374,backward,0.18092785775661469,524.150390625
718,1775364002.2102358,optimizer,0.0022105220705270767,524.150390625
719,1775364002.2980642,forward,0.08399585261940956,11161.35498046875
719,1775364002.4793615,backward,0.18107904866337776,524.150390625
719,1775364002.4820614,optimizer,0.002210153266787529,524.150390625
720,1775364002.5693853,forward,0.0840034019201994,11161.35498046875
720,1775364002.7505066,backward,0.18091000244021416,524.150390625
720,1775364002.7532187,optimizer,0.0022230222821235657,524.150390625
721,1775364002.840772,forward,0.08393728733062744,11161.35498046875
721,1775364003.0220025,backward,0.1810383666306734,524.150390625
721,1775364003.0247211,optimizer,0.002209113910794258,524.150390625
722,1775364003.1120691,forward,0.0839836411178112,11161.35498046875
722,1775364003.2932055,backward,0.18093661591410637,524.150390625
722,1775364003.2959113,optimizer,0.002203911542892456,524.150390625
723,1775364003.3832288,forward,0.08402885124087334,11161.35498046875
723,1775364003.5644414,backward,0.18102233670651913,524.150390625
723,1775364003.5671492,optimizer,0.0022109132260084152,524.150390625
724,1775364003.6545308,forward,0.08397404104471207,11161.35498046875
724,1775364003.835728,backward,0.18100628815591335,524.150390625
724,1775364003.8384373,optimizer,0.002213854342699051,524.150390625
725,1775364003.9257746,forward,0.0840358305722475,11161.35498046875
725,1775364004.1069932,backward,0.18102771788835526,524.150390625
725,1775364004.1096907,optimizer,0.00220608152449131,524.150390625
726,1775364004.1972883,forward,0.08391568996012211,11161.35498046875
726,1775364004.3784132,backward,0.18093412928283215,524.150390625
726,1775364004.3811493,optimizer,0.0022198520600795746,524.150390625
727,1775364004.468444,forward,0.08400711044669151,11161.35498046875
727,1775364004.649669,backward,0.1810261607170105,524.150390625
727,1775364004.6523707,optimizer,0.0022104009985923767,524.150390625
728,1775364004.74009,forward,0.08397337235510349,11161.35498046875
728,1775364004.921212,backward,0.1809308286756277,524.150390625
728,1775364004.923923,optimizer,0.002207251265645027,524.150390625
729,1775364005.0113592,forward,0.08404083177447319,11161.35498046875
729,1775364005.1924915,backward,0.1809438280761242,524.150390625
729,1775364005.1951947,optimizer,0.0022081322968006134,524.150390625
730,1775364005.2825477,forward,0.08402642235159874,11161.35498046875
730,1775364005.4643455,backward,0.18155842646956444,524.150390625
730,1775364005.4670746,optimizer,0.0022319722920656204,524.150390625
731,1775364005.5544136,forward,0.08398202434182167,11161.35498046875
731,1775364005.7356796,backward,0.18107460625469685,524.150390625
731,1775364005.7383838,optimizer,0.002207580953836441,524.150390625
732,1775364005.8257303,forward,0.08403849229216576,11161.35498046875
732,1775364006.0069916,backward,0.18105239979922771,524.150390625
732,1775364006.0096881,optimizer,0.00220661424100399,524.150390625
733,1775364006.0973794,forward,0.08393586985766888,11161.35498046875
733,1775364006.278612,backward,0.1810409277677536,524.150390625
733,1775364006.2813208,optimizer,0.0022168364375829697,524.150390625
734,1775364006.3688095,forward,0.08406926319003105,11161.35498046875
734,1775364006.5500836,backward,0.18106873892247677,524.150390625
734,1775364006.5528011,optimizer,0.0022030435502529144,524.150390625
735,1775364006.6403222,forward,0.08394841104745865,11161.35498046875
735,1775364006.8214989,backward,0.1809791885316372,524.150390625
735,1775364006.824233,optimizer,0.0022081248462200165,524.150390625
736,1775364006.9114943,forward,0.08395934104919434,11161.35498046875
736,1775364007.0927713,backward,0.18108583986759186,524.150390625
736,1775364007.0956473,optimizer,0.0023788362741470337,524.150390625
737,1775364007.182928,forward,0.08401909098029137,11161.35498046875
737,1775364007.3641076,backward,0.18098419904708862,524.150390625
737,1775364007.3667958,optimizer,0.0021980423480272293,524.150390625
738,1775364007.4542553,forward,0.08390028774738312,11161.35498046875
738,1775364007.635427,backward,0.18097307905554771,524.150390625
738,1775364007.638116,optimizer,0.0021984707564115524,524.150390625
739,1775364007.7254674,forward,0.08406391181051731,11161.35498046875
739,1775364007.9066072,backward,0.18093851581215858,524.150390625
739,1775364007.9092944,optimizer,0.00220535509288311,524.150390625
740,1775364007.9969165,forward,0.08395297080278397,11161.35498046875
740,1775364008.1780572,backward,0.18095328845083714,524.150390625
740,1775364008.1807601,optimizer,0.002215024083852768,524.150390625
741,1775364008.2683475,forward,0.08403274230659008,11161.35498046875
741,1775364008.4496908,backward,0.18113521859049797,524.150390625
741,1775364008.4523876,optimizer,0.002205183729529381,524.150390625
742,1775364008.5401373,forward,0.08394266106188297,11161.35498046875
742,1775364008.7213042,backward,0.18097379803657532,524.150390625
742,1775364008.7240162,optimizer,0.002209654077887535,524.150390625
743,1775364008.8112712,forward,0.0839310996234417,11161.35498046875
743,1775364008.9923396,backward,0.1808784268796444,524.150390625
743,1775364008.9950466,optimizer,0.0022209249436855316,524.150390625
744,1775364009.0823374,forward,0.08399254083633423,11161.35498046875
744,1775364009.2634964,backward,0.18095649778842926,524.150390625
744,1775364009.266192,optimizer,0.0022044647485017776,524.150390625
745,1775364009.3535347,forward,0.08392448723316193,11161.35498046875
745,1775364009.5346704,backward,0.18094483576714993,524.150390625
745,1775364009.5373664,optimizer,0.0022110529243946075,524.150390625
746,1775364009.6247451,forward,0.0840589813888073,11161.35498046875
746,1775364009.8059654,backward,0.18103080056607723,524.150390625
746,1775364009.8086636,optimizer,0.0022164136171340942,524.150390625
747,1775364009.8963346,forward,0.08396460115909576,11161.35498046875
747,1775364010.0774457,backward,0.1809182595461607,524.150390625
747,1775364010.0801597,optimizer,0.002209952101111412,524.150390625
748,1775364010.1677456,forward,0.0840455237776041,11161.35498046875
748,1775364010.3490274,backward,0.1810858901590109,524.150390625
748,1775364010.3517299,optimizer,0.0022118836641311646,524.150390625
749,1775364010.4395485,forward,0.08392446115612984,11161.35498046875
749,1775364010.6206653,backward,0.1809290647506714,524.150390625
749,1775364010.6233785,optimizer,0.002220815047621727,524.150390625
750,1775364010.7106156,forward,0.08392667025327682,11161.35498046875
750,1775364010.8918302,backward,0.18102781102061272,524.150390625
750,1775364010.8945487,optimizer,0.0022261440753936768,524.150390625
751,1775364010.9818497,forward,0.08403955399990082,11161.35498046875
751,1775364011.1630433,backward,0.1809963770210743,524.150390625
751,1775364011.1657445,optimizer,0.0022189226001501083,524.150390625
752,1775364011.2532427,forward,0.08396174944937229,11161.35498046875
752,1775364011.4344478,backward,0.18101448938250542,524.150390625
752,1775364011.437154,optimizer,0.002231582999229431,524.150390625
753,1775364011.524487,forward,0.08403989113867283,11161.35498046875
753,1775364011.7056777,backward,0.1809993665665388,524.150390625
753,1775364011.7083936,optimizer,0.0022220034152269363,524.150390625
754,1775364011.7960553,forward,0.08397690020501614,11161.35498046875
754,1775364011.9772532,backward,0.18101014755666256,524.150390625
754,1775364011.9799654,optimizer,0.0022115539759397507,524.150390625
755,1775364012.0673373,forward,0.08406614139676094,11161.35498046875
755,1775364012.2486713,backward,0.18114856258034706,524.150390625
755,1775364012.2513833,optimizer,0.0022210925817489624,524.150390625
756,1775364012.3389926,forward,0.08397068083286285,11161.35498046875
756,1775364012.5201457,backward,0.18095882795751095,524.150390625
756,1775364012.5228422,optimizer,0.0022149235010147095,524.150390625
757,1775364012.6101813,forward,0.0840086117386818,11161.35498046875
757,1775364012.7914052,backward,0.18102399818599224,524.150390625
757,1775364012.7941232,optimizer,0.002218792214989662,524.150390625
758,1775364012.8814952,forward,0.084077512845397,11161.35498046875
758,1775364013.062626,backward,0.18093223497271538,524.150390625
758,1775364013.0653434,optimizer,0.002218693494796753,524.150390625
759,1775364013.1530864,forward,0.08398409932851791,11161.35498046875
759,1775364013.3342946,backward,0.18101125955581665,524.150390625
759,1775364013.3370006,optimizer,0.0022225622087717056,524.150390625
760,1775364013.4243686,forward,0.08407527394592762,11161.35498046875
760,1775364013.6056426,backward,0.18108234740793705,524.150390625
760,1775364013.608361,optimizer,0.0022108834236860275,524.150390625
761,1775364013.6959107,forward,0.08394443057477474,11161.35498046875
761,1775364013.876974,backward,0.18086345866322517,524.150390625
761,1775364013.8796878,optimizer,0.0022117048501968384,524.150390625
762,1775364013.9669511,forward,0.08398024924099445,11161.35498046875
762,1775364014.1482532,backward,0.18110829964280128,524.150390625
762,1775364014.1509662,optimizer,0.002220071852207184,524.150390625
763,1775364014.238415,forward,0.08400182984769344,11161.35498046875
763,1775364014.4196467,backward,0.18103336915373802,524.150390625
763,1775364014.42256,optimizer,0.002354973927140236,524.150390625
764,1775364014.5101614,forward,0.084003871306777,11161.35498046875
764,1775364014.6913984,backward,0.1810349877923727,524.150390625
764,1775364014.6940985,optimizer,0.002207992598414421,524.150390625
765,1775364014.78141,forward,0.0840691514313221,11161.35498046875
765,1775364014.9627151,backward,0.18110192008316517,524.150390625
765,1775364014.965408,optimizer,0.00220276415348053,524.150390625
766,1775364015.0529838,forward,0.08392591029405594,11161.35498046875
766,1775364015.2341099,backward,0.18093441799283028,524.150390625
766,1775364015.2368364,optimizer,0.00220339372754097,524.150390625
767,1775364015.3241868,forward,0.08402171172201633,11161.35498046875
767,1775364015.5054526,backward,0.18106044828891754,524.150390625
767,1775364015.5081623,optimizer,0.0022001415491104126,524.150390625
768,1775364015.5957088,forward,0.08392076939344406,11161.35498046875
768,1775364015.7768705,backward,0.18095744773745537,524.150390625
768,1775364015.7795699,optimizer,0.002208912745118141,524.150390625
769,1775364015.8669267,forward,0.08405535109341145,11161.35498046875
769,1775364016.0481606,backward,0.18103705905377865,524.150390625
769,1775364016.0508525,optimizer,0.0022013336420059204,524.150390625
770,1775364016.1381423,forward,0.08398271165788174,11161.35498046875
770,1775364016.3193324,backward,0.1809824202209711,524.150390625
770,1775364016.3220468,optimizer,0.0022056549787521362,524.150390625
771,1775364016.4093344,forward,0.08397109992802143,11161.35498046875
771,1775364016.590455,backward,0.18090121634304523,524.150390625
771,1775364016.5931606,optimizer,0.002205982804298401,524.150390625
772,1775364016.6804688,forward,0.08396486937999725,11161.35498046875
772,1775364016.8616285,backward,0.18096202798187733,524.150390625
772,1775364016.8643193,optimizer,0.002192659303545952,524.150390625
773,1775364016.9519286,forward,0.0839318223297596,11161.35498046875
773,1775364017.133111,backward,0.1809878572821617,524.150390625
773,1775364017.1358232,optimizer,0.0022166743874549866,524.150390625
774,1775364017.2231872,forward,0.08405194245278835,11161.35498046875
774,1775364017.4044073,backward,0.18102671019732952,524.150390625
774,1775364017.407133,optimizer,0.002213764935731888,524.150390625
775,1775364017.4947343,forward,0.08395707048475742,11161.35498046875
775,1775364017.675873,backward,0.18093856796622276,524.150390625
775,1775364017.678581,optimizer,0.0022149737924337387,524.150390625
776,1775364017.7659476,forward,0.08405591174960136,11161.35498046875
776,1775364017.9471805,backward,0.18104028701782227,524.150390625
776,1775364017.94989,optimizer,0.0022087935358285904,524.150390625
777,1775364018.0371802,forward,0.08397671952843666,11161.35498046875
777,1775364018.218289,backward,0.18092192709445953,524.150390625
777,1775364018.2210078,optimizer,0.0022171717137098312,524.150390625
778,1775364018.308297,forward,0.08397116884589195,11161.35498046875
778,1775364018.489479,backward,0.18096343614161015,524.150390625
778,1775364018.4921994,optimizer,0.0022032037377357483,524.150390625
779,1775364018.5795639,forward,0.08399715088307858,11161.35498046875
779,1775364018.7608414,backward,0.18108581006526947,524.150390625
779,1775364018.7635558,optimizer,0.0022157616913318634,524.150390625
780,1775364018.8512955,forward,0.08400406315922737,11161.35498046875
780,1775364019.0325108,backward,0.18102232739329338,524.150390625
780,1775364019.0352643,optimizer,0.002246502786874771,524.150390625
781,1775364019.122647,forward,0.08406741917133331,11161.35498046875
781,1775364019.3038318,backward,0.1809837371110916,524.150390625
781,1775364019.3065166,optimizer,0.0021989308297634125,524.150390625
782,1775364019.3940887,forward,0.08394073136150837,11161.35498046875
782,1775364019.5752664,backward,0.18097427859902382,524.150390625
782,1775364019.5779533,optimizer,0.0021974537521600723,524.150390625
783,1775364019.6653047,forward,0.08403056114912033,11161.35498046875
783,1775364019.8466408,backward,0.18114284053444862,524.150390625
783,1775364019.8493338,optimizer,0.0021952223032712936,524.150390625
784,1775364019.9366703,forward,0.08397891372442245,11161.35498046875
784,1775364020.1178157,backward,0.18093817494809628,524.150390625
784,1775364020.1205304,optimizer,0.0021996349096298218,524.150390625
785,1775364020.2078195,forward,0.08397478982806206,11161.35498046875
785,1775364020.3889892,backward,0.18097329698503017,524.150390625
785,1775364020.3917155,optimizer,0.002208264544606209,524.150390625
786,1775364020.4789982,forward,0.08397038280963898,11161.35498046875
786,1775364020.6601284,backward,0.1809262242168188,524.150390625
786,1775364020.662827,optimizer,0.0022070854902267456,524.150390625
787,1775364020.7503998,forward,0.08390271104872227,11161.35498046875
787,1775364020.931557,backward,0.18096364848315716,524.150390625
787,1775364020.9342604,optimizer,0.002202121540904045,524.150390625
788,1775364021.021681,forward,0.08410858362913132,11161.35498046875
788,1775364021.2029264,backward,0.1810489185154438,524.150390625
788,1775364021.2056277,optimizer,0.002202732488512993,524.150390625
789,1775364021.2933745,forward,0.0839645192027092,11161.35498046875
789,1775364021.4745903,backward,0.18100884929299355,524.150390625
789,1775364021.4772823,optimizer,0.002205783501267433,524.150390625
790,1775364021.5645852,forward,0.08400250039994717,11161.35498046875
790,1775364021.7459054,backward,0.18112696893513203,524.150390625
790,1775364021.7486017,optimizer,0.002207662910223007,524.150390625
791,1775364021.8361785,forward,0.08398975990712643,11161.35498046875
791,1775364022.0173788,backward,0.18100445717573166,524.150390625
791,1775364022.0200756,optimizer,0.00220424123108387,524.150390625
792,1775364022.1074078,forward,0.0839302409440279,11161.35498046875
792,1775364022.2886443,backward,0.18104293569922447,524.150390625
792,1775364022.2913868,optimizer,0.0022496934980154037,524.150390625
793,1775364022.378664,forward,0.08402857184410095,11161.35498046875
793,1775364022.559792,backward,0.1809349749237299,524.150390625
793,1775364022.5624979,optimizer,0.0022035520523786545,524.150390625
794,1775364022.6501217,forward,0.08395812101662159,11161.35498046875
794,1775364022.8313239,backward,0.1810089759528637,524.150390625
794,1775364022.8340633,optimizer,0.0022291839122772217,524.150390625
795,1775364022.9215467,forward,0.08411903120577335,11161.35498046875
795,1775364023.102787,backward,0.1810491681098938,524.150390625
795,1775364023.1054852,optimizer,0.00220545195043087,524.150390625
796,1775364023.1931057,forward,0.08400431089103222,11161.35498046875
796,1775364023.3741944,backward,0.18088342435657978,524.150390625
796,1775364023.3770041,optimizer,0.0022723954170942307,524.150390625
797,1775364023.4644103,forward,0.08402752317488194,11161.35498046875
797,1775364023.64562,backward,0.18101288005709648,524.150390625
797,1775364023.648313,optimizer,0.0022018644958734512,524.150390625
798,1775364023.735561,forward,0.08393782004714012,11161.35498046875
798,1775364023.916701,backward,0.18094797618687153,524.150390625
798,1775364023.9194221,optimizer,0.0022302046418190002,524.150390625
799,1775364024.0066466,forward,0.08392656035721302,11161.35498046875
799,1775364024.1877465,backward,0.1809027846902609,524.150390625
799,1775364024.190451,optimizer,0.002213152125477791,524.150390625
800,1775364024.2777214,forward,0.08397505059838295,11161.35498046875
800,1775364024.4589133,backward,0.18099377676844597,524.150390625
800,1775364024.4616172,optimizer,0.002211080864071846,524.150390625
801,1775364024.5493324,forward,0.08397937007248402,11161.35498046875
801,1775364024.73055,backward,0.1810264177620411,524.150390625
801,1775364024.7332718,optimizer,0.0022050831466913223,524.150390625
802,1775364024.8206878,forward,0.08409316278994083,11161.35498046875
802,1775364025.0020201,backward,0.18113022856414318,524.150390625
802,1775364025.0047247,optimizer,0.0022022444754838943,524.150390625
803,1775364025.0923762,forward,0.08395556174218655,11161.35498046875
803,1775364025.2735665,backward,0.18099678680300713,524.150390625
803,1775364025.2762673,optimizer,0.0022094622254371643,524.150390625
804,1775364025.363702,forward,0.08402622118592262,11161.35498046875
804,1775364025.5449386,backward,0.18104068748652935,524.150390625
804,1775364025.5476701,optimizer,0.002242831513285637,524.150390625
805,1775364025.6349103,forward,0.08394517004489899,11161.35498046875
805,1775364025.816106,backward,0.18100003711879253,524.150390625
805,1775364025.8188164,optimizer,0.002209275960922241,524.150390625
806,1775364025.906087,forward,0.08396155200898647,11161.35498046875
806,1775364026.0873191,backward,0.1810332890599966,524.150390625
806,1775364026.0900214,optimizer,0.0022070538252592087,524.150390625
807,1775364026.1773024,forward,0.08402437157928944,11161.35498046875
807,1775364026.3584511,backward,0.18095941469073296,524.150390625
807,1775364026.361156,optimizer,0.002209283411502838,524.150390625
808,1775364026.4486473,forward,0.08389553986489773,11161.35498046875
808,1775364026.6298015,backward,0.1809522770345211,524.150390625
808,1775364026.6324997,optimizer,0.002203274518251419,524.150390625
809,1775364026.7199204,forward,0.08410194329917431,11161.35498046875
809,1775364026.9011874,backward,0.18107536062598228,524.150390625
809,1775364026.9038975,optimizer,0.0022052936255931854,524.150390625
810,1775364026.991521,forward,0.08393599092960358,11161.35498046875
810,1775364027.1726532,backward,0.18093449622392654,524.150390625
810,1775364027.1753626,optimizer,0.002220233902335167,524.150390625
811,1775364027.2626765,forward,0.08399362117052078,11161.35498046875
811,1775364027.44389,backward,0.18101746775209904,524.150390625
811,1775364027.4465926,optimizer,0.002212041988968849,524.150390625
812,1775364027.534181,forward,0.08398509211838245,11161.35498046875
812,1775364027.7152734,backward,0.18089611642062664,524.150390625
812,1775364027.7179863,optimizer,0.0022167321294546127,524.150390625
813,1775364027.8053148,forward,0.08401964977383614,11161.35498046875
813,1775364027.9864657,backward,0.18095460906624794,524.150390625
813,1775364027.9891555,optimizer,0.0021987222135066986,524.150390625
814,1775364028.0764472,forward,0.08397341892123222,11161.35498046875
814,1775364028.2576168,backward,0.18097729794681072,524.150390625
814,1775364028.260324,optimizer,0.002206724137067795,524.150390625
815,1775364028.3477197,forward,0.08391625992953777,11161.35498046875
815,1775364028.528867,backward,0.18093225546181202,524.150390625
815,1775364028.5315738,optimizer,0.0022035762667655945,524.150390625
816,1775364028.6189256,forward,0.08404732123017311,11161.35498046875
816,1775364028.800152,backward,0.1810312382876873,524.150390625
816,1775364028.8028462,optimizer,0.002197612076997757,524.150390625
817,1775364028.8904264,forward,0.08391040936112404,11161.35498046875
817,1775364029.0715954,backward,0.18097716942429543,524.150390625
817,1775364029.0742948,optimizer,0.0022028423845767975,524.150390625
818,1775364029.161834,forward,0.08405206352472305,11161.35498046875
818,1775364029.3430698,backward,0.18104247003793716,524.150390625
818,1775364029.3457682,optimizer,0.00219627283513546,524.150390625
819,1775364029.4333165,forward,0.08395957946777344,11161.35498046875
819,1775364029.61441,backward,0.1808985061943531,524.150390625
819,1775364029.6171086,optimizer,0.0022060442715883255,524.150390625
820,1775364029.704384,forward,0.08395924046635628,11161.35498046875
820,1775364029.8854673,backward,0.18088780529797077,524.150390625
820,1775364029.8881664,optimizer,0.0021916329860687256,524.150390625
821,1775364029.975339,forward,0.0839127991348505,11161.35498046875
821,1775364030.1565912,backward,0.18104629777371883,524.150390625
821,1775364030.1592906,optimizer,0.0022097118198871613,524.150390625
822,1775364030.2465336,forward,0.08394156023859978,11161.35498046875
822,1775364030.427717,backward,0.18098652735352516,524.150390625
822,1775364030.430441,optimizer,0.002201855182647705,524.150390625
823,1775364030.5178049,forward,0.08405930176377296,11161.35498046875
823,1775364030.69898,backward,0.18098552711308002,524.150390625
823,1775364030.7016733,optimizer,0.00219542533159256,524.150390625
824,1775364030.7892811,forward,0.08392894826829433,11161.35498046875
824,1775364030.9703784,backward,0.1808949764817953,524.150390625
824,1775364030.9730744,optimizer,0.0022039245814085007,524.150390625
825,1775364031.060623,forward,0.08406585268676281,11161.35498046875
825,1775364031.241768,backward,0.18095456808805466,524.150390625
825,1775364031.244448,optimizer,0.0021954942494630814,524.150390625
826,1775364031.3320496,forward,0.08392293192446232,11161.35498046875
826,1775364031.5132399,backward,0.1810003798455,524.150390625
826,1775364031.5159807,optimizer,0.002226613461971283,524.150390625
827,1775364031.6032217,forward,0.08398568257689476,11161.35498046875
827,1775364031.7844126,backward,0.1809941679239273,524.150390625
827,1775364031.7871776,optimizer,0.0022630635648965836,524.150390625
828,1775364031.874534,forward,0.08395622111856937,11161.35498046875
828,1775364032.055871,backward,0.18114402890205383,524.150390625
828,1775364032.058568,optimizer,0.002207605168223381,524.150390625
829,1775364032.145829,forward,0.08397000283002853,11161.35498046875
829,1775364032.3270838,backward,0.18104871921241283,524.150390625
829,1775364032.3304856,optimizer,0.00272478349506855,524.150390625
830,1775364032.4181547,forward,0.08419817686080933,11161.35498046875
830,1775364032.5995448,backward,0.18119834177196026,524.150390625
830,1775364032.6022794,optimizer,0.0022301040589809418,524.150390625
831,1775364032.6898825,forward,0.08396233059465885,11161.35498046875
831,1775364032.8709896,backward,0.18090180680155754,524.150390625
831,1775364032.873706,optimizer,0.0022068843245506287,524.150390625
832,1775364032.9610405,forward,0.08403406292200089,11161.35498046875
832,1775364033.1422794,backward,0.18104849942028522,524.150390625
832,1775364033.1449823,optimizer,0.0022012218832969666,524.150390625
833,1775364033.2325754,forward,0.0839543305337429,11161.35498046875
833,1775364033.4138465,backward,0.18107453361153603,524.150390625
833,1775364033.416561,optimizer,0.0022084545344114304,524.150390625
834,1775364033.503877,forward,0.08397825248539448,11161.35498046875
834,1775364033.6850774,backward,0.18100292794406414,524.150390625
834,1775364033.6878004,optimizer,0.0022079013288021088,524.150390625
835,1775364033.7750793,forward,0.08399527333676815,11161.35498046875
835,1775364033.9563959,backward,0.18111371994018555,524.150390625
835,1775364033.9591224,optimizer,0.0022113751620054245,524.150390625
836,1775364034.0467343,forward,0.08394450880587101,11161.35498046875
836,1775364034.2279844,backward,0.18105234019458294,524.150390625
836,1775364034.2306895,optimizer,0.002205362543463707,524.150390625
837,1775364034.318065,forward,0.08409714512526989,11161.35498046875
837,1775364034.4993236,backward,0.18105164915323257,524.150390625
837,1775364034.502017,optimizer,0.002195943146944046,524.150390625
838,1775364034.5897422,forward,0.08393003977835178,11161.35498046875
838,1775364034.7708936,backward,0.18096131645143032,524.150390625
838,1775364034.7735908,optimizer,0.002198154106736183,524.150390625
839,1775364034.8610044,forward,0.084029171615839,11161.35498046875
839,1775364035.042199,backward,0.18100154027342796,524.150390625
839,1775364035.0448954,optimizer,0.0021977536380290985,524.150390625
840,1775364035.132173,forward,0.08397241309285164,11161.35498046875
840,1775364035.3133416,backward,0.18096103705465794,524.150390625
840,1775364035.3160496,optimizer,0.002208974212408066,524.150390625
841,1775364035.4033642,forward,0.08400090225040913,11161.35498046875
841,1775364035.5844984,backward,0.180930707603693,524.150390625
841,1775364035.5872035,optimizer,0.0022024232894182205,524.150390625
842,1775364035.6744843,forward,0.08397877216339111,11161.35498046875
842,1775364035.8556666,backward,0.1809890791773796,524.150390625
842,1775364035.8583684,optimizer,0.0021989326924085617,524.150390625
843,1775364035.9459548,forward,0.08395154029130936,11161.35498046875
843,1775364036.1271427,backward,0.18099751882255077,524.150390625
843,1775364036.1298435,optimizer,0.0022051017731428146,524.150390625
844,1775364036.2172258,forward,0.08407747186720371,11161.35498046875
844,1775364036.3984067,backward,0.18098987825214863,524.150390625
844,1775364036.4011085,optimizer,0.0022011809051036835,524.150390625
845,1775364036.4887323,forward,0.08392640016973019,11161.35498046875
845,1775364036.6699436,backward,0.18101747706532478,524.150390625
845,1775364036.6726224,optimizer,0.0021972227841615677,524.150390625
846,1775364036.7599175,forward,0.08399469964206219,11161.35498046875
846,1775364036.9411206,backward,0.18101409822702408,524.150390625
846,1775364036.94384,optimizer,0.0022171922028064728,524.150390625
847,1775364037.0314157,forward,0.08393441885709763,11161.35498046875
847,1775364037.2126064,backward,0.180998420342803,524.150390625
847,1775364037.2153194,optimizer,0.002214474603533745,524.150390625
848,1775364037.302601,forward,0.08396279998123646,11161.35498046875
848,1775364037.4838462,backward,0.18105063773691654,524.150390625
848,1775364037.486533,optimizer,0.0021973121911287308,524.150390625
849,1775364037.573807,forward,0.08401917293667793,11161.35498046875
849,1775364037.754998,backward,0.1810008380562067,524.150390625
849,1775364037.7576962,optimizer,0.002200514078140259,524.150390625
850,1775364037.8454041,forward,0.08395647071301937,11161.35498046875
850,1775364038.0266106,backward,0.18099813722074032,524.150390625
850,1775364038.0293114,optimizer,0.0022003035992383957,524.150390625
851,1775364038.116746,forward,0.08411776460707188,11161.35498046875
851,1775364038.2980492,backward,0.18110165745019913,524.150390625
851,1775364038.3007615,optimizer,0.0022027436643838882,524.150390625
852,1775364038.388347,forward,0.08396845869719982,11161.35498046875
852,1775364038.569429,backward,0.18088692426681519,524.150390625
852,1775364038.5721211,optimizer,0.002191184088587761,524.150390625
853,1775364038.6594322,forward,0.0840191300958395,11161.35498046875
853,1775364038.8407211,backward,0.18110401183366776,524.150390625
853,1775364038.84344,optimizer,0.0022187214344739914,524.150390625
854,1775364038.9307323,forward,0.08397247269749641,11161.35498046875
854,1775364039.111859,backward,0.1809293068945408,524.150390625
854,1775364039.114562,optimizer,0.0022085625678300858,524.150390625
855,1775364039.2019775,forward,0.084010761231184,11161.35498046875
855,1775364039.3831499,backward,0.1809740960597992,524.150390625
855,1775364039.3858628,optimizer,0.0022220518440008163,524.150390625
856,1775364039.4732952,forward,0.08404645137488842,11161.35498046875
856,1775364039.654614,backward,0.18112528137862682,524.150390625
856,1775364039.65731,optimizer,0.002206401899456978,524.150390625
857,1775364039.745017,forward,0.08402913250029087,11161.35498046875
857,1775364039.9262083,backward,0.1809989959001541,524.150390625
857,1775364039.9289155,optimizer,0.0022064726799726486,524.150390625
858,1775364040.0163078,forward,0.08407752215862274,11161.35498046875
858,1775364040.1975253,backward,0.1810245979577303,524.150390625
858,1775364040.2002304,optimizer,0.002201015129685402,524.150390625
859,1775364040.2877831,forward,0.08395794034004211,11161.35498046875
859,1775364040.4689453,backward,0.18096509762108326,524.150390625
859,1775364040.4716606,optimizer,0.002213982865214348,524.150390625
860,1775364040.5590174,forward,0.08403687179088593,11161.35498046875
860,1775364040.7402701,backward,0.18106450885534286,524.150390625
860,1775364040.7429786,optimizer,0.002214193344116211,524.150390625
861,1775364040.8302922,forward,0.08397689275443554,11161.35498046875
861,1775364041.0114381,backward,0.1809483002871275,524.150390625
861,1775364041.0141468,optimizer,0.002205982804298401,524.150390625
862,1775364041.1014354,forward,0.0839770007878542,11161.35498046875
862,1775364041.2826662,backward,0.18102766014635563,524.150390625
862,1775364041.2858255,optimizer,0.002352643758058548,524.150390625
863,1775364041.373139,forward,0.08400381356477737,11161.35498046875
863,1775364041.5544188,backward,0.1810759101063013,524.150390625
863,1775364041.557111,optimizer,0.0021922122687101364,524.150390625
864,1775364041.6446648,forward,0.08392119035124779,11161.35498046875
864,1775364041.8257856,backward,0.18092520534992218,524.150390625
864,1775364041.8284755,optimizer,0.0021940525621175766,524.150390625
865,1775364041.915853,forward,0.08405252359807491,11161.35498046875
865,1775364042.0970695,backward,0.18102184869349003,524.150390625
865,1775364042.0997665,optimizer,0.0021980740129947662,524.150390625
866,1775364042.1874352,forward,0.08396955020725727,11161.35498046875
866,1775364042.3685956,backward,0.1809636391699314,524.150390625
866,1775364042.3713064,optimizer,0.0022058337926864624,524.150390625
867,1775364042.4586184,forward,0.08401614055037498,11161.35498046875
867,1775364042.6398606,backward,0.18105356022715569,524.150390625
867,1775364042.6425567,optimizer,0.0021962616592645645,524.150390625
868,1775364042.7298796,forward,0.08399881049990654,11161.35498046875
868,1775364042.9112074,backward,0.18113564886152744,524.150390625
868,1775364042.9139216,optimizer,0.002203661948442459,524.150390625
869,1775364043.0011816,forward,0.08394885994493961,11161.35498046875
869,1775364043.18237,backward,0.18098818883299828,524.150390625
869,1775364043.1850739,optimizer,0.0022108517587184906,524.150390625
870,1775364043.2724142,forward,0.08402577973902225,11161.35498046875
870,1775364043.4536655,backward,0.1810612976551056,524.150390625
870,1775364043.4563558,optimizer,0.0022008027881383896,524.150390625
871,1775364043.543934,forward,0.08397621102631092,11161.35498046875
871,1775364043.7251918,backward,0.18106796965003014,524.150390625
871,1775364043.7279048,optimizer,0.0022033117711544037,524.150390625
872,1775364043.815253,forward,0.08402219042181969,11161.35498046875
872,1775364043.9965286,backward,0.1810781303793192,524.150390625
872,1775364043.9992347,optimizer,0.0022080037742853165,524.150390625
873,1775364044.0868652,forward,0.08397283218801022,11161.35498046875
873,1775364044.2680461,backward,0.18099494837224483,524.150390625
873,1775364044.2707646,optimizer,0.0022135917097330093,524.150390625
874,1775364044.3580692,forward,0.08400054275989532,11161.35498046875
874,1775364044.5392916,backward,0.18103054724633694,524.150390625
874,1775364044.542,optimizer,0.002210071310400963,524.150390625
875,1775364044.6292782,forward,0.08398739248514175,11161.35498046875
875,1775364044.8104432,backward,0.1809699684381485,524.150390625
875,1775364044.8131485,optimizer,0.002210911363363266,524.150390625
876,1775364044.900396,forward,0.08395691215991974,11161.35498046875
876,1775364045.081676,backward,0.18108635768294334,524.150390625
876,1775364045.0843668,optimizer,0.0022078119218349457,524.150390625
877,1775364045.1716728,forward,0.08404840156435966,11161.35498046875
877,1775364045.352956,backward,0.18109693937003613,524.150390625
877,1775364045.3556755,optimizer,0.002218211069703102,524.150390625
878,1775364045.4433014,forward,0.08394342102110386,11161.35498046875
878,1775364045.6244724,backward,0.18096779845654964,524.150390625
878,1775364045.6271908,optimizer,0.0022226721048355103,524.150390625
879,1775364045.7145286,forward,0.08404098078608513,11161.35498046875
879,1775364045.895786,backward,0.18106270022690296,524.150390625
879,1775364045.8984902,optimizer,0.0022098254412412643,524.150390625
880,1775364045.9860272,forward,0.08394713886082172,11161.35498046875
880,1775364046.167088,backward,0.18087108619511127,524.150390625
880,1775364046.1697924,optimizer,0.0022054221481084824,524.150390625
881,1775364046.2571561,forward,0.08405189216136932,11161.35498046875
881,1775364046.4384074,backward,0.1810480896383524,524.150390625
881,1775364046.4410987,optimizer,0.002189202234148979,524.150390625
882,1775364046.528498,forward,0.0839679129421711,11161.35498046875
882,1775364046.7096844,backward,0.18099388666450977,524.150390625
882,1775364046.712372,optimizer,0.0021950528025627136,524.150390625
883,1775364046.7996693,forward,0.08395691215991974,11161.35498046875
883,1775364046.9808083,backward,0.18094519898295403,524.150390625
883,1775364046.9835157,optimizer,0.002217791974544525,524.150390625
884,1775364047.070798,forward,0.08397824130952358,11161.35498046875
884,1775364047.2519345,backward,0.18093782849609852,524.150390625
884,1775364047.2546282,optimizer,0.0021975338459014893,524.150390625
885,1775364047.3422098,forward,0.08391307853162289,11161.35498046875
885,1775364047.5233707,backward,0.18096870742738247,524.150390625
885,1775364047.5260873,optimizer,0.0022090040147304535,524.150390625
886,1775364047.6134207,forward,0.08401794172823429,11161.35498046875
886,1775364047.794714,backward,0.181079788133502,524.150390625
886,1775364047.7974343,optimizer,0.002205170691013336,524.150390625
887,1775364047.8850741,forward,0.08395107090473175,11161.35498046875
887,1775364048.0663044,backward,0.18104329891502857,524.150390625
887,1775364048.0690033,optimizer,0.002200983464717865,524.150390625
888,1775364048.1563075,forward,0.08400998264551163,11161.35498046875
888,1775364048.3376234,backward,0.18112421035766602,524.150390625
888,1775364048.3403516,optimizer,0.002204563468694687,524.150390625
889,1775364048.4280593,forward,0.08401723206043243,11161.35498046875
889,1775364048.6092818,backward,0.18103056773543358,524.150390625
889,1775364048.6119802,optimizer,0.002200014889240265,524.150390625
890,1775364048.6992762,forward,0.08396740444004536,11161.35498046875
890,1775364048.8804717,backward,0.1810024380683899,524.150390625
890,1775364048.8832011,optimizer,0.0022339560091495514,524.150390625
891,1775364048.9705215,forward,0.08403626084327698,11161.35498046875
891,1775364049.1517985,backward,0.1810876987874508,524.150390625
891,1775364049.1545198,optimizer,0.0022247638553380966,524.150390625
892,1775364049.2421803,forward,0.08399933204054832,11161.35498046875
892,1775364049.4232965,backward,0.1809223871678114,524.150390625
892,1775364049.4259999,optimizer,0.0022053029388189316,524.150390625
893,1775364049.513353,forward,0.08407115191221237,11161.35498046875
893,1775364049.6945353,backward,0.18097420781850815,524.150390625
893,1775364049.6972458,optimizer,0.002208372578024864,524.150390625
894,1775364049.7848802,forward,0.08395779877901077,11161.35498046875
894,1775364049.9660294,backward,0.18095621839165688,524.150390625
894,1775364049.9687655,optimizer,0.0022038444876670837,524.150390625
895,1775364050.0561297,forward,0.0840305108577013,11161.35498046875
895,1775364050.2373526,backward,0.18101768754422665,524.150390625
895,1775364050.2406638,optimizer,0.0022904835641384125,524.150390625
896,1775364050.3284469,forward,0.08417979627847672,11161.35498046875
896,1775364050.509725,backward,0.1810520887374878,524.150390625
896,1775364050.5124466,optimizer,0.002210104838013649,524.150390625
897,1775364050.5998662,forward,0.08389968983829021,11161.35498046875
897,1775364050.781021,backward,0.18096125684678555,524.150390625
897,1775364050.7837431,optimizer,0.002230832353234291,524.150390625
898,1775364050.8712075,forward,0.08405216224491596,11161.35498046875
898,1775364051.052451,backward,0.1810486987233162,524.150390625
898,1775364051.055186,optimizer,0.0022306162863969803,524.150390625
899,1775364051.1429343,forward,0.08392413891851902,11161.35498046875
899,1775364051.3241422,backward,0.18100819922983646,524.150390625
899,1775364051.3268654,optimizer,0.002229144796729088,524.150390625
900,1775364051.4142177,forward,0.0840514525771141,11161.35498046875
900,1775364051.5953915,backward,0.18097110837697983,524.150390625
900,1775364051.5980995,optimizer,0.0022111814469099045,524.150390625
901,1775364051.6855905,forward,0.0839097797870636,11161.35498046875
901,1775364051.8667903,backward,0.18099797517061234,524.150390625
901,1775364051.86949,optimizer,0.002206653356552124,524.150390625
902,1775364051.957143,forward,0.08406992256641388,11161.35498046875
902,1775364052.1383154,backward,0.18097752705216408,524.150390625
902,1775364052.1410203,optimizer,0.0022063739597797394,524.150390625
903,1775364052.2282884,forward,0.08395063132047653,11161.35498046875
903,1775364052.4095335,backward,0.18105068057775497,524.150390625
903,1775364052.412255,optimizer,0.0022115539759397507,524.150390625
904,1775364052.499511,forward,0.08394893072545528,11161.35498046875
904,1775364052.6807353,backward,0.18103106878697872,524.150390625
904,1775364052.6834517,optimizer,0.002207743003964424,524.150390625
905,1775364052.7707236,forward,0.0839931108057499,11161.35498046875
905,1775364052.9519088,backward,0.1809872593730688,524.150390625
905,1775364052.9545913,optimizer,0.0021989233791828156,524.150390625
906,1775364053.0421317,forward,0.0839400589466095,11161.35498046875
906,1775364053.2233,backward,0.18097545765340328,524.150390625
906,1775364053.2260077,optimizer,0.0022173840552568436,524.150390625
907,1775364053.3133833,forward,0.08406553231179714,11161.35498046875
907,1775364053.4946153,backward,0.18102179653942585,524.150390625
907,1775364053.4973254,optimizer,0.002213282510638237,524.150390625
908,1775364053.5849931,forward,0.08399416133761406,11161.35498046875
908,1775364053.766214,backward,0.1810239888727665,524.150390625
908,1775364053.7689092,optimizer,0.002200532704591751,524.150390625
909,1775364053.8564513,forward,0.08397598937153816,11161.35498046875
909,1775364054.037612,backward,0.18096614815294743,524.150390625
909,1775364054.040316,optimizer,0.0022105444222688675,524.150390625
910,1775364054.1277292,forward,0.08399941213428974,11161.35498046875
910,1775364054.3089943,backward,0.1810650285333395,524.150390625
910,1775364054.3117085,optimizer,0.0022087320685386658,524.150390625
911,1775364054.3990066,forward,0.0839748028665781,11161.35498046875
911,1775364054.5802174,backward,0.18101012706756592,524.150390625
911,1775364054.582926,optimizer,0.002212611958384514,524.150390625
912,1775364054.6703317,forward,0.08407276310026646,11161.35498046875
912,1775364054.8515477,backward,0.18102100864052773,524.150390625
912,1775364054.8542466,optimizer,0.0021958835422992706,524.150390625
913,1775364054.9419131,forward,0.08389037102460861,11161.35498046875
913,1775364055.1231039,backward,0.18099131807684898,524.150390625
913,1775364055.1258154,optimizer,0.00221383199095726,524.150390625
914,1775364055.2134004,forward,0.08407527208328247,11161.35498046875
914,1775364055.3945932,backward,0.18099203892052174,524.150390625
914,1775364055.3972902,optimizer,0.0022028330713510513,524.150390625
915,1775364055.4849727,forward,0.08397847227752209,11161.35498046875
915,1775364055.6660914,backward,0.18092317879199982,524.150390625
915,1775364055.668787,optimizer,0.0021988656371831894,524.150390625
916,1775364055.7565217,forward,0.08398488163948059,11161.35498046875
916,1775364055.9377072,backward,0.1809894498437643,524.150390625
916,1775364055.9404097,optimizer,0.002209791913628578,524.150390625
917,1775364056.0277667,forward,0.08403298445045948,11161.35498046875
917,1775364056.2088606,backward,0.18089820817112923,524.150390625
917,1775364056.2115784,optimizer,0.0022349413484334946,524.150390625
918,1775364056.2989426,forward,0.08390570804476738,11161.35498046875
918,1775364056.480151,backward,0.1810247991234064,524.150390625
918,1775364056.4828584,optimizer,0.00220649316906929,524.150390625
919,1775364056.570177,forward,0.08406923152506351,11161.35498046875
919,1775364056.7514703,backward,0.18109758011996746,524.150390625
919,1775364056.754163,optimizer,0.0022067930549383163,524.150390625
920,1775364056.8418047,forward,0.08394570089876652,11161.35498046875
920,1775364057.0229633,backward,0.18096810765564442,524.150390625
920,1775364057.0256586,optimizer,0.0022077132016420364,524.150390625
921,1775364057.1130202,forward,0.08405589126050472,11161.35498046875
921,1775364057.2942007,backward,0.18099161982536316,524.150390625
921,1775364057.2969089,optimizer,0.0021996740251779556,524.150390625
922,1775364057.3845348,forward,0.08396755158901215,11161.35498046875
922,1775364057.5656545,backward,0.18092766776680946,524.150390625
922,1775364057.5683563,optimizer,0.0021955035626888275,524.150390625
923,1775364057.6558135,forward,0.08402086235582829,11161.35498046875
923,1775364057.8370657,backward,0.18105368874967098,524.150390625
923,1775364057.8397725,optimizer,0.002204703167080879,524.150390625
924,1775364057.927143,forward,0.08406001143157482,11161.35498046875
924,1775364058.108423,backward,0.18108482100069523,524.150390625
924,1775364058.1111872,optimizer,0.002267904579639435,524.150390625
925,1775364058.1986253,forward,0.08386032097041607,11161.35498046875
925,1775364058.3798523,backward,0.1810319796204567,524.150390625
925,1775364058.3826325,optimizer,0.0022053010761737823,524.150390625
926,1775364058.4700096,forward,0.08407721109688282,11161.35498046875
926,1775364058.651294,backward,0.18109248764812946,524.150390625
926,1775364058.6540546,optimizer,0.0022040139883756638,524.150390625
927,1775364058.7416477,forward,0.08397162333130836,11161.35498046875
927,1775364058.9228904,backward,0.1810456793755293,524.150390625
927,1775364058.9256635,optimizer,0.002203153446316719,524.150390625
928,1775364059.0129948,forward,0.08403113298118114,11161.35498046875
928,1775364059.1942418,backward,0.1810536663979292,524.150390625
928,1775364059.1970074,optimizer,0.0022084619849920273,524.150390625
929,1775364059.284527,forward,0.08398165926337242,11161.35498046875
929,1775364059.4659345,backward,0.18116549029946327,524.150390625
929,1775364059.4688246,optimizer,0.002326514571905136,524.150390625
930,1775364059.5563757,forward,0.08399525284767151,11161.35498046875
930,1775364059.7375972,backward,0.18102050758898258,524.150390625
930,1775364059.740309,optimizer,0.0022197850048542023,524.150390625
931,1775364059.8276553,forward,0.08403289131820202,11161.35498046875
931,1775364060.0088637,backward,0.18101192079484463,524.150390625
931,1775364060.0115778,optimizer,0.0022224243730306625,524.150390625
932,1775364060.099381,forward,0.08399465121328831,11161.35498046875
932,1775364060.280648,backward,0.1810755580663681,524.150390625
932,1775364060.2833617,optimizer,0.0022196434438228607,524.150390625
933,1775364060.37065,forward,0.08401989191770554,11161.35498046875
933,1775364060.5518434,backward,0.1810023281723261,524.150390625
933,1775364060.5545533,optimizer,0.0022114645689725876,524.150390625
934,1775364060.6422067,forward,0.08397815003991127,11161.35498046875
934,1775364060.8234692,backward,0.18107156828045845,524.150390625
934,1775364060.8261588,optimizer,0.0022017620503902435,524.150390625
935,1775364060.913409,forward,0.08396673947572708,11161.35498046875
935,1775364061.0945702,backward,0.18095743469893932,524.150390625
935,1775364061.0972586,optimizer,0.0022000856697559357,524.150390625
936,1775364061.1845808,forward,0.0840009618550539,11161.35498046875
936,1775364061.3659234,backward,0.1811482384800911,524.150390625
936,1775364061.3686326,optimizer,0.0022157635539770126,524.150390625
937,1775364061.455922,forward,0.08398527279496193,11161.35498046875
937,1775364061.6370656,backward,0.18094501830637455,524.150390625
937,1775364061.6397905,optimizer,0.0022094938904047012,524.150390625
938,1775364061.7272456,forward,0.08404155261814594,11161.35498046875
938,1775364061.9084015,backward,0.1809673085808754,524.150390625
938,1775364061.911114,optimizer,0.002221161499619484,524.150390625
939,1775364061.9987183,forward,0.08394322916865349,11161.35498046875
939,1775364062.179806,backward,0.1808934360742569,524.150390625
939,1775364062.1825106,optimizer,0.002201862633228302,524.150390625
940,1775364062.2698452,forward,0.08403769135475159,11161.35498046875
940,1775364062.451097,backward,0.18105749040842056,524.150390625
940,1775364062.4538016,optimizer,0.002209555357694626,524.150390625
941,1775364062.5414472,forward,0.08396180160343647,11161.35498046875
941,1775364062.7226384,backward,0.1809925213456154,524.150390625
941,1775364062.725326,optimizer,0.0021989308297634125,524.150390625
942,1775364062.8127124,forward,0.08401613123714924,11161.35498046875
942,1775364062.9939213,backward,0.18101320788264275,524.150390625
942,1775364062.9966152,optimizer,0.0021998751908540726,524.150390625
943,1775364063.0838606,forward,0.0839354507625103,11161.35498046875
943,1775364063.2650163,backward,0.18096036836504936,524.150390625
943,1775364063.2677193,optimizer,0.002208443358540535,524.150390625
944,1775364063.355008,forward,0.08402393199503422,11161.35498046875
944,1775364063.5361626,backward,0.1809481978416443,524.150390625
944,1775364063.538856,optimizer,0.0021988321095705032,524.150390625
945,1775364063.6263545,forward,0.08408055268228054,11161.35498046875
945,1775364063.807507,backward,0.1809587087482214,524.150390625
945,1775364063.8102076,optimizer,0.0022046715021133423,524.150390625
946,1775364063.8977652,forward,0.08391688019037247,11161.35498046875
946,1775364064.07891,backward,0.18094355799257755,524.150390625
946,1775364064.081602,optimizer,0.0022049136459827423,524.150390625
947,1775364064.169008,forward,0.08405104279518127,11161.35498046875
947,1775364064.3502188,backward,0.18101335503160954,524.150390625
947,1775364064.3529227,optimizer,0.002209492027759552,524.150390625
948,1775364064.4405508,forward,0.0839286595582962,11161.35498046875
948,1775364064.6216643,backward,0.18091549910604954,524.150390625
948,1775364064.624361,optimizer,0.0022058729082345963,524.150390625
949,1775364064.7117846,forward,0.08400416001677513,11161.35498046875
949,1775364064.8929553,backward,0.18098128028213978,524.150390625
949,1775364064.8956783,optimizer,0.0022319648414850235,524.150390625
950,1775364064.9829803,forward,0.08397550135850906,11161.35498046875
950,1775364065.1642227,backward,0.18105550110340118,524.150390625
950,1775364065.1669438,optimizer,0.002224663272500038,524.150390625
951,1775364065.254199,forward,0.08397850207984447,11161.35498046875
951,1775364065.4352903,backward,0.18089104443788528,524.150390625
951,1775364065.4379866,optimizer,0.0022119637578725815,524.150390625
952,1775364065.5252883,forward,0.08400114998221397,11161.35498046875
952,1775364065.706457,backward,0.1809762679040432,524.150390625
952,1775364065.7091544,optimizer,0.0022096317261457443,524.150390625
953,1775364065.7967527,forward,0.08394181169569492,11161.35498046875
953,1775364065.9780426,backward,0.18108571134507656,524.150390625
953,1775364065.9807584,optimizer,0.0022227242588996887,524.150390625
954,1775364066.0681305,forward,0.08406921103596687,11161.35498046875
954,1775364066.2493804,backward,0.1810548696666956,524.150390625
954,1775364066.2520862,optimizer,0.0022082142531871796,524.150390625
955,1775364066.339908,forward,0.08395097032189369,11161.35498046875
955,1775364066.5210578,backward,0.18095953948795795,524.150390625
955,1775364066.5237632,optimizer,0.002208232879638672,524.150390625
956,1775364066.6111667,forward,0.08398479968309402,11161.35498046875
956,1775364066.7923594,backward,0.1809950079768896,524.150390625
956,1775364066.7950613,optimizer,0.0022185929119586945,524.150390625
957,1775364066.8824737,forward,0.0839949194341898,11161.35498046875
957,1775364067.063699,backward,0.18102760799229145,524.150390625
957,1775364067.0663896,optimizer,0.0022013913840055466,524.150390625
958,1775364067.1549428,forward,0.08400769345462322,11161.35498046875
958,1775364067.3361464,backward,0.18100927956402302,524.150390625
958,1775364067.3388474,optimizer,0.0022449642419815063,524.150390625
959,1775364067.4261885,forward,0.08406011946499348,11161.35498046875
959,1775364067.6073475,backward,0.18098709732294083,524.150390625
959,1775364067.6100335,optimizer,0.0022368337959051132,524.150390625
960,1775364068.0058537,forward,0.08437334559857845,11161.35498046875
960,1775364068.1872802,backward,0.18120202049613,524.150390625
960,1775364068.1900566,optimizer,0.002252953127026558,524.150390625
961,1775364068.2777336,forward,0.08392240107059479,11161.35498046875
961,1775364068.4591384,backward,0.18121552281081676,524.150390625
961,1775364068.4618664,optimizer,0.002234870567917824,524.150390625
962,1775364068.5518365,forward,0.0843738280236721,11161.35498046875
962,1775364068.7340047,backward,0.18182624131441116,524.150390625
962,1775364068.7367935,optimizer,0.0022752750664949417,524.150390625
963,1775364068.8276474,forward,0.08434732630848885,11161.35498046875
963,1775364069.009426,backward,0.18151998333632946,524.150390625
963,1775364069.0122087,optimizer,0.0022249557077884674,524.150390625
964,1775364069.1001298,forward,0.08419047109782696,11161.35498046875
964,1775364069.2819264,backward,0.1815346349030733,524.150390625
964,1775364069.2846851,optimizer,0.0022411439567804337,524.150390625
965,1775364069.375918,forward,0.08423000574111938,11161.35498046875
965,1775364069.557692,backward,0.18150312453508377,524.150390625
965,1775364069.5604482,optimizer,0.002236664295196533,524.150390625
966,1775364069.6514604,forward,0.08434141613543034,11161.35498046875
966,1775364069.8332725,backward,0.18154139444231987,524.150390625
966,1775364069.8360229,optimizer,0.002225814387202263,524.150390625
967,1775364069.923801,forward,0.08431227691471577,11161.35498046875
967,1775364070.1056623,backward,0.1815905086696148,524.150390625
967,1775364070.1084316,optimizer,0.002247035503387451,524.150390625
968,1775364070.1994581,forward,0.0841895341873169,11161.35498046875
968,1775364070.3812296,backward,0.18151265382766724,524.150390625
968,1775364070.3839903,optimizer,0.0022299233824014664,524.150390625
969,1775364070.4717267,forward,0.08426978252828121,11161.35498046875
969,1775364070.6533804,backward,0.18137450329959393,524.150390625
969,1775364070.6561482,optimizer,0.002232814207673073,524.150390625
970,1775364070.7439165,forward,0.0842969473451376,11161.35498046875
970,1775364070.9257464,backward,0.1815393529832363,524.150390625
970,1775364070.928495,optimizer,0.0022291149944067,524.150390625
971,1775364071.01647,forward,0.08417576551437378,11161.35498046875
971,1775364071.1982622,backward,0.18154066801071167,524.150390625
971,1775364071.2010276,optimizer,0.0022325552999973297,524.150390625
972,1775364071.288735,forward,0.08425518311560154,11161.35498046875
972,1775364071.4705808,backward,0.18159366585314274,524.150390625
972,1775364071.4733434,optimizer,0.0022348351776599884,524.150390625
973,1775364071.5638897,forward,0.08428086712956429,11161.35498046875
973,1775364071.7457228,backward,0.1815806794911623,524.150390625
973,1775364071.748473,optimizer,0.002230154350399971,524.150390625
974,1775364071.8395402,forward,0.08427288755774498,11161.35498046875
974,1775364072.0212798,backward,0.18147207610309124,524.150390625
974,1775364072.0240479,optimizer,0.0022394713014364243,524.150390625
975,1775364072.1160953,forward,0.0842511560767889,11161.35498046875
975,1775364072.2979205,backward,0.18155844882130623,524.150390625
975,1775364072.3006957,optimizer,0.002242656424641609,524.150390625
976,1775364072.391528,forward,0.08423328027129173,11161.35498046875
976,1775364072.573205,backward,0.1814175881445408,524.150390625
976,1775364072.575951,optimizer,0.002231243997812271,524.150390625
977,1775364072.6637316,forward,0.0843038409948349,11161.35498046875
977,1775364072.8455603,backward,0.18158171698451042,524.150390625
977,1775364072.8483133,optimizer,0.0022424831986427307,524.150390625
978,1775364072.9398522,forward,0.08428627252578735,11161.35498046875
978,1775364073.1215715,backward,0.18146737851202488,524.150390625
978,1775364073.124322,optimizer,0.0022310223430395126,524.150390625
979,1775364073.2120533,forward,0.08426769264042377,11161.35498046875
979,1775364073.3937585,backward,0.18144418857991695,524.150390625
979,1775364073.3965092,optimizer,0.0022334344685077667,524.150390625
980,1775364073.4842126,forward,0.08424925059080124,11161.35498046875
980,1775364073.6660542,backward,0.18158943206071854,524.150390625
980,1775364073.6688075,optimizer,0.002234233543276787,524.150390625
981,1775364073.7600822,forward,0.0843281839042902,11161.35498046875
981,1775364073.9420528,backward,0.1817268617451191,524.150390625
981,1775364073.944807,optimizer,0.0022331513464450836,524.150390625
982,1775364074.032437,forward,0.08424152992665768,11161.35498046875
982,1775364074.2142763,backward,0.18158686719834805,524.150390625
982,1775364074.217029,optimizer,0.0022289156913757324,524.150390625
983,1775364074.3048575,forward,0.08438222296535969,11161.35498046875
983,1775364074.486681,backward,0.18157079070806503,524.150390625
983,1775364074.4894392,optimizer,0.0022379811853170395,524.150390625
984,1775364074.5795746,forward,0.08427241258323193,11161.35498046875
984,1775364074.7613575,backward,0.181538637727499,524.150390625
984,1775364074.7641282,optimizer,0.00223548524081707,524.150390625
985,1775364074.851785,forward,0.08422849886119366,11161.35498046875
985,1775364075.0335693,backward,0.18152457103133202,524.150390625
985,1775364075.0363297,optimizer,0.002239493653178215,524.150390625
986,1775364075.124072,forward,0.08427109196782112,11161.35498046875
986,1775364075.305964,backward,0.18164109997451305,524.150390625
986,1775364075.3087065,optimizer,0.0022228509187698364,524.150390625
987,1775364075.396816,forward,0.08427576161921024,11161.35498046875
987,1775364075.5787063,backward,0.18163933046162128,524.150390625
987,1775364075.5814743,optimizer,0.002237575128674507,524.150390625
988,1775364075.6719015,forward,0.08426672033965588,11161.35498046875
988,1775364075.8537817,backward,0.18161781318485737,524.150390625
988,1775364075.856541,optimizer,0.002218831330537796,524.150390625
989,1775364075.9476545,forward,0.08433890156447887,11161.35498046875
989,1775364076.1294794,backward,0.1815725490450859,524.150390625
989,1775364076.1322396,optimizer,0.0022332128137350082,524.150390625
990,1775364076.219981,forward,0.08425945229828358,11161.35498046875
990,1775364076.401854,backward,0.1816226113587618,524.150390625
990,1775364076.404612,optimizer,0.0022360533475875854,524.150390625
991,1775364076.4959016,forward,0.08425537310540676,11161.35498046875
991,1775364076.6776588,backward,0.18150052800774574,524.150390625
991,1775364076.6804087,optimizer,0.002235870808362961,524.150390625
992,1775364076.7716136,forward,0.08430143259465694,11161.35498046875
992,1775364076.953372,backward,0.1815133672207594,524.150390625
992,1775364076.9561481,optimizer,0.0022399742156267166,524.150390625
993,1775364077.0439394,forward,0.0842757448554039,11161.35498046875
993,1775364077.2257853,backward,0.18159406073391438,524.150390625
993,1775364077.2285316,optimizer,0.002232791855931282,524.150390625
994,1775364077.3165061,forward,0.0842068400233984,11161.35498046875
994,1775364077.4982455,backward,0.18148989789187908,524.150390625
994,1775364077.5010407,optimizer,0.002215733751654625,524.150390625
995,1775364077.5916843,forward,0.08434351347386837,11161.35498046875
995,1775364077.7735772,backward,0.18165207095444202,524.150390625
995,1775364077.7763815,optimizer,0.0022285431623458862,524.150390625
996,1775364077.8679519,forward,0.08426234126091003,11161.35498046875
996,1775364078.0496697,backward,0.18145660869777203,524.150390625
996,1775364078.0524943,optimizer,0.00224236398935318,524.150390625
997,1775364078.1436815,forward,0.08443178422749043,11161.35498046875
997,1775364078.3260643,backward,0.18203152529895306,524.150390625
997,1775364078.3289843,optimizer,0.002338271588087082,524.150390625
998,1775364078.4201217,forward,0.08436097204685211,11161.35498046875
998,1775364078.601885,backward,0.18151284754276276,524.150390625
998,1775364078.6047034,optimizer,0.002232912927865982,524.150390625
999,1775364078.6953933,forward,0.08424828201532364,11161.35498046875
999,1775364078.8771665,backward,0.18153038807213306,524.150390625
999,1775364078.879987,optimizer,0.0022312216460704803,524.150390625
1000,1775364078.967785,forward,0.0843581035733223,11161.35498046875
1000,1775364079.14965,backward,0.1816126275807619,524.150390625
1000,1775364079.1524103,optimizer,0.002238921821117401,524.150390625
1001,1775364079.2441854,forward,0.08440588414669037,11161.35498046875
1001,1775364079.4261029,backward,0.18167105317115784,524.150390625
1001,1775364079.4288661,optimizer,0.002231461927294731,524.150390625
1002,1775364079.5194092,forward,0.08429357223212719,11161.35498046875
1002,1775364079.7012043,backward,0.18154357001185417,524.150390625
1002,1775364079.7039714,optimizer,0.002240370959043503,524.150390625
1003,1775364079.7915592,forward,0.08416575193405151,11161.35498046875
1003,1775364079.9732788,backward,0.18148482777178288,524.150390625
1003,1775364079.976054,optimizer,0.0022425930947065353,524.150390625
1004,1775364080.063789,forward,0.08435079455375671,11161.35498046875
1004,1775364080.2456303,backward,0.181586978957057,524.150390625
1004,1775364080.2483878,optimizer,0.002243824303150177,524.150390625
1005,1775364080.3396752,forward,0.08436071313917637,11161.35498046875
1005,1775364080.5214221,backward,0.18149261735379696,524.150390625
1005,1775364080.5241833,optimizer,0.0022383425384759903,524.150390625
1006,1775364080.615397,forward,0.08424535021185875,11161.35498046875
1006,1775364080.797148,backward,0.181492879986763,524.150390625
1006,1775364080.7999096,optimizer,0.0022380314767360687,524.150390625
1007,1775364080.8876586,forward,0.084290761500597,11161.35498046875
1007,1775364081.069465,backward,0.18152864836156368,524.150390625
1007,1775364081.0722294,optimizer,0.0022425148636102676,524.150390625
1008,1775364081.1639304,forward,0.08434666506946087,11161.35498046875
1008,1775364081.345706,backward,0.18152636848390102,524.150390625
1008,1775364081.3484552,optimizer,0.002235064283013344,524.150390625
1009,1775364081.4364505,forward,0.08423149958252907,11161.35498046875
1009,1775364081.6182325,backward,0.1815343890339136,524.150390625
1009,1775364081.62102,optimizer,0.0022644735872745514,524.150390625
1010,1775364081.709921,forward,0.08460376784205437,11161.35498046875
1010,1775364081.891065,backward,0.18095587007701397,524.150390625
1010,1775364081.8938093,optimizer,0.002226492390036583,524.150390625
1011,1775364081.981128,forward,0.08403238654136658,11161.35498046875
1011,1775364082.1624599,backward,0.1811350118368864,524.150390625
1011,1775364082.1651971,optimizer,0.002234954386949539,524.150390625
1012,1775364082.2526643,forward,0.08394207619130611,11161.35498046875
1012,1775364082.4339683,backward,0.18111157417297363,524.150390625
1012,1775364082.4367135,optimizer,0.0022312719374895096,524.150390625
1013,1775364082.5240517,forward,0.08403142914175987,11161.35498046875
1013,1775364082.7052517,backward,0.1810020413249731,524.150390625
1013,1775364082.7080176,optimizer,0.0022531934082508087,524.150390625
1014,1775364082.7957194,forward,0.08392002619802952,11161.35498046875
1014,1775364082.9769037,backward,0.18098672665655613,524.150390625
1014,1775364082.979651,optimizer,0.0022514835000038147,524.150390625
1015,1775364083.0670285,forward,0.08399911969900131,11161.35498046875
1015,1775364083.248151,backward,0.18092848174273968,524.150390625
1015,1775364083.2508826,optimizer,0.002229243516921997,524.150390625
1016,1775364083.338187,forward,0.08399944752454758,11161.35498046875
1016,1775364083.5194411,backward,0.18106101267039776,524.150390625
1016,1775364083.5221841,optimizer,0.0022285636514425278,524.150390625
1017,1775364083.609448,forward,0.0839559081941843,11161.35498046875
1017,1775364083.7906501,backward,0.18099721148610115,524.150390625
1017,1775364083.7933867,optimizer,0.002225130796432495,524.150390625
1018,1775364083.8807178,forward,0.08402875997126102,11161.35498046875
1018,1775364084.0618806,backward,0.18096845969557762,524.150390625
1018,1775364084.064604,optimizer,0.0022185612469911575,524.150390625
1019,1775364084.156393,forward,0.08400094695389271,11161.35498046875
1019,1775364084.3374972,backward,0.18090401776134968,524.150390625
1019,1775364084.3403828,optimizer,0.0022333506494760513,524.150390625
1020,1775364084.4276633,forward,0.08397569879889488,11161.35498046875
1020,1775364084.608925,backward,0.18106704205274582,524.150390625
1020,1775364084.6116672,optimizer,0.00223691388964653,524.150390625
1021,1775364084.698966,forward,0.08398078568279743,11161.35498046875
1021,1775364084.880139,backward,0.18097317963838577,524.150390625
1021,1775364084.8828757,optimizer,0.002238202840089798,524.150390625
1022,1775364084.9702792,forward,0.08391764760017395,11161.35498046875
1022,1775364085.1514726,backward,0.18099668994545937,524.150390625
1022,1775364085.154245,optimizer,0.0022299829870462418,524.150390625
1023,1775364085.2417157,forward,0.08407885022461414,11161.35498046875
1023,1775364085.4229443,backward,0.1810240000486374,524.150390625
1023,1775364085.4256885,optimizer,0.0022346172481775284,524.150390625
1024,1775364085.5132778,forward,0.08398512564599514,11161.35498046875
1024,1775364085.6944299,backward,0.18095075897872448,524.150390625
1024,1775364085.6971672,optimizer,0.002228332683444023,524.150390625
1025,1775364085.7845342,forward,0.08405053056776524,11161.35498046875
1025,1775364085.9658978,backward,0.1811631005257368,524.150390625
1025,1775364085.9686475,optimizer,0.0022374633699655533,524.150390625
1026,1775364086.0562832,forward,0.08395003527402878,11161.35498046875
1026,1775364086.2374136,backward,0.18093448132276535,524.150390625
1026,1775364086.2401776,optimizer,0.0022537056356668472,524.150390625
1027,1775364086.327504,forward,0.08399756625294685,11161.35498046875
1027,1775364086.5086188,backward,0.180915679782629,524.150390625
1027,1775364086.5114353,optimizer,0.002231922000646591,524.150390625
1028,1775364086.5987465,forward,0.08401906117796898,11161.35498046875
1028,1775364086.7799854,backward,0.18104312010109425,524.150390625
1028,1775364086.7827783,optimizer,0.0022240113466978073,524.150390625
1029,1775364086.870514,forward,0.0840051881968975,11161.35498046875
1029,1775364087.0518465,backward,0.18113844096660614,524.150390625
1029,1775364087.0546348,optimizer,0.0022140908986330032,524.150390625
1030,1775364087.1421008,forward,0.0840741079300642,11161.35498046875
1030,1775364087.3233502,backward,0.1810543518513441,524.150390625
1030,1775364087.3265674,optimizer,0.002361474558711052,524.150390625
1031,1775364087.4142764,forward,0.0839940793812275,11161.35498046875
1031,1775364087.595535,backward,0.1810636017471552,524.150390625
1031,1775364087.5983183,optimizer,0.0022117309272289276,524.150390625
1032,1775364087.6857083,forward,0.08400925621390343,11161.35498046875
1032,1775364087.8669388,backward,0.18103248067200184,524.150390625
1032,1775364087.8697298,optimizer,0.002221064642071724,524.150390625
1033,1775364087.9570193,forward,0.0840558372437954,11161.35498046875
1033,1775364088.138269,backward,0.181049183011055,524.150390625
1033,1775364088.1410632,optimizer,0.0022276919335126877,524.150390625
1034,1775364088.2283103,forward,0.08394450694322586,11161.35498046875
1034,1775364088.4095223,backward,0.1810205988585949,524.150390625
1034,1775364088.4123209,optimizer,0.0022185631096363068,524.150390625
1035,1775364088.4996507,forward,0.08401928842067719,11161.35498046875
1035,1775364088.68086,backward,0.1810154002159834,524.150390625
1035,1775364088.683656,optimizer,0.002224484458565712,524.150390625
1036,1775364088.7712686,forward,0.08393289893865585,11161.35498046875
1036,1775364088.9525075,backward,0.1810466218739748,524.150390625
1036,1775364088.955309,optimizer,0.0022301841527223587,524.150390625
1037,1775364089.0426562,forward,0.08405588939785957,11161.35498046875
1037,1775364089.2238817,backward,0.1810360997915268,524.150390625
1037,1775364089.2266712,optimizer,0.002219822257757187,524.150390625
1038,1775364089.314236,forward,0.08398216590285301,11161.35498046875
1038,1775364089.495562,backward,0.18113143183290958,524.150390625
1038,1775364089.4983447,optimizer,0.0022091232240200043,524.150390625
1039,1775364089.5856102,forward,0.08398487605154514,11161.35498046875
1039,1775364089.7668228,backward,0.18101792968809605,524.150390625
1039,1775364089.7696106,optimizer,0.0022018440067768097,524.150390625
1040,1775364089.856838,forward,0.08395210839807987,11161.35498046875
1040,1775364090.0380516,backward,0.18102389201521873,524.150390625
1040,1775364090.0408466,optimizer,0.0022203922271728516,524.150390625
1041,1775364090.1280892,forward,0.08394566737115383,11161.35498046875
1041,1775364090.3094213,backward,0.1811248231679201,524.150390625
1041,1775364090.3122132,optimizer,0.0021979250013828278,524.150390625
1042,1775364090.3996,forward,0.08405514992773533,11161.35498046875
1042,1775364090.5807824,backward,0.18098671920597553,524.150390625
1042,1775364090.5835562,optimizer,0.002202611416578293,524.150390625
1043,1775364090.6711645,forward,0.08391384594142437,11161.35498046875
1043,1775364090.8523507,backward,0.18099839985370636,524.150390625
1043,1775364090.855121,optimizer,0.002210501581430435,524.150390625
1044,1775364090.9426026,forward,0.08404598012566566,11161.35498046875
1044,1775364091.1237502,backward,0.1809628289192915,524.150390625
1044,1775364091.1265357,optimizer,0.002211613580584526,524.150390625
1045,1775364091.2141368,forward,0.0840079803019762,11161.35498046875
1045,1775364091.3953218,backward,0.1809916216880083,524.150390625
1045,1775364091.3981023,optimizer,0.002216832712292671,524.150390625
1046,1775364091.485411,forward,0.08400534838438034,11161.35498046875
1046,1775364091.6665845,backward,0.18096897937357426,524.150390625
1046,1775364091.6692932,optimizer,0.002206522971391678,524.150390625
1047,1775364091.756563,forward,0.08401385694742203,11161.35498046875
1047,1775364091.9377534,backward,0.18100516125559807,524.150390625
1047,1775364091.9404585,optimizer,0.002198152244091034,524.150390625
1048,1775364092.0278273,forward,0.0840488076210022,11161.35498046875
1048,1775364092.209186,backward,0.1811662819236517,524.150390625
1048,1775364092.21195,optimizer,0.002210332080721855,524.150390625
1049,1775364092.2993162,forward,0.08405216038227081,11161.35498046875
1049,1775364092.4805555,backward,0.18104499951004982,524.150390625
1049,1775364092.4832745,optimizer,0.00221933051943779,524.150390625
1050,1775364092.5708475,forward,0.08397460542619228,11161.35498046875
1050,1775364092.7520509,backward,0.18100898154079914,524.150390625
1050,1775364092.7547574,optimizer,0.0022035520523786545,524.150390625
1051,1775364092.8421671,forward,0.08397497609257698,11161.35498046875
1051,1775364093.023429,backward,0.1810683235526085,524.150390625
1051,1775364093.026139,optimizer,0.0022077616304159164,524.150390625
1052,1775364093.11373,forward,0.08396783471107483,11161.35498046875
1052,1775364093.29484,backward,0.1809170376509428,524.150390625
1052,1775364093.297553,optimizer,0.0022031813859939575,524.150390625
1053,1775364093.3848193,forward,0.0839749276638031,11161.35498046875
1053,1775364093.5661588,backward,0.18114414438605309,524.150390625
1053,1775364093.5688663,optimizer,0.0022040344774723053,524.150390625
1054,1775364093.6563437,forward,0.08407392725348473,11161.35498046875
1054,1775364093.837564,backward,0.18102574348449707,524.150390625
1054,1775364093.8402796,optimizer,0.002211114391684532,524.150390625
1055,1775364093.927806,forward,0.08387749642133713,11161.35498046875
1055,1775364094.109015,backward,0.181018378585577,524.150390625
1055,1775364094.1117263,optimizer,0.0022101420909166336,524.150390625
1056,1775364094.1990974,forward,0.08406505919992924,11161.35498046875
1056,1775364094.3804102,backward,0.18112246319651604,524.150390625
1056,1775364094.383134,optimizer,0.0022125504910945892,524.150390625
1057,1775364094.470694,forward,0.08388165570795536,11161.35498046875
1057,1775364094.6519,backward,0.18100794032216072,524.150390625
1057,1775364094.65461,optimizer,0.002211645245552063,524.150390625
1058,1775364094.741912,forward,0.08401028625667095,11161.35498046875
1058,1775364094.9232156,backward,0.18111496232450008,524.150390625
1058,1775364094.92593,optimizer,0.00221109576523304,524.150390625
1059,1775364095.013607,forward,0.08398128673434258,11161.35498046875
1059,1775364095.1948948,backward,0.18109052255749702,524.150390625
1059,1775364095.1976078,optimizer,0.0022034216672182083,524.150390625
1060,1775364095.284897,forward,0.08398006856441498,11161.35498046875
1060,1775364095.4661524,backward,0.1810554303228855,524.150390625
1060,1775364095.4688492,optimizer,0.0021983832120895386,524.150390625
1061,1775364095.5560918,forward,0.08400294929742813,11161.35498046875
1061,1775364095.737386,backward,0.18110284954309464,524.150390625
1061,1775364095.7401083,optimizer,0.0021979939192533493,524.150390625
1062,1775364095.8278308,forward,0.0839861948043108,11161.35498046875
1062,1775364096.009012,backward,0.1809707209467888,524.150390625
1062,1775364096.0117395,optimizer,0.002207644283771515,524.150390625
1063,1775364096.0990999,forward,0.08404339849948883,11161.35498046875
1063,1775364096.280357,backward,0.18106644973158836,524.150390625
1063,1775364096.2830877,optimizer,0.0022207703441381454,524.150390625
1064,1775364096.3707736,forward,0.08400876820087433,11161.35498046875
1064,1775364096.5527363,backward,0.18171088211238384,524.150390625
1064,1775364096.5554924,optimizer,0.0022450555115938187,524.150390625
1065,1775364096.6432774,forward,0.08403078839182854,11161.35498046875
1065,1775364096.8244753,backward,0.1810108721256256,524.150390625
1065,1775364096.8271873,optimizer,0.0022094137966632843,524.150390625
1066,1775364096.9145494,forward,0.08400316722691059,11161.35498046875
1066,1775364097.095735,backward,0.1809893511235714,524.150390625
1066,1775364097.098462,optimizer,0.0022205933928489685,524.150390625
1067,1775364097.1857173,forward,0.08394887670874596,11161.35498046875
1067,1775364097.366911,backward,0.18100074119865894,524.150390625
1067,1775364097.3696322,optimizer,0.002210443839430809,524.150390625
1068,1775364097.4569707,forward,0.08405207842588425,11161.35498046875
1068,1775364097.6382263,backward,0.1810620315372944,524.150390625
1068,1775364097.6409414,optimizer,0.0022016428411006927,524.150390625
1069,1775364097.728528,forward,0.08391306735575199,11161.35498046875
1069,1775364097.9097502,backward,0.18102795258164406,524.150390625
1069,1775364097.9124968,optimizer,0.002231752499938011,524.150390625
1070,1775364097.9998558,forward,0.08403708040714264,11161.35498046875
1070,1775364098.181037,backward,0.18098217993974686,524.150390625
1070,1775364098.1837635,optimizer,0.0022030025720596313,524.150390625
1071,1775364098.2712917,forward,0.08392179571092129,11161.35498046875
1071,1775364098.4524143,backward,0.18093223869800568,524.150390625
1071,1775364098.4551384,optimizer,0.0022177938371896744,524.150390625
1072,1775364098.542726,forward,0.08397799544036388,11161.35498046875
1072,1775364098.723867,backward,0.1809501200914383,524.150390625
1072,1775364098.7265756,optimizer,0.002210734412074089,524.150390625
1073,1775364098.813869,forward,0.08397748693823814,11161.35498046875
1073,1775364098.9951203,backward,0.18105247057974339,524.150390625
1073,1775364098.9978268,optimizer,0.0021993592381477356,524.150390625
1074,1775364099.0850513,forward,0.08393856510519981,11161.35498046875
1074,1775364099.2662244,backward,0.18097931146621704,524.150390625
1074,1775364099.2689219,optimizer,0.002194315195083618,524.150390625
1075,1775364099.3562381,forward,0.0840649101883173,11161.35498046875
1075,1775364099.5374556,backward,0.18102582916617393,524.150390625
1075,1775364099.5401907,optimizer,0.002217281609773636,524.150390625
1076,1775364099.6279318,forward,0.08395283669233322,11161.35498046875
1076,1775364099.809066,backward,0.1809359397739172,524.150390625
1076,1775364099.8117857,optimizer,0.0022058747708797455,524.150390625
1077,1775364099.8991659,forward,0.08406297862529755,11161.35498046875
1077,1775364100.080281,backward,0.1809189785271883,524.150390625
1077,1775364100.083012,optimizer,0.002220453694462776,524.150390625
1078,1775364100.1706529,forward,0.08393099531531334,11161.35498046875
1078,1775364100.3518517,backward,0.18101155944168568,524.150390625
1078,1775364100.3545768,optimizer,0.0022178329527378082,524.150390625
1079,1775364100.442179,forward,0.08402350917458534,11161.35498046875
1079,1775364100.623363,backward,0.18098272755742073,524.150390625
1079,1775364100.6260724,optimizer,0.0022077932953834534,524.150390625
1080,1775364100.71338,forward,0.08400881662964821,11161.35498046875
1080,1775364100.8945913,backward,0.18101116083562374,524.150390625
1080,1775364100.8973076,optimizer,0.0022114738821983337,524.150390625
1081,1775364100.9846056,forward,0.08395751938223839,11161.35498046875
1081,1775364101.1658368,backward,0.18104027211666107,524.150390625
1081,1775364101.168546,optimizer,0.0022145137190818787,524.150390625
1082,1775364101.2559278,forward,0.08407814800739288,11161.35498046875
1082,1775364101.4371786,backward,0.18105725198984146,524.150390625
1082,1775364101.4399168,optimizer,0.0022211745381355286,524.150390625
1083,1775364101.5275261,forward,0.08392617665231228,11161.35498046875
1083,1775364101.7087553,backward,0.1810361109673977,524.150390625
1083,1775364101.711484,optimizer,0.002219613641500473,524.150390625
1084,1775364101.798801,forward,0.0840182676911354,11161.35498046875
1084,1775364101.979951,backward,0.18096193112432957,524.150390625
1084,1775364101.9826634,optimizer,0.0022133514285087585,524.150390625
1085,1775364102.0702493,forward,0.08398686908185482,11161.35498046875
1085,1775364102.2514424,backward,0.18100503087043762,524.150390625
1085,1775364102.2541616,optimizer,0.002216653898358345,524.150390625
1086,1775364102.3418906,forward,0.08403719775378704,11161.35498046875
1086,1775364102.5231705,backward,0.1810813620686531,524.150390625
1086,1775364102.525927,optimizer,0.0022148750722408295,524.150390625
1087,1775364102.613311,forward,0.08402552828192711,11161.35498046875
1087,1775364102.7946162,backward,0.18109912984073162,524.150390625
1087,1775364102.7973344,optimizer,0.0022057946771383286,524.150390625
1088,1775364102.8848374,forward,0.0839079488068819,11161.35498046875
1088,1775364103.0660207,backward,0.18098357878625393,524.150390625
1088,1775364103.0687616,optimizer,0.0022333431988954544,524.150390625
1089,1775364103.1560822,forward,0.08403925783932209,11161.35498046875
1089,1775364103.3372946,backward,0.18101820163428783,524.150390625
1089,1775364103.340014,optimizer,0.002203945070505142,524.150390625
1090,1775364103.4276834,forward,0.083949726074934,11161.35498046875
1090,1775364103.6089005,backward,0.18101193942129612,524.150390625
1090,1775364103.6116326,optimizer,0.002205135300755501,524.150390625
1091,1775364103.698946,forward,0.084013806656003,11161.35498046875
1091,1775364103.8801935,backward,0.1810512412339449,524.150390625
1091,1775364103.8829157,optimizer,0.0022123530507087708,524.150390625
1092,1775364103.9705234,forward,0.08396219648420811,11161.35498046875
1092,1775364104.1516113,backward,0.1808855701237917,524.150390625
1092,1775364104.1543307,optimizer,0.0021990034729242325,524.150390625
1093,1775364104.241606,forward,0.08396963588893414,11161.35498046875
1093,1775364104.422817,backward,0.1810158919543028,524.150390625
1093,1775364104.4255438,optimizer,0.0022155437618494034,524.150390625
1094,1775364104.5128598,forward,0.0840140487998724,11161.35498046875
1094,1775364104.6939785,backward,0.18090900965034962,524.150390625
1094,1775364104.696688,optimizer,0.0021982118487358093,524.150390625
1095,1775364104.7841923,forward,0.08392700739204884,11161.35498046875
1095,1775364104.9654236,backward,0.18104397132992744,524.150390625
1095,1775364104.968144,optimizer,0.0022114813327789307,524.150390625
1096,1775364105.0555441,forward,0.08406984619796276,11161.35498046875
1096,1775364105.2368515,backward,0.1811148915439844,524.150390625
1096,1775364105.2395587,optimizer,0.002212613821029663,524.150390625
1097,1775364105.3272169,forward,0.08397898077964783,11161.35498046875
1097,1775364105.5084503,backward,0.18094859085977077,524.150390625
1097,1775364105.5113356,optimizer,0.0023722555488348007,524.150390625
1098,1775364105.598897,forward,0.08407237008213997,11161.35498046875
1098,1775364105.7801108,backward,0.1810223124921322,524.150390625
1098,1775364105.7828197,optimizer,0.002207024022936821,524.150390625
1099,1775364105.8701773,forward,0.08397074788808823,11161.35498046875
1099,1775364106.0513542,backward,0.180986899882555,524.150390625
1099,1775364106.05407,optimizer,0.0022092312574386597,524.150390625
1100,1775364106.141515,forward,0.08401796780526638,11161.35498046875
1100,1775364106.322713,backward,0.18099443055689335,524.150390625
1100,1775364106.3254213,optimizer,0.002204861491918564,524.150390625
1101,1775364106.412717,forward,0.08397824876010418,11161.35498046875
1101,1775364106.5940442,backward,0.1811348143965006,524.150390625
1101,1775364106.5967581,optimizer,0.0022109132260084152,524.150390625
1102,1775364106.6843433,forward,0.08394003473222256,11161.35498046875
1102,1775364106.865487,backward,0.18095272965729237,524.150390625
1102,1775364106.8682115,optimizer,0.002211201936006546,524.150390625
1103,1775364106.955556,forward,0.0840667299926281,11161.35498046875
1103,1775364107.13687,backward,0.1811168510466814,524.150390625
1103,1775364107.1396003,optimizer,0.002214943990111351,524.150390625
1104,1775364107.2272296,forward,0.08391881734132767,11161.35498046875
1104,1775364107.4082935,backward,0.18087182752788067,524.150390625
1104,1775364107.4110053,optimizer,0.002208581194281578,524.150390625
1105,1775364107.4983497,forward,0.08404644764959812,11161.35498046875
1105,1775364107.6795018,backward,0.18095806799829006,524.150390625
1105,1775364107.6822302,optimizer,0.0022121910005807877,524.150390625
1106,1775364107.7697036,forward,0.08397790789604187,11161.35498046875
1106,1775364107.9509025,backward,0.1809977889060974,524.150390625
1106,1775364107.953626,optimizer,0.002209192141890526,524.150390625
1107,1775364108.0410194,forward,0.08399581909179688,11161.35498046875
1107,1775364108.2221913,backward,0.18096543289721012,524.150390625
1107,1775364108.2249,optimizer,0.0021993517875671387,524.150390625
1108,1775364108.3122528,forward,0.08404116705060005,11161.35498046875
1108,1775364108.4934573,backward,0.18101635202765465,524.150390625
1108,1775364108.4961855,optimizer,0.002206064760684967,524.150390625
1109,1775364108.5838034,forward,0.08395607955753803,11161.35498046875
1109,1775364108.7649627,backward,0.18097305856645107,524.150390625
1109,1775364108.7676973,optimizer,0.0022164229303598404,524.150390625
1110,1775364108.855112,forward,0.08409173972904682,11161.35498046875
1110,1775364109.03642,backward,0.18111402168869972,524.150390625
1110,1775364109.0391464,optimizer,0.00221935473382473,524.150390625
