step,wall_timestamp,phase,duration_sec,gpu_mem_mb
0,1774705491.645003,forward,0.3101506493985653,11152.7294921875
0,1774705491.9267998,backward,0.2815569434314966,519.27490234375
0,1774705491.9385388,optimizer,0.011447904631495476,519.27490234375
1,1774705492.0255857,forward,0.08357147127389908,11161.35498046875
1,1774705492.2053456,backward,0.17956597171723843,524.150390625
1,1774705492.2084863,optimizer,0.0023985393345355988,524.150390625
2,1774705492.2955406,forward,0.08335605822503567,11161.35498046875
2,1774705492.475148,backward,0.1794168371707201,524.150390625
2,1774705492.4778874,optimizer,0.0022236239165067673,524.150390625
3,1774705492.5646687,forward,0.08343644998967648,11161.35498046875
3,1774705492.7445362,backward,0.1796739585697651,524.150390625
3,1774705492.7472727,optimizer,0.0022169258445501328,524.150390625
4,1774705492.8343909,forward,0.08341586031019688,11161.35498046875
4,1774705493.0146909,backward,0.1800406388938427,524.150390625
4,1774705493.017471,optimizer,0.00225241482257843,524.150390625
5,1774705493.104303,forward,0.08344770781695843,11161.35498046875
5,1774705493.2841122,backward,0.17961379140615463,524.150390625
5,1774705493.286856,optimizer,0.0022274963557720184,524.150390625
6,1774705493.3738775,forward,0.083379365503788,11161.35498046875
6,1774705493.5536742,backward,0.1795986294746399,524.150390625
6,1774705493.5566068,optimizer,0.0023518167436122894,524.150390625
7,1774705493.64357,forward,0.08343620970845222,11161.35498046875
7,1774705493.8233635,backward,0.1795984599739313,524.150390625
7,1774705493.826104,optimizer,0.0022201165556907654,524.150390625
8,1774705493.9154005,forward,0.08338302001357079,11161.35498046875
8,1774705494.0952187,backward,0.1796233132481575,524.150390625
8,1774705494.098125,optimizer,0.0023244358599185944,524.150390625
9,1774705494.185179,forward,0.08346632868051529,11161.35498046875
9,1774705494.3650544,backward,0.1796861607581377,524.150390625
9,1774705494.367791,optimizer,0.002212483435869217,524.150390625
10,1774705494.4547293,forward,0.08338752761483192,11161.35498046875
10,1774705494.6345537,backward,0.17961682192981243,524.150390625
10,1774705494.6372926,optimizer,0.0022261738777160645,524.150390625
11,1774705494.7240503,forward,0.08343807980418205,11161.35498046875
11,1774705494.904066,backward,0.17981931567192078,524.150390625
11,1774705494.9074492,optimizer,0.0027653034776449203,524.150390625
12,1774705494.9945843,forward,0.08345243893563747,11161.35498046875
12,1774705495.1745272,backward,0.17973900213837624,524.150390625
12,1774705495.1772544,optimizer,0.002219395712018013,524.150390625
13,1774705495.2639582,forward,0.08343440853059292,11161.35498046875
13,1774705495.4438276,backward,0.17967716045677662,524.150390625
13,1774705495.4465683,optimizer,0.0022212471812963486,524.150390625
14,1774705495.533507,forward,0.08337690867483616,11161.35498046875
14,1774705495.7133708,backward,0.17966452054679394,524.150390625
14,1774705495.716613,optimizer,0.0023630578070878983,524.150390625
15,1774705495.8036518,forward,0.08349177986383438,11161.35498046875
15,1774705495.9835474,backward,0.17969946190714836,524.150390625
15,1774705495.986273,optimizer,0.0022148825228214264,524.150390625
16,1774705496.0733552,forward,0.0833735391497612,11161.35498046875
16,1774705496.253205,backward,0.1796419806778431,524.150390625
16,1774705496.2559588,optimizer,0.0022367164492607117,524.150390625
17,1774705496.34273,forward,0.08350346982479095,11161.35498046875
17,1774705496.5229897,backward,0.17998399958014488,524.150390625
17,1774705496.5257654,optimizer,0.002261316403746605,524.150390625
18,1774705496.6128476,forward,0.0834742896258831,11161.35498046875
18,1774705496.7928822,backward,0.17984753288328648,524.150390625
18,1774705496.7956433,optimizer,0.0022423360496759415,524.150390625
19,1774705496.8823962,forward,0.0834940392524004,11161.35498046875
19,1774705497.0622342,backward,0.1796399187296629,524.150390625
19,1774705497.0649662,optimizer,0.0022141430526971817,524.150390625
20,1774705497.1520858,forward,0.0834543090313673,11161.35498046875
20,1774705497.3320363,backward,0.17969474010169506,524.150390625
20,1774705497.334874,optimizer,0.0023161862045526505,524.150390625
21,1774705497.4219656,forward,0.08357186242938042,11161.35498046875
21,1774705497.6018186,backward,0.17966092377901077,524.150390625
21,1774705497.6045575,optimizer,0.0022141356021165848,524.150390625
22,1774705497.6917434,forward,0.08340773731470108,11161.35498046875
22,1774705497.8716116,backward,0.1796722114086151,524.150390625
22,1774705497.8743436,optimizer,0.002211734652519226,524.150390625
23,1774705497.9611905,forward,0.08350086025893688,11161.35498046875
23,1774705498.141338,backward,0.17988276667892933,524.150390625
23,1774705498.144125,optimizer,0.002256404608488083,524.150390625
24,1774705498.2313886,forward,0.08341527916491032,11161.35498046875
24,1774705498.4113226,backward,0.17974058166146278,524.150390625
24,1774705498.4140866,optimizer,0.0022226162254810333,524.150390625
25,1774705498.5009358,forward,0.08346793055534363,11161.35498046875
25,1774705498.680841,backward,0.1797124221920967,524.150390625
25,1774705498.68358,optimizer,0.002222307026386261,524.150390625
26,1774705498.7706833,forward,0.08334680832922459,11161.35498046875
26,1774705498.9505785,backward,0.17970016226172447,524.150390625
26,1774705498.9538987,optimizer,0.002687660977244377,524.150390625
27,1774705499.0410204,forward,0.08357501029968262,11161.35498046875
27,1774705499.2209594,backward,0.1797377709299326,524.150390625
27,1774705499.2237103,optimizer,0.0022295359522104263,524.150390625
28,1774705499.3139687,forward,0.08345770090818405,11161.35498046875
28,1774705499.4938908,backward,0.17972592264413834,524.150390625
28,1774705499.4966202,optimizer,0.0022099148482084274,524.150390625
29,1774705499.583431,forward,0.08354135975241661,11161.35498046875
29,1774705499.763365,backward,0.17971274070441723,524.150390625
29,1774705499.7661164,optimizer,0.0022246167063713074,524.150390625
30,1774705499.8533075,forward,0.08343798853456974,11161.35498046875
30,1774705500.0333006,backward,0.17979314364492893,524.150390625
30,1774705500.0365202,optimizer,0.0023505445569753647,524.150390625
31,1774705500.1232731,forward,0.08346218056976795,11161.35498046875
31,1774705500.3031397,backward,0.17967200838029385,524.150390625
31,1774705500.3058765,optimizer,0.0022134073078632355,524.150390625
32,1774705500.392925,forward,0.08342042937874794,11161.35498046875
32,1774705500.572835,backward,0.1797142717987299,524.150390625
32,1774705500.5755587,optimizer,0.0022086352109909058,524.150390625
33,1774705500.6625564,forward,0.08344916813075542,11161.35498046875
33,1774705500.842485,backward,0.1797325238585472,524.150390625
33,1774705500.8452318,optimizer,0.002218814566731453,524.150390625
34,1774705500.9324307,forward,0.0834516379982233,11161.35498046875
34,1774705501.1123645,backward,0.17973412200808525,524.150390625
34,1774705501.1153936,optimizer,0.0022980161011219025,524.150390625
35,1774705501.2023108,forward,0.0835880022495985,11161.35498046875
35,1774705501.3823385,backward,0.1798376366496086,524.150390625
35,1774705501.385062,optimizer,0.0022036749869585037,524.150390625
36,1774705501.472137,forward,0.08341839537024498,11161.35498046875
36,1774705501.652079,backward,0.17973283492028713,524.150390625
36,1774705501.6548128,optimizer,0.0022131167352199554,524.150390625
37,1774705501.7415776,forward,0.08348650857806206,11161.35498046875
37,1774705501.921523,backward,0.17975687235593796,524.150390625
37,1774705501.9242685,optimizer,0.0022178366780281067,524.150390625
38,1774705502.011237,forward,0.08343114145100117,11161.35498046875
38,1774705502.1912346,backward,0.1797405108809471,524.150390625
38,1774705502.194085,optimizer,0.002327295020222664,524.150390625
39,1774705502.281092,forward,0.08359648287296295,11161.35498046875
39,1774705502.4610813,backward,0.17979462444782257,524.150390625
39,1774705502.4638271,optimizer,0.0022118836641311646,524.150390625
40,1774705502.5510292,forward,0.08340466767549515,11161.35498046875
40,1774705502.7309558,backward,0.17973141185939312,524.150390625
40,1774705502.7336922,optimizer,0.0022022053599357605,524.150390625
41,1774705502.8204665,forward,0.0835110004991293,11161.35498046875
41,1774705503.0003645,backward,0.179701654240489,524.150390625
41,1774705503.0032535,optimizer,0.002310425043106079,524.150390625
42,1774705503.0906477,forward,0.08350200019776821,11161.35498046875
42,1774705503.2706149,backward,0.17976820468902588,524.150390625
42,1774705503.273346,optimizer,0.002209065482020378,524.150390625
43,1774705503.3601463,forward,0.08351092971861362,11161.35498046875
43,1774705503.5400014,backward,0.17966019175946712,524.150390625
43,1774705503.5427384,optimizer,0.0022145938128232956,524.150390625
44,1774705503.6297936,forward,0.08342179842293262,11161.35498046875
44,1774705503.8095536,backward,0.17956546135246754,524.150390625
44,1774705503.8122911,optimizer,0.0022172164171934128,524.150390625
45,1774705503.899102,forward,0.08352087251842022,11161.35498046875
45,1774705504.0791373,backward,0.1798376366496086,524.150390625
45,1774705504.0818841,optimizer,0.002225136384367943,524.150390625
46,1774705504.1691658,forward,0.08345997147262096,11161.35498046875
46,1774705504.349308,backward,0.17994613572955132,524.150390625
46,1774705504.3526835,optimizer,0.0027197636663913727,524.150390625
47,1774705504.4397326,forward,0.08363409154117107,11161.35498046875
47,1774705504.6197724,backward,0.17984622716903687,524.150390625
47,1774705504.622511,optimizer,0.002222854644060135,524.150390625
48,1774705504.7123468,forward,0.08355359919369221,11161.35498046875
48,1774705504.8924477,backward,0.1799040287733078,524.150390625
48,1774705504.8952007,optimizer,0.0022307857871055603,524.150390625
49,1774705504.9820065,forward,0.08353143371641636,11161.35498046875
49,1774705505.1620014,backward,0.17979811318218708,524.150390625
49,1774705505.1647453,optimizer,0.002227744087576866,524.150390625
50,1774705505.251977,forward,0.08349129930138588,11161.35498046875
50,1774705505.4320266,backward,0.17985495552420616,524.150390625
50,1774705505.4347775,optimizer,0.002230105921626091,524.150390625
51,1774705505.5215094,forward,0.08352966047823429,11161.35498046875
51,1774705505.701524,backward,0.17982348427176476,524.150390625
51,1774705505.7047608,optimizer,0.002361765131354332,524.150390625
52,1774705505.7921429,forward,0.08353611268103123,11161.35498046875
52,1774705505.9722493,backward,0.1799061857163906,524.150390625
52,1774705505.974989,optimizer,0.0022239871323108673,524.150390625
53,1774705506.0618277,forward,0.08356580138206482,11161.35498046875
53,1774705506.2418325,backward,0.17981695383787155,524.150390625
53,1774705506.2445753,optimizer,0.0022241342812776566,524.150390625
54,1774705506.3317566,forward,0.08354499936103821,11161.35498046875
54,1774705506.5118434,backward,0.1798955239355564,524.150390625
54,1774705506.51458,optimizer,0.00221075676381588,524.150390625
55,1774705506.601352,forward,0.08351640030741692,11161.35498046875
55,1774705506.781273,backward,0.17972436174750328,524.150390625
55,1774705506.7840106,optimizer,0.0022131633013486862,524.150390625
56,1774705506.871155,forward,0.08349082060158253,11161.35498046875
56,1774705507.0511603,backward,0.1798154842108488,524.150390625
56,1774705507.054187,optimizer,0.0022932179272174835,524.150390625
57,1774705507.1411946,forward,0.08368253149092197,11161.35498046875
57,1774705507.3213084,backward,0.1799135059118271,524.150390625
57,1774705507.3240433,optimizer,0.0022157058119773865,524.150390625
58,1774705507.411219,forward,0.08350994065403938,11161.35498046875
58,1774705507.5913086,backward,0.17989803664386272,524.150390625
58,1774705507.5940547,optimizer,0.0022170469164848328,524.150390625
59,1774705507.6808987,forward,0.08358960971236229,11161.35498046875
59,1774705507.8609402,backward,0.17984497547149658,524.150390625
59,1774705507.863661,optimizer,0.0022147372364997864,524.150390625
60,1774705507.9508953,forward,0.08351708017289639,11161.35498046875
60,1774705508.1309786,backward,0.17989164404571056,524.150390625
60,1774705508.1337152,optimizer,0.002215886488556862,524.150390625
61,1774705508.220649,forward,0.08356012217700481,11161.35498046875
61,1774705508.4006972,backward,0.1798520628362894,524.150390625
61,1774705508.4036868,optimizer,0.002398427575826645,524.150390625
62,1774705508.4909992,forward,0.08357901871204376,11161.35498046875
62,1774705508.6711855,backward,0.17998886853456497,524.150390625
62,1774705508.6739619,optimizer,0.0022294726222753525,524.150390625
63,1774705508.761031,forward,0.08358762413263321,11161.35498046875
63,1774705508.9410732,backward,0.17984475381672382,524.150390625
63,1774705508.9438221,optimizer,0.0022213850170373917,524.150390625
64,1774705509.0309606,forward,0.08348551951348782,11161.35498046875
64,1774705509.2111142,backward,0.1799615491181612,524.150390625
64,1774705509.213856,optimizer,0.0022362563759088516,524.150390625
65,1774705509.3007894,forward,0.08354659005999565,11161.35498046875
65,1774705509.4808502,backward,0.1798735149204731,524.150390625
65,1774705509.483596,optimizer,0.002230783924460411,524.150390625
66,1774705509.5709088,forward,0.08353199250996113,11161.35498046875
66,1774705509.751219,backward,0.18004031479358673,524.150390625
66,1774705509.754006,optimizer,0.0022665895521640778,524.150390625
67,1774705509.840934,forward,0.08359597250819206,11161.35498046875
67,1774705510.0210214,backward,0.17989309690892696,524.150390625
67,1774705510.0237887,optimizer,0.0022231750190258026,524.150390625
68,1774705510.1107285,forward,0.08350436016917229,11161.35498046875
68,1774705510.2908788,backward,0.17995103634893894,524.150390625
68,1774705510.2936218,optimizer,0.002220023423433304,524.150390625
69,1774705510.38058,forward,0.08357941173017025,11161.35498046875
69,1774705510.5606058,backward,0.1798179317265749,524.150390625
69,1774705510.5633583,optimizer,0.002231726422905922,524.150390625
70,1774705510.6504905,forward,0.08351789973676205,11161.35498046875
70,1774705510.8305984,backward,0.1799160372465849,524.150390625
70,1774705510.8333356,optimizer,0.002220507711172104,524.150390625
71,1774705510.9202247,forward,0.08353909105062485,11161.35498046875
71,1774705511.10027,backward,0.17984842509031296,524.150390625
71,1774705511.1030116,optimizer,0.002217056229710579,524.150390625
72,1774705511.1900635,forward,0.08350523002445698,11161.35498046875
72,1774705511.3703203,backward,0.18005665764212608,524.150390625
72,1774705511.3737245,optimizer,0.0027494151145219803,524.150390625
73,1774705511.4608383,forward,0.08364319242537022,11161.35498046875
73,1774705511.6410346,backward,0.17999799735844135,524.150390625
73,1774705511.6437774,optimizer,0.0022248458117246628,524.150390625
74,1774705511.7310538,forward,0.08359156176447868,11161.35498046875
74,1774705511.9111476,backward,0.17990432307124138,524.150390625
74,1774705511.9138885,optimizer,0.002220332622528076,524.150390625
75,1774705512.001056,forward,0.08354694955050945,11161.35498046875
75,1774705512.1811585,backward,0.17991026863455772,524.150390625
75,1774705512.1838832,optimizer,0.002216676250100136,524.150390625
76,1774705512.270671,forward,0.08350325748324394,11161.35498046875
76,1774705512.4508152,backward,0.17994770593941212,524.150390625
76,1774705512.4535432,optimizer,0.0022202059626579285,524.150390625
77,1774705512.5405126,forward,0.08359510079026222,11161.35498046875
77,1774705512.7206244,backward,0.17992552369832993,524.150390625
77,1774705512.7233753,optimizer,0.00223611481487751,524.150390625
78,1774705512.8105197,forward,0.08355775848031044,11161.35498046875
78,1774705512.9906592,backward,0.17994977720081806,524.150390625
78,1774705512.9938486,optimizer,0.002362489700317383,524.150390625
79,1774705513.0808344,forward,0.08356480300426483,11161.35498046875
79,1774705513.2609508,backward,0.1799249742180109,524.150390625
79,1774705513.2636912,optimizer,0.0022269953042268753,524.150390625
80,1774705513.3505254,forward,0.08357781171798706,11161.35498046875
80,1774705513.530657,backward,0.1799322161823511,524.150390625
80,1774705513.5333807,optimizer,0.002215323969721794,524.150390625
81,1774705513.6203084,forward,0.08357018046081066,11161.35498046875
81,1774705513.800438,backward,0.17992127686738968,524.150390625
81,1774705513.803172,optimizer,0.0022194646298885345,524.150390625
82,1774705513.8901002,forward,0.08355776034295559,11161.35498046875
82,1774705514.0702894,backward,0.1800001971423626,524.150390625
82,1774705514.0730224,optimizer,0.0022115465253591537,524.150390625
83,1774705514.1598973,forward,0.08356191217899323,11161.35498046875
83,1774705514.3400385,backward,0.1799517348408699,524.150390625
83,1774705514.342758,optimizer,0.002203596755862236,524.150390625
84,1774705514.4297318,forward,0.08355859853327274,11161.35498046875
84,1774705514.609928,backward,0.1799988765269518,524.150390625
84,1774705514.6126635,optimizer,0.0022141356021165848,524.150390625
85,1774705514.6995485,forward,0.08360515162348747,11161.35498046875
85,1774705514.8801405,backward,0.18033844232559204,524.150390625
85,1774705514.8829303,optimizer,0.002269584685564041,524.150390625
86,1774705514.9698875,forward,0.08355268836021423,11161.35498046875
86,1774705515.1500924,backward,0.1800046656280756,524.150390625
86,1774705515.1528182,optimizer,0.0022048242390155792,524.150390625
87,1774705515.2398703,forward,0.08359340205788612,11161.35498046875
87,1774705515.4199147,backward,0.17984827421605587,524.150390625
87,1774705515.4226546,optimizer,0.002223435789346695,524.150390625
88,1774705515.5114744,forward,0.08351043984293938,11161.35498046875
88,1774705515.691723,backward,0.1800547055900097,524.150390625
88,1774705515.6944606,optimizer,0.0022161751985549927,524.150390625
89,1774705515.7812665,forward,0.08351396024227142,11161.35498046875
89,1774705515.9614868,backward,0.180024866014719,524.150390625
89,1774705515.964217,optimizer,0.0022064559161663055,524.150390625
90,1774705516.051162,forward,0.08357890136539936,11161.35498046875
90,1774705516.2313585,backward,0.17999538779258728,524.150390625
90,1774705516.2341065,optimizer,0.002219894900918007,524.150390625
91,1774705516.3208454,forward,0.08351695165038109,11161.35498046875
91,1774705516.5011246,backward,0.1800751779228449,524.150390625
91,1774705516.5040648,optimizer,0.0023430008441209793,524.150390625
92,1774705516.591145,forward,0.08365250006318092,11161.35498046875
92,1774705516.7713687,backward,0.18003269843757153,524.150390625
92,1774705516.774111,optimizer,0.00222652405500412,524.150390625
93,1774705516.860898,forward,0.083532540127635,11161.35498046875
93,1774705517.0411408,backward,0.1800527088344097,524.150390625
93,1774705517.043897,optimizer,0.002220574766397476,524.150390625
94,1774705517.130745,forward,0.08356475085020065,11161.35498046875
94,1774705517.310959,backward,0.1800185777246952,524.150390625
94,1774705517.3137057,optimizer,0.002228137105703354,524.150390625
95,1774705517.4005141,forward,0.0835761409252882,11161.35498046875
95,1774705517.580718,backward,0.1800080370157957,524.150390625
95,1774705517.583463,optimizer,0.002218235284090042,524.150390625
96,1774705517.6704237,forward,0.08355128020048141,11161.35498046875
96,1774705517.8506725,backward,0.1800503358244896,524.150390625
96,1774705517.853415,optimizer,0.0022185761481523514,524.150390625
97,1774705517.9402592,forward,0.08354387991130352,11161.35498046875
97,1774705518.1204906,backward,0.18003937602043152,524.150390625
97,1774705518.123379,optimizer,0.002307148650288582,524.150390625
98,1774705518.2106085,forward,0.08364243246614933,11161.35498046875
98,1774705518.3909028,backward,0.18009251728653908,524.150390625
98,1774705518.3936334,optimizer,0.00220276415348053,524.150390625
99,1774705518.4804254,forward,0.08352546207606792,11161.35498046875
99,1774705518.660661,backward,0.1800411380827427,524.150390625
99,1774705518.66341,optimizer,0.002226823940873146,524.150390625
100,1774705518.7502286,forward,0.08354883082211018,11161.35498046875
100,1774705518.9304569,backward,0.18001319654285908,524.150390625
100,1774705518.9331756,optimizer,0.0022001024335622787,524.150390625
101,1774705519.0199778,forward,0.08353288844227791,11161.35498046875
101,1774705519.2002044,backward,0.18002956733107567,524.150390625
101,1774705519.202956,optimizer,0.0022279657423496246,524.150390625
102,1774705519.2898784,forward,0.08362221345305443,11161.35498046875
102,1774705519.470147,backward,0.18006188049912453,524.150390625
102,1774705519.4728699,optimizer,0.0022148042917251587,524.150390625
103,1774705519.5598123,forward,0.08356394246220589,11161.35498046875
103,1774705519.740243,backward,0.18024053238332272,524.150390625
103,1774705519.742976,optimizer,0.0022158678621053696,524.150390625
104,1774705519.8298624,forward,0.0836174227297306,11161.35498046875
104,1774705520.010096,backward,0.1800378393381834,524.150390625
104,1774705520.012823,optimizer,0.0022116731852293015,524.150390625
105,1774705520.099732,forward,0.08355511166155338,11161.35498046875
105,1774705520.2799704,backward,0.1800482477992773,524.150390625
105,1774705520.2827086,optimizer,0.0022129062563180923,524.150390625
106,1774705520.3697488,forward,0.08365855924785137,11161.35498046875
106,1774705520.5502625,backward,0.180239861831069,524.150390625
106,1774705520.5530775,optimizer,0.0022949259728193283,524.150390625
107,1774705520.6400442,forward,0.0835820697247982,11161.35498046875
107,1774705520.820371,backward,0.18013877049088478,524.150390625
107,1774705520.8231406,optimizer,0.0022484660148620605,524.150390625
108,1774705520.9100237,forward,0.08364155143499374,11161.35498046875
108,1774705521.0903637,backward,0.18014191649854183,524.150390625
108,1774705521.0930943,optimizer,0.0022126752883195877,524.150390625
109,1774705521.1800823,forward,0.08354326151311398,11161.35498046875
109,1774705521.3604019,backward,0.1801266185939312,524.150390625
109,1774705521.3631358,optimizer,0.002219703048467636,524.150390625
110,1774705521.4499774,forward,0.0835757814347744,11161.35498046875
110,1774705521.6302767,backward,0.18010003864765167,524.150390625
110,1774705521.633024,optimizer,0.002220356836915016,524.150390625
111,1774705521.719831,forward,0.08358793146908283,11161.35498046875
111,1774705521.9001694,backward,0.18014252930879593,524.150390625
111,1774705521.9029176,optimizer,0.0022281836718320847,524.150390625
112,1774705521.9899077,forward,0.08360867202281952,11161.35498046875
112,1774705522.1702554,backward,0.18015659227967262,524.150390625
112,1774705522.1729903,optimizer,0.002208985388278961,524.150390625
113,1774705522.2598422,forward,0.0835869126021862,11161.35498046875
113,1774705522.4401417,backward,0.18010032922029495,524.150390625
113,1774705522.4428785,optimizer,0.0022161677479743958,524.150390625
114,1774705522.5298984,forward,0.0836448147892952,11161.35498046875
114,1774705522.7102041,backward,0.1801115684211254,524.150390625
114,1774705522.7134106,optimizer,0.0023643672466278076,524.150390625
115,1774705522.8004582,forward,0.08358266018331051,11161.35498046875
115,1774705522.9807334,backward,0.18008778803050518,524.150390625
115,1774705522.9834924,optimizer,0.0022366251796483994,524.150390625
116,1774705523.0703833,forward,0.0836147628724575,11161.35498046875
116,1774705523.2506704,backward,0.1800884362310171,524.150390625
116,1774705523.2534132,optimizer,0.00221976637840271,524.150390625
117,1774705523.3402274,forward,0.08353457972407341,11161.35498046875
117,1774705523.5205033,backward,0.18007730692625046,524.150390625
117,1774705523.523242,optimizer,0.0022166240960359573,524.150390625
118,1774705523.6101363,forward,0.08362914063036442,11161.35498046875
118,1774705523.7904146,backward,0.18008471094071865,524.150390625
118,1774705523.793146,optimizer,0.002214016392827034,524.150390625
119,1774705523.8800101,forward,0.0835603903979063,11161.35498046875
119,1774705524.060315,backward,0.1801110990345478,524.150390625
119,1774705524.063057,optimizer,0.0022254344075918198,524.150390625
120,1774705524.1499887,forward,0.08365693502128124,11161.35498046875
120,1774705524.3302867,backward,0.18010949715971947,524.150390625
120,1774705524.33303,optimizer,0.002217644825577736,524.150390625
121,1774705524.419841,forward,0.08353869989514351,11161.35498046875
121,1774705524.600171,backward,0.1801307611167431,524.150390625
121,1774705524.6029224,optimizer,0.002221057191491127,524.150390625
122,1774705524.6898246,forward,0.08362003229558468,11161.35498046875
122,1774705524.8701248,backward,0.18010858818888664,524.150390625
122,1774705524.8731825,optimizer,0.0022819750010967255,524.150390625
123,1774705524.9603596,forward,0.08368142135441303,11161.35498046875
123,1774705525.140737,backward,0.18017162755131721,524.150390625
123,1774705525.143489,optimizer,0.00223630852997303,524.150390625
124,1774705525.2303472,forward,0.0835716500878334,11161.35498046875
124,1774705525.4106307,backward,0.18008796870708466,524.150390625
124,1774705525.4133599,optimizer,0.0022227857261896133,524.150390625
125,1774705525.5006413,forward,0.08356525003910065,11161.35498046875
125,1774705525.6810296,backward,0.18019388057291508,524.150390625
125,1774705525.6838157,optimizer,0.0022519882768392563,524.150390625
126,1774705525.7708387,forward,0.08362589962780476,11161.35498046875
126,1774705525.951179,backward,0.18013432994484901,524.150390625
126,1774705525.9539557,optimizer,0.002245115116238594,524.150390625
127,1774705526.041192,forward,0.08356761187314987,11161.35498046875
127,1774705526.2215636,backward,0.18017572909593582,524.150390625
127,1774705526.224319,optimizer,0.002219647169113159,524.150390625
128,1774705526.311211,forward,0.08364896290004253,11161.35498046875
128,1774705526.4915648,backward,0.18014908023178577,524.150390625
128,1774705526.4943075,optimizer,0.0022204555571079254,524.150390625
129,1774705526.5817633,forward,0.08357207290828228,11161.35498046875
129,1774705526.762064,backward,0.18010744079947472,524.150390625
129,1774705526.7648222,optimizer,0.0022384263575077057,524.150390625
130,1774705526.851881,forward,0.0837047416716814,11161.35498046875
130,1774705527.0323591,backward,0.18026922084391117,524.150390625
130,1774705527.0352988,optimizer,0.0023477990180253983,524.150390625
131,1774705527.1226804,forward,0.08366071432828903,11161.35498046875
131,1774705527.303053,backward,0.18017523176968098,524.150390625
131,1774705527.3057923,optimizer,0.002222137525677681,524.150390625
132,1774705527.3927658,forward,0.08369519375264645,11161.35498046875
132,1774705527.5731297,backward,0.18016783893108368,524.150390625
132,1774705527.5758872,optimizer,0.0022225677967071533,524.150390625
133,1774705527.6631267,forward,0.0835897009819746,11161.35498046875
133,1774705527.8434682,backward,0.18013833835721016,524.150390625
133,1774705527.8461976,optimizer,0.002215355634689331,524.150390625
134,1774705527.9331505,forward,0.08366377279162407,11161.35498046875
134,1774705528.1135926,backward,0.18024997226893902,524.150390625
134,1774705528.1163404,optimizer,0.0022206977009773254,524.150390625
135,1774705528.2035847,forward,0.08357186056673527,11161.35498046875
135,1774705528.3839912,backward,0.18020913004875183,524.150390625
135,1774705528.3867195,optimizer,0.0022069457918405533,524.150390625
136,1774705528.4736712,forward,0.08368176221847534,11161.35498046875
136,1774705528.6540096,backward,0.18014517799019814,524.150390625
136,1774705528.656743,optimizer,0.0022091250866651535,524.150390625
137,1774705528.7439764,forward,0.08357385359704494,11161.35498046875
137,1774705528.9243398,backward,0.18016928806900978,524.150390625
137,1774705528.92708,optimizer,0.002224784344434738,524.150390625
138,1774705529.0141354,forward,0.08367534354329109,11161.35498046875
138,1774705529.1944287,backward,0.1800962295383215,524.150390625
138,1774705529.1971624,optimizer,0.0022185370326042175,524.150390625
139,1774705529.2845314,forward,0.083591403439641,11161.35498046875
139,1774705529.464918,backward,0.18018201179802418,524.150390625
139,1774705529.4677205,optimizer,0.0022795461118221283,524.150390625
140,1774705529.554684,forward,0.08365749195218086,11161.35498046875
140,1774705529.7350113,backward,0.18013190105557442,524.150390625
140,1774705529.7377698,optimizer,0.0022285450249910355,524.150390625
141,1774705529.8250303,forward,0.08358671143651009,11161.35498046875
141,1774705530.005502,backward,0.18027686141431332,524.150390625
141,1774705530.0082464,optimizer,0.0022175759077072144,524.150390625
142,1774705530.0956607,forward,0.0836737509816885,11161.35498046875
142,1774705530.276071,backward,0.18022119998931885,524.150390625
142,1774705530.2788026,optimizer,0.002216676250100136,524.150390625
143,1774705530.3658063,forward,0.08364842087030411,11161.35498046875
143,1774705530.5461855,backward,0.18018948286771774,524.150390625
143,1774705530.5489275,optimizer,0.002222606912255287,524.150390625
144,1774705530.635751,forward,0.08355699107050896,11161.35498046875
144,1774705530.8160765,backward,0.18013717979192734,524.150390625
144,1774705530.8188174,optimizer,0.002217685803771019,524.150390625
145,1774705530.9056838,forward,0.08363382145762444,11161.35498046875
145,1774705531.0861485,backward,0.18027759157121181,524.150390625
145,1774705531.08887,optimizer,0.002215176820755005,524.150390625
146,1774705531.175749,forward,0.08360581286251545,11161.35498046875
146,1774705531.3561378,backward,0.18019980005919933,524.150390625
146,1774705531.3588655,optimizer,0.002212047576904297,524.150390625
147,1774705531.4459016,forward,0.08364251255989075,11161.35498046875
147,1774705531.626318,backward,0.18022431060671806,524.150390625
147,1774705531.6290617,optimizer,0.0022139456123113632,524.150390625
148,1774705531.716021,forward,0.08362782374024391,11161.35498046875
148,1774705531.8964334,backward,0.1802217997610569,524.150390625
148,1774705531.8991868,optimizer,0.0022407155483961105,524.150390625
149,1774705531.9862728,forward,0.08370019309222698,11161.35498046875
149,1774705532.166738,backward,0.1802651323378086,524.150390625
149,1774705532.1701272,optimizer,0.0027353428304195404,524.150390625
150,1774705532.257209,forward,0.08366506546735764,11161.35498046875
150,1774705532.4376726,backward,0.1802722904831171,524.150390625
150,1774705532.4404113,optimizer,0.0022140461951494217,524.150390625
151,1774705532.527371,forward,0.08367105759680271,11161.35498046875
151,1774705532.7078323,backward,0.18027509190142155,524.150390625
151,1774705532.7105746,optimizer,0.0022244546562433243,524.150390625
152,1774705532.7975352,forward,0.0835766103118658,11161.35498046875
152,1774705532.9779081,backward,0.18018291890621185,524.150390625
152,1774705532.98066,optimizer,0.0022346768528223038,524.150390625
153,1774705533.0676382,forward,0.08370080403983593,11161.35498046875
153,1774705533.24813,backward,0.18030106462538242,524.150390625
153,1774705533.2508862,optimizer,0.0022311676293611526,524.150390625
154,1774705533.3380084,forward,0.08353514038026333,11161.35498046875
154,1774705533.5184612,backward,0.1802608836442232,524.150390625
154,1774705533.521205,optimizer,0.002218509092926979,524.150390625
155,1774705533.6083176,forward,0.08373655378818512,11161.35498046875
155,1774705533.7888057,backward,0.1802973523736,524.150390625
155,1774705533.7915502,optimizer,0.0022182054817676544,524.150390625
156,1774705533.878831,forward,0.0835895799100399,11161.35498046875
156,1774705534.0592158,backward,0.1801979597657919,524.150390625
156,1774705534.0619648,optimizer,0.002216145396232605,524.150390625
157,1774705534.1490035,forward,0.0837695524096489,11161.35498046875
157,1774705534.3294864,backward,0.18028607219457626,524.150390625
157,1774705534.3322432,optimizer,0.0022275839000940323,524.150390625
158,1774705534.4196923,forward,0.08358325250446796,11161.35498046875
158,1774705534.6001337,backward,0.18024446070194244,524.150390625
158,1774705534.6028717,optimizer,0.0022200848907232285,524.150390625
159,1774705534.6898818,forward,0.08371992409229279,11161.35498046875
159,1774705534.8703718,backward,0.18029806204140186,524.150390625
159,1774705534.8731163,optimizer,0.0022281352430582047,524.150390625
160,1774705534.9603474,forward,0.08357014134526253,11161.35498046875
160,1774705535.141002,backward,0.18046164512634277,524.150390625
160,1774705535.1442132,optimizer,0.0023579970002174377,524.150390625
161,1774705535.2313902,forward,0.08371759578585625,11161.35498046875
161,1774705535.4119241,backward,0.18034379184246063,524.150390625
161,1774705535.414667,optimizer,0.002209613099694252,524.150390625
162,1774705535.5027404,forward,0.0836789719760418,11161.35498046875
162,1774705535.6832492,backward,0.18031484074890614,524.150390625
162,1774705535.685989,optimizer,0.0022187549620866776,524.150390625
163,1774705535.7730699,forward,0.08370806276798248,11161.35498046875
163,1774705535.9535055,backward,0.18024040013551712,524.150390625
163,1774705535.9562793,optimizer,0.0022118762135505676,524.150390625
164,1774705536.0434008,forward,0.08365894295275211,11161.35498046875
164,1774705536.2239537,backward,0.1803599540144205,524.150390625
164,1774705536.2266998,optimizer,0.00222102552652359,524.150390625
165,1774705536.3137472,forward,0.08367612399160862,11161.35498046875
165,1774705536.4941568,backward,0.18021751008927822,524.150390625
165,1774705536.4968896,optimizer,0.0022062957286834717,524.150390625
166,1774705536.5839365,forward,0.08367841318249702,11161.35498046875
166,1774705536.7643983,backward,0.18025503121316433,524.150390625
166,1774705536.767147,optimizer,0.00222218781709671,524.150390625
167,1774705536.8540485,forward,0.08362995088100433,11161.35498046875
167,1774705537.0344424,backward,0.18019340001046658,524.150390625
167,1774705537.0371811,optimizer,0.0022162552922964096,524.150390625
168,1774705537.124179,forward,0.08368156477808952,11161.35498046875
168,1774705537.3046868,backward,0.18030056171119213,524.150390625
168,1774705537.3074284,optimizer,0.0022223740816116333,524.150390625
169,1774705537.3944013,forward,0.08361903205513954,11161.35498046875
169,1774705537.5748465,backward,0.1802555825561285,524.150390625
169,1774705537.5775747,optimizer,0.0022056028246879578,524.150390625
170,1774705537.6645732,forward,0.08371373452246189,11161.35498046875
170,1774705537.8450754,backward,0.1803043596446514,524.150390625
170,1774705537.8478365,optimizer,0.002233276143670082,524.150390625
171,1774705537.9349556,forward,0.08370040357112885,11161.35498046875
171,1774705538.1158373,backward,0.18061851523816586,524.150390625
171,1774705538.1186166,optimizer,0.0022580288350582123,524.150390625
172,1774705538.2056086,forward,0.08369509316980839,11161.35498046875
172,1774705538.3861115,backward,0.18031146377325058,524.150390625
172,1774705538.3888533,optimizer,0.0022184550762176514,524.150390625
173,1774705538.475688,forward,0.08355959877371788,11161.35498046875
173,1774705538.6561038,backward,0.18022159859538078,524.150390625
173,1774705538.6588416,optimizer,0.002226686105132103,524.150390625
174,1774705538.7458355,forward,0.08372127078473568,11161.35498046875
174,1774705538.926316,backward,0.18028703145682812,524.150390625
174,1774705538.9290457,optimizer,0.0022119656205177307,524.150390625
175,1774705539.0164387,forward,0.08363334462046623,11161.35498046875
175,1774705539.1968725,backward,0.1802426427602768,524.150390625
175,1774705539.199622,optimizer,0.0022240150719881058,524.150390625
176,1774705539.2867897,forward,0.08373946510255337,11161.35498046875
176,1774705539.467274,backward,0.18028675019741058,524.150390625
176,1774705539.4700084,optimizer,0.002214565873146057,524.150390625
177,1774705539.5572639,forward,0.08359313942492008,11161.35498046875
177,1774705539.7377648,backward,0.18030949123203754,524.150390625
177,1774705539.7405179,optimizer,0.002219516783952713,524.150390625
178,1774705539.8275146,forward,0.0837243627756834,11161.35498046875
178,1774705540.008009,backward,0.1802973784506321,524.150390625
178,1774705540.010754,optimizer,0.0022251438349485397,524.150390625
179,1774705540.1013808,forward,0.08366657234728336,11161.35498046875
179,1774705540.2819092,backward,0.1803321223706007,524.150390625
179,1774705540.2846482,optimizer,0.0022187158465385437,524.150390625
180,1774705540.3716576,forward,0.08371569402515888,11161.35498046875
180,1774705540.552067,backward,0.1802048534154892,524.150390625
180,1774705540.5548084,optimizer,0.0022183749824762344,524.150390625
181,1774705540.6420696,forward,0.083681121468544,11161.35498046875
181,1774705540.822663,backward,0.18040316179394722,524.150390625
181,1774705540.8255913,optimizer,0.002339586615562439,524.150390625
182,1774705540.9129422,forward,0.08373797498643398,11161.35498046875
182,1774705541.093479,backward,0.180344732478261,524.150390625
182,1774705541.0962217,optimizer,0.0022224057465791702,524.150390625
183,1774705541.1831918,forward,0.08367737382650375,11161.35498046875
183,1774705541.3637228,backward,0.18033438175916672,524.150390625
183,1774705541.3664718,optimizer,0.0022221840918064117,524.150390625
184,1774705541.453391,forward,0.08365982212126255,11161.35498046875
184,1774705541.6338313,backward,0.1802355796098709,524.150390625
184,1774705541.6365523,optimizer,0.0022112149745225906,524.150390625
185,1774705541.723566,forward,0.08371471241116524,11161.35498046875
185,1774705541.9040678,backward,0.1803089715540409,524.150390625
185,1774705541.9068117,optimizer,0.002222565934062004,524.150390625
186,1774705541.9937263,forward,0.08367495238780975,11161.35498046875
186,1774705542.1742303,backward,0.18031052313745022,524.150390625
186,1774705542.1769595,optimizer,0.002216275781393051,524.150390625
187,1774705542.2639868,forward,0.08373362384736538,11161.35498046875
187,1774705542.4445093,backward,0.18033638037741184,524.150390625
187,1774705542.4472635,optimizer,0.0022270753979682922,524.150390625
188,1774705542.534243,forward,0.08359523117542267,11161.35498046875
188,1774705542.7147334,backward,0.18029119074344635,524.150390625
188,1774705542.7174664,optimizer,0.002219056710600853,524.150390625
189,1774705542.8045688,forward,0.08370255306363106,11161.35498046875
189,1774705542.9850845,backward,0.18032406456768513,524.150390625
189,1774705542.9878287,optimizer,0.002214668318629265,524.150390625
190,1774705543.0751956,forward,0.0836073700338602,11161.35498046875
190,1774705543.255818,backward,0.1804235242307186,524.150390625
190,1774705543.2585807,optimizer,0.002233196049928665,524.150390625
191,1774705543.3456185,forward,0.08375101536512375,11161.35498046875
191,1774705543.5262496,backward,0.18039129301905632,524.150390625
191,1774705543.5290036,optimizer,0.0022128745913505554,524.150390625
192,1774705543.6163094,forward,0.08365936391055584,11161.35498046875
192,1774705543.7968667,backward,0.18035024031996727,524.150390625
192,1774705543.7997108,optimizer,0.0022838078439235687,524.150390625
193,1774705543.8869164,forward,0.08379985392093658,11161.35498046875
193,1774705544.0675535,backward,0.18043900467455387,524.150390625
193,1774705544.070297,optimizer,0.002220936119556427,524.150390625
194,1774705544.157499,forward,0.08361857198178768,11161.35498046875
194,1774705544.338061,backward,0.18035686202347279,524.150390625
194,1774705544.3408,optimizer,0.0022134054452180862,524.150390625
195,1774705544.4278595,forward,0.0837575439363718,11161.35498046875
195,1774705544.6084175,backward,0.1803573202341795,524.150390625
195,1774705544.611185,optimizer,0.0022401437163352966,524.150390625
196,1774705544.6999729,forward,0.08369362354278564,11161.35498046875
196,1774705544.8805828,backward,0.18042061291635036,524.150390625
196,1774705544.8833296,optimizer,0.0022225845605134964,524.150390625
197,1774705544.9703968,forward,0.08374619670212269,11161.35498046875
197,1774705545.1508698,backward,0.1802683211863041,524.150390625
197,1774705545.153626,optimizer,0.00222710520029068,524.150390625
198,1774705545.2406907,forward,0.0836916845291853,11161.35498046875
198,1774705545.4212775,backward,0.1803924422711134,524.150390625
198,1774705545.4240248,optimizer,0.0022155027836561203,524.150390625
199,1774705545.511067,forward,0.0836973562836647,11161.35498046875
199,1774705545.6915066,backward,0.18024211190640926,524.150390625
199,1774705545.6942484,optimizer,0.0022120773792266846,524.150390625
200,1774705545.7814088,forward,0.083748584613204,11161.35498046875
200,1774705545.9620156,backward,0.18040140345692635,524.150390625
200,1774705545.9647818,optimizer,0.0022429171949625015,524.150390625
201,1774705546.051759,forward,0.08370132558047771,11161.35498046875
201,1774705546.2322,backward,0.18025336042046547,524.150390625
201,1774705546.234965,optimizer,0.0022165141999721527,524.150390625
202,1774705546.3221266,forward,0.08374727517366409,11161.35498046875
202,1774705546.5026577,backward,0.18032787181437016,524.150390625
202,1774705546.5054026,optimizer,0.002219628542661667,524.150390625
203,1774705546.592423,forward,0.08366010338068008,11161.35498046875
203,1774705546.7728963,backward,0.18028049170970917,524.150390625
203,1774705546.7756774,optimizer,0.002253785729408264,524.150390625
204,1774705546.8626442,forward,0.08370181359350681,11161.35498046875
204,1774705547.0432327,backward,0.18039443157613277,524.150390625
204,1774705547.0459642,optimizer,0.0022126957774162292,524.150390625
205,1774705547.13302,forward,0.08366341143846512,11161.35498046875
205,1774705547.3134727,backward,0.1802604403346777,524.150390625
205,1774705547.3162253,optimizer,0.002222016453742981,524.150390625
206,1774705547.4034045,forward,0.08380072377622128,11161.35498046875
206,1774705547.584173,backward,0.18050424568355083,524.150390625
206,1774705547.5870256,optimizer,0.0023131240159273148,524.150390625
207,1774705547.6744642,forward,0.08373360522091389,11161.35498046875
207,1774705547.8550644,backward,0.18039881251752377,524.150390625
207,1774705547.857814,optimizer,0.0022231023758649826,524.150390625
208,1774705547.9450033,forward,0.0837997067719698,11161.35498046875
208,1774705548.1255496,backward,0.1803543046116829,524.150390625
208,1774705548.128305,optimizer,0.0022326968610286713,524.150390625
209,1774705548.2155714,forward,0.08364057168364525,11161.35498046875
209,1774705548.3961945,backward,0.1804298534989357,524.150390625
209,1774705548.3989415,optimizer,0.0022167526185512543,524.150390625
210,1774705548.4859998,forward,0.08377367630600929,11161.35498046875
210,1774705548.6666174,backward,0.18041853234171867,524.150390625
210,1774705548.6693776,optimizer,0.0022347159683704376,524.150390625
211,1774705548.756796,forward,0.08362519182264805,11161.35498046875
211,1774705548.9370034,backward,0.1800075974315405,524.150390625
211,1774705548.9397833,optimizer,0.002248486503958702,524.150390625
212,1774705549.0269988,forward,0.08381240628659725,11161.35498046875
212,1774705549.2076342,backward,0.18043502420186996,524.150390625
212,1774705549.210371,optimizer,0.0022112056612968445,524.150390625
213,1774705549.2984776,forward,0.08367744274437428,11161.35498046875
213,1774705549.479125,backward,0.18045241199433804,524.150390625
213,1774705549.4818754,optimizer,0.002218274399638176,524.150390625
214,1774705549.5689409,forward,0.08372379094362259,11161.35498046875
214,1774705549.7495894,backward,0.18044552579522133,524.150390625
214,1774705549.7523222,optimizer,0.0022080130875110626,524.150390625
215,1774705549.839362,forward,0.08376374281942844,11161.35498046875
215,1774705550.020013,backward,0.18045536428689957,524.150390625
215,1774705550.0227559,optimizer,0.002212356775999069,524.150390625
216,1774705550.1097336,forward,0.08371160365641117,11161.35498046875
216,1774705550.2903557,backward,0.18042340129613876,524.150390625
216,1774705550.2931154,optimizer,0.002213273197412491,524.150390625
217,1774705550.380155,forward,0.08374716527760029,11161.35498046875
217,1774705550.5607998,backward,0.18045510537922382,524.150390625
217,1774705550.5635424,optimizer,0.002218427136540413,524.150390625
218,1774705550.6505961,forward,0.08369441330432892,11161.35498046875
218,1774705550.8311887,backward,0.18040437437593937,524.150390625
218,1774705550.8339214,optimizer,0.0022105462849140167,524.150390625
219,1774705550.92096,forward,0.08377120457589626,11161.35498046875
219,1774705551.1016712,backward,0.18051737360656261,524.150390625
219,1774705551.1044006,optimizer,0.002207307144999504,524.150390625
220,1774705551.1915119,forward,0.08373389393091202,11161.35498046875
220,1774705551.3725386,backward,0.18081327341496944,524.150390625
220,1774705551.3753047,optimizer,0.0022263359278440475,524.150390625
221,1774705551.4623344,forward,0.0837465226650238,11161.35498046875
221,1774705551.6429718,backward,0.18044953234493732,524.150390625
221,1774705551.6457229,optimizer,0.0022200942039489746,524.150390625
222,1774705551.7330098,forward,0.08373569138348103,11161.35498046875
222,1774705551.9135416,backward,0.1803407445549965,524.150390625
222,1774705551.91628,optimizer,0.002214105799794197,524.150390625
223,1774705552.0033352,forward,0.08376919664442539,11161.35498046875
223,1774705552.1840136,backward,0.18049261718988419,524.150390625
223,1774705552.1867578,optimizer,0.0022132638841867447,524.150390625
224,1774705552.2740471,forward,0.08368369564414024,11161.35498046875
224,1774705552.4547365,backward,0.18048640340566635,524.150390625
224,1774705552.457466,optimizer,0.002218145877122879,524.150390625
225,1774705552.5446758,forward,0.08383191376924515,11161.35498046875
225,1774705552.7253356,backward,0.18046830594539642,524.150390625
225,1774705552.7280989,optimizer,0.0022367071360349655,524.150390625
226,1774705552.8153996,forward,0.08371090143918991,11161.35498046875
226,1774705552.9960098,backward,0.1804189831018448,524.150390625
226,1774705552.9987602,optimizer,0.0022285468876361847,524.150390625
227,1774705553.086001,forward,0.08386370539665222,11161.35498046875
227,1774705553.2666087,backward,0.18041779287159443,524.150390625
227,1774705553.2693493,optimizer,0.0022242646664381027,524.150390625
228,1774705553.356747,forward,0.08373723365366459,11161.35498046875
228,1774705553.5375466,backward,0.18060328625142574,524.150390625
228,1774705553.5403202,optimizer,0.002243373543024063,524.150390625
229,1774705553.627462,forward,0.08377240411937237,11161.35498046875
229,1774705553.8081264,backward,0.18047338537871838,524.150390625
229,1774705553.8108559,optimizer,0.0022048763930797577,524.150390625
230,1774705553.8980467,forward,0.08373846486210823,11161.35498046875
230,1774705554.0786664,backward,0.18042993359267712,524.150390625
230,1774705554.0814078,optimizer,0.002218903973698616,524.150390625
231,1774705554.1685286,forward,0.0837407223880291,11161.35498046875
231,1774705554.3491676,backward,0.18044174276292324,524.150390625
231,1774705554.351929,optimizer,0.0022216271609067917,524.150390625
232,1774705554.4389765,forward,0.08376513421535492,11161.35498046875
232,1774705554.619596,backward,0.18043215200304985,524.150390625
232,1774705554.6223462,optimizer,0.002224275842308998,524.150390625
233,1774705554.7093484,forward,0.08377495408058167,11161.35498046875
233,1774705554.8899293,backward,0.18037373386323452,524.150390625
233,1774705554.8926592,optimizer,0.0022105034440755844,524.150390625
234,1774705554.9796863,forward,0.08372883312404156,11161.35498046875
234,1774705555.1607327,backward,0.18082558922469616,524.150390625
234,1774705555.1635308,optimizer,0.0022639278322458267,524.150390625
235,1774705555.2505274,forward,0.08368941396474838,11161.35498046875
235,1774705555.4311655,backward,0.18044561333954334,524.150390625
235,1774705555.4339197,optimizer,0.002229444682598114,524.150390625
236,1774705555.5211196,forward,0.08382626436650753,11161.35498046875
236,1774705555.7017255,backward,0.18041175045073032,524.150390625
236,1774705555.7044609,optimizer,0.0022168774157762527,524.150390625
237,1774705555.79212,forward,0.0837662648409605,11161.35498046875
237,1774705555.972742,backward,0.180430943146348,524.150390625
237,1774705555.975514,optimizer,0.0022376570850610733,524.150390625
238,1774705556.0625982,forward,0.08379037119448185,11161.35498046875
238,1774705556.2432396,backward,0.18044994212687016,524.150390625
238,1774705556.2459826,optimizer,0.002218354493379593,524.150390625
239,1774705556.3334918,forward,0.08373520337045193,11161.35498046875
239,1774705556.51417,backward,0.18047451600432396,524.150390625
239,1774705556.5169003,optimizer,0.002211356535553932,524.150390625
240,1774705556.603979,forward,0.08378416299819946,11161.35498046875
240,1774705556.7846608,backward,0.18048498407006264,524.150390625
240,1774705556.7874207,optimizer,0.002236943691968918,524.150390625
241,1774705556.8747082,forward,0.08373451046645641,11161.35498046875
241,1774705557.0553904,backward,0.18046178296208382,524.150390625
241,1774705557.0581546,optimizer,0.0022179149091243744,524.150390625
242,1774705557.1452842,forward,0.08384474366903305,11161.35498046875
242,1774705557.3260157,backward,0.18053093552589417,524.150390625
242,1774705557.3287408,optimizer,0.002207474783062935,524.150390625
243,1774705557.4162395,forward,0.08373350463807583,11161.35498046875
243,1774705557.5969055,backward,0.18047332391142845,524.150390625
243,1774705557.5996625,optimizer,0.002230275422334671,524.150390625
244,1774705557.687014,forward,0.0837110336869955,11161.35498046875
244,1774705557.8676224,backward,0.18041112273931503,524.150390625
244,1774705557.8703666,optimizer,0.0022166259586811066,524.150390625
245,1774705557.9575543,forward,0.08379894308745861,11161.35498046875
245,1774705558.1382904,backward,0.18054603599011898,524.150390625
245,1774705558.1410432,optimizer,0.0022276341915130615,524.150390625
246,1774705558.2280865,forward,0.083719152957201,11161.35498046875
246,1774705558.40879,backward,0.18051184341311455,524.150390625
246,1774705558.4115505,optimizer,0.002227243036031723,524.150390625
247,1774705558.4985309,forward,0.08375726640224457,11161.35498046875
247,1774705558.6791945,backward,0.18046869151294231,524.150390625
247,1774705558.682127,optimizer,0.002330588176846504,524.150390625
248,1774705558.7695534,forward,0.08378324285149574,11161.35498046875
248,1774705558.950222,backward,0.18047992512583733,524.150390625
248,1774705558.9529593,optimizer,0.0022141560912132263,524.150390625
249,1774705559.0401163,forward,0.0837893933057785,11161.35498046875
249,1774705559.2207854,backward,0.1804786715656519,524.150390625
249,1774705559.2235532,optimizer,0.002233114093542099,524.150390625
250,1774705559.311002,forward,0.08371143601834774,11161.35498046875
250,1774705559.4918375,backward,0.18064302578568459,524.150390625
250,1774705559.4945755,optimizer,0.002206893637776375,524.150390625
251,1774705559.581679,forward,0.08382012508809566,11161.35498046875
251,1774705559.762398,backward,0.18052734434604645,524.150390625
251,1774705559.7651508,optimizer,0.0022173654288053513,524.150390625
252,1774705559.8525546,forward,0.08370930328965187,11161.35498046875
252,1774705560.0332685,backward,0.180518614128232,524.150390625
252,1774705560.03603,optimizer,0.0022223275154829025,524.150390625
253,1774705560.1232784,forward,0.08384350687265396,11161.35498046875
253,1774705560.3039463,backward,0.18047771230340004,524.150390625
253,1774705560.306694,optimizer,0.002219283953309059,524.150390625
254,1774705560.3939564,forward,0.08368904329836369,11161.35498046875
254,1774705560.5746298,backward,0.18048253282904625,524.150390625
254,1774705560.5773988,optimizer,0.0022089947015047073,524.150390625
255,1774705560.6646066,forward,0.08378021605312824,11161.35498046875
255,1774705560.8453166,backward,0.1805056631565094,524.150390625
255,1774705560.848068,optimizer,0.0022144559770822525,524.150390625
256,1774705560.935595,forward,0.08378365449607372,11161.35498046875
256,1774705561.1163528,backward,0.18055856600403786,524.150390625
256,1774705561.119129,optimizer,0.00223509781062603,524.150390625
257,1774705561.2061384,forward,0.08373099192976952,11161.35498046875
257,1774705561.3867655,backward,0.18042636290192604,524.150390625
257,1774705561.3895082,optimizer,0.0022193454205989838,524.150390625
258,1774705561.4765737,forward,0.08376817405223846,11161.35498046875
258,1774705561.6573331,backward,0.18056312762200832,524.150390625
258,1774705561.6600804,optimizer,0.002215266227722168,524.150390625
259,1774705561.7472615,forward,0.08377875573933125,11161.35498046875
259,1774705561.927979,backward,0.1805214360356331,524.150390625
259,1774705561.930726,optimizer,0.0022185761481523514,524.150390625
260,1774705562.017814,forward,0.0838041864335537,11161.35498046875
260,1774705562.198584,backward,0.18057974614202976,524.150390625
260,1774705562.2013383,optimizer,0.0022225547581911087,524.150390625
261,1774705562.2884896,forward,0.08374833688139915,11161.35498046875
261,1774705562.469186,backward,0.1805067639797926,524.150390625
261,1774705562.4720852,optimizer,0.0023052990436553955,524.150390625
262,1774705562.559337,forward,0.08385359309613705,11161.35498046875
262,1774705562.7400906,backward,0.18055430799722672,524.150390625
262,1774705562.7428372,optimizer,0.0022260043770074844,524.150390625
263,1774705562.8301573,forward,0.08370741456747055,11161.35498046875
263,1774705563.0108078,backward,0.1804590243846178,524.150390625
263,1774705563.0135503,optimizer,0.0022151339799165726,524.150390625
264,1774705563.1007261,forward,0.08386009559035301,11161.35498046875
264,1774705563.281477,backward,0.1805485486984253,524.150390625
264,1774705563.2842195,optimizer,0.0022088047116994858,524.150390625
265,1774705563.3717408,forward,0.08372900262475014,11161.35498046875
265,1774705563.5523832,backward,0.1804465837776661,524.150390625
265,1774705563.5551374,optimizer,0.0022294949740171432,524.150390625
266,1774705563.6423714,forward,0.08386124297976494,11161.35498046875
266,1774705563.8231063,backward,0.18054276704788208,524.150390625
266,1774705563.825843,optimizer,0.0022136345505714417,524.150390625
267,1774705563.9131956,forward,0.08374248445034027,11161.35498046875
267,1774705564.0939953,backward,0.1805853433907032,524.150390625
267,1774705564.0967357,optimizer,0.0022188853472471237,524.150390625
268,1774705564.1838443,forward,0.08383536525070667,11161.35498046875
268,1774705564.3644958,backward,0.18045123480260372,524.150390625
268,1774705564.3672462,optimizer,0.0022221244871616364,524.150390625
269,1774705564.4546325,forward,0.08380036428570747,11161.35498046875
269,1774705564.6353867,backward,0.18056036531925201,524.150390625
269,1774705564.6381366,optimizer,0.0022158976644277573,524.150390625
270,1774705564.725193,forward,0.0837806761264801,11161.35498046875
270,1774705564.9058163,backward,0.18042932450771332,524.150390625
270,1774705564.9085736,optimizer,0.002231927588582039,524.150390625
271,1774705564.9956462,forward,0.08376527391374111,11161.35498046875
271,1774705565.1764143,backward,0.1805689986795187,524.150390625
271,1774705565.179179,optimizer,0.0022300630807876587,524.150390625
272,1774705565.26634,forward,0.0837839636951685,11161.35498046875
272,1774705565.4471233,backward,0.18058864399790764,524.150390625
272,1774705565.4498684,optimizer,0.0022209640592336655,524.150390625
273,1774705565.5369825,forward,0.08383163437247276,11161.35498046875
273,1774705565.71774,backward,0.18056439608335495,524.150390625
273,1774705565.720493,optimizer,0.0022266749292612076,524.150390625
274,1774705565.8075166,forward,0.08367056399583817,11161.35498046875
274,1774705565.9882329,backward,0.18052113614976406,524.150390625
274,1774705565.9909992,optimizer,0.002237364649772644,524.150390625
275,1774705566.078177,forward,0.08380414359271526,11161.35498046875
275,1774705566.2589278,backward,0.1805641259998083,524.150390625
275,1774705566.2616773,optimizer,0.002224475145339966,524.150390625
276,1774705566.3493512,forward,0.08377902396023273,11161.35498046875
276,1774705566.5300796,backward,0.18053017556667328,524.150390625
276,1774705566.5328312,optimizer,0.002217823639512062,524.150390625
277,1774705566.619956,forward,0.08385959640145302,11161.35498046875
277,1774705566.800694,backward,0.1805465631186962,524.150390625
277,1774705566.8034458,optimizer,0.002219824120402336,524.150390625
278,1774705566.8930728,forward,0.08373034372925758,11161.35498046875
278,1774705567.073899,backward,0.18062875606119633,524.150390625
278,1774705567.0766418,optimizer,0.0022123288363218307,524.150390625
279,1774705567.1638803,forward,0.08378921449184418,11161.35498046875
279,1774705567.3446035,backward,0.18052095547318459,524.150390625
279,1774705567.347983,optimizer,0.002718321979045868,524.150390625
280,1774705567.4353256,forward,0.08387593738734722,11161.35498046875
280,1774705567.6161437,backward,0.1806226298213005,524.150390625
280,1774705567.6188846,optimizer,0.0022207126021385193,524.150390625
281,1774705567.7058635,forward,0.08375765196979046,11161.35498046875
281,1774705567.886517,backward,0.1804642453789711,524.150390625
281,1774705567.889271,optimizer,0.0022112447768449783,524.150390625
282,1774705567.97641,forward,0.08383926562964916,11161.35498046875
282,1774705568.1571999,backward,0.18060061521828175,524.150390625
282,1774705568.1599534,optimizer,0.002217436209321022,524.150390625
283,1774705568.2473035,forward,0.08375653065741062,11161.35498046875
283,1774705568.428114,backward,0.18061480671167374,524.150390625
283,1774705568.4308708,optimizer,0.002223776653409004,524.150390625
284,1774705568.517952,forward,0.08380266465246677,11161.35498046875
284,1774705568.6987042,backward,0.18055455572903156,524.150390625
284,1774705568.7014577,optimizer,0.0022181570529937744,524.150390625
285,1774705568.78891,forward,0.08379612304270267,11161.35498046875
285,1774705568.9696803,backward,0.18057549931108952,524.150390625
285,1774705568.9724233,optimizer,0.002212975174188614,524.150390625
286,1774705569.0595386,forward,0.08381271548569202,11161.35498046875
286,1774705569.2403011,backward,0.18056639656424522,524.150390625
286,1774705569.243051,optimizer,0.002221444621682167,524.150390625
287,1774705569.3304484,forward,0.08374791406095028,11161.35498046875
287,1774705569.5112412,backward,0.18059610947966576,524.150390625
287,1774705569.51398,optimizer,0.0022142045199871063,524.150390625
288,1774705569.6011267,forward,0.08384934440255165,11161.35498046875
288,1774705569.7819338,backward,0.18060624785721302,524.150390625
288,1774705569.7846754,optimizer,0.0022128354758024216,524.150390625
289,1774705569.8720143,forward,0.08375333435833454,11161.35498046875
289,1774705570.0528095,backward,0.18059949576854706,524.150390625
289,1774705570.0555604,optimizer,0.0022237244993448257,524.150390625
290,1774705570.142707,forward,0.0838090367615223,11161.35498046875
290,1774705570.3234031,backward,0.18049617484211922,524.150390625
290,1774705570.3261538,optimizer,0.00222085602581501,524.150390625
291,1774705570.4133089,forward,0.08378563448786736,11161.35498046875
291,1774705570.5940454,backward,0.180539783090353,524.150390625
291,1774705570.5967898,optimizer,0.002207687124609947,524.150390625
292,1774705570.6839871,forward,0.08375111036002636,11161.35498046875
292,1774705570.864701,backward,0.18049526400864124,524.150390625
292,1774705570.8674457,optimizer,0.0022106245160102844,524.150390625
293,1774705570.954499,forward,0.08375963382422924,11161.35498046875
293,1774705571.1352484,backward,0.18055788800120354,524.150390625
293,1774705571.1379888,optimizer,0.002214943990111351,524.150390625
294,1774705571.2250803,forward,0.08379722572863102,11161.35498046875
294,1774705571.4057815,backward,0.1804992761462927,524.150390625
294,1774705571.4085433,optimizer,0.0022291969507932663,524.150390625
295,1774705571.4955726,forward,0.0837994646281004,11161.35498046875
295,1774705571.6763783,backward,0.18060784600675106,524.150390625
295,1774705571.6791465,optimizer,0.0022283345460891724,524.150390625
296,1774705571.7666304,forward,0.08372325263917446,11161.35498046875
296,1774705571.947426,backward,0.1805940493941307,524.150390625
296,1774705571.9501736,optimizer,0.0022121239453554153,524.150390625
297,1774705572.0373535,forward,0.08389417640864849,11161.35498046875
297,1774705572.2181234,backward,0.18057353608310223,524.150390625
297,1774705572.2213342,optimizer,0.0023536179214715958,524.150390625
298,1774705572.308828,forward,0.08371642418205738,11161.35498046875
298,1774705572.4896195,backward,0.1806032359600067,524.150390625
298,1774705572.4923828,optimizer,0.0022243857383728027,524.150390625
299,1774705572.579719,forward,0.08390525728464127,11161.35498046875
299,1774705572.7604907,backward,0.18058469519019127,524.150390625
299,1774705572.7632308,optimizer,0.0022107958793640137,524.150390625
300,1774705572.8507578,forward,0.08381616324186325,11161.35498046875
300,1774705573.0315714,backward,0.18062735721468925,524.150390625
300,1774705573.0343199,optimizer,0.0022194869816303253,524.150390625
301,1774705573.1214392,forward,0.08384553901851177,11161.35498046875
301,1774705573.3021917,backward,0.18055563420057297,524.150390625
301,1774705573.304941,optimizer,0.0022236667573451996,524.150390625
302,1774705573.3919988,forward,0.08377311751246452,11161.35498046875
302,1774705573.5728164,backward,0.18062657676637173,524.150390625
302,1774705573.5755496,optimizer,0.002226646989583969,524.150390625
303,1774705573.662784,forward,0.08382049389183521,11161.35498046875
303,1774705573.843476,backward,0.18049284629523754,524.150390625
303,1774705573.846214,optimizer,0.0022150762379169464,524.150390625
304,1774705573.933305,forward,0.08380298689007759,11161.35498046875
304,1774705574.1141217,backward,0.18062306754291058,524.150390625
304,1774705574.116886,optimizer,0.002235228195786476,524.150390625
305,1774705574.2039564,forward,0.08378085680305958,11161.35498046875
305,1774705574.3847253,backward,0.1805778555572033,524.150390625
305,1774705574.3874888,optimizer,0.0022336356341838837,524.150390625
306,1774705574.4746084,forward,0.08383067324757576,11161.35498046875
306,1774705574.655361,backward,0.18056284449994564,524.150390625
306,1774705574.6581287,optimizer,0.0022314954549074173,524.150390625
307,1774705574.7455373,forward,0.08373375236988068,11161.35498046875
307,1774705574.926369,backward,0.18064014799892902,524.150390625
307,1774705574.9291265,optimizer,0.0022102855145931244,524.150390625
308,1774705575.0164142,forward,0.08387974463403225,11161.35498046875
308,1774705575.1971982,backward,0.1805829182267189,524.150390625
308,1774705575.1999583,optimizer,0.0022193677723407745,524.150390625
309,1774705575.2907727,forward,0.08381306566298008,11161.35498046875
309,1774705575.4716465,backward,0.18068058788776398,524.150390625
309,1774705575.474412,optimizer,0.0022405460476875305,524.150390625
310,1774705575.5616226,forward,0.08383794315159321,11161.35498046875
310,1774705575.742338,backward,0.1805157270282507,524.150390625
310,1774705575.7451057,optimizer,0.002240806818008423,524.150390625
311,1774705575.832162,forward,0.08377538435161114,11161.35498046875
311,1774705576.0129247,backward,0.18057378381490707,524.150390625
311,1774705576.0156896,optimizer,0.002235276624560356,524.150390625
312,1774705576.1027236,forward,0.08380946516990662,11161.35498046875
312,1774705576.2834916,backward,0.18057039566338062,524.150390625
312,1774705576.2862568,optimizer,0.002236315980553627,524.150390625
313,1774705576.3735173,forward,0.08383264765143394,11161.35498046875
313,1774705576.5543222,backward,0.1806041281670332,524.150390625
313,1774705576.5570734,optimizer,0.0022216755896806717,524.150390625
314,1774705576.6440942,forward,0.08372010476887226,11161.35498046875
314,1774705576.8249052,backward,0.18061499670147896,524.150390625
314,1774705576.827649,optimizer,0.0022144559770822525,524.150390625
315,1774705576.9147828,forward,0.0838580559939146,11161.35498046875
315,1774705577.095573,backward,0.18058914691209793,524.150390625
315,1774705577.0986972,optimizer,0.002308875322341919,524.150390625
316,1774705577.1865087,forward,0.08395685628056526,11161.35498046875
316,1774705577.3673892,backward,0.1806847807019949,524.150390625
316,1774705577.3700867,optimizer,0.0022216271609067917,524.150390625
317,1774705577.4573264,forward,0.08392857573926449,11161.35498046875
317,1774705577.638157,backward,0.18063748814165592,524.150390625
317,1774705577.6409307,optimizer,0.0022371970117092133,524.150390625
318,1774705577.7284846,forward,0.08379850722849369,11161.35498046875
318,1774705577.9093504,backward,0.18066945858299732,524.150390625
318,1774705577.9121516,optimizer,0.002223644405603409,524.150390625
319,1774705577.9994128,forward,0.0838481429964304,11161.35498046875
319,1774705578.180194,backward,0.18058057874441147,524.150390625
319,1774705578.1829584,optimizer,0.0022291336208581924,524.150390625
320,1774705578.2704074,forward,0.08384127356112003,11161.35498046875
320,1774705578.4512517,backward,0.18064449541270733,524.150390625
320,1774705578.4539516,optimizer,0.0022258441895246506,524.150390625
321,1774705578.5410464,forward,0.08381589502096176,11161.35498046875
321,1774705578.721814,backward,0.18056166730821133,524.150390625
321,1774705578.7245831,optimizer,0.0022210851311683655,524.150390625
322,1774705578.8118596,forward,0.08387335576117039,11161.35498046875
322,1774705578.992711,backward,0.18065457791090012,524.150390625
322,1774705578.9954665,optimizer,0.002222813665866852,524.150390625
323,1774705579.0826693,forward,0.08382400497794151,11161.35498046875
323,1774705579.2634926,backward,0.18063264898955822,524.150390625
323,1774705579.2662454,optimizer,0.0022164247930049896,524.150390625
324,1774705579.3534539,forward,0.0838504247367382,11161.35498046875
324,1774705579.534264,backward,0.18060089834034443,524.150390625
324,1774705579.5370293,optimizer,0.0022418368607759476,524.150390625
325,1774705579.624439,forward,0.08377189375460148,11161.35498046875
325,1774705579.805322,backward,0.18068822100758553,524.150390625
325,1774705579.8080847,optimizer,0.002224566414952278,524.150390625
326,1774705579.8953445,forward,0.08389664813876152,11161.35498046875
326,1774705580.0761983,backward,0.1806570179760456,524.150390625
326,1774705580.0789645,optimizer,0.0022256653755903244,524.150390625
327,1774705580.1664536,forward,0.08381259441375732,11161.35498046875
327,1774705580.3473005,backward,0.180649409070611,524.150390625
327,1774705580.3500388,optimizer,0.0022159460932016373,524.150390625
328,1774705580.4372954,forward,0.08397002704441547,11161.35498046875
328,1774705580.6181257,backward,0.18063641712069511,524.150390625
328,1774705580.6208837,optimizer,0.0022183749824762344,524.150390625
329,1774705580.7083056,forward,0.08380528353154659,11161.35498046875
329,1774705580.8891604,backward,0.18065613508224487,524.150390625
329,1774705580.8919265,optimizer,0.0022267084568738937,524.150390625
330,1774705580.9791214,forward,0.08380084298551083,11161.35498046875
330,1774705581.159972,backward,0.18065560795366764,524.150390625
330,1774705581.1627398,optimizer,0.002224056050181389,524.150390625
331,1774705581.24986,forward,0.08382442221045494,11161.35498046875
331,1774705581.4306927,backward,0.18063147738575935,524.150390625
331,1774705581.433438,optimizer,0.0022097229957580566,524.150390625
332,1774705581.520555,forward,0.08382946625351906,11161.35498046875
332,1774705581.7014537,backward,0.18070225603878498,524.150390625
332,1774705581.7042215,optimizer,0.002220993861556053,524.150390625
333,1774705581.7914698,forward,0.08380839601159096,11161.35498046875
333,1774705581.9723547,backward,0.1806865967810154,524.150390625
333,1774705581.9753218,optimizer,0.002365078777074814,524.150390625
334,1774705582.0626266,forward,0.08384251594543457,11161.35498046875
334,1774705582.2435071,backward,0.1806811597198248,524.150390625
334,1774705582.2462554,optimizer,0.00221850723028183,524.150390625
335,1774705582.3334332,forward,0.08387948758900166,11161.35498046875
335,1774705582.514238,backward,0.18060254864394665,524.150390625
335,1774705582.5169868,optimizer,0.0022146273404359818,524.150390625
336,1774705582.604493,forward,0.08379697613418102,11161.35498046875
336,1774705582.7854245,backward,0.18074042722582817,524.150390625
336,1774705582.788189,optimizer,0.0022197961807250977,524.150390625
337,1774705582.8755198,forward,0.08391675911843777,11161.35498046875
337,1774705583.0564523,backward,0.18073933571577072,524.150390625
337,1774705583.0592084,optimizer,0.002219265326857567,524.150390625
338,1774705583.1467328,forward,0.0837611947208643,11161.35498046875
338,1774705583.3276286,backward,0.18070286884903908,524.150390625
338,1774705583.330391,optimizer,0.002224525436758995,524.150390625
339,1774705583.4175105,forward,0.08385163731873035,11161.35498046875
339,1774705583.5983176,backward,0.18060187622904778,524.150390625
339,1774705583.6010635,optimizer,0.0022121164947748184,524.150390625
340,1774705583.6883903,forward,0.08381521515548229,11161.35498046875
340,1774705583.8691916,backward,0.18060490675270557,524.150390625
340,1774705583.8719513,optimizer,0.002218523994088173,524.150390625
341,1774705583.9590397,forward,0.08380128256976604,11161.35498046875
341,1774705584.139842,backward,0.18061218596994877,524.150390625
341,1774705584.1425958,optimizer,0.0022168252617120743,524.150390625
342,1774705584.2297325,forward,0.08386042714118958,11161.35498046875
342,1774705584.4106252,backward,0.18069139681756496,524.150390625
342,1774705584.4133875,optimizer,0.0022238362580537796,524.150390625
343,1774705584.5004892,forward,0.08382914587855339,11161.35498046875
343,1774705584.6812754,backward,0.18058865517377853,524.150390625
343,1774705584.6840255,optimizer,0.0022020451724529266,524.150390625
344,1774705584.7711732,forward,0.08383607305586338,11161.35498046875
344,1774705584.9520483,backward,0.18067417480051517,524.150390625
344,1774705584.9547975,optimizer,0.002214256674051285,524.150390625
345,1774705585.0421371,forward,0.08379713445901871,11161.35498046875
345,1774705585.2229693,backward,0.18063961900770664,524.150390625
345,1774705585.2257173,optimizer,0.0022182241082191467,524.150390625
346,1774705585.3129554,forward,0.08394252508878708,11161.35498046875
346,1774705585.4938734,backward,0.18072503991425037,524.150390625
346,1774705585.4966302,optimizer,0.0022189971059560776,524.150390625
347,1774705585.5840578,forward,0.08378334529697895,11161.35498046875
347,1774705585.764963,backward,0.18071757815778255,524.150390625
347,1774705585.767717,optimizer,0.0022280048578977585,524.150390625
348,1774705585.8551247,forward,0.08395628444850445,11161.35498046875
348,1774705586.0360267,backward,0.18070973828434944,524.150390625
348,1774705586.03876,optimizer,0.002212613821029663,524.150390625
349,1774705586.1262486,forward,0.08382594585418701,11161.35498046875
349,1774705586.3071253,backward,0.18068223632872105,524.150390625
349,1774705586.3098645,optimizer,0.002215243875980377,524.150390625
350,1774705586.3971431,forward,0.08389295637607574,11161.35498046875
350,1774705586.578051,backward,0.18071535974740982,524.150390625
350,1774705586.5807912,optimizer,0.002218782901763916,524.150390625
351,1774705586.6680007,forward,0.08379826508462429,11161.35498046875
351,1774705586.8489065,backward,0.1807109471410513,524.150390625
351,1774705586.851812,optimizer,0.0023138858377933502,524.150390625
352,1774705586.9393148,forward,0.08387295715510845,11161.35498046875
352,1774705587.1202505,backward,0.18073432706296444,524.150390625
352,1774705587.1230097,optimizer,0.0022314656525850296,524.150390625
353,1774705587.210145,forward,0.08383717574179173,11161.35498046875
353,1774705587.3909738,backward,0.18063770793378353,524.150390625
353,1774705587.3937242,optimizer,0.0022148042917251587,524.150390625
354,1774705587.4808292,forward,0.08384788408875465,11161.35498046875
354,1774705587.661758,backward,0.18073041923344135,524.150390625
354,1774705587.664501,optimizer,0.002217063680291176,524.150390625
355,1774705587.7516959,forward,0.08389649726450443,11161.35498046875
355,1774705587.9326868,backward,0.18077545799314976,524.150390625
355,1774705587.9354649,optimizer,0.002247566357254982,524.150390625
356,1774705588.022997,forward,0.08380470424890518,11161.35498046875
356,1774705588.2038915,backward,0.18069858849048615,524.150390625
356,1774705588.2066698,optimizer,0.0022325552999973297,524.150390625
357,1774705588.2939527,forward,0.08391270600259304,11161.35498046875
357,1774705588.4748905,backward,0.18074283562600613,524.150390625
357,1774705588.4776182,optimizer,0.002206595614552498,524.150390625
358,1774705588.5652163,forward,0.08381041511893272,11161.35498046875
358,1774705588.7460878,backward,0.180677967146039,524.150390625
358,1774705588.748849,optimizer,0.0022276248782873154,524.150390625
359,1774705588.8361304,forward,0.0838486161082983,11161.35498046875
359,1774705589.0170429,backward,0.1807158775627613,524.150390625
359,1774705589.019812,optimizer,0.002215854823589325,524.150390625
360,1774705589.1070557,forward,0.08383861556649208,11161.35498046875
360,1774705589.287916,backward,0.18066691607236862,524.150390625
360,1774705589.2906656,optimizer,0.002214426174759865,524.150390625
361,1774705589.3779821,forward,0.08378754742443562,11161.35498046875
361,1774705589.558853,backward,0.18067762814462185,524.150390625
361,1774705589.561608,optimizer,0.002203935757279396,524.150390625
362,1774705589.64887,forward,0.08391564525663853,11161.35498046875
362,1774705589.82974,backward,0.18067025765776634,524.150390625
362,1774705589.8324916,optimizer,0.0022174641489982605,524.150390625
363,1774705589.9197264,forward,0.08392449654638767,11161.35498046875
363,1774705590.1006687,backward,0.18075259774923325,524.150390625
363,1774705590.103427,optimizer,0.002239355817437172,524.150390625
364,1774705590.1906152,forward,0.0839002151042223,11161.35498046875
364,1774705590.3715847,backward,0.1807690877467394,524.150390625
364,1774705590.3743315,optimizer,0.0022312942892313004,524.150390625
365,1774705590.4619288,forward,0.08375792391598225,11161.35498046875
365,1774705590.6428158,backward,0.18069221824407578,524.150390625
365,1774705590.6455576,optimizer,0.002209734171628952,524.150390625
366,1774705590.7328796,forward,0.08396286144852638,11161.35498046875
366,1774705590.9138227,backward,0.180751109495759,524.150390625
366,1774705590.9165857,optimizer,0.002220435068011284,524.150390625
367,1774705591.0040467,forward,0.08380230516195297,11161.35498046875
367,1774705591.1849153,backward,0.18067488819360733,524.150390625
367,1774705591.1876857,optimizer,0.0022281575947999954,524.150390625
368,1774705591.2749858,forward,0.0838837269693613,11161.35498046875
368,1774705591.4558458,backward,0.18066728860139847,524.150390625
368,1774705591.4586146,optimizer,0.0022299345582723618,524.150390625
369,1774705591.5460727,forward,0.0837961845099926,11161.35498046875
369,1774705591.7269742,backward,0.18069614842534065,524.150390625
369,1774705591.7297223,optimizer,0.0022094249725341797,524.150390625
370,1774705591.8168683,forward,0.08384576812386513,11161.35498046875
370,1774705591.9977193,backward,0.18065359815955162,524.150390625
370,1774705592.0004735,optimizer,0.0022176261991262436,524.150390625
371,1774705592.0875702,forward,0.08384586311876774,11161.35498046875
371,1774705592.2684455,backward,0.1806806791573763,524.150390625
371,1774705592.271217,optimizer,0.002230364829301834,524.150390625
372,1774705592.3583274,forward,0.08381640538573265,11161.35498046875
372,1774705592.5391505,backward,0.180626617744565,524.150390625
372,1774705592.5419004,optimizer,0.00221913680434227,524.150390625
373,1774705592.6290977,forward,0.08387826569378376,11161.35498046875
373,1774705592.80995,backward,0.18065298721194267,524.150390625
373,1774705592.8127048,optimizer,0.00221814401447773,524.150390625
374,1774705592.9000835,forward,0.08377601206302643,11161.35498046875
374,1774705593.0809438,backward,0.1806662268936634,524.150390625
374,1774705593.0837028,optimizer,0.0022238045930862427,524.150390625
375,1774705593.1708841,forward,0.08387128449976444,11161.35498046875
375,1774705593.351907,backward,0.18075093999505043,524.150390625
375,1774705593.3547428,optimizer,0.0022936593741178513,524.150390625
376,1774705593.4423661,forward,0.08387485519051552,11161.35498046875
376,1774705593.623264,backward,0.1806980911642313,524.150390625
376,1774705593.6260116,optimizer,0.0022130273282527924,524.150390625
377,1774705593.7132454,forward,0.08393734693527222,11161.35498046875
377,1774705593.8941474,backward,0.18070897832512856,524.150390625
377,1774705593.8968863,optimizer,0.0022052060812711716,524.150390625
378,1774705593.984367,forward,0.08379765413701534,11161.35498046875
378,1774705594.165278,backward,0.18072455003857613,524.150390625
378,1774705594.1680446,optimizer,0.002226276323199272,524.150390625
379,1774705594.2552361,forward,0.08388801477849483,11161.35498046875
379,1774705594.4361708,backward,0.18073896691203117,524.150390625
379,1774705594.4389348,optimizer,0.0022326428443193436,524.150390625
380,1774705594.5260937,forward,0.08386099338531494,11161.35498046875
380,1774705594.7069793,backward,0.18069921992719173,524.150390625
380,1774705594.7097352,optimizer,0.0022204238921403885,524.150390625
381,1774705594.797018,forward,0.08386682346463203,11161.35498046875
381,1774705594.9778907,backward,0.18067479878664017,524.150390625
381,1774705594.9806433,optimizer,0.0022208355367183685,524.150390625
382,1774705595.0679352,forward,0.08390009589493275,11161.35498046875
382,1774705595.2487862,backward,0.18065499886870384,524.150390625
382,1774705595.251574,optimizer,0.002229757606983185,524.150390625
383,1774705595.338973,forward,0.08380711264908314,11161.35498046875
383,1774705595.5199466,backward,0.18076911754906178,524.150390625
383,1774705595.5227082,optimizer,0.0022261347621679306,524.150390625
384,1774705595.6099176,forward,0.08391086384654045,11161.35498046875
384,1774705595.7908828,backward,0.1807657703757286,524.150390625
384,1774705595.7936347,optimizer,0.0022107046097517014,524.150390625
385,1774705595.8845077,forward,0.08387649618089199,11161.35498046875
385,1774705596.0654736,backward,0.18076245859265327,524.150390625
385,1774705596.0682452,optimizer,0.0022175926715135574,524.150390625
386,1774705596.1553597,forward,0.0838348176330328,11161.35498046875
386,1774705596.3362126,backward,0.18065541610121727,524.150390625
386,1774705596.3389864,optimizer,0.0022362563759088516,524.150390625
387,1774705596.4262598,forward,0.08386516757309437,11161.35498046875
387,1774705596.6072047,backward,0.18074704706668854,524.150390625
387,1774705596.6099732,optimizer,0.002228284254670143,524.150390625
388,1774705596.697031,forward,0.08382942527532578,11161.35498046875
388,1774705596.8779287,backward,0.18069333769381046,524.150390625
388,1774705596.880692,optimizer,0.0022210832685232162,524.150390625
389,1774705596.9678974,forward,0.08390414528548717,11161.35498046875
389,1774705597.148754,backward,0.18066509626805782,524.150390625
389,1774705597.1515286,optimizer,0.002227572724223137,524.150390625
390,1774705597.238975,forward,0.08377929590642452,11161.35498046875
390,1774705597.4199224,backward,0.18075798079371452,524.150390625
390,1774705597.4226782,optimizer,0.002217106521129608,524.150390625
391,1774705597.5099196,forward,0.08393800631165504,11161.35498046875
391,1774705597.690891,backward,0.1807704083621502,524.150390625
391,1774705597.6936488,optimizer,0.0022276341915130615,524.150390625
392,1774705597.781144,forward,0.08386186696588993,11161.35498046875
392,1774705597.9620557,backward,0.18071245588362217,524.150390625
392,1774705597.9648094,optimizer,0.0022232048213481903,524.150390625
393,1774705598.052049,forward,0.08393021859228611,11161.35498046875
393,1774705598.2329886,backward,0.18074340745806694,524.150390625
393,1774705598.2357507,optimizer,0.002225903794169426,524.150390625
394,1774705598.3233762,forward,0.08382566273212433,11161.35498046875
394,1774705598.50437,backward,0.18080071732401848,524.150390625
394,1774705598.5071478,optimizer,0.0022376757115125656,524.150390625
395,1774705598.5943472,forward,0.08386819623410702,11161.35498046875
395,1774705598.7753341,backward,0.18079086020588875,524.150390625
395,1774705598.7780895,optimizer,0.002223016694188118,524.150390625
396,1774705598.8653247,forward,0.08386268652975559,11161.35498046875
396,1774705599.0462794,backward,0.1807634998112917,524.150390625
396,1774705599.0490334,optimizer,0.0022177845239639282,524.150390625
397,1774705599.1362503,forward,0.08383649587631226,11161.35498046875
397,1774705599.3169885,backward,0.18054508790373802,524.150390625
397,1774705599.3197665,optimizer,0.002222815528512001,524.150390625
398,1774705599.4069898,forward,0.08391407690942287,11161.35498046875
398,1774705599.5878425,backward,0.180661428719759,524.150390625
398,1774705599.5910974,optimizer,0.002394147217273712,524.150390625
399,1774705599.6832793,forward,0.0839273389428854,11161.35498046875
399,1774705599.864281,backward,0.18079814687371254,524.150390625
399,1774705599.8670707,optimizer,0.0022457148879766464,524.150390625
400,1774705599.9542542,forward,0.08388074673712254,11161.35498046875
400,1774705600.135248,backward,0.18079820275306702,524.150390625
400,1774705600.1379998,optimizer,0.0022185854613780975,524.150390625
401,1774705600.225382,forward,0.08399759791791439,11161.35498046875
401,1774705600.4064248,backward,0.18083914928138256,524.150390625
401,1774705600.4092023,optimizer,0.002213863655924797,524.150390625
402,1774705600.4962406,forward,0.08381064422428608,11161.35498046875
402,1774705600.6771407,backward,0.18070139922201633,524.150390625
402,1774705600.6799147,optimizer,0.002219676971435547,524.150390625
403,1774705600.7671237,forward,0.08392686955630779,11161.35498046875
403,1774705600.9480464,backward,0.1807236708700657,524.150390625
403,1774705600.9507916,optimizer,0.002216096967458725,524.150390625
404,1774705601.0384047,forward,0.0838360171765089,11161.35498046875
404,1774705601.2193666,backward,0.18076862022280693,524.150390625
404,1774705601.2221353,optimizer,0.002222776412963867,524.150390625
405,1774705601.3094597,forward,0.08390664681792259,11161.35498046875
405,1774705601.4903839,backward,0.18072071857750416,524.150390625
405,1774705601.4931483,optimizer,0.00223553366959095,524.150390625
406,1774705601.580613,forward,0.08386022411286831,11161.35498046875
406,1774705601.7615676,backward,0.18076452985405922,524.150390625
406,1774705601.7643116,optimizer,0.0022119060158729553,524.150390625
407,1774705601.8515527,forward,0.08393188565969467,11161.35498046875
407,1774705602.032512,backward,0.180752569809556,524.150390625
407,1774705602.0352786,optimizer,0.002233985811471939,524.150390625
408,1774705602.1229184,forward,0.08387200720608234,11161.35498046875
408,1774705602.30386,backward,0.18074722960591316,524.150390625
408,1774705602.306619,optimizer,0.0022208448499441147,524.150390625
409,1774705602.3939087,forward,0.08388974890112877,11161.35498046875
409,1774705602.574872,backward,0.18076129257678986,524.150390625
409,1774705602.5776289,optimizer,0.0022206753492355347,524.150390625
410,1774705602.6648123,forward,0.08389801532030106,11161.35498046875
410,1774705602.8458557,backward,0.18084985204041004,524.150390625
410,1774705602.8486173,optimizer,0.0022259261459112167,524.150390625
411,1774705602.9358494,forward,0.08385967835783958,11161.35498046875
411,1774705603.116748,backward,0.18070275709033012,524.150390625
411,1774705603.119526,optimizer,0.002234984189271927,524.150390625
412,1774705603.2068012,forward,0.0838934350758791,11161.35498046875
412,1774705603.3877635,backward,0.18076037988066673,524.150390625
412,1774705603.39054,optimizer,0.002239607274532318,524.150390625
413,1774705603.4822133,forward,0.08381602726876736,11161.35498046875
413,1774705603.6631713,backward,0.18076124787330627,524.150390625
413,1774705603.6659398,optimizer,0.0022278353571891785,524.150390625
414,1774705603.7531378,forward,0.08391721732914448,11161.35498046875
414,1774705603.9341166,backward,0.1807780209928751,524.150390625
414,1774705603.9368875,optimizer,0.0022316761314868927,524.150390625
415,1774705604.024197,forward,0.08391855843365192,11161.35498046875
415,1774705604.2053297,backward,0.18092249520123005,524.150390625
415,1774705604.208094,optimizer,0.0022214576601982117,524.150390625
416,1774705604.295315,forward,0.08383178524672985,11161.35498046875
416,1774705604.4763618,backward,0.18085312098264694,524.150390625
416,1774705604.4791415,optimizer,0.0022404566407203674,524.150390625
417,1774705604.566412,forward,0.08397452905774117,11161.35498046875
417,1774705604.7474442,backward,0.18083447217941284,524.150390625
417,1774705604.750224,optimizer,0.0022367145866155624,524.150390625
418,1774705604.8378973,forward,0.08384892717003822,11161.35498046875
418,1774705605.0189202,backward,0.1808311827480793,524.150390625
418,1774705605.0216982,optimizer,0.002231476828455925,524.150390625
419,1774705605.1089678,forward,0.08398071862757206,11161.35498046875
419,1774705605.2899764,backward,0.18080453015863895,524.150390625
419,1774705605.2927425,optimizer,0.002223396673798561,524.150390625
420,1774705605.3801737,forward,0.08385453559458256,11161.35498046875
420,1774705605.561224,backward,0.18085809238255024,524.150390625
420,1774705605.5639803,optimizer,0.002213694155216217,524.150390625
421,1774705605.6512094,forward,0.08390757627785206,11161.35498046875
421,1774705605.8322282,backward,0.18083043210208416,524.150390625
421,1774705605.8354461,optimizer,0.0023053474724292755,524.150390625
422,1774705605.9229002,forward,0.08402620814740658,11161.35498046875
422,1774705606.1039658,backward,0.18087348155677319,524.150390625
422,1774705606.106721,optimizer,0.0022226572036743164,524.150390625
423,1774705606.1940262,forward,0.08388337679207325,11161.35498046875
423,1774705606.3750048,backward,0.1807907298207283,524.150390625
423,1774705606.377761,optimizer,0.0022257138043642044,524.150390625
424,1774705606.4649854,forward,0.08392725698649883,11161.35498046875
424,1774705606.646012,backward,0.18082837015390396,524.150390625
424,1774705606.6487799,optimizer,0.0022268537431955338,524.150390625
425,1774705606.7362342,forward,0.08388020470738411,11161.35498046875
425,1774705606.9172723,backward,0.1808532327413559,524.150390625
425,1774705606.9200315,optimizer,0.0022179745137691498,524.150390625
426,1774705607.0072994,forward,0.08395587839186192,11161.35498046875
426,1774705607.1883914,backward,0.18090149201452732,524.150390625
426,1774705607.191155,optimizer,0.0022294484078884125,524.150390625
427,1774705607.280731,forward,0.08388114534318447,11161.35498046875
427,1774705607.4617374,backward,0.18081019259989262,524.150390625
427,1774705607.4645107,optimizer,0.0022381246089935303,524.150390625
428,1774705607.551825,forward,0.08391324616968632,11161.35498046875
428,1774705607.7327929,backward,0.18077932856976986,524.150390625
428,1774705607.7355742,optimizer,0.002238726243376732,524.150390625
429,1774705607.8227704,forward,0.08390594646334648,11161.35498046875
429,1774705608.0037923,backward,0.1808223109692335,524.150390625
429,1774705608.0065506,optimizer,0.0022223256528377533,524.150390625
430,1774705608.0936608,forward,0.08385813608765602,11161.35498046875
430,1774705608.274699,backward,0.18085003085434437,524.150390625
430,1774705608.2774875,optimizer,0.002251164987683296,524.150390625
431,1774705608.3647408,forward,0.08395612798631191,11161.35498046875
431,1774705608.5458186,backward,0.18088226206600666,524.150390625
431,1774705608.548585,optimizer,0.0022422969341278076,524.150390625
432,1774705608.636141,forward,0.08386633545160294,11161.35498046875
432,1774705608.8171234,backward,0.18079007975757122,524.150390625
432,1774705608.819885,optimizer,0.0022223535925149918,524.150390625
433,1774705608.9070776,forward,0.0838937982916832,11161.35498046875
433,1774705609.0880706,backward,0.18079901114106178,524.150390625
433,1774705609.0908468,optimizer,0.0022303666919469833,524.150390625
434,1774705609.178309,forward,0.08388969674706459,11161.35498046875
434,1774705609.3593204,backward,0.18081404827535152,524.150390625
434,1774705609.3620942,optimizer,0.002234373241662979,524.150390625
435,1774705609.449452,forward,0.08396050706505775,11161.35498046875
435,1774705609.6304834,backward,0.18082658015191555,524.150390625
435,1774705609.6332552,optimizer,0.0022231079638004303,524.150390625
436,1774705609.720973,forward,0.08389199711382389,11161.35498046875
436,1774705609.9020138,backward,0.18083909898996353,524.150390625
436,1774705609.904778,optimizer,0.0022166352719068527,524.150390625
437,1774705609.9920492,forward,0.08390759490430355,11161.35498046875
437,1774705610.1730654,backward,0.1808195896446705,524.150390625
437,1774705610.175819,optimizer,0.0022150836884975433,524.150390625
438,1774705610.2630367,forward,0.08392157591879368,11161.35498046875
438,1774705610.4439888,backward,0.1807525921612978,524.150390625
438,1774705610.446737,optimizer,0.0022194571793079376,524.150390625
439,1774705610.5341299,forward,0.08387902565300465,11161.35498046875
439,1774705610.7151203,backward,0.18079445883631706,524.150390625
439,1774705610.717886,optimizer,0.002235148102045059,524.150390625
440,1774705610.805253,forward,0.08394285850226879,11161.35498046875
440,1774705610.9862149,backward,0.18077230639755726,524.150390625
440,1774705610.988972,optimizer,0.002208853140473366,524.150390625
441,1774705611.079752,forward,0.08388545550405979,11161.35498046875
441,1774705611.2608044,backward,0.18085621297359467,524.150390625
441,1774705611.2635837,optimizer,0.0022209342569112778,524.150390625
442,1774705611.3507829,forward,0.08390591852366924,11161.35498046875
442,1774705611.5318375,backward,0.1808668002486229,524.150390625
442,1774705611.5346036,optimizer,0.0022250544279813766,524.150390625
443,1774705611.6218207,forward,0.08391880616545677,11161.35498046875
443,1774705611.8028917,backward,0.1808685027062893,524.150390625
443,1774705611.8056445,optimizer,0.002211185172200203,524.150390625
444,1774705611.89273,forward,0.08385474793612957,11161.35498046875
444,1774705612.073703,backward,0.1807780098170042,524.150390625
444,1774705612.076461,optimizer,0.002216184511780739,524.150390625
445,1774705612.1637166,forward,0.08393239602446556,11161.35498046875
445,1774705612.3448563,backward,0.18094381131231785,524.150390625
445,1774705612.34783,optimizer,0.002365417778491974,524.150390625
446,1774705612.435783,forward,0.08387873694300652,11161.35498046875
446,1774705612.616828,backward,0.1808446515351534,524.150390625
446,1774705612.6196406,optimizer,0.0022400952875614166,524.150390625
447,1774705612.7069166,forward,0.08396810851991177,11161.35498046875
447,1774705612.8879294,backward,0.18080204911530018,524.150390625
447,1774705612.8906915,optimizer,0.002218155190348625,524.150390625
448,1774705612.9781325,forward,0.08384985476732254,11161.35498046875
448,1774705613.1592236,backward,0.18089359998703003,524.150390625
448,1774705613.1619859,optimizer,0.0022149551659822464,524.150390625
449,1774705613.249359,forward,0.08396819792687893,11161.35498046875
449,1774705613.430396,backward,0.18083126097917557,524.150390625
449,1774705613.4331546,optimizer,0.0022144950926303864,524.150390625
450,1774705613.5203545,forward,0.08389916829764843,11161.35498046875
450,1774705613.7014568,backward,0.18090480007231236,524.150390625
450,1774705613.704207,optimizer,0.00220564566552639,524.150390625
451,1774705613.7913558,forward,0.08385941758751869,11161.35498046875
451,1774705613.9722972,backward,0.18073677830398083,524.150390625
451,1774705613.9750836,optimizer,0.0022486168891191483,524.150390625
452,1774705614.0622985,forward,0.08394463919103146,11161.35498046875
452,1774705614.2433238,backward,0.18082786165177822,524.150390625
452,1774705614.2460966,optimizer,0.00222032330930233,524.150390625
453,1774705614.3335905,forward,0.08387548476457596,11161.35498046875
453,1774705614.5146143,backward,0.1808317992836237,524.150390625
453,1774705614.5173788,optimizer,0.0022247731685638428,524.150390625
454,1774705614.6046925,forward,0.0839645005762577,11161.35498046875
454,1774705614.7857625,backward,0.18086924962699413,524.150390625
454,1774705614.7885263,optimizer,0.0022283662110567093,524.150390625
455,1774705614.8785515,forward,0.08391262404620647,11161.35498046875
455,1774705615.0595121,backward,0.18075989931821823,524.150390625
455,1774705615.0622787,optimizer,0.002223856747150421,524.150390625
456,1774705615.1495965,forward,0.08391297794878483,11161.35498046875
456,1774705615.330689,backward,0.18089445121586323,524.150390625
456,1774705615.3334537,optimizer,0.0022207945585250854,524.150390625
457,1774705615.4207823,forward,0.08400792814791203,11161.35498046875
457,1774705615.6018345,backward,0.1808613631874323,524.150390625
457,1774705615.604605,optimizer,0.002226615324616432,524.150390625
458,1774705615.6917083,forward,0.0838541854172945,11161.35498046875
458,1774705615.8727243,backward,0.18082155101001263,524.150390625
458,1774705615.8754978,optimizer,0.002228556200861931,524.150390625
459,1774705615.9627225,forward,0.08392083831131458,11161.35498046875
459,1774705616.1437962,backward,0.18087861128151417,524.150390625
459,1774705616.146573,optimizer,0.002223195508122444,524.150390625
460,1774705616.2341778,forward,0.08385310880839825,11161.35498046875
460,1774705616.4152424,backward,0.18085602298378944,524.150390625
460,1774705616.4180048,optimizer,0.0022206157445907593,524.150390625
461,1774705616.5053205,forward,0.08402172662317753,11161.35498046875
461,1774705616.686399,backward,0.18088461086153984,524.150390625
461,1774705616.6891594,optimizer,0.002211757004261017,524.150390625
462,1774705616.7767105,forward,0.0839580986648798,11161.35498046875
462,1774705616.957821,backward,0.18091159127652645,524.150390625
462,1774705616.9605908,optimizer,0.002220243215560913,524.150390625
463,1774705617.0478637,forward,0.08394786901772022,11161.35498046875
463,1774705617.228918,backward,0.18085345067083836,524.150390625
463,1774705617.23169,optimizer,0.0022382140159606934,524.150390625
464,1774705617.3189046,forward,0.0839266087859869,11161.35498046875
464,1774705617.4998877,backward,0.1807915922254324,524.150390625
464,1774705617.502653,optimizer,0.0022123493254184723,524.150390625
465,1774705617.5898602,forward,0.08390234783291817,11161.35498046875
465,1774705617.7708054,backward,0.18075187876820564,524.150390625
465,1774705617.7735667,optimizer,0.0022137966006994247,524.150390625
466,1774705617.8609397,forward,0.08396920002996922,11161.35498046875
466,1774705618.0420284,backward,0.18089761026203632,524.150390625
466,1774705618.044791,optimizer,0.002217506989836693,524.150390625
467,1774705618.1323805,forward,0.08388832397758961,11161.35498046875
467,1774705618.3133948,backward,0.18081365153193474,524.150390625
467,1774705618.3161545,optimizer,0.0022223349660634995,524.150390625
468,1774705618.4034247,forward,0.0839596576988697,11161.35498046875
468,1774705618.584597,backward,0.18097873218357563,524.150390625
468,1774705618.587509,optimizer,0.002316005527973175,524.150390625
469,1774705618.6776075,forward,0.08392704837024212,11161.35498046875
469,1774705618.8586757,backward,0.18086890317499638,524.150390625
469,1774705618.861438,optimizer,0.0022223684936761856,524.150390625
470,1774705618.9487114,forward,0.08386262506246567,11161.35498046875
470,1774705619.1298115,backward,0.18089855089783669,524.150390625
470,1774705619.1325643,optimizer,0.0022133365273475647,524.150390625
471,1774705619.219863,forward,0.08398985676467419,11161.35498046875
471,1774705619.4009595,backward,0.18089895136654377,524.150390625
471,1774705619.4037323,optimizer,0.002224816009402275,524.150390625
472,1774705619.4908328,forward,0.08384370617568493,11161.35498046875
472,1774705619.6718729,backward,0.180851761251688,524.150390625
472,1774705619.6746402,optimizer,0.002225015312433243,524.150390625
473,1774705619.7619429,forward,0.08390531502664089,11161.35498046875
473,1774705619.9429991,backward,0.1808648332953453,524.150390625
473,1774705619.9457629,optimizer,0.0022193752229213715,524.150390625
474,1774705620.0334501,forward,0.08387247659265995,11161.35498046875
474,1774705620.2145367,backward,0.1808858197182417,524.150390625
474,1774705620.2173026,optimizer,0.002220265567302704,524.150390625
475,1774705620.304563,forward,0.08395143784582615,11161.35498046875
475,1774705620.4856036,backward,0.18084716238081455,524.150390625
475,1774705620.4883702,optimizer,0.002230767160654068,524.150390625
476,1774705620.5758224,forward,0.08388506434857845,11161.35498046875
476,1774705620.7568767,backward,0.1808660589158535,524.150390625
476,1774705620.759659,optimizer,0.002233656123280525,524.150390625
477,1774705620.8468974,forward,0.08395464718341827,11161.35498046875
477,1774705621.027899,backward,0.18081230856478214,524.150390625
477,1774705621.0306587,optimizer,0.002216354012489319,524.150390625
478,1774705621.1191466,forward,0.08396445587277412,11161.35498046875
478,1774705621.3001244,backward,0.18078606948256493,524.150390625
478,1774705621.3028882,optimizer,0.0022517256438732147,524.150390625
479,1774705621.3899934,forward,0.08386057429015636,11161.35498046875
479,1774705621.5709064,backward,0.18074116110801697,524.150390625
479,1774705621.5736556,optimizer,0.002241656184196472,524.150390625
480,1774705621.9532568,forward,0.08458992838859558,11161.35498046875
480,1774705622.1345417,backward,0.18102611228823662,524.150390625
480,1774705622.1373575,optimizer,0.0022618062794208527,524.150390625
481,1774705622.2246704,forward,0.08400002680718899,11161.35498046875
481,1774705622.4058669,backward,0.1809914130717516,524.150390625
481,1774705622.408637,optimizer,0.0022125858813524246,524.150390625
482,1774705622.4964392,forward,0.08413239941000938,11161.35498046875
482,1774705622.6777868,backward,0.18107345327734947,524.150390625
482,1774705622.680548,optimizer,0.0022225454449653625,524.150390625
483,1774705622.7716265,forward,0.08420084416866302,11161.35498046875
483,1774705622.9532905,backward,0.18140564858913422,524.150390625
483,1774705622.9560714,optimizer,0.002221357077360153,524.150390625
484,1774705623.0436761,forward,0.08422783203423023,11161.35498046875
484,1774705623.225302,backward,0.18138379976153374,524.150390625
484,1774705623.228085,optimizer,0.002230703830718994,524.150390625
485,1774705623.3157141,forward,0.08389483578503132,11161.35498046875
485,1774705623.4969497,backward,0.1810410749167204,524.150390625
485,1774705623.4997368,optimizer,0.0022384468466043472,524.150390625
486,1774705623.5869486,forward,0.08392680622637272,11161.35498046875
486,1774705623.7681317,backward,0.18099166452884674,524.150390625
486,1774705623.770922,optimizer,0.0022331848740577698,524.150390625
487,1774705623.858095,forward,0.08393203653395176,11161.35498046875
487,1774705624.0394,backward,0.1811115238815546,524.150390625
487,1774705624.0421784,optimizer,0.002216845750808716,524.150390625
488,1774705624.129326,forward,0.083875747397542,11161.35498046875
488,1774705624.310624,backward,0.1810988448560238,524.150390625
488,1774705624.3134243,optimizer,0.0022374149411916733,524.150390625
489,1774705624.4006522,forward,0.08395948819816113,11161.35498046875
489,1774705624.581675,backward,0.1808217205107212,524.150390625
489,1774705624.584453,optimizer,0.002225944772362709,524.150390625
490,1774705624.6757097,forward,0.08393788896501064,11161.35498046875
490,1774705624.8568523,backward,0.18095129169523716,524.150390625
490,1774705624.859658,optimizer,0.0022494960576295853,524.150390625
491,1774705624.9468107,forward,0.08390217833220959,11161.35498046875
491,1774705625.1279058,backward,0.1809007916599512,524.150390625
491,1774705625.130676,optimizer,0.002215806394815445,524.150390625
492,1774705625.217883,forward,0.08395114727318287,11161.35498046875
492,1774705625.3989213,backward,0.18084041960537434,524.150390625
492,1774705625.401691,optimizer,0.0022169966250658035,524.150390625
493,1774705625.4887693,forward,0.08386082388460636,11161.35498046875
493,1774705625.6698422,backward,0.1808563731610775,524.150390625
493,1774705625.6725993,optimizer,0.002214742824435234,524.150390625
494,1774705625.7598686,forward,0.08398101851344109,11161.35498046875
494,1774705625.9408648,backward,0.18079919181764126,524.150390625
494,1774705625.9436553,optimizer,0.002235306426882744,524.150390625
495,1774705626.0311394,forward,0.08386558666825294,11161.35498046875
495,1774705626.21225,backward,0.18091198429465294,524.150390625
495,1774705626.2150373,optimizer,0.0022335555404424667,524.150390625
496,1774705626.3023293,forward,0.0840075183659792,11161.35498046875
496,1774705626.4833536,backward,0.18082751333713531,524.150390625
496,1774705626.486127,optimizer,0.0022192560136318207,524.150390625
497,1774705626.5736125,forward,0.08385126478970051,11161.35498046875
497,1774705626.7546995,backward,0.1808944121003151,524.150390625
497,1774705626.757484,optimizer,0.002230122685432434,524.150390625
498,1774705626.8447042,forward,0.0839463584125042,11161.35498046875
498,1774705627.0258,backward,0.18090134300291538,524.150390625
498,1774705627.0285795,optimizer,0.0022287536412477493,524.150390625
499,1774705627.1157775,forward,0.0839325375854969,11161.35498046875
499,1774705627.2970662,backward,0.18101248517632484,524.150390625
499,1774705627.299955,optimizer,0.0023118779063224792,524.150390625
500,1774705627.3872752,forward,0.08391403593122959,11161.35498046875
500,1774705627.5682204,backward,0.1807495281100273,524.150390625
500,1774705627.5710146,optimizer,0.002235736697912216,524.150390625
501,1774705627.6582198,forward,0.08394266664981842,11161.35498046875
501,1774705627.8391888,backward,0.1807760801166296,524.150390625
501,1774705627.841957,optimizer,0.0022228024899959564,524.150390625
502,1774705627.929548,forward,0.08387380465865135,11161.35498046875
502,1774705628.1105237,backward,0.18078071251511574,524.150390625
502,1774705628.1133096,optimizer,0.0022290870547294617,524.150390625
503,1774705628.200531,forward,0.08391338586807251,11161.35498046875
503,1774705628.3815572,backward,0.1808287724852562,524.150390625
503,1774705628.3843377,optimizer,0.0022243838757276535,524.150390625
504,1774705628.4742758,forward,0.08387112617492676,11161.35498046875
504,1774705628.6553326,backward,0.1808598842471838,524.150390625
504,1774705628.658112,optimizer,0.002213355153799057,524.150390625
505,1774705628.745419,forward,0.08393830806016922,11161.35498046875
505,1774705628.9264555,backward,0.1808281410485506,524.150390625
505,1774705628.9292314,optimizer,0.0022296160459518433,524.150390625
506,1774705629.0164108,forward,0.08391379565000534,11161.35498046875
506,1774705629.197422,backward,0.18081305921077728,524.150390625
506,1774705629.200207,optimizer,0.002221332862973213,524.150390625
507,1774705629.287312,forward,0.08388371579349041,11161.35498046875
507,1774705629.468313,backward,0.18080275133252144,524.150390625
507,1774705629.4711199,optimizer,0.0022583436220884323,524.150390625
508,1774705629.5582976,forward,0.08392814733088017,11161.35498046875
508,1774705629.7393029,backward,0.18081427924335003,524.150390625
508,1774705629.7420704,optimizer,0.0022274162620306015,524.150390625
509,1774705629.829638,forward,0.08387469686567783,11161.35498046875
509,1774705630.0106132,backward,0.1807781308889389,524.150390625
509,1774705630.0133762,optimizer,0.0022227857261896133,524.150390625
510,1774705630.1006062,forward,0.08395160920917988,11161.35498046875
510,1774705630.281624,backward,0.18082689866423607,524.150390625
510,1774705630.284435,optimizer,0.0022236965596675873,524.150390625
511,1774705630.3717947,forward,0.08381529338657856,11161.35498046875
511,1774705630.552802,backward,0.18078734911978245,524.150390625
511,1774705630.5555887,optimizer,0.0022427160292863846,524.150390625
512,1774705630.642838,forward,0.08396611735224724,11161.35498046875
512,1774705630.8238795,backward,0.18083906173706055,524.150390625
512,1774705630.8266618,optimizer,0.002226436510682106,524.150390625
513,1774705630.9143991,forward,0.08392694033682346,11161.35498046875
513,1774705631.09545,backward,0.1808500997722149,524.150390625
513,1774705631.0982037,optimizer,0.002209683880209923,524.150390625
514,1774705631.1854784,forward,0.08390558324754238,11161.35498046875
514,1774705631.3664975,backward,0.18075512163341045,524.150390625
514,1774705631.3692164,optimizer,0.0022326093167066574,524.150390625
515,1774705631.4564629,forward,0.08393953740596771,11161.35498046875
515,1774705631.6374726,backward,0.1808144599199295,524.150390625
515,1774705631.6402009,optimizer,0.0022323932498693466,524.150390625
516,1774705631.7273922,forward,0.08386444859206676,11161.35498046875
516,1774705631.9084258,backward,0.1808343008160591,524.150390625
516,1774705631.9111443,optimizer,0.0022357236593961716,524.150390625
517,1774705631.9984906,forward,0.08396521583199501,11161.35498046875
517,1774705632.1795588,backward,0.1808781921863556,524.150390625
517,1774705632.1823428,optimizer,0.002238962799310684,524.150390625
518,1774705632.2731361,forward,0.08388883620500565,11161.35498046875
518,1774705632.4541688,backward,0.18083737045526505,524.150390625
518,1774705632.456945,optimizer,0.0022295936942100525,524.150390625
519,1774705632.544132,forward,0.08391105942428112,11161.35498046875
519,1774705632.7251465,backward,0.18081197142601013,524.150390625
519,1774705632.7279196,optimizer,0.0022245757281780243,524.150390625
520,1774705632.8151333,forward,0.08393660746514797,11161.35498046875
520,1774705632.9961429,backward,0.1808096431195736,524.150390625
520,1774705632.9989004,optimizer,0.002213316038250923,524.150390625
521,1774705633.0860083,forward,0.08389541693031788,11161.35498046875
521,1774705633.266907,backward,0.18070631101727486,524.150390625
521,1774705633.2696848,optimizer,0.0022221654653549194,524.150390625
522,1774705633.3569236,forward,0.08398247137665749,11161.35498046875
522,1774705633.5380602,backward,0.18093662336468697,524.150390625
522,1774705633.5408232,optimizer,0.0022266339510679245,524.150390625
523,1774705633.6284037,forward,0.08388682641088963,11161.35498046875
523,1774705633.8093696,backward,0.18076829053461552,524.150390625
523,1774705633.81213,optimizer,0.002211274579167366,524.150390625
524,1774705633.8994646,forward,0.08396679908037186,11161.35498046875
524,1774705634.0805328,backward,0.18087926134467125,524.150390625
524,1774705634.0832877,optimizer,0.002225596457719803,524.150390625
525,1774705634.1706772,forward,0.08384032733738422,11161.35498046875
525,1774705634.3516867,backward,0.18081068061292171,524.150390625
525,1774705634.3544295,optimizer,0.0022124163806438446,524.150390625
526,1774705634.4416564,forward,0.08398098684847355,11161.35498046875
526,1774705634.622627,backward,0.18077183328568935,524.150390625
526,1774705634.6253903,optimizer,0.0022325869649648666,524.150390625
527,1774705634.713031,forward,0.08397816866636276,11161.35498046875
527,1774705634.8941197,backward,0.18089760094881058,524.150390625
527,1774705634.8968685,optimizer,0.002212556079030037,524.150390625
528,1774705634.9839654,forward,0.08385507762432098,11161.35498046875
528,1774705635.1648746,backward,0.18071443028748035,524.150390625
528,1774705635.167643,optimizer,0.002232324331998825,524.150390625
529,1774705635.2548,forward,0.0838872641324997,11161.35498046875
529,1774705635.4358299,backward,0.1808331236243248,524.150390625
529,1774705635.4391248,optimizer,0.002405557781457901,524.150390625
530,1774705635.5265658,forward,0.08390661887824535,11161.35498046875
530,1774705635.7074988,backward,0.1807435303926468,524.150390625
530,1774705635.7102518,optimizer,0.0022097527980804443,524.150390625
531,1774705635.7975383,forward,0.08397100679576397,11161.35498046875
531,1774705635.978536,backward,0.1808109600096941,524.150390625
531,1774705635.9813147,optimizer,0.0022287555038928986,524.150390625
532,1774705636.0721283,forward,0.08393123932182789,11161.35498046875
532,1774705636.2531285,backward,0.1808169223368168,524.150390625
532,1774705636.2559068,optimizer,0.002225857228040695,524.150390625
533,1774705636.343092,forward,0.08390833623707294,11161.35498046875
533,1774705636.5240989,backward,0.18079743906855583,524.150390625
533,1774705636.5268636,optimizer,0.0022247079759836197,524.150390625
534,1774705636.614056,forward,0.0839153565466404,11161.35498046875
534,1774705636.7950835,backward,0.1808297112584114,524.150390625
534,1774705636.7978566,optimizer,0.0022261645644903183,524.150390625
535,1774705636.8849325,forward,0.08386875689029694,11161.35498046875
535,1774705637.0659091,backward,0.18078516982495785,524.150390625
535,1774705637.0686836,optimizer,0.0022222064435482025,524.150390625
536,1774705637.1558547,forward,0.08392155729234219,11161.35498046875
536,1774705637.336934,backward,0.1808766108006239,524.150390625
536,1774705637.3397138,optimizer,0.002240806818008423,524.150390625
537,1774705637.4273157,forward,0.08387068845331669,11161.35498046875
537,1774705637.6083827,backward,0.18085871078073978,524.150390625
537,1774705637.6111493,optimizer,0.002225453034043312,524.150390625
538,1774705637.6983845,forward,0.0839559268206358,11161.35498046875
538,1774705637.8793046,backward,0.18073208257555962,524.150390625
538,1774705637.8820877,optimizer,0.002226676791906357,524.150390625
539,1774705637.9695477,forward,0.08389466814696789,11161.35498046875
539,1774705638.1505327,backward,0.1807834394276142,524.150390625
539,1774705638.1532898,optimizer,0.00221814401447773,524.150390625
540,1774705638.2405338,forward,0.08392507769167423,11161.35498046875
540,1774705638.4215562,backward,0.1808147393167019,524.150390625
540,1774705638.4243345,optimizer,0.0022280439734458923,524.150390625
541,1774705638.5120964,forward,0.08386723510921001,11161.35498046875
541,1774705638.6931393,backward,0.1808389313519001,524.150390625
541,1774705638.695935,optimizer,0.002237226814031601,524.150390625
542,1774705638.783302,forward,0.08395048789680004,11161.35498046875
542,1774705638.964298,backward,0.18079480901360512,524.150390625
542,1774705638.967049,optimizer,0.0022450555115938187,524.150390625
543,1774705639.054267,forward,0.08394292742013931,11161.35498046875
543,1774705639.235356,backward,0.18089299090206623,524.150390625
543,1774705639.2381225,optimizer,0.002222733572125435,524.150390625
544,1774705639.3254805,forward,0.08384991437196732,11161.35498046875
544,1774705639.506499,backward,0.18082511238753796,524.150390625
544,1774705639.5092087,optimizer,0.002220435068011284,524.150390625
545,1774705639.5964544,forward,0.08395033702254295,11161.35498046875
545,1774705639.7774317,backward,0.18077943101525307,524.150390625
545,1774705639.780204,optimizer,0.0022204164415597916,524.150390625
546,1774705639.8708012,forward,0.0838521458208561,11161.35498046875
546,1774705640.0518105,backward,0.18081955052912235,524.150390625
546,1774705640.0545924,optimizer,0.0022311359643936157,524.150390625
547,1774705640.1419468,forward,0.08391766622662544,11161.35498046875
547,1774705640.3230348,backward,0.18089175410568714,524.150390625
547,1774705640.3258028,optimizer,0.0022262074053287506,524.150390625
548,1774705640.4129956,forward,0.08392418548464775,11161.35498046875
548,1774705640.5940714,backward,0.18087312020361423,524.150390625
548,1774705640.5968432,optimizer,0.0022250358015298843,524.150390625
549,1774705640.6840053,forward,0.08386249653995037,11161.35498046875
549,1774705640.8649933,backward,0.18079186789691448,524.150390625
549,1774705640.867763,optimizer,0.002220435068011284,524.150390625
550,1774705640.9550128,forward,0.0839728768914938,11161.35498046875
550,1774705641.1361341,backward,0.18091757409274578,524.150390625
550,1774705641.1388996,optimizer,0.002217346802353859,524.150390625
551,1774705641.2263997,forward,0.08385223522782326,11161.35498046875
551,1774705641.4073675,backward,0.1807665191590786,524.150390625
551,1774705641.4101393,optimizer,0.0022304151207208633,524.150390625
552,1774705641.4974277,forward,0.08403915911912918,11161.35498046875
552,1774705641.6785312,backward,0.18087886087596416,524.150390625
552,1774705641.6813025,optimizer,0.0022228341549634933,524.150390625
553,1774705641.768936,forward,0.08388566598296165,11161.35498046875
553,1774705641.9500024,backward,0.18086896277964115,524.150390625
553,1774705641.952793,optimizer,0.0022234171628952026,524.150390625
554,1774705642.0399187,forward,0.08388329483568668,11161.35498046875
554,1774705642.2210307,backward,0.1809102315455675,524.150390625
554,1774705642.2238019,optimizer,0.002229936420917511,524.150390625
555,1774705642.310923,forward,0.08386318385601044,11161.35498046875
555,1774705642.4919472,backward,0.18083108216524124,524.150390625
555,1774705642.4947088,optimizer,0.002231774851679802,524.150390625
556,1774705642.5818818,forward,0.08388622291386127,11161.35498046875
556,1774705642.7629611,backward,0.18088374473154545,524.150390625
556,1774705642.7657409,optimizer,0.0022357869893312454,524.150390625
557,1774705642.852896,forward,0.08387613482773304,11161.35498046875
557,1774705643.0338817,backward,0.18079408071935177,524.150390625
557,1774705643.036649,optimizer,0.002231355756521225,524.150390625
558,1774705643.123862,forward,0.0838814452290535,11161.35498046875
558,1774705643.3049223,backward,0.18087080121040344,524.150390625
558,1774705643.307688,optimizer,0.002231655642390251,524.150390625
559,1774705643.3948991,forward,0.08394958451390266,11161.35498046875
559,1774705643.5760167,backward,0.18092259392142296,524.150390625
559,1774705643.5787914,optimizer,0.002235235646367073,524.150390625
560,1774705643.6711047,forward,0.08417812921106815,11161.35498046875
560,1774705643.852196,backward,0.18090015277266502,524.150390625
560,1774705643.8549724,optimizer,0.002241276204586029,524.150390625
561,1774705643.9421945,forward,0.08394735865294933,11161.35498046875
561,1774705644.1231928,backward,0.18081280961632729,524.150390625
561,1774705644.125963,optimizer,0.0022109560668468475,524.150390625
562,1774705644.2131743,forward,0.08395568653941154,11161.35498046875
562,1774705644.3942342,backward,0.1808633916079998,524.150390625
562,1774705644.397009,optimizer,0.0022260453552007675,524.150390625
563,1774705644.4845111,forward,0.0839080959558487,11161.35498046875
563,1774705644.6656015,backward,0.18089000135660172,524.150390625
563,1774705644.6683893,optimizer,0.0022342149168252945,524.150390625
564,1774705644.7556434,forward,0.08398518711328506,11161.35498046875
564,1774705644.9367402,backward,0.18089144304394722,524.150390625
564,1774705644.9395232,optimizer,0.0022403430193662643,524.150390625
565,1774705645.0270622,forward,0.08387758396565914,11161.35498046875
565,1774705645.2081127,backward,0.1808633916079998,524.150390625
565,1774705645.2108793,optimizer,0.0022274162620306015,524.150390625
566,1774705645.2981284,forward,0.08398828469216824,11161.35498046875
566,1774705645.4791265,backward,0.1808041725307703,524.150390625
566,1774705645.4819007,optimizer,0.002228325232863426,524.150390625
567,1774705645.5694969,forward,0.08392437547445297,11161.35498046875
567,1774705645.750604,backward,0.18090521171689034,524.150390625
567,1774705645.7533598,optimizer,0.002216055989265442,524.150390625
568,1774705645.8405964,forward,0.08395079523324966,11161.35498046875
568,1774705646.0216076,backward,0.18082022108137608,524.150390625
568,1774705646.0243866,optimizer,0.002226226031780243,524.150390625
569,1774705646.111619,forward,0.08393259532749653,11161.35498046875
569,1774705646.2927618,backward,0.18094511330127716,524.150390625
569,1774705646.2955685,optimizer,0.0022483356297016144,524.150390625
570,1774705646.3828406,forward,0.08390622772276402,11161.35498046875
570,1774705646.5639005,backward,0.18085948191583157,524.150390625
570,1774705646.5666611,optimizer,0.002221347764134407,524.150390625
571,1774705646.6539252,forward,0.08399197645485401,11161.35498046875
571,1774705646.8350403,backward,0.18091637454926968,524.150390625
571,1774705646.8378181,optimizer,0.002225615084171295,524.150390625
572,1774705646.9254105,forward,0.08385613560676575,11161.35498046875
572,1774705647.1065526,backward,0.18092246167361736,524.150390625
572,1774705647.1093209,optimizer,0.0022186841815710068,524.150390625
573,1774705647.1965647,forward,0.08396411873400211,11161.35498046875
573,1774705647.377606,backward,0.18084579892456532,524.150390625
573,1774705647.3803759,optimizer,0.002224832773208618,524.150390625
574,1774705647.468384,forward,0.08384256437420845,11161.35498046875
574,1774705647.6493883,backward,0.18081376142799854,524.150390625
574,1774705647.6521993,optimizer,0.002221515402197838,524.150390625
575,1774705647.7394903,forward,0.08388857543468475,11161.35498046875
575,1774705647.9205232,backward,0.18083208054304123,524.150390625
575,1774705647.9233303,optimizer,0.0022401660680770874,524.150390625
576,1774705648.010577,forward,0.08396567776799202,11161.35498046875
576,1774705648.1916473,backward,0.1808724533766508,524.150390625
576,1774705648.1944382,optimizer,0.002239687368273735,524.150390625
577,1774705648.281541,forward,0.08387501537799835,11161.35498046875
577,1774705648.4625251,backward,0.1807810589671135,524.150390625
577,1774705648.465297,optimizer,0.0022234246134757996,524.150390625
578,1774705648.5526192,forward,0.0840158574283123,11161.35498046875
578,1774705648.7336702,backward,0.18085862882435322,524.150390625
578,1774705648.7364554,optimizer,0.0022309552878141403,524.150390625
579,1774705648.8240662,forward,0.08388547599315643,11161.35498046875
579,1774705649.005054,backward,0.18079460971057415,524.150390625
579,1774705649.007841,optimizer,0.002231637015938759,524.150390625
580,1774705649.0950801,forward,0.08397289738059044,11161.35498046875
580,1774705649.2761872,backward,0.1809110138565302,524.150390625
580,1774705649.2789786,optimizer,0.0022342856973409653,524.150390625
581,1774705649.3664305,forward,0.08389916643500328,11161.35498046875
581,1774705649.5474741,backward,0.18084591068327427,524.150390625
581,1774705649.550248,optimizer,0.0022304151207208633,524.150390625
582,1774705649.6374314,forward,0.0839199610054493,11161.35498046875
582,1774705649.8184986,backward,0.18087239190936089,524.150390625
582,1774705649.8212647,optimizer,0.002218695357441902,524.150390625
583,1774705649.9087214,forward,0.08392527513206005,11161.35498046875
583,1774705650.0898278,backward,0.18091517500579357,524.150390625
583,1774705650.09259,optimizer,0.0022049173712730408,524.150390625
584,1774705650.179779,forward,0.08387284353375435,11161.35498046875
584,1774705650.3607783,backward,0.18080521933734417,524.150390625
584,1774705650.3635414,optimizer,0.002213265746831894,524.150390625
585,1774705650.4507482,forward,0.08395174890756607,11161.35498046875
585,1774705650.631846,backward,0.18090474419295788,524.150390625
585,1774705650.634586,optimizer,0.002203814685344696,524.150390625
586,1774705650.7220194,forward,0.08383506536483765,11161.35498046875
586,1774705650.9030826,backward,0.18087268248200417,524.150390625
586,1774705650.9058478,optimizer,0.0022103730589151382,524.150390625
587,1774705650.9931242,forward,0.08399020694196224,11161.35498046875
587,1774705651.1741788,backward,0.18086577206850052,524.150390625
587,1774705651.176941,optimizer,0.002210235223174095,524.150390625
588,1774705651.2673073,forward,0.08393348753452301,11161.35498046875
588,1774705651.4484682,backward,0.18094926327466965,524.150390625
588,1774705651.4512372,optimizer,0.0022258348762989044,524.150390625
589,1774705651.5384054,forward,0.08390219695866108,11161.35498046875
589,1774705651.719467,backward,0.18087442219257355,524.150390625
589,1774705651.722236,optimizer,0.0022143758833408356,524.150390625
590,1774705651.8095148,forward,0.08400454744696617,11161.35498046875
590,1774705651.9905822,backward,0.18086677230894566,524.150390625
590,1774705651.993567,optimizer,0.002353208139538765,524.150390625
591,1774705652.081021,forward,0.08395078778266907,11161.35498046875
591,1774705652.2621653,backward,0.18095530197024345,524.150390625
591,1774705652.264935,optimizer,0.0022108834236860275,524.150390625
592,1774705652.3522167,forward,0.0840019378811121,11161.35498046875
592,1774705652.533295,backward,0.18088447116315365,524.150390625
592,1774705652.5360656,optimizer,0.0022057928144931793,524.150390625
593,1774705652.6237028,forward,0.08385170623660088,11161.35498046875
593,1774705652.804823,backward,0.1809198521077633,524.150390625
593,1774705652.8075922,optimizer,0.0022245440632104874,524.150390625
594,1774705652.8950434,forward,0.08400938846170902,11161.35498046875
594,1774705653.0761638,backward,0.1809283122420311,524.150390625
594,1774705653.0788631,optimizer,0.0022024158388376236,524.150390625
595,1774705653.1663337,forward,0.08391482569277287,11161.35498046875
595,1774705653.3474898,backward,0.18096338398754597,524.150390625
595,1774705653.3502016,optimizer,0.002199184149503708,524.150390625
596,1774705653.437523,forward,0.08396441861987114,11161.35498046875
596,1774705653.6186018,backward,0.18087542057037354,524.150390625
596,1774705653.6212895,optimizer,0.0022004935890436172,524.150390625
597,1774705653.7085292,forward,0.08396000042557716,11161.35498046875
597,1774705653.8896182,backward,0.18089398182928562,524.150390625
597,1774705653.892379,optimizer,0.002206224948167801,524.150390625
598,1774705653.9795744,forward,0.083891237154603,11161.35498046875
598,1774705654.1607044,backward,0.1809370033442974,524.150390625
598,1774705654.1634758,optimizer,0.0022145044058561325,524.150390625
599,1774705654.250671,forward,0.08393015712499619,11161.35498046875
599,1774705654.4317315,backward,0.18086621165275574,524.150390625
599,1774705654.4344754,optimizer,0.0022004563361406326,524.150390625
600,1774705654.5219882,forward,0.08386874757707119,11161.35498046875
600,1774705654.7030134,backward,0.18083596974611282,524.150390625
600,1774705654.7057533,optimizer,0.0022001825273036957,524.150390625
601,1774705654.7930138,forward,0.08398116566240788,11161.35498046875
601,1774705654.9740217,backward,0.18081421218812466,524.150390625
601,1774705654.9767923,optimizer,0.0021999236196279526,524.150390625
602,1774705655.0660677,forward,0.083882886916399,11161.35498046875
602,1774705655.24716,backward,0.1809048317372799,524.150390625
602,1774705655.249897,optimizer,0.002199184149503708,524.150390625
603,1774705655.3371313,forward,0.08399360999464989,11161.35498046875
603,1774705655.5181835,backward,0.18085662834346294,524.150390625
603,1774705655.5209382,optimizer,0.0022049564868211746,524.150390625
604,1774705655.6081245,forward,0.08392204716801643,11161.35498046875
604,1774705655.7891831,backward,0.18086887151002884,524.150390625
604,1774705655.791958,optimizer,0.0022106170654296875,524.150390625
605,1774705655.8791177,forward,0.08391709625720978,11161.35498046875
605,1774705656.0601044,backward,0.1807940099388361,524.150390625
605,1774705656.0628598,optimizer,0.002209153026342392,524.150390625
606,1774705656.150103,forward,0.0839728582650423,11161.35498046875
606,1774705656.3311622,backward,0.1808703038841486,524.150390625
606,1774705656.333957,optimizer,0.0022339653223752975,524.150390625
607,1774705656.4214885,forward,0.08391859754920006,11161.35498046875
607,1774705656.6026082,backward,0.18089698255062103,524.150390625
607,1774705656.6053712,optimizer,0.002217385917901993,524.150390625
608,1774705656.6926484,forward,0.08400685712695122,11161.35498046875
608,1774705656.8737457,backward,0.1809105332940817,524.150390625
608,1774705656.8765025,optimizer,0.0022101160138845444,524.150390625
609,1774705656.9639366,forward,0.08389849588274956,11161.35498046875
609,1774705657.1449971,backward,0.1808614693582058,524.150390625
609,1774705657.1477652,optimizer,0.002215443179011345,524.150390625
610,1774705657.235035,forward,0.08398796617984772,11161.35498046875
610,1774705657.4160516,backward,0.18081915937364101,524.150390625
610,1774705657.4187343,optimizer,0.00220397487282753,524.150390625
611,1774705657.506355,forward,0.08393832854926586,11161.35498046875
611,1774705657.6874228,backward,0.18087750114500523,524.150390625
611,1774705657.6901689,optimizer,0.002204146236181259,524.150390625
612,1774705657.7773638,forward,0.08391300588846207,11161.35498046875
612,1774705657.9583886,backward,0.18083498068153858,524.150390625
612,1774705657.9611406,optimizer,0.00221392884850502,524.150390625
613,1774705658.0483873,forward,0.0839503351598978,11161.35498046875
613,1774705658.2294674,backward,0.18088114261627197,524.150390625
613,1774705658.232157,optimizer,0.0022054631263017654,524.150390625
614,1774705658.3194296,forward,0.08386985398828983,11161.35498046875
614,1774705658.5004961,backward,0.18087887205183506,524.150390625
614,1774705658.5031924,optimizer,0.0022108852863311768,524.150390625
615,1774705658.5904613,forward,0.08398604951798916,11161.35498046875
615,1774705658.7715783,backward,0.18092200346291065,524.150390625
615,1774705658.774272,optimizer,0.0022100768983364105,524.150390625
616,1774705658.8651237,forward,0.08391770534217358,11161.35498046875
616,1774705659.0462103,backward,0.1808888018131256,524.150390625
616,1774705659.0488994,optimizer,0.0022038165479898453,524.150390625
617,1774705659.1361372,forward,0.08397729881107807,11161.35498046875
617,1774705659.317251,backward,0.18091967143118382,524.150390625
617,1774705659.319959,optimizer,0.0022042151540517807,524.150390625
618,1774705659.407158,forward,0.08392001874744892,11161.35498046875
618,1774705659.5882888,backward,0.1809429842978716,524.150390625
618,1774705659.5909913,optimizer,0.0022160448133945465,524.150390625
619,1774705659.6780996,forward,0.08386917598545551,11161.35498046875
619,1774705659.859165,backward,0.18086880445480347,524.150390625
619,1774705659.861856,optimizer,0.0022106654942035675,524.150390625
620,1774705659.949132,forward,0.0839928388595581,11161.35498046875
620,1774705660.1302538,backward,0.1809336245059967,524.150390625
620,1774705660.1330974,optimizer,0.002297068014740944,524.150390625
621,1774705660.22092,forward,0.08389835804700851,11161.35498046875
621,1774705660.4019706,backward,0.18085449002683163,524.150390625
621,1774705660.4046729,optimizer,0.0022073835134506226,524.150390625
622,1774705660.4919562,forward,0.0840055774897337,11161.35498046875
622,1774705660.673022,backward,0.18087229132652283,524.150390625
622,1774705660.6757336,optimizer,0.00222589448094368,524.150390625
623,1774705660.7632108,forward,0.08388633653521538,11161.35498046875
623,1774705660.9442215,backward,0.18081713281571865,524.150390625
623,1774705660.9469275,optimizer,0.0022236742079257965,524.150390625
624,1774705661.034256,forward,0.08394881710410118,11161.35498046875
624,1774705661.215261,backward,0.18081386759877205,524.150390625
624,1774705661.2179592,optimizer,0.0022099167108535767,524.150390625
625,1774705661.3051608,forward,0.08391638845205307,11161.35498046875
625,1774705661.4862406,backward,0.18088308349251747,524.150390625
625,1774705661.4889421,optimizer,0.002215886488556862,524.150390625
626,1774705661.5761364,forward,0.08390666544437408,11161.35498046875
626,1774705661.757172,backward,0.18084450997412205,524.150390625
626,1774705661.7598794,optimizer,0.0022068265825510025,524.150390625
627,1774705661.847088,forward,0.0839085765182972,11161.35498046875
627,1774705662.0281427,backward,0.18086065351963043,524.150390625
627,1774705662.0308268,optimizer,0.0021994654089212418,524.150390625
628,1774705662.1180308,forward,0.08386063575744629,11161.35498046875
628,1774705662.2990868,backward,0.18086395040154457,524.150390625
628,1774705662.3017843,optimizer,0.00221109576523304,524.150390625
629,1774705662.389055,forward,0.08396334573626518,11161.35498046875
629,1774705662.5701706,backward,0.18092182278633118,524.150390625
629,1774705662.5728738,optimizer,0.0022124871611595154,524.150390625
630,1774705662.6639826,forward,0.08395418897271156,11161.35498046875
630,1774705662.845046,backward,0.18086024187505245,524.150390625
630,1774705662.8477304,optimizer,0.002205394208431244,524.150390625
631,1774705662.9349573,forward,0.0839422382414341,11161.35498046875
631,1774705663.1160238,backward,0.18087629973888397,524.150390625
631,1774705663.1187036,optimizer,0.0021983161568641663,524.150390625
632,1774705663.2059414,forward,0.0839644055813551,11161.35498046875
632,1774705663.3870294,backward,0.18089690245687962,524.150390625
632,1774705663.3897269,optimizer,0.002207184210419655,524.150390625
633,1774705663.4768684,forward,0.08389999717473984,11161.35498046875
633,1774705663.6578877,backward,0.18082566000521183,524.150390625
633,1774705663.6605902,optimizer,0.00221254862844944,524.150390625
634,1774705663.747878,forward,0.0840030200779438,11161.35498046875
634,1774705663.9289327,backward,0.18086804263293743,524.150390625
634,1774705663.9316406,optimizer,0.002218523994088173,524.150390625
635,1774705664.019081,forward,0.08381551504135132,11161.35498046875
635,1774705664.200162,backward,0.1808929704129696,524.150390625
635,1774705664.2028668,optimizer,0.002220146358013153,524.150390625
636,1774705664.2901483,forward,0.08398439921438694,11161.35498046875
636,1774705664.4712248,backward,0.18088661134243011,524.150390625
636,1774705664.4739096,optimizer,0.0022014547139406204,524.150390625
637,1774705664.5614262,forward,0.08394961804151535,11161.35498046875
637,1774705664.7424438,backward,0.1808269303292036,524.150390625
637,1774705664.7451384,optimizer,0.0022051967680454254,524.150390625
638,1774705664.8324172,forward,0.08398684859275818,11161.35498046875
638,1774705665.0135012,backward,0.1808984037488699,524.150390625
638,1774705665.0162365,optimizer,0.002230186015367508,524.150390625
639,1774705665.1039035,forward,0.08391362801194191,11161.35498046875
639,1774705665.2849708,backward,0.18086149170994759,524.150390625
639,1774705665.287672,optimizer,0.002212686464190483,524.150390625
640,1774705665.374884,forward,0.08394092693924904,11161.35498046875
640,1774705665.5559943,backward,0.18091146275401115,524.150390625
640,1774705665.5586944,optimizer,0.002209523692727089,524.150390625
641,1774705665.6459594,forward,0.08397051878273487,11161.35498046875
641,1774705665.8269863,backward,0.1808314435184002,524.150390625
641,1774705665.8296838,optimizer,0.002189973369240761,524.150390625
642,1774705665.916879,forward,0.08389035612344742,11161.35498046875
642,1774705666.0979917,backward,0.1809196826070547,524.150390625
642,1774705666.100695,optimizer,0.0022097453474998474,524.150390625
643,1774705666.187957,forward,0.08399460837244987,11161.35498046875
643,1774705666.3690598,backward,0.1809114944189787,524.150390625
643,1774705666.3717637,optimizer,0.0022073760628700256,524.150390625
644,1774705666.4625933,forward,0.08388641476631165,11161.35498046875
644,1774705666.64367,backward,0.180884700268507,524.150390625
644,1774705666.646365,optimizer,0.0022095348685979843,524.150390625
645,1774705666.7336693,forward,0.08392694592475891,11161.35498046875
645,1774705666.9147074,backward,0.1808472704142332,524.150390625
645,1774705666.9174232,optimizer,0.0022290628403425217,524.150390625
646,1774705667.004648,forward,0.08393604680895805,11161.35498046875
646,1774705667.1857796,backward,0.18094015307724476,524.150390625
646,1774705667.1884928,optimizer,0.0022093839943408966,524.150390625
647,1774705667.2756326,forward,0.08389908261597157,11161.35498046875
647,1774705667.4567163,backward,0.1808941327035427,524.150390625
647,1774705667.4594374,optimizer,0.0022320542484521866,524.150390625
648,1774705667.5467598,forward,0.08403436839580536,11161.35498046875
648,1774705667.727849,backward,0.18089189194142818,524.150390625
648,1774705667.730552,optimizer,0.0022161435335874557,524.150390625
649,1774705667.8180873,forward,0.08386645652353764,11161.35498046875
649,1774705667.9991865,backward,0.1809109915047884,524.150390625
649,1774705668.0018826,optimizer,0.0022102054208517075,524.150390625
650,1774705668.0891566,forward,0.08399242907762527,11161.35498046875
650,1774705668.2702646,backward,0.18091493286192417,524.150390625
650,1774705668.2729654,optimizer,0.0022141430526971817,524.150390625
651,1774705668.3605072,forward,0.08390283770859241,11161.35498046875
651,1774705668.541592,backward,0.1808934509754181,524.150390625
651,1774705668.5442832,optimizer,0.002204006537795067,524.150390625
652,1774705668.631558,forward,0.08395664766430855,11161.35498046875
652,1774705668.812645,backward,0.18090380169451237,524.150390625
652,1774705668.8153474,optimizer,0.0022154562175273895,524.150390625
653,1774705668.902563,forward,0.08392869494855404,11161.35498046875
653,1774705669.0836976,backward,0.18094254471361637,524.150390625
653,1774705669.087028,optimizer,0.002693112939596176,524.150390625
654,1774705669.1745844,forward,0.08396217785775661,11161.35498046875
654,1774705669.355676,backward,0.18090706504881382,524.150390625
654,1774705669.3583732,optimizer,0.0022083651274442673,524.150390625
655,1774705669.445854,forward,0.08400752581655979,11161.35498046875
655,1774705669.6269035,backward,0.18086264468729496,524.150390625
655,1774705669.629605,optimizer,0.0022168755531311035,524.150390625
656,1774705669.7170982,forward,0.0838748961687088,11161.35498046875
656,1774705669.8982124,backward,0.1809222213923931,524.150390625
656,1774705669.9009213,optimizer,0.0022187642753124237,524.150390625
657,1774705669.988249,forward,0.08394712768495083,11161.35498046875
657,1774705670.169344,backward,0.18090263195335865,524.150390625
657,1774705670.17206,optimizer,0.0022210944443941116,524.150390625
658,1774705670.2612813,forward,0.08397315815091133,11161.35498046875
658,1774705670.4424794,backward,0.18099458515644073,524.150390625
658,1774705670.4451904,optimizer,0.002220394089818001,524.150390625
659,1774705670.5324535,forward,0.08396616950631142,11161.35498046875
659,1774705670.713579,backward,0.18093189038336277,524.150390625
659,1774705670.7162755,optimizer,0.002208516001701355,524.150390625
660,1774705670.8034608,forward,0.08393314108252525,11161.35498046875
660,1774705670.9845848,backward,0.18093358166515827,524.150390625
660,1774705670.9873006,optimizer,0.0022224541753530502,524.150390625
661,1774705671.074446,forward,0.08392260782420635,11161.35498046875
661,1774705671.2554214,backward,0.18077601119875908,524.150390625
661,1774705671.2581325,optimizer,0.002209983766078949,524.150390625
662,1774705671.3453639,forward,0.08394456841051579,11161.35498046875
662,1774705671.5267093,backward,0.18090331926941872,524.150390625
662,1774705671.529408,optimizer,0.0022078566253185272,524.150390625
663,1774705671.6171055,forward,0.08392232470214367,11161.35498046875
663,1774705671.79814,backward,0.1808473225682974,524.150390625
663,1774705671.8008358,optimizer,0.0022078733891248703,524.150390625
664,1774705671.8881063,forward,0.08398478664457798,11161.35498046875
664,1774705672.0692077,backward,0.1809055618941784,524.150390625
664,1774705672.0719173,optimizer,0.002218274399638176,524.150390625
665,1774705672.1594448,forward,0.08395163714885712,11161.35498046875
665,1774705672.3405275,backward,0.18089082092046738,524.150390625
665,1774705672.3432148,optimizer,0.0022102687507867813,524.150390625
666,1774705672.4304676,forward,0.08396208845078945,11161.35498046875
666,1774705672.6116111,backward,0.18095270171761513,524.150390625
666,1774705672.6143181,optimizer,0.0022139642387628555,524.150390625
667,1774705672.7018986,forward,0.08395406603813171,11161.35498046875
667,1774705672.8829694,backward,0.18087098188698292,524.150390625
667,1774705672.8856657,optimizer,0.0022086165845394135,524.150390625
668,1774705672.9728763,forward,0.08394289575517178,11161.35498046875
668,1774705673.1539767,backward,0.1809086725115776,524.150390625
668,1774705673.1566746,optimizer,0.002204855903983116,524.150390625
669,1774705673.2439759,forward,0.08402413688600063,11161.35498046875
669,1774705673.425022,backward,0.18085206300020218,524.150390625
669,1774705673.4277322,optimizer,0.0022171568125486374,524.150390625
670,1774705673.5152373,forward,0.08391296491026878,11161.35498046875
670,1774705673.6962764,backward,0.18084275163710117,524.150390625
670,1774705673.6989768,optimizer,0.0022169742733240128,524.150390625
671,1774705673.786194,forward,0.08393629640340805,11161.35498046875
671,1774705673.9672763,backward,0.1808912605047226,524.150390625
671,1774705673.9699852,optimizer,0.0022206269204616547,524.150390625
672,1774705674.0603075,forward,0.08392851985991001,11161.35498046875
672,1774705674.2413683,backward,0.18086520954966545,524.150390625
672,1774705674.2440753,optimizer,0.0021979548037052155,524.150390625
673,1774705674.3313117,forward,0.08393494598567486,11161.35498046875
673,1774705674.512481,backward,0.18097393214702606,524.150390625
673,1774705674.515223,optimizer,0.002247266471385956,524.150390625
674,1774705674.602451,forward,0.08394172415137291,11161.35498046875
674,1774705674.7835827,backward,0.18093965202569962,524.150390625
674,1774705674.7862692,optimizer,0.002193393185734749,524.150390625
675,1774705674.8734508,forward,0.08387332782149315,11161.35498046875
675,1774705675.0544586,backward,0.18081315979361534,524.150390625
675,1774705675.057154,optimizer,0.0022078268229961395,524.150390625
676,1774705675.1446033,forward,0.08404488861560822,11161.35498046875
676,1774705675.3256621,backward,0.18086214177310467,524.150390625
676,1774705675.3283522,optimizer,0.0021998491138219833,524.150390625
677,1774705675.4159276,forward,0.08385676331818104,11161.35498046875
677,1774705675.5969477,backward,0.18083143047988415,524.150390625
677,1774705675.5996437,optimizer,0.0022110752761363983,524.150390625
678,1774705675.6869357,forward,0.08400041796267033,11161.35498046875
678,1774705675.8679903,backward,0.18085459992289543,524.150390625
678,1774705675.870682,optimizer,0.002205643802881241,524.150390625
679,1774705675.9581733,forward,0.08391984552145004,11161.35498046875
679,1774705676.139192,backward,0.18082422204315662,524.150390625
679,1774705676.141879,optimizer,0.0022042468190193176,524.150390625
680,1774705676.229198,forward,0.08403810672461987,11161.35498046875
680,1774705676.4102273,backward,0.18082999251782894,524.150390625
680,1774705676.4129295,optimizer,0.0022114161401987076,524.150390625
681,1774705676.5005336,forward,0.08387113735079765,11161.35498046875
681,1774705676.6815803,backward,0.1808553710579872,524.150390625
681,1774705676.6842763,optimizer,0.0021973345428705215,524.150390625
682,1774705676.7715924,forward,0.08392071723937988,11161.35498046875
682,1774705676.9526196,backward,0.18082785978913307,524.150390625
682,1774705676.955311,optimizer,0.002206604927778244,524.150390625
683,1774705677.0425615,forward,0.08397829718887806,11161.35498046875
683,1774705677.223611,backward,0.18085886910557747,524.150390625
683,1774705677.2263086,optimizer,0.0022013038396835327,524.150390625
684,1774705677.3136556,forward,0.08386645652353764,11161.35498046875
684,1774705677.4946995,backward,0.1808525938540697,524.150390625
684,1774705677.4974272,optimizer,0.00223446823656559,524.150390625
685,1774705677.5847015,forward,0.08398042805492878,11161.35498046875
685,1774705677.7658682,backward,0.18097485415637493,524.150390625
685,1774705677.7685642,optimizer,0.0022104475647211075,524.150390625
686,1774705677.859148,forward,0.08386625722050667,11161.35498046875
686,1774705678.0402238,backward,0.1808892823755741,524.150390625
686,1774705678.042915,optimizer,0.002205677330493927,524.150390625
687,1774705678.1301742,forward,0.08396893553435802,11161.35498046875
687,1774705678.3114395,backward,0.1810823269188404,524.150390625
687,1774705678.3141432,optimizer,0.0022086333483457565,524.150390625
688,1774705678.401341,forward,0.08391474559903145,11161.35498046875
688,1774705678.5824301,backward,0.180892962962389,524.150390625
688,1774705678.5851324,optimizer,0.002210346981883049,524.150390625
689,1774705678.6722946,forward,0.08391597494482994,11161.35498046875
689,1774705678.8533578,backward,0.18087553977966309,524.150390625
689,1774705678.856056,optimizer,0.002208903431892395,524.150390625
690,1774705678.943343,forward,0.0839898381382227,11161.35498046875
690,1774705679.1244357,backward,0.18090594373643398,524.150390625
690,1774705679.1271484,optimizer,0.002219034358859062,524.150390625
691,1774705679.2146735,forward,0.08390132524073124,11161.35498046875
691,1774705679.3957746,backward,0.18091428466141224,524.150390625
691,1774705679.3984694,optimizer,0.0022065863013267517,524.150390625
692,1774705679.4857454,forward,0.08398989588022232,11161.35498046875
692,1774705679.666876,backward,0.18094420060515404,524.150390625
692,1774705679.6695778,optimizer,0.0022153854370117188,524.150390625
693,1774705679.7570324,forward,0.08390991762280464,11161.35498046875
693,1774705679.9381218,backward,0.1808955017477274,524.150390625
693,1774705679.9408276,optimizer,0.002213243395090103,524.150390625
694,1774705680.0281696,forward,0.08397075720131397,11161.35498046875
694,1774705680.2093215,backward,0.1809670254588127,524.150390625
694,1774705680.2120261,optimizer,0.0022101346403360367,524.150390625
695,1774705680.2992089,forward,0.0838853158056736,11161.35498046875
695,1774705680.480277,backward,0.18086433969438076,524.150390625
695,1774705680.4829924,optimizer,0.002229735255241394,524.150390625
696,1774705680.570198,forward,0.0839252769947052,11161.35498046875
696,1774705680.7512827,backward,0.18089009262621403,524.150390625
696,1774705680.7539787,optimizer,0.0022097844630479813,524.150390625
697,1774705680.8412645,forward,0.08400525711476803,11161.35498046875
697,1774705681.022353,backward,0.1808998640626669,524.150390625
697,1774705681.025046,optimizer,0.002202983945608139,524.150390625
698,1774705681.1123466,forward,0.08390042744576931,11161.35498046875
698,1774705681.2934587,backward,0.1809232011437416,524.150390625
698,1774705681.2961948,optimizer,0.0022328365594148636,524.150390625
699,1774705681.3834713,forward,0.08399000763893127,11161.35498046875
699,1774705681.5646706,backward,0.1809952426701784,524.150390625
699,1774705681.5673609,optimizer,0.002210233360528946,524.150390625
700,1774705681.6580024,forward,0.08390417508780956,11161.35498046875
700,1774705681.839146,backward,0.18095487356185913,524.150390625
700,1774705681.8418384,optimizer,0.0022051651030778885,524.150390625
701,1774705681.929088,forward,0.08396154828369617,11161.35498046875
701,1774705682.110234,backward,0.18095309287309647,524.150390625
701,1774705682.1129298,optimizer,0.0022121258080005646,524.150390625
702,1774705682.2001572,forward,0.08396047912538052,11161.35498046875
702,1774705682.3811955,backward,0.18084433116018772,524.150390625
702,1774705682.3839538,optimizer,0.002225445583462715,524.150390625
703,1774705682.4710336,forward,0.08381837606430054,11161.35498046875
703,1774705682.6521666,backward,0.18092693388462067,524.150390625
703,1774705682.6548643,optimizer,0.0022020451724529266,524.150390625
704,1774705682.7421556,forward,0.08400886878371239,11161.35498046875
704,1774705682.9232788,backward,0.18092481046915054,524.150390625
704,1774705682.9259784,optimizer,0.0022053364664316177,524.150390625
705,1774705683.013487,forward,0.083855165168643,11161.35498046875
705,1774705683.1945539,backward,0.1808558814227581,524.150390625
705,1774705683.1972442,optimizer,0.002205096185207367,524.150390625
706,1774705683.2845316,forward,0.08398870751261711,11161.35498046875
706,1774705683.4656043,backward,0.18087733164429665,524.150390625
706,1774705683.4683082,optimizer,0.0022163335233926773,524.150390625
707,1774705683.555944,forward,0.08395019918680191,11161.35498046875
707,1774705683.7369592,backward,0.18081548996269703,524.150390625
707,1774705683.7396638,optimizer,0.002218354493379593,524.150390625
708,1774705683.826904,forward,0.08395211771130562,11161.35498046875
708,1774705684.0080469,backward,0.18095226399600506,524.150390625
708,1774705684.0107465,optimizer,0.002210047096014023,524.150390625
709,1774705684.0981646,forward,0.08387534692883492,11161.35498046875
709,1774705684.2791808,backward,0.1808223109692335,524.150390625
709,1774705684.2818937,optimizer,0.0022259950637817383,524.150390625
710,1774705684.3690634,forward,0.08387501537799835,11161.35498046875
710,1774705684.5502012,backward,0.18094165436923504,524.150390625
710,1774705684.5529106,optimizer,0.002211015671491623,524.150390625
711,1774705684.640168,forward,0.08396759815514088,11161.35498046875
711,1774705684.8212976,backward,0.18093912489712238,524.150390625
711,1774705684.8240223,optimizer,0.0022159572690725327,524.150390625
712,1774705684.9113913,forward,0.08388172648847103,11161.35498046875
712,1774705685.0924833,backward,0.18089653551578522,524.150390625
712,1774705685.0951984,optimizer,0.0022206567227840424,524.150390625
713,1774705685.1825163,forward,0.08404222875833511,11161.35498046875
713,1774705685.3636503,backward,0.1809376608580351,524.150390625
713,1774705685.3663416,optimizer,0.0022063348442316055,524.150390625
714,1774705685.4569082,forward,0.08398766815662384,11161.35498046875
714,1774705685.6380053,backward,0.18090354278683662,524.150390625
714,1774705685.6407158,optimizer,0.002222176641225815,524.150390625
715,1774705685.7278595,forward,0.0838760957121849,11161.35498046875
715,1774705685.9089894,backward,0.18093590438365936,524.150390625
715,1774705685.9116857,optimizer,0.0022084563970565796,524.150390625
716,1774705685.999023,forward,0.08394833840429783,11161.35498046875
716,1774705686.1800742,backward,0.18085685186088085,524.150390625
716,1774705686.1827624,optimizer,0.00220620259642601,524.150390625
717,1774705686.2699018,forward,0.0839147251099348,11161.35498046875
717,1774705686.450884,backward,0.1807841919362545,524.150390625
717,1774705686.45361,optimizer,0.002232607454061508,524.150390625
718,1774705686.5408902,forward,0.08402818068861961,11161.35498046875
718,1774705686.721939,backward,0.18085927329957485,524.150390625
718,1774705686.7246559,optimizer,0.002218395471572876,524.150390625
719,1774705686.8121414,forward,0.08384769596159458,11161.35498046875
719,1774705686.9932349,backward,0.1809012833982706,524.150390625
719,1774705686.995949,optimizer,0.0022138040512800217,524.150390625
720,1774705687.0832398,forward,0.08398335985839367,11161.35498046875
720,1774705687.2648692,backward,0.18138502724468708,524.150390625
720,1774705687.2676206,optimizer,0.0022563766688108444,524.150390625
721,1774705687.3551269,forward,0.08385532535612583,11161.35498046875
721,1774705687.5362508,backward,0.18092916160821915,524.150390625
721,1774705687.53897,optimizer,0.0022127367556095123,524.150390625
722,1774705687.6262162,forward,0.08395980857312679,11161.35498046875
722,1774705687.807324,backward,0.18091693334281445,524.150390625
722,1774705687.8100135,optimizer,0.0022073332220315933,524.150390625
723,1774705687.8972373,forward,0.083948178216815,11161.35498046875
723,1774705688.0783224,backward,0.1808919720351696,524.150390625
723,1774705688.0810194,optimizer,0.00221039354801178,524.150390625
724,1774705688.1682775,forward,0.08393735624849796,11161.35498046875
724,1774705688.3493311,backward,0.18085786327719688,524.150390625
724,1774705688.352042,optimizer,0.002204393967986107,524.150390625
725,1774705688.4392872,forward,0.08394681476056576,11161.35498046875
725,1774705688.6203527,backward,0.18087529204785824,524.150390625
725,1774705688.623066,optimizer,0.0022231172770261765,524.150390625
726,1774705688.7105277,forward,0.08388133905827999,11161.35498046875
726,1774705688.8916497,backward,0.1809237226843834,524.150390625
726,1774705688.894353,optimizer,0.002208815887570381,524.150390625
727,1774705688.98164,forward,0.08399837650358677,11161.35498046875
727,1774705689.1628609,backward,0.18102212436497211,524.150390625
727,1774705689.1655567,optimizer,0.0022099465131759644,524.150390625
728,1774705689.2556736,forward,0.08394652791321278,11161.35498046875
728,1774705689.4367337,backward,0.18087254278361797,524.150390625
728,1774705689.4394355,optimizer,0.0022182147949934006,524.150390625
729,1774705689.526663,forward,0.08390233479440212,11161.35498046875
729,1774705689.7077565,backward,0.18089230172336102,524.150390625
729,1774705689.7104564,optimizer,0.0022123847156763077,524.150390625
730,1774705689.7976887,forward,0.08395011723041534,11161.35498046875
730,1774705689.978793,backward,0.18090583384037018,524.150390625
730,1774705689.9814868,optimizer,0.002212824299931526,524.150390625
731,1774705690.0686786,forward,0.08385411463677883,11161.35498046875
731,1774705690.2497637,backward,0.1809009239077568,524.150390625
731,1774705690.2524705,optimizer,0.002214144915342331,524.150390625
732,1774705690.3397138,forward,0.08396095782518387,11161.35498046875
732,1774705690.520788,backward,0.18087097257375717,524.150390625
732,1774705690.5235,optimizer,0.002221725881099701,524.150390625
733,1774705690.6112099,forward,0.08386770822107792,11161.35498046875
733,1774705690.7923186,backward,0.18091323412954807,524.150390625
733,1774705690.7950234,optimizer,0.00221247598528862,524.150390625
734,1774705690.88231,forward,0.08398583717644215,11161.35498046875
734,1774705691.0633872,backward,0.18088367022573948,524.150390625
734,1774705691.066085,optimizer,0.0022129658609628677,524.150390625
735,1774705691.1536162,forward,0.08388484828174114,11161.35498046875
735,1774705691.334672,backward,0.1808707918971777,524.150390625
735,1774705691.337389,optimizer,0.002227555960416794,524.150390625
736,1774705691.4245803,forward,0.08388853631913662,11161.35498046875
736,1774705691.6055605,backward,0.18079490214586258,524.150390625
736,1774705691.6082525,optimizer,0.002212606370449066,524.150390625
737,1774705691.6958182,forward,0.08385464549064636,11161.35498046875
737,1774705691.8768637,backward,0.1808553785085678,524.150390625
737,1774705691.8795753,optimizer,0.002231026068329811,524.150390625
738,1774705691.9667702,forward,0.08391765505075455,11161.35498046875
738,1774705692.1478474,backward,0.18089036270976067,524.150390625
738,1774705692.1505492,optimizer,0.0022101253271102905,524.150390625
739,1774705692.2377467,forward,0.08390936627984047,11161.35498046875
739,1774705692.4188569,backward,0.18091746419668198,524.150390625
739,1774705692.4215772,optimizer,0.002221515402197838,524.150390625
740,1774705692.5088396,forward,0.08389563485980034,11161.35498046875
740,1774705692.6899512,backward,0.1809251420199871,524.150390625
740,1774705692.6926541,optimizer,0.0022086873650550842,524.150390625
741,1774705692.7799273,forward,0.08400314673781395,11161.35498046875
741,1774705692.9611125,backward,0.18099029175937176,524.150390625
741,1774705692.9638155,optimizer,0.002204393967986107,524.150390625
742,1774705693.0545025,forward,0.0838939156383276,11161.35498046875
742,1774705693.2356842,backward,0.18099437654018402,524.150390625
742,1774705693.2383718,optimizer,0.0021974649280309677,524.150390625
743,1774705693.325601,forward,0.08393941819667816,11161.35498046875
743,1774705693.5067246,backward,0.18093255162239075,524.150390625
743,1774705693.5094318,optimizer,0.0022138673812150955,524.150390625
744,1774705693.596675,forward,0.08396317809820175,11161.35498046875
744,1774705693.7777977,backward,0.18092182464897633,524.150390625
744,1774705693.7804923,optimizer,0.0022033043205738068,524.150390625
745,1774705693.867661,forward,0.0839301161468029,11161.35498046875
745,1774705694.048665,backward,0.18081066012382507,524.150390625
745,1774705694.0513806,optimizer,0.0022165458649396896,524.150390625
746,1774705694.1386557,forward,0.08396911807358265,11161.35498046875
746,1774705694.3197625,backward,0.18091566488146782,524.150390625
746,1774705694.322474,optimizer,0.002214305102825165,524.150390625
747,1774705694.410035,forward,0.0838648360222578,11161.35498046875
747,1774705694.5911813,backward,0.18094734102487564,524.150390625
747,1774705694.5938675,optimizer,0.0021937936544418335,524.150390625
748,1774705694.6812472,forward,0.08407017774879932,11161.35498046875
748,1774705694.8624384,backward,0.18099677562713623,524.150390625
748,1774705694.8651438,optimizer,0.00220593623816967,524.150390625
749,1774705694.9526093,forward,0.08389848470687866,11161.35498046875
749,1774705695.133661,backward,0.18086296133697033,524.150390625
749,1774705695.1363635,optimizer,0.0022127069532871246,524.150390625
750,1774705695.2236362,forward,0.08398633077740669,11161.35498046875
750,1774705695.4047966,backward,0.18096727319061756,524.150390625
750,1774705695.4075143,optimizer,0.0022199340164661407,524.150390625
751,1774705695.4946387,forward,0.08385795541107655,11161.35498046875
751,1774705695.6756685,backward,0.18083766847848892,524.150390625
751,1774705695.67836,optimizer,0.0022081639617681503,524.150390625
752,1774705695.76561,forward,0.0839520376175642,11161.35498046875
752,1774705695.9467683,backward,0.18096275255084038,524.150390625
752,1774705695.9494715,optimizer,0.0022084135562181473,524.150390625
753,1774705696.036791,forward,0.08402366749942303,11161.35498046875
753,1774705696.2180932,backward,0.1810086127370596,524.150390625
753,1774705696.2209432,optimizer,0.0023699477314949036,524.150390625
754,1774705696.3087978,forward,0.08403750881552696,11161.35498046875
754,1774705696.4899347,backward,0.1809424739331007,524.150390625
754,1774705696.492632,optimizer,0.0022066235542297363,524.150390625
755,1774705696.5799084,forward,0.0839988961815834,11161.35498046875
755,1774705696.7610538,backward,0.18095784075558186,524.150390625
755,1774705696.7637742,optimizer,0.0022062156349420547,524.150390625
756,1774705696.8532915,forward,0.08395773731172085,11161.35498046875
756,1774705697.0344517,backward,0.18096396327018738,524.150390625
756,1774705697.0371523,optimizer,0.0022092554718255997,524.150390625
757,1774705697.1243987,forward,0.08393826521933079,11161.35498046875
757,1774705697.3055017,backward,0.18091469258069992,524.150390625
757,1774705697.3082056,optimizer,0.0022060852497816086,524.150390625
758,1774705697.3954256,forward,0.08393034897744656,11161.35498046875
758,1774705697.5765386,backward,0.18091411143541336,524.150390625
758,1774705697.5792408,optimizer,0.0022180266678333282,524.150390625
759,1774705697.6663878,forward,0.08391667902469635,11161.35498046875
759,1774705697.84736,backward,0.18077234737575054,524.150390625
759,1774705697.8500578,optimizer,0.002203533425927162,524.150390625
760,1774705697.9373612,forward,0.08399221673607826,11161.35498046875
760,1774705698.1185274,backward,0.18095918372273445,524.150390625
760,1774705698.1212158,optimizer,0.002200104296207428,524.150390625
761,1774705698.2087176,forward,0.08387153595685959,11161.35498046875
761,1774705698.389832,backward,0.180916553363204,524.150390625
761,1774705698.392534,optimizer,0.002200046554207802,524.150390625
762,1774705698.4798386,forward,0.08399512059986591,11161.35498046875
762,1774705698.6609545,backward,0.18092373199760914,524.150390625
762,1774705698.6636536,optimizer,0.0022053252905607224,524.150390625
763,1774705698.751124,forward,0.08389640413224697,11161.35498046875
763,1774705698.9322915,backward,0.18097446486353874,524.150390625
763,1774705698.9349968,optimizer,0.0022102147340774536,524.150390625
764,1774705699.0222292,forward,0.08395049907267094,11161.35498046875
764,1774705699.2034085,backward,0.1809885110706091,524.150390625
764,1774705699.20611,optimizer,0.002206765115261078,524.150390625
765,1774705699.2935402,forward,0.08391848765313625,11161.35498046875
765,1774705699.4746919,backward,0.18096411414444447,524.150390625
765,1774705699.4774003,optimizer,0.0022212453186511993,524.150390625
766,1774705699.564617,forward,0.08392288722097874,11161.35498046875
766,1774705699.7457108,backward,0.1809018924832344,524.150390625
766,1774705699.7484527,optimizer,0.0022214744240045547,524.150390625
767,1774705699.8357666,forward,0.08398653566837311,11161.35498046875
767,1774705700.016916,backward,0.18093809112906456,524.150390625
767,1774705700.0196242,optimizer,0.002212096005678177,524.150390625
768,1774705700.1072216,forward,0.0838670376688242,11161.35498046875
768,1774705700.2883265,backward,0.18090439215302467,524.150390625
768,1774705700.2910278,optimizer,0.0022068526595830917,524.150390625
769,1774705700.3783236,forward,0.08400538749992847,11161.35498046875
769,1774705700.5594811,backward,0.18096057698130608,524.150390625
769,1774705700.5621893,optimizer,0.0022119060158729553,524.150390625
770,1774705700.6520543,forward,0.08390344493091106,11161.35498046875
770,1774705700.8332117,backward,0.18095915392041206,524.150390625
770,1774705700.8359222,optimizer,0.002215687185525894,524.150390625
771,1774705700.923168,forward,0.08393533527851105,11161.35498046875
771,1774705701.1043198,backward,0.18096145428717136,524.150390625
771,1774705701.1070275,optimizer,0.002219323068857193,524.150390625
772,1774705701.1942728,forward,0.08396061696112156,11161.35498046875
772,1774705701.3754241,backward,0.1809602454304695,524.150390625
772,1774705701.3781238,optimizer,0.0022048261016607285,524.150390625
773,1774705701.465257,forward,0.08393947780132294,11161.35498046875
773,1774705701.6463497,backward,0.18089795112609863,524.150390625
773,1774705701.649052,optimizer,0.002216203138232231,524.150390625
774,1774705701.7363133,forward,0.08395264856517315,11161.35498046875
774,1774705701.917447,backward,0.18093646503984928,524.150390625
774,1774705701.9201617,optimizer,0.0022167544811964035,524.150390625
775,1774705702.0077949,forward,0.08392638526856899,11161.35498046875
775,1774705702.1888533,backward,0.18086545914411545,524.150390625
775,1774705702.1915622,optimizer,0.0022266358137130737,524.150390625
776,1774705702.278891,forward,0.08404198102653027,11161.35498046875
776,1774705702.459941,backward,0.18085634149610996,524.150390625
776,1774705702.4626489,optimizer,0.0022118669003248215,524.150390625
777,1774705702.5500796,forward,0.08388094790279865,11161.35498046875
777,1774705702.731111,backward,0.18083582259714603,524.150390625
777,1774705702.7338033,optimizer,0.0021968670189380646,524.150390625
778,1774705702.8211784,forward,0.08400334604084492,11161.35498046875
778,1774705703.0023289,backward,0.1809590831398964,524.150390625
778,1774705703.0050187,optimizer,0.0022044871002435684,524.150390625
779,1774705703.0923185,forward,0.08392081595957279,11161.35498046875
779,1774705703.273412,backward,0.18090570159256458,524.150390625
779,1774705703.2761226,optimizer,0.0022157058119773865,524.150390625
780,1774705703.3633473,forward,0.08391781710088253,11161.35498046875
780,1774705703.5444288,backward,0.18088464997708797,524.150390625
780,1774705703.5471468,optimizer,0.0022281091660261154,524.150390625
781,1774705703.6343982,forward,0.08397629857063293,11161.35498046875
781,1774705703.8155582,backward,0.18096920289099216,524.150390625
781,1774705703.818264,optimizer,0.002218024805188179,524.150390625
782,1774705703.9057434,forward,0.083866436034441,11161.35498046875
782,1774705704.0868857,backward,0.18094811402261257,524.150390625
782,1774705704.0896006,optimizer,0.002219153568148613,524.150390625
783,1774705704.17693,forward,0.08405433967709541,11161.35498046875
783,1774705704.3581598,backward,0.18103511445224285,524.150390625
783,1774705704.3608663,optimizer,0.0022176355123519897,524.150390625
784,1774705704.4511597,forward,0.08389869518578053,11161.35498046875
784,1774705704.6322985,backward,0.1809471044689417,524.150390625
784,1774705704.6350129,optimizer,0.0022256262600421906,524.150390625
785,1774705704.7221704,forward,0.08389296568930149,11161.35498046875
785,1774705704.9032564,backward,0.18088550306856632,524.150390625
785,1774705704.905949,optimizer,0.0022070128470659256,524.150390625
786,1774705704.99324,forward,0.08400934748351574,11161.35498046875
786,1774705705.174394,backward,0.18096641264855862,524.150390625
786,1774705705.1772013,optimizer,0.002262946218252182,524.150390625
787,1774705705.2644684,forward,0.08394883759319782,11161.35498046875
787,1774705705.4456131,backward,0.18095404468476772,524.150390625
787,1774705705.4483173,optimizer,0.002217525616288185,524.150390625
788,1774705705.5356283,forward,0.08401546813547611,11161.35498046875
788,1774705705.716803,backward,0.18098305352032185,524.150390625
788,1774705705.7195172,optimizer,0.002214362844824791,524.150390625
789,1774705705.8070683,forward,0.0838994774967432,11161.35498046875
789,1774705705.988171,backward,0.18090467154979706,524.150390625
789,1774705705.99087,optimizer,0.0022114347666502,524.150390625
790,1774705706.078169,forward,0.08400688879191875,11161.35498046875
790,1774705706.2594068,backward,0.18104403465986252,524.150390625
790,1774705706.2621195,optimizer,0.002213774248957634,524.150390625
791,1774705706.3496552,forward,0.08390129543840885,11161.35498046875
791,1774705706.5307465,backward,0.18089926056563854,524.150390625
791,1774705706.5334544,optimizer,0.0022121835500001907,524.150390625
792,1774705706.6207905,forward,0.08401963859796524,11161.35498046875
792,1774705706.8018856,backward,0.18089447356760502,524.150390625
792,1774705706.8045897,optimizer,0.002206547185778618,524.150390625
793,1774705706.8918445,forward,0.0839635580778122,11161.35498046875
793,1774705707.0729992,backward,0.1809663027524948,524.150390625
793,1774705707.0757196,optimizer,0.0022262856364250183,524.150390625
794,1774705707.163028,forward,0.0839114561676979,11161.35498046875
794,1774705707.3441381,backward,0.18091868236660957,524.150390625
794,1774705707.3468459,optimizer,0.0022140759974718094,524.150390625
795,1774705707.4340866,forward,0.0839540883898735,11161.35498046875
795,1774705707.6151903,backward,0.1809046920388937,524.150390625
795,1774705707.6179054,optimizer,0.002216015011072159,524.150390625
796,1774705707.7054365,forward,0.08391200751066208,11161.35498046875
796,1774705707.8865123,backward,0.1808683406561613,524.150390625
796,1774705707.8892052,optimizer,0.002202434465289116,524.150390625
797,1774705707.9765773,forward,0.08399422653019428,11161.35498046875
797,1774705708.1576684,backward,0.1808926723897457,524.150390625
797,1774705708.1603723,optimizer,0.002216985449194908,524.150390625
798,1774705708.2497494,forward,0.08394978754222393,11161.35498046875
798,1774705708.430861,backward,0.18090778216719627,524.150390625
798,1774705708.4335601,optimizer,0.002209065482020378,524.150390625
799,1774705708.5207987,forward,0.08395648561418056,11161.35498046875
799,1774705708.7019365,backward,0.18094228394329548,524.150390625
799,1774705708.704648,optimizer,0.002217104658484459,524.150390625
800,1774705708.791839,forward,0.08389342576265335,11161.35498046875
800,1774705708.9729204,backward,0.18088683113455772,524.150390625
800,1774705708.9756408,optimizer,0.0022314470261335373,524.150390625
801,1774705709.0628014,forward,0.08392289653420448,11161.35498046875
801,1774705709.243882,backward,0.18088450096547604,524.150390625
801,1774705709.2466114,optimizer,0.0022049862891435623,524.150390625
802,1774705709.3339179,forward,0.08401644043624401,11161.35498046875
802,1774705709.5150714,backward,0.18095206283032894,524.150390625
802,1774705709.5177767,optimizer,0.002203363925218582,524.150390625
803,1774705709.605374,forward,0.08386950381100178,11161.35498046875
803,1774705709.7864697,backward,0.18089743331074715,524.150390625
803,1774705709.7891705,optimizer,0.0022211745381355286,524.150390625
804,1774705709.8764691,forward,0.08400237560272217,11161.35498046875
804,1774705710.0575886,backward,0.18092764168977737,524.150390625
804,1774705710.0603082,optimizer,0.0022212453186511993,524.150390625
805,1774705710.1478047,forward,0.08393012546002865,11161.35498046875
805,1774705710.328846,backward,0.18084938265383244,524.150390625
805,1774705710.3315532,optimizer,0.002217935398221016,524.150390625
806,1774705710.418794,forward,0.08394835516810417,11161.35498046875
806,1774705710.5999203,backward,0.18092885240912437,524.150390625
806,1774705710.602619,optimizer,0.0022077560424804688,524.150390625
807,1774705710.6898084,forward,0.08389416709542274,11161.35498046875
807,1774705710.870848,backward,0.18084097281098366,524.150390625
807,1774705710.8735447,optimizer,0.0022150930017232895,524.150390625
808,1774705710.960858,forward,0.08398716896772385,11161.35498046875
808,1774705711.1419377,backward,0.18089095130562782,524.150390625
808,1774705711.1446526,optimizer,0.0022254660725593567,524.150390625
809,1774705711.231857,forward,0.0839147474616766,11161.35498046875
809,1774705711.4128962,backward,0.18084818311035633,524.150390625
809,1774705711.4155922,optimizer,0.0022110845893621445,524.150390625
810,1774705711.50281,forward,0.08391867764294147,11161.35498046875
810,1774705711.683891,backward,0.18089238181710243,524.150390625
810,1774705711.6865876,optimizer,0.0022045355290174484,524.150390625
811,1774705711.7738698,forward,0.08399754762649536,11161.35498046875
811,1774705711.955006,backward,0.18094022385776043,524.150390625
811,1774705711.9577272,optimizer,0.002238024026155472,524.150390625
812,1774705712.0485609,forward,0.08390233851969242,11161.35498046875
812,1774705712.229671,backward,0.18091529980301857,524.150390625
812,1774705712.232365,optimizer,0.0022161658853292465,524.150390625
813,1774705712.319611,forward,0.08396981656551361,11161.35498046875
813,1774705712.500725,backward,0.18091933242976665,524.150390625
813,1774705712.5034297,optimizer,0.0022221263498067856,524.150390625
814,1774705712.5906587,forward,0.08391282707452774,11161.35498046875
814,1774705712.771778,backward,0.18092608265578747,524.150390625
814,1774705712.7744734,optimizer,0.0022021234035491943,524.150390625
815,1774705712.8617036,forward,0.0838975552469492,11161.35498046875
815,1774705713.042739,backward,0.18084163963794708,524.150390625
815,1774705713.0454278,optimizer,0.002207985147833824,524.150390625
816,1774705713.132759,forward,0.08402774855494499,11161.35498046875
816,1774705713.3138463,backward,0.18089628219604492,524.150390625
816,1774705713.3165514,optimizer,0.0022214967757463455,524.150390625
817,1774705713.4040096,forward,0.08382881432771683,11161.35498046875
817,1774705713.585043,backward,0.1808453816920519,524.150390625
817,1774705713.5877469,optimizer,0.0022067055106163025,524.150390625
818,1774705713.6751206,forward,0.08405869081616402,11161.35498046875
818,1774705713.85615,backward,0.18083647079765797,524.150390625
818,1774705713.8588488,optimizer,0.0022063273936510086,524.150390625
819,1774705713.9462998,forward,0.08389824815094471,11161.35498046875
819,1774705714.1274142,backward,0.18092356249690056,524.150390625
819,1774705714.1307502,optimizer,0.00271819531917572,524.150390625
820,1774705714.2181823,forward,0.0840050969272852,11161.35498046875
820,1774705714.3993735,backward,0.18099420331418514,524.150390625
820,1774705714.4020705,optimizer,0.002211226150393486,524.150390625
821,1774705714.4892943,forward,0.08395837806165218,11161.35498046875
821,1774705714.6703537,backward,0.1808679699897766,524.150390625
821,1774705714.673048,optimizer,0.002212265506386757,524.150390625
822,1774705714.7602413,forward,0.08389928750693798,11161.35498046875
822,1774705714.9411883,backward,0.1807527393102646,524.150390625
822,1774705714.9438913,optimizer,0.002207145094871521,524.150390625
823,1774705715.0311408,forward,0.08395162597298622,11161.35498046875
823,1774705715.2122,backward,0.18086028099060059,524.150390625
823,1774705715.2148905,optimizer,0.0022011548280715942,524.150390625
824,1774705715.302415,forward,0.08391211554408073,11161.35498046875
824,1774705715.4835079,backward,0.18089767172932625,524.150390625
824,1774705715.4862182,optimizer,0.0022227540612220764,524.150390625
825,1774705715.5735471,forward,0.08404804952442646,11161.35498046875
825,1774705715.754713,backward,0.18097685277462006,524.150390625
825,1774705715.757407,optimizer,0.002207605168223381,524.150390625
826,1774705715.8474898,forward,0.08394833467900753,11161.35498046875
826,1774705716.0286345,backward,0.1809451449662447,524.150390625
826,1774705716.0313616,optimizer,0.0022273752838373184,524.150390625
827,1774705716.1187186,forward,0.08395817503333092,11161.35498046875
827,1774705716.2998142,backward,0.18090082332491875,524.150390625
827,1774705716.3025093,optimizer,0.002208225429058075,524.150390625
828,1774705716.3897722,forward,0.08398273587226868,11161.35498046875
828,1774705716.570864,backward,0.18089857138693333,524.150390625
828,1774705716.5735614,optimizer,0.0022065062075853348,524.150390625
829,1774705716.660719,forward,0.08393258973956108,11161.35498046875
829,1774705716.841841,backward,0.1809303741902113,524.150390625
829,1774705716.8445497,optimizer,0.002207024022936821,524.150390625
830,1774705716.9318833,forward,0.0840136669576168,11161.35498046875
830,1774705717.1130123,backward,0.18093287199735641,524.150390625
830,1774705717.1157582,optimizer,0.0022080354392528534,524.150390625
831,1774705717.2033129,forward,0.08387585543096066,11161.35498046875
831,1774705717.3844206,backward,0.18090851046144962,524.150390625
831,1774705717.3871362,optimizer,0.0022109467536211014,524.150390625
832,1774705717.4744413,forward,0.08400357700884342,11161.35498046875
832,1774705717.6555092,backward,0.18087504245340824,524.150390625
832,1774705717.6582024,optimizer,0.0022030454128980637,524.150390625
833,1774705717.7456772,forward,0.08391132764518261,11161.35498046875
833,1774705717.926807,backward,0.1809359323233366,524.150390625
833,1774705717.9295137,optimizer,0.0022130776196718216,524.150390625
834,1774705718.0167904,forward,0.08397603780031204,11161.35498046875
834,1774705718.197905,backward,0.1809230800718069,524.150390625
834,1774705718.2006278,optimizer,0.0022176075726747513,524.150390625
835,1774705718.2878149,forward,0.0839025042951107,11161.35498046875
835,1774705718.468963,backward,0.18095036409795284,524.150390625
835,1774705718.4716835,optimizer,0.002223435789346695,524.150390625
836,1774705718.558863,forward,0.08391411788761616,11161.35498046875
836,1774705718.7398658,backward,0.1808109525591135,524.150390625
836,1774705718.7425816,optimizer,0.00221923366189003,524.150390625
837,1774705718.8298757,forward,0.08400429785251617,11161.35498046875
837,1774705719.0109725,backward,0.1808968521654606,524.150390625
837,1774705719.0136847,optimizer,0.002217354252934456,524.150390625
838,1774705719.1011717,forward,0.08392895758152008,11161.35498046875
838,1774705719.2823117,backward,0.18095260299742222,524.150390625
838,1774705719.285007,optimizer,0.0022029727697372437,524.150390625
839,1774705719.372335,forward,0.08404044061899185,11161.35498046875
839,1774705719.553584,backward,0.18104631640017033,524.150390625
839,1774705719.5562785,optimizer,0.002207815647125244,524.150390625
840,1774705719.6463802,forward,0.08393560908734798,11161.35498046875
840,1774705719.8274982,backward,0.18091976456344128,524.150390625
840,1774705719.8301966,optimizer,0.002201886847615242,524.150390625
841,1774705719.9174404,forward,0.08396385796368122,11161.35498046875
841,1774705720.0985706,backward,0.1809332836419344,524.150390625
841,1774705720.1012735,optimizer,0.0022015348076820374,524.150390625
842,1774705720.188487,forward,0.08390846475958824,11161.35498046875
842,1774705720.3696077,backward,0.1809301320463419,524.150390625
842,1774705720.372328,optimizer,0.0022082552313804626,524.150390625
843,1774705720.4594834,forward,0.0839470885694027,11161.35498046875
843,1774705720.6405966,backward,0.18092569150030613,524.150390625
843,1774705720.6432931,optimizer,0.0022097155451774597,524.150390625
844,1774705720.7305832,forward,0.08399010822176933,11161.35498046875
844,1774705720.9116747,backward,0.180897643789649,524.150390625
844,1774705720.914374,optimizer,0.0022068340331315994,524.150390625
845,1774705721.0018966,forward,0.0838842373341322,11161.35498046875
845,1774705721.1829925,backward,0.18090608343482018,524.150390625
845,1774705721.185687,optimizer,0.0022167153656482697,524.150390625
846,1774705721.273029,forward,0.08406011015176773,11161.35498046875
846,1774705721.4541698,backward,0.18094699457287788,524.150390625
846,1774705721.4568868,optimizer,0.0022056568413972855,524.150390625
847,1774705721.5444531,forward,0.08390905521810055,11161.35498046875
847,1774705721.7255995,backward,0.1809515357017517,524.150390625
847,1774705721.728304,optimizer,0.0022092461585998535,524.150390625
848,1774705721.815529,forward,0.08391740918159485,11161.35498046875
848,1774705721.9966793,backward,0.18094869144260883,524.150390625
848,1774705721.9994202,optimizer,0.002239113673567772,524.150390625
849,1774705722.0866158,forward,0.08392541855573654,11161.35498046875
849,1774705722.2678037,backward,0.18099295161664486,524.150390625
849,1774705722.2705035,optimizer,0.0022050365805625916,524.150390625
850,1774705722.3577294,forward,0.08392402715981007,11161.35498046875
850,1774705722.5387878,backward,0.18085838109254837,524.150390625
850,1774705722.541488,optimizer,0.0021981950849294662,524.150390625
851,1774705722.6287682,forward,0.08393355831503868,11161.35498046875
851,1774705722.8099372,backward,0.18096705339848995,524.150390625
851,1774705722.812647,optimizer,0.0022115856409072876,524.150390625
852,1774705722.9003232,forward,0.08394336886703968,11161.35498046875
852,1774705723.0814126,backward,0.18089369125664234,524.150390625
852,1774705723.0845826,optimizer,0.00234161876142025,524.150390625
853,1774705723.1721044,forward,0.08405066095292568,11161.35498046875
853,1774705723.3532312,backward,0.18093177303671837,524.150390625
853,1774705723.35592,optimizer,0.0021941624581813812,524.150390625
854,1774705723.4453354,forward,0.08396041765809059,11161.35498046875
854,1774705723.6264207,backward,0.18088447116315365,524.150390625
854,1774705723.6291263,optimizer,0.002205716446042061,524.150390625
855,1774705723.716297,forward,0.08389450795948505,11161.35498046875
855,1774705723.8974364,backward,0.18094974383711815,524.150390625
855,1774705723.900138,optimizer,0.002211136743426323,524.150390625
856,1774705723.9873817,forward,0.08396872505545616,11161.35498046875
856,1774705724.1684577,backward,0.18088897317647934,524.150390625
856,1774705724.1711674,optimizer,0.0022193733602762222,524.150390625
857,1774705724.2582788,forward,0.08387225493788719,11161.35498046875
857,1774705724.4393845,backward,0.18091455101966858,524.150390625
857,1774705724.4420977,optimizer,0.0022134967148303986,524.150390625
858,1774705724.5294206,forward,0.08404475077986717,11161.35498046875
858,1774705724.7105932,backward,0.18097818456590176,524.150390625
858,1774705724.713297,optimizer,0.002218186855316162,524.150390625
859,1774705724.8009634,forward,0.08390469662845135,11161.35498046875
859,1774705724.9820774,backward,0.1809245813637972,524.150390625
859,1774705724.9847796,optimizer,0.0022155269980430603,524.150390625
860,1774705725.0720346,forward,0.08396849781274796,11161.35498046875
860,1774705725.2531564,backward,0.18093322217464447,524.150390625
860,1774705725.2558749,optimizer,0.0022174157202243805,524.150390625
861,1774705725.3433092,forward,0.08386546559631824,11161.35498046875
861,1774705725.5243638,backward,0.1808632519096136,524.150390625
861,1774705725.5270672,optimizer,0.0022169239819049835,524.150390625
862,1774705725.6142888,forward,0.08395234867930412,11161.35498046875
862,1774705725.7953777,backward,0.1808978207409382,524.150390625
862,1774705725.7980998,optimizer,0.0022296346724033356,524.150390625
863,1774705725.8853223,forward,0.08394566737115383,11161.35498046875
863,1774705726.0664139,backward,0.18090778402984142,524.150390625
863,1774705726.069117,optimizer,0.002209724858403206,524.150390625
864,1774705726.15629,forward,0.0838761068880558,11161.35498046875
864,1774705726.3374114,backward,0.18093101494014263,524.150390625
864,1774705726.3401177,optimizer,0.0022152233868837357,524.150390625
865,1774705726.4274125,forward,0.08395950868725777,11161.35498046875
865,1774705726.6085625,backward,0.18095639534294605,524.150390625
865,1774705726.611317,optimizer,0.0022712871432304382,524.150390625
866,1774705726.698794,forward,0.08391313627362251,11161.35498046875
866,1774705726.8799026,backward,0.18092207051813602,524.150390625
866,1774705726.882603,optimizer,0.0022082142531871796,524.150390625
867,1774705726.9698713,forward,0.083974439650774,11161.35498046875
867,1774705727.1510792,backward,0.18101144395768642,524.150390625
867,1774705727.1537693,optimizer,0.0022036954760551453,524.150390625
868,1774705727.244083,forward,0.08394425548613071,11161.35498046875
868,1774705727.425259,backward,0.1809857226908207,524.150390625
868,1774705727.4279585,optimizer,0.002205966040492058,524.150390625
869,1774705727.5152617,forward,0.08400041610002518,11161.35498046875
869,1774705727.6963756,backward,0.18092081137001514,524.150390625
869,1774705727.6991026,optimizer,0.0022254642099142075,524.150390625
870,1774705727.7863886,forward,0.08399630710482597,11161.35498046875
870,1774705727.9675689,backward,0.18098889477550983,524.150390625
870,1774705727.9702785,optimizer,0.0022136755287647247,524.150390625
871,1774705728.0574174,forward,0.08392785489559174,11161.35498046875
871,1774705728.2385592,backward,0.18092251382768154,524.150390625
871,1774705728.2412639,optimizer,0.0022105034440755844,524.150390625
872,1774705728.3286073,forward,0.08404172770678997,11161.35498046875
872,1774705728.509726,backward,0.18092658184468746,524.150390625
872,1774705728.512424,optimizer,0.0022038761526346207,524.150390625
873,1774705728.6000798,forward,0.08392547629773617,11161.35498046875
873,1774705728.7812653,backward,0.18099376372992992,524.150390625
873,1774705728.7839785,optimizer,0.0022097527980804443,524.150390625
874,1774705728.8713741,forward,0.08399323932826519,11161.35498046875
874,1774705729.052549,backward,0.18098338320851326,524.150390625
874,1774705729.0552652,optimizer,0.0022263042628765106,524.150390625
875,1774705729.142898,forward,0.08393579721450806,11161.35498046875
875,1774705729.3239946,backward,0.18090792372822762,524.150390625
875,1774705729.326712,optimizer,0.0022270455956459045,524.150390625
876,1774705729.4140182,forward,0.08392013795673847,11161.35498046875
876,1774705729.5950782,backward,0.18085218034684658,524.150390625
876,1774705729.5977929,optimizer,0.002216435968875885,524.150390625
877,1774705729.6850243,forward,0.08394341729581356,11161.35498046875
877,1774705729.866218,backward,0.18100284412503242,524.150390625
877,1774705729.868921,optimizer,0.0022031739354133606,524.150390625
878,1774705729.9561331,forward,0.08393554762005806,11161.35498046875
878,1774705730.137272,backward,0.18093298189342022,524.150390625
878,1774705730.1399822,optimizer,0.0022095441818237305,524.150390625
879,1774705730.2272606,forward,0.08399252034723759,11161.35498046875
879,1774705730.408365,backward,0.1809130720794201,524.150390625
879,1774705730.4110763,optimizer,0.0022289659827947617,524.150390625
880,1774705730.4986076,forward,0.08391370624303818,11161.35498046875
880,1774705730.6797183,backward,0.18091204389929771,524.150390625
880,1774705730.6824248,optimizer,0.002219347283244133,524.150390625
881,1774705730.769662,forward,0.08395984768867493,11161.35498046875
881,1774705730.9507828,backward,0.18092060089111328,524.150390625
881,1774705730.9534807,optimizer,0.0021946337074041367,524.150390625
882,1774705731.0426571,forward,0.0839496087282896,11161.35498046875
882,1774705731.2238574,backward,0.1810044962912798,524.150390625
882,1774705731.226559,optimizer,0.002208814024925232,524.150390625
883,1774705731.3138556,forward,0.08399169892072678,11161.35498046875
883,1774705731.4950047,backward,0.1809627115726471,524.150390625
883,1774705731.4977062,optimizer,0.002208154648542404,524.150390625
884,1774705731.5849326,forward,0.08395721577107906,11161.35498046875
884,1774705731.7661037,backward,0.18095204420387745,524.150390625
884,1774705731.7688053,optimizer,0.0022032763808965683,524.150390625
885,1774705731.855966,forward,0.08392860740423203,11161.35498046875
885,1774705732.0370965,backward,0.18094000220298767,524.150390625
885,1774705732.0403507,optimizer,0.0022971350699663162,524.150390625
886,1774705732.1281,forward,0.08419005014002323,11161.35498046875
886,1774705732.3093011,backward,0.18100957572460175,524.150390625
886,1774705732.312012,optimizer,0.002197515219449997,524.150390625
887,1774705732.3997283,forward,0.08392435684800148,11161.35498046875
887,1774705732.5808167,backward,0.18088283203542233,524.150390625
887,1774705732.5835223,optimizer,0.002213096246123314,524.150390625
888,1774705732.6709054,forward,0.08405108936131,11161.35498046875
888,1774705732.852075,backward,0.18097450397908688,524.150390625
888,1774705732.8547747,optimizer,0.0022191256284713745,524.150390625
889,1774705732.9422998,forward,0.08394159749150276,11161.35498046875
889,1774705733.123436,backward,0.18095119297504425,524.150390625
889,1774705733.1261284,optimizer,0.002208216115832329,524.150390625
890,1774705733.2134485,forward,0.08399852737784386,11161.35498046875
890,1774705733.3945518,backward,0.18090693838894367,524.150390625
890,1774705733.3972406,optimizer,0.002202926203608513,524.150390625
891,1774705733.484526,forward,0.08396768756210804,11161.35498046875
891,1774705733.66566,backward,0.18094619177281857,524.150390625
891,1774705733.6683583,optimizer,0.002209676429629326,524.150390625
892,1774705733.755593,forward,0.08394030667841434,11161.35498046875
892,1774705733.9367096,backward,0.1809154637157917,524.150390625
892,1774705733.9394135,optimizer,0.002224985510110855,524.150390625
893,1774705734.0266469,forward,0.08395305648446083,11161.35498046875
893,1774705734.2077127,backward,0.18088092282414436,524.150390625
893,1774705734.2104208,optimizer,0.002225017175078392,524.150390625
894,1774705734.2979581,forward,0.08387746661901474,11161.35498046875
894,1774705734.4790735,backward,0.18092797324061394,524.150390625
894,1774705734.4818213,optimizer,0.002223055809736252,524.150390625
895,1774705734.5691328,forward,0.08401905931532383,11161.35498046875
895,1774705734.7502387,backward,0.1809052638709545,524.150390625
895,1774705734.752945,optimizer,0.0022115539759397507,524.150390625
896,1774705734.8415713,forward,0.08392269723117352,11161.35498046875
896,1774705735.0227392,backward,0.18096760287880898,524.150390625
896,1774705735.0254457,optimizer,0.002215135842561722,524.150390625
897,1774705735.1126823,forward,0.0839427076280117,11161.35498046875
897,1774705735.293878,backward,0.18098948523402214,524.150390625
897,1774705735.296582,optimizer,0.0022147633135318756,524.150390625
898,1774705735.3838787,forward,0.08401280827820301,11161.35498046875
898,1774705735.5650241,backward,0.18095109425485134,524.150390625
898,1774705735.5677469,optimizer,0.002236016094684601,524.150390625
899,1774705735.6549075,forward,0.08393716812133789,11161.35498046875
899,1774705735.8360286,backward,0.18092710338532925,524.150390625
899,1774705735.8387322,optimizer,0.002208814024925232,524.150390625
900,1774705735.9260054,forward,0.08399666845798492,11161.35498046875
900,1774705736.1072123,backward,0.18101679161190987,524.150390625
900,1774705736.1099365,optimizer,0.002216927707195282,524.150390625
901,1774705736.1975305,forward,0.0839377362281084,11161.35498046875
901,1774705736.3786163,backward,0.1808939389884472,524.150390625
901,1774705736.381321,optimizer,0.0022085364907979965,524.150390625
902,1774705736.468621,forward,0.08400612883269787,11161.35498046875
902,1774705736.6497533,backward,0.18094003200531006,524.150390625
902,1774705736.6524618,optimizer,0.002213006839156151,524.150390625
903,1774705736.7401288,forward,0.08393052779138088,11161.35498046875
903,1774705736.9212308,backward,0.18091055192053318,524.150390625
903,1774705736.9239523,optimizer,0.002225015312433243,524.150390625
904,1774705737.0112717,forward,0.08400748856365681,11161.35498046875
904,1774705737.1923547,backward,0.18088790401816368,524.150390625
904,1774705737.1951094,optimizer,0.0022653844207525253,524.150390625
905,1774705737.2823677,forward,0.08397683873772621,11161.35498046875
905,1774705737.463541,backward,0.18097839131951332,524.150390625
905,1774705737.4662418,optimizer,0.0022115446627140045,524.150390625
906,1774705737.553485,forward,0.08393785916268826,11161.35498046875
906,1774705737.7345824,backward,0.18090583197772503,524.150390625
906,1774705737.7372847,optimizer,0.0022147241979837418,524.150390625
907,1774705737.8245938,forward,0.08401542715728283,11161.35498046875
907,1774705738.0057,backward,0.1809161640703678,524.150390625
907,1774705738.0083885,optimizer,0.0022037234157323837,524.150390625
908,1774705738.0959408,forward,0.08391981571912766,11161.35498046875
908,1774705738.2770894,backward,0.18095393478870392,524.150390625
908,1774705738.2798033,optimizer,0.002203274518251419,524.150390625
909,1774705738.3670537,forward,0.08392765745520592,11161.35498046875
909,1774705738.5480914,backward,0.18083887919783592,524.150390625
909,1774705738.550788,optimizer,0.002213144674897194,524.150390625
910,1774705738.6403844,forward,0.08391092903912067,11161.35498046875
910,1774705738.8214684,backward,0.18089237995445728,524.150390625
910,1774705738.824176,optimizer,0.002208603546023369,524.150390625
911,1774705738.91152,forward,0.08396312780678272,11161.35498046875
911,1774705739.0926526,backward,0.1809425912797451,524.150390625
911,1774705739.0953748,optimizer,0.0022221356630325317,524.150390625
912,1774705739.1826468,forward,0.08397476933896542,11161.35498046875
912,1774705739.3638008,backward,0.18095115199685097,524.150390625
912,1774705739.3665135,optimizer,0.002213563770055771,524.150390625
913,1774705739.4535701,forward,0.08383399434387684,11161.35498046875
913,1774705739.634647,backward,0.1808801032602787,524.150390625
913,1774705739.6373396,optimizer,0.002197815105319023,524.150390625
914,1774705739.7246418,forward,0.08397878706455231,11161.35498046875
914,1774705739.905837,backward,0.18099665269255638,524.150390625
914,1774705739.9085455,optimizer,0.0022033844143152237,524.150390625
915,1774705739.9961104,forward,0.08389512822031975,11161.35498046875
915,1774705740.1772544,backward,0.18095479160547256,524.150390625
915,1774705740.1799772,optimizer,0.0022039730101823807,524.150390625
916,1774705740.2673597,forward,0.0840754471719265,11161.35498046875
916,1774705740.4484713,backward,0.180915342643857,524.150390625
916,1774705740.4511878,optimizer,0.0022131558507680893,524.150390625
917,1774705740.538649,forward,0.08387057669460773,11161.35498046875
917,1774705740.719736,backward,0.1809040643274784,524.150390625
917,1774705740.722441,optimizer,0.0022116657346487045,524.150390625
918,1774705740.8097208,forward,0.08398411981761456,11161.35498046875
918,1774705740.9908717,backward,0.1809614934027195,524.150390625
918,1774705740.993785,optimizer,0.0023469068109989166,524.150390625
919,1774705741.0814164,forward,0.08403160981833935,11161.35498046875
919,1774705741.2626128,backward,0.18099605478346348,524.150390625
919,1774705741.2653036,optimizer,0.002202806994318962,524.150390625
920,1774705741.3525944,forward,0.0839893463999033,11161.35498046875
920,1774705741.53375,backward,0.18096040189266205,524.150390625
920,1774705741.5364618,optimizer,0.0022079739719629288,524.150390625
921,1774705741.623773,forward,0.08402116969227791,11161.35498046875
921,1774705741.8048468,backward,0.1808799710124731,524.150390625
921,1774705741.8075686,optimizer,0.0022128839045763016,524.150390625
922,1774705741.8950965,forward,0.08388855494558811,11161.35498046875
922,1774705742.0762045,backward,0.1809030119329691,524.150390625
922,1774705742.0789073,optimizer,0.002221224829554558,524.150390625
923,1774705742.1661587,forward,0.08396498672664165,11161.35498046875
923,1774705742.3472886,backward,0.18094195425510406,524.150390625
923,1774705742.3500013,optimizer,0.002216475084424019,524.150390625
924,1774705742.4394567,forward,0.0839152093976736,11161.35498046875
924,1774705742.620565,backward,0.1809188313782215,524.150390625
924,1774705742.623279,optimizer,0.00221838615834713,524.150390625
925,1774705742.7105813,forward,0.08397344686090946,11161.35498046875
925,1774705742.8916798,backward,0.18090781942009926,524.150390625
925,1774705742.8943813,optimizer,0.002215467393398285,524.150390625
926,1774705742.9816365,forward,0.0839715488255024,11161.35498046875
926,1774705743.1627169,backward,0.18088851124048233,524.150390625
926,1774705743.165437,optimizer,0.0022080056369304657,524.150390625
927,1774705743.252585,forward,0.083919957280159,11161.35498046875
927,1774705743.4336996,backward,0.180919012054801,524.150390625
927,1774705743.436417,optimizer,0.002219386398792267,524.150390625
928,1774705743.5237098,forward,0.08400654792785645,11161.35498046875
928,1774705743.704845,backward,0.18094098381698132,524.150390625
928,1774705743.7075512,optimizer,0.0022171568125486374,524.150390625
929,1774705743.7952077,forward,0.08387942612171173,11161.35498046875
929,1774705743.976297,backward,0.18089108169078827,524.150390625
929,1774705743.9790118,optimizer,0.0022129863500595093,524.150390625
930,1774705744.066272,forward,0.0839774888008833,11161.35498046875
930,1774705744.2473688,backward,0.18090837262570858,524.150390625
930,1774705744.2500722,optimizer,0.0022069457918405533,524.150390625
931,1774705744.3376546,forward,0.08400622010231018,11161.35498046875
931,1774705744.5187764,backward,0.1809263452887535,524.150390625
931,1774705744.5214694,optimizer,0.002207942306995392,524.150390625
932,1774705744.6087477,forward,0.08397991769015789,11161.35498046875
932,1774705744.7898421,backward,0.18090773187577724,524.150390625
932,1774705744.7925358,optimizer,0.0022058840841054916,524.150390625
933,1774705744.8798342,forward,0.0839888472110033,11161.35498046875
933,1774705745.061017,backward,0.18098239414393902,524.150390625
933,1774705745.0637162,optimizer,0.0022094156593084335,524.150390625
934,1774705745.1509748,forward,0.08391689509153366,11161.35498046875
934,1774705745.3322153,backward,0.18105176836252213,524.150390625
934,1774705745.3349361,optimizer,0.002224735915660858,524.150390625
935,1774705745.4222333,forward,0.08400210738182068,11161.35498046875
935,1774705745.6033564,backward,0.18093585222959518,524.150390625
935,1774705745.606062,optimizer,0.0022076740860939026,524.150390625
936,1774705745.6936011,forward,0.08389531821012497,11161.35498046875
936,1774705745.874762,backward,0.18097122199833393,524.150390625
936,1774705745.87745,optimizer,0.002204926684498787,524.150390625
937,1774705745.9647865,forward,0.08403431996703148,11161.35498046875
937,1774705746.1459424,backward,0.18096807412803173,524.150390625
937,1774705746.1486285,optimizer,0.0022048447281122208,524.150390625
938,1774705746.2379742,forward,0.08390356600284576,11161.35498046875
938,1774705746.4190826,backward,0.1809156835079193,524.150390625
938,1774705746.4217894,optimizer,0.002216815948486328,524.150390625
939,1774705746.5091228,forward,0.0840248093008995,11161.35498046875
939,1774705746.690262,backward,0.1809407826513052,524.150390625
939,1774705746.69296,optimizer,0.0022114161401987076,524.150390625
940,1774705746.78017,forward,0.08393079787492752,11161.35498046875
940,1774705746.961301,backward,0.18094751238822937,524.150390625
940,1774705746.9640098,optimizer,0.0022107940167188644,524.150390625
941,1774705747.0512278,forward,0.08388298563659191,11161.35498046875
941,1774705747.232303,backward,0.18088797107338905,524.150390625
941,1774705747.235022,optimizer,0.0022264737635850906,524.150390625
942,1774705747.3223257,forward,0.08399561047554016,11161.35498046875
942,1774705747.5033743,backward,0.18085667118430138,524.150390625
942,1774705747.5060847,optimizer,0.0022015925496816635,524.150390625
943,1774705747.593818,forward,0.08393849618732929,11161.35498046875
943,1774705747.7749312,backward,0.1809211615473032,524.150390625
943,1774705747.777622,optimizer,0.0022119656205177307,524.150390625
944,1774705747.8648963,forward,0.08401451632380486,11161.35498046875
944,1774705748.0459645,backward,0.1808715108782053,524.150390625
944,1774705748.048671,optimizer,0.0022150445729494095,524.150390625
945,1774705748.1362126,forward,0.08395230770111084,11161.35498046875
945,1774705748.3173342,backward,0.18093284405767918,524.150390625
945,1774705748.320065,optimizer,0.0022256169468164444,524.150390625
946,1774705748.4073846,forward,0.08401530049741268,11161.35498046875
946,1774705748.588533,backward,0.18094978109002113,524.150390625
946,1774705748.59125,optimizer,0.00222160667181015,524.150390625
947,1774705748.6784997,forward,0.08395490795373917,11161.35498046875
947,1774705748.8596087,backward,0.18092165142297745,524.150390625
947,1774705748.8623033,optimizer,0.002209017053246498,524.150390625
948,1774705748.949521,forward,0.08392786793410778,11161.35498046875
948,1774705749.1306179,backward,0.18089975230395794,524.150390625
948,1774705749.1333199,optimizer,0.002215413376688957,524.150390625
949,1774705749.2205997,forward,0.0839655976742506,11161.35498046875
949,1774705749.4017365,backward,0.1809468138962984,524.150390625
949,1774705749.4044383,optimizer,0.002208225429058075,524.150390625
950,1774705749.4919662,forward,0.0839478150010109,11161.35498046875
950,1774705749.673103,backward,0.18094255216419697,524.150390625
950,1774705749.6758075,optimizer,0.0022111833095550537,524.150390625
951,1774705749.7631009,forward,0.08400697819888592,11161.35498046875
951,1774705749.9442956,backward,0.18100576102733612,524.150390625
951,1774705749.947028,optimizer,0.002233235165476799,524.150390625
952,1774705750.0369544,forward,0.08405796065926552,11161.35498046875
952,1774705750.2183208,backward,0.18110318295657635,524.150390625
952,1774705750.2210937,optimizer,0.0022572558373212814,524.150390625
953,1774705750.3083522,forward,0.08391035720705986,11161.35498046875
953,1774705750.4895077,backward,0.18095868080854416,524.150390625
953,1774705750.4922175,optimizer,0.0022062044590711594,524.150390625
954,1774705750.579508,forward,0.08401765860617161,11161.35498046875
954,1774705750.7606206,backward,0.18091988191008568,524.150390625
954,1774705750.7633305,optimizer,0.002217685803771019,524.150390625
955,1774705750.850518,forward,0.08394311554729939,11161.35498046875
955,1774705751.0316703,backward,0.18095985613763332,524.150390625
955,1774705751.0343788,optimizer,0.0022149551659822464,524.150390625
956,1774705751.1216989,forward,0.08402864076197147,11161.35498046875
956,1774705751.3028696,backward,0.18097477219998837,524.150390625
956,1774705751.3055668,optimizer,0.0022108275443315506,524.150390625
957,1774705751.3931074,forward,0.08391127549111843,11161.35498046875
957,1774705751.5742443,backward,0.18094286136329174,524.150390625
957,1774705751.5769389,optimizer,0.0022069457918405533,524.150390625
958,1774705751.665562,forward,0.0840144082903862,11161.35498046875
958,1774705751.8466685,backward,0.1809134017676115,524.150390625
958,1774705751.8493617,optimizer,0.0022422857582569122,524.150390625
959,1774705751.9368396,forward,0.08391863666474819,11161.35498046875
959,1774705752.1179433,backward,0.18093240074813366,524.150390625
959,1774705752.1206188,optimizer,0.00223393552005291,524.150390625
960,1774705752.5390193,forward,0.08471314050257206,11161.35498046875
960,1774705752.7208757,backward,0.18157117255032063,524.150390625
960,1774705752.7241201,optimizer,0.002649083733558655,524.150390625
961,1774705752.8128343,forward,0.08434879407286644,11161.35498046875
961,1774705752.9943974,backward,0.18131526932120323,524.150390625
961,1774705752.997137,optimizer,0.002228373661637306,524.150390625
962,1774705753.0845404,forward,0.08406776748597622,11161.35498046875
962,1774705753.2660306,backward,0.1813044585287571,524.150390625
962,1774705753.2687576,optimizer,0.00224856473505497,524.150390625
963,1774705753.356266,forward,0.08390136063098907,11161.35498046875
963,1774705753.5377443,backward,0.18130380101501942,524.150390625
963,1774705753.540478,optimizer,0.002259388566017151,524.150390625
964,1774705753.6278052,forward,0.08395616710186005,11161.35498046875
964,1774705753.8092434,backward,0.1812614556401968,524.150390625
964,1774705753.8119867,optimizer,0.0022422559559345245,524.150390625
965,1774705753.8993638,forward,0.08405566029250622,11161.35498046875
965,1774705754.0808113,backward,0.18124811723828316,524.150390625
965,1774705754.0835605,optimizer,0.0022455155849456787,524.150390625
966,1774705754.1712987,forward,0.08388116583228111,11161.35498046875
966,1774705754.352676,backward,0.18118188716471195,524.150390625
966,1774705754.3554568,optimizer,0.0022729039192199707,524.150390625
967,1774705754.4429302,forward,0.08409900963306427,11161.35498046875
967,1774705754.6243238,backward,0.18118643760681152,524.150390625
967,1774705754.627081,optimizer,0.0022534560412168503,524.150390625
968,1774705754.7148511,forward,0.08394008502364159,11161.35498046875
968,1774705754.8961732,backward,0.18112461268901825,524.150390625
968,1774705754.8989706,optimizer,0.0022978782653808594,524.150390625
969,1774705754.9863703,forward,0.08404567837715149,11161.35498046875
969,1774705755.1678169,backward,0.18124975636601448,524.150390625
969,1774705755.1705618,optimizer,0.0022370237857103348,524.150390625
970,1774705755.2578845,forward,0.08399108797311783,11161.35498046875
970,1774705755.4392502,backward,0.18116667866706848,524.150390625
970,1774705755.4419768,optimizer,0.0022283364087343216,524.150390625
971,1774705755.529336,forward,0.08398085832595825,11161.35498046875
971,1774705755.7107553,backward,0.18121648952364922,524.150390625
971,1774705755.713488,optimizer,0.0022248737514019012,524.150390625
972,1774705755.8009257,forward,0.08406155928969383,11161.35498046875
972,1774705755.9824052,backward,0.18128284811973572,524.150390625
972,1774705755.9851568,optimizer,0.0022400952875614166,524.150390625
973,1774705756.0729089,forward,0.08396783657371998,11161.35498046875
973,1774705756.254302,backward,0.1811891756951809,524.150390625
973,1774705756.2570367,optimizer,0.002239096909761429,524.150390625
974,1774705756.3445368,forward,0.08404210954904556,11161.35498046875
974,1774705756.5259838,backward,0.1812459770590067,524.150390625
974,1774705756.528736,optimizer,0.002245817333459854,524.150390625
975,1774705756.6160803,forward,0.08392111770808697,11161.35498046875
975,1774705756.797445,backward,0.18117055669426918,524.150390625
975,1774705756.8002026,optimizer,0.002245163545012474,524.150390625
976,1774705756.8875427,forward,0.08393675647675991,11161.35498046875
976,1774705757.0689905,backward,0.18124779872596264,524.150390625
976,1774705757.071747,optimizer,0.0022480860352516174,524.150390625
977,1774705757.1590512,forward,0.08395043760538101,11161.35498046875
977,1774705757.3405042,backward,0.1812240071594715,524.150390625
977,1774705757.3432562,optimizer,0.002249186858534813,524.150390625
978,1774705757.434837,forward,0.08396890759468079,11161.35498046875
978,1774705757.6162217,backward,0.18117870762944221,524.150390625
978,1774705757.618978,optimizer,0.002253727987408638,524.150390625
979,1774705757.7063434,forward,0.08397082798182964,11161.35498046875
979,1774705757.8878496,backward,0.1813111398369074,524.150390625
979,1774705757.8905823,optimizer,0.0022322367876768112,524.150390625
980,1774705757.9779043,forward,0.08401606045663357,11161.35498046875
980,1774705758.1593533,backward,0.1812494471669197,524.150390625
980,1774705758.1620889,optimizer,0.002225436270236969,524.150390625
981,1774705758.2498345,forward,0.08400293998420238,11161.35498046875
981,1774705758.431148,backward,0.1811117548495531,524.150390625
981,1774705758.4338813,optimizer,0.002234145998954773,524.150390625
982,1774705758.5212817,forward,0.08407475985586643,11161.35498046875
982,1774705758.7026484,backward,0.18117186427116394,524.150390625
982,1774705758.7053893,optimizer,0.002240825444459915,524.150390625
983,1774705758.7930844,forward,0.08400468714535236,11161.35498046875
983,1774705758.9744852,backward,0.18120543844997883,524.150390625
983,1774705758.9772294,optimizer,0.002227986231446266,524.150390625
984,1774705759.0646133,forward,0.08404475823044777,11161.35498046875
984,1774705759.246024,backward,0.1812201589345932,524.150390625
984,1774705759.2487597,optimizer,0.002239946275949478,524.150390625
985,1774705759.3359869,forward,0.0839320681989193,11161.35498046875
985,1774705759.5173793,backward,0.1811997275799513,524.150390625
985,1774705759.520766,optimizer,0.002718104049563408,524.150390625
986,1774705759.608554,forward,0.08402290754020214,11161.35498046875
986,1774705759.7901914,backward,0.18144378066062927,524.150390625
986,1774705759.7929206,optimizer,0.0022389069199562073,524.150390625
987,1774705759.8803177,forward,0.08407041989266872,11161.35498046875
987,1774705760.0616927,backward,0.181177644059062,524.150390625
987,1774705760.064432,optimizer,0.0022411663085222244,524.150390625
988,1774705760.1520052,forward,0.08396305702626705,11161.35498046875
988,1774705760.3333898,backward,0.1811876855790615,524.150390625
988,1774705760.3361232,optimizer,0.002226203680038452,524.150390625
989,1774705760.4235604,forward,0.08400026708841324,11161.35498046875
989,1774705760.6049585,backward,0.18119164928793907,524.150390625
989,1774705760.6076925,optimizer,0.0022410452365875244,524.150390625
990,1774705760.695024,forward,0.08397796750068665,11161.35498046875
990,1774705760.8764553,backward,0.18124018795788288,524.150390625
990,1774705760.8791943,optimizer,0.0022464562207460403,524.150390625
991,1774705760.9666142,forward,0.08400021120905876,11161.35498046875
991,1774705761.147991,backward,0.18118347600102425,524.150390625
991,1774705761.1507254,optimizer,0.0022364668548107147,524.150390625
992,1774705761.238081,forward,0.08410041965544224,11161.35498046875
992,1774705761.4194782,backward,0.1811998449265957,524.150390625
992,1774705761.4222133,optimizer,0.0022381357848644257,524.150390625
993,1774705761.510004,forward,0.0839649885892868,11161.35498046875
993,1774705761.6913524,backward,0.181153055280447,524.150390625
993,1774705761.6940916,optimizer,0.0022415239363908768,524.150390625
994,1774705761.7816982,forward,0.08408943004906178,11161.35498046875
994,1774705761.9630413,backward,0.181149085983634,524.150390625
994,1774705761.965843,optimizer,0.002236057072877884,524.150390625
995,1774705762.0534065,forward,0.08395160734653473,11161.35498046875
995,1774705762.2348402,backward,0.1812310591340065,524.150390625
995,1774705762.2376244,optimizer,0.002231243997812271,524.150390625
996,1774705762.325049,forward,0.08401431888341904,11161.35498046875
996,1774705762.5065534,backward,0.18130244873464108,524.150390625
996,1774705762.5093446,optimizer,0.0022239163517951965,524.150390625
997,1774705762.5967374,forward,0.08403922989964485,11161.35498046875
997,1774705762.7782295,backward,0.18129807710647583,524.150390625
997,1774705762.7810342,optimizer,0.002238525077700615,524.150390625
998,1774705762.8687196,forward,0.08394193463027477,11161.35498046875
998,1774705763.0501635,backward,0.18124090507626534,524.150390625
998,1774705763.052982,optimizer,0.0022350456565618515,524.150390625
999,1774705763.1405203,forward,0.0841272696852684,11161.35498046875
999,1774705763.3220093,backward,0.18128849752247334,524.150390625
999,1774705763.3247952,optimizer,0.002227555960416794,524.150390625
1000,1774705763.4123006,forward,0.08391539566218853,11161.35498046875
1000,1774705763.593672,backward,0.18117490783333778,524.150390625
1000,1774705763.5963926,optimizer,0.0022273771464824677,524.150390625
1001,1774705763.6836917,forward,0.08397488854825497,11161.35498046875
1001,1774705763.8650453,backward,0.18115249648690224,524.150390625
1001,1774705763.8677995,optimizer,0.0022328831255435944,524.150390625
1002,1774705763.9550867,forward,0.08397581800818443,11161.35498046875
1002,1774705764.1364675,backward,0.18118435889482498,524.150390625
1002,1774705764.1392164,optimizer,0.002241317182779312,524.150390625
1003,1774705764.2264473,forward,0.08392239734530449,11161.35498046875
1003,1774705764.4078896,backward,0.18123941496014595,524.150390625
1003,1774705764.4106297,optimizer,0.0022355858236551285,524.150390625
1004,1774705764.498018,forward,0.0840860903263092,11161.35498046875
1004,1774705764.6795108,backward,0.18129546754062176,524.150390625
1004,1774705764.6822445,optimizer,0.0022344477474689484,524.150390625
1005,1774705764.7699978,forward,0.0839315876364708,11161.35498046875
1005,1774705764.9513261,backward,0.18113324604928493,524.150390625
1005,1774705764.9540718,optimizer,0.0022413451224565506,524.150390625
1006,1774705765.0415177,forward,0.08408666774630547,11161.35498046875
1006,1774705765.2229986,backward,0.18128402903676033,524.150390625
1006,1774705765.2257411,optimizer,0.002235785126686096,524.150390625
1007,1774705765.3130424,forward,0.08398793824017048,11161.35498046875
1007,1774705765.4945107,backward,0.18126778863370419,524.150390625
1007,1774705765.4972472,optimizer,0.0022384636104106903,524.150390625
1008,1774705765.5845642,forward,0.0839103888720274,11161.35498046875
1008,1774705765.765972,backward,0.18120713718235493,524.150390625
1008,1774705765.768707,optimizer,0.0022411048412323,524.150390625
1009,1774705765.8561966,forward,0.08404146879911423,11161.35498046875
1009,1774705766.0376222,backward,0.18123025633394718,524.150390625
1009,1774705766.0403671,optimizer,0.0022459961473941803,524.150390625
1010,1774705766.127872,forward,0.0839588064700365,11161.35498046875
1010,1774705766.30928,backward,0.1812110636383295,524.150390625
1010,1774705766.3120396,optimizer,0.0022394154220819473,524.150390625
1011,1774705766.3994253,forward,0.08404993824660778,11161.35498046875
1011,1774705766.5807252,backward,0.18110094591975212,524.150390625
1011,1774705766.5834715,optimizer,0.0022437870502471924,524.150390625
1012,1774705766.6712158,forward,0.08397058956325054,11161.35498046875
1012,1774705766.8526244,backward,0.18121452629566193,524.150390625
1012,1774705766.8553655,optimizer,0.0022435262799263,524.150390625
1013,1774705766.9427047,forward,0.08402523584663868,11161.35498046875
1013,1774705767.1241958,backward,0.1812725979834795,524.150390625
1013,1774705767.1269474,optimizer,0.002257034182548523,524.150390625
1014,1774705767.2143788,forward,0.08401594124734402,11161.35498046875
1014,1774705767.395829,backward,0.1812513768672943,524.150390625
1014,1774705767.3985627,optimizer,0.0022404659539461136,524.150390625
1015,1774705767.486039,forward,0.08397353999316692,11161.35498046875
1015,1774705767.6675518,backward,0.18129470944404602,524.150390625
1015,1774705767.6702895,optimizer,0.00223371759057045,524.150390625
1016,1774705767.757645,forward,0.08402605727314949,11161.35498046875
1016,1774705767.9390557,backward,0.18121094815433025,524.150390625
1016,1774705767.9417849,optimizer,0.0022325851023197174,524.150390625
1017,1774705768.0312824,forward,0.08394442871212959,11161.35498046875
1017,1774705768.2127225,backward,0.1812442783266306,524.150390625
1017,1774705768.2154732,optimizer,0.0022476445883512497,524.150390625
1018,1774705768.302784,forward,0.0840042270720005,11161.35498046875
1018,1774705768.4841182,backward,0.181138526648283,524.150390625
1018,1774705768.4868512,optimizer,0.0022347774356603622,524.150390625
1019,1774705768.5743132,forward,0.08402629010379314,11161.35498046875
1019,1774705768.7557397,backward,0.18122565746307373,524.150390625
1019,1774705768.7589447,optimizer,0.002390718087553978,524.150390625
1020,1774705768.8468008,forward,0.08397855795919895,11161.35498046875
1020,1774705769.028305,backward,0.181319210678339,524.150390625
1020,1774705769.0310578,optimizer,0.0022456441074609756,524.150390625
1021,1774705769.1184778,forward,0.08409817889332771,11161.35498046875
1021,1774705769.2999413,backward,0.18127001635730267,524.150390625
1021,1774705769.3026755,optimizer,0.002238428220152855,524.150390625
1022,1774705769.390343,forward,0.08396545797586441,11161.35498046875
1022,1774705769.5718098,backward,0.18125219829380512,524.150390625
1022,1774705769.5745854,optimizer,0.0022352151572704315,524.150390625
1023,1774705769.6620588,forward,0.08405652828514576,11161.35498046875
1023,1774705769.8435192,backward,0.18124467693269253,524.150390625
1023,1774705769.8462698,optimizer,0.0022446569055318832,524.150390625
1024,1774705769.9337244,forward,0.08402124978601933,11161.35498046875
1024,1774705770.115228,backward,0.18129950761795044,524.150390625
1024,1774705770.1179707,optimizer,0.002237105742096901,524.150390625
1025,1774705770.205619,forward,0.084001949056983,11161.35498046875
1025,1774705770.387063,backward,0.18124457634985447,524.150390625
1025,1774705770.3897963,optimizer,0.0022338349372148514,524.150390625
1026,1774705770.4771812,forward,0.08407573029398918,11161.35498046875
1026,1774705770.6584969,backward,0.1811118759214878,524.150390625
1026,1774705770.661248,optimizer,0.0022472571581602097,524.150390625
1027,1774705770.7489605,forward,0.08396891877055168,11161.35498046875
1027,1774705770.930323,backward,0.18116598576307297,524.150390625
1027,1774705770.9330714,optimizer,0.002234404906630516,524.150390625
1028,1774705771.0205293,forward,0.0840559583157301,11161.35498046875
1028,1774705771.2019937,backward,0.18122626841068268,524.150390625
1028,1774705771.20473,optimizer,0.00223662331700325,524.150390625
1029,1774705771.2920206,forward,0.08397639729082584,11161.35498046875
1029,1774705771.4734404,backward,0.18121989630162716,524.150390625
1029,1774705771.4761963,optimizer,0.002236597239971161,524.150390625
1030,1774705771.5635273,forward,0.08397889509797096,11161.35498046875
1030,1774705771.7449372,backward,0.1812104545533657,524.150390625
1030,1774705771.7476888,optimizer,0.0022482071071863174,524.150390625
1031,1774705771.8351793,forward,0.0840754397213459,11161.35498046875
1031,1774705772.0165865,backward,0.18121209740638733,524.150390625
1031,1774705772.0193276,optimizer,0.0022382140159606934,524.150390625
1032,1774705772.1069689,forward,0.08391036838293076,11161.35498046875
1032,1774705772.2883337,backward,0.18115735612809658,524.150390625
1032,1774705772.2910776,optimizer,0.002238396555185318,524.150390625
1033,1774705772.378464,forward,0.08408423885703087,11161.35498046875
1033,1774705772.5599039,backward,0.18123759888112545,524.150390625
1033,1774705772.5626357,optimizer,0.0022326763719320297,524.150390625
1034,1774705772.6503475,forward,0.08396780863404274,11161.35498046875
1034,1774705772.831802,backward,0.18125583603978157,524.150390625
1034,1774705772.834532,optimizer,0.002234024927020073,524.150390625
1035,1774705772.9218838,forward,0.08395774848759174,11161.35498046875
1035,1774705773.1033683,backward,0.18128147907555103,524.150390625
1035,1774705773.106091,optimizer,0.0022292565554380417,524.150390625
1036,1774705773.1935534,forward,0.08405704982578754,11161.35498046875
1036,1774705773.3749967,backward,0.18124038726091385,524.150390625
1036,1774705773.3777304,optimizer,0.002228993922472,524.150390625
1037,1774705773.465256,forward,0.08392402529716492,11161.35498046875
1037,1774705773.6466672,backward,0.18121111579239368,524.150390625
1037,1774705773.6494052,optimizer,0.0022345762699842453,524.150390625
1038,1774705773.736779,forward,0.08403489738702774,11161.35498046875
1038,1774705773.9181678,backward,0.18118936754763126,524.150390625
1038,1774705773.9209578,optimizer,0.002220895141363144,524.150390625
1039,1774705774.008763,forward,0.08400104753673077,11161.35498046875
1039,1774705774.1901722,backward,0.18120726384222507,524.150390625
1039,1774705774.19297,optimizer,0.002223225310444832,524.150390625
1040,1774705774.280349,forward,0.08402571827173233,11161.35498046875
1040,1774705774.4618597,backward,0.18131593614816666,524.150390625
1040,1774705774.464637,optimizer,0.0022075437009334564,524.150390625
1041,1774705774.5520597,forward,0.08399605937302113,11161.35498046875
1041,1774705774.7335546,backward,0.18128981813788414,524.150390625
1041,1774705774.736324,optimizer,0.00220540352165699,524.150390625
1042,1774705774.8237205,forward,0.08393960818648338,11161.35498046875
1042,1774705775.0050895,backward,0.18117151595652103,524.150390625
1042,1774705775.007878,optimizer,0.0022133048623800278,524.150390625
1043,1774705775.095423,forward,0.0841043796390295,11161.35498046875
1043,1774705775.2768705,backward,0.18124489672482014,524.150390625
1043,1774705775.279653,optimizer,0.0022204555571079254,524.150390625
1044,1774705775.3672888,forward,0.08391858823597431,11161.35498046875
1044,1774705775.5485682,backward,0.18108057603240013,524.150390625
1044,1774705775.5513544,optimizer,0.002225516363978386,524.150390625
1045,1774705775.6387196,forward,0.08399099856615067,11161.35498046875
1045,1774705775.8200986,backward,0.1811825055629015,524.150390625
1045,1774705775.822876,optimizer,0.0022135749459266663,524.150390625
1046,1774705775.9102597,forward,0.08397607877850533,11161.35498046875
1046,1774705776.0916464,backward,0.18119220808148384,524.150390625
1046,1774705776.0943637,optimizer,0.0022143442183732986,524.150390625
1047,1774705776.1816978,forward,0.08400015905499458,11161.35498046875
1047,1774705776.3630798,backward,0.18118085898458958,524.150390625
1047,1774705776.3657985,optimizer,0.002215644344687462,524.150390625
1048,1774705776.45313,forward,0.08402196131646633,11161.35498046875
1048,1774705776.6345885,backward,0.18125917576253414,524.150390625
1048,1774705776.6372962,optimizer,0.002210034057497978,524.150390625
1049,1774705776.7248259,forward,0.08395407535135746,11161.35498046875
1049,1774705776.906203,backward,0.181172676384449,524.150390625
1049,1774705776.9089186,optimizer,0.0022181756794452667,524.150390625
1050,1774705776.9964247,forward,0.08408288843929768,11161.35498046875
1050,1774705777.1780093,backward,0.18136478029191494,524.150390625
1050,1774705777.1807187,optimizer,0.002211267128586769,524.150390625
1051,1774705777.2684298,forward,0.08396661840379238,11161.35498046875
1051,1774705777.4499433,backward,0.1813090294599533,524.150390625
1051,1774705777.4526415,optimizer,0.0021992847323417664,524.150390625
1052,1774705777.5399845,forward,0.08403298817574978,11161.35498046875
1052,1774705777.7213695,backward,0.18118631839752197,524.150390625
1052,1774705777.7240732,optimizer,0.002208944410085678,524.150390625
1053,1774705777.8115373,forward,0.08404295705258846,11161.35498046875
1053,1774705777.9930186,backward,0.1812849771231413,524.150390625
1053,1774705777.9963248,optimizer,0.002302825450897217,524.150390625
1054,1774705778.0845296,forward,0.08416569046676159,11161.35498046875
1054,1774705778.2660604,backward,0.1813324298709631,524.150390625
1054,1774705778.2687602,optimizer,0.002207096666097641,524.150390625
1055,1774705778.3562562,forward,0.08401688933372498,11161.35498046875
1055,1774705778.5377977,backward,0.1813419796526432,524.150390625
1055,1774705778.5405111,optimizer,0.0022162236273288727,524.150390625
1056,1774705778.6281219,forward,0.08395908586680889,11161.35498046875
1056,1774705778.809596,backward,0.18127860873937607,524.150390625
1056,1774705778.8123198,optimizer,0.0022165942937135696,524.150390625
1057,1774705778.899725,forward,0.08395926840603352,11161.35498046875
1057,1774705779.0811942,backward,0.18126535788178444,524.150390625
1057,1774705779.0839107,optimizer,0.002209894359111786,524.150390625
1058,1774705779.1712239,forward,0.08398633822798729,11161.35498046875
1058,1774705779.3526795,backward,0.18125987611711025,524.150390625
1058,1774705779.3553922,optimizer,0.0022186562418937683,524.150390625
1059,1774705779.4430544,forward,0.0839736070483923,11161.35498046875
1059,1774705779.624467,backward,0.1812143363058567,524.150390625
1059,1774705779.627198,optimizer,0.0022308025509119034,524.150390625
1060,1774705779.7145073,forward,0.08399036154150963,11161.35498046875
1060,1774705779.895993,backward,0.18128577433526516,524.150390625
1060,1774705779.8987021,optimizer,0.0022124052047729492,524.150390625
1061,1774705779.986246,forward,0.08394226804375648,11161.35498046875
1061,1774705780.1675913,backward,0.18113835528492928,524.150390625
1061,1774705780.1702976,optimizer,0.002205595374107361,524.150390625
1062,1774705780.2576573,forward,0.08404577150940895,11161.35498046875
1062,1774705780.4390907,backward,0.18123868480324745,524.150390625
1062,1774705780.4418125,optimizer,0.002215307205915451,524.150390625
1063,1774705780.5291038,forward,0.08398752845823765,11161.35498046875
1063,1774705780.7105548,backward,0.18124867603182793,524.150390625
1063,1774705780.7132592,optimizer,0.0022098664194345474,524.150390625
1064,1774705780.8006594,forward,0.0839540958404541,11161.35498046875
1064,1774705780.982095,backward,0.18123391829431057,524.150390625
1064,1774705780.9848146,optimizer,0.0022234246134757996,524.150390625
1065,1774705781.0721223,forward,0.08399878814816475,11161.35498046875
1065,1774705781.2535136,backward,0.1811965759843588,524.150390625
1065,1774705781.25623,optimizer,0.0022148266434669495,524.150390625
1066,1774705781.344092,forward,0.08394404500722885,11161.35498046875
1066,1774705781.5254614,backward,0.18115055561065674,524.150390625
1066,1774705781.5281887,optimizer,0.002223774790763855,524.150390625
1067,1774705781.6157784,forward,0.08400094695389271,11161.35498046875
1067,1774705781.7971745,backward,0.18120181746780872,524.150390625
1067,1774705781.7998965,optimizer,0.0022149067372083664,524.150390625
1068,1774705781.8874977,forward,0.08398627489805222,11161.35498046875
1068,1774705782.068903,backward,0.18121118657290936,524.150390625
1068,1774705782.0716236,optimizer,0.002221783623099327,524.150390625
1069,1774705782.1589036,forward,0.08397404849529266,11161.35498046875
1069,1774705782.340397,backward,0.18129532039165497,524.150390625
1069,1774705782.3431177,optimizer,0.0022199153900146484,524.150390625
1070,1774705782.4305222,forward,0.08398760855197906,11161.35498046875
1070,1774705782.611903,backward,0.18118931725621223,524.150390625
1070,1774705782.6146283,optimizer,0.002221943810582161,524.150390625
1071,1774705782.7022545,forward,0.08396501652896404,11161.35498046875
1071,1774705782.8837087,backward,0.18126344121992588,524.150390625
1071,1774705782.886428,optimizer,0.0022172946482896805,524.150390625
1072,1774705782.973915,forward,0.08406664058566093,11161.35498046875
1072,1774705783.1552877,backward,0.18117148615419865,524.150390625
1072,1774705783.1579957,optimizer,0.002210434526205063,524.150390625
1073,1774705783.2456748,forward,0.08396952785551548,11161.35498046875
1073,1774705783.4270368,backward,0.18116476573050022,524.150390625
1073,1774705783.4297497,optimizer,0.0022076554596424103,524.150390625
1074,1774705783.5172024,forward,0.08404635079205036,11161.35498046875
1074,1774705783.6986127,backward,0.18121721781790257,524.150390625
1074,1774705783.7013385,optimizer,0.002218743786215782,524.150390625
1075,1774705783.7887387,forward,0.08396931923925877,11161.35498046875
1075,1774705783.970208,backward,0.18127016723155975,524.150390625
1075,1774705783.9729218,optimizer,0.0022105444222688675,524.150390625
1076,1774705784.0602837,forward,0.08393123559653759,11161.35498046875
1076,1774705784.2417786,backward,0.18129827082157135,524.150390625
1076,1774705784.2444806,optimizer,0.0022050458937883377,524.150390625
1077,1774705784.332043,forward,0.08411009982228279,11161.35498046875
1077,1774705784.5133917,backward,0.18115449510514736,524.150390625
1077,1774705784.5161235,optimizer,0.002222146838903427,524.150390625
1078,1774705784.603735,forward,0.08391501568257809,11161.35498046875
1078,1774705784.7850006,backward,0.18106748536229134,524.150390625
1078,1774705784.787719,optimizer,0.0022222958505153656,524.150390625
1079,1774705784.8750887,forward,0.08405663818120956,11161.35498046875
1079,1774705785.0565164,backward,0.18120834603905678,524.150390625
1079,1774705785.0592403,optimizer,0.0022300276905298233,524.150390625
1080,1774705785.1469228,forward,0.08398490771651268,11161.35498046875
1080,1774705785.3283515,backward,0.18123019859194756,524.150390625
1080,1774705785.3310843,optimizer,0.002224104478955269,524.150390625
1081,1774705785.418375,forward,0.08400408923625946,11161.35498046875
1081,1774705785.5997953,backward,0.18121675588190556,524.150390625
1081,1774705785.6025057,optimizer,0.0022104568779468536,524.150390625
1082,1774705785.689962,forward,0.08404652774333954,11161.35498046875
1082,1774705785.8713655,backward,0.18120691925287247,524.150390625
1082,1774705785.8740761,optimizer,0.0022093933075666428,524.150390625
1083,1774705785.9616604,forward,0.08393464796245098,11161.35498046875
1083,1774705786.1430936,backward,0.18123231828212738,524.150390625
1083,1774705786.1458192,optimizer,0.002219686284661293,524.150390625
1084,1774705786.233181,forward,0.08408166095614433,11161.35498046875
1084,1774705786.414566,backward,0.1811888050287962,524.150390625
1084,1774705786.417287,optimizer,0.002214934676885605,524.150390625
1085,1774705786.5052297,forward,0.0840010866522789,11161.35498046875
1085,1774705786.6866558,backward,0.18123101815581322,524.150390625
1085,1774705786.6893785,optimizer,0.002218235284090042,524.150390625
1086,1774705786.7767637,forward,0.08404474891722202,11161.35498046875
1086,1774705786.9581661,backward,0.181207325309515,524.150390625
1086,1774705786.9609072,optimizer,0.0022104233503341675,524.150390625
1087,1774705787.0484567,forward,0.08403543010354042,11161.35498046875
1087,1774705787.229995,backward,0.18133142963051796,524.150390625
1087,1774705787.2329404,optimizer,0.002359459176659584,524.150390625
1088,1774705787.320905,forward,0.08406061120331287,11161.35498046875
1088,1774705787.5024245,backward,0.18131620809435844,524.150390625
1088,1774705787.50514,optimizer,0.002216203138232231,524.150390625
1089,1774705787.592635,forward,0.0840569268912077,11161.35498046875
1089,1774705787.7740548,backward,0.18121167458593845,524.150390625
1089,1774705787.776776,optimizer,0.0022184234112501144,524.150390625
