step,wall_timestamp,phase,duration_sec,gpu_mem_mb,nvml_mem_query_sec,nvml_util_query_sec,psutil_query_sec,gpu_util_pct,cpu_util_pct,ram_mb
0,1775660717.752238,forward,0.30113933980464935,23065.25,0.00011635199189186096,0.0,0.0,,,
0,1775660718.2145164,backward,0.4620676767081022,24989.25,0.00010572187602519989,0.0,0.0,,,
0,1775660718.2280624,optimizer,0.012127645313739777,24989.25,4.103220999240875e-05,0.0007331706583499908,0.0005736500024795532,88.0,0.5,20520.7421875
1,1775660718.8155077,forward,0.19409632682800293,24989.25,0.0001379735767841339,0.0,0.0,,,
1,1775660719.2174606,backward,0.4017359670251608,24989.25,0.00011003203690052032,0.0,0.0,,,
1,1775660719.222626,optimizer,0.0026966724544763565,24989.25,2.7321279048919678e-05,0.0016878191381692886,0.0005792491137981415,100.0,0.8,20778.52734375
2,1775660719.7031994,forward,0.1939577627927065,24989.25,0.00011220201849937439,0.0,0.0,,,
2,1775660720.105299,backward,0.4019075185060501,24989.25,0.00011824257671833038,0.0,0.0,,,
2,1775660720.1096349,optimizer,0.003112310543656349,24989.25,2.535991370677948e-05,0.0005178190767765045,0.0005237367004156113,100.0,0.8,20796.765625
3,1775660720.6056213,forward,0.19397099129855633,24989.25,0.00010110996663570404,0.0,0.0,,,
3,1775660721.0075507,backward,0.4017634969204664,24989.25,9.528174996376038e-05,0.0,0.0,,,
3,1775660721.0116742,optimizer,0.0029990579932928085,24989.25,2.8040260076522827e-05,0.0005087181925773621,0.00047712773084640503,100.0,0.8,20799.9140625
4,1775660721.4780214,forward,0.1940345335751772,24989.25,9.58610326051712e-05,0.0,0.0,,,
4,1775660721.8800557,backward,0.40185775607824326,24989.25,9.475089609622955e-05,0.0,0.0,,,
4,1775660721.8839417,optimizer,0.002767372876405716,24989.25,2.4551525712013245e-05,0.0005252473056316376,0.0004738960415124893,100.0,0.9,20809.91015625
5,1775660722.36413,forward,0.19380981288850307,24989.25,9.33036208152771e-05,0.0,0.0,,,
5,1775660722.7660136,backward,0.4017072953283787,24989.25,9.476952254772186e-05,0.0,0.0,,,
5,1775660722.769648,optimizer,0.002543048933148384,24989.25,2.6281923055648804e-05,0.0004938989877700806,0.0004965774714946747,100.0,0.8,20809.81640625
6,1775660723.2375436,forward,0.1940090637654066,24989.25,0.00010569952428340912,0.0,0.0,,,
6,1775660723.6396592,backward,0.401941766962409,24989.25,9.688176214694977e-05,0.0,0.0,,,
6,1775660723.6433318,optimizer,0.002573622390627861,24989.25,2.5091692805290222e-05,0.0005165878683328629,0.0004790890961885452,100.0,0.8,20809.72265625
7,1775660724.1039298,forward,0.19389901123940945,24989.25,9.352155029773712e-05,0.0,0.0,,,
7,1775660724.5059025,backward,0.401798402890563,24989.25,9.615160524845123e-05,0.0,0.0,,,
7,1775660724.5097957,optimizer,0.002558032050728798,24989.25,2.4147331714630127e-05,0.0007430929690599442,0.0004908088594675064,100.0,0.8,20814.3046875
8,1775660724.9986699,forward,0.19404469430446625,24989.25,0.00011647306382656097,0.0,0.0,,,
8,1775660725.4006147,backward,0.4017595686018467,24989.25,9.348057210445404e-05,0.0,0.0,,,
8,1775660725.4043586,optimizer,0.0025906413793563843,24989.25,2.54213809967041e-05,0.0005281679332256317,0.0005213096737861633,100.0,0.8,20814.45703125
9,1775660725.8678439,forward,0.19396132044494152,24989.25,9.171292185783386e-05,0.0,0.0,,,
9,1775660726.2695012,backward,0.4014819022268057,24989.25,9.75392758846283e-05,0.0,0.0,,,
9,1775660726.2731504,optimizer,0.002556711435317993,24989.25,2.4711713194847107e-05,0.0005001164972782135,0.0004843994975090027,100.0,0.8,20814.1171875
10,1775660726.757429,forward,0.19393478333950043,24989.25,0.00011969171464443207,0.0,0.0,,,
10,1775660727.159619,backward,0.4020080603659153,24989.25,9.484030306339264e-05,0.0,0.0,,,
10,1775660727.1633108,optimizer,0.002565799281001091,24989.25,2.539902925491333e-05,0.0005241595208644867,0.0004932079464197159,100.0,0.8,20811.16796875
11,1775660727.6221735,forward,0.19395680353045464,24989.25,0.0001164805144071579,0.0,0.0,,,
11,1775660728.0243816,backward,0.4020239785313606,24989.25,9.948946535587311e-05,0.0,0.0,,,
11,1775660728.0281475,optimizer,0.0025789812207221985,24989.25,2.703256905078888e-05,0.0005754269659519196,0.000489015132188797,100.0,0.8,20810.23828125
12,1775660728.4886305,forward,0.1945513915270567,24989.25,0.0001202709972858429,0.0,0.0,,,
12,1775660728.890735,backward,0.4019277486950159,24989.25,9.622052311897278e-05,0.0,0.0,,,
12,1775660728.8947458,optimizer,0.002524919807910919,24989.25,2.7349218726158142e-05,0.0008685048669576645,0.000500829890370369,100.0,0.8,20810.63671875
13,1775660729.3774006,forward,0.19393816404044628,24989.25,9.600259363651276e-05,0.0,0.0,,,
13,1775660729.780116,backward,0.40250612795352936,24989.25,9.988062083721161e-05,0.0,0.0,,,
13,1775660729.783706,optimizer,0.0024969521909952164,24989.25,2.329982817173004e-05,0.0005153752863407135,0.0004790760576725006,100.0,0.8,20811.91796875
14,1775660730.2485971,forward,0.1939616408199072,24989.25,0.00010020099580287933,0.0,0.0,,,
14,1775660730.650612,backward,0.40184351801872253,24989.25,9.844265878200531e-05,0.0,0.0,,,
14,1775660730.6548874,optimizer,0.0027623120695352554,24989.25,2.810172736644745e-05,0.0009187143296003342,0.0004735291004180908,100.0,0.8,20810.34765625
15,1775660731.1545303,forward,0.19395815208554268,24989.25,9.681098163127899e-05,0.0,0.0,,,
15,1775660731.5567057,backward,0.40197606943547726,24989.25,0.00011533312499523163,0.0,0.0,,,
15,1775660731.5605326,optimizer,0.0026334114372730255,24989.25,2.3379921913146973e-05,0.0005104579031467438,0.0005311481654644012,100.0,0.8,20810.25390625
16,1775660732.042718,forward,0.19402854330837727,24989.25,9.869039058685303e-05,0.0,0.0,,,
16,1775660732.4448478,backward,0.40193756110966206,24989.25,9.250268340110779e-05,0.0,0.0,,,
16,1775660732.4485137,optimizer,0.002571040764451027,24989.25,2.533942461013794e-05,0.0005156770348548889,0.0004741288721561432,100.0,0.8,20810.40625
17,1775660732.9186206,forward,0.1939517129212618,24989.25,0.00011933222413063049,0.0,0.0,,,
17,1775660733.320479,backward,0.4016733765602112,24989.25,9.613111615180969e-05,0.0,0.0,,,
17,1775660733.3242285,optimizer,0.002647263929247856,24989.25,2.4100765585899353e-05,0.0005183275789022446,0.0004837680608034134,100.0,0.8,20810.3125
18,1775660733.8068907,forward,0.19404899328947067,24989.25,0.0001155417412519455,0.0,0.0,,,
18,1775660734.209072,backward,0.4020014423877001,24989.25,9.644962847232819e-05,0.0,0.0,,,
18,1775660734.213136,optimizer,0.002575242891907692,24989.25,2.574920654296875e-05,0.0008831936866044998,0.000496208667755127,100.0,0.8,20810.3125
19,1775660734.698944,forward,0.1940110232681036,24989.25,9.981915354728699e-05,0.0,0.0,,,
19,1775660735.1010628,backward,0.40192808769643307,24989.25,0.00011370144784450531,0.0,0.0,,,
19,1775660735.1054456,optimizer,0.003195829689502716,24989.25,2.5331974029541016e-05,0.000513540580868721,0.000505516305565834,100.0,0.8,20810.125
20,1775660735.5691962,forward,0.1939953826367855,24989.25,9.760260581970215e-05,0.0,0.0,,,
20,1775660735.971356,backward,0.40198239125311375,24989.25,9.504146873950958e-05,0.0,0.0,,,
20,1775660735.9752977,optimizer,0.0025545600801706314,24989.25,2.419203519821167e-05,0.0008033830672502518,0.0004756879061460495,100.0,0.8,20809.78515625
21,1775660736.438006,forward,0.19388971291482449,24989.25,9.306147694587708e-05,0.0,0.0,,,
21,1775660736.8404331,backward,0.4022197015583515,24989.25,9.534135460853577e-05,0.0,0.0,,,
21,1775660736.844106,optimizer,0.0025688428431749344,24989.25,2.41696834564209e-05,0.0005214903503656387,0.00048238784074783325,100.0,0.8,20809.9375
22,1775660737.335527,forward,0.19400128163397312,24989.25,9.466148912906647e-05,0.0,0.0,,,
22,1775660737.7375114,backward,0.40181091614067554,24989.25,9.665079414844513e-05,0.0,0.0,,,
22,1775660737.7413778,optimizer,0.00275210477411747,24989.25,2.6172026991844177e-05,0.0005163587629795074,0.0004733670502901077,100.0,0.8,20810.08984375
23,1775660738.251164,forward,0.19400258362293243,24989.25,9.650364518165588e-05,0.0,0.0,,,
23,1775660738.6532397,backward,0.4018995873630047,24989.25,9.826011955738068e-05,0.0,0.0,,,
23,1775660738.6572988,optimizer,0.002493239939212799,24989.25,2.4529173970222473e-05,0.0009857676923274994,0.00047862716019153595,100.0,0.8,20809.99609375
24,1775660739.1222222,forward,0.19406374543905258,24989.25,0.00011224858462810516,0.0,0.0,,,
24,1775660739.5244598,backward,0.40201294235885143,24989.25,9.690038859844208e-05,0.0,0.0,,,
24,1775660739.528176,optimizer,0.002560080960392952,24989.25,2.3700296878814697e-05,0.0005191192030906677,0.0005372669547796249,100.0,0.8,20810.1484375
25,1775660739.9948218,forward,0.19407477416098118,24989.25,9.75392758846283e-05,0.0,0.0,,,
25,1775660740.3967402,backward,0.4017249457538128,24989.25,9.673275053501129e-05,0.0,0.0,,,
25,1775660740.4003463,optimizer,0.0025090109556913376,24989.25,2.3020431399345398e-05,0.0005235988646745682,0.0004747193306684494,100.0,0.8,20809.80859375
26,1775660740.8829026,forward,0.19399684108793736,24989.25,0.00011539272964000702,0.0,0.0,,,
26,1775660741.2847078,backward,0.40161920338869095,24989.25,9.653158485889435e-05,0.0,0.0,,,
26,1775660741.2883964,optimizer,0.0025837402790784836,24989.25,2.4920329451560974e-05,0.0005177482962608337,0.0004866160452365875,100.0,0.8,20809.9609375
27,1775660741.7744496,forward,0.19400565512478352,24989.25,0.00010823272168636322,0.0,0.0,,,
27,1775660742.176736,backward,0.40203838236629963,24989.25,9.934231638908386e-05,0.0,0.0,,,
27,1775660742.180423,optimizer,0.002543540671467781,24989.25,2.5570392608642578e-05,0.0005225799977779388,0.0005001462996006012,100.0,0.8,20809.9609375
28,1775660742.6663923,forward,0.19403940439224243,24989.25,9.844265878200531e-05,0.0,0.0,,,
28,1775660743.0683029,backward,0.4017380475997925,24989.25,9.653344750404358e-05,0.0,0.0,,,
28,1775660743.0723567,optimizer,0.002562921494245529,24989.25,2.7587637305259705e-05,0.0009032562375068665,0.00047895871102809906,100.0,0.8,20821.83203125
29,1775660743.5366678,forward,0.1939610131084919,24989.25,0.00011776015162467957,0.0,0.0,,,
29,1775660743.9393513,backward,0.4024453479796648,24989.25,9.93926078081131e-05,0.0,0.0,,,
29,1775660743.9431415,optimizer,0.002656802535057068,24989.25,2.4391338229179382e-05,0.0005183182656764984,0.0005024969577789307,100.0,0.8,20822.23046875
30,1775660744.4269443,forward,0.1940366942435503,24989.25,9.248219430446625e-05,0.0,0.0,,,
30,1775660744.8292325,backward,0.4021094795316458,24989.25,9.845197200775146e-05,0.0,0.0,,,
30,1775660744.8332047,optimizer,0.0024974793195724487,24989.25,2.666190266609192e-05,0.000890364870429039,0.00048270635306835175,100.0,0.8,20822.3828125
31,1775660745.3162453,forward,0.19391111098229885,24989.25,9.509176015853882e-05,0.0,0.0,,,
31,1775660745.7185018,backward,0.4020514003932476,24989.25,9.838119149208069e-05,0.0,0.0,,,
31,1775660745.7220795,optimizer,0.002484368160367012,24989.25,2.326071262359619e-05,0.0005108751356601715,0.0004798285663127899,100.0,0.8,20822.77734375
32,1775660746.1989453,forward,0.1939440630376339,24989.25,9.606964886188507e-05,0.0,0.0,,,
32,1775660746.6008663,backward,0.40174421668052673,24989.25,9.666383266448975e-05,0.0,0.0,,,
32,1775660746.6044478,optimizer,0.002490609884262085,24989.25,2.5959685444831848e-05,0.0005097370594739914,0.0004769265651702881,100.0,0.8,20823.17578125
33,1775660747.0893505,forward,0.194016981869936,24989.25,9.098276495933533e-05,0.0,0.0,,,
33,1775660747.4915638,backward,0.4020210988819599,24989.25,9.684078395366669e-05,0.0,0.0,,,
33,1775660747.4952078,optimizer,0.002557219937443733,24989.25,2.392195165157318e-05,0.000507378950715065,0.00047832727432250977,100.0,0.8,20823.328125
34,1775660747.9987037,forward,0.19393331184983253,24989.25,9.721145033836365e-05,0.0,0.0,,,
34,1775660748.4008594,backward,0.40197679027915,24989.25,9.694136679172516e-05,0.0,0.0,,,
34,1775660748.4048367,optimizer,0.002554161474108696,24989.25,2.5210902094841003e-05,0.0008382536470890045,0.0004799775779247284,100.0,0.8,20823.234375
35,1775660748.8658447,forward,0.19399630464613438,24989.25,0.00011055171489715576,0.0,0.0,,,
35,1775660749.2683294,backward,0.4022642746567726,24989.25,9.566172957420349e-05,0.0,0.0,,,
35,1775660749.2725194,optimizer,0.0026204250752925873,24989.25,2.4460256099700928e-05,0.0009230468422174454,0.0005433391779661179,100.0,0.8,20823.140625
36,1775660749.7364154,forward,0.19400707259774208,24989.25,9.713135659694672e-05,0.0,0.0,,,
36,1775660750.1383173,backward,0.40172647684812546,24989.25,9.705312550067902e-05,0.0,0.0,,,
36,1775660750.1419713,optimizer,0.002550741657614708,24989.25,2.3311004042625427e-05,0.0005162190645933151,0.0004847664386034012,100.0,0.8,20822.15625
37,1775660750.625324,forward,0.19405397586524487,24989.25,0.00010430999100208282,0.0,0.0,,,
37,1775660751.027537,backward,0.4020090401172638,24989.25,9.56319272518158e-05,0.0,0.0,,,
37,1775660751.031627,optimizer,0.0026104729622602463,24989.25,2.5233253836631775e-05,0.000883243978023529,0.0004914477467536926,100.0,0.8,20821.96875
38,1775660751.4955084,forward,0.1939210519194603,24989.25,9.587965905666351e-05,0.0,0.0,,,
38,1775660751.897463,backward,0.4017828553915024,24989.25,9.308569133281708e-05,0.0,0.0,,,
38,1775660751.901301,optimizer,0.002550579607486725,24989.25,2.5527551770210266e-05,0.0007007904350757599,0.00047422759234905243,100.0,0.8,20821.875
39,1775660752.3897736,forward,0.1940069105476141,24989.25,0.00010690279304981232,0.0,0.0,,,
39,1775660752.7921846,backward,0.4021653011441231,24989.25,9.945221245288849e-05,0.0,0.0,,,
39,1775660752.7958345,optimizer,0.0025299396365880966,24989.25,2.3989006876945496e-05,0.0005182679742574692,0.000502588227391243,100.0,0.8,20821.78125
40,1775660753.2592196,forward,0.19397057220339775,24989.25,0.00010129064321517944,0.0,0.0,,,
40,1775660753.661228,backward,0.4018379580229521,24989.25,9.789131581783295e-05,0.0,0.0,,,
40,1775660753.6649158,optimizer,0.002498392015695572,24989.25,2.455897629261017e-05,0.0006095003336668015,0.0004748590290546417,100.0,0.8,20821.93359375
41,1775660754.1457815,forward,0.1940538939088583,24989.25,9.744241833686829e-05,0.0,0.0,,,
41,1775660754.5477943,backward,0.40181932784616947,24989.25,9.799189865589142e-05,0.0,0.0,,,
41,1775660754.5517945,optimizer,0.0024915598332881927,24989.25,2.240017056465149e-05,0.0009309761226177216,0.0004745982587337494,100.0,0.8,20822.0859375
42,1775660755.0132806,forward,0.19441376999020576,24989.25,0.00011491216719150543,0.0,0.0,,,
42,1775660755.4157767,backward,0.40231375582516193,24989.25,9.656138718128204e-05,0.0,0.0,,,
42,1775660755.4194176,optimizer,0.0025649815797805786,24989.25,2.455897629261017e-05,0.0004678778350353241,0.0004947688430547714,100.0,0.8,20821.74609375
43,1775660755.9109688,forward,0.19392306171357632,24989.25,9.510107338428497e-05,0.0,0.0,,,
43,1775660756.3129063,backward,0.4017575550824404,24989.25,9.625963866710663e-05,0.0,0.0,,,
43,1775660756.3165736,optimizer,0.002572590485215187,24989.25,2.55536288022995e-05,0.0005080476403236389,0.00048190727829933167,100.0,0.8,20821.8984375
44,1775660756.7963634,forward,0.19390923902392387,24989.25,9.604357182979584e-05,0.0,0.0,,,
44,1775660757.1984792,backward,0.40194379910826683,24989.25,9.486451745033264e-05,0.0,0.0,,,
44,1775660757.2026997,optimizer,0.0029825661331415176,24989.25,7.266923785209656e-05,0.0005686599761247635,0.00048312731087207794,100.0,0.8,20821.8984375
45,1775660757.6620102,forward,0.1940323431044817,24989.25,9.558163583278656e-05,0.0,0.0,,,
45,1775660758.0643575,backward,0.4021692592650652,24989.25,9.91523265838623e-05,0.0,0.0,,,
45,1775660758.068259,optimizer,0.002490708604454994,24989.25,2.4650245904922485e-05,0.000815805047750473,0.0004752855747938156,100.0,0.8,20821.95703125
46,1775660758.5480886,forward,0.19400342367589474,24989.25,0.00010007992386817932,0.0,0.0,,,
46,1775660758.9500144,backward,0.40175613574683666,24989.25,9.879283607006073e-05,0.0,0.0,,,
46,1775660758.9536114,optimizer,0.0024946704506874084,24989.25,2.396106719970703e-05,0.0005027186125516891,0.000495079904794693,100.0,0.8,20821.52734375
47,1775660759.4489267,forward,0.19410862401127815,24989.25,9.985081851482391e-05,0.0,0.0,,,
47,1775660759.851214,backward,0.4021105729043484,24989.25,9.520165622234344e-05,0.0,0.0,,,
47,1775660759.8547847,optimizer,0.002483692020177841,24989.25,2.3581087589263916e-05,0.0005159303545951843,0.0004724673926830292,100.0,0.8,20821.92578125
48,1775660760.336305,forward,0.1940203756093979,24989.25,9.659305214881897e-05,0.0,0.0,,,
48,1775660760.7383842,backward,0.40187354758381844,24989.25,9.630434215068817e-05,0.0,0.0,,,
48,1775660760.7419863,optimizer,0.002499651163816452,24989.25,2.6600435376167297e-05,0.0005083270370960236,0.000490289181470871,100.0,0.8,20822.07421875
49,1775660761.2055793,forward,0.19397549331188202,24989.25,0.00010055303573608398,0.0,0.0,,,
49,1775660761.6077416,backward,0.40199320763349533,24989.25,9.759888052940369e-05,0.0,0.0,,,
49,1775660761.6112535,optimizer,0.0024678483605384827,24989.25,2.5989487767219543e-05,0.00046307966113090515,0.0004772283136844635,100.0,0.8,20822.47265625
50,1775660762.091022,forward,0.19400662370026112,24989.25,9.763985872268677e-05,0.0,0.0,,,
50,1775660762.4932368,backward,0.4020363800227642,24989.25,9.582191705703735e-05,0.0,0.0,,,
50,1775660762.4968512,optimizer,0.002513088285923004,24989.25,2.6302412152290344e-05,0.0005099885165691376,0.00048629753291606903,100.0,0.8,20822.1328125
51,1775660762.9669225,forward,0.19403022527694702,24989.25,9.702518582344055e-05,0.0,0.0,,,
51,1775660763.3689992,backward,0.40189758874475956,24989.25,9.728223085403442e-05,0.0,0.0,,,
51,1775660763.3726466,optimizer,0.002560129389166832,24989.25,2.6669353246688843e-05,0.0005093775689601898,0.0004748981446027756,100.0,0.8,20822.53125
52,1775660763.8361087,forward,0.19399334490299225,24989.25,9.742192924022675e-05,0.0,0.0,,,
52,1775660764.238226,backward,0.4019166771322489,24989.25,0.00011849962174892426,0.0,0.0,,,
52,1775660764.2420464,optimizer,0.0026241112500429153,24989.25,2.5441870093345642e-05,0.000533686950802803,0.0005003493279218674,100.0,0.8,20822.68359375
53,1775660764.7074654,forward,0.19404178485274315,24989.25,9.974092245101929e-05,0.0,0.0,,,
53,1775660765.1098697,backward,0.4022306129336357,24989.25,9.643100202083588e-05,0.0,0.0,,,
53,1775660765.1134505,optimizer,0.002497820183634758,24989.25,2.3851171135902405e-05,0.0005081947892904282,0.00047220662236213684,100.0,0.8,20822.31640625
54,1775660765.6006513,forward,0.19394118152558804,24989.25,0.00010186247527599335,0.0,0.0,,,
54,1775660766.002853,backward,0.4020304512232542,24989.25,9.55723226070404e-05,0.0,0.0,,,
54,1775660766.0084808,optimizer,0.002492940053343773,24989.25,2.477876842021942e-05,0.0025463830679655075,0.00046857818961143494,100.0,0.8,20822.9609375
55,1775660766.4736266,forward,0.19401190429925919,24989.25,0.00013029202818870544,0.0,0.0,,,
55,1775660766.8759367,backward,0.4021250121295452,24989.25,9.303353726863861e-05,0.0,0.0,,,
55,1775660766.8796434,optimizer,0.0025686807930469513,24989.25,2.4020671844482422e-05,0.0005173590034246445,0.0005177613347768784,100.0,0.8,20823.11328125
56,1775660767.3638527,forward,0.19395203329622746,24989.25,9.546242654323578e-05,0.0,0.0,,,
56,1775660767.7656765,backward,0.4016479644924402,24989.25,9.523145854473114e-05,0.0,0.0,,,
56,1775660767.7692642,optimizer,0.0024896003305912018,24989.25,2.51084566116333e-05,0.0005163196474313736,0.0004766862839460373,100.0,0.8,20823.7578125
57,1775660768.2341373,forward,0.1939429324120283,24989.25,9.520165622234344e-05,0.0,0.0,,,
57,1775660768.6361675,backward,0.401837557554245,24989.25,0.00010719150304794312,0.0,0.0,,,
57,1775660768.6399207,optimizer,0.0025738533586263657,24989.25,2.389959990978241e-05,0.0005155187100172043,0.0005030203610658646,100.0,0.8,20823.6640625
58,1775660769.1005707,forward,0.19398152455687523,24989.25,9.48924571275711e-05,0.0,0.0,,,
58,1775660769.5027993,backward,0.4020523801445961,24989.25,9.783916175365448e-05,0.0,0.0,,,
58,1775660769.5067317,optimizer,0.002495570108294487,24989.25,2.5171786546707153e-05,0.0008593946695327759,0.0004777684807777405,100.0,0.8,20823.5703125
59,1775660769.9971764,forward,0.19404125399887562,24989.25,9.638257324695587e-05,0.0,0.0,,,
59,1775660770.399408,backward,0.4020391199737787,24989.25,9.743310511112213e-05,0.0,0.0,,,
59,1775660770.4070215,optimizer,0.0024738702923059464,24989.25,2.351030707359314e-05,0.004558714106678963,0.0004794355481863022,99.0,0.8,20823.4765625
60,1775660770.8924015,forward,0.19393854215741158,24989.25,9.462237358093262e-05,0.0,0.0,,,
60,1775660771.2947361,backward,0.4021592140197754,24989.25,9.502284228801727e-05,0.0,0.0,,,
60,1775660771.2983534,optimizer,0.002542320638895035,24989.25,2.394057810306549e-05,0.0004913471639156342,0.0004811752587556839,100.0,0.8,20823.3828125
61,1775660771.7575688,forward,0.19455603137612343,24989.25,0.00013014301657676697,0.0,0.0,,,
61,1775660772.1596706,backward,0.4019238092005253,24989.25,9.729340672492981e-05,0.0,0.0,,,
61,1775660772.1637821,optimizer,0.002575863152742386,24989.25,2.4529173970222473e-05,0.0009035039693117142,0.0004967469722032547,100.0,0.8,20823.3828125
62,1775660772.6476505,forward,0.19399555400013924,24989.25,9.962357580661774e-05,0.0,0.0,,,
62,1775660773.0499678,backward,0.4021410122513771,24989.25,9.895302355289459e-05,0.0,0.0,,,
62,1775660773.0536182,optimizer,0.0025483090430498123,24989.25,2.4789944291114807e-05,0.0005076788365840912,0.0004917066544294357,100.0,0.8,20823.2890625
63,1775660773.51506,forward,0.19401640072464943,24989.25,9.987317025661469e-05,0.0,0.0,,,
63,1775660773.9172232,backward,0.4019848797470331,24989.25,9.846128523349762e-05,0.0,0.0,,,
63,1775660773.9211423,optimizer,0.0025403890758752823,24989.25,2.459995448589325e-05,0.0007992740720510483,0.000476006418466568,100.0,0.8,20823.59375
64,1775660774.4106474,forward,0.19394985027611256,24989.25,9.763240814208984e-05,0.0,0.0,,,
64,1775660774.8127444,backward,0.4019204694777727,24989.25,9.571202099323273e-05,0.0,0.0,,,
64,1775660774.8168182,optimizer,0.002999028190970421,24989.25,2.512894570827484e-05,0.00046592019498348236,0.00047327764332294464,100.0,0.8,20823.74609375
65,1775660775.2779415,forward,0.1941286362707615,24989.25,9.658001363277435e-05,0.0,0.0,,,
65,1775660775.6800058,backward,0.40188838727772236,24989.25,9.89716500043869e-05,0.0,0.0,,,
65,1775660775.684016,optimizer,0.0025355424731969833,24989.25,2.361088991165161e-05,0.0008960850536823273,0.00047735683619976044,100.0,0.8,20823.65234375
66,1775660776.1504574,forward,0.19401324354112148,24989.25,9.673275053501129e-05,0.0,0.0,,,
66,1775660776.552513,backward,0.40186211839318275,24989.25,9.621120989322662e-05,0.0,0.0,,,
66,1775660776.556081,optimizer,0.0024741198867559433,24989.25,2.288818359375e-05,0.0005150679498910904,0.00047676824033260345,100.0,0.8,20823.3125
67,1775660777.042838,forward,0.19411470741033554,24989.25,9.776279330253601e-05,0.0,0.0,,,
67,1775660777.4448497,backward,0.4018402062356472,24989.25,9.577348828315735e-05,0.0,0.0,,,
67,1775660777.4484131,optimizer,0.0024736300110816956,24989.25,2.3750588297843933e-05,0.0005091596394777298,0.00048022903501987457,100.0,0.8,20823.46484375
68,1775660777.929023,forward,0.19416516833007336,24989.25,9.623169898986816e-05,0.0,0.0,,,
68,1775660778.3313377,backward,0.40213718451559544,24989.25,9.706057608127594e-05,0.0,0.0,,,
68,1775660778.3350646,optimizer,0.0025457125157117844,24989.25,2.4499371647834778e-05,0.0005975514650344849,0.0004787687212228775,100.0,0.8,20823.125
69,1775660778.8033378,forward,0.19405326433479786,24989.25,9.511038661003113e-05,0.0,0.0,,,
69,1775660779.2051392,backward,0.4016247633844614,24989.25,9.647198021411896e-05,0.0,0.0,,,
69,1775660779.208724,optimizer,0.002543320879340172,24989.25,2.3068860173225403e-05,0.00045655667781829834,0.0004829876124858856,100.0,0.8,20823.27734375
70,1775660779.6961424,forward,0.19390610419213772,24989.25,9.584054350852966e-05,0.0,0.0,,,
70,1775660780.097935,backward,0.4016145020723343,24989.25,0.00010191276669502258,0.0,0.0,,,
70,1775660780.1018531,optimizer,0.0025269705802202225,24989.25,2.4300068616867065e-05,0.0007876195013523102,0.0004893094301223755,100.0,0.8,20823.27734375
71,1775660780.56806,forward,0.19400332495570183,24989.25,0.00011283904314041138,0.0,0.0,,,
71,1775660780.9703877,backward,0.40210852213203907,24989.25,9.873136878013611e-05,0.0,0.0,,,
71,1775660780.9741502,optimizer,0.0025999806821346283,24989.25,2.361088991165161e-05,0.0005219671875238419,0.0005381684750318527,100.0,0.8,20823.08984375
72,1775660781.4525063,forward,0.19404356367886066,24989.25,9.775161743164062e-05,0.0,0.0,,,
72,1775660781.854616,backward,0.401935700327158,24989.25,9.623169898986816e-05,0.0,0.0,,,
72,1775660781.8585901,optimizer,0.002224283292889595,24989.25,2.4888664484024048e-05,0.0008787363767623901,0.0004713069647550583,100.0,0.8,20823.48828125
73,1775660782.3396697,forward,0.193987675011158,24989.25,9.845010936260223e-05,0.0,0.0,,,
73,1775660782.7417865,backward,0.4019356891512871,24989.25,9.997189044952393e-05,0.0,0.0,,,
73,1775660782.7454078,optimizer,0.002542490139603615,24989.25,2.6188790798187256e-05,0.0005012005567550659,0.00047438591718673706,100.0,0.8,20823.1484375
74,1775660783.2099967,forward,0.19396338425576687,24989.25,9.879283607006073e-05,0.0,0.0,,,
74,1775660783.6122408,backward,0.40206024050712585,24989.25,0.00010570324957370758,0.0,0.0,,,
74,1775660783.6159678,optimizer,0.002633802592754364,24989.25,2.4149194359779358e-05,0.0004704184830188751,0.0004893578588962555,100.0,0.8,20823.546875
75,1775660784.1011186,forward,0.1940367855131626,24989.25,9.959004819393158e-05,0.0,0.0,,,
75,1775660784.5029168,backward,0.40162123180925846,24989.25,9.564124047756195e-05,0.0,0.0,,,
75,1775660784.5065393,optimizer,0.0025458727031946182,24989.25,2.4419277906417847e-05,0.0005020778626203537,0.0004726480692625046,100.0,0.8,20823.453125
76,1775660784.983679,forward,0.19391574151813984,24989.25,9.629875421524048e-05,0.0,0.0,,,
76,1775660785.3858726,backward,0.40201578848063946,24989.25,9.765103459358215e-05,0.0,0.0,,,
76,1775660785.3894906,optimizer,0.0025212299078702927,24989.25,2.644956111907959e-05,0.0005167890340089798,0.00047589652240276337,100.0,0.8,20823.359375
77,1775660785.8741317,forward,0.19396561197936535,24989.25,9.869225323200226e-05,0.0,0.0,,,
77,1775660786.276303,backward,0.4019902516156435,24989.25,9.723939001560211e-05,0.0,0.0,,,
77,1775660786.2802627,optimizer,0.0025498811155557632,24989.25,2.323836088180542e-05,0.0008100550621747971,0.0004796478897333145,100.0,0.8,20823.265625
78,1775660786.7587807,forward,0.19402945414185524,24989.25,0.00011646933853626251,0.0,0.0,,,
78,1775660787.1612477,backward,0.4022899251431227,24989.25,9.264051914215088e-05,0.0,0.0,,,
78,1775660787.1649332,optimizer,0.0025698915123939514,24989.25,2.3892149329185486e-05,0.0005085580050945282,0.0004997681826353073,100.0,0.8,20822.43359375
79,1775660787.6421874,forward,0.1939262319356203,24989.25,9.658187627792358e-05,0.0,0.0,,,
79,1775660788.0442898,backward,0.4019322209060192,24989.25,9.526312351226807e-05,0.0,0.0,,,
79,1775660788.0479429,optimizer,0.00256212055683136,24989.25,2.3927539587020874e-05,0.0005155280232429504,0.0004723481833934784,100.0,0.8,20822.92578125
80,1775660788.509907,forward,0.19392794370651245,24989.25,9.503960609436035e-05,0.0,0.0,,,
80,1775660788.9118943,backward,0.40181349590420723,24989.25,9.551085531711578e-05,0.0,0.0,,,
80,1775660788.915852,optimizer,0.0025296304374933243,24989.25,2.5060027837753296e-05,0.0008470937609672546,0.0004799477756023407,100.0,0.8,20823.23046875
81,1775660789.3761175,forward,0.1939703542739153,24989.25,9.55723226070404e-05,0.0,0.0,,,
81,1775660789.7783747,backward,0.40208346024155617,24989.25,9.823217988014221e-05,0.0,0.0,,,
81,1775660789.7820125,optimizer,0.0025285184383392334,24989.25,2.345070242881775e-05,0.0005216076970100403,0.000486958771944046,100.0,0.8,20822.890625
82,1775660790.2435215,forward,0.19408686459064484,24989.25,9.70400869846344e-05,0.0,0.0,,,
82,1775660790.6458192,backward,0.40210133232176304,24989.25,0.00011972151696681976,0.0,0.0,,,
82,1775660790.650174,optimizer,0.0031621716916561127,24989.25,2.386048436164856e-05,0.0005146805197000504,0.0005097761750221252,100.0,0.8,20822.796875
83,1775660791.1289709,forward,0.19412434473633766,24989.25,9.17930155992508e-05,0.0,0.0,,,
83,1775660791.5311017,backward,0.4019534569233656,24989.25,9.69916582107544e-05,0.0,0.0,,,
83,1775660791.535087,optimizer,0.0025562122464179993,24989.25,2.3690983653068542e-05,0.0008520334959030151,0.0004763491451740265,100.0,0.8,20822.703125
84,1775660792.0139048,forward,0.19403356313705444,24989.25,9.736046195030212e-05,0.0,0.0,,,
84,1775660792.415847,backward,0.4017635639756918,24989.25,9.69134271144867e-05,0.0,0.0,,,
84,1775660792.4198508,optimizer,0.002544621005654335,24989.25,2.3320317268371582e-05,0.0008795838803052902,0.00047756917774677277,100.0,0.8,20822.85546875
85,1775660792.882557,forward,0.19389893300831318,24989.25,9.272247552871704e-05,0.0,0.0,,,
85,1775660793.28479,backward,0.40205568075180054,24989.25,9.682215750217438e-05,0.0,0.0,,,
85,1775660793.2885532,optimizer,0.00254632905125618,24989.25,2.347119152545929e-05,0.0006349403411149979,0.0004816371947526932,100.0,0.8,20822.515625
86,1775660793.7564764,forward,0.19402200169861317,24989.25,9.691156446933746e-05,0.0,0.0,,,
86,1775660794.1589348,backward,0.40228705666959286,24989.25,9.544938802719116e-05,0.0,0.0,,,
86,1775660794.1625144,optimizer,0.002485893666744232,24989.25,2.4899840354919434e-05,0.000516597181558609,0.00047286786139011383,100.0,0.8,20823.25390625
87,1775660794.62924,forward,0.19436185993254185,24989.25,9.69134271144867e-05,0.0,0.0,,,
87,1775660795.0313146,backward,0.40189748629927635,24989.25,9.697116911411285e-05,0.0,0.0,,,
87,1775660795.035476,optimizer,0.0025430209934711456,24989.25,2.397969365119934e-05,0.0010353680700063705,0.00047966837882995605,100.0,0.8,20822.8203125
88,1775660795.4974022,forward,0.1940359827131033,24989.25,9.643286466598511e-05,0.0,0.0,,,
88,1775660795.8994508,backward,0.4018718767911196,24989.25,9.658932685852051e-05,0.0,0.0,,,
88,1775660795.9031403,optimizer,0.002546219155192375,24989.25,2.304278314113617e-05,0.0005669910460710526,0.00047551654279232025,100.0,0.8,20823.21875
89,1775660796.3675303,forward,0.19408210553228855,24989.25,9.57828015089035e-05,0.0,0.0,,,
89,1775660796.769491,backward,0.4017831552773714,24989.25,9.669922292232513e-05,0.0,0.0,,,
89,1775660796.773339,optimizer,0.002479689195752144,24989.25,2.3771077394485474e-05,0.0007863640785217285,0.0004783160984516144,100.0,0.8,20823.3671875
90,1775660797.240998,forward,0.1940147839486599,24989.25,9.821169078350067e-05,0.0,0.0,,,
90,1775660797.643261,backward,0.4020811915397644,24989.25,9.618885815143585e-05,0.0,0.0,,,
90,1775660797.6468408,optimizer,0.0024931803345680237,24989.25,2.3646280169487e-05,0.0005082171410322189,0.0004757549613714218,100.0,0.8,20823.2734375
91,1775660798.1087437,forward,0.19418357498943806,24989.25,9.964220225811005e-05,0.0,0.0,,,
91,1775660798.5107076,backward,0.40176837518811226,24989.25,9.719282388687134e-05,0.0,0.0,,,
91,1775660798.5148644,optimizer,0.002684352919459343,24989.25,2.451986074447632e-05,0.0008718743920326233,0.0004810485988855362,100.0,0.8,20823.1796875
92,1775660799.0016596,forward,0.1940640565007925,24989.25,9.970366954803467e-05,0.0,0.0,,,
92,1775660799.403938,backward,0.4020971804857254,24989.25,0.00010003149509429932,0.0,0.0,,,
92,1775660799.4074423,optimizer,0.0024726502597332,24989.25,2.564862370491028e-05,0.00045854784548282623,0.0004790276288986206,100.0,0.8,20823.0859375
93,1775660799.8920605,forward,0.19405531138181686,24989.25,9.26721841096878e-05,0.0,0.0,,,
93,1775660800.2939336,backward,0.4016760569065809,24989.25,9.949132800102234e-05,0.0,0.0,,,
93,1775660800.297904,optimizer,0.002479858696460724,24989.25,2.495013177394867e-05,0.00090007483959198,0.00048653967678546906,100.0,0.8,20822.9921875
94,1775660800.7611303,forward,0.19400644302368164,24989.25,9.773112833499908e-05,0.0,0.0,,,
94,1775660801.1630704,backward,0.40176799707114697,24989.25,9.641982614994049e-05,0.0,0.0,,,
94,1775660801.1666465,optimizer,0.0024871304631233215,24989.25,2.462044358253479e-05,0.0005095787346363068,0.00047756917774677277,100.0,0.8,20822.8984375
95,1775660801.6311553,forward,0.19388235360383987,24989.25,9.833276271820068e-05,0.0,0.0,,,
95,1775660802.0331,backward,0.40176691859960556,24989.25,9.918957948684692e-05,0.0,0.0,,,
95,1775660802.0370185,optimizer,0.0024885404855012894,24989.25,2.3351982235908508e-05,0.0008488744497299194,0.00047983787953853607,100.0,0.8,20823.14453125
96,1775660802.5247731,forward,0.1942086759954691,24989.25,0.00012078136205673218,0.0,0.0,,,
96,1775660802.9269352,backward,0.40198188833892345,24989.25,9.589828550815582e-05,0.0,0.0,,,
96,1775660802.9306195,optimizer,0.002492651343345642,24989.25,3.911927342414856e-05,0.0005541201680898666,0.0005190204828977585,100.0,0.8,20822.95703125
97,1775660803.4087894,forward,0.19406042620539665,24989.25,9.726360440254211e-05,0.0,0.0,,,
97,1775660803.8109612,backward,0.4019994009286165,24989.25,9.673275053501129e-05,0.0,0.0,,,
97,1775660803.8150313,optimizer,0.0025586020201444626,24989.25,2.527981996536255e-05,0.0009327046573162079,0.00047704577445983887,100.0,0.8,20823.109375
98,1775660804.2934854,forward,0.1939252931624651,24989.25,9.767897427082062e-05,0.0,0.0,,,
98,1775660804.6956592,backward,0.4019978493452072,24989.25,9.423121809959412e-05,0.0,0.0,,,
98,1775660804.6992917,optimizer,0.0025434494018554688,24989.25,2.690032124519348e-05,0.0005114171653985977,0.0004744362086057663,100.0,0.9,20823.015625
99,1775660805.1632528,forward,0.19410168379545212,24989.25,9.237229824066162e-05,0.0,0.0,,,
99,1775660805.5651536,backward,0.401729516685009,24989.25,9.437091648578644e-05,0.0,0.0,,,
99,1775660805.5688114,optimizer,0.0025637727230787277,24989.25,2.5931745767593384e-05,0.0005151182413101196,0.0004750974476337433,100.0,0.9,20823.4140625
100,1775660806.0449429,forward,0.19395309500396252,24989.25,9.787268936634064e-05,0.0,0.0,,,
100,1775660806.4471962,backward,0.4020681008696556,24989.25,0.00010639242827892303,0.0,0.0,,,
100,1775660806.4513319,optimizer,0.0026700403541326523,24989.25,2.5238841772079468e-05,0.0008543934673070908,0.0004985760897397995,100.0,0.8,20823.30078125
101,1775660806.9127035,forward,0.19406253285706043,24989.25,9.574927389621735e-05,0.0,0.0,,,
101,1775660807.3147693,backward,0.4018858000636101,24989.25,9.725242853164673e-05,0.0,0.0,,,
101,1775660807.3184075,optimizer,0.0025376398116350174,24989.25,2.3720785975456238e-05,0.0005144886672496796,0.0004766695201396942,100.0,0.8,20822.9609375
102,1775660807.8031034,forward,0.19402660429477692,24989.25,9.573251008987427e-05,0.0,0.0,,,
102,1775660808.2051132,backward,0.4018393587321043,24989.25,9.386241436004639e-05,0.0,0.0,,,
102,1775660808.2087028,optimizer,0.002548990771174431,24989.25,2.456270158290863e-05,0.0004562158137559891,0.00048024021089076996,100.0,0.8,20823.453125
103,1775660808.6692863,forward,0.19397054240107536,24989.25,9.807012975215912e-05,0.0,0.0,,,
103,1775660809.071348,backward,0.4018924292176962,24989.25,9.464100003242493e-05,0.0,0.0,,,
103,1775660809.0752614,optimizer,0.002525651827454567,24989.25,2.5520101189613342e-05,0.0008072648197412491,0.00047759898006916046,100.0,0.8,20823.51171875
104,1775660809.5340571,forward,0.1939767636358738,24989.25,9.792111814022064e-05,0.0,0.0,,,
104,1775660809.9360278,backward,0.40179350785911083,24989.25,9.818375110626221e-05,0.0,0.0,,,
104,1775660809.9396465,optimizer,0.0025282297283411026,24989.25,2.5860965251922607e-05,0.0005099568516016006,0.0004754960536956787,100.0,0.8,20823.41796875
105,1775660810.4324634,forward,0.19407714530825615,24989.25,0.00011447258293628693,0.0,0.0,,,
105,1775660810.834895,backward,0.4022488761693239,24989.25,9.612925350666046e-05,0.0,0.0,,,
105,1775660810.8385515,optimizer,0.0025674011558294296,24989.25,2.3400411009788513e-05,0.0005069170147180557,0.00048315897583961487,100.0,0.8,20823.3203125
106,1775660811.3198836,forward,0.19410728476941586,24989.25,9.708292782306671e-05,0.0,0.0,,,
106,1775660811.7220552,backward,0.40200117230415344,24989.25,9.233132004737854e-05,0.0,0.0,,,
106,1775660811.725695,optimizer,0.002543831244111061,24989.25,2.451986074447632e-05,0.0005140993744134903,0.0004807598888874054,100.0,0.8,20823.71875
107,1775660812.2137837,forward,0.1939483843743801,24989.25,0.00010210275650024414,0.0,0.0,,,
107,1775660812.6161401,backward,0.4021659307181835,24989.25,9.922124445438385e-05,0.0,0.0,,,
107,1775660812.6197684,optimizer,0.002537531778216362,24989.25,2.360902726650238e-05,0.0005156174302101135,0.00047560781240463257,100.0,0.8,20823.625
108,1775660813.0833323,forward,0.1939338818192482,24989.25,9.91523265838623e-05,0.0,0.0,,,
108,1775660813.4854152,backward,0.40190672874450684,24989.25,9.992532432079315e-05,0.0,0.0,,,
108,1775660813.4893966,optimizer,0.0025351401418447495,24989.25,2.530217170715332e-05,0.0008693970739841461,0.0004750490188598633,100.0,0.8,20823.28515625
109,1775660813.9519098,forward,0.19392297230660915,24989.25,9.906291961669922e-05,0.0,0.0,,,
109,1775660814.3542082,backward,0.4021211303770542,24989.25,9.784288704395294e-05,0.0,0.0,,,
109,1775660814.3578453,optimizer,0.002531079575419426,24989.25,2.3910775780677795e-05,0.000514596700668335,0.0004866980016231537,100.0,0.8,20823.68359375
110,1775660814.8395731,forward,0.19411972351372242,24989.25,9.865313768386841e-05,0.0,0.0,,,
110,1775660815.2413728,backward,0.4015964437276125,24989.25,0.00011967308819293976,0.0,0.0,,,
110,1775660815.2457426,optimizer,0.0031691398471593857,24989.25,2.6188790798187256e-05,0.0005118604749441147,0.0005193669348955154,100.0,0.8,20823.34375
111,1775660815.7096164,forward,0.19416418485343456,24989.25,0.00010284222662448883,0.0,0.0,,,
111,1775660816.111924,backward,0.4021331798285246,24989.25,9.783171117305756e-05,0.0,0.0,,,
111,1775660816.1155791,optimizer,0.002543162554502487,24989.25,2.3990869522094727e-05,0.0005149878561496735,0.00047740712761878967,100.0,0.8,20822.7578125
112,1775660816.5766077,forward,0.19402258284389973,24989.25,9.638257324695587e-05,0.0,0.0,,,
112,1775660816.9788194,backward,0.4020387586206198,24989.25,9.531155228614807e-05,0.0,0.0,,,
112,1775660816.9823844,optimizer,0.0024945493787527084,24989.25,2.3581087589263916e-05,0.0004904270172119141,0.00047835707664489746,100.0,0.8,20822.41796875
113,1775660817.4459615,forward,0.193974444642663,24989.25,9.777210652828217e-05,0.0,0.0,,,
113,1775660817.8481123,backward,0.40197236835956573,24989.25,9.96030867099762e-05,0.0,0.0,,,
113,1775660817.852041,optimizer,0.0024754591286182404,24989.25,2.5987625122070312e-05,0.0008751116693019867,0.00047249533236026764,100.0,0.8,20822.5703125
114,1775660818.326563,forward,0.19398797489702702,24989.25,9.970366954803467e-05,0.0,0.0,,,
114,1775660818.7283258,backward,0.4015853814780712,24989.25,9.962543845176697e-05,0.0,0.0,,,
114,1775660818.7325096,optimizer,0.0025690309703350067,24989.25,2.5080516934394836e-05,0.00103822723031044,0.00047821737825870514,100.0,0.9,20822.72265625
115,1775660819.2188928,forward,0.194005211815238,24989.25,0.00011311285197734833,0.0,0.0,,,
115,1775660819.6213145,backward,0.40224646404385567,24989.25,0.00010013207793235779,0.0,0.0,,,
115,1775660819.6249728,optimizer,0.0025635212659835815,24989.25,2.635084092617035e-05,0.0005153380334377289,0.0004795882850885391,100.0,0.9,20822.875
116,1775660820.0881863,forward,0.1940589528530836,24989.25,9.665265679359436e-05,0.0,0.0,,,
116,1775660820.4904714,backward,0.4021029118448496,24989.25,9.748898446559906e-05,0.0,0.0,,,
116,1775660820.4945707,optimizer,0.0029732361435890198,24989.25,2.5682151317596436e-05,0.0005141273140907288,0.0004768483340740204,100.0,0.8,20822.78125
117,1775660820.956461,forward,0.19406401552259922,24989.25,9.67998057603836e-05,0.0,0.0,,,
117,1775660821.3586974,backward,0.4020550921559334,24989.25,9.927339851856232e-05,0.0,0.0,,,
117,1775660821.3623374,optimizer,0.0025447923690080643,24989.25,2.413056790828705e-05,0.000517137348651886,0.00047887861728668213,100.0,0.8,20822.6875
118,1775660821.8404567,forward,0.1939997337758541,24989.25,9.756907820701599e-05,0.0,0.0,,,
118,1775660822.2426584,backward,0.40202548168599606,24989.25,9.920261800289154e-05,0.0,0.0,,,
118,1775660822.246725,optimizer,0.002558531239628792,24989.25,2.351030707359314e-05,0.0009292662143707275,0.00047693587839603424,100.0,0.8,20822.34765625
119,1775660822.7289035,forward,0.1940470039844513,24989.25,9.875185787677765e-05,0.0,0.0,,,
119,1775660823.1311023,backward,0.4020272120833397,24989.25,9.506382048130035e-05,0.0,0.0,,,
119,1775660823.134746,optimizer,0.0025545991957187653,24989.25,2.4827197194099426e-05,0.0005148686468601227,0.0004708077758550644,100.0,0.8,20822.9921875
120,1775660823.6209946,forward,0.19409298337996006,24989.25,9.975209832191467e-05,0.0,0.0,,,
120,1775660824.023079,backward,0.40190916135907173,24989.25,9.831972420215607e-05,0.0,0.0,,,
120,1775660824.0270386,optimizer,0.002548791468143463,24989.25,2.4421140551567078e-05,0.0008310619741678238,0.00047880783677101135,100.0,0.8,20822.74609375
121,1775660824.508419,forward,0.19395830109715462,24989.25,9.907223284244537e-05,0.0,0.0,,,
121,1775660824.9105802,backward,0.40198072977364063,24989.25,9.564124047756195e-05,0.0,0.0,,,
121,1775660824.9142249,optimizer,0.002536822110414505,24989.25,2.3072585463523865e-05,0.0005249958485364914,0.00048057734966278076,100.0,0.8,20822.8046875
122,1775660825.4074693,forward,0.1941533461213112,24989.25,9.614415466785431e-05,0.0,0.0,,,
122,1775660825.8095665,backward,0.4019184373319149,24989.25,0.00010029971599578857,0.0,0.0,,,
122,1775660825.813158,optimizer,0.0024968311190605164,24989.25,2.6339665055274963e-05,0.0005178675055503845,0.0004777051508426666,100.0,0.8,20822.95703125
123,1775660826.2896075,forward,0.1940755657851696,24989.25,0.00010225176811218262,0.0,0.0,,,
123,1775660826.6916528,backward,0.4018702283501625,24989.25,9.751319885253906e-05,0.0,0.0,,,
123,1775660826.6952136,optimizer,0.0024688690900802612,24989.25,2.2972002625465393e-05,0.0005161687731742859,0.00047740712761878967,100.0,0.8,20822.85546875
124,1775660827.1552653,forward,0.19405504502356052,24989.25,9.059160947799683e-05,0.0,0.0,,,
124,1775660827.5575159,backward,0.40206921845674515,24989.25,9.63844358921051e-05,0.0,0.0,,,
124,1775660827.5611644,optimizer,0.002542451024055481,24989.25,2.4143606424331665e-05,0.0005241371691226959,0.00047830864787101746,100.0,0.8,20822.76171875
125,1775660828.0404422,forward,0.19395908154547215,24989.25,9.746290743350983e-05,0.0,0.0,,,
125,1775660828.4425693,backward,0.40195048972964287,24989.25,9.78522002696991e-05,0.0,0.0,,,
125,1775660828.4465442,optimizer,0.0025456417351961136,24989.25,2.4760141968727112e-05,0.0008310135453939438,0.0004775878041982651,100.0,0.8,20823.16015625
126,1775660828.9089625,forward,0.1939151231199503,24989.25,9.751133620738983e-05,0.0,0.0,,,
126,1775660829.3114018,backward,0.4022564720362425,24989.25,0.00010076537728309631,0.0,0.0,,,
126,1775660829.3149805,optimizer,0.0024860408157110214,24989.25,2.3389235138893127e-05,0.000517258420586586,0.0004792064428329468,100.0,0.8,20822.57421875
127,1775660829.7974727,forward,0.19407368265092373,24989.25,9.900331497192383e-05,0.0,0.0,,,
127,1775660830.199545,backward,0.4018907696008682,24989.25,9.543076157569885e-05,0.0,0.0,,,
127,1775660830.2035146,optimizer,0.0025313422083854675,24989.25,2.5039538741111755e-05,0.0008451137691736221,0.00047329626977443695,100.0,0.8,20822.97265625
128,1775660830.6917598,forward,0.19434699788689613,24989.25,0.00011700205504894257,0.0,0.0,,,
128,1775660831.0939486,backward,0.402016120031476,24989.25,9.262003004550934e-05,0.0,0.0,,,
128,1775660831.0976572,optimizer,0.002554299309849739,24989.25,2.390146255493164e-05,0.0005191974341869354,0.000532759353518486,100.0,0.8,20823.125
129,1775660831.56096,forward,0.19401534274220467,24989.25,9.802170097827911e-05,0.0,0.0,,,
129,1775660831.9630544,backward,0.4019015412777662,24989.25,9.888038039207458e-05,0.0,0.0,,,
129,1775660831.9670868,optimizer,0.0025352388620376587,24989.25,2.286769449710846e-05,0.0009181629866361618,0.000475296750664711,100.0,0.8,20823.5234375
130,1775660832.4438403,forward,0.19399521127343178,24989.25,0.0001018717885017395,0.0,0.0,,,
130,1775660832.8462095,backward,0.40218119136989117,24989.25,9.700469672679901e-05,0.0,0.0,,,
130,1775660832.8498814,optimizer,0.0025521982461214066,24989.25,2.462044358253479e-05,0.0005162283778190613,0.0005010757595300674,100.0,0.8,20823.18359375
131,1775660833.3131008,forward,0.1939792986959219,24989.25,0.00010026060044765472,0.0,0.0,,,
131,1775660833.715335,backward,0.4020628910511732,24989.25,9.80626791715622e-05,0.0,0.0,,,
131,1775660833.7189662,optimizer,0.0025402698665857315,24989.25,2.4460256099700928e-05,0.0005093682557344437,0.00047806836664676666,100.0,0.8,20823.08984375
132,1775660834.1843612,forward,0.19401897303760052,24989.25,9.732134640216827e-05,0.0,0.0,,,
132,1775660834.586571,backward,0.4020272884517908,24989.25,9.838305413722992e-05,0.0,0.0,,,
132,1775660834.5901744,optimizer,0.0025388002395629883,24989.25,2.7611851692199707e-05,0.00047474540770053864,0.00048312917351722717,100.0,0.8,20823.2421875
133,1775660835.0519114,forward,0.194107785820961,24989.25,0.00010248087346553802,0.0,0.0,,,
133,1775660835.4540622,backward,0.4019693098962307,24989.25,0.00010975077748298645,0.0,0.0,,,
133,1775660835.4578552,optimizer,0.0026424136012792587,24989.25,2.4568289518356323e-05,0.0005080364644527435,0.000504419207572937,100.0,0.8,20823.1484375
134,1775660835.9418366,forward,0.19412630796432495,24989.25,0.00011252984404563904,0.0,0.0,,,
134,1775660836.34405,backward,0.4020395390689373,24989.25,9.768269956111908e-05,0.0,0.0,,,
134,1775660836.3476927,optimizer,0.00253974087536335,24989.25,2.4020671844482422e-05,0.0005244873464107513,0.0004773978143930435,100.0,0.8,20823.30078125
135,1775660836.8115077,forward,0.19404701329767704,24989.25,9.972043335437775e-05,0.0,0.0,,,
135,1775660837.21365,backward,0.40196703001856804,24989.25,9.627081453800201e-05,0.0,0.0,,,
135,1775660837.217289,optimizer,0.0025502201169729233,24989.25,2.3869797587394714e-05,0.0005074981600046158,0.00047389790415763855,100.0,0.8,20822.71484375
136,1775660837.6804924,forward,0.19396095164120197,24989.25,9.849108755588531e-05,0.0,0.0,,,
136,1775660838.0829544,backward,0.40228570625185966,24989.25,9.862147271633148e-05,0.0,0.0,,,
136,1775660838.0866108,optimizer,0.0025211088359355927,24989.25,2.790987491607666e-05,0.0005537085235118866,0.0004769880324602127,100.0,0.8,20822.8671875
137,1775660838.567813,forward,0.19394592382013798,24989.25,9.56505537033081e-05,0.0,0.0,,,
137,1775660838.9698648,backward,0.4018800351768732,24989.25,9.49520617723465e-05,0.0,0.0,,,
137,1775660838.9735081,optimizer,0.002541610971093178,24989.25,2.3949891328811646e-05,0.0005159284919500351,0.0004799775779247284,100.0,0.8,20823.265625
138,1775660839.4509742,forward,0.19401932321488857,24989.25,9.631924331188202e-05,0.0,0.0,,,
138,1775660839.8531337,backward,0.4019863083958626,24989.25,9.395182132720947e-05,0.0,0.0,,,
138,1775660839.856778,optimizer,0.00254162959754467,24989.25,2.4400651454925537e-05,0.0005233269184827805,0.00047679804265499115,100.0,0.8,20823.41796875
139,1775660840.3397536,forward,0.19396727345883846,24989.25,9.446404874324799e-05,0.0,0.0,,,
139,1775660840.742186,backward,0.40223851427435875,24989.25,0.00010833144187927246,0.0,0.0,,,
139,1775660840.7460074,optimizer,0.0026300232857465744,24989.25,2.4439767003059387e-05,0.0005148090422153473,0.0005145780742168427,100.0,0.8,20823.078125
140,1775660841.2253065,forward,0.19404306635260582,24989.25,9.674020111560822e-05,0.0,0.0,,,
140,1775660841.6276946,backward,0.4022157434374094,24989.25,9.50843095779419e-05,0.0,0.0,,,
140,1775660841.6313426,optimizer,0.002556411549448967,24989.25,2.5060027837753296e-05,0.0005145575851202011,0.00047547556459903717,100.0,0.8,20823.23046875
141,1775660842.1097367,forward,0.19409966468811035,24989.25,0.00010038353502750397,0.0,0.0,,,
141,1775660842.5117393,backward,0.4018323849886656,24989.25,9.807199239730835e-05,0.0,0.0,,,
141,1775660842.5154777,optimizer,0.0025441814213991165,24989.25,2.3711472749710083e-05,0.000582059845328331,0.0005098599940538406,100.0,0.8,20823.13671875
142,1775660842.9942222,forward,0.1940375342965126,24989.25,9.640306234359741e-05,0.0,0.0,,,
142,1775660843.396312,backward,0.401912959292531,24989.25,9.626895189285278e-05,0.0,0.0,,,
142,1775660843.4003117,optimizer,0.0025646891444921494,24989.25,2.713128924369812e-05,0.0008546132594347,0.00048033706843852997,100.0,0.8,20822.796875
143,1775660843.8827374,forward,0.1940340232104063,24989.25,9.403936564922333e-05,0.0,0.0,,,
143,1775660844.2850995,backward,0.40217965468764305,24989.25,0.00010244175791740417,0.0,0.0,,,
143,1775660844.2887695,optimizer,0.0025579314678907394,24989.25,2.5661662220954895e-05,0.0005151368677616119,0.00047963857650756836,100.0,0.8,20822.703125
144,1775660844.7526019,forward,0.194115387275815,24989.25,0.00010135211050510406,0.0,0.0,,,
144,1775660845.1549256,backward,0.4021533653140068,24989.25,0.00010099075734615326,0.0,0.0,,,
144,1775660845.1589313,optimizer,0.0025432799011468887,24989.25,2.4802982807159424e-05,0.0008831359446048737,0.0004802364856004715,100.0,0.8,20823.1953125
145,1775660845.6401541,forward,0.19392945989966393,24989.25,9.982101619243622e-05,0.0,0.0,,,
145,1775660846.0422096,backward,0.401880107820034,24989.25,9.896233677864075e-05,0.0,0.0,,,
145,1775660846.0458734,optimizer,0.002550162374973297,24989.25,2.606026828289032e-05,0.0005172286182641983,0.0004938188940286636,100.0,0.8,20823.0078125
146,1775660846.52968,forward,0.1940519232302904,24989.25,9.709969162940979e-05,0.0,0.0,,,
146,1775660846.9316933,backward,0.4018391389399767,24989.25,9.52649861574173e-05,0.0,0.0,,,
146,1775660846.9353068,optimizer,0.002524411305785179,24989.25,2.4139881134033203e-05,0.0005101393908262253,0.00047625601291656494,100.0,0.8,20822.66796875
147,1775660847.4198902,forward,0.19454526528716087,24989.25,0.00011749938130378723,0.0,0.0,,,
147,1775660847.8222494,backward,0.402182562276721,24989.25,9.608082473278046e-05,0.0,0.0,,,
147,1775660847.825952,optimizer,0.002573389559984207,24989.25,2.3731961846351624e-05,0.000520000234246254,0.0004979297518730164,100.0,0.8,20823.26953125
148,1775660848.2881594,forward,0.19408699683845043,24989.25,0.00010284408926963806,0.0,0.0,,,
148,1775660848.6902583,backward,0.40190814808011055,24989.25,9.795092046260834e-05,0.0,0.0,,,
148,1775660848.6939156,optimizer,0.0025505591183900833,24989.25,2.5229528546333313e-05,0.0005177371203899384,0.00048720650374889374,100.0,0.8,20823.17578125
149,1775660849.1596918,forward,0.19393817149102688,24989.25,9.990110993385315e-05,0.0,0.0,,,
149,1775660849.561976,backward,0.40210783295333385,24989.25,9.90014523267746e-05,0.0,0.0,,,
149,1775660849.5656412,optimizer,0.0025458596646785736,24989.25,2.5641173124313354e-05,0.0005173478275537491,0.0004989989101886749,100.0,0.8,20823.08203125
150,1775660850.030561,forward,0.1940636932849884,24989.25,9.803101420402527e-05,0.0,0.0,,,
150,1775660850.4326956,backward,0.4019538816064596,24989.25,9.896233677864075e-05,0.0,0.0,,,
150,1775660850.4364662,optimizer,0.0025530867278575897,24989.25,2.4691224098205566e-05,0.0006335098296403885,0.0004781670868396759,100.0,0.8,20823.48046875
151,1775660850.916543,forward,0.19402379356324673,24989.25,9.67811793088913e-05,0.0,0.0,,,
151,1775660851.318704,backward,0.4019791204482317,24989.25,0.00010018236935138702,0.0,0.0,,,
151,1775660851.322665,optimizer,0.0025349128991365433,24989.25,2.4849548935890198e-05,0.0008508507162332535,0.0004780273884534836,100.0,0.8,20822.6484375
152,1775660851.804827,forward,0.19400413520634174,24989.25,9.851157665252686e-05,0.0,0.0,,,
152,1775660852.2068226,backward,0.4018195290118456,24989.25,9.680166840553284e-05,0.0,0.0,,,
152,1775660852.2104442,optimizer,0.0025292932987213135,24989.25,2.5909394025802612e-05,0.000513298436999321,0.0004730280488729477,100.0,0.8,20823.29296875
153,1775660852.6969817,forward,0.19396503269672394,24989.25,0.00010060332715511322,0.0,0.0,,,
153,1775660853.0991614,backward,0.402010940015316,24989.25,9.845197200775146e-05,0.0,0.0,,,
153,1775660853.102805,optimizer,0.0025445204228162766,24989.25,2.8070062398910522e-05,0.0005170945078134537,0.0004767291247844696,100.0,0.8,20823.19921875
154,1775660853.5820293,forward,0.19410337507724762,24989.25,9.818002581596375e-05,0.0,0.0,,,
154,1775660853.9844348,backward,0.40220264345407486,24989.25,9.845197200775146e-05,0.0,0.0,,,
154,1775660853.9880397,optimizer,0.0025611408054828644,24989.25,2.5290995836257935e-05,0.00046389736235141754,0.00047571584582328796,100.0,0.8,20822.953125
155,1775660854.4660375,forward,0.19402551464736462,24989.25,9.941123425960541e-05,0.0,0.0,,,
155,1775660854.8680973,backward,0.4018827863037586,24989.25,9.655207395553589e-05,0.0,0.0,,,
155,1775660854.8719587,optimizer,0.0025367997586727142,24989.25,2.4499371647834778e-05,0.0007481034845113754,0.0004746876657009125,100.0,0.8,20823.2578125
156,1775660855.3341055,forward,0.19404062628746033,24989.25,0.00010066106915473938,0.0,0.0,,,
156,1775660855.736479,backward,0.40220274217426777,24989.25,9.855255484580994e-05,0.0,0.0,,,
156,1775660855.7404153,optimizer,0.00254899263381958,24989.25,2.5391578674316406e-05,0.0008099209517240524,0.00047640688717365265,100.0,0.8,20823.1640625
157,1775660856.2241247,forward,0.1940980851650238,24989.25,9.733065962791443e-05,0.0,0.0,,,
157,1775660856.626289,backward,0.4019815493375063,24989.25,9.906105697154999e-05,0.0,0.0,,,
157,1775660856.6299605,optimizer,0.0024933870881795883,24989.25,2.3581087589263916e-05,0.0005890075117349625,0.0004861205816268921,100.0,0.8,20823.0703125
158,1775660857.1166801,forward,0.1940685771405697,24989.25,9.124912321567535e-05,0.0,0.0,,,
158,1775660857.5190961,backward,0.4022349249571562,24989.25,0.00010056234896183014,0.0,0.0,,,
158,1775660857.522657,optimizer,0.00247919000685215,24989.25,2.430938184261322e-05,0.0005099400877952576,0.0004771873354911804,100.0,0.8,20822.9765625
159,1775660857.9875116,forward,0.19407222606241703,24989.25,0.00010155327618122101,0.0,0.0,,,
159,1775660858.3896866,backward,0.401998670771718,24989.25,9.909272193908691e-05,0.0,0.0,,,
159,1775660858.3932679,optimizer,0.002534611150622368,24989.25,2.462044358253479e-05,0.0004644468426704407,0.00047942809760570526,100.0,0.8,20822.8828125
160,1775660858.8567142,forward,0.1941609475761652,24989.25,9.584054350852966e-05,0.0,0.0,,,
160,1775660859.2586312,backward,0.4017359148710966,24989.25,9.699910879135132e-05,0.0,0.0,,,
160,1775660859.2622561,optimizer,0.002533659338951111,24989.25,2.459995448589325e-05,0.000514129176735878,0.0004753675311803818,100.0,0.8,20823.03515625
161,1775660859.7254562,forward,0.19405891373753548,24989.25,0.00010011158883571625,0.0,0.0,,,
161,1775660860.127397,backward,0.4017630759626627,24989.25,9.821169078350067e-05,0.0,0.0,,,
161,1775660860.1310186,optimizer,0.0025244783610105515,24989.25,2.6667490601539612e-05,0.00048658810555934906,0.0004905201494693756,100.0,0.8,20823.43359375
162,1775660860.6163785,forward,0.19412914663553238,24989.25,9.59634780883789e-05,0.0,0.0,,,
162,1775660861.0184076,backward,0.4018583167344332,24989.25,9.493157267570496e-05,0.0,0.0,,,
162,1775660861.0220582,optimizer,0.002548530697822571,24989.25,2.428889274597168e-05,0.0005210172384977341,0.0004788469523191452,100.0,0.8,20823.82421875
163,1775660861.487272,forward,0.19407002441585064,24989.25,9.646080434322357e-05,0.0,0.0,,,
163,1775660861.8894475,backward,0.40199948102235794,24989.25,9.519234299659729e-05,0.0,0.0,,,
163,1775660861.8934093,optimizer,0.002550330013036728,24989.25,2.423115074634552e-05,0.0008349847048521042,0.0004757046699523926,100.0,0.8,20824.71484375
164,1775660862.3715265,forward,0.1940115038305521,24989.25,0.00010195188224315643,0.0,0.0,,,
164,1775660862.773585,backward,0.4018583558499813,24989.25,0.0001072324812412262,0.0,0.0,,,
164,1775660862.7783616,optimizer,0.0025283321738243103,24989.25,2.7880072593688965e-05,0.0016657263040542603,0.00048107653856277466,100.0,0.8,20824.375
165,1775660863.265558,forward,0.19400353357195854,24989.25,0.00010601244866847992,0.0,0.0,,,
165,1775660863.6676743,backward,0.40194569155573845,24989.25,9.916163980960846e-05,0.0,0.0,,,
165,1775660863.6712642,optimizer,0.0025220122188329697,24989.25,2.633221447467804e-05,0.0004894081503152847,0.0004764273762702942,100.0,0.8,20824.03515625
166,1775660864.1524105,forward,0.1939944140613079,24989.25,0.00010078027844429016,0.0,0.0,,,
166,1775660864.554513,backward,0.4019337184727192,24989.25,9.772367775440216e-05,0.0,0.0,,,
166,1775660864.5584695,optimizer,0.0025453902781009674,24989.25,2.455897629261017e-05,0.0008291155099868774,0.00047932565212249756,100.0,0.8,20824.67578125
167,1775660865.0390356,forward,0.19406706281006336,24989.25,9.935908019542694e-05,0.0,0.0,,,
167,1775660865.4413216,backward,0.4021053835749626,24989.25,0.00010129250586032867,0.0,0.0,,,
167,1775660865.4449022,optimizer,0.0024883896112442017,24989.25,2.359040081501007e-05,0.0005166381597518921,0.0004823971539735794,100.0,0.8,20824.984375
168,1775660865.9296467,forward,0.19399596378207207,24989.25,9.839050471782684e-05,0.0,0.0,,,
168,1775660866.3319585,backward,0.40213229320943356,24989.25,9.842216968536377e-05,0.0,0.0,,,
168,1775660866.3359737,optimizer,0.0025363005697727203,24989.25,2.4182721972465515e-05,0.0008972939103841782,0.0004792269319295883,100.0,0.8,20824.3984375
169,1775660866.8199542,forward,0.19406004436314106,24989.25,0.00011707283556461334,0.0,0.0,,,
169,1775660867.2223637,backward,0.4021855853497982,24989.25,9.366124868392944e-05,0.0,0.0,,,
169,1775660867.2261367,optimizer,0.0026058219373226166,24989.25,2.6153400540351868e-05,0.000521467998623848,0.0005339290946722031,100.0,0.8,20825.0390625
170,1775660867.689576,forward,0.19406404346227646,24989.25,0.00010643340647220612,0.0,0.0,,,
170,1775660868.0917041,backward,0.40195630863308907,24989.25,9.804032742977142e-05,0.0,0.0,,,
170,1775660868.0956724,optimizer,0.002497030422091484,24989.25,2.5609508156776428e-05,0.0008909143507480621,0.00047610513865947723,100.0,0.8,20825.19140625
171,1775660868.5803227,forward,0.1939806044101715,24989.25,9.83700156211853e-05,0.0,0.0,,,
171,1775660868.9824505,backward,0.401948519051075,24989.25,9.890086948871613e-05,0.0,0.0,,,
171,1775660868.9859889,optimizer,0.002481328323483467,24989.25,2.6959925889968872e-05,0.0004649180918931961,0.0004888568073511124,100.0,0.8,20824.9453125
172,1775660869.4710588,forward,0.19397129118442535,24989.25,9.856186807155609e-05,0.0,0.0,,,
172,1775660869.873353,backward,0.40211592242121696,24989.25,9.824894368648529e-05,0.0,0.0,,,
172,1775660869.8769958,optimizer,0.002541530877351761,24989.25,2.457946538925171e-05,0.0005228091031312943,0.00047342851758003235,100.0,0.8,20825.25
173,1775660870.3396878,forward,0.19402405433356762,24989.25,9.763054549694061e-05,0.0,0.0,,,
173,1775660870.7416933,backward,0.4018103163689375,24989.25,9.873881936073303e-05,0.0,0.0,,,
173,1775660870.7453296,optimizer,0.0025319699198007584,24989.25,2.6231631636619568e-05,0.0005172565579414368,0.0004817768931388855,100.0,0.8,20825.15625
174,1775660871.2239344,forward,0.19405864365398884,24989.25,9.337998926639557e-05,0.0,0.0,,,
174,1775660871.6258283,backward,0.40171790309250355,24989.25,9.635277092456818e-05,0.0,0.0,,,
174,1775660871.6294382,optimizer,0.002524320036172867,24989.25,2.674199640750885e-05,0.0005020983517169952,0.0004788171499967575,100.0,0.8,20824.5703125
175,1775660872.1069021,forward,0.1940403524786234,24989.25,9.545125067234039e-05,0.0,0.0,,,
175,1775660872.508903,backward,0.4018276557326317,24989.25,9.687244892120361e-05,0.0,0.0,,,
175,1775660872.5129476,optimizer,0.0025520306080579758,24989.25,2.5307759642601013e-05,0.0008852444589138031,0.0005019679665565491,100.0,0.8,20825.21484375
176,1775660872.9738932,forward,0.19407317601144314,24989.25,9.52649861574173e-05,0.0,0.0,,,
176,1775660873.375902,backward,0.4018263481557369,24989.25,0.00010184943675994873,0.0,0.0,,,
176,1775660873.3795657,optimizer,0.0025732796639204025,24989.25,2.4499371647834778e-05,0.000471288338303566,0.0004900787025690079,100.0,0.8,20824.875
177,1775660873.8421905,forward,0.19414967484772205,24989.25,0.000111432746052742,0.0,0.0,,,
177,1775660874.2445896,backward,0.40222728438675404,24989.25,9.741261601448059e-05,0.0,0.0,,,
177,1775660874.24819,optimizer,0.0024972297251224518,24989.25,2.473965287208557e-05,0.000508427619934082,0.00047450698912143707,100.0,0.8,20824.78125
178,1775660874.7279058,forward,0.19404049776494503,24989.25,9.915977716445923e-05,0.0,0.0,,,
178,1775660875.1298838,backward,0.40180571749806404,24989.25,9.69134271144867e-05,0.0,0.0,,,
178,1775660875.133861,optimizer,0.002553630620241165,24989.25,2.4789944291114807e-05,0.0008303709328174591,0.0004891008138656616,100.0,0.8,20824.1953125
179,1775660875.6199121,forward,0.19394584372639656,24989.25,0.00010127201676368713,0.0,0.0,,,
179,1775660876.0218828,backward,0.40180260874331,24989.25,9.775906801223755e-05,0.0,0.0,,,
179,1775660876.0254948,optimizer,0.002524828538298607,24989.25,2.54213809967041e-05,0.0005040280520915985,0.0004777275025844574,100.0,0.8,20824.83984375
180,1775660876.4906974,forward,0.19402378425002098,24989.25,9.824149310588837e-05,0.0,0.0,,,
180,1775660876.8931131,backward,0.4022376723587513,24989.25,9.641051292419434e-05,0.0,0.0,,,
180,1775660876.8967485,optimizer,0.0025423597544431686,24989.25,2.4570152163505554e-05,0.0005148760974407196,0.00047729723155498505,100.0,0.8,20823.0234375
181,1775660877.379036,forward,0.1939264927059412,24989.25,9.759888052940369e-05,0.0,0.0,,,
181,1775660877.7811463,backward,0.4019326977431774,24989.25,0.00010052137076854706,0.0,0.0,,,
181,1775660877.784792,optimizer,0.0025488920509815216,24989.25,2.6639550924301147e-05,0.000525347888469696,0.0004753991961479187,100.0,0.8,20822.4375
182,1775660878.264308,forward,0.19415102899074554,24989.25,9.661354124546051e-05,0.0,0.0,,,
182,1775660878.6662438,backward,0.4017582442611456,24989.25,9.751319885253906e-05,0.0,0.0,,,
182,1775660878.6702037,optimizer,0.0025228895246982574,24989.25,2.5911256670951843e-05,0.000856323167681694,0.00047691911458969116,100.0,0.8,20822.58984375
183,1775660879.1354597,forward,0.19408580660820007,24989.25,0.00010090507566928864,0.0,0.0,,,
183,1775660879.537773,backward,0.4021389614790678,24989.25,9.953230619430542e-05,0.0,0.0,,,
183,1775660879.5413914,optimizer,0.002534409984946251,24989.25,2.3989006876945496e-05,0.0005096998065710068,0.0004759281873703003,100.0,0.8,20822.49609375
184,1775660880.0011532,forward,0.19414450600743294,24989.25,0.00011093169450759888,0.0,0.0,,,
184,1775660880.4038825,backward,0.402471536770463,24989.25,0.0001005120575428009,0.0,0.0,,,
184,1775660880.407857,optimizer,0.002582712098956108,24989.25,2.3130327463150024e-05,0.0007943641394376755,0.000502467155456543,100.0,0.8,20822.89453125
185,1775660880.8701074,forward,0.19410834647715092,24989.25,9.641051292419434e-05,0.0,0.0,,,
185,1775660881.2722294,backward,0.40194408781826496,24989.25,9.666383266448975e-05,0.0,0.0,,,
185,1775660881.275861,optimizer,0.002543071284890175,24989.25,2.711266279220581e-05,0.0005090292543172836,0.0004773680120706558,100.0,0.8,20822.80078125
186,1775660881.7409103,forward,0.19404998421669006,24989.25,9.985081851482391e-05,0.0,0.0,,,
186,1775660882.1432936,backward,0.40220732241868973,24989.25,9.92603600025177e-05,0.0,0.0,,,
186,1775660882.1472232,optimizer,0.002540362998843193,24989.25,2.6520341634750366e-05,0.0008026007562875748,0.00048120878636837006,100.0,0.8,20822.21484375
187,1775660882.633329,forward,0.19411950558423996,24989.25,9.771250188350677e-05,0.0,0.0,,,
187,1775660883.0353758,backward,0.4018717482686043,24989.25,9.92119312286377e-05,0.0,0.0,,,
187,1775660883.0390105,optimizer,0.0025310199707746506,24989.25,2.7680769562721252e-05,0.0005168281495571136,0.0004788581281900406,100.0,0.8,20822.953125
188,1775660883.5052505,forward,0.19406377524137497,24989.25,0.00010063126683235168,0.0,0.0,,,
188,1775660883.9072404,backward,0.40181780606508255,24989.25,9.857304394245148e-05,0.0,0.0,,,
188,1775660883.911199,optimizer,0.0025508124381303787,24989.25,2.3620203137397766e-05,0.0008338131010532379,0.00047254934906959534,100.0,0.8,20822.765625
189,1775660884.3946886,forward,0.19401313550770283,24989.25,0.00010052137076854706,0.0,0.0,,,
189,1775660884.796865,backward,0.4020036906003952,24989.25,9.88990068435669e-05,0.0,0.0,,,
189,1775660884.8005035,optimizer,0.002548741176724434,24989.25,2.7608126401901245e-05,0.0005098897963762283,0.0004744976758956909,100.0,0.8,20823.1640625
190,1775660885.2647407,forward,0.19402288272976875,24989.25,9.777024388313293e-05,0.0,0.0,,,
190,1775660885.6670566,backward,0.40213920176029205,24989.25,9.924173355102539e-05,0.0,0.0,,,
190,1775660885.6709042,optimizer,0.00246385857462883,24989.25,2.5121495127677917e-05,0.0008012242615222931,0.00047996826469898224,100.0,0.8,20823.31640625
191,1775660886.1563513,forward,0.19401509501039982,24989.25,9.864941239356995e-05,0.0,0.0,,,
191,1775660886.558304,backward,0.4017772451043129,24989.25,9.935162961483002e-05,0.0,0.0,,,
191,1775660886.5622554,optimizer,0.0024728011339902878,24989.25,2.747960388660431e-05,0.0008993539959192276,0.00047451816499233246,100.0,0.8,20823.46875
192,1775660887.0469255,forward,0.19415517337620258,24989.25,0.00010020099580287933,0.0,0.0,,,
192,1775660887.4489622,backward,0.4018664564937353,24989.25,9.731203317642212e-05,0.0,0.0,,,
192,1775660887.452611,optimizer,0.0025525204837322235,24989.25,2.649053931236267e-05,0.0005156267434358597,0.00047857873141765594,100.0,0.8,20823.375
193,1775660887.9321413,forward,0.1945752315223217,24989.25,0.00012152083218097687,0.0,0.0,,,
193,1775660888.3343732,backward,0.40205042995512486,24989.25,9.731203317642212e-05,0.0,0.0,,,
193,1775660888.3380902,optimizer,0.0025719404220581055,24989.25,2.4022534489631653e-05,0.0005303770303726196,0.0005022753030061722,100.0,0.8,20823.52734375
194,1775660888.805258,forward,0.1938849799335003,24989.25,9.896233677864075e-05,0.0,0.0,,,
194,1775660889.2073314,backward,0.4018937796354294,24989.25,0.00010134093463420868,0.0,0.0,,,
194,1775660889.2109683,optimizer,0.0025433897972106934,24989.25,2.503208816051483e-05,0.0005155391991138458,0.0004811882972717285,100.0,0.8,20823.1875
195,1775660889.6913025,forward,0.1939864121377468,24989.25,9.8399817943573e-05,0.0,0.0,,,
195,1775660890.0934923,backward,0.4020160287618637,24989.25,9.793974459171295e-05,0.0,0.0,,,
195,1775660890.0971658,optimizer,0.002524787560105324,24989.25,2.96030193567276e-05,0.0005112867802381516,0.000506427139043808,100.0,0.8,20823.09375
196,1775660890.5582602,forward,0.19402329251170158,24989.25,9.854137897491455e-05,0.0,0.0,,,
196,1775660890.9602232,backward,0.4017843957990408,24989.25,9.851157665252686e-05,0.0,0.0,,,
196,1775660890.9639068,optimizer,0.0025478005409240723,24989.25,2.7759000658988953e-05,0.0005523078143596649,0.0004789195954799652,100.0,0.8,20823.4921875
197,1775660891.4488986,forward,0.19400589354336262,24989.25,9.940005838871002e-05,0.0,0.0,,,
197,1775660891.8510623,backward,0.40198707953095436,24989.25,9.534135460853577e-05,0.0,0.0,,,
197,1775660891.8546908,optimizer,0.002538491040468216,24989.25,2.3853033781051636e-05,0.0005138572305440903,0.00047168508172035217,100.0,0.8,20823.3984375
198,1775660892.340662,forward,0.194015022367239,24989.25,9.617023169994354e-05,0.0,0.0,,,
198,1775660892.743046,backward,0.4022012837231159,24989.25,9.857304394245148e-05,0.0,0.0,,,
198,1775660892.746987,optimizer,0.002551991492509842,24989.25,2.6091933250427246e-05,0.0008082911372184753,0.00047847628593444824,100.0,0.8,20823.55078125
199,1775660893.231608,forward,0.1940391343086958,24989.25,9.784288704395294e-05,0.0,0.0,,,
199,1775660893.6338937,backward,0.4021093435585499,24989.25,9.846314787864685e-05,0.0,0.0,,,
199,1775660893.6375432,optimizer,0.0025430191308259964,24989.25,2.419017255306244e-05,0.0005158968269824982,0.000491337850689888,100.0,0.8,20823.45703125
200,1775660894.1039374,forward,0.19401280395686626,24989.25,0.00010004453361034393,0.0,0.0,,,
200,1775660894.5061886,backward,0.4020813014358282,24989.25,9.95006412267685e-05,0.0,0.0,,,
200,1775660894.5098293,optimizer,0.00254829041659832,24989.25,2.565234899520874e-05,0.0005012284964323044,0.0004852190613746643,100.0,0.8,20823.1171875
201,1775660894.9710782,forward,0.19410929642617702,24989.25,9.951367974281311e-05,0.0,0.0,,,
201,1775660895.373432,backward,0.40217494405806065,24989.25,0.00010009296238422394,0.0,0.0,,,
201,1775660895.3770053,optimizer,0.0025361403822898865,24989.25,2.438761293888092e-05,0.00046362727880477905,0.0004758983850479126,100.0,0.8,20823.26953125
202,1775660895.837611,forward,0.19398313201963902,24989.25,0.00010224245488643646,0.0,0.0,,,
202,1775660896.2398376,backward,0.40205890126526356,24989.25,9.496323764324188e-05,0.0,0.0,,,
202,1775660896.243797,optimizer,0.0025500524789094925,24989.25,2.4359673261642456e-05,0.0008316021412611008,0.00047853589057922363,100.0,0.8,20822.9296875
203,1775660896.7037866,forward,0.19434677995741367,24989.25,9.679049253463745e-05,0.0,0.0,,,
203,1775660897.1061575,backward,0.40219557471573353,24989.25,9.777024388313293e-05,0.0,0.0,,,
203,1775660897.1098132,optimizer,0.0025533605366945267,24989.25,2.568960189819336e-05,0.0005078986287117004,0.00048728659749031067,100.0,0.8,20823.08203125
204,1775660897.5726311,forward,0.19402932189404964,24989.25,9.9891796708107e-05,0.0,0.0,,,
204,1775660897.9745564,backward,0.40175110660493374,24989.25,9.905174374580383e-05,0.0,0.0,,,
204,1775660897.9781792,optimizer,0.0025293398648500443,24989.25,2.421066164970398e-05,0.000517508015036583,0.000474369153380394,100.0,0.8,20822.98828125
205,1775660898.4601088,forward,0.1939998921006918,24989.25,0.00010026246309280396,0.0,0.0,,,
205,1775660898.8622808,backward,0.4020070116966963,24989.25,9.469129145145416e-05,0.0,0.0,,,
205,1775660898.8661816,optimizer,0.002540750429034233,24989.25,2.6533380150794983e-05,0.0007856953889131546,0.00047072768211364746,100.0,0.8,20823.38671875
206,1775660899.3497114,forward,0.19395828247070312,24989.25,9.888969361782074e-05,0.0,0.0,,,
206,1775660899.7516365,backward,0.40174603648483753,24989.25,9.857118129730225e-05,0.0,0.0,,,
206,1775660899.7554858,optimizer,0.002536630257964134,24989.25,2.3638829588890076e-05,0.0007354915142059326,0.00047803856432437897,100.0,0.8,20823.29296875
207,1775660900.220552,forward,0.19399636425077915,24989.25,0.00010046176612377167,0.0,0.0,,,
207,1775660900.622719,backward,0.4019960071891546,24989.25,9.920075535774231e-05,0.0,0.0,,,
207,1775660900.626633,optimizer,0.002522699534893036,24989.25,2.4430453777313232e-05,0.0008137524127960205,0.0004774276167154312,100.0,0.8,20823.69140625
208,1775660901.1133795,forward,0.1941073164343834,24989.25,9.877979755401611e-05,0.0,0.0,,,
208,1775660901.51562,backward,0.4020640719681978,24989.25,9.81111079454422e-05,0.0,0.0,,,
208,1775660901.5191984,optimizer,0.002487167716026306,24989.25,2.483278512954712e-05,0.000516081228852272,0.00047560036182403564,100.0,0.8,20823.84375
209,1775660902.0007935,forward,0.1940215453505516,24989.25,9.969249367713928e-05,0.0,0.0,,,
209,1775660902.4028902,backward,0.4019142873585224,24989.25,9.81111079454422e-05,0.0,0.0,,,
209,1775660902.4069831,optimizer,0.0024753790348768234,24989.25,2.579018473625183e-05,0.0010376479476690292,0.000473707914352417,100.0,0.8,20823.75
210,1775660902.8668492,forward,0.1940904352813959,24989.25,9.643100202083588e-05,0.0,0.0,,,
210,1775660903.269279,backward,0.4022542331367731,24989.25,9.27317887544632e-05,0.0,0.0,,,
210,1775660903.2729013,optimizer,0.0025411881506443024,24989.25,2.5881454348564148e-05,0.000508798286318779,0.000470627099275589,100.0,0.8,20823.1640625
211,1775660903.7516835,forward,0.193940045312047,24989.25,9.948201477527618e-05,0.0,0.0,,,
211,1775660904.1536334,backward,0.4017643630504608,24989.25,0.00010978244245052338,0.0,0.0,,,
211,1775660904.1573467,optimizer,0.002535441890358925,24989.25,2.4549663066864014e-05,0.0006039608269929886,0.000474296510219574,100.0,0.8,20823.5625
212,1775660904.6189911,forward,0.1939985454082489,24989.25,0.00010054372251033783,0.0,0.0,,,
212,1775660905.021467,backward,0.40228669345378876,24989.25,9.904243052005768e-05,0.0,0.0,,,
212,1775660905.0255022,optimizer,0.0025587212294340134,24989.25,2.423115074634552e-05,0.0008897427469491959,0.00047436729073524475,100.0,0.8,20823.80859375
213,1775660905.5332665,forward,0.19393416307866573,24989.25,9.979121387004852e-05,0.0,0.0,,,
213,1775660905.935591,backward,0.4021445531398058,24989.25,9.733997285366058e-05,0.0,0.0,,,
213,1775660905.9393322,optimizer,0.002527032047510147,24989.25,2.7259811758995056e-05,0.0006348807364702225,0.0004735775291919708,100.0,0.8,20823.62109375
214,1775660906.4016345,forward,0.19405653327703476,24989.25,9.958259761333466e-05,0.0,0.0,,,
214,1775660906.8036494,backward,0.40183704905211926,24989.25,9.723007678985596e-05,0.0,0.0,,,
214,1775660906.8072612,optimizer,0.0025328397750854492,24989.25,2.2649765014648438e-05,0.0005075167864561081,0.00046921707689762115,100.0,0.8,20823.52734375
215,1775660907.292103,forward,0.19399280473589897,24989.25,9.581074118614197e-05,0.0,0.0,,,
215,1775660907.6942954,backward,0.40200674161314964,24989.25,9.849108755588531e-05,0.0,0.0,,,
215,1775660907.6979449,optimizer,0.002547420561313629,24989.25,2.565048635005951e-05,0.000511636957526207,0.0004903674125671387,100.0,0.8,20823.43359375
216,1775660908.1587126,forward,0.19399483501911163,24989.25,9.825266897678375e-05,0.0,0.0,,,
216,1775660908.5608125,backward,0.40192271769046783,24989.25,9.867176413536072e-05,0.0,0.0,,,
216,1775660908.564606,optimizer,0.0025461502373218536,24989.25,2.425163984298706e-05,0.0006707422435283661,0.0004738178104162216,100.0,0.8,20823.33984375
217,1775660909.0442865,forward,0.1939475517719984,24989.25,0.0001005120575428009,0.0,0.0,,,
217,1775660909.446257,backward,0.4018012061715126,24989.25,9.857304394245148e-05,0.0,0.0,,,
217,1775660909.4498954,optimizer,0.0025324001908302307,24989.25,2.600252628326416e-05,0.000516137108206749,0.0004866272211074829,100.0,0.8,20823.4921875
218,1775660909.9328506,forward,0.19402043335139751,24989.25,9.774230420589447e-05,0.0,0.0,,,
218,1775660910.3348434,backward,0.40181318670511246,24989.25,9.960122406482697e-05,0.0,0.0,,,
218,1775660910.3391392,optimizer,0.002533039078116417,24989.25,2.5000423192977905e-05,0.0011786185204982758,0.0004825163632631302,100.0,0.8,20823.3984375
219,1775660910.8019526,forward,0.1940117236226797,24989.25,9.892135858535767e-05,0.0,0.0,,,
219,1775660911.2040424,backward,0.4019090607762337,24989.25,9.884126484394073e-05,0.0,0.0,,,
219,1775660911.2076747,optimizer,0.0025459211319684982,24989.25,2.3778527975082397e-05,0.0005089286714792252,0.00047644786536693573,100.0,0.8,20823.05859375
220,1775660911.6890204,forward,0.19397440366446972,24989.25,0.00010027922689914703,0.0,0.0,,,
220,1775660912.0910397,backward,0.40185030922293663,24989.25,9.765103459358215e-05,0.0,0.0,,,
220,1775660912.0946844,optimizer,0.0025453325361013412,24989.25,2.6309862732887268e-05,0.0005155578255653381,0.00047723762691020966,100.0,0.8,20823.703125
221,1775660912.5715666,forward,0.1939477939158678,24989.25,9.85320657491684e-05,0.0,0.0,,,
221,1775660912.9736383,backward,0.40186802484095097,24989.25,0.00012167170643806458,0.0,0.0,,,
221,1775660912.9777548,optimizer,0.0026098210364580154,24989.25,2.5181099772453308e-05,0.0008131004869937897,0.0005374792963266373,100.0,0.8,20823.890625
222,1775660913.462505,forward,0.19412436708807945,24989.25,9.944848716259003e-05,0.0,0.0,,,
222,1775660913.8650403,backward,0.40235764533281326,24989.25,9.550154209136963e-05,0.0,0.0,,,
222,1775660913.86867,optimizer,0.0025353822857141495,24989.25,2.5110319256782532e-05,0.0005162488669157028,0.00047333911061286926,100.0,0.8,20823.703125
223,1775660914.3492115,forward,0.19392667338252068,24989.25,9.772926568984985e-05,0.0,0.0,,,
223,1775660914.751303,backward,0.40191296860575676,24989.25,9.812042117118835e-05,0.0,0.0,,,
223,1775660914.7549064,optimizer,0.002542369067668915,24989.25,2.3281201720237732e-05,0.0004871673882007599,0.00047646835446357727,100.0,0.8,20823.85546875
224,1775660915.2352939,forward,0.19408633559942245,24989.25,9.9891796708107e-05,0.0,0.0,,,
224,1775660915.6373885,backward,0.4019157476723194,24989.25,9.794160723686218e-05,0.0,0.0,,,
224,1775660915.6413567,optimizer,0.002552160993218422,24989.25,2.41696834564209e-05,0.000838644802570343,0.0004765670746564865,100.0,0.8,20823.515625
225,1775660916.1177676,forward,0.19407949596643448,24989.25,9.974278509616852e-05,0.0,0.0,,,
225,1775660916.5199347,backward,0.4019897188991308,24989.25,9.973160922527313e-05,0.0,0.0,,,
225,1775660916.523575,optimizer,0.002549741417169571,24989.25,2.5039538741111755e-05,0.000516137108206749,0.00047241710126399994,100.0,0.8,20823.421875
226,1775660917.010166,forward,0.1940422747284174,24989.25,9.559094905853271e-05,0.0,0.0,,,
226,1775660917.4121916,backward,0.40184647776186466,24989.25,9.851157665252686e-05,0.0,0.0,,,
226,1775660917.4160168,optimizer,0.0025392603129148483,24989.25,2.4419277906417847e-05,0.0006986632943153381,0.0004778951406478882,100.0,0.8,20823.328125
227,1775660917.8765175,forward,0.19391299970448017,24989.25,9.813159704208374e-05,0.0,0.0,,,
227,1775660918.2789884,backward,0.40229176729917526,24989.25,9.784847497940063e-05,0.0,0.0,,,
227,1775660918.282617,optimizer,0.0025359001010656357,24989.25,2.6360154151916504e-05,0.0005159173160791397,0.00047709792852401733,100.0,0.8,20823.48046875
228,1775660918.7486048,forward,0.193891279399395,24989.25,9.960122406482697e-05,0.0,0.0,,,
228,1775660919.1508512,backward,0.4020714722573757,24989.25,9.868107736110687e-05,0.0,0.0,,,
228,1775660919.1545076,optimizer,0.00253261998295784,24989.25,2.4750828742980957e-05,0.0005411282181739807,0.0004763863980770111,100.0,0.8,20823.140625
229,1775660919.619551,forward,0.19395301304757595,24989.25,9.891949594020844e-05,0.0,0.0,,,
229,1775660920.0218,backward,0.4020709805190563,24989.25,0.00010005943477153778,0.0,0.0,,,
229,1775660920.0254543,optimizer,0.002542821690440178,24989.25,2.6552006602287292e-05,0.0005180388689041138,0.0004782862961292267,100.0,0.8,20823.38671875
230,1775660920.4872897,forward,0.19405769184231758,24989.25,9.877234697341919e-05,0.0,0.0,,,
230,1775660920.8897772,backward,0.40229981392621994,24989.25,0.00010553188621997833,0.0,0.0,,,
230,1775660920.8935635,optimizer,0.0026372186839580536,24989.25,2.329982817173004e-05,0.0005149282515048981,0.0004999600350856781,100.0,0.8,20823.4453125
231,1775660921.355333,forward,0.19406617432832718,24989.25,0.00010053068399429321,0.0,0.0,,,
231,1775660921.757454,backward,0.4019489400088787,24989.25,9.96813178062439e-05,0.0,0.0,,,
231,1775660921.7612607,optimizer,0.002544702962040901,24989.25,2.5250017642974854e-05,0.000682532787322998,0.00047678686678409576,100.0,0.8,20823.3515625
232,1775660922.2381055,forward,0.19386650063097477,24989.25,9.959004819393158e-05,0.0,0.0,,,
232,1775660922.639969,backward,0.4016882572323084,24989.25,9.796023368835449e-05,0.0,0.0,,,
232,1775660922.6435852,optimizer,0.0025163833051919937,24989.25,2.503208816051483e-05,0.0005176886916160583,0.0004772692918777466,100.0,0.8,20823.50390625
233,1775660923.1284685,forward,0.19400309212505817,24989.25,9.913183748722076e-05,0.0,0.0,,,
233,1775660923.5305743,backward,0.40192811004817486,24989.25,9.95006412267685e-05,0.0,0.0,,,
233,1775660923.5345,optimizer,0.002544339746236801,24989.25,2.5609508156776428e-05,0.000802481546998024,0.0004769284278154373,100.0,0.8,20823.65625
234,1775660924.0155802,forward,0.1940110232681036,24989.25,9.91523265838623e-05,0.0,0.0,,,
234,1775660924.4178462,backward,0.40208858251571655,24989.25,9.795837104320526e-05,0.0,0.0,,,
234,1775660924.421461,optimizer,0.0025249123573303223,24989.25,2.3558735847473145e-05,0.0005158372223377228,0.0004741009324789047,100.0,0.8,20823.3125
235,1775660924.9030037,forward,0.1940669771283865,24989.25,9.908340871334076e-05,0.0,0.0,,,
235,1775660925.305087,backward,0.4019106347113848,24989.25,9.558163583278656e-05,0.0,0.0,,,
235,1775660925.3088038,optimizer,0.0025422796607017517,24989.25,2.4279579520225525e-05,0.0006047505885362625,0.00047249719500541687,100.0,0.8,20823.21875
236,1775660925.7936027,forward,0.19407322444021702,24989.25,0.00010228343307971954,0.0,0.0,,,
236,1775660926.1959147,backward,0.4021372329443693,24989.25,0.00010147131979465485,0.0,0.0,,,
236,1775660926.199526,optimizer,0.0025307592004537582,24989.25,2.533942461013794e-05,0.000507798045873642,0.00047886744141578674,100.0,0.8,20823.6171875
237,1775660926.6629486,forward,0.19406269118189812,24989.25,0.00010152347385883331,0.0,0.0,,,
237,1775660927.065113,backward,0.4019943196326494,24989.25,9.687244892120361e-05,0.0,0.0,,,
237,1775660927.0687394,optimizer,0.0025416072458028793,24989.25,2.6103109121322632e-05,0.0005086883902549744,0.0004710983484983444,100.0,0.8,20823.76953125
238,1775660927.5594132,forward,0.19390465132892132,24989.25,9.888969361782074e-05,0.0,0.0,,,
238,1775660927.9614203,backward,0.4018293544650078,24989.25,0.00010056234896183014,0.0,0.0,,,
238,1775660927.9650283,optimizer,0.002561621367931366,24989.25,2.451986074447632e-05,0.00046481750905513763,0.00048109516501426697,100.0,0.8,20823.4296875
239,1775660928.4285007,forward,0.19401310198009014,24989.25,9.807199239730835e-05,0.0,0.0,,,
239,1775660928.8303192,backward,0.40164165385067463,24989.25,9.864196181297302e-05,0.0,0.0,,,
239,1775660928.8343413,optimizer,0.002548370510339737,24989.25,2.5311484932899475e-05,0.0008948557078838348,0.0004747658967971802,100.0,0.8,20823.3359375
240,1775660929.3243175,forward,0.19416126608848572,24989.25,0.00012375228106975555,0.0,0.0,,,
240,1775660929.7264407,backward,0.40193735994398594,24989.25,9.903125464916229e-05,0.0,0.0,,,
240,1775660929.7301142,optimizer,0.00254996120929718,24989.25,2.5680288672447205e-05,0.0005178377032279968,0.0005030278116464615,100.0,0.8,20824.47265625
241,1775660930.211685,forward,0.19415150582790375,24989.25,0.00010068342089653015,0.0,0.0,,,
241,1775660930.6137857,backward,0.40192865766584873,24989.25,9.692087769508362e-05,0.0,0.0,,,
241,1775660930.617732,optimizer,0.002539120614528656,24989.25,2.4452805519104004e-05,0.0008147209882736206,0.0004877280443906784,100.0,0.8,20824.37890625
242,1775660931.0999799,forward,0.19398723170161247,24989.25,9.929202497005463e-05,0.0,0.0,,,
242,1775660931.5021,backward,0.4019421190023422,24989.25,9.823217988014221e-05,0.0,0.0,,,
242,1775660931.5057213,optimizer,0.0025193095207214355,24989.25,2.4510547518730164e-05,0.0005147792398929596,0.0004876963794231415,100.0,0.8,20824.0390625
243,1775660931.9856088,forward,0.1940107513219118,24989.25,0.00010691210627555847,0.0,0.0,,,
243,1775660932.387812,backward,0.40203024074435234,24989.25,9.73232090473175e-05,0.0,0.0,,,
243,1775660932.391707,optimizer,0.002516860142350197,24989.25,2.308003604412079e-05,0.0008009020239114761,0.00047596730291843414,100.0,0.8,20824.19140625
244,1775660932.8747008,forward,0.19404396414756775,24989.25,9.755231440067291e-05,0.0,0.0,,,
244,1775660933.2768822,backward,0.40200508013367653,24989.25,9.491108357906342e-05,0.0,0.0,,,
244,1775660933.280513,optimizer,0.0025421008467674255,24989.25,2.4702399969100952e-05,0.0005156174302101135,0.00047277845442295074,100.0,0.8,20823.60546875
245,1775660933.7412145,forward,0.1940297745168209,24989.25,9.728223085403442e-05,0.0,0.0,,,
245,1775660934.143385,backward,0.4019945301115513,24989.25,9.926222264766693e-05,0.0,0.0,,,
245,1775660934.147074,optimizer,0.0025468003004789352,24989.25,2.39592045545578e-05,0.0005651973187923431,0.0004768073558807373,100.0,0.8,20823.7578125
246,1775660934.6091337,forward,0.19405502453446388,24989.25,9.999983012676239e-05,0.0,0.0,,,
246,1775660935.0112655,backward,0.40195090882480145,24989.25,9.912066161632538e-05,0.0,0.0,,,
246,1775660935.015224,optimizer,0.0025353990495204926,24989.25,2.491101622581482e-05,0.0008447431027889252,0.0004746876657009125,100.0,0.8,20824.00390625
247,1775660935.4795332,forward,0.19399359449744225,24989.25,9.960494935512543e-05,0.0,0.0,,,
247,1775660935.8816345,backward,0.4019238483160734,24989.25,9.635090827941895e-05,0.0,0.0,,,
247,1775660935.8852766,optimizer,0.002544701099395752,24989.25,2.538040280342102e-05,0.0005147792398929596,0.0004774145781993866,100.0,0.8,20823.81640625
248,1775660936.3450017,forward,0.19400708377361298,24989.25,9.728968143463135e-05,0.0,0.0,,,
248,1775660936.7472627,backward,0.40208403021097183,24989.25,9.843334555625916e-05,0.0,0.0,,,
248,1775660936.7556863,optimizer,0.0025273095816373825,24989.25,2.4041160941123962e-05,0.005312483757734299,0.0004840083420276642,99.0,0.8,20823.96875
249,1775660937.2332175,forward,0.19410700537264347,24989.25,0.00011648237705230713,0.0,0.0,,,
249,1775660937.6355247,backward,0.40205525048077106,24989.25,9.852275252342224e-05,0.0,0.0,,,
249,1775660937.6392944,optimizer,0.002628680318593979,24989.25,2.4529173970222473e-05,0.0005252007395029068,0.0005027782171964645,100.0,0.8,20824.12109375
250,1775660938.1010404,forward,0.19412358850240707,24989.25,9.704381227493286e-05,0.0,0.0,,,
250,1775660938.5030217,backward,0.40180410631000996,24989.25,9.669363498687744e-05,0.0,0.0,,,
250,1775660938.5066512,optimizer,0.0025469623506069183,24989.25,2.4870038032531738e-05,0.0005031675100326538,0.0004766378551721573,100.0,0.8,20824.02734375
251,1775660938.9877021,forward,0.1939659435302019,24989.25,9.965337812900543e-05,0.0,0.0,,,
251,1775660939.3895967,backward,0.4017110653221607,24989.25,0.00010588020086288452,0.0,0.0,,,
251,1775660939.3935223,optimizer,0.002546660602092743,24989.25,2.4780631065368652e-05,0.0008004195988178253,0.00048138760030269623,100.0,0.8,20824.1796875
252,1775660939.8577266,forward,0.19397658295929432,24989.25,9.5391646027565e-05,0.0,0.0,,,
252,1775660940.2600546,backward,0.4021470621228218,24989.25,0.00010011345148086548,0.0,0.0,,,
252,1775660940.263682,optimizer,0.002543378621339798,24989.25,2.4532899260520935e-05,0.0005084183067083359,0.00048022903501987457,100.0,0.8,20823.83984375
253,1775660940.7288558,forward,0.19396326132118702,24989.25,0.00010089203715324402,0.0,0.0,,,
253,1775660941.1313488,backward,0.40232239477336407,24989.25,9.772181510925293e-05,0.0,0.0,,,
253,1775660941.1349766,optimizer,0.00253312848508358,24989.25,2.464093267917633e-05,0.0005150381475687027,0.00047542713582515717,100.0,0.8,20823.5078125
254,1775660941.5975814,forward,0.1939623411744833,24989.25,0.0001003798097372055,0.0,0.0,,,
254,1775660941.9996185,backward,0.4018691759556532,24989.25,9.385310113430023e-05,0.0,0.0,,,
254,1775660942.003244,optimizer,0.002540791407227516,24989.25,2.4732202291488647e-05,0.0005123279988765717,0.00047081708908081055,100.0,0.8,20824.48828125
255,1775660942.4934154,forward,0.19402575679123402,24989.25,9.492412209510803e-05,0.0,0.0,,,
255,1775660942.895794,backward,0.4021990913897753,24989.25,9.609200060367584e-05,0.0,0.0,,,
255,1775660942.899424,optimizer,0.002542629837989807,24989.25,2.485141158103943e-05,0.0005090795457363129,0.0004754476249217987,100.0,0.8,20824.69140625
256,1775660943.3595505,forward,0.1939814742654562,24989.25,9.888969361782074e-05,0.0,0.0,,,
256,1775660943.7617412,backward,0.4020156916230917,24989.25,9.705871343612671e-05,0.0,0.0,,,
256,1775660943.7653189,optimizer,0.0025404300540685654,24989.25,2.4860724806785583e-05,0.0004585888236761093,0.00047663599252700806,100.0,1.1,20826.0546875
257,1775660944.2515466,forward,0.19397989474236965,24989.25,0.00010086037218570709,0.0,0.0,,,
257,1775660944.6536977,backward,0.4019795898348093,24989.25,9.818188846111298e-05,0.0,0.0,,,
257,1775660944.6573584,optimizer,0.0025557316839694977,24989.25,2.52407044172287e-05,0.0005179792642593384,0.00048058852553367615,100.0,0.8,20828.2578125
258,1775660945.1435614,forward,0.194065123796463,24989.25,9.874440729618073e-05,0.0,0.0,,,
258,1775660945.54581,backward,0.40207264944911003,24989.25,9.843148291110992e-05,0.0,0.0,,,
258,1775660945.5527751,optimizer,0.002984108403325081,24989.25,2.314150333404541e-05,0.0033707227557897568,0.00047934800386428833,99.0,0.8,20828.3359375
259,1775660946.0302036,forward,0.1939938049763441,24989.25,9.708106517791748e-05,0.0,0.0,,,
259,1775660946.4327428,backward,0.4023580066859722,24989.25,9.899213910102844e-05,0.0,0.0,,,
259,1775660946.43638,optimizer,0.002545708790421486,24989.25,2.4860724806785583e-05,0.0005145668983459473,0.0004745200276374817,100.0,0.8,20828.6484375
260,1775660946.920613,forward,0.19405536353588104,24989.25,9.873136878013611e-05,0.0,0.0,,,
260,1775660947.3230836,backward,0.40229203552007675,24989.25,9.81111079454422e-05,0.0,0.0,,,
260,1775660947.3270547,optimizer,0.0025469213724136353,24989.25,2.4572014808654785e-05,0.000840870663523674,0.0004742555320262909,100.0,0.8,20828.3046875
261,1775660947.810532,forward,0.19392766244709492,24989.25,9.934045374393463e-05,0.0,0.0,,,
261,1775660948.2126107,backward,0.4019006583839655,24989.25,9.763054549694061e-05,0.0,0.0,,,
261,1775660948.2162623,optimizer,0.002553369849920273,24989.25,2.6360154151916504e-05,0.0005157887935638428,0.00047842785716056824,100.0,0.8,20827.96484375
262,1775660948.6747348,forward,0.19400224462151527,24989.25,9.996071457862854e-05,0.0,0.0,,,
262,1775660949.0770192,backward,0.4021067414432764,24989.25,9.822286665439606e-05,0.0,0.0,,,
262,1775660949.0806634,optimizer,0.00254104845225811,24989.25,2.4061650037765503e-05,0.0005211569368839264,0.00047916918992996216,100.0,0.8,20828.36328125
263,1775660949.5390875,forward,0.19397089257836342,24989.25,9.862333536148071e-05,0.0,0.0,,,
263,1775660949.9411993,backward,0.4019357804208994,24989.25,9.76119190454483e-05,0.0,0.0,,,
263,1775660949.9448268,optimizer,0.002532491460442543,24989.25,2.520717680454254e-05,0.0005011279135942459,0.00047485530376434326,100.0,0.8,20828.515625
264,1775660950.4271553,forward,0.19403374381363392,24989.25,0.00010076351463794708,0.0,0.0,,,
264,1775660950.8297691,backward,0.4024423882365227,24989.25,9.840540587902069e-05,0.0,0.0,,,
264,1775660950.833406,optimizer,0.002535620704293251,24989.25,2.5119632482528687e-05,0.0005229488015174866,0.0004738271236419678,100.0,0.8,20828.17578125
265,1775660951.3185918,forward,0.1940373331308365,24989.25,9.649991989135742e-05,0.0,0.0,,,
265,1775660951.7206242,backward,0.4018585681915283,24989.25,9.926222264766693e-05,0.0,0.0,,,
265,1775660951.7242765,optimizer,0.0025538597255945206,24989.25,2.3091211915016174e-05,0.0005235690623521805,0.00047661736607551575,100.0,0.8,20828.328125
266,1775660952.1842093,forward,0.1939295418560505,24989.25,9.945034980773926e-05,0.0,0.0,,,
266,1775660952.5864174,backward,0.402036651968956,24989.25,9.771250188350677e-05,0.0,0.0,,,
266,1775660952.5904245,optimizer,0.0025309696793556213,24989.25,2.4391338229179382e-05,0.0008799843490123749,0.0004925373941659927,100.0,0.8,20828.48046875
267,1775660953.0702016,forward,0.19391752034425735,24989.25,9.838119149208069e-05,0.0,0.0,,,
267,1775660953.4724545,backward,0.40207826159894466,24989.25,9.950250387191772e-05,0.0,0.0,,,
267,1775660953.4761055,optimizer,0.0025546103715896606,24989.25,2.470053732395172e-05,0.0005164407193660736,0.000479675829410553,100.0,0.8,20827.88671875
268,1775660953.9803843,forward,0.1941140741109848,24989.25,9.771250188350677e-05,0.0,0.0,,,
268,1775660954.3826718,backward,0.40210939198732376,24989.25,9.70698893070221e-05,0.0,0.0,,,
268,1775660954.3867917,optimizer,0.0025404412299394608,24989.25,2.4858862161636353e-05,0.0010023564100265503,0.0004737209528684616,100.0,0.8,20828.7890625
269,1775660954.8708842,forward,0.1939158122986555,24989.25,9.493157267570496e-05,0.0,0.0,,,
269,1775660955.2729301,backward,0.40186724066734314,24989.25,9.586289525032043e-05,0.0,0.0,,,
269,1775660955.276597,optimizer,0.0025603212416172028,24989.25,2.780929207801819e-05,0.0005238782614469528,0.0004791058599948883,100.0,0.9,20828.6953125
270,1775660955.7345026,forward,0.19406404346227646,24989.25,9.927898645401001e-05,0.0,0.0,,,
270,1775660956.1365364,backward,0.4018603786826134,24989.25,9.807944297790527e-05,0.0,0.0,,,
270,1775660956.1402724,optimizer,0.0025603920221328735,24989.25,2.527981996536255e-05,0.0005902610719203949,0.0004801880568265915,100.0,0.8,20828.3515625
271,1775660956.6034355,forward,0.193964421749115,24989.25,9.62819904088974e-05,0.0,0.0,,,
271,1775660957.0056872,backward,0.4020736813545227,24989.25,9.781122207641602e-05,0.0,0.0,,,
271,1775660957.0096922,optimizer,0.0025300495326519012,24989.25,2.3968517780303955e-05,0.0008901543915271759,0.0004839245229959488,100.0,0.8,20828.84375
272,1775660957.470252,forward,0.19402146339416504,24989.25,9.901262819766998e-05,0.0,0.0,,,
272,1775660957.8722405,backward,0.40181245654821396,24989.25,9.647198021411896e-05,0.0,0.0,,,
272,1775660957.8758676,optimizer,0.002534313127398491,24989.25,2.354942262172699e-05,0.0005166176706552505,0.0004748087376356125,100.0,0.8,20828.41015625
273,1775660958.3615146,forward,0.19396775215864182,24989.25,9.773112833499908e-05,0.0,0.0,,,
273,1775660958.7636385,backward,0.4019410368055105,24989.25,9.975209832191467e-05,0.0,0.0,,,
273,1775660958.7676456,optimizer,0.0025435592979192734,24989.25,2.5600194931030273e-05,0.0008902549743652344,0.00046919845044612885,100.0,0.8,20828.5625
274,1775660959.2515247,forward,0.1940665151923895,24989.25,9.727105498313904e-05,0.0,0.0,,,
274,1775660959.6537032,backward,0.40200258046388626,24989.25,9.884126484394073e-05,0.0,0.0,,,
274,1775660959.657342,optimizer,0.0025291405618190765,24989.25,2.4870038032531738e-05,0.0005246885120868683,0.00048081763088703156,100.0,0.8,20828.22265625
275,1775660960.1390235,forward,0.19401085376739502,24989.25,9.74312424659729e-05,0.0,0.0,,,
275,1775660960.5410564,backward,0.40185412019491196,24989.25,0.00010026060044765472,0.0,0.0,,,
275,1775660960.548291,optimizer,0.002543490380048752,24989.25,2.5289133191108704e-05,0.004110295325517654,0.0004820488393306732,99.0,0.8,20828.375
276,1775660961.0287483,forward,0.1939841043204069,24989.25,9.766407310962677e-05,0.0,0.0,,,
276,1775660961.4310791,backward,0.40215218253433704,24989.25,9.822100400924683e-05,0.0,0.0,,,
276,1775660961.4347203,optimizer,0.0025463011115789413,24989.25,2.3759901523590088e-05,0.0005176886916160583,0.0004772581160068512,100.0,0.8,20828.03515625
277,1775660961.8948772,forward,0.1942541003227234,24989.25,0.00012182071805000305,0.0,0.0,,,
277,1775660962.297197,backward,0.4021342620253563,24989.25,9.803101420402527e-05,0.0,0.0,,,
277,1775660962.3008804,optimizer,0.0025617722421884537,24989.25,2.4849548935890198e-05,0.0005038883537054062,0.0005175378173589706,100.0,0.8,20827.44921875
278,1775660962.7852278,forward,0.19395685382187366,24989.25,9.707920253276825e-05,0.0,0.0,,,
278,1775660963.1875215,backward,0.4021139331161976,24989.25,9.746290743350983e-05,0.0,0.0,,,
278,1775660963.1911447,optimizer,0.002529699355363846,24989.25,2.674199640750885e-05,0.0005091279745101929,0.00048459693789482117,100.0,0.8,20828.5859375
279,1775660963.6501985,forward,0.19393393211066723,24989.25,9.828060865402222e-05,0.0,0.0,,,
279,1775660964.0520394,backward,0.40166247449815273,24989.25,0.00010123103857040405,0.0,0.0,,,
279,1775660964.0556586,optimizer,0.0025442801415920258,24989.25,2.3521482944488525e-05,0.0005004871636629105,0.00047850795090198517,100.0,0.8,20828.09375
280,1775660964.516708,forward,0.1941147055476904,24989.25,9.98321920633316e-05,0.0,0.0,,,
280,1775660964.918873,backward,0.4019865281879902,24989.25,9.777955710887909e-05,0.0,0.0,,,
280,1775660964.9229147,optimizer,0.0025530196726322174,24989.25,3.542006015777588e-05,0.0008933842182159424,0.0004809480160474777,100.0,0.8,20828.3984375
281,1775660965.4006903,forward,0.19405731558799744,24989.25,0.00010014139115810394,0.0,0.0,,,
281,1775660965.8030584,backward,0.4021995235234499,24989.25,9.801052510738373e-05,0.0,0.0,,,
281,1775660965.8070629,optimizer,0.0025309212505817413,24989.25,2.333894371986389e-05,0.0008974038064479828,0.00047632865607738495,100.0,0.8,20828.55078125
282,1775660966.272135,forward,0.19397149235010147,24989.25,9.82917845249176e-05,0.0,0.0,,,
282,1775660966.674392,backward,0.402082160115242,24989.25,9.818188846111298e-05,0.0,0.0,,,
282,1775660966.678024,optimizer,0.0025234483182430267,24989.25,2.61794775724411e-05,0.0005232002586126328,0.0004786662757396698,100.0,0.8,20828.45703125
283,1775660967.1642764,forward,0.1938991192728281,24989.25,9.584054350852966e-05,0.0,0.0,,,
283,1775660967.5664344,backward,0.4019737299531698,24989.25,9.88394021987915e-05,0.0,0.0,,,
283,1775660967.5700645,optimizer,0.0025291480123996735,24989.25,2.5920569896697998e-05,0.0005251895636320114,0.00047463737428188324,100.0,0.8,20827.625
284,1775660968.0315192,forward,0.19393528066575527,24989.25,9.854510426521301e-05,0.0,0.0,,,
284,1775660968.4335513,backward,0.40184569731354713,24989.25,0.00010392069816589355,0.0,0.0,,,
284,1775660968.4372244,optimizer,0.0024687182158231735,24989.25,2.6790425181388855e-05,0.0006259102374315262,0.0004786178469657898,100.0,0.8,20827.77734375
285,1775660968.9000053,forward,0.19401004165410995,24989.25,9.780004620552063e-05,0.0,0.0,,,
285,1775660969.302171,backward,0.4019895885139704,24989.25,9.609200060367584e-05,0.0,0.0,,,
285,1775660969.306046,optimizer,0.002471987158060074,24989.25,2.6660040020942688e-05,0.0008264929056167603,0.00047654658555984497,100.0,0.8,20827.19140625
286,1775660969.7942355,forward,0.19390981271862984,24989.25,9.706057608127594e-05,0.0,0.0,,,
286,1775660970.1963184,backward,0.40189090743660927,24989.25,0.00011250190436840057,0.0,0.0,,,
286,1775660970.2004511,optimizer,0.002599261701107025,24989.25,2.573244273662567e-05,0.0008996743708848953,0.0004946775734424591,100.0,0.8,20827.09765625
287,1775660970.6607623,forward,0.19392282143235207,24989.25,9.863264858722687e-05,0.0,0.0,,,
287,1775660971.0630202,backward,0.40208039060235023,24989.25,9.795278310775757e-05,0.0,0.0,,,
287,1775660971.0666564,optimizer,0.0025468021631240845,24989.25,2.4469569325447083e-05,0.0005089472979307175,0.000475369393825531,100.0,0.8,20827.98828125
288,1775660971.5304697,forward,0.19402053207159042,24989.25,9.897910058498383e-05,0.0,0.0,,,
288,1775660971.9325416,backward,0.401895247399807,24989.25,9.682215750217438e-05,0.0,0.0,,,
288,1775660971.9364345,optimizer,0.002486100420355797,24989.25,2.6600435376167297e-05,0.0008241645991802216,0.00047928839921951294,100.0,0.8,20827.89453125
289,1775660972.4179015,forward,0.19402272440493107,24989.25,9.992904961109161e-05,0.0,0.0,,,
289,1775660972.8201323,backward,0.40205109119415283,24989.25,9.999983012676239e-05,0.0,0.0,,,
289,1775660972.8237455,optimizer,0.002535412088036537,24989.25,2.3752450942993164e-05,0.0005019884556531906,0.00047325529158115387,100.0,0.8,20827.5546875
290,1775660973.3050802,forward,0.19400951452553272,24989.25,9.606406092643738e-05,0.0,0.0,,,
290,1775660973.7073827,backward,0.4021276216953993,24989.25,9.923055768013e-05,0.0,0.0,,,
290,1775660973.7110054,optimizer,0.0025371797382831573,24989.25,2.421252429485321e-05,0.0005085580050945282,0.00047877803444862366,100.0,0.8,20827.4609375
291,1775660974.1928532,forward,0.1940478254109621,24989.25,9.820424020290375e-05,0.0,0.0,,,
291,1775660974.5949073,backward,0.4018799290060997,24989.25,9.797140955924988e-05,0.0,0.0,,,
291,1775660974.5989025,optimizer,0.002528078854084015,24989.25,4.1659921407699585e-05,0.0008704345673322678,0.0004770588129758835,100.0,0.8,20827.61328125
292,1775660975.0611665,forward,0.19392812252044678,24989.25,9.69916582107544e-05,0.0,0.0,,,
292,1775660975.46326,backward,0.4019190277904272,24989.25,9.87425446510315e-05,0.0,0.0,,,
292,1775660975.4668326,optimizer,0.0024679992347955704,24989.25,2.376176416873932e-05,0.0005249399691820145,0.0004794560372829437,100.0,0.8,20827.765625
293,1775660975.9285622,forward,0.19399833492934704,24989.25,9.838491678237915e-05,0.0,0.0,,,
293,1775660976.3308475,backward,0.4021078236401081,24989.25,9.587034583091736e-05,0.0,0.0,,,
293,1775660976.334929,optimizer,0.002531750127673149,24989.25,2.784840762615204e-05,0.0009694360196590424,0.00047584809362888336,100.0,0.8,20826.6875
294,1775660976.7952993,forward,0.19397935271263123,24989.25,9.913183748722076e-05,0.0,0.0,,,
294,1775660977.1975887,backward,0.4020968433469534,24989.25,0.00011113286018371582,0.0,0.0,,,
294,1775660977.2015593,optimizer,0.002479787915945053,24989.25,2.7431175112724304e-05,0.000883985310792923,0.0004986003041267395,100.0,0.8,20827.578125
295,1775660977.6818836,forward,0.1939395647495985,24989.25,9.927153587341309e-05,0.0,0.0,,,
295,1775660978.0839267,backward,0.4018581882119179,24989.25,0.00010762177407741547,0.0,0.0,,,
295,1775660978.0877209,optimizer,0.0026156604290008545,24989.25,2.6501715183258057e-05,0.0005153287202119827,0.0005024578422307968,100.0,0.8,20826.9921875
296,1775660978.5701408,forward,0.19403143413364887,24989.25,9.992159903049469e-05,0.0,0.0,,,
296,1775660978.9725661,backward,0.402245931327343,24989.25,9.741261601448059e-05,0.0,0.0,,,
296,1775660978.9761577,optimizer,0.0025026407092809677,24989.25,2.351030707359314e-05,0.0005158297717571259,0.00047338753938674927,100.0,0.8,20826.8984375
297,1775660979.4398808,forward,0.1940293237566948,24989.25,9.872019290924072e-05,0.0,0.0,,,
297,1775660979.8421721,backward,0.4021154008805752,24989.25,9.871833026409149e-05,0.0,0.0,,,
297,1775660979.8457463,optimizer,0.0024691708385944366,24989.25,2.834014594554901e-05,0.0005092974752187729,0.0004908796399831772,100.0,0.8,20826.9609375
298,1775660980.3083286,forward,0.19395947270095348,24989.25,9.941309690475464e-05,0.0,0.0,,,
298,1775660980.7106597,backward,0.402154890820384,24989.25,9.913370013237e-05,0.0,0.0,,,
298,1775660980.714232,optimizer,0.0024745911359786987,24989.25,2.6149675250053406e-05,0.0005186367779970169,0.0004723183810710907,100.0,0.8,20827.60546875
299,1775660981.1954772,forward,0.19410854391753674,24989.25,9.930133819580078e-05,0.0,0.0,,,
299,1775660981.5977378,backward,0.40208546072244644,24989.25,9.95434820652008e-05,0.0,0.0,,,
299,1775660981.601616,optimizer,0.002470441162586212,24989.25,2.671964466571808e-05,0.0008085835725069046,0.0004942361265420914,100.0,0.8,20827.75390625
300,1775660982.082008,forward,0.19393177330493927,24989.25,9.990297257900238e-05,0.0,0.0,,,
300,1775660982.4842966,backward,0.4021087232977152,24989.25,0.00010149180889129639,0.0,0.0,,,
300,1775660982.487842,optimizer,0.0024669505655765533,24989.25,2.5851652026176453e-05,0.0005081277340650558,0.0004720482975244522,100.0,0.8,20828.15234375
301,1775660982.9497988,forward,0.1940955650061369,24989.25,9.93441790342331e-05,0.0,0.0,,,
301,1775660983.3519545,backward,0.40197939053177834,24989.25,9.464286267757416e-05,0.0,0.0,,,
301,1775660983.3557935,optimizer,0.0025353487581014633,24989.25,2.45608389377594e-05,0.0007304716855287552,0.00047064758837223053,100.0,0.8,20828.3046875
302,1775660983.8168314,forward,0.19406008534133434,24989.25,9.642168879508972e-05,0.0,0.0,,,
302,1775660984.2189837,backward,0.40197454020380974,24989.25,9.736977517604828e-05,0.0,0.0,,,
302,1775660984.222611,optimizer,0.0025495514273643494,24989.25,2.2619962692260742e-05,0.0005009975284337997,0.000476667657494545,100.0,0.8,20827.96484375
303,1775660984.7065053,forward,0.1940199639648199,24989.25,9.93926078081131e-05,0.0,0.0,,,
303,1775660985.1086187,backward,0.4019352477043867,24989.25,9.947270154953003e-05,0.0,0.0,,,
303,1775660985.1122003,optimizer,0.0024846475571393967,24989.25,2.4432316422462463e-05,0.0005153194069862366,0.0004784483462572098,100.0,0.8,20828.1171875
304,1775660985.5985851,forward,0.19396302290260792,24989.25,9.953230619430542e-05,0.0,0.0,,,
304,1775660986.0006025,backward,0.4018426649272442,24989.25,9.811297059059143e-05,0.0,0.0,,,
304,1775660986.004201,optimizer,0.002498948946595192,24989.25,2.3867934942245483e-05,0.0005156993865966797,0.00048085860908031464,100.0,0.8,20827.87109375
305,1775660986.4874501,forward,0.19462615437805653,24989.25,0.000121312215924263,0.0,0.0,,,
305,1775660986.8899302,backward,0.40230084396898746,24989.25,9.639933705329895e-05,0.0,0.0,,,
305,1775660986.893647,optimizer,0.0025642402470111847,24989.25,2.446770668029785e-05,0.0005153492093086243,0.0005255769938230515,100.0,0.8,20827.68359375
306,1775660987.3550563,forward,0.19397803209722042,24989.25,9.369105100631714e-05,0.0,0.0,,,
306,1775660987.7570314,backward,0.4018002487719059,24989.25,9.726174175739288e-05,0.0,0.0,,,
306,1775660987.7606804,optimizer,0.002558879554271698,24989.25,2.5181099772453308e-05,0.0005125086754560471,0.00047848932445049286,100.0,0.8,20827.8359375
307,1775660988.2220001,forward,0.19396248273551464,24989.25,9.45795327425003e-05,0.0,0.0,,,
307,1775660988.6239848,backward,0.40181211568415165,24989.25,9.571202099323273e-05,0.0,0.0,,,
307,1775660988.627948,optimizer,0.0025173407047986984,24989.25,2.6419758796691895e-05,0.0008471105247735977,0.0004911795258522034,100.0,0.8,20827.97265625
308,1775660989.105676,forward,0.19412780553102493,24989.25,9.600259363651276e-05,0.0,0.0,,,
308,1775660989.5079143,backward,0.40206610038876534,24989.25,9.547173976898193e-05,0.0,0.0,,,
308,1775660989.5115712,optimizer,0.002558410167694092,24989.25,2.454034984111786e-05,0.0005174688994884491,0.0004793275147676468,100.0,0.8,20827.62109375
309,1775660989.9731266,forward,0.19402606412768364,24989.25,9.131990373134613e-05,0.0,0.0,,,
309,1775660990.3749344,backward,0.4016290735453367,24989.25,9.509176015853882e-05,0.0,0.0,,,
309,1775660990.3789117,optimizer,0.00254933163523674,24989.25,2.355314791202545e-05,0.0008528046309947968,0.00047599896788597107,100.0,0.8,20827.296875
310,1775660990.8400543,forward,0.1939478311687708,24989.25,9.407289326190948e-05,0.0,0.0,,,
310,1775660991.2421198,backward,0.4018870983272791,24989.25,9.40617173910141e-05,0.0,0.0,,,
310,1775660991.2457623,optimizer,0.0025393683463335037,24989.25,2.497062087059021e-05,0.0005096569657325745,0.0004906579852104187,100.0,0.8,20827.203125
311,1775660991.7067509,forward,0.19400745071470737,24989.25,9.889155626296997e-05,0.0,0.0,,,
311,1775660992.1089613,backward,0.402036901563406,24989.25,9.742006659507751e-05,0.0,0.0,,,
311,1775660992.1126673,optimizer,0.002552071586251259,24989.25,2.400018274784088e-05,0.0005736183375120163,0.00047724880278110504,100.0,0.8,20826.7109375
312,1775660992.5957222,forward,0.19395733438432217,24989.25,9.786337614059448e-05,0.0,0.0,,,
312,1775660992.9978693,backward,0.40196540765464306,24989.25,9.783357381820679e-05,0.0,0.0,,,
312,1775660993.0014892,optimizer,0.0025267694145441055,24989.25,2.5587156414985657e-05,0.000508628785610199,0.0004770401865243912,100.0,0.8,20827.5078125
313,1775660993.4791095,forward,0.19406356662511826,24989.25,9.755231440067291e-05,0.0,0.0,,,
313,1775660993.881414,backward,0.4021326210349798,24989.25,9.37730073928833e-05,0.0,0.0,,,
313,1775660993.8850455,optimizer,0.002550501376390457,24989.25,2.6652589440345764e-05,0.0005004554986953735,0.00047690048813819885,100.0,0.8,20827.66015625
314,1775660994.367821,forward,0.1940049920231104,24989.25,9.35923308134079e-05,0.0,0.0,,,
314,1775660994.7700562,backward,0.4020602200180292,24989.25,9.546242654323578e-05,0.0,0.0,,,
314,1775660994.7744765,optimizer,0.0029313452541828156,24989.25,2.5888904929161072e-05,0.0008683130145072937,0.0004826076328754425,100.0,0.8,20827.56640625
315,1775660995.238183,forward,0.19400737062096596,24989.25,9.72207635641098e-05,0.0,0.0,,,
315,1775660995.6400204,backward,0.40166634507477283,24989.25,9.183026850223541e-05,0.0,0.0,,,
315,1775660995.6436443,optimizer,0.0025312602519989014,24989.25,2.2100284695625305e-05,0.0004998482763767242,0.000493757426738739,100.0,0.8,20827.71875
316,1775660996.1042309,forward,0.19400558434426785,24989.25,9.768083691596985e-05,0.0,0.0,,,
316,1775660996.5065007,backward,0.40209138207137585,24989.25,9.723193943500519e-05,0.0,0.0,,,
316,1775660996.5100827,optimizer,0.00248723104596138,24989.25,2.4300068616867065e-05,0.0005128886550664902,0.00047821737825870514,100.0,0.8,20827.625
317,1775660996.972974,forward,0.19402594305574894,24989.25,9.0060755610466e-05,0.0,0.0,,,
317,1775660997.3748386,backward,0.40169064328074455,24989.25,9.528547525405884e-05,0.0,0.0,,,
317,1775660997.3784692,optimizer,0.0025387126952409744,24989.25,2.532079815864563e-05,0.0005108080804347992,0.0004737973213195801,100.0,0.8,20826.7890625
318,1775660997.8574681,forward,0.19403830543160439,24989.25,9.439140558242798e-05,0.0,0.0,,,
318,1775660998.2598603,backward,0.4022098910063505,24989.25,9.768269956111908e-05,0.0,0.0,,,
318,1775660998.2634485,optimizer,0.002493400126695633,24989.25,2.3210421204566956e-05,0.0005158688873052597,0.00047915615141391754,100.0,0.8,20826.203125
319,1775660998.7495055,forward,0.19392437115311623,24989.25,9.526312351226807e-05,0.0,0.0,,,
319,1775660999.1518314,backward,0.40214379876852036,24989.25,9.584426879882812e-05,0.0,0.0,,,
319,1775660999.1557345,optimizer,0.0025358423590660095,24989.25,2.3059546947479248e-05,0.0007862318307161331,0.0004800967872142792,100.0,0.8,20827.1875
320,1775660999.6415124,forward,0.19399179331958294,24989.25,9.633973240852356e-05,0.0,0.0,,,
320,1775661000.0436747,backward,0.4019802715629339,24989.25,9.627081453800201e-05,0.0,0.0,,,
320,1775661000.047313,optimizer,0.002554839476943016,24989.25,2.4430453777313232e-05,0.0005029570311307907,0.00047590769827365875,100.0,0.8,20826.26171875
321,1775661000.5071633,forward,0.19401475228369236,24989.25,9.842216968536377e-05,0.0,0.0,,,
321,1775661000.9093966,backward,0.4020555689930916,24989.25,9.537115693092346e-05,0.0,0.0,,,
321,1775661000.9134076,optimizer,0.0025455523282289505,24989.25,2.748146653175354e-05,0.0008839741349220276,0.00047759898006916046,100.0,0.8,20826.66015625
322,1775661001.3963392,forward,0.1940794363617897,24989.25,9.247288107872009e-05,0.0,0.0,,,
322,1775661001.798457,backward,0.40194028057157993,24989.25,9.557045996189117e-05,0.0,0.0,,,
322,1775661001.8020895,optimizer,0.002535441890358925,24989.25,2.4260953068733215e-05,0.0005216877907514572,0.0004768799990415573,100.0,0.8,20827.05859375
323,1775661002.2799406,forward,0.19399882480502129,24989.25,9.603984653949738e-05,0.0,0.0,,,
323,1775661002.6821911,backward,0.4020783416926861,24989.25,9.647198021411896e-05,0.0,0.0,,,
323,1775661002.6860776,optimizer,0.0027367044240236282,24989.25,2.27317214012146e-05,0.0005561783909797668,0.00047498010098934174,100.0,0.8,20826.96484375
324,1775661003.1973436,forward,0.19400226324796677,24989.25,9.595230221748352e-05,0.0,0.0,,,
324,1775661003.5992918,backward,0.40177453495562077,24989.25,9.44230705499649e-05,0.0,0.0,,,
324,1775661003.6030347,optimizer,0.002537580206990242,24989.25,2.3381784558296204e-05,0.0006265603005886078,0.00047607719898223877,100.0,0.8,20826.87109375
325,1775661004.0874825,forward,0.19407308287918568,24989.25,9.614042937755585e-05,0.0,0.0,,,
325,1775661004.4896607,backward,0.40200105123221874,24989.25,9.660236537456512e-05,0.0,0.0,,,
325,1775661004.493605,optimizer,0.0025421995669603348,24989.25,2.6889145374298096e-05,0.0008064229041337967,0.0004863813519477844,100.0,0.8,20826.77734375
326,1775661004.95694,forward,0.1939459592103958,24989.25,9.443983435630798e-05,0.0,0.0,,,
326,1775661005.3592517,backward,0.40213926136493683,24989.25,9.126216173171997e-05,0.0,0.0,,,
326,1775661005.3628635,optimizer,0.0025275684893131256,24989.25,2.2640451788902283e-05,0.000507919117808342,0.00047602690756320953,100.0,0.8,20826.9296875
327,1775661005.8473372,forward,0.19396012462675571,24989.25,9.581074118614197e-05,0.0,0.0,,,
327,1775661006.2492979,backward,0.40178717486560345,24989.25,9.677186608314514e-05,0.0,0.0,,,
327,1775661006.2534175,optimizer,0.0025424230843782425,24989.25,2.3910775780677795e-05,0.0009927060455083847,0.0004801172763109207,100.0,0.8,20826.34375
328,1775661006.7151942,forward,0.19406582415103912,24989.25,9.690038859844208e-05,0.0,0.0,,,
328,1775661007.117189,backward,0.401826698333025,24989.25,8.964911103248596e-05,0.0,0.0,,,
328,1775661007.120832,optimizer,0.0025481414049863815,24989.25,2.747960388660431e-05,0.0005164165049791336,0.0004734750837087631,100.0,0.8,20827.0703125
329,1775661007.581897,forward,0.19393017329275608,24989.25,9.540282189846039e-05,0.0,0.0,,,
329,1775661007.983663,backward,0.4015970155596733,24989.25,9.127147495746613e-05,0.0,0.0,,,
329,1775661007.9873078,optimizer,0.002558879554271698,24989.25,2.590194344520569e-05,0.0005091000348329544,0.0004720594733953476,100.0,0.8,20826.8828125
330,1775661008.4671373,forward,0.19404431618750095,24989.25,9.498372673988342e-05,0.0,0.0,,,
330,1775661008.8691263,backward,0.40181394666433334,24989.25,9.495951235294342e-05,0.0,0.0,,,
330,1775661008.873207,optimizer,0.0025473814457654953,24989.25,2.5561079382896423e-05,0.0009506549686193466,0.0004784483462572098,100.0,0.8,20826.7890625
331,1775661009.357872,forward,0.19397641345858574,24989.25,9.11317765712738e-05,0.0,0.0,,,
331,1775661009.7600985,backward,0.40205027163028717,24989.25,9.653158485889435e-05,0.0,0.0,,,
331,1775661009.7638109,optimizer,0.0025370195508003235,24989.25,2.2899359464645386e-05,0.0005979891866445541,0.00047877803444862366,100.0,0.8,20827.1875
332,1775661010.2284553,forward,0.19386024214327335,24989.25,9.488500654697418e-05,0.0,0.0,,,
332,1775661010.630337,backward,0.40170989371836185,24989.25,9.639188647270203e-05,0.0,0.0,,,
332,1775661010.6339827,optimizer,0.00254024937748909,24989.25,2.4499371647834778e-05,0.0005084797739982605,0.0004939083009958267,100.0,0.8,20827.33984375
333,1775661011.119556,forward,0.19421468675136566,24989.25,0.00012147985398769379,0.0,0.0,,,
333,1775661011.5218196,backward,0.4020821116864681,24989.25,9.603239595890045e-05,0.0,0.0,,,
333,1775661011.525475,optimizer,0.002544032409787178,24989.25,2.362765371799469e-05,0.0004911869764328003,0.0005200672894716263,100.0,0.8,20827.24609375
334,1775661012.0126808,forward,0.1939718835055828,24989.25,9.535253047943115e-05,0.0,0.0,,,
334,1775661012.4146812,backward,0.40182236582040787,24989.25,9.614229202270508e-05,0.0,0.0,,,
334,1775661012.4182417,optimizer,0.002473931759595871,24989.25,2.310052514076233e-05,0.0005109086632728577,0.0004777871072292328,100.0,0.8,20827.15234375
335,1775661012.9036033,forward,0.19392916187644005,24989.25,9.356997907161713e-05,0.0,0.0,,,
335,1775661013.3056812,backward,0.40184443816542625,24989.25,0.00014786235988140106,0.0,0.0,,,
335,1775661013.3095748,optimizer,0.00248090922832489,24989.25,2.6930123567581177e-05,0.0008172038942575455,0.000495200976729393,100.0,0.8,20827.3046875
336,1775661013.787517,forward,0.1940477341413498,24989.25,9.748339653015137e-05,0.0,0.0,,,
336,1775661014.1896567,backward,0.40196566842496395,24989.25,9.609013795852661e-05,0.0,0.0,,,
336,1775661014.1932514,optimizer,0.002489853650331497,24989.25,2.5700777769088745e-05,0.0005166977643966675,0.000484224408864975,100.0,0.8,20826.8125
337,1775661014.6753535,forward,0.19408408552408218,24989.25,9.713321924209595e-05,0.0,0.0,,,
337,1775661015.0774686,backward,0.4019397087395191,24989.25,9.566172957420349e-05,0.0,0.0,,,
337,1775661015.0811002,optimizer,0.002480519935488701,24989.25,2.6259571313858032e-05,0.0005546398460865021,0.0004789680242538452,100.0,0.8,20826.87109375
338,1775661015.5602143,forward,0.1940646767616272,24989.25,9.613111615180969e-05,0.0,0.0,,,
338,1775661015.9625623,backward,0.4021778106689453,24989.25,9.651109576225281e-05,0.0,0.0,,,
338,1775661015.9664714,optimizer,0.002475900575518608,24989.25,2.5039538741111755e-05,0.0008545033633708954,0.0004755370318889618,100.0,0.8,20827.0234375
339,1775661016.4503274,forward,0.19402424059808254,24989.25,9.642168879508972e-05,0.0,0.0,,,
339,1775661016.8524563,backward,0.4019536282867193,24989.25,9.325146675109863e-05,0.0,0.0,,,
339,1775661016.8560205,optimizer,0.0024726614356040955,24989.25,2.3640692234039307e-05,0.0005158763378858566,0.00047313980758190155,100.0,0.8,20826.68359375
340,1775661017.3153448,forward,0.19402476213872433,24989.25,9.79304313659668e-05,0.0,0.0,,,
340,1775661017.7176335,backward,0.4021045118570328,24989.25,0.00010815262794494629,0.0,0.0,,,
340,1775661017.7212577,optimizer,0.0024643000215291977,24989.25,2.3869797587394714e-05,0.0005881674587726593,0.00047843530774116516,100.0,0.8,20826.8359375
341,1775661018.2061174,forward,0.19387195073068142,24989.25,9.602122008800507e-05,0.0,0.0,,,
341,1775661018.6082127,backward,0.4019186273217201,24989.25,9.632110595703125e-05,0.0,0.0,,,
341,1775661018.6118572,optimizer,0.002541281282901764,24989.25,2.654828131198883e-05,0.0005162395536899567,0.0004774685949087143,100.0,0.8,20826.7421875
342,1775661019.100207,forward,0.19405979476869106,24989.25,0.00011698156595230103,0.0,0.0,,,
342,1775661019.502113,backward,0.40172422863543034,24989.25,9.372085332870483e-05,0.0,0.0,,,
342,1775661019.5062032,optimizer,0.002610849216580391,24989.25,2.3869797587394714e-05,0.0008922126144170761,0.00048576854169368744,100.0,0.8,20826.6484375
343,1775661019.965882,forward,0.19406159408390522,24989.25,9.55294817686081e-05,0.0,0.0,,,
343,1775661020.36834,backward,0.40228655375540257,24989.25,9.09212976694107e-05,0.0,0.0,,,
343,1775661020.3719575,optimizer,0.0025354884564876556,24989.25,2.5510787963867188e-05,0.0005034990608692169,0.0004787091165781021,100.0,0.8,20826.80078125
344,1775661020.8543267,forward,0.19406057335436344,24989.25,9.389035403728485e-05,0.0,0.0,,,
344,1775661021.25634,backward,0.4018361493945122,24989.25,9.709224104881287e-05,0.0,0.0,,,
344,1775661021.2599783,optimizer,0.002539459615945816,24989.25,2.329982817173004e-05,0.0005231983959674835,0.0004779491573572159,100.0,0.8,20835.3203125
345,1775661021.7463918,forward,0.19387580081820488,24989.25,9.776093065738678e-05,0.0,0.0,,,
345,1775661022.1484518,backward,0.4018879160284996,24989.25,9.493343532085419e-05,0.0,0.0,,,
345,1775661022.152079,optimizer,0.0025250911712646484,24989.25,2.3193657398223877e-05,0.0005161557346582413,0.000484200194478035,100.0,0.9,20836.78125
346,1775661022.6120071,forward,0.19397370517253876,24989.25,9.704194962978363e-05,0.0,0.0,,,
346,1775661023.0143027,backward,0.40212029218673706,24989.25,9.658001363277435e-05,0.0,0.0,,,
346,1775661023.0179434,optimizer,0.0025452785193920135,24989.25,2.3229047656059265e-05,0.0005010683089494705,0.0004896987229585648,100.0,0.8,20836.84765625
347,1775661023.5000715,forward,0.19398833438754082,24989.25,9.709224104881287e-05,0.0,0.0,,,
347,1775661023.9020987,backward,0.4018540270626545,24989.25,9.405985474586487e-05,0.0,0.0,,,
347,1775661023.9061189,optimizer,0.00254204124212265,24989.25,2.3720785975456238e-05,0.0008994657546281815,0.0004765558987855911,100.0,0.8,20836.75390625
348,1775661024.3956978,forward,0.19408398307859898,24989.25,9.33036208152771e-05,0.0,0.0,,,
348,1775661024.797775,backward,0.40190026722848415,24989.25,9.682215750217438e-05,0.0,0.0,,,
348,1775661024.8014123,optimizer,0.0025430619716644287,24989.25,2.4108216166496277e-05,0.0005103070288896561,0.00047957897186279297,100.0,0.8,20836.90625
349,1775661025.266926,forward,0.1940612755715847,24989.25,9.632110595703125e-05,0.0,0.0,,,
349,1775661025.668796,backward,0.4017001949250698,24989.25,9.541213512420654e-05,0.0,0.0,,,
349,1775661025.6724455,optimizer,0.0025516916066408157,24989.25,2.3910775780677795e-05,0.000500967726111412,0.0004945676773786545,100.0,0.8,20837.05859375
350,1775661026.1566358,forward,0.19398842379450798,24989.25,9.730830788612366e-05,0.0,0.0,,,
350,1775661026.5588465,backward,0.4020364321768284,24989.25,9.497255086898804e-05,0.0,0.0,,,
350,1775661026.5628312,optimizer,0.0025323405861854553,24989.25,2.4752691388130188e-05,0.0008708536624908447,0.0004739481955766678,100.0,0.8,20836.71875
351,1775661027.0451531,forward,0.19398758187890053,24989.25,9.454227983951569e-05,0.0,0.0,,,
351,1775661027.4473617,backward,0.40201837196946144,24989.25,0.0001091640442609787,0.0,0.0,,,
351,1775661027.4511893,optimizer,0.002633873373270035,24989.25,2.594105899333954e-05,0.0005224794149398804,0.0005053877830505371,100.0,0.8,20835.1484375
352,1775661027.9222062,forward,0.19398304261267185,24989.25,9.665079414844513e-05,0.0,0.0,,,
352,1775661028.324508,backward,0.4021280910819769,24989.25,9.625032544136047e-05,0.0,0.0,,,
352,1775661028.3283644,optimizer,0.0025503523647785187,24989.25,2.5698915123939514e-05,0.0007253997027873993,0.0004775281995534897,100.0,0.8,20834.5625
353,1775661028.8118093,forward,0.19405820406973362,24989.25,9.662099182605743e-05,0.0,0.0,,,
353,1775661029.2136712,backward,0.4016873072832823,24989.25,9.610317647457123e-05,0.0,0.0,,,
353,1775661029.217294,optimizer,0.002539660781621933,24989.25,2.360902726650238e-05,0.0005003977566957474,0.00048459693789482117,100.0,0.9,20832.1015625
354,1775661029.6798315,forward,0.19392304308712482,24989.25,9.721145033836365e-05,0.0,0.0,,,
354,1775661030.0820084,backward,0.40200651064515114,24989.25,9.228289127349854e-05,0.0,0.0,,,
354,1775661030.0860734,optimizer,0.0025364719331264496,24989.25,2.4879351258277893e-05,0.0009488463401794434,0.00047469884157180786,100.0,0.8,20832.8359375
355,1775661030.562558,forward,0.1939269844442606,24989.25,9.525194764137268e-05,0.0,0.0,,,
355,1775661030.9649918,backward,0.40226131305098534,24989.25,9.458139538764954e-05,0.0,0.0,,,
355,1775661030.968665,optimizer,0.0025626812130212784,24989.25,2.4670735001564026e-05,0.0005252975970506668,0.00047882646322250366,100.0,0.8,20832.98828125
356,1775661031.4502292,forward,0.1940397545695305,24989.25,9.517371654510498e-05,0.0,0.0,,,
356,1775661031.85256,backward,0.402160944417119,24989.25,9.310990571975708e-05,0.0,0.0,,,
356,1775661031.8561335,optimizer,0.0024828165769577026,24989.25,2.6309862732887268e-05,0.0005096476525068283,0.0004762653261423111,100.0,0.8,20833.140625
357,1775661032.3408585,forward,0.19404506497085094,24989.25,9.624287486076355e-05,0.0,0.0,,,
357,1775661032.7429338,backward,0.40189980901777744,24989.25,9.632855653762817e-05,0.0,0.0,,,
357,1775661032.7465713,optimizer,0.0025387685745954514,24989.25,2.4050474166870117e-05,0.0005173999816179276,0.0004782155156135559,100.0,0.8,20832.80078125
358,1775661033.22304,forward,0.19395948201417923,24989.25,9.794160723686218e-05,0.0,0.0,,,
358,1775661033.6249418,backward,0.4017301835119724,24989.25,9.635277092456818e-05,0.0,0.0,,,
358,1775661033.6285832,optimizer,0.0025383923202753067,24989.25,2.786889672279358e-05,0.0005165375769138336,0.00048081763088703156,100.0,0.8,20833.19921875
359,1775661034.090357,forward,0.19393430463969707,24989.25,9.465962648391724e-05,0.0,0.0,,,
359,1775661034.4923925,backward,0.4018578287214041,24989.25,9.63304191827774e-05,0.0,0.0,,,
359,1775661034.496139,optimizer,0.0025642290711402893,24989.25,2.6460736989974976e-05,0.0005970392376184464,0.00047994963824748993,100.0,0.8,20832.859375
360,1775661034.9794383,forward,0.1939466018229723,24989.25,9.627267718315125e-05,0.0,0.0,,,
360,1775661035.381469,backward,0.4018308576196432,24989.25,0.00011797994375228882,0.0,0.0,,,
360,1775661035.3858402,optimizer,0.003153989091515541,24989.25,2.4409964680671692e-05,0.0005262866616249084,0.0005126073956489563,100.0,0.8,20833.01171875
361,1775661035.851893,forward,0.1940254159271717,24989.25,9.155087172985077e-05,0.0,0.0,,,
361,1775661036.2539515,backward,0.40187881514430046,24989.25,9.999051690101624e-05,0.0,0.0,,,
361,1775661036.257638,optimizer,0.002535909414291382,24989.25,2.730824053287506e-05,0.0005220472812652588,0.000504007562994957,100.0,0.8,20832.91796875
362,1775661036.741097,forward,0.1939372643828392,24989.25,0.00010062381625175476,0.0,0.0,,,
362,1775661037.1431081,backward,0.4018438681960106,24989.25,9.458325803279877e-05,0.0,0.0,,,
362,1775661037.1467423,optimizer,0.002534540370106697,24989.25,2.419203519821167e-05,0.0005156751722097397,0.00047387927770614624,100.0,0.8,20832.42578125
363,1775661037.6069176,forward,0.1938572507351637,24989.25,9.790249168872833e-05,0.0,0.0,,,
363,1775661038.0088193,backward,0.4017235767096281,24989.25,9.789131581783295e-05,0.0,0.0,,,
363,1775661038.0124,optimizer,0.0024795588105916977,24989.25,2.378039062023163e-05,0.0005250293761491776,0.0004735291004180908,100.0,0.8,20832.9765625
364,1775661038.4726486,forward,0.1939818114042282,24989.25,9.889155626296997e-05,0.0,0.0,,,
364,1775661038.8751137,backward,0.40229783579707146,24989.25,9.309127926826477e-05,0.0,0.0,,,
364,1775661038.8790596,optimizer,0.002487398684024811,24989.25,2.51084566116333e-05,0.0008762050420045853,0.0004786662757396698,100.0,0.8,20832.8828125
365,1775661039.346005,forward,0.1939823105931282,24989.25,0.00010833330452442169,0.0,0.0,,,
365,1775661039.7480047,backward,0.401822654530406,24989.25,9.805336594581604e-05,0.0,0.0,,,
365,1775661039.7516518,optimizer,0.0025531593710184097,24989.25,2.6071444153785706e-05,0.0005158279091119766,0.0004781670868396759,100.0,0.8,20832.7890625
366,1775661040.2317884,forward,0.19402158446609974,24989.25,9.739026427268982e-05,0.0,0.0,,,
366,1775661040.6338875,backward,0.40192723646759987,24989.25,9.496323764324188e-05,0.0,0.0,,,
366,1775661040.6374393,optimizer,0.0024664215743541718,24989.25,2.3731961846351624e-05,0.0005091987550258636,0.0004725363105535507,100.0,0.8,20832.94140625
367,1775661041.1218133,forward,0.19391950406134129,24989.25,9.833276271820068e-05,0.0,0.0,,,
367,1775661041.5240982,backward,0.4021056219935417,24989.25,9.891018271446228e-05,0.0,0.0,,,
367,1775661041.5276785,optimizer,0.0025411490350961685,24989.25,2.3348256945610046e-05,0.00046361982822418213,0.00047459639608860016,100.0,0.8,20833.09375
368,1775661042.0179784,forward,0.19399691559374332,24989.25,9.506009519100189e-05,0.0,0.0,,,
368,1775661042.4200916,backward,0.4019365981221199,24989.25,9.414181113243103e-05,0.0,0.0,,,
368,1775661042.4237814,optimizer,0.0024887006729841232,24989.25,2.5549903512001038e-05,0.0006257388740777969,0.00047517940402030945,100.0,0.8,20833.0
369,1775661042.907999,forward,0.19401370361447334,24989.25,9.861215949058533e-05,0.0,0.0,,,
369,1775661043.310064,backward,0.40188431926071644,24989.25,9.918212890625e-05,0.0,0.0,,,
369,1775661043.3139913,optimizer,0.002481788396835327,24989.25,2.603977918624878e-05,0.0008562635630369186,0.0004851948469877243,100.0,0.8,20832.90625
370,1775661043.7750351,forward,0.19418716430664062,24989.25,9.818188846111298e-05,0.0,0.0,,,
370,1775661044.1772642,backward,0.4020524099469185,24989.25,9.916163980960846e-05,0.0,0.0,,,
370,1775661044.1812341,optimizer,0.0024973005056381226,24989.25,2.4139881134033203e-05,0.0008918754756450653,0.00047830864787101746,100.0,0.8,20833.3046875
371,1775661044.6652043,forward,0.19399542547762394,24989.25,9.963102638721466e-05,0.0,0.0,,,
371,1775661045.067263,backward,0.40187675692141056,24989.25,9.93628054857254e-05,0.0,0.0,,,
371,1775661045.0708213,optimizer,0.0024689268320798874,24989.25,2.446770668029785e-05,0.0005099885165691376,0.00047715939581394196,100.0,0.8,20833.3046875
372,1775661045.5568533,forward,0.1940688155591488,24989.25,9.866058826446533e-05,0.0,0.0,,,
372,1775661045.9589028,backward,0.40187414921820164,24989.25,9.96813178062439e-05,0.0,0.0,,,
372,1775661045.9626813,optimizer,0.00246603786945343,24989.25,2.411194145679474e-05,0.0007367506623268127,0.00047558918595314026,100.0,0.8,20833.1171875
373,1775661046.4229624,forward,0.1940860841423273,24989.25,9.559281170368195e-05,0.0,0.0,,,
373,1775661046.8247724,backward,0.40163055434823036,24989.25,9.786151349544525e-05,0.0,0.0,,,
373,1775661046.8283553,optimizer,0.0024785324931144714,24989.25,2.7300789952278137e-05,0.0005151201039552689,0.00048004835844039917,100.0,0.8,20833.26953125
374,1775661047.3174443,forward,0.1939891241490841,24989.25,0.00010091252624988556,0.0,0.0,,,
374,1775661047.7196972,backward,0.40208275988698006,24989.25,0.00010011903941631317,0.0,0.0,,,
374,1775661047.7232893,optimizer,0.0025489628314971924,24989.25,2.459995448589325e-05,0.0004707369953393936,0.00047955475747585297,100.0,0.8,20833.17578125
375,1775661048.1913023,forward,0.19402300380170345,24989.25,9.92603600025177e-05,0.0,0.0,,,
375,1775661048.5934002,backward,0.4019186198711395,24989.25,9.778328239917755e-05,0.0,0.0,,,
375,1775661048.5973544,optimizer,0.0025290604680776596,24989.25,2.5099143385887146e-05,0.0008309856057167053,0.0004748683422803879,100.0,0.8,20833.05078125
376,1775661049.0802152,forward,0.19393493235111237,24989.25,9.766966104507446e-05,0.0,0.0,,,
376,1775661049.4824932,backward,0.40210646018385887,24989.25,9.602122008800507e-05,0.0,0.0,,,
376,1775661049.4861217,optimizer,0.002529999241232872,24989.25,2.3050233721733093e-05,0.0005198288708925247,0.000474046915769577,100.0,0.8,20832.7109375
377,1775661049.965061,forward,0.19408556446433067,24989.25,9.57828015089035e-05,0.0,0.0,,,
377,1775661050.3670135,backward,0.40177085623145103,24989.25,9.748153388500214e-05,0.0,0.0,,,
377,1775661050.37063,optimizer,0.0025287289172410965,24989.25,2.4529173970222473e-05,0.0005075186491012573,0.000475909560918808,100.0,0.8,20831.8359375
378,1775661050.842246,forward,0.19394238479435444,24989.25,9.638071060180664e-05,0.0,0.0,,,
378,1775661051.2445638,backward,0.4021410923451185,24989.25,9.463168680667877e-05,0.0,0.0,,,
378,1775661051.2482111,optimizer,0.002539627254009247,24989.25,2.3672357201576233e-05,0.0005224384367465973,0.0004809573292732239,100.0,0.8,20831.7421875
379,1775661051.7236295,forward,0.1939651221036911,24989.25,9.821169078350067e-05,0.0,0.0,,,
379,1775661052.126107,backward,0.40228878520429134,24989.25,9.332224726676941e-05,0.0,0.0,,,
379,1775661052.1297321,optimizer,0.0025706011801958084,24989.25,2.4149194359779358e-05,0.00046342797577381134,0.00048577599227428436,100.0,0.8,20831.25
380,1775661052.6158824,forward,0.19389962032437325,24989.25,9.811297059059143e-05,0.0,0.0,,,
380,1775661053.0182567,backward,0.4021964315325022,24989.25,9.667128324508667e-05,0.0,0.0,,,
380,1775661053.0219064,optimizer,0.0025356095284223557,24989.25,2.4549663066864014e-05,0.0005153287202119827,0.0004919674247503281,100.0,0.8,20831.5546875
381,1775661053.4830155,forward,0.194033183157444,24989.25,9.58908349275589e-05,0.0,0.0,,,
381,1775661053.8849325,backward,0.4017453268170357,24989.25,9.427964687347412e-05,0.0,0.0,,,
381,1775661053.8885012,optimizer,0.0024826694279909134,24989.25,2.3679807782173157e-05,0.0005091298371553421,0.00047563761472702026,100.0,0.8,20831.953125
382,1775661054.3532155,forward,0.19390257447957993,24989.25,9.6932053565979e-05,0.0,0.0,,,
382,1775661054.7552671,backward,0.4018758572638035,24989.25,9.628012776374817e-05,0.0,0.0,,,
382,1775661054.7593389,optimizer,0.0025355014950037003,24989.25,2.462044358253479e-05,0.0009517353028059006,0.00048076920211315155,100.0,0.8,20831.859375
383,1775661055.224864,forward,0.19400195218622684,24989.25,9.648501873016357e-05,0.0,0.0,,,
383,1775661055.6269326,backward,0.40189214795827866,24989.25,9.630247950553894e-05,0.0,0.0,,,
383,1775661055.6305816,optimizer,0.002553030848503113,24989.25,2.3409724235534668e-05,0.0005177482962608337,0.00048129819333553314,100.0,0.8,20832.01171875
384,1775661056.09686,forward,0.19399668462574482,24989.25,9.624101221561432e-05,0.0,0.0,,,
384,1775661056.4989977,backward,0.4019573796540499,24989.25,9.748153388500214e-05,0.0,0.0,,,
384,1775661056.502631,optimizer,0.0025363098829984665,24989.25,2.4219974875450134e-05,0.0005157291889190674,0.000474756583571434,100.0,0.8,20831.671875
385,1775661056.9852216,forward,0.1939109694212675,24989.25,9.994395077228546e-05,0.0,0.0,,,
385,1775661057.3869634,backward,0.4015562906861305,24989.25,9.92119312286377e-05,0.0,0.0,,,
385,1775661057.390606,optimizer,0.002529960125684738,24989.25,2.368912100791931e-05,0.0005231965333223343,0.00048195570707321167,100.0,0.8,20830.32421875
386,1775661057.8688264,forward,0.1938717644661665,24989.25,9.592995047569275e-05,0.0,0.0,,,
386,1775661058.2706478,backward,0.40163723193109035,24989.25,0.00010047294199466705,0.0,0.0,,,
386,1775661058.274546,optimizer,0.0024550799280405045,24989.25,2.459995448589325e-05,0.0008673761039972305,0.000479627400636673,100.0,0.8,20830.96875
387,1775661058.7332096,forward,0.19400025345385075,24989.25,9.82433557510376e-05,0.0,0.0,,,
387,1775661059.1350634,backward,0.40165690146386623,24989.25,9.760260581970215e-05,0.0,0.0,,,
387,1775661059.138635,optimizer,0.0024789515882730484,24989.25,2.361088991165161e-05,0.000514177605509758,0.0004755798727273941,100.0,0.8,20830.62890625
388,1775661059.6224391,forward,0.1939450241625309,24989.25,9.703077375888824e-05,0.0,0.0,,,
388,1775661060.0247722,backward,0.4021381810307503,24989.25,0.00011436454951763153,0.0,0.0,,,
388,1775661060.0285976,optimizer,0.0026214327663183212,24989.25,2.61012464761734e-05,0.0005108769983053207,0.0005394779145717621,100.0,0.8,20830.2890625
389,1775661060.511809,forward,0.19411193579435349,24989.25,9.56803560256958e-05,0.0,0.0,,,
389,1775661060.9138017,backward,0.4018192458897829,24989.25,9.555183351039886e-05,0.0,0.0,,,
389,1775661060.9176433,optimizer,0.002478519454598427,24989.25,2.6050955057144165e-05,0.0007653720676898956,0.0004938878118991852,100.0,0.8,20830.93359375
390,1775661061.3935134,forward,0.19397487491369247,24989.25,9.603053331375122e-05,0.0,0.0,,,
390,1775661061.7954843,backward,0.40178903564810753,24989.25,9.697116911411285e-05,0.0,0.0,,,
390,1775661061.7990634,optimizer,0.0024813562631607056,24989.25,2.52407044172287e-05,0.0005170367658138275,0.00047954730689525604,100.0,0.8,20831.08203125
391,1775661062.282642,forward,0.19396761246025562,24989.25,9.666197001934052e-05,0.0,0.0,,,
391,1775661062.6844075,backward,0.4015899244695902,24989.25,9.619258344173431e-05,0.0,0.0,,,
391,1775661062.6879933,optimizer,0.0024870596826076508,24989.25,2.2141262888908386e-05,0.0005167704075574875,0.00047986581921577454,100.0,0.8,20830.7421875
392,1775661063.1489227,forward,0.1939958557486534,24989.25,9.811297059059143e-05,0.0,0.0,,,
392,1775661063.5510066,backward,0.40190913900732994,24989.25,9.619258344173431e-05,0.0,0.0,,,
392,1775661063.5549288,optimizer,0.0025401394814252853,24989.25,2.4089589715003967e-05,0.0008003804832696915,0.00048174895346164703,100.0,0.8,20830.6484375
393,1775661064.0140762,forward,0.19395992159843445,24989.25,9.590201079845428e-05,0.0,0.0,,,
393,1775661064.4158354,backward,0.40158300288021564,24989.25,9.385310113430023e-05,0.0,0.0,,,
393,1775661064.4194603,optimizer,0.002539999783039093,24989.25,2.272985875606537e-05,0.0005076080560684204,0.0004742797464132309,100.0,0.8,20831.046875
394,1775661064.8983545,forward,0.1940338835120201,24989.25,9.60230827331543e-05,0.0,0.0,,,
394,1775661065.3003168,backward,0.4017814490944147,24989.25,9.702146053314209e-05,0.0,0.0,,,
394,1775661065.30396,optimizer,0.002543428912758827,24989.25,2.4549663066864014e-05,0.0005170106887817383,0.0004807058721780777,100.0,0.8,20830.4609375
395,1775661065.786929,forward,0.19397984445095062,24989.25,9.148009121417999e-05,0.0,0.0,,,
395,1775661066.1888027,backward,0.40170163474977016,24989.25,9.58126038312912e-05,0.0,0.0,,,
395,1775661066.1926723,optimizer,0.00248824805021286,24989.25,2.3340806365013123e-05,0.0008000116795301437,0.00047720782458782196,100.0,0.8,20830.70703125
396,1775661066.6541727,forward,0.19402063265442848,24989.25,9.562075138092041e-05,0.0,0.0,,,
396,1775661067.0562024,backward,0.4018538277596235,24989.25,9.347870945930481e-05,0.0,0.0,,,
396,1775661067.0598183,optimizer,0.0025353021919727325,24989.25,2.4460256099700928e-05,0.0005010291934013367,0.0004739779978990555,100.0,0.8,20830.765625
397,1775661067.5337079,forward,0.1939254328608513,24989.25,9.653344750404358e-05,0.0,0.0,,,
397,1775661067.935627,backward,0.4017461556941271,24989.25,9.655952453613281e-05,0.0,0.0,,,
397,1775661067.9392772,optimizer,0.0025399215519428253,24989.25,2.761930227279663e-05,0.0005239304155111313,0.00048261694610118866,100.0,0.8,20830.671875
398,1775661068.4263995,forward,0.19414793699979782,24989.25,0.00011336244642734528,0.0,0.0,,,
398,1775661068.8285787,backward,0.4019919130951166,24989.25,9.822100400924683e-05,0.0,0.0,,,
398,1775661068.832609,optimizer,0.0026162229478359222,24989.25,2.4629756808280945e-05,0.000810764729976654,0.0004827883094549179,100.0,0.8,20831.0703125
399,1775661069.2976243,forward,0.19389103166759014,24989.25,0.00010300986468791962,0.0,0.0,,,
399,1775661069.6994724,backward,0.4016795940697193,24989.25,9.76119190454483e-05,0.0,0.0,,,
399,1775661069.703169,optimizer,0.0024704504758119583,24989.25,2.291053533554077e-05,0.0006468500941991806,0.00048149749636650085,100.0,0.8,20830.73046875
400,1775661070.1832776,forward,0.1940511353313923,24989.25,9.789876639842987e-05,0.0,0.0,,,
400,1775661070.5853598,backward,0.40190428867936134,24989.25,9.919330477714539e-05,0.0,0.0,,,
400,1775661070.589381,optimizer,0.002557991072535515,24989.25,2.679973840713501e-05,0.000881444662809372,0.0004772692918777466,100.0,0.8,20830.875
401,1775661071.0510898,forward,0.19396083056926727,24989.25,9.639188647270203e-05,0.0,0.0,,,
401,1775661071.453163,backward,0.4018989484757185,24989.25,9.573064744472504e-05,0.0,0.0,,,
401,1775661071.4567406,optimizer,0.0025040097534656525,24989.25,2.316012978553772e-05,0.000498136505484581,0.0004760380834341049,100.0,0.8,20830.53515625
402,1775661071.9372694,forward,0.19395680353045464,24989.25,9.819120168685913e-05,0.0,0.0,,,
402,1775661072.3390484,backward,0.4016002416610718,24989.25,9.718164801597595e-05,0.0,0.0,,,
402,1775661072.3426273,optimizer,0.002473820000886917,24989.25,2.250075340270996e-05,0.0005239881575107574,0.00047952868044376373,100.0,0.8,20830.93359375
403,1775661072.8248215,forward,0.19397986307740211,24989.25,9.492039680480957e-05,0.0,0.0,,,
403,1775661073.2266188,backward,0.40162226371467113,24989.25,9.691156446933746e-05,0.0,0.0,,,
403,1775661073.2304976,optimizer,0.002487167716026306,24989.25,2.3640692234039307e-05,0.0008136127144098282,0.0004795268177986145,100.0,0.8,20830.93359375
404,1775661073.6926744,forward,0.19397417455911636,24989.25,9.623169898986816e-05,0.0,0.0,,,
404,1775661074.094522,backward,0.4016731474548578,24989.25,9.592249989509583e-05,0.0,0.0,,,
404,1775661074.0981581,optimizer,0.002538718283176422,24989.25,2.3759901523590088e-05,0.0005165804177522659,0.0004780050367116928,100.0,0.8,20830.0078125
405,1775661074.5788114,forward,0.1939906533807516,24989.25,9.786337614059448e-05,0.0,0.0,,,
405,1775661074.9806693,backward,0.40168637596070766,24989.25,9.592249989509583e-05,0.0,0.0,,,
405,1775661074.9843223,optimizer,0.002545000985264778,24989.25,2.660229802131653e-05,0.0005216076970100403,0.0004792194813489914,100.0,0.8,20830.16015625
406,1775661075.4450312,forward,0.19399684481322765,24989.25,9.305216372013092e-05,0.0,0.0,,,
406,1775661075.8470614,backward,0.40185456722974777,24989.25,9.731203317642212e-05,0.0,0.0,,,
406,1775661075.8510013,optimizer,0.002558361738920212,24989.25,2.5931745767593384e-05,0.0008004344999790192,0.0004807189106941223,100.0,0.8,20830.8046875
407,1775661076.312444,forward,0.1940098237246275,24989.25,0.00011064298450946808,0.0,0.0,,,
407,1775661076.7148025,backward,0.4021061509847641,24989.25,9.750016033649445e-05,0.0,0.0,,,
407,1775661076.7183812,optimizer,0.0025121700018644333,24989.25,2.3892149329185486e-05,0.00046096742153167725,0.0004995577037334442,100.0,0.8,20830.46484375
408,1775661077.1779711,forward,0.1940099149942398,24989.25,9.281933307647705e-05,0.0,0.0,,,
408,1775661077.5799134,backward,0.40176115557551384,24989.25,9.700842201709747e-05,0.0,0.0,,,
408,1775661077.5835376,optimizer,0.002532128244638443,24989.25,2.496875822544098e-05,0.0005088597536087036,0.00047880783677101135,100.0,0.8,20830.6171875
409,1775661078.047516,forward,0.1939938310533762,24989.25,9.622424840927124e-05,0.0,0.0,,,
409,1775661078.4493945,backward,0.4017072543501854,24989.25,9.422376751899719e-05,0.0,0.0,,,
409,1775661078.4529696,optimizer,0.002475820481777191,24989.25,2.5698915123939514e-05,0.0005179569125175476,0.0004781782627105713,100.0,0.8,20830.76953125
410,1775661078.914146,forward,0.19412718527019024,24989.25,9.459070861339569e-05,0.0,0.0,,,
410,1775661079.316206,backward,0.40188160724937916,24989.25,9.482353925704956e-05,0.0,0.0,,,
410,1775661079.3198853,optimizer,0.002475159242749214,24989.25,2.3731961846351624e-05,0.0006225313991308212,0.000477546826004982,100.0,0.8,20829.9375
411,1775661079.7999122,forward,0.19398480281233788,24989.25,9.784102439880371e-05,0.0,0.0,,,
411,1775661080.201652,backward,0.40156639367341995,24989.25,9.543076157569885e-05,0.0,0.0,,,
411,1775661080.2052078,optimizer,0.002481270581483841,24989.25,2.579018473625183e-05,0.0004935078322887421,0.0004777275025844574,100.0,0.8,20831.16796875
412,1775661080.6697526,forward,0.1939505711197853,24989.25,9.740516543388367e-05,0.0,0.0,,,
412,1775661081.071661,backward,0.4017276559025049,24989.25,9.702146053314209e-05,0.0,0.0,,,
412,1775661081.0752478,optimizer,0.002498200163245201,24989.25,2.4940818548202515e-05,0.0005094762891530991,0.0004760175943374634,100.0,0.8,20830.734375
413,1775661081.550528,forward,0.19409047439694405,24989.25,9.804964065551758e-05,0.0,0.0,,,
413,1775661081.9523351,backward,0.40163455344736576,24989.25,9.394250810146332e-05,0.0,0.0,,,
413,1775661081.9558897,optimizer,0.0024615805596113205,24989.25,2.3579224944114685e-05,0.0005152393132448196,0.00047641806304454803,100.0,0.8,20831.1328125
414,1775661082.4315813,forward,0.19401719607412815,24989.25,9.588897228240967e-05,0.0,0.0,,,
414,1775661082.833672,backward,0.4018521849066019,24989.25,0.0001600608229637146,0.0,0.0,,,
414,1775661082.8372507,optimizer,0.0024632401764392853,24989.25,2.7079135179519653e-05,0.0005239080637693405,0.00047474727034568787,100.0,0.8,20831.0390625
415,1775661083.31652,forward,0.19412027671933174,24989.25,0.00010055303573608398,0.0,0.0,,,
415,1775661083.7184403,backward,0.40175194665789604,24989.25,9.905360639095306e-05,0.0,0.0,,,
415,1775661083.721961,optimizer,0.0024751201272010803,24989.25,2.400018274784088e-05,0.00045818649232387543,0.00048822909593582153,100.0,0.8,20830.69921875
416,1775661084.2087305,forward,0.1940027941018343,24989.25,9.763054549694061e-05,0.0,0.0,,,
416,1775661084.610543,backward,0.4016126226633787,24989.25,0.00011798180639743805,0.0,0.0,,,
416,1775661084.6148336,optimizer,0.0030952487140893936,24989.25,2.3750588297843933e-05,0.0005204882472753525,0.0005029477179050446,100.0,0.8,20830.8515625
417,1775661085.0863688,forward,0.19408676400780678,24989.25,9.59448516368866e-05,0.0,0.0,,,
417,1775661085.4884472,backward,0.4019041880965233,24989.25,9.422190487384796e-05,0.0,0.0,,,
417,1775661085.492072,optimizer,0.0025379303842782974,24989.25,2.493150532245636e-05,0.0005063489079475403,0.0004777386784553528,100.0,0.8,20830.51171875
418,1775661085.973142,forward,0.1939775012433529,24989.25,9.570084512233734e-05,0.0,0.0,,,
418,1775661086.3750956,backward,0.40177617594599724,24989.25,9.689107537269592e-05,0.0,0.0,,,
418,1775661086.3787482,optimizer,0.0025539398193359375,24989.25,2.5801360607147217e-05,0.0005172789096832275,0.00047613680362701416,100.0,0.8,20830.91015625
419,1775661086.8383894,forward,0.19394412450492382,24989.25,9.684078395366669e-05,0.0,0.0,,,
419,1775661087.2401316,backward,0.4015672020614147,24989.25,9.717978537082672e-05,0.0,0.0,,,
419,1775661087.2441113,optimizer,0.002538999542593956,24989.25,2.3446977138519287e-05,0.000852532684803009,0.00047708675265312195,100.0,0.8,20830.81640625
420,1775661087.7027633,forward,0.1940316427499056,24989.25,9.550154209136963e-05,0.0,0.0,,,
420,1775661088.1044767,backward,0.4015413001179695,24989.25,9.561888873577118e-05,0.0,0.0,,,
420,1775661088.1091635,optimizer,0.0025463420897722244,24989.25,2.4320557713508606e-05,0.0015568062663078308,0.0004789959639310837,100.0,0.8,20830.32421875
421,1775661088.5708883,forward,0.1939733326435089,24989.25,9.620189666748047e-05,0.0,0.0,,,
421,1775661088.9727376,backward,0.40167790465056896,24989.25,9.691156446933746e-05,0.0,0.0,,,
421,1775661088.9763756,optimizer,0.002540111541748047,24989.25,2.436712384223938e-05,0.0005152560770511627,0.0004783347249031067,100.0,0.8,20830.3828125
422,1775661089.4418688,forward,0.19398927502334118,24989.25,9.415298700332642e-05,0.0,0.0,,,
422,1775661089.8439527,backward,0.40191028639674187,24989.25,9.446404874324799e-05,0.0,0.0,,,
422,1775661089.8479176,optimizer,0.0025315899401903152,24989.25,2.2670254111289978e-05,0.0008586738258600235,0.0004750974476337433,100.0,0.8,20831.02734375
423,1775661090.3311412,forward,0.1939644031226635,24989.25,9.52892005443573e-05,0.0,0.0,,,
423,1775661090.732804,backward,0.4014873132109642,24989.25,9.801238775253296e-05,0.0,0.0,,,
423,1775661090.7363734,optimizer,0.0024711471050977707,24989.25,2.5190412998199463e-05,0.0005159582942724228,0.0004771184176206589,100.0,0.8,20830.6875
424,1775661091.198774,forward,0.19394277222454548,24989.25,9.556859731674194e-05,0.0,0.0,,,
424,1775661091.6006556,backward,0.40170412696897984,24989.25,9.814277291297913e-05,0.0,0.0,,,
424,1775661091.6045008,optimizer,0.0024771708995103836,24989.25,2.306140959262848e-05,0.0007867626845836639,0.00047931820154190063,100.0,0.8,20830.59375
425,1775661092.069012,forward,0.19405843317508698,24989.25,9.736977517604828e-05,0.0,0.0,,,
425,1775661092.4710562,backward,0.4018662665039301,24989.25,9.789131581783295e-05,0.0,0.0,,,
425,1775661092.474619,optimizer,0.0024709291756153107,24989.25,2.4020671844482422e-05,0.0005148779600858688,0.00047558732330799103,100.0,0.8,20830.5
426,1775661092.9380798,forward,0.19435561075806618,24989.25,9.603053331375122e-05,0.0,0.0,,,
426,1775661093.340091,backward,0.40183414705097675,24989.25,9.485334157943726e-05,0.0,0.0,,,
426,1775661093.3440154,optimizer,0.0024846885353326797,24989.25,2.5741755962371826e-05,0.0008535441011190414,0.00048383884131908417,100.0,0.8,20829.9140625
427,1775661093.805335,forward,0.19400263391435146,24989.25,9.574182331562042e-05,0.0,0.0,,,
427,1775661094.207234,backward,0.40172934904694557,24989.25,9.405240416526794e-05,0.0,0.0,,,
427,1775661094.210815,optimizer,0.002495408058166504,24989.25,2.2839754819869995e-05,0.0005090385675430298,0.00047771818935871124,100.0,0.8,20830.65234375
428,1775661094.673034,forward,0.194086704403162,24989.25,9.864196181297302e-05,0.0,0.0,,,
428,1775661095.075171,backward,0.4019610993564129,24989.25,9.422004222869873e-05,0.0,0.0,,,
428,1775661095.0787463,optimizer,0.002489076927304268,24989.25,2.464093267917633e-05,0.000507039949297905,0.00047503598034381866,100.0,0.8,20830.7109375
429,1775661095.5415983,forward,0.19395477324724197,24989.25,0.00010351277887821198,0.0,0.0,,,
429,1775661095.9434988,backward,0.40173389576375484,24989.25,9.630434215068817e-05,0.0,0.0,,,
429,1775661095.9475274,optimizer,0.0024886000901460648,24989.25,2.421066164970398e-05,0.0009576752781867981,0.0004802681505680084,100.0,0.8,20830.86328125
430,1775661096.4272945,forward,0.194041995331645,24989.25,9.734183549880981e-05,0.0,0.0,,,
430,1775661096.829269,backward,0.40179838612675667,24989.25,9.692087769508362e-05,0.0,0.0,,,
430,1775661096.8329172,optimizer,0.0025503113865852356,24989.25,2.4568289518356323e-05,0.0005166996270418167,0.0004779864102602005,100.0,0.8,20831.26171875
431,1775661097.3182013,forward,0.19385698065161705,24989.25,9.992159903049469e-05,0.0,0.0,,,
431,1775661097.720084,backward,0.4017066266387701,24989.25,9.75392758846283e-05,0.0,0.0,,,
431,1775661097.7240913,optimizer,0.002472551539540291,24989.25,2.38809734582901e-05,0.0009544249624013901,0.00048105791211128235,100.0,0.8,20831.07421875
432,1775661098.1883945,forward,0.1938997209072113,24989.25,9.395182132720947e-05,0.0,0.0,,,
432,1775661098.5903773,backward,0.40180701576173306,24989.25,9.640306234359741e-05,0.0,0.0,,,
432,1775661098.5942008,optimizer,0.0024873800575733185,24989.25,2.5270506739616394e-05,0.0007533226162195206,0.0004787985235452652,100.0,0.8,20832.94921875
433,1775661099.0814502,forward,0.19402865506708622,24989.25,9.396858513355255e-05,0.0,0.0,,,
433,1775661099.4832003,backward,0.40157900378108025,24989.25,9.349174797534943e-05,0.0,0.0,,,
433,1775661099.4867713,optimizer,0.002474837005138397,24989.25,2.4238601326942444e-05,0.0005166176706552505,0.00047904811799526215,100.0,0.8,20833.34375
434,1775661099.9551675,forward,0.1939618531614542,24989.25,9.725987911224365e-05,0.0,0.0,,,
434,1775661100.3570614,backward,0.4016995970159769,24989.25,9.798072278499603e-05,0.0,0.0,,,
434,1775661100.3609695,optimizer,0.0024859197437763214,24989.25,2.2860243916511536e-05,0.0008384846150875092,0.00048095546662807465,100.0,0.8,20833.49609375
435,1775661100.8202744,forward,0.19396258145570755,24989.25,0.00010205991566181183,0.0,0.0,,,
435,1775661101.2227557,backward,0.40228385478258133,24989.25,9.725242853164673e-05,0.0,0.0,,,
435,1775661101.2263498,optimizer,0.0024959202855825424,24989.25,2.614036202430725e-05,0.0005197376012802124,0.00047697871923446655,100.0,0.8,20832.91015625
436,1775661101.7291605,forward,0.19401885382831097,24989.25,9.951181709766388e-05,0.0,0.0,,,
436,1775661102.131003,backward,0.4016668163239956,24989.25,9.851902723312378e-05,0.0,0.0,,,
436,1775661102.134587,optimizer,0.0024854373186826706,24989.25,2.3642554879188538e-05,0.0005231667309999466,0.00047200731933116913,100.0,0.8,20833.0625
437,1775661102.5927103,forward,0.193992393091321,24989.25,9.952113032341003e-05,0.0,0.0,,,
437,1775661102.9946253,backward,0.4017396755516529,24989.25,9.953975677490234e-05,0.0,0.0,,,
437,1775661102.998183,optimizer,0.0024850815534591675,24989.25,2.5330111384391785e-05,0.0004842393100261688,0.00048132799565792084,100.0,0.8,20833.21484375
438,1775661103.4605532,forward,0.19406487606465816,24989.25,9.488128125667572e-05,0.0,0.0,,,
438,1775661103.8627431,backward,0.4020152688026428,24989.25,9.635090827941895e-05,0.0,0.0,,,
438,1775661103.8663182,optimizer,0.002482520416378975,24989.25,2.5218352675437927e-05,0.0005193781107664108,0.0004741176962852478,100.0,0.8,20833.3671875
439,1775661104.3300014,forward,0.19396998174488544,24989.25,0.00010001100599765778,0.0,0.0,,,
439,1775661104.731797,backward,0.40162617340683937,24989.25,9.708106517791748e-05,0.0,0.0,,,
439,1775661104.735393,optimizer,0.002472812309861183,24989.25,2.3152679204940796e-05,0.0005216877907514572,0.00048088841140270233,100.0,0.8,20833.2734375
440,1775661105.200375,forward,0.19400688260793686,24989.25,9.562075138092041e-05,0.0,0.0,,,
440,1775661105.6023247,backward,0.40177589841187,24989.25,9.780004620552063e-05,0.0,0.0,,,
440,1775661105.6059065,optimizer,0.0024717524647712708,24989.25,2.4460256099700928e-05,0.0005156174302101135,0.0004927478730678558,100.0,0.9,20832.6875
441,1775661106.0848424,forward,0.19393661245703697,24989.25,9.639933705329895e-05,0.0,0.0,,,
441,1775661106.4865994,backward,0.4015836026519537,24989.25,9.36407595872879e-05,0.0,0.0,,,
441,1775661106.490173,optimizer,0.002473156899213791,24989.25,2.3089349269866943e-05,0.0005130190402269363,0.00048357807099819183,100.0,0.9,20834.0703125
442,1775661106.9544332,forward,0.19408610463142395,24989.25,9.530410170555115e-05,0.0,0.0,,,
442,1775661107.356259,backward,0.40164524503052235,24989.25,9.74312424659729e-05,0.0,0.0,,,
442,1775661107.3602304,optimizer,0.002482861280441284,24989.25,2.4318695068359375e-05,0.0009043551981449127,0.0004780888557434082,100.0,0.8,20833.73046875
443,1775661107.8229578,forward,0.19406486488878727,24989.25,9.560026228427887e-05,0.0,0.0,,,
443,1775661108.2251093,backward,0.40197950787842274,24989.25,9.398162364959717e-05,0.0,0.0,,,
443,1775661108.228697,optimizer,0.002489861100912094,24989.25,2.4728477001190186e-05,0.0005167070776224136,0.00047934800386428833,100.0,0.8,20833.8828125
444,1775661108.7065136,forward,0.19406248442828655,24989.25,0.00010040029883384705,0.0,0.0,,,
444,1775661109.108507,backward,0.40177750773727894,24989.25,0.00011885352432727814,0.0,0.0,,,
444,1775661109.1122375,optimizer,0.002572372555732727,24989.25,2.658739686012268e-05,0.00046868808567523956,0.0005364995449781418,100.0,0.8,20834.12890625
445,1775661109.5724783,forward,0.19403586350381374,24989.25,9.837187826633453e-05,0.0,0.0,,,
445,1775661109.9745739,backward,0.4019186291843653,24989.25,9.804405272006989e-05,0.0,0.0,,,
445,1775661109.9785132,optimizer,0.0024703610688447952,24989.25,2.3769214749336243e-05,0.0008861739188432693,0.0004807375371456146,100.0,0.8,20833.94140625
446,1775661110.4577625,forward,0.1940521840006113,24989.25,0.00010157935321331024,0.0,0.0,,,
446,1775661110.8599684,backward,0.4020388796925545,24989.25,9.529292583465576e-05,0.0,0.0,,,
446,1775661110.863552,optimizer,0.0024843700230121613,24989.25,2.5859102606773376e-05,0.0005241483449935913,0.0004695579409599304,100.0,0.8,20834.09375
447,1775661111.3465497,forward,0.19405469484627247,24989.25,9.817071259021759e-05,0.0,0.0,,,
447,1775661111.7485564,backward,0.4018288869410753,24989.25,9.841285645961761e-05,0.0,0.0,,,
447,1775661111.752172,optimizer,0.002476850524544716,24989.25,2.4760141968727112e-05,0.0005585383623838425,0.00048095546662807465,100.0,0.8,20834.24609375
448,1775661112.2358682,forward,0.19384590908885002,24989.25,9.728223085403442e-05,0.0,0.0,,,
448,1775661112.6379757,backward,0.4019254483282566,24989.25,9.957142174243927e-05,0.0,0.0,,,
448,1775661112.6421347,optimizer,0.002471247687935829,24989.25,2.6399269700050354e-05,0.0011035576462745667,0.0004825294017791748,100.0,0.8,20833.90625
449,1775661113.1247766,forward,0.19409635476768017,24989.25,9.721145033836365e-05,0.0,0.0,,,
449,1775661113.5268493,backward,0.40189701691269875,24989.25,9.567104279994965e-05,0.0,0.0,,,
449,1775661113.5304945,optimizer,0.0025414787232875824,24989.25,2.3931264877319336e-05,0.0005273781716823578,0.00047740712761878967,100.0,0.8,20833.56640625
450,1775661113.9902408,forward,0.19396894238889217,24989.25,9.512901306152344e-05,0.0,0.0,,,
450,1775661114.3920374,backward,0.4016167037189007,24989.25,9.597279131412506e-05,0.0,0.0,,,
450,1775661114.395922,optimizer,0.002477230504155159,24989.25,2.4860724806785583e-05,0.0008252821862697601,0.0004769805818796158,100.0,0.8,20833.96484375
451,1775661114.87776,forward,0.19388304091989994,24989.25,9.541213512420654e-05,0.0,0.0,,,
451,1775661115.2795606,backward,0.4016258046030998,24989.25,9.549222886562347e-05,0.0,0.0,,,
451,1775661115.2831419,optimizer,0.0024829208850860596,24989.25,2.3771077394485474e-05,0.0005160290747880936,0.00047939829528331757,100.0,0.8,20834.1171875
452,1775661115.7638278,forward,0.19400515407323837,24989.25,9.470246732234955e-05,0.0,0.0,,,
452,1775661116.1657078,backward,0.4017073567956686,24989.25,9.663216769695282e-05,0.0,0.0,,,
452,1775661116.1692903,optimizer,0.002486487850546837,24989.25,2.319924533367157e-05,0.0005170013755559921,0.0004762168973684311,100.0,0.8,20833.37890625
453,1775661116.646588,forward,0.19391720183193684,24989.25,9.770318865776062e-05,0.0,0.0,,,
453,1775661117.0486066,backward,0.4018495175987482,24989.25,9.541027247905731e-05,0.0,0.0,,,
453,1775661117.0521848,optimizer,0.0025015007704496384,24989.25,2.5991350412368774e-05,0.0004930682480335236,0.0004788953810930252,100.0,0.8,20831.22265625
454,1775661117.536472,forward,0.1940990760922432,24989.25,0.0001189112663269043,0.0,0.0,,,
454,1775661117.9383159,backward,0.4016646835952997,24989.25,9.582936763763428e-05,0.0,0.0,,,
454,1775661117.9419708,optimizer,0.002550629898905754,24989.25,2.4400651454925537e-05,0.0005037467926740646,0.0004975069314241409,100.0,0.8,20831.62109375
455,1775661118.4287431,forward,0.19392893090844154,24989.25,9.715184569358826e-05,0.0,0.0,,,
455,1775661118.8308928,backward,0.40197706781327724,24989.25,9.412132203578949e-05,0.0,0.0,,,
455,1775661118.834778,optimizer,0.0024702604860067368,24989.25,2.5022774934768677e-05,0.0008362215012311935,0.0004761889576911926,100.0,0.8,20831.52734375
456,1775661119.3121908,forward,0.1939577106386423,24989.25,9.653158485889435e-05,0.0,0.0,,,
456,1775661119.7140245,backward,0.40166047401726246,24989.25,9.738095104694366e-05,0.0,0.0,,,
456,1775661119.7179825,optimizer,0.0024871397763490677,24989.25,2.4707987904548645e-05,0.0008828844875097275,0.0004876870661973953,100.0,0.9,20831.1875
457,1775661120.1805525,forward,0.19409710355103016,24989.25,9.552203118801117e-05,0.0,0.0,,,
457,1775661120.582727,backward,0.40199925005435944,24989.25,9.638257324695587e-05,0.0,0.0,,,
457,1775661120.586304,optimizer,0.0024842899292707443,24989.25,2.471916377544403e-05,0.0005140881985425949,0.0004772469401359558,100.0,0.8,20831.33984375
458,1775661121.0466213,forward,0.1940819937735796,24989.25,9.698234498500824e-05,0.0,0.0,,,
458,1775661121.4483268,backward,0.4015261307358742,24989.25,9.779073297977448e-05,0.0,0.0,,,
458,1775661121.4518976,optimizer,0.002492450177669525,24989.25,2.50302255153656e-05,0.0005011092871427536,0.00047628767788410187,100.0,0.8,20831.24609375
459,1775661121.935864,forward,0.19396664388477802,24989.25,9.564124047756195e-05,0.0,0.0,,,
459,1775661122.3377852,backward,0.4017449226230383,24989.25,9.737163782119751e-05,0.0,0.0,,,
459,1775661122.3413553,optimizer,0.0024791397154331207,24989.25,2.3830682039260864e-05,0.0005087386816740036,0.0004803072661161423,100.0,0.8,20831.3984375
460,1775661122.8196385,forward,0.19397810474038124,24989.25,0.0001010112464427948,0.0,0.0,,,
460,1775661123.221847,backward,0.4020174276083708,24989.25,9.737350046634674e-05,0.0,0.0,,,
460,1775661123.2254233,optimizer,0.0024762190878391266,24989.25,2.4609267711639404e-05,0.0005154777318239212,0.0004813484847545624,100.0,0.8,20831.64453125
461,1775661123.687027,forward,0.19404038228094578,24989.25,9.909085929393768e-05,0.0,0.0,,,
461,1775661124.0889544,backward,0.40174821577966213,24989.25,9.962357580661774e-05,0.0,0.0,,,
461,1775661124.0928879,optimizer,0.0024798884987831116,24989.25,2.4180859327316284e-05,0.0008751843124628067,0.00047576799988746643,100.0,0.8,20831.2109375
462,1775661124.5542488,forward,0.1939418911933899,24989.25,9.726546704769135e-05,0.0,0.0,,,
462,1775661124.9564366,backward,0.40201021917164326,24989.25,9.861215949058533e-05,0.0,0.0,,,
462,1775661124.9600167,optimizer,0.0024845097213983536,24989.25,2.4240463972091675e-05,0.0005151182413101196,0.0004753265529870987,100.0,0.8,20831.609375
463,1775661125.42424,forward,0.1946035847067833,24989.25,0.00011054240167140961,0.0,0.0,,,
463,1775661125.826208,backward,0.4017772637307644,24989.25,9.74312424659729e-05,0.0,0.0,,,
463,1775661125.8298347,optimizer,0.002495400607585907,24989.25,2.3810192942619324e-05,0.0005214493721723557,0.0005110092461109161,100.0,0.8,20831.515625
464,1775661126.293821,forward,0.19403214566409588,24989.25,9.878166019916534e-05,0.0,0.0,,,
464,1775661126.6957874,backward,0.4017859771847725,24989.25,9.83215868473053e-05,0.0,0.0,,,
464,1775661126.6993282,optimizer,0.002497240900993347,24989.25,2.5179237127304077e-05,0.00046327896416187286,0.00047769583761692047,100.0,0.8,20831.421875
465,1775661127.17853,forward,0.19401475228369236,24989.25,9.207241237163544e-05,0.0,0.0,,,
465,1775661127.5802977,backward,0.40158544294536114,24989.25,9.593181312084198e-05,0.0,0.0,,,
465,1775661127.5838861,optimizer,0.0024897195398807526,24989.25,2.499110996723175e-05,0.0005161575973033905,0.0004800669848918915,100.0,0.8,20831.328125
466,1775661128.062715,forward,0.19401225075125694,24989.25,9.605102241039276e-05,0.0,0.0,,,
466,1775661128.4647245,backward,0.4018336683511734,24989.25,9.686872363090515e-05,0.0,0.0,,,
466,1775661128.4682927,optimizer,0.002468068152666092,24989.25,2.4020671844482422e-05,0.0005163904279470444,0.0004797670990228653,100.0,0.8,20831.97265625
467,1775661128.9290574,forward,0.19398373179137707,24989.25,9.617209434509277e-05,0.0,0.0,,,
467,1775661129.330822,backward,0.40159268490970135,24989.25,9.49706882238388e-05,0.0,0.0,,,
467,1775661129.334774,optimizer,0.0024679694324731827,24989.25,2.4631619453430176e-05,0.0009019933640956879,0.00048102810978889465,100.0,0.8,20831.6328125
468,1775661129.8174212,forward,0.19412045739591122,24989.25,9.65707004070282e-05,0.0,0.0,,,
468,1775661130.2192445,backward,0.4016492236405611,24989.25,9.758211672306061e-05,0.0,0.0,,,
468,1775661130.222824,optimizer,0.0024807974696159363,24989.25,2.5141984224319458e-05,0.0005145389586687088,0.00048221834003925323,100.0,0.8,20831.140625
469,1775661130.6873734,forward,0.19407037645578384,24989.25,9.595230221748352e-05,0.0,0.0,,,
469,1775661131.0892065,backward,0.40166305378079414,24989.25,9.304285049438477e-05,0.0,0.0,,,
469,1775661131.0954344,optimizer,0.002564961090683937,24989.25,2.6812776923179626e-05,0.0030682273209095,0.00048440881073474884,99.0,0.8,20831.19921875
470,1775661131.5648205,forward,0.19395263493061066,24989.25,9.427033364772797e-05,0.0,0.0,,,
470,1775661131.966558,backward,0.40156444162130356,24989.25,9.558349847793579e-05,0.0,0.0,,,
470,1775661131.9704673,optimizer,0.0024748090654611588,24989.25,2.5968998670578003e-05,0.0008576046675443649,0.00047440826892852783,100.0,0.8,20831.84375
471,1775661132.4537156,forward,0.19412364438176155,24989.25,9.598396718502045e-05,0.0,0.0,,,
471,1775661132.8558257,backward,0.4019327890127897,24989.25,9.724125266075134e-05,0.0,0.0,,,
471,1775661132.8594162,optimizer,0.0024817083030939102,24989.25,2.514757215976715e-05,0.0005087573081254959,0.0004782695323228836,100.0,0.8,20831.50390625
472,1775661133.323562,forward,0.19412490352988243,24989.25,9.8424032330513e-05,0.0,0.0,,,
472,1775661133.7254126,backward,0.40165246464312077,24989.25,0.00012009963393211365,0.0,0.0,,,
472,1775661133.7300472,optimizer,0.0031013116240501404,24989.25,2.5060027837753296e-05,0.0008550360798835754,0.000507008284330368,100.0,0.8,20831.1640625
473,1775661134.209453,forward,0.19395346194505692,24989.25,9.880214929580688e-05,0.0,0.0,,,
473,1775661134.6116915,backward,0.4020542502403259,24989.25,9.928271174430847e-05,0.0,0.0,,,
473,1775661134.6152794,optimizer,0.002479586750268936,24989.25,2.57100909948349e-05,0.0005181878805160522,0.00048572756350040436,100.0,0.8,20831.5625
474,1775661135.080511,forward,0.19409793615341187,24989.25,9.752437472343445e-05,0.0,0.0,,,
474,1775661135.482355,backward,0.40166484378278255,24989.25,9.919144213199615e-05,0.0,0.0,,,
474,1775661135.4859803,optimizer,0.002484019845724106,24989.25,2.3867934942245483e-05,0.0005541611462831497,0.00048818811774253845,100.0,0.8,20831.46875
475,1775661135.971903,forward,0.1938952524214983,24989.25,9.914301335811615e-05,0.0,0.0,,,
475,1775661136.373909,backward,0.4018249250948429,24989.25,0.00010056234896183014,0.0,0.0,,,
475,1775661136.377483,optimizer,0.002476939931511879,24989.25,2.6110559701919556e-05,0.0005173105746507645,0.0004813671112060547,100.0,0.8,20831.12890625
476,1775661136.8632736,forward,0.1940582636743784,24989.25,9.651109576225281e-05,0.0,0.0,,,
476,1775661137.2651913,backward,0.40173517540097237,24989.25,0.00010082125663757324,0.0,0.0,,,
476,1775661137.2690907,optimizer,0.002498190850019455,24989.25,2.5760382413864136e-05,0.0008164141327142715,0.0004799589514732361,100.0,0.8,20830.7890625
477,1775661137.7477813,forward,0.19410220347344875,24989.25,0.0001005418598651886,0.0,0.0,,,
477,1775661138.1498384,backward,0.4018837586045265,24989.25,0.00010029040277004242,0.0,0.0,,,
477,1775661138.1538272,optimizer,0.0024776291102170944,24989.25,2.6380643248558044e-05,0.0009190645068883896,0.0004911180585622787,100.0,0.8,20831.43359375
478,1775661138.6140091,forward,0.19409070536494255,24989.25,0.00010105222463607788,0.0,0.0,,,
478,1775661139.0159278,backward,0.4017506167292595,24989.25,9.768269956111908e-05,0.0,0.0,,,
478,1775661139.0195067,optimizer,0.0024813003838062286,24989.25,2.5667250156402588e-05,0.0005150977522134781,0.00047399476170539856,100.0,0.8,20831.1875
479,1775661139.4823198,forward,0.19394222274422646,24989.25,9.930506348609924e-05,0.0,0.0,,,
479,1775661139.8846312,backward,0.4021312016993761,24989.25,9.891204535961151e-05,0.0,0.0,,,
479,1775661139.8928907,optimizer,0.002479908987879753,24989.25,2.5188550353050232e-05,0.005197072401642799,0.0004814956337213516,99.0,0.8,20831.4921875
480,1775661140.3585954,forward,0.19403624534606934,24989.25,0.00011578015983104706,0.0,0.0,,,
480,1775661140.7603824,backward,0.40161395259201527,24989.25,9.655952453613281e-05,0.0,0.0,,,
480,1775661140.7639818,optimizer,0.0024817176163196564,24989.25,2.318061888217926e-05,0.0005238987505435944,0.0004755556583404541,100.0,0.8,20831.3984375
481,1775661141.2428632,forward,0.1938320528715849,24989.25,9.562447667121887e-05,0.0,0.0,,,
481,1775661141.6447084,backward,0.40167664736509323,24989.25,9.385310113430023e-05,0.0,0.0,,,
481,1775661141.6491964,optimizer,0.002888815477490425,24989.25,2.5209039449691772e-05,0.0009859967976808548,0.00047934800386428833,100.0,0.8,20830.8125
482,1775661142.111678,forward,0.1941895354539156,24989.25,9.965337812900543e-05,0.0,0.0,,,
482,1775661142.5134978,backward,0.4016457311809063,24989.25,9.319186210632324e-05,0.0,0.0,,,
482,1775661142.5171833,optimizer,0.002547210082411766,24989.25,2.4108216166496277e-05,0.0005158204585313797,0.0005032382905483246,100.0,0.8,20831.703125
483,1775661142.995194,forward,0.19397487305104733,24989.25,9.435229003429413e-05,0.0,0.0,,,
483,1775661143.3973007,backward,0.4019279982894659,24989.25,9.623169898986816e-05,0.0,0.0,,,
483,1775661143.4009361,optimizer,0.0025394298136234283,24989.25,2.403929829597473e-05,0.000515395775437355,0.00048090703785419464,100.0,0.8,20831.609375
484,1775661143.8612566,forward,0.1939855832606554,24989.25,9.015202522277832e-05,0.0,0.0,,,
484,1775661144.263226,backward,0.4017946571111679,24989.25,9.441189467906952e-05,0.0,0.0,,,
484,1775661144.2671492,optimizer,0.002497592940926552,24989.25,2.5179237127304077e-05,0.0008470956236124039,0.0004756990820169449,100.0,0.8,20831.26953125
485,1775661144.7462738,forward,0.19401007145643234,24989.25,9.820982813835144e-05,0.0,0.0,,,
485,1775661145.1481073,backward,0.4016626812517643,24989.25,9.447149932384491e-05,0.0,0.0,,,
485,1775661145.1517096,optimizer,0.00249519944190979,24989.25,2.4702399969100952e-05,0.0005173869431018829,0.00047782063484191895,100.0,0.8,20831.26953125
486,1775661145.6130595,forward,0.19407487660646439,24989.25,9.843148291110992e-05,0.0,0.0,,,
486,1775661146.0152202,backward,0.401985390111804,24989.25,9.723193943500519e-05,0.0,0.0,,,
486,1775661146.0187979,optimizer,0.00249331071972847,24989.25,2.4029985070228577e-05,0.0005121603608131409,0.0004734080284833908,100.0,0.8,20831.8203125
487,1775661146.4984446,forward,0.19388133101165295,24989.25,0.00010019168257713318,0.0,0.0,,,
487,1775661146.9004295,backward,0.40181776881217957,24989.25,9.562261402606964e-05,0.0,0.0,,,
487,1775661146.9040265,optimizer,0.0025454293936491013,24989.25,2.6650726795196533e-05,0.0004655979573726654,0.0004769861698150635,100.0,0.8,20831.7265625
488,1775661147.3837411,forward,0.19397914223372936,24989.25,9.621120989322662e-05,0.0,0.0,,,
488,1775661147.7859545,backward,0.402041370049119,24989.25,9.466893970966339e-05,0.0,0.0,,,
488,1775661147.7899187,optimizer,0.0024664904922246933,24989.25,2.3808330297470093e-05,0.0009056665003299713,0.0004933662712574005,100.0,0.8,20831.38671875
489,1775661148.2506435,forward,0.19404659233987331,24989.25,9.621866047382355e-05,0.0,0.0,,,
489,1775661148.6526508,backward,0.4018320944160223,24989.25,9.717978537082672e-05,0.0,0.0,,,
489,1775661148.6562865,optimizer,0.0025358907878398895,24989.25,2.378039062023163e-05,0.0005174595862627029,0.0004807189106941223,100.0,0.8,20831.5390625
490,1775661149.1438272,forward,0.1941619273275137,24989.25,9.856559336185455e-05,0.0,0.0,,,
490,1775661149.5458033,backward,0.4017997458577156,24989.25,9.647011756896973e-05,0.0,0.0,,,
490,1775661149.5497391,optimizer,0.002536989748477936,24989.25,2.7460977435112e-05,0.0008037630468606949,0.0004897955805063248,100.0,0.8,20831.16015625
491,1775661150.0415878,forward,0.1941936146467924,24989.25,0.00010374188423156738,0.0,0.0,,,
491,1775661150.443627,backward,0.4018693473190069,24989.25,9.80626791715622e-05,0.0,0.0,,,
491,1775661150.4476423,optimizer,0.0025364477187395096,24989.25,2.528168261051178e-05,0.0008891727775335312,0.00047776661813259125,100.0,0.8,20831.55859375
492,1775661150.9454522,forward,0.1939849518239498,24989.25,9.609013795852661e-05,0.0,0.0,,,
492,1775661151.3473146,backward,0.40166240371763706,24989.25,9.552016854286194e-05,0.0,0.0,,,
492,1775661151.3509483,optimizer,0.0025342628359794617,24989.25,2.5851652026176453e-05,0.0005183666944503784,0.0004743281751871109,100.0,0.8,20831.46484375
493,1775661151.83576,forward,0.19410467334091663,24989.25,9.214133024215698e-05,0.0,0.0,,,
493,1775661152.2378469,backward,0.40191354788839817,24989.25,9.623914957046509e-05,0.0,0.0,,,
493,1775661152.2414482,optimizer,0.002524450421333313,24989.25,2.3048371076583862e-05,0.0005010571330785751,0.00047643668949604034,100.0,0.8,20830.87890625
494,1775661152.7033787,forward,0.19398369453847408,24989.25,9.491294622421265e-05,0.0,0.0,,,
494,1775661153.105289,backward,0.4017407689243555,24989.25,9.441934525966644e-05,0.0,0.0,,,
494,1775661153.1091828,optimizer,0.0024945586919784546,24989.25,2.498738467693329e-05,0.0008118022233247757,0.0004814881831407547,100.0,0.8,20831.03125
495,1775661153.5715907,forward,0.19398114271461964,24989.25,9.563937783241272e-05,0.0,0.0,,,
495,1775661153.97338,backward,0.40161457285284996,24989.25,9.679235517978668e-05,0.0,0.0,,,
495,1775661153.9772148,optimizer,0.0024729911237955093,24989.25,2.4050474166870117e-05,0.0007653720676898956,0.0004929564893245697,100.0,0.8,20831.4296875
496,1775661154.43987,forward,0.19396689161658287,24989.25,9.637139737606049e-05,0.0,0.0,,,
496,1775661154.8419442,backward,0.4018984604626894,24989.25,9.573251008987427e-05,0.0,0.0,,,
496,1775661154.845918,optimizer,0.002470400184392929,24989.25,2.7280300855636597e-05,0.0008999854326248169,0.000494588166475296,100.0,0.8,20831.3359375
497,1775661155.3307478,forward,0.19406258314847946,24989.25,9.604915976524353e-05,0.0,0.0,,,
497,1775661155.732547,backward,0.40162438340485096,24989.25,9.738095104694366e-05,0.0,0.0,,,
497,1775661155.736251,optimizer,0.0024719499051570892,24989.25,2.310052514076233e-05,0.0006547905504703522,0.00048079714179039,100.0,0.8,20831.2421875
498,1775661156.2169738,forward,0.19398869574069977,24989.25,9.848922491073608e-05,0.0,0.0,,,
498,1775661156.6188087,backward,0.40166235342621803,24989.25,9.74610447883606e-05,0.0,0.0,,,
498,1775661156.622727,optimizer,0.0024732090532779694,24989.25,2.3500993847846985e-05,0.0008657537400722504,0.0004780478775501251,100.0,0.8,20831.39453125
499,1775661157.1037989,forward,0.1940020527690649,24989.25,9.754113852977753e-05,0.0,0.0,,,
499,1775661157.5057466,backward,0.40177179500460625,24989.25,9.682029485702515e-05,0.0,0.0,,,
499,1775661157.5093257,optimizer,0.0024796482175588608,24989.25,2.431124448776245e-05,0.0005240477621555328,0.0004750974476337433,100.0,0.8,20832.015625
500,1775661157.97123,forward,0.19409066438674927,24989.25,0.00011037290096282959,0.0,0.0,,,
500,1775661158.373379,backward,0.40192554146051407,24989.25,9.673275053501129e-05,0.0,0.0,,,
500,1775661158.3770928,optimizer,0.0025598201900720596,24989.25,2.5181099772453308e-05,0.0005129370838403702,0.0005371775478124619,100.0,0.8,20831.921875
501,1775661158.8381438,forward,0.19398369267582893,24989.25,9.75634902715683e-05,0.0,0.0,,,
501,1775661159.240005,backward,0.40167972445487976,24989.25,9.670108556747437e-05,0.0,0.0,,,
501,1775661159.2438915,optimizer,0.002472519874572754,24989.25,2.3189932107925415e-05,0.0008338745683431625,0.0004783961921930313,100.0,0.8,20831.3359375
502,1775661159.7218442,forward,0.19386646896600723,24989.25,9.702332317829132e-05,0.0,0.0,,,
502,1775661160.1236672,backward,0.4016502760350704,24989.25,9.5391646027565e-05,0.0,0.0,,,
502,1775661160.1273546,optimizer,0.0024762097746133804,24989.25,2.3581087589263916e-05,0.0006111189723014832,0.00048096850514411926,100.0,0.8,20831.828125
503,1775661160.605429,forward,0.1940895039588213,24989.25,9.885989129543304e-05,0.0,0.0,,,
503,1775661161.007194,backward,0.40159053541719913,24989.25,9.96999442577362e-05,0.0,0.0,,,
503,1775661161.0108266,optimizer,0.00252746045589447,24989.25,2.459995448589325e-05,0.0005155093967914581,0.0004698168486356735,100.0,0.8,20831.88671875
504,1775661161.489674,forward,0.19393897242844105,24989.25,9.952113032341003e-05,0.0,0.0,,,
504,1775661161.8915877,backward,0.40174226462841034,24989.25,9.715929627418518e-05,0.0,0.0,,,
504,1775661161.8951488,optimizer,0.002522578462958336,24989.25,2.278946340084076e-05,0.0004643574357032776,0.0004723351448774338,100.0,0.8,20831.546875
505,1775661162.3740292,forward,0.19401348568499088,24989.25,9.988993406295776e-05,0.0,0.0,,,
505,1775661162.7759647,backward,0.40175675600767136,24989.25,9.505264461040497e-05,0.0,0.0,,,
505,1775661162.7795625,optimizer,0.0025283396244049072,24989.25,2.5492161512374878e-05,0.0004921760410070419,0.0004709158092737198,100.0,0.8,20831.9453125
506,1775661163.2608893,forward,0.19404994323849678,24989.25,0.00010088086128234863,0.0,0.0,,,
506,1775661163.6630726,backward,0.40201152861118317,24989.25,0.00010097213089466095,0.0,0.0,,,
506,1775661163.6666908,optimizer,0.002532660961151123,24989.25,2.3869797587394714e-05,0.0005161482840776443,0.00047773681581020355,100.0,0.8,20831.60546875
507,1775661164.1283443,forward,0.19399947486817837,24989.25,0.0001013483852148056,0.0,0.0,,,
507,1775661164.530453,backward,0.40194146148860455,24989.25,9.687244892120361e-05,0.0,0.0,,,
507,1775661164.534071,optimizer,0.0025328900665044785,24989.25,2.3348256945610046e-05,0.0005097482353448868,0.0004735291004180908,100.0,0.8,20831.7578125
508,1775661165.0192618,forward,0.19400114193558693,24989.25,9.744428098201752e-05,0.0,0.0,,,
508,1775661165.4212637,backward,0.40182085521519184,24989.25,9.963288903236389e-05,0.0,0.0,,,
508,1775661165.4255564,optimizer,0.002539210021495819,24989.25,2.3400411009788513e-05,0.0011614877730607986,0.000491628423333168,100.0,0.8,20832.15625
509,1775661165.8866773,forward,0.19400138221681118,24989.25,9.467080235481262e-05,0.0,0.0,,,
509,1775661166.2887986,backward,0.4019345585256815,24989.25,0.0001079905778169632,0.0,0.0,,,
509,1775661166.2925436,optimizer,0.002643844112753868,24989.25,2.5931745767593384e-05,0.0004707071930170059,0.00048812665045261383,100.0,0.8,20831.81640625
510,1775661166.7560377,forward,0.19410730712115765,24989.25,9.981170296669006e-05,0.0,0.0,,,
510,1775661167.1578891,backward,0.4016754850745201,24989.25,9.555928409099579e-05,0.0,0.0,,,
510,1775661167.1619098,optimizer,0.002530379220843315,24989.25,2.5393441319465637e-05,0.0008912831544876099,0.0004922747611999512,100.0,0.8,20831.72265625
511,1775661167.6501977,forward,0.19402538426220417,24989.25,9.955279529094696e-05,0.0,0.0,,,
511,1775661168.052248,backward,0.4018732886761427,24989.25,0.00010039098560810089,0.0,0.0,,,
511,1775661168.0558944,optimizer,0.002547159790992737,24989.25,2.562999725341797e-05,0.0005218982696533203,0.0004795491695404053,100.0,0.8,20831.96875
512,1775661168.5379202,forward,0.19401675276458263,24989.25,9.600259363651276e-05,0.0,0.0,,,
512,1775661168.9399316,backward,0.40183618664741516,24989.25,9.603239595890045e-05,0.0,0.0,,,
512,1775661168.9439182,optimizer,0.0025182589888572693,24989.25,2.2390857338905334e-05,0.0008751116693019867,0.0004751477390527725,100.0,0.8,20832.02734375
513,1775661169.4066935,forward,0.1940093543380499,24989.25,9.630247950553894e-05,0.0,0.0,,,
513,1775661169.8087347,backward,0.4018669966608286,24989.25,9.839236736297607e-05,0.0,0.0,,,
513,1775661169.8123732,optimizer,0.002542821690440178,24989.25,2.3320317268371582e-05,0.0005158092826604843,0.00048185884952545166,100.0,0.8,20831.6875
514,1775661170.296615,forward,0.1940690241754055,24989.25,9.700283408164978e-05,0.0,0.0,,,
514,1775661170.6983964,backward,0.4016039166599512,24989.25,9.74014401435852e-05,0.0,0.0,,,
514,1775661170.702368,optimizer,0.0025592297315597534,24989.25,2.5158748030662537e-05,0.0008371211588382721,0.00047576799988746643,100.0,0.8,20832.0859375
515,1775661171.1618125,forward,0.1939876303076744,24989.25,9.77497547864914e-05,0.0,0.0,,,
515,1775661171.5637658,backward,0.4017764274030924,24989.25,9.615160524845123e-05,0.0,0.0,,,
515,1775661171.5673985,optimizer,0.0025356709957122803,24989.25,2.6561319828033447e-05,0.0005176365375518799,0.00047941505908966064,100.0,0.8,20832.23828125
516,1775661172.0439987,forward,0.19404239393770695,24989.25,9.839050471782684e-05,0.0,0.0,,,
516,1775661172.4461985,backward,0.4020242001861334,24989.25,9.805150330066681e-05,0.0,0.0,,,
516,1775661172.4498534,optimizer,0.002540789544582367,24989.25,2.650916576385498e-05,0.0005164202302694321,0.0004929881542921066,100.0,0.8,20831.8984375
517,1775661172.9094543,forward,0.1940457746386528,24989.25,0.00010021217167377472,0.0,0.0,,,
517,1775661173.311454,backward,0.40179666317999363,24989.25,9.995326399803162e-05,0.0,0.0,,,
517,1775661173.3150563,optimizer,0.0025261398404836655,24989.25,2.2932887077331543e-05,0.0005002282559871674,0.0004789084196090698,100.0,0.8,20832.05078125
518,1775661173.8013878,forward,0.1940710861235857,24989.25,9.853020310401917e-05,0.0,0.0,,,
518,1775661174.2034118,backward,0.4018507283180952,24989.25,9.844265878200531e-05,0.0,0.0,,,
518,1775661174.2069843,optimizer,0.0024867281317710876,24989.25,2.5130808353424072e-05,0.0005100686103105545,0.0004768259823322296,100.0,0.8,20831.46484375
519,1775661174.6659229,forward,0.19398748315870762,24989.25,0.00011831335723400116,0.0,0.0,,,
519,1775661175.0680647,backward,0.4019590485841036,24989.25,9.505078196525574e-05,0.0,0.0,,,
519,1775661175.0716546,optimizer,0.0025019999593496323,24989.25,2.374127507209778e-05,0.0004988983273506165,0.00048261694610118866,100.0,0.8,20832.109375
520,1775661175.5342822,forward,0.1939714439213276,24989.25,9.391270577907562e-05,0.0,0.0,,,
520,1775661175.9362285,backward,0.4017719645053148,24989.25,9.812414646148682e-05,0.0,0.0,,,
520,1775661175.94008,optimizer,0.002472149208188057,24989.25,2.5410205125808716e-05,0.0007950738072395325,0.0004805605858564377,100.0,0.8,20832.015625
521,1775661176.4034388,forward,0.19411169551312923,24989.25,9.914487600326538e-05,0.0,0.0,,,
521,1775661176.8055747,backward,0.4019512999802828,24989.25,0.00010188296437263489,0.0,0.0,,,
521,1775661176.8091195,optimizer,0.0024631302803754807,24989.25,2.6473775506019592e-05,0.0005090571939945221,0.0004769563674926758,100.0,0.8,20832.16796875
522,1775661177.2714431,forward,0.1940208151936531,24989.25,9.664148092269897e-05,0.0,0.0,,,
522,1775661177.6736689,backward,0.40204247273504734,24989.25,9.605847299098969e-05,0.0,0.0,,,
522,1775661177.6813579,optimizer,0.0025207791477441788,24989.25,2.362951636314392e-05,0.004586104303598404,0.0004805680364370346,99.0,0.8,20831.3359375
523,1775661178.159741,forward,0.1940247043967247,24989.25,9.766221046447754e-05,0.0,0.0,,,
523,1775661178.5618107,backward,0.401902137324214,24989.25,9.177997708320618e-05,0.0,0.0,,,
523,1775661178.5654476,optimizer,0.002549080178141594,24989.25,2.4279579520225525e-05,0.0005174484103918076,0.0004717763513326645,100.0,0.8,20831.48828125
524,1775661179.0489166,forward,0.19395043514668941,24989.25,9.743869304656982e-05,0.0,0.0,,,
524,1775661179.4506779,backward,0.40158689208328724,24989.25,9.763240814208984e-05,0.0,0.0,,,
524,1775661179.4543066,optimizer,0.0025276001542806625,24989.25,2.6883557438850403e-05,0.0005204193294048309,0.00047939829528331757,100.0,0.8,20831.640625
525,1775661179.9164543,forward,0.19403711706399918,24989.25,9.257905185222626e-05,0.0,0.0,,,
525,1775661180.318286,backward,0.4016577545553446,24989.25,9.550154209136963e-05,0.0,0.0,,,
525,1775661180.3220012,optimizer,0.002551160752773285,24989.25,2.5250017642974854e-05,0.0005757585167884827,0.00048460811376571655,100.0,0.8,20831.30078125
526,1775661180.8072248,forward,0.1941022127866745,24989.25,9.779073297977448e-05,0.0,0.0,,,
526,1775661181.209231,backward,0.4018315952271223,24989.25,9.588152170181274e-05,0.0,0.0,,,
526,1775661181.2129016,optimizer,0.0025717709213495255,24989.25,2.7179718017578125e-05,0.0005164872854948044,0.0004765558987855911,100.0,0.8,20831.0546875
527,1775661181.6722171,forward,0.1939504612237215,24989.25,9.657256305217743e-05,0.0,0.0,,,
527,1775661182.0741582,backward,0.40176678635179996,24989.25,9.603239595890045e-05,0.0,0.0,,,
527,1775661182.079838,optimizer,0.0024758782237768173,24989.25,2.277083694934845e-05,0.002622591331601143,0.00047833845019340515,100.0,0.8,20831.60546875
528,1775661182.5668678,forward,0.19403259456157684,24989.25,0.00011564232409000397,0.0,0.0,,,
528,1775661182.9691265,backward,0.4020138196647167,24989.25,9.90796834230423e-05,0.0,0.0,,,
528,1775661182.972853,optimizer,0.0025809407234191895,24989.25,2.527981996536255e-05,0.0005062762647867203,0.0005091801285743713,100.0,0.8,20831.51171875
529,1775661183.4551797,forward,0.19399558193981647,24989.25,9.917095303535461e-05,0.0,0.0,,,
529,1775661183.8574748,backward,0.4021168239414692,24989.25,9.737163782119751e-05,0.0,0.0,,,
529,1775661183.8610716,optimizer,0.002483909949660301,24989.25,2.6989728212356567e-05,0.0005187280476093292,0.00047782808542251587,100.0,0.8,20831.41796875
530,1775661184.3217447,forward,0.19407427497208118,24989.25,9.677372872829437e-05,0.0,0.0,,,
530,1775661184.723812,backward,0.4018884878605604,24989.25,9.821169078350067e-05,0.0,0.0,,,
530,1775661184.727385,optimizer,0.0024899188429117203,24989.25,2.370774745941162e-05,0.0005038492381572723,0.0004765894263982773,100.0,0.8,20831.81640625
531,1775661185.2085004,forward,0.193995650857687,24989.25,9.794160723686218e-05,0.0,0.0,,,
531,1775661185.6104228,backward,0.4017435349524021,24989.25,9.908340871334076e-05,0.0,0.0,,,
531,1775661185.614339,optimizer,0.002495311200618744,24989.25,2.4840235710144043e-05,0.0008416231721639633,0.0004755556583404541,100.0,0.8,20831.96875
532,1775661186.098986,forward,0.19407902471721172,24989.25,0.00010067224502563477,0.0,0.0,,,
532,1775661186.5008874,backward,0.4017304163426161,24989.25,9.874068200588226e-05,0.0,0.0,,,
532,1775661186.5044565,optimizer,0.002472849562764168,24989.25,2.4409964680671692e-05,0.0005164593458175659,0.00047542713582515717,100.0,0.8,20832.1171875
533,1775661186.9650548,forward,0.1940812449902296,24989.25,9.649991989135742e-05,0.0,0.0,,,
533,1775661187.3669474,backward,0.40169660560786724,24989.25,9.758025407791138e-05,0.0,0.0,,,
533,1775661187.3705277,optimizer,0.0024865493178367615,24989.25,3.519095480442047e-05,0.0004901178181171417,0.0004814472049474716,100.0,0.8,20832.0234375
534,1775661187.8307052,forward,0.1939883753657341,24989.25,9.651295840740204e-05,0.0,0.0,,,
534,1775661188.2325842,backward,0.4017033949494362,24989.25,9.647198021411896e-05,0.0,0.0,,,
534,1775661188.2364593,optimizer,0.002487270161509514,24989.25,2.3050233721733093e-05,0.0008099544793367386,0.00047707557678222656,100.0,0.8,20832.0234375
535,1775661188.717778,forward,0.1939391028136015,24989.25,9.736418724060059e-05,0.0,0.0,,,
535,1775661189.1201818,backward,0.4022276736795902,24989.25,9.929202497005463e-05,0.0,0.0,,,
535,1775661189.1238859,optimizer,0.002476980909705162,24989.25,2.318248152732849e-05,0.0006334800273180008,0.000476127490401268,100.0,0.8,20831.8359375
536,1775661189.6055665,forward,0.19409778341650963,24989.25,0.00010513141751289368,0.0,0.0,,,
536,1775661190.007236,backward,0.40150064043700695,24989.25,9.912252426147461e-05,0.0,0.0,,,
536,1775661190.0108202,optimizer,0.0024718716740608215,24989.25,2.324022352695465e-05,0.0005152970552444458,0.00047875940799713135,100.0,0.8,20831.49609375
537,1775661190.4721932,forward,0.19388521276414394,24989.25,0.00010050274431705475,0.0,0.0,,,
537,1775661190.8745,backward,0.40213587135076523,24989.25,9.527243673801422e-05,0.0,0.0,,,
537,1775661190.8784592,optimizer,0.0029257386922836304,24989.25,2.5819987058639526e-05,0.0004194192588329315,0.0004760362207889557,100.0,0.8,20832.140625
538,1775661191.3595853,forward,0.19389440305531025,24989.25,0.00010024197399616241,0.0,0.0,,,
538,1775661191.761591,backward,0.4018320385366678,24989.25,0.00010281242430210114,0.0,0.0,,,
538,1775661191.7653742,optimizer,0.0024615004658699036,24989.25,2.4091452360153198e-05,0.0007499847561120987,0.00047823600471019745,100.0,0.8,20832.29296875
539,1775661192.2454646,forward,0.19400834292173386,24989.25,9.679049253463745e-05,0.0,0.0,,,
539,1775661192.6472561,backward,0.4016084112226963,24989.25,9.953975677490234e-05,0.0,0.0,,,
539,1775661192.650985,optimizer,0.0024651680141687393,24989.25,2.3020431399345398e-05,0.0006844401359558105,0.0004777982831001282,100.0,0.8,20831.953125
540,1775661193.1137424,forward,0.19394042529165745,24989.25,9.942427277565002e-05,0.0,0.0,,,
540,1775661193.515768,backward,0.40184582583606243,24989.25,9.748153388500214e-05,0.0,0.0,,,
540,1775661193.5194,optimizer,0.0025455597788095474,24989.25,2.53189355134964e-05,0.0005073267966508865,0.0004774685949087143,100.0,0.8,20832.1015625
541,1775661194.0013494,forward,0.19399390555918217,24989.25,9.950995445251465e-05,0.0,0.0,,,
541,1775661194.4033244,backward,0.4017954431474209,24989.25,9.817071259021759e-05,0.0,0.0,,,
541,1775661194.4069939,optimizer,0.0025333426892757416,24989.25,2.5453045964241028e-05,0.0005534999072551727,0.000476716086268425,100.0,0.8,20832.0078125
542,1775661194.8901048,forward,0.19401281140744686,24989.25,9.856186807155609e-05,0.0,0.0,,,
542,1775661195.2920828,backward,0.40179229713976383,24989.25,9.970180690288544e-05,0.0,0.0,,,
542,1775661195.2960858,optimizer,0.002532660961151123,24989.25,2.27317214012146e-05,0.0008879341185092926,0.0004788953810930252,100.0,0.8,20831.9140625
543,1775661195.7776124,forward,0.1940562967211008,24989.25,0.00014516152441501617,0.0,0.0,,,
543,1775661196.1796231,backward,0.4018391966819763,24989.25,9.870156645774841e-05,0.0,0.0,,,
543,1775661196.1832335,optimizer,0.0025308486074209213,24989.25,2.4363398551940918e-05,0.0005030184984207153,0.0004754066467285156,100.0,0.8,20831.8203125
544,1775661196.64104,forward,0.1938769817352295,24989.25,9.80813056230545e-05,0.0,0.0,,,
544,1775661197.0429204,backward,0.401709645986557,24989.25,9.618327021598816e-05,0.0,0.0,,,
544,1775661197.0465593,optimizer,0.0025271084159612656,24989.25,2.374686300754547e-05,0.0005149506032466888,0.0004763063043355942,100.0,0.8,20831.8203125
545,1775661197.5095327,forward,0.1940869316458702,24989.25,9.605288505554199e-05,0.0,0.0,,,
545,1775661197.9114132,backward,0.4017080254852772,24989.25,9.231269359588623e-05,0.0,0.0,,,
545,1775661197.9153993,optimizer,0.002493498846888542,24989.25,2.3249536752700806e-05,0.0009203515946865082,0.00047282129526138306,100.0,0.8,20831.6328125
546,1775661198.3761106,forward,0.19401844032108784,24989.25,9.671226143836975e-05,0.0,0.0,,,
546,1775661198.778215,backward,0.4019309189170599,24989.25,9.465962648391724e-05,0.0,0.0,,,
546,1775661198.7817864,optimizer,0.002470891922712326,24989.25,2.4059787392616272e-05,0.0005163196474313736,0.0004854481667280197,100.0,0.8,20832.03125
547,1775661199.283742,forward,0.19432786852121353,24989.25,9.603984653949738e-05,0.0,0.0,,,
547,1775661199.68592,backward,0.40200265869498253,24989.25,9.771250188350677e-05,0.0,0.0,,,
547,1775661199.6898644,optimizer,0.0025399383157491684,24989.25,2.3713335394859314e-05,0.0008170437067747116,0.00048629753291606903,100.0,0.8,20831.9375
548,1775661200.1600337,forward,0.1940261423587799,24989.25,9.637139737606049e-05,0.0,0.0,,,
548,1775661200.5620356,backward,0.4018320571631193,24989.25,9.227171540260315e-05,0.0,0.0,,,
548,1775661200.5659835,optimizer,0.002536401152610779,24989.25,2.5860965251922607e-05,0.0008169636130332947,0.0004883185029029846,100.0,0.8,20817.9609375
549,1775661201.0284858,forward,0.19400998204946518,24989.25,9.470991790294647e-05,0.0,0.0,,,
549,1775661201.4305696,backward,0.40190386958420277,24989.25,9.621120989322662e-05,0.0,0.0,,,
549,1775661201.4344938,optimizer,0.0025353524833917618,24989.25,2.5799497961997986e-05,0.0008040517568588257,0.0004817694425582886,100.0,0.8,20818.96875
