step,wall_timestamp,duration_sec,throughput_samples_sec,gpu_util_pct,gpu_mem_mb,cpu_util_pct,ram_mb
0,1775487667.3474708,0.44367399625480175,144.2500586922945,56.0,12356.0,0.5,19450.04296875
1,1775487667.8135235,0.269782193005085,237.22840743159685,99.0,12356.0,0.9,19571.08984375
2,1775487668.2332604,0.26966825127601624,237.32864249745677,99.0,12356.0,0.8,19579.72265625
3,1775487668.6604915,0.2695300206542015,237.45035838553204,95.0,12356.0,0.8,19603.6640625
4,1775487669.06796,0.2698918469250202,237.132024287418,92.0,12356.0,0.8,19611.90625
5,1775487669.474438,0.26946108788251877,237.51110226313307,88.0,12356.0,0.8,19614.2421875
6,1775487669.8894548,0.2696371525526047,237.35601490419228,81.0,12356.0,0.8,19614.1171875
7,1775487670.292514,0.27031111158430576,236.76422188082864,79.0,12356.0,0.8,19613.9921875
8,1775487670.7115064,0.2731616999953985,234.29346061720256,71.0,12356.0,0.8,19569.81640625
9,1775487671.1228957,0.27002327889204025,237.01660191152723,64.0,12356.0,0.8,19575.828125
10,1775487671.5454676,0.2698724940419197,237.1490293118156,53.0,12356.0,0.9,19574.1015625
11,1775487671.9553902,0.27000170946121216,237.0355362849808,48.0,12356.0,0.8,19576.58203125
12,1775487672.3880463,0.2698626648634672,237.15766696508314,99.0,12356.0,0.8,19573.1328125
13,1775487672.8106263,0.2699040751904249,237.12128079150418,99.0,12356.0,0.9,19588.41015625
14,1775487673.2329652,0.2695293091237545,237.45098523075416,99.0,12356.0,0.8,19572.90234375
15,1775487673.6462357,0.26988667622208595,237.1365674507596,99.0,12356.0,0.9,19594.33203125
16,1775487674.0631459,0.26950849033892155,237.46932766205816,93.0,12356.0,0.8,19594.10546875
17,1775487674.4820642,0.27030362375080585,236.77078062039558,84.0,12356.0,0.9,19587.7265625
18,1775487674.9049346,0.2700248174369335,237.01525144053738,72.0,12356.0,0.8,19573.44921875
19,1775487675.3160884,0.26937874779105186,237.58370147908875,67.0,12356.0,0.9,19577.796875
20,1775487675.7396574,0.2699425593018532,237.08747581530628,55.0,12356.0,0.8,19592.875
21,1775487676.162767,0.27118545584380627,236.00085705504006,44.0,12356.0,0.8,19571.0703125
22,1775487676.5815678,0.2705730367451906,236.53502495990148,98.0,12356.0,0.8,19580.25
23,1775487677.0044703,0.2698286548256874,237.18755905055664,99.0,12356.0,0.8,19577.80859375
24,1775487677.4255693,0.26996961422264576,237.06371616777128,99.0,12356.0,0.8,19597.6171875
25,1775487677.8312151,0.2698609158396721,237.1592040324329,99.0,12356.0,0.8,19612.50390625
26,1775487678.242931,0.26958620734512806,237.40086939264773,99.0,12356.0,0.8,19571.7734375
27,1775487678.6632638,0.26992747746407986,237.10072276178957,93.0,12356.0,0.8,19576.74609375
28,1775487679.0857875,0.26965724118053913,237.3383326174102,81.0,12356.0,0.8,19581.44140625
29,1775487679.502979,0.269907945767045,237.1178803874036,73.0,12356.0,0.8,19581.4609375
30,1775487679.9209588,0.2703359927982092,236.74243054927743,64.0,12356.0,0.8,19580.7421875
31,1775487680.3401947,0.2697750646620989,237.23467578503545,54.0,12356.0,0.8,19581.0078125
32,1775487680.7479794,0.269565612077713,237.41900721947223,50.0,12356.0,0.9,19581.02734375
33,1775487681.1628928,0.2702133394777775,236.8498909923853,43.0,12356.0,0.8,19581.29296875
34,1775487681.572341,0.26981968618929386,237.195443015601,38.0,12356.0,0.8,19581.8046875
35,1775487681.989817,0.2693351060152054,237.62219840879882,100.0,12356.0,0.9,19580.59375
36,1775487682.3963928,0.2695026118308306,237.47450744623367,100.0,12356.0,0.8,19580.55859375
37,1775487682.8244414,0.27018275298178196,236.87670398530372,99.0,12356.0,0.9,19578.85546875
38,1775487683.2336287,0.2693476378917694,237.61114261457453,100.0,12356.0,0.8,19580.3515625
39,1775487683.6485991,0.26943166740238667,237.53703719028047,99.0,12356.0,0.8,19582.5859375
40,1775487684.0585382,0.2699809279292822,237.0537818758958,94.0,12356.0,0.9,19582.359375
41,1775487684.477789,0.2694987505674362,237.4779098799027,84.0,12356.0,0.8,19581.88671875
42,1775487684.8857393,0.2695526797324419,237.43039788558744,80.0,12356.0,0.8,19580.67578125
43,1775487685.305597,0.27051759511232376,236.58350198413547,70.0,12356.0,0.8,19581.1875
44,1775487685.7144172,0.2697415240108967,237.2641744154104,66.0,12356.0,0.8,19582.19140625
45,1775487686.133313,0.26975816302001476,237.2495396747327,56.0,12356.0,0.8,19580.734375
46,1775487686.5536954,0.2696421928703785,237.35157809952193,46.0,12356.0,0.8,19581.4921875
47,1775487686.974115,0.26997971534729004,237.0548465749481,37.0,12356.0,0.9,19581.265625
48,1775487687.392911,0.26949040964245796,237.48525999463567,100.0,12356.0,0.8,19577.34765625
49,1775487687.8102129,0.26972001418471336,237.28309592988023,99.0,12356.0,0.8,19577.12109375
50,1775487688.2198164,0.26976338401436806,237.24494795257777,99.0,12356.0,0.8,19580.83203125
51,1775487688.6280675,0.2699687574058771,237.06446855174786,99.0,12356.0,0.8,19576.9140625
52,1775487689.035619,0.2700008787214756,237.03626559682564,99.0,12356.0,0.8,19576.44140625
53,1775487689.452501,0.26976896449923515,237.24004026482984,96.0,12356.0,0.8,19581.13671875
54,1775487689.8699772,0.2695617713034153,237.42239001672985,87.0,12356.0,0.8,19581.15625
55,1775487690.2777302,0.2699612956494093,237.0710210367152,84.0,12356.0,0.8,19580.9296875
56,1775487690.7094808,0.2695429418236017,237.4389756489481,67.0,12356.0,0.8,19581.93359375
57,1775487691.1283724,0.2693356554955244,237.6217136281219,58.0,12356.0,0.8,19581.70703125
58,1775487691.5365148,0.2698100432753563,237.20392029545175,54.0,12356.0,0.8,19582.7109375
59,1775487691.9429016,0.26984630711376667,237.1720431698097,51.0,12356.0,0.8,19581.5
60,1775487692.3666513,0.269865732640028,237.15497100689382,39.0,12356.0,0.8,19581.51953125
61,1775487692.7727706,0.2696322835981846,237.36030102157585,36.0,12356.0,0.9,19577.109375
62,1775487693.1852503,0.2694666665047407,237.50618519962302,100.0,12356.0,0.8,19581.06640625
63,1775487693.6021392,0.2694724090397358,237.50112387410582,99.0,12356.0,0.8,19581.578125
64,1775487694.020934,0.2699661683291197,237.06674208887046,99.0,12356.0,0.8,19581.59765625
65,1775487694.4311705,0.2697469834238291,237.25937242249927,99.0,12356.0,0.8,19580.6328125
66,1775487694.839561,0.26979875564575195,237.21384424779387,99.0,12356.0,0.8,19581.390625
67,1775487695.2472026,0.2697693444788456,237.23970610388855,98.0,12356.0,0.8,19581.41015625
68,1775487695.667625,0.26960095204412937,237.387885742793,88.0,12356.0,0.8,19580.9375
69,1775487696.0778446,0.2705291658639908,236.5733831160229,83.0,12356.0,0.9,19581.44921875
70,1775487696.4846897,0.26966696232557297,237.329776877643,79.0,12356.0,0.8,19580.9765625
71,1775487696.9040525,0.2694124486297369,237.55398210257712,69.0,12356.0,0.8,19581.48828125
72,1775487697.3213456,0.26933838799595833,237.61930290070785,61.0,12356.0,0.8,19581.5078125
73,1775487697.7374997,0.26986812613904476,237.1528676455297,52.0,12356.0,0.8,19582.01953125
74,1775487698.1487174,0.26953931897878647,237.4421670369991,47.0,12356.0,0.8,19581.30078125
75,1775487698.5584486,0.2705466691404581,236.5580777739071,42.0,12356.0,0.9,19580.828125
76,1775487698.9660149,0.2695247307419777,237.45501877996008,39.0,12356.0,0.8,19580.84765625
77,1775487699.3739986,0.26967335119843483,237.32415426137757,35.0,12356.0,0.8,19581.60546875
78,1775487699.7827046,0.2694194670766592,237.54779375979456,99.0,12356.0,0.8,19580.640625
79,1775487700.1996534,0.2693153042346239,237.63966990989883,100.0,12356.0,0.8,19581.15234375
80,1775487700.6215613,0.2698133047670126,237.2010529846364,99.0,12356.0,0.8,19576.25
81,1775487701.0499241,0.26959872245788574,237.38984894484244,96.0,12356.0,0.8,19581.9296875
82,1775487701.4692369,0.26971688494086266,237.2858488782875,86.0,12356.0,0.8,19581.94921875
83,1775487701.8771005,0.26989386416971684,237.13025191174782,82.0,12356.0,0.8,19581.23046875
84,1775487702.2962747,0.2697620242834091,237.24614378175883,72.0,12356.0,0.8,19580.51171875
85,1775487702.718055,0.2698446959257126,237.1734592760682,62.0,12356.0,0.9,19580.77734375
86,1775487703.1397054,0.26958402059972286,237.40279508267633,51.0,12356.0,0.8,19581.04296875
87,1775487703.5556514,0.26985479705035686,237.1645814695565,43.0,12356.0,0.8,19583.03125
88,1775487703.9609437,0.26946770772337914,237.5052674797639,40.0,12356.0,0.8,19580.8359375
89,1775487704.379261,0.2696506604552269,237.34412477223148,99.0,12356.0,0.8,19580.85546875
90,1775487704.7978585,0.26961762458086014,237.37320621933588,99.0,12356.0,0.8,19596.48046875
91,1775487705.2176745,0.2695871125906706,237.40007222516914,99.0,12356.0,0.8,19610.62890625
92,1775487705.6250787,0.2695404104888439,237.44120550951268,100.0,12356.0,0.8,19614.6875
93,1775487706.040596,0.2696094121783972,237.38043669503645,99.0,12356.0,0.8,19615.0546875
94,1775487706.453867,0.2696868535131216,237.31227223831317,93.0,12356.0,0.8,19571.37109375
95,1775487706.867737,0.26986093632876873,237.1591860262038,86.0,12356.0,0.8,19580.60546875
96,1775487707.278275,0.26943509839475155,237.5340123885162,81.0,12356.0,0.9,19580.87109375
97,1775487707.6857316,0.26979086361825466,237.2207833196232,77.0,12356.0,0.8,19576.953125
98,1775487708.1037753,0.27040132507681847,236.6852306726611,68.0,12356.0,0.8,19576.48046875
99,1775487708.523101,0.26951947808265686,237.4596465357221,58.0,12356.0,0.8,19582.16015625
100,1775487708.9306698,0.2695666719228029,237.41807376813992,54.0,12356.0,0.8,19579.96484375
101,1775487709.3408492,0.2697028424590826,237.29820352082356,49.0,12356.0,0.8,19580.4765625
102,1775487709.7500682,0.270035058259964,237.00626286230917,44.0,12356.0,0.8,19581.234375
103,1775487710.157905,0.26979440450668335,237.21766994027703,41.0,12356.0,0.8,19580.515625
104,1775487710.5658329,0.2698344364762306,237.1824769135339,37.0,12356.0,0.8,19581.02734375
105,1775487710.9864795,0.2700015101581812,237.03571125400524,99.0,12356.0,0.8,19580.5546875
106,1775487711.4029045,0.26944257877767086,237.52741786519667,100.0,12356.0,0.8,19580.328125
107,1775487711.8194494,0.2695218604058027,237.45754761279505,100.0,12356.0,0.8,19580.83984375
108,1775487712.2253387,0.26944456808269024,237.52566420399666,100.0,12356.0,0.8,19581.59765625
109,1775487712.6315076,0.26957341097295284,237.41213856740984,100.0,12356.0,0.9,19577.1875
110,1775487713.039552,0.26951663941144943,237.4621475681742,99.0,12356.0,0.9,19580.15625
111,1775487713.4588456,0.2698257267475128,237.19013294787663,89.0,12356.0,0.9,19581.65234375
112,1775487713.8729532,0.27047448605298996,236.62120939370766,82.0,12356.0,0.8,19580.1953125
113,1775487714.2878284,0.269949235022068,237.081612751257,75.0,12356.0,0.8,19581.19921875
114,1775487714.7049024,0.26972610503435135,237.27773769561233,66.0,12356.0,0.8,19576.7890625
115,1775487715.1264584,0.2695865295827389,237.4005856266559,55.0,12356.0,0.8,19581.484375
116,1775487715.545147,0.2700334209948778,237.00769987732,46.0,12356.0,0.8,19580.51953125
117,1775487715.9536982,0.2696360219269991,237.35701017472834,42.0,12356.0,0.8,19581.5234375
118,1775487716.3707278,0.26994417421519756,237.08605746379124,99.0,12356.0,0.8,19581.54296875
119,1775487716.7854407,0.2702402714639902,236.8262866718148,99.0,12356.0,0.8,19582.30078125
120,1775487717.1930974,0.2700861804187298,236.961402100534,99.0,12356.0,0.8,19581.08984375
121,1775487717.60323,0.26980522461235523,237.2081567062035,99.0,12356.0,0.8,19581.109375
122,1775487718.0135906,0.2699096743017435,237.1163618553801,99.0,12356.0,0.8,19582.11328125
123,1775487718.4228368,0.26961008086800575,237.37984794171243,99.0,12356.0,0.8,19581.578125
124,1775487718.8305933,0.2695790510624647,237.40717146886325,99.0,12356.0,0.8,19581.3515625
125,1775487719.2515607,0.26969836093485355,237.30214665805622,92.0,12356.0,0.8,19581.37109375
126,1775487719.6766968,0.2697914745658636,237.22024612892582,80.0,12356.0,0.8,19580.16015625
127,1775487720.084305,0.2695142310112715,237.46426954843594,76.0,12356.0,0.8,19580.91796875
128,1775487720.50476,0.2699098363518715,237.11621949400006,65.0,12356.0,0.8,19581.18359375
129,1775487720.920595,0.2696073092520237,237.38228825307564,57.0,12356.0,0.8,19576.28125
130,1775487721.3300757,0.2696668989956379,237.3298326133652,53.0,12356.0,0.9,19576.0546875
131,1775487721.7511935,0.26966735906898975,237.3294277103322,42.0,12356.0,0.8,19580.50390625
132,1775487722.171811,0.26978845708072186,237.22289935054903,99.0,12356.0,0.8,19581.015625
133,1775487722.5881684,0.2698621340095997,237.1581334850163,99.0,12356.0,0.9,19576.11328125
134,1775487723.0097592,0.26969575323164463,237.30444114568502,100.0,12356.0,0.8,19576.1328125
135,1775487723.4313595,0.2702156025916338,236.84790732354816,99.0,12356.0,0.8,19576.15234375
136,1775487723.8496523,0.27002643793821335,237.01382904826633,92.0,12356.0,0.8,19580.35546875
137,1775487724.2687156,0.2697442024946213,237.2618184491886,83.0,12356.0,0.8,19580.375
138,1775487724.6931853,0.2697478849440813,237.25857948160441,71.0,12356.0,0.8,19581.37890625
139,1775487725.1008484,0.2696969322860241,237.3034037039973,67.0,12356.0,0.8,19581.3984375
140,1775487725.5200903,0.269675362855196,237.32238393006347,57.0,12356.0,0.8,19580.92578125
141,1775487725.9382133,0.2695669010281563,237.41787198612784,48.0,12356.0,0.8,19580.453125
142,1775487726.348549,0.2699146755039692,237.11196836742155,43.0,12356.0,0.8,19576.53515625
143,1775487726.763081,0.2695680093020201,237.41689589099326,36.0,12356.0,0.8,19595.55859375
144,1775487727.1718075,0.2700571995228529,236.98683135675546,99.0,12356.0,0.8,19614.62890625
145,1775487727.5884,0.2700783796608448,236.96824633045048,99.0,12356.0,0.8,19594.078125
146,1775487727.994451,0.2697957754135132,237.21646457179645,99.0,12356.0,0.8,19604.7578125
147,1775487728.4083915,0.26996383629739285,237.06878994524823,99.0,12356.0,0.8,19605.37109375
148,1775487728.825168,0.27231317572295666,235.02351595764026,99.0,12356.0,0.8,19570.546875
149,1775487729.2425826,0.26967391185462475,237.3236608608288,95.0,12356.0,0.8,19595.3984375
150,1775487729.6503623,0.2696762718260288,237.3215840112441,91.0,12356.0,0.8,19617.421875
151,1775487730.053144,0.26953052915632725,237.44991040655032,90.0,12356.0,0.8,19617.7890625
152,1775487730.4567442,0.26961796171963215,237.37290940041945,88.0,12356.0,0.8,19593.79296875
153,1775487730.864438,0.2702767588198185,236.79431512890812,84.0,12356.0,0.8,19612.671875
154,1775487731.2818894,0.2696151193231344,237.37541188591814,75.0,12356.0,0.8,19612.30078125
155,1775487731.6846216,0.269481947645545,237.49271726423945,74.0,12356.0,0.8,19612.35546875
156,1775487732.0981011,0.2697284147143364,237.2757058902416,67.0,12356.0,0.8,19611.984375
157,1775487732.5019734,0.2698300238698721,237.18635562536423,65.0,12356.0,0.9,19612.10546875
158,1775487732.9114833,0.27296509593725204,234.46221129573294,62.0,12356.0,0.8,19568.17578125
159,1775487733.3180964,0.26983287557959557,237.18384893808545,57.0,12356.0,0.8,19597.69140625
160,1775487733.729066,0.2700355686247349,237.00581492262606,51.0,12356.0,0.8,19599.921875
161,1775487734.1352532,0.2696564123034477,237.339062154324,48.0,12356.0,0.8,19594.52734375
162,1775487734.5586064,0.27002497762441635,237.0151108354835,37.0,12356.0,0.8,19581.55859375
163,1775487734.9757104,0.2697544414550066,237.25281279817153,99.0,12356.0,0.8,19581.0859375
164,1775487735.3842697,0.2697039507329464,237.29722840942392,100.0,12356.0,0.8,19581.3515625
165,1775487735.7999067,0.26960496976971626,237.3843481248352,100.0,12356.0,0.8,19581.37109375
166,1775487736.2079015,0.2695742417126894,237.41140694076705,100.0,12356.0,0.8,19576.46875
167,1775487736.6293414,0.2696992326527834,237.30137965351565,99.0,12356.0,0.8,19576.98046875
168,1775487737.0487192,0.26962527073919773,237.36647467998546,91.0,12356.0,0.8,19577.0
169,1775487737.458112,0.2696171496063471,237.37362439089213,86.0,12356.0,0.9,19581.6953125
170,1775487737.8665845,0.26976829394698143,237.240629962905,82.0,12356.0,0.8,19581.22265625
171,1775487738.2843513,0.26973799616098404,237.26727754662994,73.0,12356.0,0.8,19581.2421875
172,1775487738.7024257,0.26987635530531406,237.14563629554024,64.0,12356.0,0.8,19582.24609375
173,1775487739.1207612,0.26951500959694386,237.46358355221534,54.0,12356.0,0.9,19581.03515625
174,1775487739.5397708,0.27006022073328495,236.9841801440548,45.0,12356.0,0.8,19582.77734375
175,1775487739.9461315,0.26960061118006706,237.38818587934952,42.0,12356.0,1.0,19577.62890625
176,1775487740.3612907,0.26962004229426384,237.37107766695723,35.0,12356.0,0.8,19582.48046875
177,1775487740.7753565,0.26954837888479233,237.43418626663023,100.0,12356.0,0.8,19582.0078125
178,1775487741.181967,0.2695604283362627,237.42357287013695,100.0,12356.0,0.8,19577.10546875
179,1775487741.5995448,0.2696600314229727,237.33587681599505,99.0,12356.0,0.8,19581.80078125
180,1775487742.0078917,0.26964142359793186,237.35225525077993,99.0,12356.0,0.8,19582.3125
181,1775487742.4251604,0.2697109542787075,237.2910665462449,100.0,12356.0,0.8,19582.578125
182,1775487742.833174,0.26950485818088055,237.47252807237277,98.0,12356.0,0.9,19582.59765625
183,1775487743.2478547,0.26951542124152184,237.46322086203537,90.0,12356.0,0.8,19581.6328125
184,1775487743.6563454,0.2702965922653675,236.77693996662413,86.0,12356.0,0.8,19582.8828125
185,1775487744.0732899,0.2696944400668144,237.30559660089605,78.0,12356.0,0.8,19583.1484375
186,1775487744.4811506,0.26967431977391243,237.32330187633679,73.0,12356.0,0.8,19581.9375
187,1775487744.8993607,0.26961449906229973,237.37595797921662,64.0,12356.0,0.8,19581.95703125
188,1775487745.3077235,0.2696335222572088,237.3592106212562,60.0,12356.0,0.9,19581.73046875
189,1775487745.7237325,0.2697219643741846,237.2813802854148,52.0,12356.0,0.8,19577.80859375
190,1775487746.1438713,0.26986541599035263,237.15524927539408,42.0,12356.0,0.8,19581.51953125
191,1775487746.56236,0.2699886579066515,237.04699484867984,99.0,12356.0,0.8,19581.78515625
192,1775487746.9824166,0.26978999376296997,237.22154816545432,99.0,12356.0,0.9,19581.55859375
193,1775487747.400571,0.26969428174197674,237.3057359118589,99.0,12356.0,0.8,19582.0703125
194,1775487747.8171425,0.2696355227380991,237.35744960490288,100.0,12356.0,0.8,19582.08984375
195,1775487748.2243788,0.2703162021934986,236.75976312432547,99.0,12356.0,0.8,19581.6171875
196,1775487748.6382244,0.2697487324476242,237.25783405646425,94.0,12356.0,0.8,19577.69921875
197,1775487749.046892,0.26965635269880295,237.3391146155783,90.0,12356.0,0.8,19581.65625
198,1775487749.4539502,0.2697540055960417,237.25319614286062,86.0,12356.0,0.8,19583.3984375
199,1775487749.8600495,0.26957662031054497,237.40931215130502,83.0,12356.0,0.8,19577.01953125
200,1775487750.280266,0.2697067130357027,237.2947980405958,73.0,12356.0,0.8,19577.28515625
201,1775487750.6979506,0.26968047954142094,237.31788117860444,64.0,12356.0,0.8,19582.47265625
202,1775487751.1181273,0.26971119083464146,237.2908584250702,54.0,12356.0,0.8,19582.4921875
203,1775487751.5255089,0.2695924323052168,237.39538774420396,50.0,12356.0,0.8,19582.01953125
204,1775487751.9336116,0.26959038339555264,237.3971919691843,46.0,12356.0,0.8,19583.0234375
205,1775487752.349224,0.26978037506341934,237.23000601861804,39.0,12356.0,0.8,19582.3046875
206,1775487752.7582576,0.2699188645929098,237.1082884352098,99.0,12356.0,0.9,19582.32421875
207,1775487753.179688,0.2698629256337881,237.1574377980689,100.0,12356.0,0.8,19581.8515625
208,1775487753.5997527,0.2699825968593359,237.0523164992918,99.0,12356.0,0.8,19582.85546875
209,1775487754.0212543,0.26959737204015255,237.39103803455527,100.0,12356.0,0.8,19581.64453125
210,1775487754.4315224,0.26952059008181095,237.45866681492973,97.0,12356.0,0.8,19583.6328125
211,1775487754.8488927,0.26958287321031094,237.40380550833947,88.0,12356.0,0.8,19583.65234375
212,1775487755.2690513,0.2696306426078081,237.36174561246494,78.0,12356.0,0.8,19577.765625
213,1775487755.6882248,0.26943046785891056,237.53809473958273,68.0,12356.0,0.8,19582.953125
214,1775487756.107784,0.26954334788024426,237.4386179563023,58.0,12356.0,0.8,19580.01953125
215,1775487756.5265312,0.2695246487855911,237.45509098469313,49.0,12356.0,0.8,19580.28515625
216,1775487756.9345322,0.26957210153341293,237.41329179075797,45.0,12356.0,0.8,19576.12109375
217,1775487757.3547413,0.26954565197229385,237.43658831706347,35.0,12356.0,0.8,19580.078125
218,1775487757.771651,0.2696464192122221,237.34785793550458,100.0,12356.0,0.8,19579.8515625
219,1775487758.1822548,0.2699596453458071,237.07247028724854,99.0,12356.0,0.8,19581.83984375
220,1775487758.5957012,0.26976203545928,237.24613395297672,99.0,12356.0,0.8,19580.62890625
221,1775487759.0039256,0.26955464109778404,237.42867026646098,99.0,12356.0,0.8,19580.6484375
222,1775487759.4104896,0.26943596079945564,237.53325209486775,100.0,12356.0,0.8,19599.71875
223,1775487759.816689,0.26961767114698887,237.3731652222038,100.0,12356.0,0.8,19613.62109375
224,1775487760.2190297,0.2697594743221998,237.24838640350632,99.0,12356.0,0.8,19613.25
225,1775487760.6247306,0.26962139271199703,237.36988877719816,99.0,12356.0,0.9,19570.05859375
226,1775487761.0333002,0.2696323711425066,237.36022395535957,95.0,12356.0,0.8,19580.03125
227,1775487761.4389136,0.26965475268661976,237.34052288104053,92.0,12356.0,0.8,19575.375
228,1775487761.8564458,0.2696600314229727,237.33587681599505,83.0,12356.0,0.8,19579.82421875
229,1775487762.265318,0.2695265803486109,237.4533892620949,79.0,12356.0,0.9,19580.08984375
230,1775487762.673642,0.26992934569716454,237.09908174193853,74.0,12356.0,0.9,19580.6015625
231,1775487763.0896115,0.2697195950895548,237.28346462462295,66.0,12356.0,0.8,19580.8671875
232,1775487763.5006242,0.2699674963951111,237.0655758733739,61.0,12356.0,0.8,19581.1328125
233,1775487763.909221,0.2696827109903097,237.3159175276151,56.0,12356.0,0.8,19575.0
234,1775487764.3296878,0.2696794718503952,237.31876794650512,46.0,12356.0,0.9,19580.6796875
235,1775487764.7455573,0.2699210587888956,237.10636097517013,39.0,12356.0,0.8,19580.9453125
236,1775487765.1540577,0.2696420419961214,237.3517109061227,99.0,12356.0,0.8,19581.2109375
237,1775487765.5768526,0.26994335651397705,237.08677563504412,99.0,12356.0,0.8,19581.4765625
238,1775487765.99354,0.26975841261446476,237.24932015917506,99.0,12356.0,0.8,19580.265625
239,1775487766.401452,0.2694023475050926,237.56288908651837,100.0,12356.0,0.8,19580.28515625
240,1775487766.8108585,0.2695483807474375,237.43418462590202,100.0,12356.0,0.8,19576.12109375
241,1775487767.2167,0.26973921433091164,237.26620602329572,99.0,12356.0,0.8,19593.9609375
242,1775487767.6228063,0.26959516294300556,237.39298324699573,99.0,12356.0,0.8,19614.75390625
243,1775487768.0365007,0.27003842778503895,237.00330551082337,92.0,12356.0,0.8,19570.30859375
244,1775487768.4577289,0.2696716319769621,237.32566725990478,82.0,12356.0,0.8,19580.47265625
245,1775487768.86483,0.26949353888630867,237.48250241724608,78.0,12356.0,0.9,19580.0
246,1775487769.2829134,0.2695976123213768,237.39082645772135,69.0,12356.0,0.8,19580.4921875
247,1775487769.7018778,0.2695386614650488,237.4427462544141,59.0,12356.0,0.8,19579.79296875
248,1775487770.1247392,0.2698058448731899,237.20761138469894,48.0,12356.0,0.8,19581.04296875
249,1775487770.5457816,0.26994140818715096,237.088486830552,38.0,12356.0,0.8,19581.0625
250,1775487770.9610145,0.26959220319986343,237.39558948799905,99.0,12356.0,0.8,19576.16015625
251,1775487771.3778117,0.26968948170542717,237.3099595701143,100.0,12356.0,0.9,19575.6875
252,1775487771.7851064,0.26962604373693466,237.36579416802448,100.0,12356.0,0.8,19580.3828125
253,1775487772.1930897,0.26974221132695675,237.26356985494226,100.0,12356.0,0.8,19580.89453125
254,1775487772.6006951,0.26955522038042545,237.4281600247856,99.0,12356.0,0.8,19579.9296875
255,1775487773.0087962,0.2695389799773693,237.44246566998766,99.0,12356.0,0.8,19575.765625
256,1775487773.4173107,0.26973053254187107,237.27384288638177,99.0,12356.0,0.8,19579.96875
257,1775487773.836521,0.26979104429483414,237.22062445504775,91.0,12356.0,0.8,19580.234375
258,1775487774.2517226,0.2697194330394268,237.2836071868973,84.0,12356.0,0.8,19580.25390625
259,1775487774.6690054,0.2703521717339754,236.72826295242615,75.0,12356.0,0.8,19580.2734375
260,1775487775.087619,0.2695636712014675,237.42071665201294,66.0,12356.0,1.1,19598.11328125
261,1775487775.494324,0.2697027027606964,237.29832643459395,62.0,12356.0,0.8,19611.03125
262,1775487775.8975954,0.26965069212019444,237.34409690101057,60.0,12356.0,0.8,19570.30078125
263,1775487776.3216972,0.2696023993194103,237.38661140094774,48.0,12356.0,0.8,19579.45703125
264,1775487776.7298455,0.2697003707289696,237.30037829393873,44.0,12356.0,0.8,19581.19921875
265,1775487777.1403456,0.26952301897108555,237.45652688338996,39.0,12356.0,0.8,19579.7421875
266,1775487777.5595622,0.2698330245912075,237.183717956536,99.0,12356.0,0.8,19579.76171875
267,1775487777.9771729,0.26945652067661285,237.51512800393255,100.0,12356.0,0.8,19580.2734375
268,1775487778.396508,0.26968647353351116,237.31260660371007,99.0,12356.0,0.8,19579.5546875
269,1775487778.810512,0.2696216329932213,237.36967723806146,99.0,12356.0,0.8,19575.8828125
270,1775487779.228393,0.26966533064842224,237.3312129004836,95.0,12356.0,0.8,19580.0859375
271,1775487779.6359558,0.2696242220699787,237.3673978867868,91.0,12356.0,0.9,19580.890625
272,1775487780.042954,0.26968521252274513,237.31371624464677,87.0,12356.0,0.9,19580.91015625
273,1775487780.4518905,0.26962433010339737,237.36730277811668,83.0,12356.0,0.8,19580.9296875
274,1775487780.868382,0.2703487742692232,236.73123790924407,75.0,12356.0,0.8,19580.45703125
275,1775487781.2870233,0.26978487335145473,237.22605053777713,65.0,12356.0,0.8,19580.96875
276,1775487781.6967251,0.2696915324777365,237.30815503183555,60.0,12356.0,0.8,19580.49609375
277,1775487782.1026292,0.26958978176116943,237.39772176045543,57.0,12356.0,0.9,19581.25390625
278,1775487782.5111933,0.26966707222163677,237.32968015983434,53.0,12356.0,0.9,19581.203125
279,1775487782.9282916,0.2696653716266155,237.3311768357703,44.0,12356.0,0.8,19580.73046875
280,1775487783.3509996,0.2700197175145149,237.01972800026974,99.0,12356.0,0.8,19580.75
281,1775487783.7698338,0.27000956796109676,237.0286374785844,99.0,12356.0,0.8,19581.015625
282,1775487784.1889956,0.2698974162340164,237.12713108934824,99.0,12356.0,0.8,19581.28125
283,1775487784.6043935,0.26959665305912495,237.39167112717914,100.0,12356.0,0.8,19580.31640625
284,1775487785.0112019,0.2699242886155844,237.10352383718347,99.0,12356.0,0.8,19576.15234375
285,1775487785.4215572,0.2697160728275776,237.28656334438594,97.0,12356.0,0.8,19580.84765625
286,1775487785.8296225,0.2697872146964073,237.22399177447852,93.0,12356.0,0.8,19580.375
287,1775487786.244437,0.2696838304400444,237.31493243614528,85.0,12356.0,0.8,19580.39453125
288,1775487786.6614268,0.26966642029583454,237.33025391070018,77.0,12356.0,0.8,19580.4140625
289,1775487787.077605,0.26965581253170967,237.3395900467528,69.0,12356.0,0.8,19580.43359375
290,1775487787.507242,0.27025056071579456,236.817269982669,54.0,12356.0,0.8,19581.19140625
291,1775487787.9178438,0.26963113993406296,237.36130780610466,48.0,12356.0,0.9,19579.07421875
292,1775487788.3383996,0.2696884423494339,237.31087414222793,39.0,12356.0,0.8,19580.81640625
293,1775487788.7463102,0.26962088979780674,237.3703315347512,35.0,12356.0,0.8,19582.06640625
294,1775487789.1538985,0.26971797086298466,237.2848935324064,99.0,12356.0,0.9,19575.93359375
295,1775487789.5634394,0.27002090960741043,237.018681601551,99.0,12356.0,0.8,19579.890625
296,1775487789.9821417,0.26956905238330364,237.41597722055124,100.0,12356.0,0.8,19580.40234375
297,1775487790.3901143,0.2696008197963238,237.38800218912647,100.0,12356.0,0.8,19580.9140625
298,1775487790.8137789,0.2695947326719761,237.39336212429157,99.0,12356.0,0.9,19575.51953125
299,1775487791.2321403,0.2696947641670704,237.30531142367047,91.0,12356.0,0.8,19580.4609375
300,1775487791.6391158,0.269692974165082,237.30688646277048,87.0,12356.0,0.8,19582.203125
301,1775487792.0595737,0.269711134955287,237.29090758751948,77.0,12356.0,0.8,19580.25390625
302,1775487792.476348,0.26989254727959633,237.13140894438604,68.0,12356.0,0.8,19581.2578125
303,1775487792.885628,0.26967474073171616,237.3229314185933,64.0,12356.0,0.9,19576.109375
304,1775487793.2940748,0.2694530878216028,237.5181539666473,59.0,12356.0,0.8,19580.55859375
305,1775487793.7140722,0.26995571702718735,237.07592009823793,50.0,12356.0,0.9,19580.5703125
306,1775487794.1329863,0.269859965890646,237.16003886969438,41.0,12356.0,0.8,19575.66796875
307,1775487794.551337,0.2695628199726343,237.4214663821116,100.0,12356.0,0.8,19580.85546875
308,1775487794.9685674,0.2698178142309189,237.19708864451297,99.0,12356.0,0.8,19580.13671875
309,1775487795.3851595,0.26990773528814316,237.1180652961874,99.0,12356.0,0.8,19580.6484375
310,1775487795.804637,0.2696084603667259,237.38127473057088,99.0,12356.0,0.8,19581.8984375
311,1775487796.2258406,0.2697293311357498,237.2748997319464,93.0,12356.0,0.8,19580.93359375
312,1775487796.6343076,0.26960917189717293,237.3806482533508,89.0,12356.0,0.8,19581.4453125
313,1775487797.0524244,0.26953205093741417,237.44856976160108,80.0,12356.0,0.8,19581.4609375
314,1775487797.4584172,0.26958145946264267,237.40505050893094,77.0,12356.0,0.8,19580.98828125
315,1775487797.8786538,0.2696701716631651,237.32695242223528,67.0,12356.0,0.8,19580.515625
316,1775487798.287591,0.26973577216267586,237.26923383896602,62.0,12356.0,0.8,19575.83984375
317,1775487798.709325,0.2697309534996748,237.27347258303138,51.0,12356.0,0.8,19579.5703125
318,1775487799.1164026,0.2696181442588568,237.3727486921446,47.0,12356.0,0.8,19581.06640625
319,1775487799.5264685,0.2697062324732542,237.29522085236442,42.0,12356.0,0.9,19581.33203125
320,1775487799.933849,0.2697315216064453,237.27297283919188,39.0,12356.0,0.8,19580.12109375
321,1775487800.3566096,0.270037479698658,237.00413761607945,99.0,12356.0,0.8,19579.89453125
322,1775487800.7617178,0.2696367986500263,237.35632643772954,100.0,12356.0,0.8,19597.734375
323,1775487801.178853,0.27101107500493526,236.1527107290155,100.0,12356.0,0.8,19595.39453125
324,1775487801.5957534,0.26981091126799583,237.20315720082402,99.0,12356.0,0.8,19611.41015625
325,1775487802.0007806,0.26960641145706177,237.38307874103657,100.0,12356.0,0.8,19611.53125
326,1775487802.4184952,0.2696032728999853,237.3858422102393,96.0,12356.0,0.8,19614.11328125
327,1775487802.821462,0.2698835227638483,237.13933827668635,94.0,12356.0,0.9,19614.234375
328,1775487803.2364843,0.26964483968913555,237.3492482696255,87.0,12356.0,0.8,19569.9375
329,1775487803.6439316,0.2697179615497589,237.28490172573458,83.0,12356.0,0.8,19581.26171875
330,1775487804.0614755,0.26972440257668495,237.27923535507415,74.0,12356.0,0.8,19580.7890625
331,1775487804.4795651,0.26971803419291973,237.28483781778965,65.0,12356.0,0.8,19575.88671875
332,1775487804.8879318,0.2696506716310978,237.34411493532926,61.0,12356.0,0.8,19580.3359375
333,1775487805.2932408,0.2698002941906452,237.21249152818407,58.0,12356.0,0.8,19576.3984375
334,1775487805.7143521,0.2698225639760494,237.19291321270265,48.0,12356.0,0.9,19580.62109375
335,1775487806.1312764,0.26950449869036674,237.47284483562365,39.0,12356.0,0.8,19580.640625
336,1775487806.5386746,0.2699619587510824,237.07043872433522,36.0,12356.0,0.8,19575.984375
337,1775487806.9580045,0.2696525249630213,237.34248366032034,100.0,12356.0,0.8,19579.203125
338,1775487807.3661199,0.26958078145980835,237.40564758894627,100.0,12356.0,0.8,19579.71484375
339,1775487807.782665,0.26970120146870613,237.29964735595004,100.0,12356.0,0.8,19580.2265625
340,1775487808.1898465,0.2695831898599863,237.40352665624198,100.0,12356.0,0.8,19580.24609375
341,1775487808.6067257,0.2705009337514639,236.5980742188608,99.0,12356.0,0.8,19581.00390625
342,1775487809.0275202,0.26969014294445515,237.30937772234898,90.0,12356.0,0.8,19580.28515625
343,1775487809.4341261,0.269656864926219,237.33866377743095,87.0,12356.0,0.9,19580.55078125
344,1775487809.8508668,0.2696456015110016,237.34857769370583,79.0,12356.0,0.8,19579.83203125
345,1775487810.2683423,0.2696525417268276,237.34246890517133,70.0,12356.0,0.8,19580.5703125
346,1775487810.6766503,0.26964621245861053,237.34803992406793,66.0,12356.0,0.8,19576.3984375
347,1775487811.0845184,0.2698513139039278,237.1676427070695,62.0,12356.0,0.8,19576.171875
348,1775487811.5059114,0.2696350421756506,237.35787263996625,51.0,12356.0,0.8,19580.375
349,1775487811.926102,0.26965470239520073,237.34056714576715,41.0,12356.0,0.8,19580.88671875
350,1775487812.3423212,0.26974099688231945,237.26463807769434,99.0,12356.0,0.8,19580.16796875
351,1775487812.7632887,0.26971662417054176,237.28607829353822,99.0,12356.0,0.9,19580.92578125
352,1775487813.185735,0.2696772813796997,237.32069558313813,100.0,12356.0,0.9,19582.5
353,1775487813.5917742,0.26964046247303486,237.3531012853839,99.0,12356.0,0.8,19576.12109375
354,1775487814.0104098,0.2696501109749079,237.34460842093063,98.0,12356.0,0.8,19579.5859375
355,1775487814.4279723,0.2697464171797037,237.25987047073,89.0,12356.0,0.8,19580.58984375
356,1775487814.8458803,0.26968861371278763,237.31072335207514,80.0,12356.0,0.8,19580.1171875
357,1775487815.2553632,0.26977890357375145,237.2312999726602,76.0,12356.0,0.8,19580.85546875
358,1775487815.6635835,0.2697914633899927,237.2202559555631,71.0,12356.0,0.8,19577.6953125
359,1775487816.080985,0.27000751718878746,237.03043776833675,63.0,12356.0,0.8,19579.68359375
360,1775487816.4872482,0.2694946378469467,237.48153399752366,59.0,12356.0,0.8,19580.6875
361,1775487816.8959835,0.270470816642046,236.62441957536834,55.0,12356.0,0.8,19579.72265625
362,1775487817.3126416,0.2697457242757082,237.2604799273309,47.0,12356.0,0.8,19580.4609375
363,1775487817.7212799,0.26977793499827385,237.23215169694845,42.0,12356.0,0.8,19580.9921875
364,1775487818.1302,0.26972363516688347,237.2799104550178,38.0,12356.0,0.8,19580.2734375
365,1775487818.5408754,0.27008469961583614,236.9627012971579,99.0,12356.0,0.8,19580.046875
366,1775487818.9502025,0.2696013506501913,237.3875347643945,100.0,12356.0,0.8,19580.06640625
367,1775487819.3661702,0.2695919908583164,237.39577647035918,100.0,12356.0,0.8,19575.90234375
368,1775487819.774164,0.26962062157690525,237.37056767278818,100.0,12356.0,0.9,19580.10546875
369,1775487820.1932623,0.26955898106098175,237.42484760884824,100.0,12356.0,0.8,19580.37109375
370,1775487820.6019456,0.26968030259013176,237.31803689522377,100.0,12356.0,0.8,19579.65234375
371,1775487821.0168617,0.26975200325250626,237.25495725083323,94.0,12356.0,0.8,19580.65625
372,1775487821.4258761,0.2697446830570698,237.26139575644405,89.0,12356.0,0.9,19580.4296875
373,1775487821.8326075,0.2697302121669054,237.27412471094513,86.0,12356.0,0.8,19579.95703125
374,1775487822.2498906,0.26989242620766163,237.13151531994782,77.0,12356.0,0.8,19580.6953125
375,1775487822.6581244,0.2698052115738392,237.20816816944523,73.0,12356.0,0.9,19580.48828125
376,1775487823.0781252,0.2700007762759924,237.03635553469584,63.0,12356.0,0.8,19579.76953125
377,1775487823.4953556,0.2696388252079487,237.35454250938244,54.0,12356.0,0.8,19580.5234375
378,1775487823.912478,0.2696938328444958,237.3061309003017,46.0,12356.0,0.8,19581.28125
379,1775487824.3285573,0.2696246523410082,237.36701909236365,38.0,12356.0,0.8,19580.296875
380,1775487824.7479632,0.26965785399079323,237.33779325480026,100.0,12356.0,0.8,19580.33203125
381,1775487825.1567423,0.27074456959962845,236.38516589507924,99.0,12356.0,0.8,19579.859375
382,1775487825.5877717,0.269968967884779,237.06428372654588,99.0,12356.0,0.8,19579.6328125
383,1775487826.0035248,0.26965986378490925,237.3360243593714,99.0,12356.0,0.8,19580.390625
384,1775487826.4118118,0.26973727345466614,237.26791325617916,96.0,12356.0,0.8,19580.65625
385,1775487826.8270876,0.2696151714771986,237.37536596827783,88.0,12356.0,0.8,19575.5078125
386,1775487827.2337554,0.2696558106690645,237.33959168617395,84.0,12356.0,0.8,19576.4921875
387,1775487827.6525064,0.2696940712630749,237.30592111374511,75.0,12356.0,0.8,19576.0390625
388,1775487828.0635285,0.2696352805942297,237.35766276191686,69.0,12356.0,0.8,19579.75
389,1775487828.4820893,0.2697564922273159,237.251009128889,60.0,12356.0,0.8,19579.76953125
390,1775487828.900983,0.269790343940258,237.22124026118615,51.0,12356.0,0.8,19579.7890625
391,1775487829.3102887,0.2696493696421385,237.3452609399263,46.0,12356.0,0.9,19581.01953125
392,1775487829.7302542,0.26989368721842766,237.13040738223773,36.0,12356.0,0.8,19579.3359375
393,1775487830.1518214,0.2697630152106285,237.24527229957516,99.0,12356.0,0.8,19580.09375
394,1775487830.566588,0.2699951585382223,237.04128750493774,99.0,12356.0,0.9,19577.40625
395,1775487830.98495,0.269609272480011,237.38055969401054,99.0,12356.0,0.8,19580.37890625
396,1775487831.4010026,0.26963486336171627,237.35803004874685,99.0,12356.0,0.8,19579.66015625
397,1775487831.811554,0.26966823264956474,237.32865889015682,95.0,12356.0,0.9,19579.6796875
398,1775487832.2283397,0.2696659918874502,237.3306309484939,86.0,12356.0,0.8,19575.515625
399,1775487832.6360013,0.26983625441789627,237.1808789670012,82.0,12356.0,0.9,19580.4296875
400,1775487833.058654,0.2696894221007824,237.31001201850376,71.0,12356.0,0.8,19579.95703125
401,1775487833.4657629,0.2700142879039049,237.0244941363136,68.0,12356.0,0.8,19580.46875
402,1775487833.8818073,0.26950566098093987,237.47182069220523,59.0,12356.0,0.8,19579.99609375
403,1775487834.2957706,0.26964931190013885,237.3453117644208,52.0,12356.0,0.8,19580.48828125
404,1775487834.7037585,0.26956644281744957,237.41827555049503,48.0,12356.0,0.8,19581.01953125
405,1775487835.1214128,0.2694438695907593,237.52627995287267,40.0,12356.0,0.8,19580.30078125
406,1775487835.5365703,0.2699824161827564,237.05247513851842,99.0,12356.0,0.8,19594.6796875
407,1775487835.941998,0.26963827200233936,237.35502947980893,99.0,12356.0,0.8,19611.2890625
408,1775487836.3575602,0.26966190338134766,237.33422926075377,100.0,12356.0,0.9,19615.1015625
409,1775487836.7737272,0.2696404233574867,237.3531357171525,100.0,12356.0,0.8,19615.22265625
410,1775487837.1781936,0.2697643116116524,237.24413217465622,99.0,12356.0,0.8,19568.33984375
411,1775487837.5927444,0.26978686451911926,237.22429968588943,99.0,12356.0,0.8,19580.11328125
412,1775487837.9975185,0.2697461638599634,237.26009328245755,100.0,12356.0,0.8,19599.18359375
413,1775487838.4135602,0.26977576315402985,237.23406154710375,93.0,12356.0,0.8,19617.0234375
414,1775487838.820015,0.27112321741878986,236.0550328714289,90.0,12356.0,0.8,19596.47265625
415,1775487839.2368226,0.2697341609746218,237.2706511060774,81.0,12356.0,0.8,19611.21484375
416,1775487839.6535769,0.27006280794739723,236.98190982471715,73.0,12356.0,0.8,19610.47265625
417,1775487840.0674744,0.26966209150850773,237.33406368681534,66.0,12356.0,0.8,19611.33203125
418,1775487840.4807389,0.2695973999798298,237.39101343257846,59.0,12356.0,0.8,19570.33203125
419,1775487840.9016693,0.2695947829633951,237.3933178398699,48.0,12356.0,0.8,19579.98046875
420,1775487841.3183384,0.2695832494646311,237.40347416650863,40.0,12356.0,0.8,19576.2890625
421,1775487841.7350204,0.26987929455935955,237.14305354360297,100.0,12356.0,0.8,19575.58984375
422,1775487842.1535482,0.2700330279767513,237.0080448289093,99.0,12356.0,0.8,19595.64453125
423,1775487842.5688467,0.2699400782585144,237.08965490744546,99.0,12356.0,0.9,19612.25390625
424,1775487842.984715,0.2695641703903675,237.42027698754933,100.0,12356.0,0.8,19612.8671875
425,1775487843.3874717,0.26955381967127323,237.42939379619773,100.0,12356.0,0.8,19615.6953125
426,1775487843.7987258,0.26965608075261116,237.33935397034531,99.0,12356.0,0.8,19615.81640625
427,1775487844.2108867,0.26974906399846077,237.25754244087088,93.0,12356.0,0.8,19599.63671875
428,1775487844.6209326,0.2695516422390938,237.43131174556765,88.0,12356.0,0.8,19595.96484375
429,1775487845.032362,0.2717841546982527,235.480983323166,83.0,12356.0,0.8,19568.9140625
430,1775487845.4497817,0.26967700384557247,237.320939818246,74.0,12356.0,0.8,19580.140625
431,1775487845.8564804,0.2695621885359287,237.42202253069232,70.0,12356.0,0.8,19579.17578125
432,1775487846.2639737,0.26969141513109207,237.30825828805402,66.0,12356.0,0.8,19576.22265625
433,1775487846.6728377,0.26991950906813145,237.10772230193078,62.0,12356.0,0.8,19580.4453125
434,1775487847.0920537,0.26977762393653393,237.23242523277693,52.0,12356.0,0.8,19580.7109375
435,1775487847.5087984,0.26973212510347366,237.27244196607487,44.0,12356.0,0.8,19580.484375
436,1775487847.9171453,0.2697092518210411,237.29256437397117,40.0,12356.0,0.8,19575.828125
437,1775487848.325335,0.2696582842618227,237.33741455485816,36.0,12356.0,0.8,19575.58203125
438,1775487848.7347655,0.2695387303829193,237.4426855431077,100.0,12356.0,0.9,19575.375
439,1775487849.142578,0.26975367218255997,237.2534893860018,99.0,12356.0,0.8,19579.82421875
440,1775487849.548301,0.2700729388743639,236.97302020241415,99.0,12356.0,0.8,19580.58203125
441,1775487849.9554534,0.2696686405688524,237.32829989054426,99.0,12356.0,0.8,19580.6015625
442,1775487850.37316,0.2698352560400963,237.18175652513656,100.0,12356.0,0.8,19581.0234375
443,1775487850.794167,0.27055987529456615,236.54653126344547,99.0,12356.0,0.8,19580.55078125
444,1775487851.2114213,0.26983881555497646,237.17862779812253,92.0,12356.0,0.8,19581.0625
445,1775487851.6187387,0.2695339806377888,237.4468697733735,88.0,12356.0,0.8,19581.57421875
446,1775487852.0367906,0.26953321136534214,237.44754746846542,79.0,12356.0,0.8,19577.65625
447,1775487852.4467561,0.26960303261876106,237.3860537781888,74.0,12356.0,0.9,19575.703125
448,1775487852.8547704,0.26980637200176716,237.20714794527098,70.0,12356.0,0.9,19575.72265625
449,1775487853.2759612,0.2696157228201628,237.37488055430967,59.0,12356.0,0.9,19581.3828125
450,1775487853.6931105,0.2695894595235586,237.39800551960093,51.0,12356.0,0.8,19580.9296875
451,1775487854.1097863,0.2696965541690588,237.30373640547782,42.0,12356.0,0.8,19580.94921875
452,1775487854.5263948,0.2696372102946043,237.35596407511377,99.0,12356.0,0.8,19580.4765625
453,1775487854.9485257,0.2695321533828974,237.44847951064895,99.0,12356.0,0.8,19580.98828125
454,1775487855.3557508,0.26938301883637905,237.57993460928972,100.0,12356.0,0.9,19581.25390625
455,1775487855.774467,0.26948463916778564,237.49034526659062,100.0,12356.0,0.8,19581.51953125
456,1775487856.196497,0.26970682106912136,237.29470299009554,99.0,12356.0,0.9,19580.80078125
457,1775487856.6059613,0.26967762410640717,237.32039397806105,94.0,12356.0,0.9,19577.375
458,1775487857.0210512,0.26960815116763115,237.38154697039354,86.0,12356.0,0.8,19580.59375
459,1775487857.441416,0.26958676241338253,237.40038059384693,76.0,12356.0,0.9,19580.61328125
460,1775487857.8498178,0.2695748396217823,237.41088036922508,72.0,12356.0,0.9,19580.6328125
461,1775487858.2589557,0.26953767985105515,237.4436109836888,67.0,12356.0,0.9,19576.6953125
462,1775487858.6729765,0.26953584887087345,237.44522395854096,60.0,12356.0,0.8,19595.046875
463,1775487859.0824194,0.26957437954843044,237.41128555023556,55.0,12356.0,0.9,19597.7734375
464,1775487859.500005,0.26964416168630123,237.34984506898522,46.0,12356.0,0.8,19610.19921875
465,1775487859.9057379,0.2701695989817381,236.88823702301912,44.0,12356.0,0.8,19569.46875
466,1775487860.3158545,0.26979043148458004,237.22116328524402,39.0,12356.0,0.8,19581.3125
467,1775487860.7321823,0.26952964067459106,237.45069314016033,100.0,12356.0,0.8,19601.6328125
468,1775487861.1478336,0.2697701323777437,237.23901321434818,99.0,12356.0,0.8,19569.76171875
469,1775487861.5692797,0.2700919508934021,236.95633945514743,99.0,12356.0,0.8,19580.40625
470,1775487861.9854174,0.2697177939116955,237.2850492057389,100.0,12356.0,0.8,19580.671875
471,1775487862.3928874,0.26968732103705406,237.31186083904416,99.0,12356.0,0.8,19580.45703125
472,1775487862.8147476,0.2695304900407791,237.44994486641195,88.0,12356.0,0.9,19580.96875
473,1775487863.2300498,0.26952669955790043,237.45328423854852,81.0,12356.0,0.8,19581.4609375
474,1775487863.6527607,0.26956829242408276,237.4166465368846,69.0,12356.0,0.8,19580.515625
475,1775487864.058669,0.26962380297482014,237.36776684355604,66.0,12356.0,0.8,19581.51953125
476,1775487864.4744604,0.2696053795516491,237.38398731668977,58.0,12356.0,0.8,19576.125
477,1775487864.8833244,0.2695700116455555,237.41513237811662,54.0,12356.0,0.8,19580.8203125
478,1775487865.2930083,0.2698251362890005,237.190651991191,49.0,12356.0,0.8,19580.8203125
479,1775487865.713989,0.26972476206719875,237.27891910812087,39.0,12356.0,0.8,19581.09765625
480,1775487866.1335163,0.26959207095205784,237.3957059418905,100.0,12356.0,0.9,19580.625
481,1775487866.5417175,0.2700784597545862,236.96817605578488,99.0,12356.0,0.8,19580.3984375
482,1775487866.961377,0.26960940286517143,237.38044489496409,99.0,12356.0,0.8,19580.171875
483,1775487867.376343,0.2695681992918253,237.41672856120462,100.0,12356.0,0.8,19580.9296875
484,1775487867.7841787,0.26964739151299,237.34700210113795,100.0,12356.0,0.8,19580.703125
485,1775487868.1939921,0.2695213593542576,237.4579890563653,98.0,12356.0,0.9,19580.72265625
486,1775487868.609114,0.26953878812491894,237.44263467690195,90.0,12356.0,0.8,19580.98828125
487,1775487869.026737,0.2699950058013201,237.04142159983274,82.0,12356.0,0.8,19595.62890625
488,1775487869.4443088,0.27003310807049274,237.00797453063666,73.0,12356.0,0.8,19602.640625
489,1775487869.8602867,0.2695630807429552,237.42123670499186,65.0,12356.0,0.8,19605.71484375
490,1775487870.2746177,0.2696790713816881,237.31912036072725,57.0,12356.0,0.8,19606.20703125
491,1775487870.6879518,0.2696339227259159,237.3588580879576,51.0,12356.0,0.8,19571.25390625
492,1775487871.0977385,0.26969621144235134,237.3040379682169,46.0,12356.0,0.9,19581.9765625
493,1775487871.513785,0.26967479288578033,237.32288552125425,38.0,12356.0,0.8,19580.7421875
494,1775487871.918664,0.26969101279973984,237.3086123100567,36.0,12356.0,0.8,19595.3828125
495,1775487872.3378608,0.26974837109446526,237.25815188551167,100.0,12356.0,0.8,19614.453125
496,1775487872.7420518,0.26980468444526196,237.2086316128597,100.0,12356.0,0.9,19570.27734375
497,1775487873.1541936,0.2698157746344805,237.19888166917158,99.0,12356.0,0.8,19581.234375
498,1775487873.575879,0.26986456476151943,237.15599732983506,99.0,12356.0,0.8,19581.25390625
499,1775487873.9956007,0.2697078716009855,237.29377870989117,96.0,12356.0,0.8,19576.84375
500,1775487874.4035223,0.2697030231356621,237.29804455253606,92.0,12356.0,0.8,19580.5546875
501,1775487874.8122299,0.2697510737925768,237.25577474146536,88.0,12356.0,0.9,19581.06640625
502,1775487875.233994,0.2696185726672411,237.3723715205175,77.0,12356.0,0.8,19581.3125
503,1775487875.6418612,0.2697108145803213,237.2911894526219,73.0,12356.0,0.8,19580.859375
504,1775487876.0595233,0.26991502568125725,237.1116607475481,64.0,12356.0,0.8,19581.37109375
505,1775487876.4744241,0.2698026653379202,237.21040679802704,56.0,12356.0,0.9,19577.203125
506,1775487876.895671,0.26959708146750927,237.39129389541637,46.0,12356.0,0.8,19581.65234375
507,1775487877.3059802,0.2695989329367876,237.38966361193266,41.0,12356.0,0.9,19581.16015625
508,1775487877.7218432,0.26975409500300884,237.2531175079516,99.0,12356.0,0.8,19581.19921875
509,1775487878.1419792,0.27016193978488445,236.89495289736143,99.0,12356.0,0.9,19581.46484375
510,1775487878.5590568,0.2701544687151909,236.901504181564,99.0,12356.0,0.8,19580.9921875
511,1775487878.975538,0.269554290920496,237.42897870943764,99.0,12356.0,0.8,19581.75
512,1775487879.389554,0.26958625949919224,237.40082346515797,98.0,12356.0,0.8,19580.78515625
513,1775487879.8102622,0.26965621300041676,237.33923757173392,88.0,12356.0,0.8,19580.55859375
514,1775487880.2182884,0.2697492931038141,237.25734093163808,84.0,12356.0,0.8,19580.578125
515,1775487880.6396945,0.26967949233949184,237.31874991603817,73.0,12356.0,0.8,19576.4140625
516,1775487881.0487823,0.26969184167683125,237.30788296032512,69.0,12356.0,0.8,19580.6171875
517,1775487881.4577835,0.2699489966034889,237.0818221414083,64.0,12356.0,0.9,19601.41015625
518,1775487881.874091,0.2696252930909395,237.36645500247639,56.0,12356.0,0.8,19612.8515625
519,1775487882.277638,0.2696899250149727,237.30956948594516,54.0,12356.0,0.8,19569.046875
520,1775487882.7034142,0.26983130536973476,237.1852291649569,42.0,12356.0,0.9,19581.109375
521,1775487883.1179028,0.2698816526681185,237.14098149051543,99.0,12356.0,0.8,19580.390625
522,1775487883.5305207,0.2700124178081751,237.0261357589395,99.0,12356.0,0.9,19595.27734375
523,1775487883.9376833,0.2697063721716404,237.29509794181124,100.0,12356.0,0.8,19603.2734375
524,1775487884.3520384,0.26965579204261303,237.33960808038657,100.0,12356.0,0.8,19603.39453125
525,1775487884.758699,0.27217999286949635,235.1385174394006,99.0,12356.0,0.8,19571.828125
526,1775487885.1837304,0.2698581628501415,237.16162343972036,99.0,12356.0,0.8,19580.50390625
527,1775487885.6004887,0.2700713574886322,236.9744077829278,92.0,12356.0,0.8,19580.5234375
528,1775487886.009178,0.26966410130262375,237.33229484697932,88.0,12356.0,0.8,19581.03515625
529,1775487886.4159856,0.2700381185859442,237.00357688439058,84.0,12356.0,0.8,19596.66015625
530,1775487886.8307235,0.2698348443955183,237.1821183560346,77.0,12356.0,0.8,19596.78125
531,1775487887.245034,0.26995125599205494,237.0798378574079,70.0,12356.0,0.8,19600.96484375
532,1775487887.6588304,0.2698063850402832,237.20713648212788,63.0,12356.0,0.8,19600.46875
533,1775487888.0775142,0.26984220556914806,237.17564813484955,53.0,12356.0,0.8,19606.7421875
534,1775487888.4895625,0.2699426952749491,237.08735639174475,47.0,12356.0,0.8,19606.86328125
535,1775487888.9050179,0.2694775387644768,237.49660284650278,40.0,12356.0,0.8,19607.23046875
536,1775487889.3172526,0.2698179166764021,237.19699858462866,99.0,12356.0,0.8,19581.09765625
537,1775487889.7276025,0.26962930150330067,237.36292622193565,100.0,12356.0,0.8,19580.37890625
538,1775487890.1471121,0.26969739980995655,237.30299233547626,100.0,12356.0,0.8,19576.21484375
539,1775487890.5672462,0.270028930157423,237.0116415403672,99.0,12356.0,0.8,19576.234375
540,1775487890.9849408,0.26959221065044403,237.3955829272198,99.0,12356.0,0.8,19580.9296875
541,1775487891.3920686,0.26966377161443233,237.33258500703525,95.0,12356.0,0.8,19580.2109375
542,1775487891.798052,0.26973540522158146,237.2695566139175,92.0,12356.0,0.8,19576.046875
543,1775487892.2078364,0.2698389049619436,237.17854921263543,87.0,12356.0,0.8,19580.00390625
544,1775487892.6175234,0.26977154426276684,237.237771592625,82.0,12356.0,0.9,19580.0234375
545,1775487893.03924,0.26975840143859386,237.2493299882212,72.0,12356.0,0.8,19581.2734375
546,1775487893.4584827,0.2698280140757561,237.1881222904882,62.0,12356.0,0.8,19580.0625
547,1775487893.8737571,0.26959488168358803,237.39323091123836,54.0,12356.0,0.9,19575.65234375
548,1775487894.290224,0.26998615823686123,237.04918955086666,46.0,12356.0,0.9,19580.08203125
549,1775487894.698191,0.269799305126071,237.21336113187644,42.0,12356.0,0.8,19580.57421875
550,1775487895.1062083,0.2696169316768646,237.37381625833453,38.0,12356.0,0.9,19578.37890625
551,1775487895.5265653,0.2696800734847784,237.31823850757132,100.0,12356.0,0.8,19581.10546875
552,1775487895.9435043,0.2696754727512598,237.32228721828028,99.0,12356.0,0.8,19580.38671875
553,1775487896.362628,0.27009459026157856,236.95402391442903,99.0,12356.0,0.8,19581.63671875
554,1775487896.7841847,0.2696892321109772,237.31017919789986,99.0,12356.0,0.8,19575.75
555,1775487897.2027225,0.2695915997028351,237.39612091231996,89.0,12356.0,0.9,19580.9375
556,1775487897.610244,0.26985808834433556,237.16168891827618,85.0,12356.0,0.8,19581.203125
557,1775487898.021998,0.2699053753167391,237.12013858521632,79.0,12356.0,0.8,19580.73046875
558,1775487898.4392595,0.26965334452688694,237.34176229962765,71.0,12356.0,0.8,19581.98046875
559,1775487898.8544588,0.26983808539807796,237.17926958154985,63.0,12356.0,0.8,19580.27734375
560,1775487899.2637053,0.26978413201868534,237.22670240504485,58.0,12356.0,0.8,19582.4921875
561,1775487899.6710987,0.2696401309221983,237.35339313592937,55.0,12356.0,0.8,19580.5625
562,1775487900.0807238,0.26971306279301643,237.2892114947913,50.0,12356.0,0.8,19580.58203125
563,1775487900.4987464,0.26961917243897915,237.3718434822532,41.0,12356.0,0.8,19581.09375
564,1775487900.9180262,0.26990948617458344,237.11652712570236,99.0,12356.0,0.8,19580.375
565,1775487901.3250642,0.2696849312633276,237.3139637435237,100.0,12356.0,0.8,19581.11328125
566,1775487901.7383857,0.2695514187216759,237.4315086283516,100.0,12356.0,0.8,19581.15234375
567,1775487902.1570907,0.2697018850594759,237.2990458924172,100.0,12356.0,0.8,19580.1875
568,1775487902.5724494,0.26999490708112717,237.04150827100415,99.0,12356.0,0.8,19580.69921875
569,1775487902.9883575,0.2696942314505577,237.30578016361073,95.0,12356.0,0.9,19580.71875
570,1775487903.4049113,0.2699155677109957,237.11118459282852,87.0,12356.0,0.8,19577.046875
571,1775487903.821377,0.2696117218583822,237.37840313047295,79.0,12356.0,0.8,19580.7578125
572,1775487904.2400334,0.26976219564676285,237.2459930738557,69.0,12356.0,0.8,19581.25
573,1775487904.6464653,0.2695227600634098,237.45675498775284,66.0,12356.0,0.8,19576.3671875
574,1775487905.0576525,0.269600922241807,237.3879119842103,60.0,12356.0,0.8,19580.32421875
575,1775487905.4656682,0.2700040489435196,237.03348246228614,56.0,12356.0,0.8,19576.65234375
576,1775487905.8807175,0.26959967985749245,237.3890059284556,49.0,12356.0,0.8,19578.640625
577,1775487906.2967286,0.26968088187277317,237.31752712894627,41.0,12356.0,0.9,19578.88671875
578,1775487906.7061317,0.26989968307316303,237.12513950100197,37.0,12356.0,0.9,19578.90625
579,1775487907.1265945,0.26964287273585796,237.35097965186853,100.0,12356.0,0.8,19579.171875
580,1775487907.534454,0.27020091004669666,236.86078625323427,99.0,12356.0,0.9,19575.0078125
581,1775487907.9426193,0.269646979868412,237.34736443639036,100.0,12356.0,0.8,19574.04296875
582,1775487908.3493943,0.2697673439979553,237.24146537352973,100.0,12356.0,0.8,19578.984375
583,1775487908.7578487,0.2695908918976784,237.39674419078972,99.0,12356.0,0.8,19580.234375
584,1775487909.1635861,0.26967363245785236,237.32390674124449,100.0,12356.0,0.8,19579.26953125
585,1775487909.5796695,0.2699852082878351,237.05002361377026,99.0,12356.0,0.8,19579.04296875
586,1775487909.998739,0.2695294599980116,237.45085231303528,89.0,12356.0,0.8,19579.80078125
587,1775487910.4165199,0.26956381276249886,237.42059197088025,80.0,12356.0,0.8,19574.65234375
588,1775487910.8233857,0.26984838768839836,237.17021453506933,77.0,12356.0,0.8,19578.85546875
589,1775487911.2376876,0.26956274174153805,237.4215352853342,69.0,12356.0,0.8,19579.83984375
590,1775487911.6455414,0.26966626197099686,237.33039325061483,66.0,12356.0,0.8,19579.3828125
591,1775487912.0552073,0.2695576585829258,237.426012439974,61.0,12356.0,0.9,19578.41796875
592,1775487912.4742925,0.26993059553205967,237.09798392379244,51.0,12356.0,0.8,19577.69921875
593,1775487912.8928025,0.26965007185935974,237.34464285023523,42.0,12356.0,0.9,19579.6875
594,1775487913.3084567,0.2695937491953373,237.39422813408055,99.0,12356.0,0.8,19578.94921875
595,1775487913.7206447,0.2695198003202677,237.45936262919994,99.0,12356.0,0.8,19581.9375
596,1775487914.1283245,0.2698029540479183,237.21015296457165,99.0,12356.0,0.8,19578.01953125
597,1775487914.5363615,0.26983003318309784,237.1863474388401,99.0,12356.0,0.8,19578.53125
598,1775487914.9636364,0.26976010389626026,237.24783270624786,99.0,12356.0,0.8,19574.3671875
599,1775487915.383384,0.2696496229618788,237.34503796820766,96.0,12356.0,0.8,19574.140625
600,1775487915.7942774,0.26959531381726265,237.39285039420434,90.0,12356.0,0.9,19578.58984375
601,1775487916.2093942,0.2696610130369663,237.33501287123994,83.0,12356.0,0.8,19574.671875
602,1775487916.6181562,0.26971256360411644,237.28965067396368,78.0,12356.0,0.8,19578.62890625
603,1775487917.026506,0.26988011598587036,237.14233175796744,74.0,12356.0,0.8,19579.87890625
604,1775487917.4356208,0.2695522606372833,237.43076703823345,70.0,12356.0,0.8,19578.421875
605,1775487917.8428128,0.2695493008941412,237.4333741089331,66.0,12356.0,0.8,19578.6875
606,1775487918.2624211,0.26949278078973293,237.4831704673191,56.0,12356.0,0.8,19579.671875
607,1775487918.6697278,0.2696696426719427,237.3274179691668,52.0,12356.0,0.8,19579.7109375
608,1775487919.0899246,0.26964361034333706,237.35033038056727,42.0,12356.0,0.8,19579.73046875
609,1775487919.506642,0.26966315135359764,237.33313090330077,99.0,12356.0,0.8,19580.48828125
610,1775487919.9196038,0.26954123191535473,237.4404819077855,100.0,12356.0,0.8,19601.7734375
611,1775487920.3222265,0.269606651738286,237.38286717839,99.0,12356.0,0.8,19611.37109375
612,1775487920.7344632,0.26952477917075157,237.4549761135476,99.0,12356.0,0.8,19612.3515625
613,1775487921.1509209,0.27287840470671654,234.53669801678052,99.0,12356.0,0.8,19568.66796875
614,1775487921.558871,0.26952623948454857,237.45368956431048,100.0,12356.0,0.8,19579.37890625
615,1775487921.9762297,0.2695490326732397,237.43361037241738,99.0,12356.0,0.8,19578.90625
616,1775487922.3836215,0.2697802111506462,237.23015015457221,95.0,12356.0,0.9,19574.734375
617,1775487922.801734,0.2696175202727318,237.37329805296318,86.0,12356.0,0.9,19579.18359375
618,1775487923.215663,0.2695584800094366,237.4252889308454,79.0,12356.0,0.8,19600.71484375
619,1775487923.620981,0.2699962966144085,237.04028833921646,76.0,12356.0,0.8,19613.38671875
620,1775487924.0369675,0.26969426311552525,237.30575230139468,68.0,12356.0,0.8,19613.5078125
621,1775487924.450821,0.26959190890192986,237.3958486390682,61.0,12356.0,0.8,19569.44140625
622,1775487924.8605108,0.2694813311100006,237.49326061431543,56.0,12356.0,0.8,19578.56640625
623,1775487925.2690701,0.2696211449801922,237.37010687608267,52.0,12356.0,0.8,19578.5859375
624,1775487925.67785,0.269798344001174,237.21420617660098,47.0,12356.0,0.8,19579.09765625
625,1775487926.0991108,0.26954914815723896,237.43350864780402,37.0,12356.0,0.8,19579.1171875
626,1775487926.5068197,0.2696618605405092,237.33426696574236,99.0,12356.0,0.9,19579.13671875
627,1775487926.92429,0.2696199920028448,237.37112194308173,100.0,12356.0,0.8,19579.89453125
628,1775487927.3341382,0.2694761473685503,237.49782912129177,100.0,12356.0,0.9,19580.16015625
629,1775487927.7542472,0.2695059012621641,237.47160897135038,100.0,12356.0,0.8,19578.94921875
630,1775487928.175303,0.26958397030830383,237.40283937063393,98.0,12356.0,0.8,19578.96875
631,1775487928.5839126,0.26987961307168007,237.14277366701867,94.0,12356.0,0.8,19579.234375
632,1775487928.9998124,0.2698135729879141,237.2008171837478,86.0,12356.0,0.8,19578.0234375
633,1775487929.419802,0.26949216052889824,237.48371705653804,76.0,12356.0,0.8,19574.59765625
634,1775487929.8287618,0.26968900114297867,237.3103824359143,71.0,12356.0,0.8,19578.80078125
635,1775487930.234685,0.26945798844099045,237.51383423548262,68.0,12356.0,0.8,19579.06640625
636,1775487930.649746,0.26963693276047707,237.35620838281918,61.0,12356.0,0.9,19578.59375
637,1775487931.05495,0.26978101395070553,237.22944421765018,58.0,12356.0,0.8,19578.859375
638,1775487931.4626522,0.2697288915514946,237.27528642507917,54.0,12356.0,0.8,19578.87890625
639,1775487931.872397,0.2696162015199661,237.37445909852175,49.0,12356.0,0.8,19578.8984375
640,1775487932.282468,0.26970233395695686,237.29865092755955,44.0,12356.0,0.8,19579.65625
641,1775487932.6906793,0.26992810517549515,237.10017138967456,40.0,12356.0,0.9,19579.4296875
642,1775487933.1048095,0.26993507891893387,237.09404593250474,99.0,12356.0,0.8,19578.46484375
643,1775487933.5253732,0.26962096989154816,237.3702610214007,100.0,12356.0,0.8,19578.484375
644,1775487933.937001,0.26978995464742184,237.2215825590658,99.0,12356.0,0.8,19578.50390625
645,1775487934.3410387,0.26966025307774544,237.3356817311457,100.0,12356.0,0.8,19578.5234375
646,1775487934.7599776,0.2694639302790165,237.50859691585134,100.0,12356.0,0.8,19578.7890625
647,1775487935.1676505,0.26964964158833027,237.34502157324488,100.0,12356.0,0.8,19579.30078125
648,1775487935.5752387,0.26972541213035583,237.27834724400896,97.0,12356.0,1.0,19578.81640625
649,1775487935.99514,0.26955333910882473,237.42981708774812,87.0,12356.0,0.8,19574.40625
650,1775487936.4131818,0.2695061005651951,237.47143335821457,78.0,12356.0,0.8,19574.42578125
651,1775487936.8292453,0.2695453595370054,237.4368459168875,70.0,12356.0,0.8,19574.69140625
652,1775487937.2361526,0.2697902228683233,237.2213467173587,66.0,12356.0,0.8,19578.89453125
653,1775487937.6464756,0.2697371430695057,237.268027946409,61.0,12356.0,0.8,19579.34765625
654,1775487938.064136,0.26972665451467037,237.277254319406,52.0,12356.0,0.8,19578.62890625
655,1775487938.4844072,0.26973707228899,237.26809020686593,42.0,12356.0,0.8,19580.86328125
656,1775487938.9031122,0.2700397353619337,237.00215790176557,99.0,12356.0,0.8,19578.17578125
657,1775487939.3199456,0.26970457285642624,237.29668103947787,100.0,12356.0,0.8,19574.2578125
658,1775487939.7293837,0.26944584771990776,237.52453616033742,100.0,12356.0,0.9,19578.70703125
659,1775487940.1372545,0.26967677287757397,237.32114307469217,99.0,12356.0,0.8,19578.7265625
660,1775487940.5531733,0.2699047550559044,237.12068350460856,99.0,12356.0,0.8,19579.97265625
661,1775487940.9699907,0.2695105206221342,237.46753875234006,99.0,12356.0,0.8,19579.5
662,1775487941.3839295,0.2697982434183359,237.21429461186202,92.0,12356.0,0.8,19578.53515625
663,1775487941.7914927,0.27045150473713875,236.64131601783407,88.0,12356.0,0.8,19579.5390625
664,1775487942.2004,0.2698402162641287,237.1773966314741,83.0,12356.0,0.8,19578.57421875
665,1775487942.6065764,0.2694469075649977,237.52360187901402,80.0,12356.0,0.9,19578.59375
666,1775487943.0128694,0.26958422362804413,237.4026162907192,77.0,12356.0,0.8,19578.3671875
667,1775487943.41945,0.2695457488298416,237.43650299749973,74.0,12356.0,0.8,19578.6328125
668,1775487943.8390152,0.26959818229079247,237.3903245792981,64.0,12356.0,0.8,19578.65234375
669,1775487944.2570035,0.26953826285898685,237.4430973960925,55.0,12356.0,0.8,19579.1640625
670,1775487944.6744325,0.26994035579264164,237.0894111481518,46.0,12356.0,0.8,19579.921875
671,1775487945.0932345,0.26956744119524956,237.4173962412781,37.0,12356.0,0.8,19579.6953125
672,1775487945.5031934,0.2698137052357197,237.20070092098223,99.0,12356.0,0.8,19578.9765625
673,1775487945.9224546,0.2696094196289778,237.38043013509474,100.0,12356.0,0.8,19579.28125
674,1775487946.3305109,0.2695347312837839,237.4462084910927,100.0,12356.0,0.8,19579.30078125
675,1775487946.7373226,0.2699408680200577,237.0889612581543,99.0,12356.0,0.8,19573.90625
676,1775487947.1563118,0.2694726921617985,237.50087434304,100.0,12356.0,0.8,19579.33984375
677,1775487947.5758646,0.26980721578001976,237.20640611843652,95.0,12356.0,0.8,19574.19140625
678,1775487947.9821491,0.26967725344002247,237.32072017054233,92.0,12356.0,0.9,19578.640625
679,1775487948.3896606,0.2695114593952894,237.46671159585804,88.0,12356.0,0.8,19578.66015625
680,1775487948.8078518,0.26957225054502487,237.41316055567265,79.0,12356.0,0.8,19574.25
681,1775487949.2250712,0.26954604126513004,237.43624539841977,70.0,12356.0,0.8,19578.20703125
682,1775487949.635415,0.2696031201630831,237.3859766952488,65.0,12356.0,0.8,19579.94921875
683,1775487950.0517125,0.26954858750104904,237.4340025052104,57.0,12356.0,0.8,19578.73828125
684,1775487950.470565,0.26952303014695644,237.45651703716834,47.0,12356.0,0.8,19579.00390625
685,1775487950.8876698,0.27025979198515415,236.80918101023192,39.0,12356.0,0.8,19574.34765625
686,1775487951.2955189,0.269584933295846,237.40199134113172,35.0,12356.0,0.8,19578.05859375
687,1775487951.7128344,0.2696980945765972,237.3023810215437,100.0,12356.0,0.8,19578.32421875
688,1775487952.1217968,0.2696631196886301,237.33315877194627,100.0,12356.0,0.9,19579.328125
689,1775487952.5296922,0.26988852582871914,237.13494230064703,99.0,12356.0,0.9,19578.609375
690,1775487952.9408584,0.2697485648095608,237.25798150282367,99.0,12356.0,0.8,19578.875
691,1775487953.357722,0.2695960719138384,237.39218285218226,100.0,12356.0,0.8,19578.6484375
692,1775487953.769337,0.26962018199265003,237.3709546778092,97.0,12356.0,0.8,19603.1328125
693,1775487954.177908,0.2697613015770912,237.24677937806567,93.0,12356.0,0.9,19593.80078125
694,1775487954.5956147,0.27002665773034096,237.01363612741105,84.0,12356.0,0.8,19592.58984375
695,1775487955.0124528,0.26972860284149647,237.2755403979496,75.0,12356.0,0.8,19568.0546875
696,1775487955.4290335,0.2695282604545355,237.45190909505993,67.0,12356.0,0.8,19574.96484375
697,1775487955.8494575,0.2698093429207802,237.20453601486773,57.0,12356.0,0.8,19578.4296875
698,1775487956.2688801,0.2695655319839716,237.41907776178687,47.0,12356.0,0.8,19578.94140625
699,1775487956.685314,0.2695510033518076,237.43187450305894,39.0,12356.0,0.8,19577.984375
700,1775487957.1034536,0.26961210928857327,237.3780620198295,99.0,12356.0,0.8,19579.234375
701,1775487957.5107515,0.2695076297968626,237.47008590531948,100.0,12356.0,0.8,19578.515625
702,1775487957.9205585,0.2695131991058588,237.4651787457067,99.0,12356.0,0.8,19578.2890625
703,1775487958.326066,0.2695934921503067,237.39445447858964,100.0,12356.0,0.8,19578.30859375
704,1775487958.7355368,0.2698246147483587,237.19111045405205,99.0,12356.0,0.9,19578.8203125
705,1775487959.1520712,0.26956515200436115,237.41941242822284,100.0,12356.0,0.9,19579.82421875
706,1775487959.560521,0.2699237894266844,237.103962329276,99.0,12356.0,0.8,19574.4296875
707,1775487959.9803808,0.2698776964098215,237.14445784661322,91.0,12356.0,0.8,19578.87890625
708,1775487960.4068017,0.26989636942744255,237.12805079879152,77.0,12356.0,0.8,19579.390625
709,1775487960.8176658,0.269953528419137,237.07784215597252,72.0,12356.0,0.8,19579.90234375
710,1775487961.2243943,0.2696607019752264,237.33528664432404,68.0,12356.0,0.8,19593.06640625
711,1775487961.641585,0.269635571166873,237.357406973546,60.0,12356.0,0.8,19594.80859375
712,1775487962.0584216,0.2696836721152067,237.31507175806962,51.0,12356.0,0.8,19609.6953125
713,1775487962.4714432,0.2697595953941345,237.2482799230636,45.0,12356.0,0.8,19593.47265625
714,1775487962.8776782,0.2698788959532976,237.14340379944034,42.0,12356.0,0.9,19604.66796875
715,1775487963.293031,0.2696382887661457,237.3550147231,99.0,12356.0,0.8,19604.7890625
716,1775487963.7009473,0.26935927756130695,237.60087485916802,99.0,12356.0,0.8,19566.765625
717,1775487964.1212928,0.26957129314541817,237.41400374362448,99.0,12356.0,0.8,19575.84375
718,1775487964.5313144,0.26985390670597553,237.16536396018316,99.0,12356.0,0.8,19578.234375
719,1775487964.9377568,0.26962236128747463,237.36903606360164,100.0,12356.0,0.8,19578.0078125
720,1775487965.3580449,0.2696650717407465,237.33144076415283,99.0,12356.0,0.8,19578.02734375
721,1775487965.7771227,0.26969837211072445,237.3021368246333,91.0,12356.0,0.8,19578.78125
722,1775487966.1866395,0.2696887832134962,237.31057420113424,87.0,12356.0,0.8,19578.0625
723,1775487966.6023328,0.2695885617285967,237.39879611224313,79.0,12356.0,0.8,19578.80859375
724,1775487967.008762,0.26973277516663074,237.2718701331835,75.0,12356.0,0.8,19574.3984375
725,1775487967.4267323,0.2697788570076227,237.23134092080335,66.0,12356.0,0.8,19578.109375
726,1775487967.834612,0.2696870844811201,237.31206899706177,62.0,12356.0,0.8,19578.375
727,1775487968.2512221,0.2695633005350828,237.42104312033604,54.0,12356.0,0.8,19574.2109375
728,1775487968.6618698,0.26947779953479767,237.49637302398887,49.0,12356.0,0.9,19578.4140625
729,1775487969.0702534,0.2704827655106783,236.61396643577783,44.0,12356.0,0.8,19574.00390625
730,1775487969.4819124,0.2694392781704664,237.53032755494934,39.0,12356.0,0.8,19580.66796875
731,1775487969.8976717,0.26948218047618866,237.49251207225933,100.0,12356.0,0.8,19578.47265625
732,1775487970.3033519,0.2695917394012213,237.39599789721922,100.0,12356.0,0.8,19578.24609375
733,1775487970.7221289,0.2695852927863598,237.4016747668744,100.0,12356.0,0.8,19578.51171875
734,1775487971.1343455,0.2696507014334202,237.3440887035939,100.0,12356.0,0.8,19578.77734375
735,1775487971.555361,0.27004604786634445,236.99661782006865,99.0,12356.0,0.8,19578.05859375
736,1775487971.9733584,0.26960364170372486,237.3855174787714,92.0,12356.0,0.8,19577.5859375
737,1775487972.3831449,0.2696451712399721,237.34895642927302,87.0,12356.0,0.9,19578.58984375
738,1775487972.799425,0.2694777809083462,237.49638943986795,79.0,12356.0,0.9,19578.1171875
739,1775487973.2165568,0.26960282027721405,237.3862407455278,70.0,12356.0,0.8,19576.4140625
740,1775487973.637959,0.26966525986790657,237.3312751941051,60.0,12356.0,0.8,19578.6484375
741,1775487974.0457416,0.2694983296096325,237.47828082164295,56.0,12356.0,0.8,19573.74609375
742,1775487974.4641113,0.2695468105375767,237.43556776784033,47.0,12356.0,0.8,19578.68359375
743,1775487974.8828945,0.2695183604955673,237.46063118788,38.0,12356.0,0.8,19578.45703125
744,1775487975.2910898,0.26974940299987793,237.25724427285928,99.0,12356.0,0.8,19578.72265625
745,1775487975.7014573,0.2695882488042116,237.39907167274185,100.0,12356.0,0.8,19573.8203125
746,1775487976.1091816,0.27005708031356335,236.98693596809082,99.0,12356.0,0.8,19573.83984375
747,1775487976.5250216,0.2695915810763836,237.39613731434304,100.0,12356.0,0.8,19578.2890625
748,1775487976.942077,0.2694916296750307,237.48418486012002,100.0,12356.0,0.8,19578.30859375
749,1775487977.3590376,0.26945263892412186,237.51854966253444,99.0,12356.0,0.8,19577.8359375
750,1775487977.766143,0.2695766091346741,237.40932199361228,95.0,12356.0,0.8,19579.33203125
751,1775487978.1732652,0.27009909972548485,236.95006782712858,91.0,12356.0,0.8,19577.875
752,1775487978.5899277,0.2698176559060812,237.19722782810507,83.0,12356.0,0.8,19573.95703125
753,1775487978.9984808,0.2695284094661474,237.45177781727813,79.0,12356.0,0.8,19577.9140625
754,1775487979.40522,0.2699008360505104,237.12412653669128,75.0,12356.0,0.8,19573.75
755,1775487979.8229706,0.2697370331734419,237.26812461397455,66.0,12356.0,0.8,19574.015625
756,1775487980.2400892,0.2694080490618944,237.55786147761492,58.0,12356.0,0.8,19577.97265625
757,1775487980.6582785,0.26959266886115074,237.39517943999488,49.0,12356.0,0.8,19578.9765625
758,1775487981.074143,0.2697639334946871,237.24446470995895,41.0,12356.0,0.8,19578.01171875
759,1775487981.482436,0.2695939801633358,237.39402475242608,37.0,12356.0,0.8,19578.76953125
760,1775487981.8911896,0.26988435722887516,237.13860505714624,99.0,12356.0,0.8,19579.7734375
761,1775487982.2995925,0.26958009228110313,237.4062545140179,100.0,12356.0,0.9,19574.1328125
762,1775487982.7176423,0.2694354373961687,237.53371352520557,100.0,12356.0,0.9,19579.07421875
763,1775487983.1250064,0.26971995271742344,237.28315000503747,99.0,12356.0,0.8,19579.33984375
764,1775487983.5335588,0.2698039636015892,237.20926537056636,99.0,12356.0,0.8,19574.68359375
765,1775487983.9504962,0.2696922402828932,237.30753221845507,100.0,12356.0,0.8,19573.96484375
766,1775487984.3592458,0.2697057332843542,237.29566005378157,97.0,12356.0,0.8,19578.4140625
767,1775487984.7760165,0.26946877874433994,237.50432349983063,89.0,12356.0,0.8,19579.6640625
768,1775487985.1834342,0.2697236239910126,237.27992028659875,85.0,12356.0,0.8,19577.9609375
769,1775487985.592274,0.26989298686385155,237.1310227200717,81.0,12356.0,0.8,19578.47265625
770,1775487985.9992204,0.2695396486669779,237.44187660893405,77.0,12356.0,0.9,19574.0625
771,1775487986.415238,0.2696894649416208,237.3099743212215,69.0,12356.0,0.9,19574.08203125
772,1775487986.835135,0.2697051130235195,237.2962057801956,59.0,12356.0,0.8,19573.85546875
773,1775487987.2502456,0.2702083010226488,236.85430742794068,52.0,12356.0,0.8,19578.05859375
774,1775487987.660015,0.2696314509958029,237.36103397298498,47.0,12356.0,0.8,19576.35546875
775,1775487988.0675185,0.26963368244469166,237.3590696078111,43.0,12356.0,0.8,19574.16015625
776,1775487988.476405,0.2698823157697916,237.14039883440051,39.0,12356.0,0.8,19574.1796875
777,1775487988.8847697,0.2697155512869358,237.28702217809405,98.0,12356.0,0.8,19598.171875
778,1775487989.3022852,0.2695779614150524,237.40813108035633,100.0,12356.0,0.8,19609.859375
779,1775487989.7161322,0.2696192916482687,237.3717385308284,99.0,12356.0,0.8,19610.71875
780,1775487990.132569,0.27265737019479275,234.7268293326416,100.0,12356.0,0.8,19566.7890625
781,1775487990.5436063,0.2699070852249861,237.11863638796888,99.0,12356.0,0.9,19598.51953125
782,1775487990.958356,0.2695721834897995,237.41321961144308,97.0,12356.0,0.8,19610.20703125
783,1775487991.360563,0.2696929443627596,237.3069126862831,96.0,12356.0,0.8,19610.08203125
784,1775487991.763968,0.2696519810706377,237.3429623839279,94.0,12356.0,0.8,19610.203125
785,1775487992.1815012,0.2728077918291092,234.59740490143528,87.0,12356.0,0.8,19568.98046875
786,1775487992.5992913,0.26962742395699024,237.36457909492543,76.0,12356.0,0.9,19579.3671875
787,1775487993.0173688,0.26974877528846264,237.25779637575738,67.0,12356.0,0.8,19577.91015625
788,1775487993.4345045,0.2694737482815981,237.49994353112447,58.0,12356.0,0.8,19578.66796875
789,1775487993.8418567,0.26955859921872616,237.4251839321546,55.0,12356.0,0.8,19577.703125
790,1775487994.2487936,0.27006241865456104,236.98225143226205,51.0,12356.0,0.8,19578.953125
791,1775487994.6548927,0.2694852091372013,237.4898429672854,48.0,12356.0,0.8,19574.05078125
792,1775487995.0619152,0.26954844035208225,237.4341321226109,44.0,12356.0,0.8,19574.0703125
793,1775487995.47315,0.2696369607001543,237.35618378806097,39.0,12356.0,0.8,19577.9921875
794,1775487995.890504,0.26954383216798306,237.43819135180362,100.0,12356.0,0.8,19578.50390625
795,1775487996.3019712,0.2702352721244097,236.83066794676594,99.0,12356.0,0.8,19578.27734375
796,1775487996.7210543,0.2695733793079853,237.41216645461324,100.0,12356.0,0.8,19578.54296875
797,1775487997.1357825,0.2694827690720558,237.49199334851468,100.0,12356.0,0.9,19577.0859375
798,1775487997.543574,0.26954352855682373,237.43845879982928,100.0,12356.0,0.8,19574.3984375
799,1775487997.9548419,0.2695728000253439,237.41267662754936,98.0,12356.0,0.8,19577.86328125
800,1775487998.3659964,0.2695769313722849,237.40903820741323,92.0,12356.0,0.9,19579.11328125
801,1775487998.7738042,0.26940998807549477,237.55615171203584,88.0,12356.0,0.8,19578.1484375
802,1775487999.182185,0.26957497000694275,237.41076554085015,84.0,12356.0,0.8,19577.4296875
803,1775487999.5995007,0.2696403805166483,237.35317342814858,75.0,12356.0,0.8,19593.546875
804,1775488000.0053992,0.269723741337657,237.27981705503933,72.0,12356.0,0.8,19608.92578125
805,1775488000.4101884,0.26956283301115036,237.42145489824506,69.0,12356.0,0.8,19608.80078125
806,1775488000.8141706,0.26954738050699234,237.43506570022026,67.0,12356.0,0.8,19612.61328125
807,1775488001.228159,0.26953321881592274,237.44754090481402,60.0,12356.0,0.8,19612.734375
808,1775488001.6353076,0.2725371699780226,234.83035361804397,57.0,12356.0,0.8,19566.28515625
809,1775488002.046883,0.2697765715420246,237.2333506730415,51.0,12356.0,0.8,19578.36328125
810,1775488002.4560337,0.2697175908833742,237.28522782065622,46.0,12356.0,0.8,19578.3828125
811,1775488002.875702,0.2696103509515524,237.37961014523688,37.0,12356.0,0.9,19579.38671875
812,1775488003.2926598,0.26962694339454174,237.36500215540255,99.0,12356.0,0.9,19577.68359375
813,1775488003.70169,0.2696464229375124,237.34785465643392,100.0,12356.0,0.9,19579.1796875
814,1775488004.111755,0.2697720918804407,237.2372900172488,99.0,12356.0,0.8,19579.69140625
815,1775488004.5278814,0.2698910664767027,237.1327100058888,99.0,12356.0,0.8,19577.7421875
816,1775488004.9415119,0.26971753127872944,237.2852802581142,99.0,12356.0,0.8,19573.82421875
817,1775488005.3513215,0.26974489353597164,237.2612106240496,98.0,12356.0,0.9,19574.08984375
818,1775488005.7696586,0.26991503685712814,237.1116509299057,89.0,12356.0,0.8,19572.87890625
819,1775488006.1904283,0.2694857995957136,237.48932261370987,78.0,12356.0,0.8,19578.55859375
820,1775488006.5961993,0.2695463318377733,237.4359894406519,75.0,12356.0,0.8,19573.41015625
821,1775488007.0138392,0.26969203166663647,237.3077157841643,67.0,12356.0,0.8,19577.3671875
822,1775488007.4209802,0.2696162313222885,237.37443286007863,63.0,12356.0,0.8,19578.37109375
823,1775488007.8403637,0.2695369478315115,237.44425584282652,53.0,12356.0,0.8,19578.390625
824,1775488008.2589087,0.26962567307054996,237.36612048532126,44.0,12356.0,0.8,19578.41015625
825,1775488008.676213,0.26964245177805424,237.35135019718308,36.0,12356.0,0.8,19577.69140625
826,1775488009.092293,0.2695729695260525,237.41252734842473,100.0,12356.0,0.9,19579.6796875
827,1775488009.5067847,0.26954647339880466,237.4358647434777,100.0,12356.0,0.8,19576.74609375
828,1775488009.9242194,0.26952575892210007,237.4541129424949,100.0,12356.0,0.8,19577.50390625
829,1775488010.3311493,0.26945317909121513,237.51807351411784,100.0,12356.0,0.8,19577.27734375
830,1775488010.7499743,0.26950222812592983,237.47484555153596,98.0,12356.0,0.8,19579.0078125
831,1775488011.1574414,0.26958600245416164,237.40104982224392,94.0,12356.0,0.8,19578.53515625
832,1775488011.5655634,0.26976535096764565,237.24321811690282,90.0,12356.0,0.8,19573.38671875
833,1775488011.9811807,0.26965560019016266,237.33977694090848,82.0,12356.0,0.9,19577.8359375
834,1775488012.3880062,0.2695096079260111,237.46834293777766,79.0,12356.0,0.8,19579.0859375
835,1775488012.8044922,0.2695476599037647,237.43481958941734,70.0,12356.0,0.9,19578.12109375
836,1775488013.2128668,0.2696207705885172,237.37043648493184,66.0,12356.0,0.8,19577.40234375
837,1775488013.6278987,0.26964171230793,237.35200111365634,59.0,12356.0,1.0,19579.390625
838,1775488014.0372677,0.2695510983467102,237.431790827578,54.0,12356.0,0.9,19578.91796875
839,1775488014.4479856,0.2699108477681875,237.11533096649117,49.0,12356.0,0.9,19578.4453125
840,1775488014.855338,0.26970982179045677,237.29206291094192,45.0,12356.0,0.9,19577.234375
841,1775488015.2640681,0.26959851011633873,237.39003591815973,41.0,12356.0,0.8,19577.9921875
842,1775488015.6857147,0.269529078155756,237.45118871001947,100.0,12356.0,0.9,19577.765625
843,1775488016.1032794,0.2695315107703209,237.44904563139218,100.0,12356.0,0.8,19578.03125
844,1775488016.5230236,0.26951744966208935,237.46143368542835,100.0,12356.0,0.8,19578.05078125
845,1775488016.9391403,0.2698554638773203,237.1639954234731,99.0,12356.0,0.8,19579.0546875
846,1775488017.3568685,0.26972497440874577,237.27873230979836,94.0,12356.0,0.8,19573.4140625
847,1775488017.7661664,0.2698187157511711,237.1962961198781,89.0,12356.0,0.8,19577.6171875
848,1775488018.1840959,0.2695278115570545,237.45230457025497,80.0,12356.0,0.8,19572.9609375
849,1775488018.6031878,0.26951557770371437,237.46308300723493,70.0,12356.0,0.8,19577.41015625
850,1775488019.0246449,0.269540311768651,237.44129247328246,59.0,12356.0,0.8,19578.16796875
851,1775488019.4421918,0.26974192447960377,237.26382216435653,51.0,12356.0,0.8,19579.38671875
852,1775488019.8497894,0.2697037123143673,237.2974381806115,47.0,12356.0,0.8,19579.40625
853,1775488020.2662146,0.26972060091793537,237.28257975916532,39.0,12356.0,0.9,19578.44140625
854,1775488020.6777296,0.2697104439139366,237.29151556482591,99.0,12356.0,0.8,19577.72265625
855,1775488021.0972114,0.2697701435536146,237.23900338615687,99.0,12356.0,0.8,19577.98828125
856,1775488021.5131855,0.26956541277468204,237.41918275507697,100.0,12356.0,0.8,19578.0078125
857,1775488021.921181,0.26962414383888245,237.36746675863,100.0,12356.0,0.8,19578.765625
858,1775488022.336167,0.2695063892751932,237.47117896581494,100.0,12356.0,0.8,19573.86328125
859,1775488022.7435875,0.2694582976400852,237.51356169214964,99.0,12356.0,0.9,19595.640625
860,1775488023.158691,0.26963722333312035,237.35595259758296,92.0,12356.0,0.8,19606.09765625
861,1775488023.566286,0.27022702246904373,236.83789805785102,88.0,12356.0,0.9,19611.6328125
862,1775488023.9695725,0.26957244239747524,237.41299159071392,86.0,12356.0,0.8,19611.5078125
863,1775488024.3737948,0.26974672451615334,237.25960014824005,84.0,12356.0,0.8,19567.82421875
864,1775488024.7946851,0.26956333220005035,237.42101523104722,74.0,12356.0,0.9,19578.53515625
865,1775488025.2037857,0.26948382146656513,237.49106588923922,69.0,12356.0,0.8,19578.5546875
866,1775488025.6227016,0.26947796158492565,237.49623020593646,59.0,12356.0,0.8,19575.8671875
867,1775488026.0427635,0.2694962713867426,237.48009451365036,49.0,12356.0,0.8,19578.59375
868,1775488026.449804,0.2696033827960491,237.38574544672917,46.0,12356.0,0.8,19578.859375
869,1775488026.8659635,0.27184327505528927,235.42977102149487,39.0,12356.0,0.8,19566.4296875
870,1775488027.2766004,0.26972188241779804,237.2814523845873,99.0,12356.0,0.8,19577.8125
871,1775488027.6983922,0.26989115588366985,237.13263145082706,99.0,12356.0,0.8,19578.078125
872,1775488028.1180422,0.26963197253644466,237.3605748530044,99.0,12356.0,0.8,19577.8515625
873,1775488028.5381012,0.26993790455162525,237.09156409992093,99.0,12356.0,0.8,19578.36328125
874,1775488028.9563458,0.26965161226689816,237.3432869989797,92.0,12356.0,0.8,19578.13671875
875,1775488029.379384,0.26943651773035526,237.53276110868333,80.0,12356.0,0.8,19573.7265625
876,1775488029.786279,0.2695772610604763,237.40874786038574,77.0,12356.0,0.8,19575.22265625
877,1775488030.2075,0.26965346187353134,237.34165901425098,66.0,12356.0,0.8,19579.1796875
878,1775488030.6181343,0.2697534915059805,237.25364829459903,61.0,12356.0,0.8,19578.046875
879,1775488031.0252419,0.2695675604045391,237.41729124956808,57.0,12356.0,0.8,19577.57421875
880,1775488031.4449518,0.2695851232856512,237.40182403235167,47.0,12356.0,0.8,19577.59375
881,1775488031.864802,0.2696132995188236,237.37701409470606,38.0,12356.0,0.8,19577.859375
882,1775488032.2840672,0.2704610861837864,236.63293268189452,99.0,12356.0,0.8,19577.87890625
883,1775488032.6932137,0.2697253655642271,237.27838820839523,99.0,12356.0,0.9,19577.89453125
884,1775488033.1093142,0.26979304291307926,237.21886713223824,99.0,12356.0,0.8,19579.14453125
885,1775488033.5265398,0.26957271061837673,237.41275536826214,100.0,12356.0,0.8,19578.671875
886,1775488033.9478195,0.26977168396115303,237.23764874157794,96.0,12356.0,0.8,19578.4453125
887,1775488034.3556397,0.2696875724941492,237.3116395691109,92.0,12356.0,0.8,19577.48046875
888,1775488034.7632031,0.27008403837680817,236.96328144616345,88.0,12356.0,0.8,19575.140625
889,1775488035.1720161,0.2696727141737938,237.3247148717999,83.0,12356.0,0.8,19598.03515625
890,1775488035.576744,0.26989263482391834,237.1313320267316,81.0,12356.0,0.8,19606.76953125
891,1775488035.9811487,0.2695548012852669,237.42852917047284,79.0,12356.0,0.8,19612.05859375
892,1775488036.3947306,0.26966711319983006,237.32964409558687,72.0,12356.0,0.8,19612.1796875
893,1775488036.8005204,0.2696378529071808,237.35539839812898,69.0,12356.0,0.8,19567.7578125
894,1775488037.2131634,0.2696514446288347,237.3434345515695,62.0,12356.0,0.8,19577.484375
895,1775488037.6224594,0.26962919160723686,237.36302296684346,58.0,12356.0,0.8,19578.2421875
896,1775488038.0306327,0.26956268958747387,237.4215812208381,53.0,12356.0,0.8,19577.5234375
897,1775488038.440089,0.2694292366504669,237.53918021535205,49.0,12356.0,0.8,19577.54296875
898,1775488038.8479695,0.26960853300988674,237.38121077070315,45.0,12356.0,0.8,19577.5625
899,1775488039.2550519,0.26956729032099247,237.41752912154425,42.0,12356.0,0.8,19578.07421875
900,1775488039.6640122,0.2696086522191763,237.38110581099485,37.0,12356.0,0.9,19582.03125
901,1775488040.073344,0.2697529923170805,237.25408734213912,99.0,12356.0,1.0,19568.83984375
902,1775488040.4936776,0.26963628083467484,237.35678226195773,100.0,12356.0,0.9,19578.24609375
903,1775488040.902886,0.2694376092404127,237.5317988473329,100.0,12356.0,0.8,19578.01953125
904,1775488041.3100781,0.2697014529258013,237.29942610879192,100.0,12356.0,0.8,19578.28515625
905,1775488041.7264392,0.2698143348097801,237.20014744628074,99.0,12356.0,0.8,19578.3046875
906,1775488042.1366725,0.26961913146078587,237.37187955932694,99.0,12356.0,0.8,19577.83203125
907,1775488042.556443,0.269910104572773,237.11598386174668,90.0,12356.0,0.9,19579.08203125
908,1775488042.9755077,0.2696077134460211,237.3819323712102,80.0,12356.0,0.8,19574.1796875
909,1775488043.395691,0.26946756057441235,237.5053971749845,70.0,12356.0,0.8,19579.3671875
910,1775488043.8118706,0.26967098377645016,237.32623771289477,62.0,12356.0,0.8,19578.89453125
911,1775488044.2213607,0.26953914016485214,237.44232455760275,57.0,12356.0,0.9,19577.9296875
912,1775488044.6291642,0.269631702452898,237.36081261134404,53.0,12356.0,0.8,19578.93359375
913,1775488045.0463116,0.26957560144364834,237.41020944500596,45.0,12356.0,0.8,19578.4609375
914,1775488045.465928,0.2696881350129843,237.31114458156895,35.0,12356.0,0.8,19578.234375
915,1775488045.8764846,0.2695630006492138,237.42130724863136,99.0,12356.0,0.8,19577.76171875
916,1775488046.2849174,0.2695783209055662,237.4078144897242,100.0,12356.0,0.8,19574.08984375
917,1775488046.693559,0.2695641927421093,237.4202573011189,99.0,12356.0,0.9,19578.5390625
918,1775488047.100768,0.269486989825964,237.48827370602015,99.0,12356.0,0.8,19578.8046875
919,1775488047.509075,0.2695025894790888,237.47452714166178,100.0,12356.0,0.8,19578.82421875
920,1775488047.917386,0.2694431282579899,237.5269334711719,100.0,12356.0,0.9,19578.3515625
921,1775488048.3382702,0.2695316802710295,237.44889630652824,98.0,12356.0,0.8,19578.37109375
922,1775488048.746411,0.26962129957973957,237.36997076921298,94.0,12356.0,0.8,19578.8828125
923,1775488049.1554434,0.26951535791158676,237.4632766604525,89.0,12356.0,0.8,19578.65625
924,1775488049.5659723,0.26998428627848625,237.05083315102496,84.0,12356.0,0.8,19578.18359375
925,1775488049.9744692,0.2694846782833338,237.49031079500176,80.0,12356.0,0.9,19578.203125
926,1775488050.3936768,0.2694034278392792,237.56193643601725,70.0,12356.0,0.9,19577.9765625
927,1775488050.8021033,0.2698163855820894,237.19834457766288,66.0,12356.0,0.9,19578.48828125
928,1775488051.2284482,0.2697201631963253,237.28296483869227,53.0,12356.0,0.8,19578.015625
929,1775488051.6391087,0.2695469707250595,237.43542666365414,47.0,12356.0,0.9,19578.52734375
930,1775488052.0456984,0.26974786445498466,237.25859750292955,44.0,12356.0,0.8,19578.0546875
931,1775488052.4578567,0.2694426868110895,237.52732262824932,38.0,12356.0,0.9,19578.07421875
932,1775488052.866396,0.26961282454431057,237.37743227967877,99.0,12356.0,0.9,19574.15625
933,1775488053.2851233,0.2695630416274071,237.42127115653147,100.0,12356.0,0.8,19573.9296875
934,1775488053.693426,0.2695033196359873,237.47388375936708,99.0,12356.0,0.8,19578.625
935,1775488054.1102655,0.26960382983088493,237.3853518332638,99.0,12356.0,0.8,19584.3046875
936,1775488054.5291002,0.2698873542249203,237.13597172345953,99.0,12356.0,0.8,19589.0
937,1775488054.9509945,0.26974753476679325,237.25888748281008,91.0,12356.0,0.8,19568.94140625
938,1775488055.3732038,0.2696385644376278,237.35477205748268,80.0,12356.0,0.8,19578.8359375
939,1775488055.7883804,0.26967453211545944,237.32311500812693,72.0,12356.0,0.8,19574.1796875
940,1775488056.2055552,0.2697685230523348,237.2404284823996,63.0,12356.0,0.8,19579.12109375
941,1775488056.6259274,0.26975009217858315,237.25663810943192,53.0,12356.0,0.8,19579.38671875
942,1775488057.0339222,0.2695779111236334,237.4081753703048,49.0,12356.0,0.8,19579.16015625
943,1775488057.4421432,0.2698749452829361,237.14687531627877,45.0,12356.0,0.8,19578.93359375
944,1775488057.8494816,0.26964606158435345,237.34817272670924,42.0,12356.0,0.8,19578.21484375
945,1775488058.2672725,0.2696427721530199,237.35106818913937,100.0,12356.0,0.8,19578.48046875
946,1775488058.67547,0.26948801055550575,237.48737418067097,100.0,12356.0,0.8,19578.25390625
947,1775488059.0927083,0.26956335082650185,237.42099882558628,99.0,12356.0,0.9,19574.3359375
948,1775488059.512265,0.26941642723977566,237.55047402154577,100.0,12356.0,0.8,19578.046875
949,1775488059.930481,0.2699512243270874,237.0798656665997,99.0,12356.0,0.8,19578.8046875
950,1775488060.3422484,0.2699326276779175,237.09619896844978,94.0,12356.0,0.8,19578.0859375
951,1775488060.7619433,0.2697605714201927,237.24742153037022,84.0,12356.0,0.8,19578.59765625
952,1775488061.1714408,0.26944515854120255,237.52514369343683,79.0,12356.0,0.9,19578.6171875
953,1775488061.5891154,0.2697499543428421,237.2567593418696,71.0,12356.0,0.8,19578.8828125
954,1775488062.006928,0.2697574030607939,237.2502080529617,62.0,12356.0,0.8,19578.90234375
955,1775488062.4140887,0.26972162164747715,237.28168179133675,58.0,12356.0,0.9,19578.18359375
956,1775488062.824076,0.2695119697600603,237.46626191399804,53.0,12356.0,0.9,19578.203125
957,1775488063.2317016,0.2695495616644621,237.43314440877415,49.0,12356.0,0.8,19577.23828125
958,1775488063.6382365,0.2697097733616829,237.29210551882932,46.0,12356.0,0.8,19577.2578125
959,1775488064.0467944,0.2695786599069834,237.40751594389127,42.0,12356.0,0.9,19578.5078125
960,1775488064.4568348,0.2696513198316097,237.34354439639438,37.0,12356.0,0.8,19578.7734375
961,1775488064.8665414,0.2695789895951748,237.40722560058717,100.0,12356.0,0.8,19577.80859375
962,1775488065.2814693,0.2697364017367363,237.26868004439473,100.0,12356.0,0.8,19578.07421875
963,1775488065.698243,0.269752724096179,237.25432324895118,99.0,12356.0,0.8,19573.171875
964,1775488066.1150048,0.26958297193050385,237.40371857202703,99.0,12356.0,0.8,19573.19140625
965,1775488066.5339715,0.26959544979035854,237.39273066280367,97.0,12356.0,0.8,19577.640625
966,1775488066.9437015,0.26971544325351715,237.28711722244117,93.0,12356.0,0.8,19577.90625
967,1775488067.3649495,0.26967266388237476,237.32475913063024,82.0,12356.0,0.8,19578.6640625
968,1775488067.7818213,0.26960131898522377,237.38756264581812,73.0,12356.0,0.8,19578.4375
969,1775488068.1974614,0.2696010693907738,237.38778241726882,65.0,12356.0,0.8,19573.04296875
970,1775488068.6059432,0.2695679999887943,237.41690409343994,61.0,12356.0,0.8,19577.4921875
971,1775488069.015054,0.26979335583746433,237.21859198992462,56.0,12356.0,0.8,19577.7578125
972,1775488069.4239306,0.2697535455226898,237.25360078582085,52.0,12356.0,0.8,19579.0078125
973,1775488069.8318298,0.26942856796085835,237.53976975929925,48.0,12356.0,0.8,19573.859375
974,1775488070.2421546,0.2698323633521795,237.18429918826507,43.0,12356.0,0.8,19578.5546875
975,1775488070.6597745,0.26961519196629524,237.3753479292097,99.0,12356.0,0.8,19578.328125
976,1775488071.0713134,0.2695338223129511,237.44700925025543,99.0,12356.0,0.8,19573.671875
977,1775488071.4777813,0.2694726996123791,237.5008677764401,100.0,12356.0,0.8,19577.62890625
978,1775488071.8865466,0.2693108282983303,237.64361947267753,100.0,12356.0,0.8,19578.140625
979,1775488072.303714,0.26943161711096764,237.5370815283385,100.0,12356.0,0.8,19577.421875
980,1775488072.7127316,0.2694783080369234,237.49592487136604,100.0,12356.0,0.9,19578.1796875
981,1775488073.1209376,0.26956029050052166,237.42369427323402,100.0,12356.0,0.8,19577.70703125
982,1775488073.5285184,0.26947053894400597,237.5027721056317,99.0,12356.0,0.8,19577.97265625
983,1775488073.9360178,0.2695959806442261,237.3922632194505,95.0,12356.0,0.9,19577.74609375
984,1775488074.34384,0.2695030588656664,237.47411353835784,91.0,12356.0,0.8,19576.53515625
985,1775488074.7594137,0.26963232085108757,237.36026822743514,83.0,12356.0,0.8,19575.97265625
986,1775488075.1675127,0.2694902401417494,237.48540936523932,79.0,12356.0,1.1,19577.22265625
987,1775488075.5845892,0.2698208037763834,237.1944605614644,71.0,12356.0,0.8,19577.48828125
988,1775488075.9928563,0.2694535683840513,237.51773036006338,66.0,12356.0,0.9,19577.75
989,1775488076.4014132,0.26972266286611557,237.280765805609,62.0,12356.0,0.9,19578.5078125
990,1775488076.8105106,0.2695249989628792,237.4547824738681,58.0,12356.0,0.8,19579.01953125
991,1775488077.2290223,0.2696243319660425,237.36730113831268,48.0,12356.0,0.8,19578.30078125
992,1775488077.6365201,0.26979498378932476,237.21716060509036,44.0,12356.0,0.8,19578.07421875
993,1775488078.0435672,0.2703589517623186,236.7223263103361,42.0,12356.0,0.9,19579.078125
994,1775488078.4538689,0.2695971131324768,237.39126601311625,36.0,12356.0,0.9,19577.8671875
995,1775488078.8709304,0.2695434205234051,237.43855396552976,100.0,12356.0,0.8,19579.1171875
996,1775488079.2881465,0.2694023158401251,237.56291700914832,99.0,12356.0,0.8,19577.66015625
997,1775488079.6952899,0.26957296021282673,237.41253555056957,99.0,12356.0,0.8,19578.171875
998,1775488080.1143055,0.26967669278383255,237.3212135588637,99.0,12356.0,0.9,19578.19140625
999,1775488080.522754,0.26979104429483414,237.22062445504775,99.0,12356.0,0.8,19577.71875
1000,1775488080.94046,0.2697179317474365,237.2849279443886,92.0,12356.0,0.8,19577.73828125
1001,1775488081.3584483,0.26975267194211483,237.25436911977468,83.0,12356.0,0.8,19578.49609375
1002,1775488081.762884,0.2695031203329563,237.47405937612712,81.0,12356.0,0.8,19577.53125
1003,1775488082.1741068,0.26962037198245525,237.3707874127724,75.0,12356.0,0.9,19578.2890625
1004,1775488082.5942783,0.26966006495058537,237.3358473073418,65.0,12356.0,0.9,19578.30859375
1005,1775488083.0145972,0.26951438933610916,237.4641300512758,54.0,12356.0,0.8,19579.3125
1006,1775488083.423183,0.2694882992655039,237.48711975411686,50.0,12356.0,0.8,19573.671875
1007,1775488083.8399417,0.26973254419863224,237.27207330558568,42.0,12356.0,0.8,19573.4453125
1008,1775488084.2590077,0.2697106320410967,237.2913500504797,100.0,12356.0,0.8,19578.6328125
1009,1775488084.6785107,0.26972423307597637,237.27938446662438,99.0,12356.0,0.8,19574.46875
1010,1775488085.0957146,0.26979627273976803,237.2160273012044,99.0,12356.0,0.8,19578.671875
1011,1775488085.5160124,0.2694851476699114,237.48989713671608,100.0,12356.0,0.8,19578.69140625
1012,1775488085.9231877,0.2695246394723654,237.4550991897792,99.0,12356.0,0.8,19575.51171875
1013,1775488086.3408117,0.2696277517825365,237.36429049639545,91.0,12356.0,0.8,19576.0234375
1014,1775488086.7459607,0.26961502991616726,237.3754906019143,88.0,12356.0,0.9,19576.53515625
1015,1775488087.1629195,0.2700328193604946,237.00822793158267,80.0,12356.0,0.8,19577.046875
1016,1775488087.5708447,0.26990038342773914,237.1245241937006,76.0,12356.0,0.8,19576.57421875
1017,1775488087.9899824,0.26958855986595154,237.39879775248232,66.0,12356.0,0.8,19576.59375
1018,1775488088.408172,0.2694629691541195,237.50944406537423,57.0,12356.0,0.8,19576.3671875
1019,1775488088.8263743,0.26943388767540455,237.53507976362204,48.0,12356.0,0.8,19575.6484375
1020,1775488089.2465715,0.2696295715868473,237.3626884593617,38.0,12356.0,0.8,19575.9140625
1021,1775488089.6636872,0.26971000246703625,237.2919039508816,99.0,12356.0,0.8,19576.1796875
1022,1775488090.0851808,0.26946056820452213,237.51156032382306,100.0,12356.0,0.8,19576.69140625
1023,1775488090.493881,0.26970564387738705,237.29573871689362,100.0,12356.0,0.9,19576.46484375
1024,1775488090.9057562,0.2694263681769371,237.54170919889347,100.0,12356.0,0.8,19575.5
1025,1775488091.315326,0.26963987946510315,237.35361448373177,100.0,12356.0,0.8,19576.01171875
1026,1775488091.7310066,0.2697739955037832,237.23561598472335,95.0,12356.0,0.8,19576.27734375
1027,1775488092.1392202,0.2695197407156229,237.45941514364998,91.0,12356.0,0.9,19576.05078125
1028,1775488092.561958,0.26997874677181244,237.0556970326748,79.0,12356.0,0.9,19576.546875
1029,1775488092.9800062,0.26946546882390976,237.5072408324894,70.0,12356.0,0.8,19575.828125
1030,1775488093.3963556,0.2697131335735321,237.28914922324918,62.0,12356.0,0.8,19575.84765625
1031,1775488093.8163157,0.26968094147741795,237.3174746772349,52.0,12356.0,0.8,19575.62109375
1032,1775488094.2355406,0.2697506360709667,237.25615973399488,42.0,12356.0,0.8,19576.37890625
1033,1775488094.644191,0.2698681242763996,237.1528692823723,39.0,12356.0,0.8,19576.64453125
1034,1775488095.0606487,0.26959801092743874,237.39047547062708,99.0,12356.0,0.8,19576.6640625
1035,1775488095.4812026,0.26937894709408283,237.58352570012633,100.0,12356.0,0.9,19577.17578125
1036,1775488095.9004045,0.26950989849865437,237.46808691080244,99.0,12356.0,0.8,19575.96484375
1037,1775488096.3140423,0.2703993506729603,236.68695890252354,99.0,12356.0,0.8,19574.75390625
1038,1775488096.7305868,0.2696128096431494,237.37744539923116,94.0,12356.0,0.8,19575.7578125
1039,1775488097.147167,0.2695340607315302,237.44679921454266,86.0,12356.0,0.8,19576.26953125
1040,1775488097.5642853,0.26992187835276127,237.10564104906797,77.0,12356.0,0.8,19576.2890625
1041,1775488097.9816644,0.2695387601852417,237.4426592895794,69.0,12356.0,0.8,19576.30859375
1042,1775488098.389076,0.269761523231864,237.24658443966104,65.0,12356.0,0.8,19576.328125
1043,1775488098.796663,0.2696159016340971,237.37472312317877,61.0,12356.0,0.8,19576.83984375
1044,1775488099.2133207,0.26957402005791664,237.41160215012528,53.0,12356.0,0.8,19576.61328125
1045,1775488099.631219,0.2696683406829834,237.32856381252813,44.0,12356.0,0.8,19575.40234375
1046,1775488100.0406728,0.2694552559405565,237.5162428233309,39.0,12356.0,0.8,19576.16015625
1047,1775488100.4486623,0.269595829769969,237.3923960715847,35.0,12356.0,0.8,19576.1796875
1048,1775488100.867628,0.2695849407464266,237.40198477999866,100.0,12356.0,0.8,19576.19921875
1049,1775488101.2746959,0.2695460803806782,237.43621094253427,100.0,12356.0,0.8,19576.46484375
1050,1775488101.6961348,0.26980104483664036,237.2118315507297,99.0,12356.0,0.8,19576.73046875
1051,1775488102.114086,0.26975780352950096,237.24985584337657,99.0,12356.0,0.9,19576.984375
1052,1775488102.5330462,0.26970179192721844,237.2991278354984,92.0,12356.0,0.9,19575.76171875
1053,1775488102.9514015,0.2696528509259224,237.3421967549742,83.0,12356.0,0.8,19575.53515625
1054,1775488103.3619876,0.26952401734888554,237.45564729081326,78.0,12356.0,0.9,19576.78515625
1055,1775488103.777256,0.2697293534874916,237.27488006961735,70.0,12356.0,0.8,19575.08203125
1056,1775488104.1958601,0.26955538988113403,237.4280107261892,61.0,12356.0,0.8,19572.39453125
1057,1775488104.614464,0.26961863227188587,237.37231904456002,51.0,12356.0,0.8,19576.3515625
1058,1775488105.0234501,0.2695581689476967,237.42556291224156,47.0,12356.0,0.8,19576.37109375
1059,1775488105.4422264,0.26998036727309227,237.05427415491405,38.0,12356.0,0.8,19576.14453125
1060,1775488105.852179,0.2696130108088255,237.3772682853962,100.0,12356.0,0.8,19575.42578125
1061,1775488106.2704484,0.26979703456163406,237.21535747784304,100.0,12356.0,0.8,19575.69140625
1062,1775488106.6814897,0.26984739676117897,237.17108546591408,99.0,12356.0,0.8,19576.44921875
1063,1775488107.0895183,0.2696480583399534,237.34641515316707,100.0,12356.0,0.8,19576.46875
1064,1775488107.509365,0.26957996003329754,237.406370978373,100.0,12356.0,0.8,19576.48828125
1065,1775488107.9271832,0.26967985183000565,237.31843356374577,94.0,12356.0,0.8,19575.5234375
1066,1775488108.3474417,0.26966720446944237,237.32956377071142,84.0,12356.0,0.8,19575.05078125
1067,1775488108.7658033,0.2695223316550255,237.4571324275892,75.0,12356.0,0.9,19576.0546875
1068,1775488109.1830173,0.2695478405803442,237.43466043803642,66.0,12356.0,0.8,19575.58203125
1069,1775488109.6013286,0.2694414500147104,237.52841293166236,57.0,12356.0,0.8,19575.6015625
1070,1775488110.0195112,0.26962491124868393,237.3667911603713,48.0,12356.0,0.8,19576.11328125
1071,1775488110.4290144,0.26970937103033066,237.29245949263944,43.0,12356.0,0.8,19575.640625
1072,1775488110.8459477,0.26965708285570145,237.33847196681126,35.0,12356.0,0.9,19576.3984375
1073,1775488111.2632117,0.2695643287152052,237.4201375420708,99.0,12356.0,0.8,19576.171875
1074,1775488111.6714618,0.2696473840624094,237.34700865923222,100.0,12356.0,0.8,19576.4375
1075,1775488112.0809736,0.26955085061490536,237.43200904023038,100.0,12356.0,0.9,19575.47265625
1076,1775488112.4904258,0.2696247510612011,237.36693218299118,100.0,12356.0,0.8,19575.984375
1077,1775488112.9096704,0.2695794701576233,237.40680238958538,100.0,12356.0,0.9,19576.25
1078,1775488113.3246105,0.26988801546394825,237.13539072856366,95.0,12356.0,0.8,19574.79296875
1079,1775488113.7465181,0.2697173245251179,237.28546215072623,84.0,12356.0,0.9,19575.796875
1080,1775488114.1670325,0.27007314935326576,236.9728355197784,74.0,12356.0,0.8,19575.81640625
1081,1775488114.5836718,0.2697877250611782,237.2235430114068,65.0,12356.0,0.8,19577.55859375
1082,1775488114.994032,0.2694858107715845,237.4893127647683,60.0,12356.0,0.9,19575.36328125
1083,1775488115.4125493,0.26963665150105953,237.35645597033573,51.0,12356.0,0.8,19576.3671875
1084,1775488115.822687,0.2695916201919317,237.39610287009722,45.0,12356.0,0.8,19575.89453125
1085,1775488116.2301486,0.2695399019867182,237.44165345564923,42.0,12356.0,0.8,19574.68359375
1086,1775488116.638076,0.26944099739193916,237.5288119458048,38.0,12356.0,0.8,19575.6875
1087,1775488117.0558448,0.26935266703367233,237.60670612553923,100.0,12356.0,0.8,19574.23046875
1088,1775488117.462802,0.26962026953697205,237.37087760467472,100.0,12356.0,0.8,19574.7421875
1089,1775488117.8806186,0.26948701962828636,237.48824744240974,100.0,12356.0,0.8,19570.0859375
1090,1775488118.2894611,0.26965351216495037,237.34161474911704,99.0,12356.0,0.9,19574.2890625
1091,1775488118.698413,0.2696189843118191,237.37200910890934,99.0,12356.0,0.8,19575.046875
1092,1775488119.1064203,0.2696275319904089,237.36448398851414,100.0,12356.0,0.8,19573.8359375
1093,1775488119.5165637,0.2696496043354273,237.34505436317272,98.0,12356.0,0.8,19575.0859375
1094,1775488119.9330368,0.2694233972579241,237.54432856004559,90.0,12356.0,0.8,19569.9375
1095,1775488120.35324,0.2694995813071728,237.477177847833,79.0,12356.0,0.8,19574.140625
1096,1775488120.7605417,0.26974783279001713,237.25862535407373,76.0,12356.0,0.8,19573.9140625
1097,1775488121.1775694,0.26958730071783066,237.39990655934855,67.0,12356.0,0.8,19575.1640625
1098,1775488121.594853,0.2697263229638338,237.27754598345754,58.0,12356.0,0.8,19570.015625
1099,1775488122.0173166,0.2695825807750225,237.40406303703492,47.0,12356.0,0.8,19573.7265625
1100,1775488122.4347305,0.2695382498204708,237.4431088820528,39.0,12356.0,0.8,19574.73046875
1101,1775488122.8518076,0.2695993445813656,237.3893011475207,99.0,12356.0,0.9,19573.51953125
1102,1775488123.25643,0.2694261074066162,237.5419391091584,100.0,12356.0,0.8,19573.29296875
1103,1775488123.6775737,0.2703080605715513,236.7668942786078,99.0,12356.0,0.8,19575.28125
1104,1775488124.0957022,0.269500520080328,237.47635062419917,100.0,12356.0,0.8,19573.33203125
1105,1775488124.504582,0.2697689142078161,237.24008449208378,99.0,12356.0,0.8,19574.08984375
1106,1775488124.913381,0.2695305924862623,237.44985461441453,99.0,12356.0,0.8,19574.84765625
1107,1775488125.3235826,0.2697312030941248,237.27325302318363,94.0,12356.0,0.8,19574.8671875
1108,1775488125.7440808,0.2699061669409275,237.11944312116157,83.0,12356.0,0.8,19574.390625
1109,1775488126.1519704,0.2694834601134062,237.49138434346585,79.0,12356.0,0.8,19574.41015625
1110,1775488126.5591776,0.2697106618434191,237.29132383040644,75.0,12356.0,0.8,19574.4296875
