step,wall_timestamp,phase,duration_sec,gpu_mem_mb,nvml_mem_query_sec,nvml_util_query_sec,psutil_query_sec,gpu_util_pct,cpu_util_pct,ram_mb
0,1775661706.934091,forward,0.19691179133951664,12333.25,0.0001171007752418518,0.0,0.0,,,
0,1775661707.165997,backward,0.23169264011085033,13317.25,0.00010873191058635712,0.0,0.0,,,
0,1775661707.1796057,optimizer,0.012161826714873314,13317.25,4.944019019603729e-05,0.0007883142679929733,0.0005639400333166122,65.0,0.5,20419.19140625
1,1775661707.4658196,forward,0.08432811498641968,13317.25,9.598396718502045e-05,0.0,0.0,,,
1,1775661707.6468067,backward,0.1808148343116045,13317.25,9.63304191827774e-05,0.0,0.0,,,
1,1775661707.6504385,optimizer,0.0025304611772298813,13317.25,2.357177436351776e-05,0.0005161073058843613,0.0004845578223466873,65.0,0.9,20557.484375
2,1775661707.87353,forward,0.08413093350827694,13317.25,9.550154209136963e-05,0.0,0.0,,,
2,1775661708.0544786,backward,0.18078049272298813,13317.25,9.578466415405273e-05,0.0,0.0,,,
2,1775661708.0584495,optimizer,0.002739744260907173,13317.25,2.4879351258277893e-05,0.0006248913705348969,0.00047380104660987854,61.0,0.9,20580.4921875
3,1775661708.2931178,forward,0.08421479910612106,13317.25,9.300000965595245e-05,0.0,0.0,,,
3,1775661708.4739654,backward,0.18067676201462746,13317.25,9.655021131038666e-05,0.0,0.0,,,
3,1775661708.4779167,optimizer,0.002549782395362854,13317.25,2.4879351258277893e-05,0.0008038822561502457,0.0005005188286304474,51.0,0.9,20581.3515625
4,1775661708.6992671,forward,0.08422424457967281,13317.25,0.00011787191033363342,0.0,0.0,,,
4,1775661708.8801453,backward,0.18069429323077202,13317.25,9.707920253276825e-05,0.0,0.0,,,
4,1775661708.8839095,optimizer,0.002618633210659027,13317.25,2.6732683181762695e-05,0.0005206875503063202,0.0005242675542831421,48.0,0.8,20581.2265625
5,1775661709.112573,forward,0.08413251116871834,13317.25,9.035319089889526e-05,0.0,0.0,,,
5,1775661709.293521,backward,0.1807586643844843,13317.25,0.00011499971151351929,0.0,0.0,,,
5,1775661709.2977993,optimizer,0.002696521580219269,13317.25,2.5970861315727234e-05,0.0009216144680976868,0.0005019586533308029,42.0,0.8,20580.734375
6,1775661709.525897,forward,0.0841648019850254,13317.25,9.609200060367584e-05,0.0,0.0,,,
6,1775661709.7071903,backward,0.18112179823219776,13317.25,9.855255484580994e-05,0.0,0.0,,,
6,1775661709.7108319,optimizer,0.0025719907134771347,13317.25,2.3700296878814697e-05,0.0004934277385473251,0.00047827698290348053,35.0,0.8,20581.71484375
7,1775661709.9456525,forward,0.08420113287866116,13317.25,0.00010238401591777802,0.0,0.0,,,
7,1775661710.1266713,backward,0.18085678480565548,13317.25,9.487941861152649e-05,0.0,0.0,,,
7,1775661710.13032,optimizer,0.0025800317525863647,13317.25,2.454034984111786e-05,0.0004944596439599991,0.0004759281873703003,99.0,0.8,20582.328125
8,1775661710.3603413,forward,0.08415662124752998,13317.25,9.550526738166809e-05,0.0,0.0,,,
8,1775661710.5416477,backward,0.18113774619996548,13317.25,9.784102439880371e-05,0.0,0.0,,,
8,1775661710.5453053,optimizer,0.002559460699558258,13317.25,2.501159906387329e-05,0.0005165375769138336,0.00048200786113739014,99.0,0.8,20582.44921875
9,1775661710.7799675,forward,0.08475649356842041,13317.25,0.00011384114623069763,0.0,0.0,,,
9,1775661710.9608207,backward,0.1806858815252781,13317.25,9.716488420963287e-05,0.0,0.0,,,
9,1775661710.9645386,optimizer,0.002602372318506241,13317.25,2.4020671844482422e-05,0.0005127489566802979,0.0004936084151268005,99.0,0.8,20582.32421875
10,1775661711.185397,forward,0.0841184426099062,13317.25,9.439326822757721e-05,0.0,0.0,,,
10,1775661711.3662012,backward,0.18063673935830593,13317.25,9.591132402420044e-05,0.0,0.0,,,
10,1775661711.3701484,optimizer,0.002763615921139717,13317.25,2.451986074447632e-05,0.0005793068557977676,0.0004764273762702942,99.0,0.8,20582.19921875
11,1775661711.600881,forward,0.08414832316339016,13317.25,9.51811671257019e-05,0.0,0.0,,,
11,1775661711.7817757,backward,0.18072714284062386,13317.25,9.80086624622345e-05,0.0,0.0,,,
11,1775661711.7853966,optimizer,0.0025289002805948257,13317.25,2.8751790523529053e-05,0.0005094707012176514,0.00047888606786727905,97.0,0.8,20582.07421875
12,1775661712.005099,forward,0.08421975187957287,13317.25,9.627267718315125e-05,0.0,0.0,,,
12,1775661712.1860785,backward,0.18081211671233177,13317.25,9.57828015089035e-05,0.0,0.0,,,
12,1775661712.1899571,optimizer,0.0027481243014335632,13317.25,2.289004623889923e-05,0.0005169771611690521,0.0004878249019384384,95.0,0.8,20581.94921875
13,1775661712.4322603,forward,0.08430219441652298,13317.25,9.459257125854492e-05,0.0,0.0,,,
13,1775661712.6135736,backward,0.18114780075848103,13317.25,9.683147072792053e-05,0.0,0.0,,,
13,1775661712.6172233,optimizer,0.0025603901594877243,13317.25,2.5328248739242554e-05,0.0005186609923839569,0.0004708673804998398,81.0,0.9,20582.0703125
14,1775661712.8387399,forward,0.08409807085990906,13317.25,9.566172957420349e-05,0.0,0.0,,,
14,1775661713.0198805,backward,0.18093988858163357,13317.25,0.00012667104601860046,0.0,0.0,,,
14,1775661713.0238507,optimizer,0.002738531678915024,13317.25,2.3981556296348572e-05,0.0005207378417253494,0.0005481764674186707,78.0,0.8,20581.69921875
15,1775661713.2563028,forward,0.08415104448795319,13317.25,9.469874203205109e-05,0.0,0.0,,,
15,1775661713.4376793,backward,0.18120645172894,13317.25,9.661167860031128e-05,0.0,0.0,,,
15,1775661713.4413335,optimizer,0.002561701461672783,13317.25,2.4199485778808594e-05,0.000516548752784729,0.00047526881098747253,69.0,0.9,20582.26953125
16,1775661713.6663852,forward,0.0841990914195776,13317.25,9.692274034023285e-05,0.0,0.0,,,
16,1775661713.8476799,backward,0.18110823072493076,13317.25,0.00011038221418857574,0.0,0.0,,,
16,1775661713.8518426,optimizer,0.0026458129286766052,13317.25,2.641044557094574e-05,0.0008554644882678986,0.0005037691444158554,64.0,0.8,20582.14453125
17,1775661714.082515,forward,0.08414777182042599,13317.25,9.567849338054657e-05,0.0,0.0,,,
17,1775661714.2634594,backward,0.1807752549648285,13317.25,9.702332317829132e-05,0.0,0.0,,,
17,1775661714.2671351,optimizer,0.00258486345410347,13317.25,2.4490058422088623e-05,0.0005159880965948105,0.0004771985113620758,56.0,0.8,20582.01953125
18,1775661714.4841838,forward,0.08414903096854687,13317.25,9.739026427268982e-05,0.0,0.0,,,
18,1775661714.6653779,backward,0.18102208897471428,13317.25,9.934045374393463e-05,0.0,0.0,,,
18,1775661714.669028,optimizer,0.002572290599346161,13317.25,2.432987093925476e-05,0.0005013756453990936,0.000478547066450119,55.0,0.8,20582.38671875
19,1775661714.900627,forward,0.08475757949054241,13317.25,0.00011627189815044403,0.0,0.0,,,
19,1775661715.081561,backward,0.18076211214065552,13317.25,0.00010135956108570099,0.0,0.0,,,
19,1775661715.0852797,optimizer,0.0026019904762506485,13317.25,2.568773925304413e-05,0.0005188807845115662,0.0005033276975154877,47.0,0.8,20582.26171875
20,1775661715.3060575,forward,0.08421082235872746,13317.25,9.753182530403137e-05,0.0,0.0,,,
20,1775661715.4872751,backward,0.18105010502040386,13317.25,9.720213711261749e-05,0.0,0.0,,,
20,1775661715.4912488,optimizer,0.0025652311742305756,13317.25,2.4870038032531738e-05,0.0008299835026264191,0.00047628767788410187,44.0,0.8,20581.890625
21,1775661715.7251484,forward,0.0841925423592329,13317.25,9.583123028278351e-05,0.0,0.0,,,
21,1775661715.9060948,backward,0.18077632412314415,13317.25,9.705312550067902e-05,0.0,0.0,,,
21,1775661715.9103098,optimizer,0.0027650538831949234,13317.25,2.5141984224319458e-05,0.0008444450795650482,0.00047712773084640503,35.0,0.8,20582.99609375
22,1775661716.1299467,forward,0.08418192155659199,13317.25,9.41101461648941e-05,0.0,0.0,,,
22,1775661716.310778,backward,0.18066219240427017,13317.25,9.733065962791443e-05,0.0,0.0,,,
22,1775661716.3150961,optimizer,0.002561992034316063,13317.25,2.6829540729522705e-05,0.0011816881597042084,0.00047758594155311584,100.0,0.8,20583.36328125
23,1775661716.5356214,forward,0.08404313959181309,13317.25,9.620934724807739e-05,0.0,0.0,,,
23,1775661716.7167428,backward,0.18095292337238789,13317.25,9.79006290435791e-05,0.0,0.0,,,
23,1775661716.7203486,optimizer,0.0025628525763750076,13317.25,2.3020431399345398e-05,0.0004724878817796707,0.0004750564694404602,99.0,0.8,20583.23828125
24,1775661716.9658153,forward,0.08444069884717464,13317.25,9.575113654136658e-05,0.0,0.0,,,
24,1775661717.147098,backward,0.1811199076473713,13317.25,9.117089211940765e-05,0.0,0.0,,,
24,1775661717.1511374,optimizer,0.0025039706379175186,13317.25,2.636946737766266e-05,0.0009581856429576874,0.0004771370440721512,99.0,0.9,20578.19140625
25,1775661717.3741734,forward,0.08409303054213524,13317.25,9.52109694480896e-05,0.0,0.0,,,
25,1775661717.5552688,backward,0.18092851527035236,13317.25,9.571202099323273e-05,0.0,0.0,,,
25,1775661717.5588863,optimizer,0.0025433097034692764,13317.25,2.2398307919502258e-05,0.0004991572350263596,0.0004775170236825943,99.0,0.8,20578.55859375
26,1775661717.7796142,forward,0.08406254835426807,13317.25,9.592436254024506e-05,0.0,0.0,,,
26,1775661717.9605205,backward,0.18070590123534203,13317.25,0.0001245010644197464,0.0,0.0,,,
26,1775661717.964577,optimizer,0.0027434956282377243,13317.25,2.605840563774109e-05,0.0006041210144758224,0.0005411002784967422,99.0,0.8,20578.1875
27,1775661718.1988297,forward,0.08417134173214436,13317.25,9.337253868579865e-05,0.0,0.0,,,
27,1775661718.379873,backward,0.18087099492549896,13317.25,9.839050471782684e-05,0.0,0.0,,,
27,1775661718.3835533,optimizer,0.0025810617953538895,13317.25,2.635084092617035e-05,0.0005230195820331573,0.0004751589149236679,97.0,0.8,20578.5390625
28,1775661718.6148403,forward,0.08407876081764698,13317.25,9.591132402420044e-05,0.0,0.0,,,
28,1775661718.7956898,backward,0.18067999929189682,13317.25,9.695068001747131e-05,0.0,0.0,,,
28,1775661718.799268,optimizer,0.0024900007992982864,13317.25,2.3249536752700806e-05,0.0005183573812246323,0.00047332607209682465,89.0,0.8,20578.16796875
29,1775661719.0282714,forward,0.08430502377450466,13317.25,0.00011238269507884979,0.0,0.0,,,
29,1775661719.209314,backward,0.18085990473628044,13317.25,9.929202497005463e-05,0.0,0.0,,,
29,1775661719.2133183,optimizer,0.0026006530970335007,13317.25,2.5970861315727234e-05,0.0008100848644971848,0.0004927180707454681,82.0,0.8,20578.2890625
30,1775661719.440139,forward,0.08412422053515911,13317.25,9.517185389995575e-05,0.0,0.0,,,
30,1775661719.6213806,backward,0.18107437901198864,13317.25,9.745173156261444e-05,0.0,0.0,,,
30,1775661719.6250663,optimizer,0.0025752801448106766,13317.25,2.6931986212730408e-05,0.0005317367613315582,0.0004796478897333145,76.0,0.8,20578.1640625
31,1775661719.8460512,forward,0.08423448167741299,13317.25,9.551271796226501e-05,0.0,0.0,,,
31,1775661720.027325,backward,0.1811059284955263,13317.25,9.60417091846466e-05,0.0,0.0,,,
31,1775661720.0312989,optimizer,0.002499070018529892,13317.25,2.485141158103943e-05,0.0008981507271528244,0.0004781614989042282,73.0,0.8,20578.53125
32,1775661720.2515926,forward,0.08499792404472828,13317.25,0.00011591985821723938,0.0,0.0,,,
32,1775661720.4326727,backward,0.1809087861329317,13317.25,9.872019290924072e-05,0.0,0.0,,,
32,1775661720.4363687,optimizer,0.002553660422563553,13317.25,2.6842579245567322e-05,0.0005283374339342117,0.0005037263035774231,70.0,1.1,20578.40625
33,1775661720.6677997,forward,0.08427240327000618,13317.25,9.464845061302185e-05,0.0,0.0,,,
33,1775661720.8490517,backward,0.18108391016721725,13317.25,9.766221046447754e-05,0.0,0.0,,,
33,1775661720.8530796,optimizer,0.002499200403690338,13317.25,2.7719885110855103e-05,0.0009476542472839355,0.0004792995750904083,62.0,0.8,20578.28125
34,1775661721.0765548,forward,0.08414279855787754,13317.25,9.742192924022675e-05,0.0,0.0,,,
34,1775661721.257599,backward,0.1808689571917057,13317.25,0.00010581314563751221,0.0,0.0,,,
34,1775661721.2612314,optimizer,0.0025524012744426727,13317.25,2.690032124519348e-05,0.0005026087164878845,0.0004830583930015564,58.0,0.8,20577.41796875
35,1775661721.4826517,forward,0.08417211100459099,13317.25,9.455159306526184e-05,0.0,0.0,,,
35,1775661721.6636271,backward,0.18080610409379005,13317.25,9.602122008800507e-05,0.0,0.0,,,
35,1775661721.667487,optimizer,0.002758743241429329,13317.25,2.3791566491127014e-05,0.0005010087043046951,0.00047421641647815704,54.0,0.8,20578.76953125
36,1775661721.9002092,forward,0.08422800339758396,13317.25,9.530223906040192e-05,0.0,0.0,,,
36,1775661722.0813632,backward,0.18098385632038116,13317.25,9.716302156448364e-05,0.0,0.0,,,
36,1775661722.0849552,optimizer,0.0025070589035749435,13317.25,2.428703010082245e-05,0.0005094762891530991,0.0004771873354911804,46.0,0.8,20578.64453125
37,1775661722.3126419,forward,0.08413094095885754,13317.25,9.659118950366974e-05,0.0,0.0,,,
37,1775661722.4935791,backward,0.18076137080788612,13317.25,0.00010441243648529053,0.0,0.0,,,
37,1775661722.4971666,optimizer,0.0024925805628299713,13317.25,2.3361295461654663e-05,0.0005099475383758545,0.0004895683377981186,40.0,0.8,20578.7578125
38,1775661722.728465,forward,0.08419815078377724,13317.25,9.522214531898499e-05,0.0,0.0,,,
38,1775661722.9093108,backward,0.18067800253629684,13317.25,9.71425324678421e-05,0.0,0.0,,,
38,1775661722.91337,optimizer,0.0027738139033317566,13317.25,2.726912498474121e-05,0.0006774906069040298,0.00047405436635017395,100.0,0.9,20578.6328125
39,1775661723.1603405,forward,0.08424639143049717,13317.25,9.432248771190643e-05,0.0,0.0,,,
39,1775661723.3411942,backward,0.18068600445985794,13317.25,9.812973439693451e-05,0.0,0.0,,,
39,1775661723.344791,optimizer,0.0025070272386074066,13317.25,2.3640692234039307e-05,0.0005154386162757874,0.0004783067852258682,99.0,0.8,20578.26171875
40,1775661723.5667157,forward,0.08421335183084011,13317.25,9.590201079845428e-05,0.0,0.0,,,
40,1775661723.7478516,backward,0.18096840381622314,13317.25,9.637139737606049e-05,0.0,0.0,,,
40,1775661723.7517848,optimizer,0.0025514625012874603,13317.25,2.8291717171669006e-05,0.0008025243878364563,0.0004735086113214493,99.0,0.8,20578.3828125
41,1775661723.9816918,forward,0.08421585150063038,13317.25,9.636208415031433e-05,0.0,0.0,,,
41,1775661724.1626356,backward,0.180775823071599,13317.25,9.587220847606659e-05,0.0,0.0,,,
41,1775661724.166285,optimizer,0.0025686509907245636,13317.25,2.3987144231796265e-05,0.000509306788444519,0.0004738885909318924,99.0,0.8,20578.2578125
42,1775661724.388815,forward,0.08437553606927395,13317.25,0.00012977235019207,0.0,0.0,,,
42,1775661724.5699356,backward,0.18092158436775208,13317.25,0.00011048093438148499,0.0,0.0,,,
42,1775661724.573688,optimizer,0.002588042989373207,13317.25,2.7339905500411987e-05,0.0005293674767017365,0.0005378574132919312,99.0,0.8,20578.37890625
43,1775661724.7965353,forward,0.0841565802693367,13317.25,9.669177234172821e-05,0.0,0.0,,,
43,1775661724.977568,backward,0.18085884489119053,13317.25,0.00010156072676181793,0.0,0.0,,,
43,1775661724.9811604,optimizer,0.002507472410798073,13317.25,2.492964267730713e-05,0.0005152672529220581,0.0004764776676893234,97.0,0.8,20578.25390625
44,1775661725.209148,forward,0.08416888304054737,13317.25,9.59392637014389e-05,0.0,0.0,,,
44,1775661725.390108,backward,0.18079184368252754,13317.25,9.813159704208374e-05,0.0,0.0,,,
44,1775661725.393818,optimizer,0.0025749001652002335,13317.25,2.6229768991470337e-05,0.0005161873996257782,0.0005175191909074783,91.0,0.8,20578.375
45,1775661725.627019,forward,0.08426785096526146,13317.25,0.00011546164751052856,0.0,0.0,,,
45,1775661725.8079894,backward,0.18079156242311,13317.25,9.728036820888519e-05,0.0,0.0,,,
45,1775661725.8119755,optimizer,0.0025924909859895706,13317.25,2.2899359464645386e-05,0.0007962118834257126,0.000499499961733818,82.0,0.8,20578.49609375
46,1775661726.0330555,forward,0.08413241244852543,13317.25,9.640119969844818e-05,0.0,0.0,,,
46,1775661726.2141414,backward,0.1809157431125641,13317.25,9.816139936447144e-05,0.0,0.0,,,
46,1775661726.2178106,optimizer,0.002565089613199234,13317.25,2.4219974875450134e-05,0.0005094874650239944,0.0004944782704114914,79.0,0.8,20578.37109375
47,1775661726.4406843,forward,0.08420108258724213,13317.25,9.51327383518219e-05,0.0,0.0,,,
47,1775661726.6216042,backward,0.18074559047818184,13317.25,0.00010431185364723206,0.0,0.0,,,
47,1775661726.6252503,optimizer,0.002557322382926941,13317.25,2.3322179913520813e-05,0.0005194079130887985,0.00047934800386428833,75.0,0.8,20578.4921875
48,1775661726.8538573,forward,0.0841131005436182,13317.25,9.536370635032654e-05,0.0,0.0,,,
48,1775661727.034724,backward,0.18067408353090286,13317.25,9.716302156448364e-05,0.0,0.0,,,
48,1775661727.0383227,optimizer,0.0025039594620466232,13317.25,2.3579224944114685e-05,0.0005216281861066818,0.0004752185195684433,68.0,0.8,20578.61328125
49,1775661727.26796,forward,0.08418428152799606,13317.25,0.00010757148265838623,0.0,0.0,,,
49,1775661727.4490838,backward,0.1809526365250349,13317.25,9.783357381820679e-05,0.0,0.0,,,
49,1775661727.4528604,optimizer,0.0026465915143489838,13317.25,2.4480745196342468e-05,0.0005185268819332123,0.0005026403814554214,61.0,0.8,20578.98046875
50,1775661727.6822102,forward,0.08423535339534283,13317.25,9.719096124172211e-05,0.0,0.0,,,
50,1775661727.8633237,backward,0.18094263598322868,13317.25,9.890273213386536e-05,0.0,0.0,,,
50,1775661727.8674562,optimizer,0.002550998702645302,13317.25,2.3292377591133118e-05,0.001007797196507454,0.0004758983850479126,54.0,0.8,20578.609375
51,1775661728.0990882,forward,0.08414645120501518,13317.25,9.469129145145416e-05,0.0,0.0,,,
51,1775661728.2800918,backward,0.18083316460251808,13317.25,9.8399817943573e-05,0.0,0.0,,,
51,1775661728.2837446,optimizer,0.002559589222073555,13317.25,2.4108216166496277e-05,0.0005176104605197906,0.00047826580703258514,45.0,0.8,20578.23828125
52,1775661728.511278,forward,0.08421820215880871,13317.25,9.491294622421265e-05,0.0,0.0,,,
52,1775661728.6922152,backward,0.18077196180820465,13317.25,9.725242853164673e-05,0.0,0.0,,,
52,1775661728.6958723,optimizer,0.0025673098862171173,13317.25,2.4439767003059387e-05,0.0005181282758712769,0.0004736967384815216,40.0,0.8,20578.60546875
53,1775661728.9139535,forward,0.08411120995879173,13317.25,9.245239198207855e-05,0.0,0.0,,,
53,1775661729.095235,backward,0.18108821101486683,13317.25,9.768269956111908e-05,0.0,0.0,,,
53,1775661729.0988972,optimizer,0.0025679711252450943,13317.25,2.567283809185028e-05,0.0005178600549697876,0.00047576799988746643,38.0,0.8,20578.234375
54,1775661729.3172932,forward,0.08414604514837265,13317.25,9.648129343986511e-05,0.0,0.0,,,
54,1775661729.4985752,backward,0.18111597001552582,13317.25,9.683147072792053e-05,0.0,0.0,,,
54,1775661729.502675,optimizer,0.0025565195828676224,13317.25,2.314150333404541e-05,0.0009673666208982468,0.00047836825251579285,36.0,0.8,20578.6015625
55,1775661729.7307246,forward,0.0841066800057888,13317.25,9.384192526340485e-05,0.0,0.0,,,
55,1775661729.91163,backward,0.18073421344161034,13317.25,9.90014523267746e-05,0.0,0.0,,,
55,1775661729.915246,optimizer,0.002565033733844757,13317.25,2.3620203137397766e-05,0.0004715770483016968,0.0004803873598575592,100.0,0.8,20578.4765625
56,1775661730.1480596,forward,0.08420397154986858,13317.25,9.479932487010956e-05,0.0,0.0,,,
56,1775661730.3289614,backward,0.18073449283838272,13317.25,9.727105498313904e-05,0.0,0.0,,,
56,1775661730.3326316,optimizer,0.00257975235581398,13317.25,2.5760382413864136e-05,0.0005156882107257843,0.0004758089780807495,100.0,0.8,20578.59765625
57,1775661730.5602107,forward,0.08416197076439857,13317.25,9.732134640216827e-05,0.0,0.0,,,
57,1775661730.7414901,backward,0.18111149966716766,13317.25,9.61199402809143e-05,0.0,0.0,,,
57,1775661730.745757,optimizer,0.0027702506631612778,13317.25,2.6281923055648804e-05,0.0008681546896696091,0.0004887077957391739,99.0,0.8,20578.47265625
58,1775661730.9783375,forward,0.08431198447942734,13317.25,9.365938603878021e-05,0.0,0.0,,,
58,1775661731.1595457,backward,0.1810426563024521,13317.25,9.352341294288635e-05,0.0,0.0,,,
58,1775661731.1631753,optimizer,0.0025369785726070404,13317.25,2.658925950527191e-05,0.0005151405930519104,0.0004769880324602127,99.0,0.8,20578.34765625
59,1775661731.3955965,forward,0.08416702039539814,13317.25,9.527057409286499e-05,0.0,0.0,,,
59,1775661731.5767934,backward,0.18102696724236012,13317.25,9.775906801223755e-05,0.0,0.0,,,
59,1775661731.5804524,optimizer,0.0025582406669855118,13317.25,2.7002766728401184e-05,0.0005194190889596939,0.0004813559353351593,96.0,0.8,20578.71484375
60,1775661731.8033197,forward,0.08427978493273258,13317.25,9.733065962791443e-05,0.0,0.0,,,
60,1775661731.984329,backward,0.18084045313298702,13317.25,9.691901504993439e-05,0.0,0.0,,,
60,1775661731.9883604,optimizer,0.002561550587415695,13317.25,2.3387372493743896e-05,0.0008973740041255951,0.0004759877920150757,93.0,0.8,20578.8359375
61,1775661732.219141,forward,0.08422061428427696,13317.25,9.656883776187897e-05,0.0,0.0,,,
61,1775661732.4002197,backward,0.18088467605412006,13317.25,0.00011589191854000092,0.0,0.0,,,
61,1775661732.4041364,optimizer,0.002722484990954399,13317.25,2.354942262172699e-05,0.0005008280277252197,0.0005451180040836334,85.0,0.8,20578.46484375
62,1775661732.6352127,forward,0.08423913270235062,13317.25,9.668245911598206e-05,0.0,0.0,,,
62,1775661732.816164,backward,0.18078382313251495,13317.25,9.856931865215302e-05,0.0,0.0,,,
62,1775661732.819809,optimizer,0.0025512631982564926,13317.25,2.5881454348564148e-05,0.0005181767046451569,0.00047738105058670044,77.0,0.9,20578.83203125
63,1775661733.0490618,forward,0.08416743203997612,13317.25,9.560957551002502e-05,0.0,0.0,,,
63,1775661733.2299094,backward,0.1806782130151987,13317.25,9.77925956249237e-05,0.0,0.0,,,
63,1775661733.2335699,optimizer,0.0025462210178375244,13317.25,2.3387372493743896e-05,0.0005190707743167877,0.0004978887736797333,70.0,0.8,20578.70703125
64,1775661733.454882,forward,0.08415763266384602,13317.25,9.438209235668182e-05,0.0,0.0,,,
64,1775661733.635823,backward,0.1807720959186554,13317.25,9.850971400737762e-05,0.0,0.0,,,
64,1775661733.6394992,optimizer,0.002559192478656769,13317.25,2.5313347578048706e-05,0.0005462616682052612,0.00047377683222293854,67.0,0.8,20579.07421875
65,1775661733.8612783,forward,0.0842086598277092,13317.25,9.435229003429413e-05,0.0,0.0,,,
65,1775661734.0422251,backward,0.1807791218161583,13317.25,9.88934189081192e-05,0.0,0.0,,,
65,1775661734.0462167,optimizer,0.0025664791464805603,13317.25,2.4870038032531738e-05,0.0008512716740369797,0.00047522783279418945,63.0,0.8,20578.94921875
66,1775661734.277975,forward,0.08419620059430599,13317.25,0.00012121908366680145,0.0,0.0,,,
66,1775661734.4591868,backward,0.18103376775979996,13317.25,9.671039879322052e-05,0.0,0.0,,,
66,1775661734.4628592,optimizer,0.002575339749455452,13317.25,2.4480745196342468e-05,0.0005094278603792191,0.000489385798573494,55.0,0.8,20578.82421875
67,1775661734.6894414,forward,0.0841048676520586,13317.25,9.683147072792053e-05,0.0,0.0,,,
67,1775661734.870598,backward,0.1809844747185707,13317.25,9.845010936260223e-05,0.0,0.0,,,
67,1775661734.8742502,optimizer,0.0025500115007162094,13317.25,2.6473775506019592e-05,0.0005220789462327957,0.0004774872213602066,49.0,0.8,20578.69921875
68,1775661735.095373,forward,0.08414112031459808,13317.25,9.423121809959412e-05,0.0,0.0,,,
68,1775661735.2765338,backward,0.18099093809723854,13317.25,9.692087769508362e-05,0.0,0.0,,,
68,1775661735.2802055,optimizer,0.002577291801571846,13317.25,2.6011839509010315e-05,0.000522000715136528,0.00047386810183525085,46.0,0.8,20577.8359375
69,1775661735.5090282,forward,0.08416396006941795,13317.25,9.654276072978973e-05,0.0,0.0,,,
69,1775661735.6900985,backward,0.18089767545461655,13317.25,9.895116090774536e-05,0.0,0.0,,,
69,1775661735.6937904,optimizer,0.0025780126452445984,13317.25,2.7021393179893494e-05,0.0005237478762865067,0.000490829348564148,40.0,0.8,20578.94140625
70,1775661735.9130201,forward,0.08417203091084957,13317.25,9.905174374580383e-05,0.0,0.0,,,
70,1775661736.093934,backward,0.1807495914399624,13317.25,9.440071880817413e-05,0.0,0.0,,,
70,1775661736.097726,optimizer,0.0025593023747205734,13317.25,2.329982817173004e-05,0.0006550904363393784,0.0004800260066986084,38.0,0.8,20578.5703125
71,1775661736.3206944,forward,0.08424104191362858,13317.25,0.00011681206524372101,0.0,0.0,,,
71,1775661736.5021763,backward,0.18125508166849613,13317.25,9.89232212305069e-05,0.0,0.0,,,
71,1775661736.5090802,optimizer,0.002654295414686203,13317.25,2.2999942302703857e-05,0.00363248772919178,0.0005097482353448868,99.0,0.8,20579.18359375
72,1775661736.7285447,forward,0.08418549224734306,13317.25,9.530968964099884e-05,0.0,0.0,,,
72,1775661736.9095979,backward,0.18087382428348064,13317.25,0.00010822340846061707,0.0,0.0,,,
72,1775661736.9131744,optimizer,0.002243034541606903,13317.25,2.5680288672447205e-05,0.000471239909529686,0.00047459453344345093,99.0,0.8,20579.3046875
73,1775661737.1400852,forward,0.08425610326230526,13317.25,9.17632132768631e-05,0.0,0.0,,,
73,1775661737.3210745,backward,0.18081927485764027,13317.25,9.789131581783295e-05,0.0,0.0,,,
73,1775661737.3251038,optimizer,0.00255541130900383,13317.25,2.6129186153411865e-05,0.000898534432053566,0.0004773959517478943,100.0,0.8,20578.93359375
74,1775661737.5445824,forward,0.08433205261826515,13317.25,9.674020111560822e-05,0.0,0.0,,,
74,1775661737.7254655,backward,0.18071363307535648,13317.25,9.826198220252991e-05,0.0,0.0,,,
74,1775661737.7292688,optimizer,0.0025633499026298523,13317.25,2.4789944291114807e-05,0.0006565675139427185,0.0004777871072292328,100.0,0.8,20579.30078125
75,1775661737.9588227,forward,0.08419273234903812,13317.25,9.476207196712494e-05,0.0,0.0,,,
75,1775661738.1396766,backward,0.18068861216306686,13317.25,9.380094707012177e-05,0.0,0.0,,,
75,1775661738.1436675,optimizer,0.0025532636791467667,13317.25,2.3301690816879272e-05,0.0008678324520587921,0.0004741474986076355,100.0,0.8,20578.9296875
76,1775661738.3760648,forward,0.08420033939182758,13317.25,9.804405272006989e-05,0.0,0.0,,,
76,1775661738.5572276,backward,0.18099570646882057,13317.25,9.48496162891388e-05,0.0,0.0,,,
76,1775661738.5610607,optimizer,0.0027338042855262756,13317.25,2.5538727641105652e-05,0.0004996880888938904,0.0004758387804031372,99.0,0.8,20579.296875
77,1775661738.7911465,forward,0.08416188880801201,13317.25,9.281374514102936e-05,0.0,0.0,,,
77,1775661738.972063,backward,0.18074659258127213,13317.25,9.577907621860504e-05,0.0,0.0,,,
77,1775661738.9756992,optimizer,0.0025453511625528336,13317.25,2.3702159523963928e-05,0.0005150772631168365,0.00047683902084827423,98.0,0.9,20578.92578125
78,1775661739.2099113,forward,0.08409765921533108,13317.25,9.296275675296783e-05,0.0,0.0,,,
78,1775661739.390875,backward,0.1807980965822935,13317.25,9.611062705516815e-05,0.0,0.0,,,
78,1775661739.394513,optimizer,0.0025427397340536118,13317.25,2.4849548935890198e-05,0.0005173683166503906,0.0004772357642650604,88.0,0.8,20579.5390625
79,1775661739.6116204,forward,0.08415823057293892,13317.25,9.653158485889435e-05,0.0,0.0,,,
79,1775661739.792755,backward,0.18096716701984406,13317.25,9.73232090473175e-05,0.0,0.0,,,
79,1775661739.7965353,optimizer,0.0026043523102998734,13317.25,2.575106918811798e-05,0.0006045494228601456,0.00047471560537815094,87.0,0.8,20579.16796875
80,1775661740.0254292,forward,0.08417700231075287,13317.25,9.580887854099274e-05,0.0,0.0,,,
80,1775661740.2064276,backward,0.1808297038078308,13317.25,9.638257324695587e-05,0.0,0.0,,,
80,1775661740.2100692,optimizer,0.002541830763220787,13317.25,2.538040280342102e-05,0.0005208197981119156,0.00047862716019153595,80.0,0.8,20579.2890625
81,1775661740.442295,forward,0.08426690474152565,13317.25,9.628944098949432e-05,0.0,0.0,,,
81,1775661740.6233099,backward,0.1808473039418459,13317.25,9.713135659694672e-05,0.0,0.0,,,
81,1775661740.6272151,optimizer,0.002543773502111435,13317.25,2.354942262172699e-05,0.0007854718714952469,0.0004796460270881653,72.0,0.8,20578.91796875
82,1775661740.8542042,forward,0.08444042690098286,13317.25,9.56505537033081e-05,0.0,0.0,,,
82,1775661741.0352654,backward,0.18089361488819122,13317.25,9.743310511112213e-05,0.0,0.0,,,
82,1775661741.0389223,optimizer,0.002568991854786873,13317.25,2.3089349269866943e-05,0.0005154479295015335,0.00047498568892478943,66.0,0.8,20579.0390625
83,1775661741.2710392,forward,0.08416398987174034,13317.25,9.416230022907257e-05,0.0,0.0,,,
83,1775661741.4519925,backward,0.18078473210334778,13317.25,9.721331298351288e-05,0.0,0.0,,,
83,1775661741.4557197,optimizer,0.0025550127029418945,13317.25,2.3242086172103882e-05,0.0005964003503322601,0.00047338753938674927,57.0,0.8,20579.40625
84,1775661741.6825745,forward,0.08424429222941399,13317.25,9.531155228614807e-05,0.0,0.0,,,
84,1775661741.8636577,backward,0.18091367557644844,13317.25,9.66731458902359e-05,0.0,0.0,,,
84,1775661741.8677032,optimizer,0.0025545116513967514,13317.25,2.362951636314392e-05,0.0009143147617578506,0.0004781074821949005,51.0,0.8,20579.28125
85,1775661742.1012905,forward,0.08431613445281982,13317.25,9.494274854660034e-05,0.0,0.0,,,
85,1775661742.2821865,backward,0.18072721362113953,13317.25,9.712018072605133e-05,0.0,0.0,,,
85,1775661742.2861142,optimizer,0.0025323908776044846,13317.25,2.5141984224319458e-05,0.0008201133459806442,0.0004746876657009125,42.0,0.8,20579.15625
86,1775661742.5030925,forward,0.08419662527740002,13317.25,9.554438292980194e-05,0.0,0.0,,,
86,1775661742.683947,backward,0.1806893404573202,13317.25,9.727291762828827e-05,0.0,0.0,,,
86,1775661742.6876788,optimizer,0.002540290355682373,13317.25,2.528168261051178e-05,0.000618690624833107,0.000474344938993454,42.0,0.9,20579.27734375
87,1775661742.9173555,forward,0.08425386436283588,13317.25,9.716302156448364e-05,0.0,0.0,,,
87,1775661743.0984313,backward,0.18091192282736301,13317.25,9.629130363464355e-05,0.0,0.0,,,
87,1775661743.106869,optimizer,0.0025486797094345093,13317.25,2.507120370864868e-05,0.0053110066801309586,0.000477788969874382,99.0,0.8,20578.66015625
88,1775661743.3380778,forward,0.08423013240098953,13317.25,9.553320705890656e-05,0.0,0.0,,,
88,1775661743.5189643,backward,0.18072067201137543,13317.25,9.701214730739594e-05,0.0,0.0,,,
88,1775661743.523056,optimizer,0.002554241567850113,13317.25,2.4922192096710205e-05,0.0009632539004087448,0.0004759691655635834,100.0,0.8,20579.2734375
89,1775661743.7543497,forward,0.08416729979217052,13317.25,9.776279330253601e-05,0.0,0.0,,,
89,1775661743.935224,backward,0.18070505931973457,13317.25,9.861215949058533e-05,0.0,0.0,,,
89,1775661743.9388628,optimizer,0.0025522299110889435,13317.25,2.4260953068733215e-05,0.0005150958895683289,0.000476619228720665,100.0,0.8,20579.1484375
90,1775661744.1584334,forward,0.08422727137804031,13317.25,9.368173778057098e-05,0.0,0.0,,,
90,1775661744.3393981,backward,0.18079510144889355,13317.25,9.974278509616852e-05,0.0,0.0,,,
90,1775661744.3433368,optimizer,0.002545548602938652,13317.25,2.376176416873932e-05,0.0008167028427124023,0.0004789680242538452,99.0,0.8,20579.26953125
91,1775661744.5687988,forward,0.08416513912379742,13317.25,9.541213512420654e-05,0.0,0.0,,,
91,1775661744.750026,backward,0.18105291575193405,13317.25,9.883008897304535e-05,0.0,0.0,,,
91,1775661744.7536733,optimizer,0.002540372312068939,13317.25,2.5950372219085693e-05,0.000516887754201889,0.0004918090999126434,99.0,0.8,20579.14453125
92,1775661744.9751554,forward,0.08447177521884441,13317.25,0.00012217089533805847,0.0,0.0,,,
92,1775661745.156158,backward,0.18080997467041016,13317.25,9.576044976711273e-05,0.0,0.0,,,
92,1775661745.1599576,optimizer,0.002652321010828018,13317.25,2.4372711777687073e-05,0.0005091764032840729,0.0005406811833381653,99.0,0.8,20579.265625
93,1775661745.3903499,forward,0.0841255709528923,13317.25,9.612925350666046e-05,0.0,0.0,,,
93,1775661745.5716317,backward,0.18111201748251915,13317.25,9.659118950366974e-05,0.0,0.0,,,
93,1775661745.5752785,optimizer,0.0025574490427970886,13317.25,2.5140121579170227e-05,0.0005157683044672012,0.00047575682401657104,97.0,0.8,20579.6328125
94,1775661745.7962558,forward,0.0842281449586153,13317.25,9.538047015666962e-05,0.0,0.0,,,
94,1775661745.977246,backward,0.18081929348409176,13317.25,9.800121188163757e-05,0.0,0.0,,,
94,1775661745.981239,optimizer,0.0025391727685928345,13317.25,2.6909634470939636e-05,0.000874614343047142,0.00047678686678409576,94.0,0.8,20579.5078125
95,1775661746.2137687,forward,0.08421074226498604,13317.25,9.532459080219269e-05,0.0,0.0,,,
95,1775661746.3947039,backward,0.18076393380761147,13317.25,9.590201079845428e-05,0.0,0.0,,,
95,1775661746.398327,optimizer,0.002558000385761261,13317.25,2.4160370230674744e-05,0.0004925169050693512,0.00047411955893039703,85.0,0.8,20579.3828125
96,1775661746.6207952,forward,0.08422440104186535,13317.25,9.603053331375122e-05,0.0,0.0,,,
96,1775661746.8020427,backward,0.18108217790722847,13317.25,9.642355144023895e-05,0.0,0.0,,,
96,1775661746.8061576,optimizer,0.0025435201823711395,13317.25,2.4439767003059387e-05,0.000995047390460968,0.00047856755554676056,81.0,0.8,20578.765625
97,1775661747.0269814,forward,0.08406342007219791,13317.25,9.695999324321747e-05,0.0,0.0,,,
97,1775661747.2080095,backward,0.1808618139475584,13317.25,9.749270975589752e-05,0.0,0.0,,,
97,1775661747.2116656,optimizer,0.002565089613199234,13317.25,2.3990869522094727e-05,0.000517427921295166,0.0004756264388561249,78.0,0.8,20579.37890625
98,1775661747.4398842,forward,0.08423203229904175,13317.25,9.67513769865036e-05,0.0,0.0,,,
98,1775661747.6211588,backward,0.18110672011971474,13317.25,9.686127305030823e-05,0.0,0.0,,,
98,1775661747.6252654,optimizer,0.0025645028799772263,13317.25,2.7099624276161194e-05,0.0009618531912565231,0.00047791749238967896,72.0,0.8,20579.34765625
99,1775661747.852656,forward,0.08420753106474876,13317.25,9.530410170555115e-05,0.0,0.0,,,
99,1775661748.0337403,backward,0.18091552704572678,13317.25,9.72207635641098e-05,0.0,0.0,,,
99,1775661748.0373838,optimizer,0.0025566983968019485,13317.25,2.4590641260147095e-05,0.0005084685981273651,0.00047948770225048065,65.0,0.9,20578.9765625
100,1775661748.2585475,forward,0.08424152247607708,13317.25,9.523332118988037e-05,0.0,0.0,,,
100,1775661748.4395297,backward,0.18081028386950493,13317.25,9.7690150141716e-05,0.0,0.0,,,
100,1775661748.443447,optimizer,0.0025381725281476974,13317.25,2.5719404220581055e-05,0.0008011516183614731,0.00047829560935497284,62.0,0.8,20579.078125
101,1775661748.6659772,forward,0.08413383923470974,13317.25,9.512342512607574e-05,0.0,0.0,,,
101,1775661748.8469024,backward,0.1807537041604519,13317.25,9.770132601261139e-05,0.0,0.0,,,
101,1775661748.8505392,optimizer,0.0025478489696979523,13317.25,3.428757190704346e-05,0.0005034264177083969,0.0004781074821949005,59.0,0.8,20579.4453125
102,1775661749.081215,forward,0.08421759307384491,13317.25,9.53134149312973e-05,0.0,0.0,,,
102,1775661749.2621615,backward,0.18077753484249115,13317.25,9.724870324134827e-05,0.0,0.0,,,
102,1775661749.265808,optimizer,0.002543492242693901,13317.25,2.4199485778808594e-05,0.0005188081413507462,0.0004898384213447571,51.0,0.8,20578.58203125
103,1775661749.4975395,forward,0.084282161667943,13317.25,0.00010440312325954437,0.0,0.0,,,
103,1775661749.6787884,backward,0.18108384124934673,13317.25,9.79006290435791e-05,0.0,0.0,,,
103,1775661749.6827922,optimizer,0.002546919509768486,13317.25,2.4080276489257812e-05,0.0008854307234287262,0.00047391653060913086,43.0,0.8,20579.1953125
104,1775661749.9151595,forward,0.08423326350748539,13317.25,0.00011152401566505432,0.0,0.0,,,
104,1775661750.0961986,backward,0.18085969612002373,13317.25,9.660981595516205e-05,0.0,0.0,,,
104,1775661750.104781,optimizer,0.0025998111814260483,13317.25,2.394244074821472e-05,0.005379986017942429,0.000503217801451683,99.0,0.8,20579.31640625
105,1775661750.3348842,forward,0.08423086255788803,13317.25,9.72505658864975e-05,0.0,0.0,,,
105,1775661750.5157459,backward,0.18069244176149368,13317.25,9.832903742790222e-05,0.0,0.0,,,
105,1775661750.5197613,optimizer,0.002562129870057106,13317.25,2.430938184261322e-05,0.0008692163974046707,0.00048720091581344604,100.0,0.8,20579.19140625
106,1775661750.738916,forward,0.08421255089342594,13317.25,9.392015635967255e-05,0.0,0.0,,,
106,1775661750.9198017,backward,0.1807149313390255,13317.25,9.88394021987915e-05,0.0,0.0,,,
106,1775661750.9237232,optimizer,0.0025460999459028244,13317.25,2.530030906200409e-05,0.0007957722991704941,0.00047939643263816833,100.0,0.8,20579.3125
107,1775661751.1532412,forward,0.08421765267848969,13317.25,9.308196604251862e-05,0.0,0.0,,,
107,1775661751.334099,backward,0.18068712204694748,13317.25,9.824149310588837e-05,0.0,0.0,,,
107,1775661751.3377612,optimizer,0.0025485921651124954,13317.25,2.64681875705719e-05,0.0005193278193473816,0.0004973188042640686,100.0,0.8,20578.94140625
108,1775661751.5676796,forward,0.08415979333221912,13317.25,9.665079414844513e-05,0.0,0.0,,,
108,1775661751.7488215,backward,0.18097319640219212,13317.25,9.712018072605133e-05,0.0,0.0,,,
108,1775661751.7524774,optimizer,0.0025738421827554703,13317.25,2.5488436222076416e-05,0.000505298376083374,0.00047680921852588654,99.0,0.8,20578.81640625
109,1775661751.9831574,forward,0.08421139232814312,13317.25,9.44528728723526e-05,0.0,0.0,,,
109,1775661752.1639695,backward,0.18064661137759686,13317.25,9.33520495891571e-05,0.0,0.0,,,
109,1775661752.1676028,optimizer,0.00254875048995018,13317.25,2.6419758796691895e-05,0.0005094278603792191,0.00047295913100242615,99.0,0.8,20578.69140625
110,1775661752.3999531,forward,0.08420260436832905,13317.25,9.715184569358826e-05,0.0,0.0,,,
110,1775661752.5812,backward,0.18107964843511581,13317.25,9.755976498126984e-05,0.0,0.0,,,
110,1775661752.5848446,optimizer,0.0025534722954034805,13317.25,2.430938184261322e-05,0.0005023684352636337,0.0004902388900518417,91.0,0.8,20579.05078125
111,1775661752.8136265,forward,0.08426893316209316,13317.25,0.00011916272342205048,0.0,0.0,,,
111,1775661752.995047,backward,0.18119007907807827,13317.25,9.724125266075134e-05,0.0,0.0,,,
111,1775661752.9991794,optimizer,0.0026467926800251007,13317.25,2.5490298867225647e-05,0.0008693449199199677,0.0005040466785430908,84.0,0.8,20579.171875
112,1775661753.2303712,forward,0.08420772291719913,13317.25,8.777156472206116e-05,0.0,0.0,,,
112,1775661753.4112499,backward,0.180711193010211,13317.25,9.565241634845734e-05,0.0,0.0,,,
112,1775661753.4148908,optimizer,0.002550780773162842,13317.25,2.3230910301208496e-05,0.0005157683044672012,0.00047545507550239563,76.0,0.8,20579.53515625
113,1775661753.6348884,forward,0.08421189151704311,13317.25,9.490177035331726e-05,0.0,0.0,,,
113,1775661753.8159323,backward,0.1808755360543728,13317.25,9.684078395366669e-05,0.0,0.0,,,
113,1775661753.8199213,optimizer,0.0025491882115602493,13317.25,2.627260982990265e-05,0.0008608438074588776,0.000478425994515419,73.0,0.8,20579.1640625
114,1775661754.0407825,forward,0.0841332022100687,13317.25,9.42125916481018e-05,0.0,0.0,,,
114,1775661754.2218146,backward,0.1808667555451393,13317.25,9.646080434322357e-05,0.0,0.0,,,
114,1775661754.2254555,optimizer,0.002545701339840889,13317.25,2.5639310479164124e-05,0.0005167294293642044,0.0004780292510986328,70.0,0.8,20579.0390625
115,1775661754.4457192,forward,0.0840787198394537,13317.25,9.555183351039886e-05,0.0,0.0,,,
115,1775661754.6266906,backward,0.18080233223736286,13317.25,9.776279330253601e-05,0.0,0.0,,,
115,1775661754.6303313,optimizer,0.002536570653319359,13317.25,2.5352463126182556e-05,0.0005272496491670609,0.00047803670167922974,68.0,0.8,20579.16015625
116,1775661754.858308,forward,0.08421189151704311,13317.25,9.463168680667877e-05,0.0,0.0,,,
116,1775661755.0391188,backward,0.18063894100487232,13317.25,9.860098361968994e-05,0.0,0.0,,,
116,1775661755.0431468,optimizer,0.0025423113256692886,13317.25,2.5290995836257935e-05,0.0009055361151695251,0.0004800558090209961,62.0,0.8,20579.03515625
117,1775661755.270589,forward,0.08417409099638462,13317.25,9.584985673427582e-05,0.0,0.0,,,
117,1775661755.4515176,backward,0.18075762130320072,13317.25,9.879283607006073e-05,0.0,0.0,,,
117,1775661755.4551468,optimizer,0.0025514718145132065,13317.25,2.4547800421714783e-05,0.0005023162811994553,0.0004765000194311142,55.0,0.8,20578.6640625
118,1775661755.6758797,forward,0.08423785120248795,13317.25,9.872205555438995e-05,0.0,0.0,,,
118,1775661755.8569152,backward,0.18086761608719826,13317.25,9.662099182605743e-05,0.0,0.0,,,
118,1775661755.8610828,optimizer,0.002755943685770035,13317.25,2.530030906200409e-05,0.0008079633116722107,0.00047433748841285706,53.0,0.8,20579.27734375
119,1775661756.090626,forward,0.08424144051969051,13317.25,9.418092668056488e-05,0.0,0.0,,,
119,1775661756.2716963,backward,0.18090418353676796,13317.25,9.77925956249237e-05,0.0,0.0,,,
119,1775661756.2753406,optimizer,0.002549491822719574,13317.25,2.6047229766845703e-05,0.0005171690136194229,0.0004751961678266525,45.0,0.8,20579.15234375
120,1775661756.4951265,forward,0.08429067395627499,13317.25,9.560957551002502e-05,0.0,0.0,,,
120,1775661756.676098,backward,0.18080098554491997,13317.25,9.904243052005768e-05,0.0,0.0,,,
120,1775661756.680119,optimizer,0.0025533009320497513,13317.25,2.5229528546333313e-05,0.0008918140083551407,0.0004758574068546295,43.0,0.8,20579.2734375
121,1775661756.910038,forward,0.08418378233909607,13317.25,9.521283209323883e-05,0.0,0.0,,,
121,1775661757.091183,backward,0.1809769757091999,13317.25,9.634345769882202e-05,0.0,0.0,,,
121,1775661757.0947905,optimizer,0.002545911818742752,13317.25,2.4029985070228577e-05,0.0004855692386627197,0.0004755780100822449,36.0,0.8,20579.39453125
122,1775661757.3228586,forward,0.08410601317882538,13317.25,9.449198842048645e-05,0.0,0.0,,,
122,1775661757.5038254,backward,0.18079692497849464,13317.25,9.7690150141716e-05,0.0,0.0,,,
122,1775661757.507424,optimizer,0.002550240606069565,13317.25,2.471916377544403e-05,0.00046455860137939453,0.00048012658953666687,99.0,0.8,20579.26953125
123,1775661757.728295,forward,0.08411309123039246,13317.25,9.562261402606964e-05,0.0,0.0,,,
123,1775661757.90916,backward,0.18069542571902275,13317.25,9.671971201896667e-05,0.0,0.0,,,
123,1775661757.9127374,optimizer,0.00253877229988575,13317.25,2.5192275643348694e-05,0.00046418793499469757,0.00047342851758003235,100.0,0.8,20579.14453125
124,1775661758.1323092,forward,0.08421747200191021,13317.25,9.507127106189728e-05,0.0,0.0,,,
124,1775661758.3132641,backward,0.18078895285725594,13317.25,9.77199524641037e-05,0.0,0.0,,,
124,1775661758.317262,optimizer,0.0025450997054576874,13317.25,2.3519620299339294e-05,0.0008755158632993698,0.0004797782748937607,100.0,0.8,20579.51171875
125,1775661758.5354636,forward,0.08424055203795433,13317.25,9.669177234172821e-05,0.0,0.0,,,
125,1775661758.7164204,backward,0.18078817427158356,13317.25,9.579025208950043e-05,0.0,0.0,,,
125,1775661758.7206614,optimizer,0.002748236060142517,13317.25,2.777203917503357e-05,0.0008819140493869781,0.0004824493080377579,100.0,0.8,20579.140625
126,1775661758.9526458,forward,0.08433333411812782,13317.25,9.490922093391418e-05,0.0,0.0,,,
126,1775661759.1336513,backward,0.1808386743068695,13317.25,9.508244693279266e-05,0.0,0.0,,,
126,1775661759.1376903,optimizer,0.002551998943090439,13317.25,2.4070963263511658e-05,0.0008961837738752365,0.000491708517074585,99.0,0.8,20579.26171875
127,1775661759.3580966,forward,0.08425112068653107,13317.25,9.565986692905426e-05,0.0,0.0,,,
127,1775661759.5393732,backward,0.18110676854848862,13317.25,9.764358401298523e-05,0.0,0.0,,,
127,1775661759.5429873,optimizer,0.002540452405810356,13317.25,2.3750588297843933e-05,0.0005010869354009628,0.00047478824853897095,99.0,0.8,20579.13671875
128,1775661759.7631865,forward,0.08414646238088608,13317.25,0.0001739542931318283,0.0,0.0,,,
128,1775661759.94419,backward,0.18083990551531315,13317.25,9.762309491634369e-05,0.0,0.0,,,
128,1775661759.9478278,optimizer,0.0025534220039844513,13317.25,2.3731961846351624e-05,0.0005095377564430237,0.00047647953033447266,99.0,0.8,20579.01171875
129,1775661760.1765542,forward,0.0842619240283966,13317.25,9.290128946304321e-05,0.0,0.0,,,
129,1775661760.3574302,backward,0.18070818297564983,13317.25,9.690970182418823e-05,0.0,0.0,,,
129,1775661760.3613665,optimizer,0.0025486405938863754,13317.25,2.468004822731018e-05,0.0008127912878990173,0.0004740264266729355,100.0,0.8,20579.1328125
130,1775661760.5799973,forward,0.08415209129452705,13317.25,9.736232459545135e-05,0.0,0.0,,,
130,1775661760.7609437,backward,0.18077574111521244,13317.25,9.879283607006073e-05,0.0,0.0,,,
130,1775661760.7645895,optimizer,0.0025595594197511673,13317.25,2.601929008960724e-05,0.0005155690014362335,0.0004729684442281723,99.0,0.8,20579.0078125
131,1775661760.9954617,forward,0.08428413420915604,13317.25,9.517185389995575e-05,0.0,0.0,,,
131,1775661761.1763809,backward,0.18075067177414894,13317.25,9.576044976711273e-05,0.0,0.0,,,
131,1775661761.180408,optimizer,0.0025638099759817123,13317.25,2.2972002625465393e-05,0.0008903834968805313,0.0004741884768009186,92.0,0.8,20578.8828125
132,1775661761.407834,forward,0.08425698429346085,13317.25,9.503215551376343e-05,0.0,0.0,,,
132,1775661761.5890274,backward,0.18100378662347794,13317.25,0.00011206232011318207,0.0,0.0,,,
132,1775661761.5929463,optimizer,0.002711903303861618,13317.25,2.4098902940750122e-05,0.000519847497344017,0.0005418267101049423,86.0,0.8,20579.25
133,1775661761.8120174,forward,0.0843199361115694,13317.25,9.66005027294159e-05,0.0,0.0,,,
133,1775661761.993261,backward,0.1810739878565073,13317.25,9.804032742977142e-05,0.0,0.0,,,
133,1775661761.99712,optimizer,0.0025506019592285156,13317.25,2.6360154151916504e-05,0.0007308628410100937,0.0004773363471031189,84.0,0.8,20579.37109375
134,1775661762.2247033,forward,0.08416523970663548,13317.25,9.669177234172821e-05,0.0,0.0,,,
134,1775661762.4056628,backward,0.1807912327349186,13317.25,9.727291762828827e-05,0.0,0.0,,,
134,1775661762.409323,optimizer,0.0025626830756664276,13317.25,2.4123117327690125e-05,0.0005169883370399475,0.0004822090268135071,77.0,0.8,20579.24609375
135,1775661762.6371737,forward,0.08429489471018314,13317.25,9.692087769508362e-05,0.0,0.0,,,
135,1775661762.818392,backward,0.18105406686663628,13317.25,9.647943079471588e-05,0.0,0.0,,,
135,1775661762.8220403,optimizer,0.0025466475635766983,13317.25,2.6112422347068787e-05,0.0005264170467853546,0.00047249719500541687,71.0,0.9,20579.12109375
136,1775661763.0532808,forward,0.08424427174031734,13317.25,9.668245911598206e-05,0.0,0.0,,,
136,1775661763.2342105,backward,0.1807649713009596,13317.25,9.639933705329895e-05,0.0,0.0,,,
136,1775661763.238224,optimizer,0.0025449730455875397,13317.25,2.5762245059013367e-05,0.0008945222944021225,0.0004751291126012802,63.0,0.8,20578.99609375
137,1775661763.4669428,forward,0.08418827317655087,13317.25,9.54214483499527e-05,0.0,0.0,,,
137,1775661763.6481771,backward,0.18106834776699543,13317.25,9.514018893241882e-05,0.0,0.0,,,
137,1775661763.6518233,optimizer,0.002557259052991867,13317.25,2.432987093925476e-05,0.000516967847943306,0.0004725474864244461,56.0,0.8,20579.1171875
138,1775661763.8833594,forward,0.0841373223811388,13317.25,9.60715115070343e-05,0.0,0.0,,,
138,1775661764.064353,backward,0.1808260641992092,13317.25,9.690970182418823e-05,0.0,0.0,,,
138,1775661764.06798,optimizer,0.0025493595749139786,13317.25,2.5721266865730286e-05,0.0005006194114685059,0.0004752669483423233,48.0,0.8,20578.74609375
139,1775661764.2984087,forward,0.08414474129676819,13317.25,9.648315608501434e-05,0.0,0.0,,,
139,1775661764.4793582,backward,0.18078171648085117,13317.25,9.726919233798981e-05,0.0,0.0,,,
139,1775661764.4829903,optimizer,0.002542419359087944,13317.25,2.277269959449768e-05,0.0005163960158824921,0.0004762187600135803,41.0,0.8,20579.11328125
140,1775661764.7034695,forward,0.08415917120873928,13317.25,0.00012173131108283997,0.0,0.0,,,
140,1775661764.884507,backward,0.18085929192602634,13317.25,9.72207635641098e-05,0.0,0.0,,,
140,1775661764.888211,optimizer,0.0025836117565631866,13317.25,2.4918466806411743e-05,0.0005306582897901535,0.0004913881421089172,38.0,0.8,20578.7421875
141,1775661765.1192665,forward,0.08419983275234699,13317.25,9.859167039394379e-05,0.0,0.0,,,
141,1775661765.3002677,backward,0.18083629570901394,13317.25,9.446218609809875e-05,0.0,0.0,,,
141,1775661765.303839,optimizer,0.002531658858060837,13317.25,2.8429552912712097e-05,0.00046214833855628967,0.0004759877920150757,99.0,0.8,20578.86328125
142,1775661765.5360324,forward,0.08427521213889122,13317.25,9.684078395366669e-05,0.0,0.0,,,
142,1775661765.7170534,backward,0.18085143342614174,13317.25,9.700097143650055e-05,0.0,0.0,,,
142,1775661765.7206988,optimizer,0.0025523584336042404,13317.25,2.6442110538482666e-05,0.0005161967128515244,0.0004776362329721451,99.0,0.8,20578.984375
143,1775661765.9395576,forward,0.0841238796710968,13317.25,9.645149111747742e-05,0.0,0.0,,,
143,1775661766.1204925,backward,0.18076442182064056,13317.25,9.623169898986816e-05,0.0,0.0,,,
143,1775661766.124139,optimizer,0.002563580870628357,13317.25,2.4238601326942444e-05,0.000509258359670639,0.0004768185317516327,100.0,0.9,20578.61328125
144,1775661766.3451576,forward,0.0841821227222681,13317.25,9.60715115070343e-05,0.0,0.0,,,
144,1775661766.5263755,backward,0.18104697950184345,13317.25,9.867362678050995e-05,0.0,0.0,,,
144,1775661766.5300243,optimizer,0.0025438424199819565,13317.25,2.4808570742607117e-05,0.0005283486098051071,0.0004791188985109329,99.0,0.8,20578.734375
145,1775661766.7578025,forward,0.08415616117417812,13317.25,9.342283010482788e-05,0.0,0.0,,,
145,1775661766.938672,backward,0.1807012390345335,13317.25,9.705871343612671e-05,0.0,0.0,,,
145,1775661766.942318,optimizer,0.002562332898378372,13317.25,2.6319175958633423e-05,0.0005045980215072632,0.00047785788774490356,100.0,0.8,20579.1015625
146,1775661767.1604736,forward,0.08413423225283623,13317.25,9.20519232749939e-05,0.0,0.0,,,
146,1775661767.3414223,backward,0.1807845439761877,13317.25,9.659118950366974e-05,0.0,0.0,,,
146,1775661767.3450592,optimizer,0.0025523100048303604,13317.25,2.5369226932525635e-05,0.0005089882761240005,0.00047455914318561554,100.0,0.8,20579.34765625
147,1775661767.5676022,forward,0.08424398303031921,13317.25,9.512342512607574e-05,0.0,0.0,,,
147,1775661767.7488356,backward,0.1810653805732727,13317.25,9.693950414657593e-05,0.0,0.0,,,
147,1775661767.7524796,optimizer,0.002559959888458252,13317.25,2.5900080800056458e-05,0.0005088001489639282,0.0004758089780807495,99.0,0.8,20579.34375
148,1775661767.9821982,forward,0.08412602171301842,13317.25,9.57828015089035e-05,0.0,0.0,,,
148,1775661768.1632607,backward,0.18089724518358707,13317.25,9.430199861526489e-05,0.0,0.0,,,
148,1775661768.1668966,optimizer,0.002553112804889679,13317.25,2.3828819394111633e-05,0.000510137528181076,0.0004763975739479065,97.0,0.8,20578.7265625
149,1775661768.3974626,forward,0.08428425155580044,13317.25,0.00011510401964187622,0.0,0.0,,,
149,1775661768.5789866,backward,0.1812922116369009,13317.25,9.569153189659119e-05,0.0,0.0,,,
149,1775661768.5827663,optimizer,0.00263863243162632,13317.25,2.5292858481407166e-05,0.0005221087485551834,0.0005046557635068893,90.0,0.8,20579.09375
150,1775661768.8023481,forward,0.08417855203151703,13317.25,9.662285447120667e-05,0.0,0.0,,,
150,1775661768.9833338,backward,0.1808192953467369,13317.25,9.540095925331116e-05,0.0,0.0,,,
150,1775661768.9869711,optimizer,0.0025470517575740814,13317.25,2.357177436351776e-05,0.0005171671509742737,0.0004730280488729477,87.0,0.8,20579.21484375
151,1775661769.2044592,forward,0.08416306041181087,13317.25,9.517185389995575e-05,0.0,0.0,,,
151,1775661769.3857582,backward,0.1811328399926424,13317.25,9.553320705890656e-05,0.0,0.0,,,
151,1775661769.3894873,optimizer,0.002545073628425598,13317.25,2.2862106561660767e-05,0.0006108805537223816,0.0004765354096889496,86.0,0.8,20579.3359375
152,1775661769.6225631,forward,0.08415411226451397,13317.25,9.359978139400482e-05,0.0,0.0,,,
152,1775661769.8035223,backward,0.18079018406569958,13317.25,9.884312748908997e-05,0.0,0.0,,,
152,1775661769.807154,optimizer,0.002542780712246895,13317.25,2.4920329451560974e-05,0.0005166195333003998,0.0004743952304124832,77.0,0.8,20579.2109375
153,1775661770.0282335,forward,0.08423526212573051,13317.25,9.54214483499527e-05,0.0,0.0,,,
153,1775661770.2092838,backward,0.180884575471282,13317.25,9.666197001934052e-05,0.0,0.0,,,
153,1775661770.2132573,optimizer,0.0025440510362386703,13317.25,2.760067582130432e-05,0.0008538346737623215,0.0004755184054374695,74.0,0.8,20579.0859375
154,1775661770.443677,forward,0.08416126295924187,13317.25,9.655207395553589e-05,0.0,0.0,,,
154,1775661770.624707,backward,0.18086469173431396,13317.25,9.50247049331665e-05,0.0,0.0,,,
154,1775661770.6283605,optimizer,0.0025636814534664154,13317.25,2.5952234864234924e-05,0.0005158167332410812,0.00047513842582702637,66.0,0.8,20578.95703125
155,1775661770.8568463,forward,0.08419434353709221,13317.25,9.559094905853271e-05,0.0,0.0,,,
155,1775661771.0378354,backward,0.18082305416464806,13317.25,9.797327220439911e-05,0.0,0.0,,,
155,1775661771.0414672,optimizer,0.0025366097688674927,13317.25,2.5950372219085693e-05,0.000515516847372055,0.00047968700528144836,60.0,0.8,20579.078125
156,1775661771.2638924,forward,0.08418648317456245,13317.25,9.804964065551758e-05,0.0,0.0,,,
156,1775661771.4448001,backward,0.1807405035942793,13317.25,9.682215750217438e-05,0.0,0.0,,,
156,1775661771.448448,optimizer,0.002551250159740448,13317.25,2.6440247893333435e-05,0.0005162917077541351,0.00047881901264190674,56.0,0.8,20578.953125
157,1775661771.6798532,forward,0.08412308990955353,13317.25,9.636394679546356e-05,0.0,0.0,,,
157,1775661771.8608494,backward,0.18082823418080807,13317.25,9.81595367193222e-05,0.0,0.0,,,
157,1775661771.8644776,optimizer,0.002537926658987999,13317.25,2.5102868676185608e-05,0.0005154591053724289,0.00047474727034568787,48.0,0.8,20578.578125
158,1775661772.084372,forward,0.08412701264023781,13317.25,9.601935744285583e-05,0.0,0.0,,,
158,1775661772.2655425,backward,0.1809933464974165,13317.25,0.00010565854609012604,0.0,0.0,,,
158,1775661772.2694252,optimizer,0.0027547646313905716,13317.25,2.538226544857025e-05,0.0005233678966760635,0.00048073939979076385,46.0,0.8,20578.20703125
159,1775661772.5036335,forward,0.08418712019920349,13317.25,9.641982614994049e-05,0.0,0.0,,,
159,1775661772.6846142,backward,0.1808131244033575,13317.25,9.580142796039581e-05,0.0,0.0,,,
159,1775661772.6883218,optimizer,0.002568652853369713,13317.25,2.5520101189613342e-05,0.0005660466849803925,0.0004749000072479248,37.0,0.9,20578.8203125
160,1775661772.919457,forward,0.08414863981306553,13317.25,9.72989946603775e-05,0.0,0.0,,,
160,1775661773.1005476,backward,0.18092316575348377,13317.25,9.697303175926208e-05,0.0,0.0,,,
160,1775661773.1041515,optimizer,0.0025541093200445175,13317.25,2.6259571313858032e-05,0.0004664771258831024,0.0004831496626138687,99.0,0.8,20579.1875
161,1775661773.3317153,forward,0.08430888503789902,13317.25,9.376928210258484e-05,0.0,0.0,,,
161,1775661773.5127017,backward,0.18081810511648655,13317.25,9.826011955738068e-05,0.0,0.0,,,
161,1775661773.5166943,optimizer,0.0025500506162643433,13317.25,2.4652108550071716e-05,0.0008686725050210953,0.0004744790494441986,100.0,0.8,20579.30859375
162,1775661773.7372563,forward,0.08412949927151203,13317.25,9.554438292980194e-05,0.0,0.0,,,
162,1775661773.9182715,backward,0.1808453742414713,13317.25,9.911134839057922e-05,0.0,0.0,,,
162,1775661773.9219306,optimizer,0.002555152401328087,13317.25,2.3851171135902405e-05,0.0005190186202526093,0.0004884675145149231,99.0,0.8,20578.9375
163,1775661774.1425982,forward,0.08411762118339539,13317.25,9.55723226070404e-05,0.0,0.0,,,
163,1775661774.3236313,backward,0.1808620933443308,13317.25,9.859167039394379e-05,0.0,0.0,,,
163,1775661774.3272767,optimizer,0.0025458000600337982,13317.25,2.461858093738556e-05,0.0005217678844928741,0.0004792492836713791,99.0,0.9,20578.8125
164,1775661774.5472472,forward,0.08424412086606026,13317.25,9.510107338428497e-05,0.0,0.0,,,
164,1775661774.7282822,backward,0.18086768500506878,13317.25,9.800121188163757e-05,0.0,0.0,,,
164,1775661774.7322824,optimizer,0.002540409564971924,13317.25,2.3812055587768555e-05,0.0008840356022119522,0.0004781559109687805,100.0,0.8,20578.93359375
165,1775661774.963641,forward,0.08414682000875473,13317.25,9.476020932197571e-05,0.0,0.0,,,
165,1775661775.1445072,backward,0.18069838173687458,13317.25,9.81651246547699e-05,0.0,0.0,,,
165,1775661775.1481555,optimizer,0.002551032230257988,13317.25,2.5080516934394836e-05,0.0005166772753000259,0.00048087723553180695,100.0,0.8,20578.5625
166,1775661775.369947,forward,0.08423401415348053,13317.25,9.663030505180359e-05,0.0,0.0,,,
166,1775661775.5512118,backward,0.1810964271426201,13317.25,9.712390601634979e-05,0.0,0.0,,,
166,1775661775.5552247,optimizer,0.002543669193983078,13317.25,2.39592045545578e-05,0.000897236168384552,0.0004722960293292999,99.0,0.8,20578.9296875
167,1775661775.7740881,forward,0.08424345217645168,13317.25,9.476207196712494e-05,0.0,0.0,,,
167,1775661775.9550476,backward,0.18079170398414135,13317.25,9.82917845249176e-05,0.0,0.0,,,
167,1775661775.9586678,optimizer,0.0025354716926813126,13317.25,2.6592984795570374e-05,0.0005082786083221436,0.0004743281751871109,100.0,0.8,20579.296875
168,1775661776.2013795,forward,0.08436556719243526,13317.25,9.353272616863251e-05,0.0,0.0,,,
168,1775661776.3828158,backward,0.18126405961811543,13317.25,9.784102439880371e-05,0.0,0.0,,,
168,1775661776.3864589,optimizer,0.0025541912764310837,13317.25,2.7060508728027344e-05,0.0005108173936605453,0.0004747193306684494,87.0,0.8,20578.92578125
169,1775661776.6100795,forward,0.08426287397742271,13317.25,9.6101313829422e-05,0.0,0.0,,,
169,1775661776.791199,backward,0.1809533480554819,13317.25,9.777210652828217e-05,0.0,0.0,,,
169,1775661776.7950995,optimizer,0.0025348924100399017,13317.25,2.6552006602287292e-05,0.000782424584031105,0.00048396922647953033,82.0,0.8,20579.046875
170,1775661777.0271919,forward,0.08425892144441605,13317.25,9.601004421710968e-05,0.0,0.0,,,
170,1775661777.2081914,backward,0.18083351477980614,13317.25,9.57828015089035e-05,0.0,0.0,,,
170,1775661777.212152,optimizer,0.002537492662668228,13317.25,2.491101622581482e-05,0.0008457638323307037,0.0004794672131538391,74.0,0.8,20578.921875
171,1775661777.44134,forward,0.08415760099887848,13317.25,9.43988561630249e-05,0.0,0.0,,,
171,1775661777.6224902,backward,0.18097993545234203,13317.25,9.677186608314514e-05,0.0,0.0,,,
171,1775661777.6261303,optimizer,0.0025428198277950287,13317.25,2.6362016797065735e-05,0.0005194786936044693,0.00047680921852588654,66.0,0.8,20579.04296875
172,1775661777.855534,forward,0.08418305218219757,13317.25,9.666010737419128e-05,0.0,0.0,,,
172,1775661778.0366843,backward,0.18097811751067638,13317.25,9.796209633350372e-05,0.0,0.0,,,
172,1775661778.0403197,optimizer,0.0025539305061101913,13317.25,2.392008900642395e-05,0.00050363689661026,0.00047934800386428833,59.0,0.8,20579.1640625
173,1775661778.2600489,forward,0.0840932596474886,13317.25,9.663216769695282e-05,0.0,0.0,,,
173,1775661778.4412262,backward,0.18100757524371147,13317.25,9.610317647457123e-05,0.0,0.0,,,
173,1775661778.4448495,optimizer,0.0025287196040153503,13317.25,2.6948750019073486e-05,0.0005120281130075455,0.00047963671386241913,57.0,0.8,20579.53125
174,1775661778.6723194,forward,0.08420269191265106,13317.25,9.57828015089035e-05,0.0,0.0,,,
174,1775661778.8532069,backward,0.18072033114731312,13317.25,9.748339653015137e-05,0.0,0.0,,,
174,1775661778.8568504,optimizer,0.0025471914559602737,13317.25,2.5918707251548767e-05,0.0005176570266485214,0.00047921761870384216,51.0,0.8,20579.16015625
175,1775661779.076353,forward,0.08412584103643894,13317.25,9.371154010295868e-05,0.0,0.0,,,
175,1775661779.257386,backward,0.1808639131486416,13317.25,9.815022349357605e-05,0.0,0.0,,,
175,1775661779.2610323,optimizer,0.0025560911744832993,13317.25,2.5132670998573303e-05,0.0005165878683328629,0.0004757195711135864,49.0,0.8,20578.54296875
176,1775661779.4909003,forward,0.0842687152326107,13317.25,9.606033563613892e-05,0.0,0.0,,,
176,1775661779.6721933,backward,0.18112614937126637,13317.25,9.661167860031128e-05,0.0,0.0,,,
176,1775661779.6761208,optimizer,0.0025379303842782974,13317.25,2.4810433387756348e-05,0.000817345455288887,0.0004740990698337555,42.0,0.8,20579.15625
177,1775661779.9070446,forward,0.08437538519501686,13317.25,0.0001234114170074463,0.0,0.0,,,
177,1775661780.088082,backward,0.18085401318967342,13317.25,9.590201079845428e-05,0.0,0.0,,,
177,1775661780.0956154,optimizer,0.002625051885843277,13317.25,2.4391338229179382e-05,0.004279967397451401,0.0005291402339935303,99.0,0.8,20579.27734375
178,1775661780.324304,forward,0.08419541083276272,13317.25,9.740330278873444e-05,0.0,0.0,,,
178,1775661780.5053842,backward,0.18091053515672684,13317.25,9.761005640029907e-05,0.0,0.0,,,
178,1775661780.50898,optimizer,0.0025689825415611267,13317.25,2.689845860004425e-05,0.0004491060972213745,0.00047936849296092987,99.0,0.8,20579.15234375
179,1775661780.728742,forward,0.08428612351417542,13317.25,9.62819904088974e-05,0.0,0.0,,,
179,1775661780.9097357,backward,0.18082618340849876,13317.25,9.795837104320526e-05,0.0,0.0,,,
179,1775661780.9137623,optimizer,0.002559371292591095,13317.25,2.415291965007782e-05,0.0008846428245306015,0.00048633478581905365,100.0,0.8,20579.51953125
180,1775661781.1459217,forward,0.08426746539771557,13317.25,9.635277092456818e-05,0.0,0.0,,,
180,1775661781.3268647,backward,0.18077582493424416,13317.25,9.597092866897583e-05,0.0,0.0,,,
180,1775661781.330857,optimizer,0.0025442801415920258,13317.25,2.459995448589325e-05,0.0008738841861486435,0.00047567859292030334,100.0,0.8,20579.1484375
181,1775661781.5561676,forward,0.08418699912726879,13317.25,9.452365338802338e-05,0.0,0.0,,,
181,1775661781.737409,backward,0.1810718383640051,13317.25,9.807944297790527e-05,0.0,0.0,,,
181,1775661781.7410643,optimizer,0.002557002007961273,13317.25,2.429075539112091e-05,0.0005165599286556244,0.0004830583930015564,99.0,0.8,20579.26953125
182,1775661781.9702778,forward,0.08428525365889072,13317.25,9.295903146266937e-05,0.0,0.0,,,
182,1775661782.1512773,backward,0.18082880415022373,13317.25,9.705126285552979e-05,0.0,0.0,,,
182,1775661782.1552904,optimizer,0.0025410428643226624,13317.25,2.586282789707184e-05,0.0008981525897979736,0.00047576799988746643,100.0,0.8,20579.14453125
183,1775661782.3868842,forward,0.0842572320252657,13317.25,9.603239595890045e-05,0.0,0.0,,,
183,1775661782.5681121,backward,0.18105952814221382,13317.25,9.772367775440216e-05,0.0,0.0,,,
183,1775661782.5721443,optimizer,0.002544362097978592,13317.25,2.271309494972229e-05,0.0008902158588171005,0.000500749796628952,93.0,0.9,20579.265625
184,1775661782.8044696,forward,0.08415685966610909,13317.25,9.661167860031128e-05,0.0,0.0,,,
184,1775661782.9854825,backward,0.18084642477333546,13317.25,9.571202099323273e-05,0.0,0.0,,,
184,1775661782.9894629,optimizer,0.002544861286878586,13317.25,2.3750588297843933e-05,0.0008531641215085983,0.00047720782458782196,84.0,0.8,20578.6484375
185,1775661783.2089508,forward,0.08419566415250301,13317.25,9.34116542339325e-05,0.0,0.0,,,
185,1775661783.3898554,backward,0.18073438294231892,13317.25,9.763240814208984e-05,0.0,0.0,,,
185,1775661783.3939192,optimizer,0.0025574807077646255,13317.25,2.544000744819641e-05,0.0009132828563451767,0.000490088015794754,82.0,0.8,20579.26171875
186,1775661783.6241775,forward,0.08421951346099377,13317.25,0.00011098012328147888,0.0,0.0,,,
186,1775661783.80537,backward,0.18094665557146072,13317.25,9.771250188350677e-05,0.0,0.0,,,
186,1775661783.8094614,optimizer,0.0026236027479171753,13317.25,2.5140121579170227e-05,0.0008737426251173019,0.0004956386983394623,74.0,0.8,20578.890625
187,1775661784.0286963,forward,0.08420359157025814,13317.25,9.292177855968475e-05,0.0,0.0,,,
187,1775661784.2097847,backward,0.1809207033365965,13317.25,9.598210453987122e-05,0.0,0.0,,,
187,1775661784.2138078,optimizer,0.0025508087128400803,13317.25,2.5860965251922607e-05,0.0008850842714309692,0.0004879087209701538,72.0,0.8,20579.2578125
188,1775661784.44062,forward,0.08418036065995693,13317.25,9.479373693466187e-05,0.0,0.0,,,
188,1775661784.6217513,backward,0.18096479587256908,13317.25,9.67811793088913e-05,0.0,0.0,,,
188,1775661784.6253877,optimizer,0.0025342032313346863,13317.25,2.470053732395172e-05,0.0005260743200778961,0.0004762355238199234,66.0,0.8,20579.1328125
189,1775661784.8551393,forward,0.08414161205291748,13317.25,9.614042937755585e-05,0.0,0.0,,,
189,1775661785.036072,backward,0.18076014332473278,13317.25,9.747222065925598e-05,0.0,0.0,,,
189,1775661785.0397103,optimizer,0.0025541018694639206,13317.25,2.5013461709022522e-05,0.000507887452840805,0.00047539547085762024,59.0,0.8,20579.0078125
190,1775661785.2697864,forward,0.08426250144839287,13317.25,9.763054549694061e-05,0.0,0.0,,,
190,1775661785.4509506,backward,0.1809958629310131,13317.25,9.705126285552979e-05,0.0,0.0,,,
190,1775661785.4545748,optimizer,0.002540862187743187,13317.25,2.3381784558296204e-05,0.0005068071186542511,0.0004773978143930435,51.0,0.9,20578.7265625
191,1775661785.68784,forward,0.0842925738543272,13317.25,9.627267718315125e-05,0.0,0.0,,,
191,1775661785.8687696,backward,0.18076201155781746,13317.25,9.725987911224365e-05,0.0,0.0,,,
191,1775661785.8726814,optimizer,0.0025412682443857193,13317.25,2.505071461200714e-05,0.0007945504039525986,0.0004775580018758774,42.0,0.8,20578.35546875
192,1775661786.0928943,forward,0.08423706330358982,13317.25,9.426102042198181e-05,0.0,0.0,,,
192,1775661786.27385,backward,0.18078911118209362,13317.25,9.697861969470978e-05,0.0,0.0,,,
192,1775661786.2775075,optimizer,0.0025587789714336395,13317.25,2.6706606149673462e-05,0.000516887754201889,0.00048306025564670563,40.0,0.8,20578.23046875
193,1775661786.4972653,forward,0.08412118628621101,13317.25,9.591132402420044e-05,0.0,0.0,,,
193,1775661786.6782334,backward,0.18079932406544685,13317.25,9.63117927312851e-05,0.0,0.0,,,
193,1775661786.682131,optimizer,0.002554420381784439,13317.25,2.257898449897766e-05,0.0007703546434640884,0.0004770047962665558,38.0,0.8,20578.3515625
194,1775661786.90242,forward,0.08421017043292522,13317.25,9.459070861339569e-05,0.0,0.0,,,
194,1775661787.0833569,backward,0.1807704921811819,13317.25,9.642913937568665e-05,0.0,0.0,,,
194,1775661787.0869546,optimizer,0.0025413930416107178,13317.25,2.6492401957511902e-05,0.0004786495119333267,0.0004761088639497757,35.0,0.8,20577.98046875
195,1775661787.3053524,forward,0.08425738103687763,13317.25,9.50787216424942e-05,0.0,0.0,,,
195,1775661787.4863217,backward,0.18079953268170357,13317.25,9.811297059059143e-05,0.0,0.0,,,
195,1775661787.4932036,optimizer,0.0025455914437770844,13317.25,2.6592984795570374e-05,0.00375400111079216,0.0004804059863090515,99.0,0.8,20580.5625
196,1775661787.7139935,forward,0.08417416177690029,13317.25,9.343959391117096e-05,0.0,0.0,,,
196,1775661787.8949203,backward,0.180760333314538,13317.25,9.697116911411285e-05,0.0,0.0,,,
196,1775661787.8985136,optimizer,0.0025551877915859222,13317.25,2.4069100618362427e-05,0.000463707372546196,0.00047673843801021576,100.0,0.8,20580.4375
197,1775661788.1190658,forward,0.0841307807713747,13317.25,9.617209434509277e-05,0.0,0.0,,,
197,1775661788.300011,backward,0.18077558279037476,13317.25,9.885989129543304e-05,0.0,0.0,,,
197,1775661788.303654,optimizer,0.0025463998317718506,13317.25,2.3540109395980835e-05,0.0005248077213764191,0.0004743654280900955,100.0,0.8,20580.06640625
198,1775661788.532962,forward,0.08408423140645027,13317.25,9.656138718128204e-05,0.0,0.0,,,
198,1775661788.714047,backward,0.1808963045477867,13317.25,0.00011860206723213196,0.0,0.0,,,
198,1775661788.718653,optimizer,0.0034104958176612854,13317.25,2.7002766728401184e-05,0.0005272980779409409,0.0005048681050539017,100.0,0.8,20579.94140625
199,1775661788.940094,forward,0.08418433181941509,13317.25,9.576044976711273e-05,0.0,0.0,,,
199,1775661789.121133,backward,0.18087662383913994,13317.25,9.695254266262054e-05,0.0,0.0,,,
199,1775661789.1248019,optimizer,0.0025637708604335785,13317.25,2.5581568479537964e-05,0.0005173087120056152,0.00048805586993694305,99.0,0.8,20579.5703125
200,1775661789.3569183,forward,0.08413259126245975,13317.25,9.345263242721558e-05,0.0,0.0,,,
200,1775661789.5380588,backward,0.1809709556400776,13317.25,9.85022634267807e-05,0.0,0.0,,,
200,1775661789.5417142,optimizer,0.0025560520589351654,13317.25,2.5080516934394836e-05,0.0005152411758899689,0.00048773549497127533,99.0,0.8,20580.67578125
201,1775661789.762898,forward,0.0842814240604639,13317.25,9.530968964099884e-05,0.0,0.0,,,
201,1775661789.943824,backward,0.1807574424892664,13317.25,9.653158485889435e-05,0.0,0.0,,,
201,1775661789.9477446,optimizer,0.002538442611694336,13317.25,2.3867934942245483e-05,0.000809183344244957,0.0004746783524751663,100.0,0.8,20580.796875
202,1775661790.1766038,forward,0.08414644189178944,13317.25,9.533017873764038e-05,0.0,0.0,,,
202,1775661790.3576822,backward,0.1809131558984518,13317.25,9.623169898986816e-05,0.0,0.0,,,
202,1775661790.3613439,optimizer,0.0025646518915891647,13317.25,2.3679807782173157e-05,0.0005240198224782944,0.00047583505511283875,97.0,0.8,20580.42578125
203,1775661790.5936227,forward,0.08418075181543827,13317.25,9.877234697341919e-05,0.0,0.0,,,
203,1775661790.7745624,backward,0.18077411130070686,13317.25,9.594298899173737e-05,0.0,0.0,,,
203,1775661790.7782128,optimizer,0.0025530215352773666,13317.25,2.71722674369812e-05,0.0005238912999629974,0.00047330744564533234,88.0,0.8,20580.546875
204,1775661790.9960086,forward,0.08417853899300098,13317.25,9.602494537830353e-05,0.0,0.0,,,
204,1775661791.1769252,backward,0.18074440211057663,13317.25,9.828992187976837e-05,0.0,0.0,,,
204,1775661791.1806307,optimizer,0.002542411908507347,13317.25,2.532079815864563e-05,0.0005841478705406189,0.00047936849296092987,87.0,0.8,20579.68359375
205,1775661791.3997283,forward,0.08420815318822861,13317.25,9.722262620925903e-05,0.0,0.0,,,
205,1775661791.5809665,backward,0.181067718192935,13317.25,9.747222065925598e-05,0.0,0.0,,,
205,1775661791.584603,optimizer,0.0025782324373722076,13317.25,2.4139881134033203e-05,0.0004872772842645645,0.0004727169871330261,85.0,0.8,20580.54296875
206,1775661791.814896,forward,0.08419054187834263,13317.25,9.664148092269897e-05,0.0,0.0,,,
206,1775661791.9960861,backward,0.1810203269124031,13317.25,9.700283408164978e-05,0.0,0.0,,,
206,1775661791.999722,optimizer,0.0025407224893569946,13317.25,2.393871545791626e-05,0.0005152281373739243,0.0004797074943780899,77.0,0.8,20580.6640625
207,1775661792.2317045,forward,0.08416895195841789,13317.25,9.66787338256836e-05,0.0,0.0,,,
207,1775661792.4127035,backward,0.1808313112705946,13317.25,9.777955710887909e-05,0.0,0.0,,,
207,1775661792.4163704,optimizer,0.0025670714676380157,13317.25,2.4791806936264038e-05,0.000516057014465332,0.0004825275391340256,69.0,0.8,20580.5390625
208,1775661792.6456409,forward,0.08421026170253754,13317.25,9.56803560256958e-05,0.0,0.0,,,
208,1775661792.8266647,backward,0.18085524626076221,13317.25,9.74610447883606e-05,0.0,0.0,,,
208,1775661792.8307393,optimizer,0.0025334805250167847,13317.25,2.4922192096710205e-05,0.0009647253900766373,0.0004778672009706497,62.0,0.9,20580.16796875
209,1775661793.0520377,forward,0.0841428805142641,13317.25,9.489990770816803e-05,0.0,0.0,,,
209,1775661793.2331338,backward,0.1809283159673214,13317.25,9.504146873950958e-05,0.0,0.0,,,
209,1775661793.2368414,optimizer,0.002559792250394821,13317.25,2.8839334845542908e-05,0.0005701594054698944,0.00047614797949790955,59.0,0.8,20579.796875
210,1775661793.4576643,forward,0.0841892920434475,13317.25,9.54698771238327e-05,0.0,0.0,,,
210,1775661793.6386,backward,0.18076651357114315,13317.25,9.806081652641296e-05,0.0,0.0,,,
210,1775661793.642474,optimizer,0.002752324566245079,13317.25,2.358853816986084e-05,0.0005197804421186447,0.0004748683422803879,56.0,0.8,20580.65625
211,1775661793.8739517,forward,0.08416084013879299,13317.25,9.620189666748047e-05,0.0,0.0,,,
211,1775661794.0552468,backward,0.1811250988394022,13317.25,9.854324162006378e-05,0.0,0.0,,,
211,1775661794.0588872,optimizer,0.0025485195219516754,13317.25,2.3830682039260864e-05,0.0005143880844116211,0.00047617778182029724,48.0,0.8,20580.28515625
212,1775661794.2809207,forward,0.08424976468086243,13317.25,9.276345372200012e-05,0.0,0.0,,,
212,1775661794.4621296,backward,0.18103797547519207,13317.25,9.81111079454422e-05,0.0,0.0,,,
212,1775661794.4661667,optimizer,0.0025565195828676224,13317.25,2.438947558403015e-05,0.0009038429707288742,0.0004782751202583313,44.0,0.8,20580.40625
213,1775661794.6968207,forward,0.08421974442899227,13317.25,9.687058627605438e-05,0.0,0.0,,,
213,1775661794.8779466,backward,0.1809587273746729,13317.25,9.570084512233734e-05,0.0,0.0,,,
213,1775661794.881799,optimizer,0.002523280680179596,13317.25,2.5060027837753296e-05,0.0007439125329256058,0.0004869885742664337,37.0,0.8,20580.52734375
214,1775661795.1085443,forward,0.08414127118885517,13317.25,9.491853415966034e-05,0.0,0.0,,,
214,1775661795.2894113,backward,0.18069695308804512,13317.25,9.677186608314514e-05,0.0,0.0,,,
214,1775661795.2930133,optimizer,0.00255679152905941,13317.25,2.4789944291114807e-05,0.0004650987684726715,0.000481167808175087,100.0,0.8,20580.15625
215,1775661795.5245254,forward,0.0842787716537714,13317.25,9.527243673801422e-05,0.0,0.0,,,
215,1775661795.705803,backward,0.1811101008206606,13317.25,9.789131581783295e-05,0.0,0.0,,,
215,1775661795.709858,optimizer,0.0025387220084667206,13317.25,2.49519944190979e-05,0.0009295642375946045,0.000489627942442894,99.0,0.8,20580.27734375
216,1775661795.940338,forward,0.08427244238555431,13317.25,9.405054152011871e-05,0.0,0.0,,,
216,1775661796.1214855,backward,0.18098044767975807,13317.25,9.78708267211914e-05,0.0,0.0,,,
216,1775661796.1255019,optimizer,0.002549920231103897,13317.25,2.5819987058639526e-05,0.0008836556226015091,0.00047801993787288666,100.0,0.8,20580.15234375
217,1775661796.3477015,forward,0.08418374136090279,13317.25,9.435229003429413e-05,0.0,0.0,,,
217,1775661796.5289116,backward,0.18103911727666855,13317.25,9.727105498313904e-05,0.0,0.0,,,
217,1775661796.5325587,optimizer,0.002554168924689293,13317.25,2.492964267730713e-05,0.0005163401365280151,0.0004777573049068451,99.0,0.8,20580.51953125
218,1775661796.7601392,forward,0.0842543225735426,13317.25,9.582191705703735e-05,0.0,0.0,,,
218,1775661796.9413137,backward,0.18100623786449432,13317.25,9.692087769508362e-05,0.0,0.0,,,
218,1775661796.9452999,optimizer,0.0025515910238027573,13317.25,2.5121495127677917e-05,0.0008583124727010727,0.00047798827290534973,99.0,0.8,20580.39453125
219,1775661797.1763475,forward,0.08415567129850388,13317.25,9.674206376075745e-05,0.0,0.0,,,
219,1775661797.3573802,backward,0.18086829409003258,13317.25,9.501352906227112e-05,0.0,0.0,,,
219,1775661797.3610563,optimizer,0.0025503523647785187,13317.25,2.4002045392990112e-05,0.0005532987415790558,0.000475538894534111,96.0,0.8,20580.0234375
220,1775661797.591855,forward,0.08413501270115376,13317.25,0.0002078525722026825,0.0,0.0,,,
220,1775661797.7732077,backward,0.18115677870810032,13317.25,9.796209633350372e-05,0.0,0.0,,,
220,1775661797.7768981,optimizer,0.002561863511800766,13317.25,2.6678666472434998e-05,0.0005247388035058975,0.0005028769373893738,88.0,0.8,20580.14453125
221,1775661797.9940314,forward,0.08414508029818535,13317.25,9.573064744472504e-05,0.0,0.0,,,
221,1775661798.1751523,backward,0.18094917573034763,13317.25,9.723939001560211e-05,0.0,0.0,,,
221,1775661798.17877,optimizer,0.002536531537771225,13317.25,2.4652108550071716e-05,0.0005093999207019806,0.0004753563553094864,87.0,0.8,20580.51171875
222,1775661798.398539,forward,0.0842212624847889,13317.25,9.571202099323273e-05,0.0,0.0,,,
222,1775661798.579631,backward,0.1809252630919218,13317.25,9.678490459918976e-05,0.0,0.0,,,
222,1775661798.5834844,optimizer,0.002757236361503601,13317.25,2.2919848561286926e-05,0.00048728659749031067,0.00048078037798404694,85.0,0.8,20580.6328125
223,1775661798.8255575,forward,0.08434455469250679,13317.25,0.00010250881314277649,0.0,0.0,,,
223,1775661799.0064478,backward,0.18072530254721642,13317.25,9.687989950180054e-05,0.0,0.0,,,
223,1775661799.010311,optimizer,0.0025509297847747803,13317.25,2.4771317839622498e-05,0.0007334016263484955,0.00048002786934375763,71.0,0.8,20580.5078125
224,1775661799.2416952,forward,0.08424852415919304,13317.25,9.35923308134079e-05,0.0,0.0,,,
224,1775661799.4226942,backward,0.1808317732065916,13317.25,9.693950414657593e-05,0.0,0.0,,,
224,1775661799.426694,optimizer,0.002545498311519623,13317.25,2.4590641260147095e-05,0.00087786465883255,0.00047578848898410797,63.0,0.8,20580.62890625
225,1775661799.648556,forward,0.08415578119456768,13317.25,9.594857692718506e-05,0.0,0.0,,,
225,1775661799.8296342,backward,0.1809109766036272,13317.25,9.606219828128815e-05,0.0,0.0,,,
225,1775661799.8332698,optimizer,0.0025584623217582703,13317.25,2.4240463972091675e-05,0.0005028285086154938,0.000475957989692688,59.0,0.8,20580.01171875
226,1775661800.066272,forward,0.08416467905044556,13317.25,9.69618558883667e-05,0.0,0.0,,,
226,1775661800.247224,backward,0.1807793341577053,13317.25,9.839050471782684e-05,0.0,0.0,,,
226,1775661800.2508533,optimizer,0.0025358907878398895,13317.25,2.351216971874237e-05,0.0005231276154518127,0.00047427602112293243,51.0,0.8,20580.37890625
227,1775661800.4781697,forward,0.08419380336999893,13317.25,9.807199239730835e-05,0.0,0.0,,,
227,1775661800.6593404,backward,0.18099972419440746,13317.25,9.971112012863159e-05,0.0,0.0,,,
227,1775661800.6629953,optimizer,0.00256362184882164,13317.25,2.5259330868721008e-05,0.0005110576748847961,0.00048294663429260254,45.0,0.8,20580.0078125
228,1775661800.891524,forward,0.08411409892141819,13317.25,9.618327021598816e-05,0.0,0.0,,,
228,1775661801.072531,backward,0.18084103055298328,13317.25,9.776465594768524e-05,0.0,0.0,,,
228,1775661801.0762072,optimizer,0.0025780536234378815,13317.25,2.462230622768402e-05,0.0005240980535745621,0.00047590769827365875,38.0,0.8,20580.62109375
229,1775661801.3071597,forward,0.08424225263297558,13317.25,9.763240814208984e-05,0.0,0.0,,,
229,1775661801.4882238,backward,0.18089638277888298,13317.25,9.865313768386841e-05,0.0,0.0,,,
229,1775661801.4918149,optimizer,0.0025403201580047607,13317.25,2.380087971687317e-05,0.00047404877841472626,0.00047939829528331757,99.0,0.8,20580.49609375
230,1775661801.7180219,forward,0.0842561423778534,13317.25,9.689293801784515e-05,0.0,0.0,,,
230,1775661801.8992035,backward,0.18101049587130547,13317.25,9.833276271820068e-05,0.0,0.0,,,
230,1775661801.9027739,optimizer,0.0025437604635953903,13317.25,2.3361295461654663e-05,0.00044930726289749146,0.00047796592116355896,99.0,0.8,20580.6171875
231,1775661802.1234496,forward,0.08419189229607582,13317.25,9.50843095779419e-05,0.0,0.0,,,
231,1775661802.3044364,backward,0.18081897497177124,13317.25,0.00010056234896183014,0.0,0.0,,,
231,1775661802.3083582,optimizer,0.0025523435324430466,13317.25,2.6268884539604187e-05,0.0007939431816339493,0.00048224814236164093,100.0,0.8,20580.24609375
232,1775661802.5363731,forward,0.08417409285902977,13317.25,9.659305214881897e-05,0.0,0.0,,,
232,1775661802.7173457,backward,0.18080526404082775,13317.25,9.553134441375732e-05,0.0,0.0,,,
232,1775661802.7209902,optimizer,0.002554090693593025,13317.25,2.5527551770210266e-05,0.0005164593458175659,0.0004743989557027817,100.0,0.9,20580.12109375
233,1775661802.941444,forward,0.08426466397941113,13317.25,9.300187230110168e-05,0.0,0.0,,,
233,1775661803.1224,backward,0.1807836927473545,13317.25,9.7641721367836e-05,0.0,0.0,,,
233,1775661803.1264024,optimizer,0.0025524403899908066,13317.25,2.5080516934394836e-05,0.0008747745305299759,0.0004749372601509094,100.0,0.8,20579.2734375
234,1775661803.351797,forward,0.0841605719178915,13317.25,9.420327842235565e-05,0.0,0.0,,,
234,1775661803.5331645,backward,0.18117059767246246,13317.25,0.00012072175741195679,0.0,0.0,,,
234,1775661803.5371344,optimizer,0.00274660624563694,13317.25,2.4259090423583984e-05,0.0005230680108070374,0.0005505979061126709,99.0,0.8,20580.1328125
235,1775661803.7656178,forward,0.08424614183604717,13317.25,0.00010324269533157349,0.0,0.0,,,
235,1775661803.9466074,backward,0.18082699552178383,13317.25,9.660422801971436e-05,0.0,0.0,,,
235,1775661803.950236,optimizer,0.002540741115808487,13317.25,2.392195165157318e-05,0.0005115680396556854,0.0004774276167154312,99.0,0.8,20580.5
236,1775661804.169751,forward,0.08418776467442513,13317.25,9.508058428764343e-05,0.0,0.0,,,
236,1775661804.3506956,backward,0.1807758715003729,13317.25,9.794160723686218e-05,0.0,0.0,,,
236,1775661804.3543286,optimizer,0.0025409329682588577,13317.25,2.682022750377655e-05,0.0005177389830350876,0.00047296658158302307,98.0,0.9,20580.62109375
237,1775661804.5725894,forward,0.08415498957037926,13317.25,9.603239595890045e-05,0.0,0.0,,,
237,1775661804.753587,backward,0.1808229647576809,13317.25,0.00010494329035282135,0.0,0.0,,,
237,1775661804.7572172,optimizer,0.0025382712483406067,13317.25,2.52407044172287e-05,0.0005151368677616119,0.00048366934061050415,97.0,0.8,20580.25
238,1775661804.9792242,forward,0.08426151238381863,13317.25,9.625032544136047e-05,0.0,0.0,,,
238,1775661805.1603484,backward,0.18095586821436882,13317.25,9.744428098201752e-05,0.0,0.0,,,
238,1775661805.1644695,optimizer,0.002567218616604805,13317.25,2.3700296878814697e-05,0.0009794458746910095,0.0004767458885908127,93.0,0.8,20579.6328125
239,1775661805.3957953,forward,0.08416971191763878,13317.25,9.517930448055267e-05,0.0,0.0,,,
239,1775661805.5770535,backward,0.18108811788260937,13317.25,9.788013994693756e-05,0.0,0.0,,,
239,1775661805.5806708,optimizer,0.0025505702942609787,13317.25,2.5972723960876465e-05,0.0004896670579910278,0.0004775878041982651,85.0,0.8,20580.24609375
240,1775661805.7980988,forward,0.08418861217796803,13317.25,9.79304313659668e-05,0.0,0.0,,,
240,1775661805.979114,backward,0.1808459758758545,13317.25,9.783171117305756e-05,0.0,0.0,,,
240,1775661805.9832704,optimizer,0.0025478489696979523,13317.25,2.3620203137397766e-05,0.0010399296879768372,0.00047094933688640594,84.0,0.8,20580.3671875
241,1775661806.2054706,forward,0.08417278155684471,13317.25,9.536184370517731e-05,0.0,0.0,,,
241,1775661806.3864172,backward,0.1807612832635641,13317.25,9.609200060367584e-05,0.0,0.0,,,
241,1775661806.390085,optimizer,0.0025743134319782257,13317.25,2.4070963263511658e-05,0.0005212798714637756,0.0004726201295852661,80.0,0.8,20580.2421875
242,1775661806.619803,forward,0.08427790366113186,13317.25,9.647198021411896e-05,0.0,0.0,,,
242,1775661806.8009398,backward,0.1809682957828045,13317.25,9.690038859844208e-05,0.0,0.0,,,
242,1775661806.804974,optimizer,0.0025730710476636887,13317.25,2.6483088731765747e-05,0.0008909944444894791,0.00047152861952781677,73.0,0.8,20580.36328125
243,1775661807.0259912,forward,0.08418712206184864,13317.25,9.662285447120667e-05,0.0,0.0,,,
243,1775661807.2071183,backward,0.1809586863964796,13317.25,9.581074118614197e-05,0.0,0.0,,,
243,1775661807.2107558,optimizer,0.002538282424211502,13317.25,2.4883076548576355e-05,0.0005234871059656143,0.0004752371460199356,70.0,0.8,20578.515625
244,1775661807.4373589,forward,0.0842620451003313,13317.25,9.590014815330505e-05,0.0,0.0,,,
244,1775661807.618586,backward,0.18106094934046268,13317.25,9.55723226070404e-05,0.0,0.0,,,
244,1775661807.6225405,optimizer,0.002545880153775215,13317.25,2.5950372219085693e-05,0.0008368510752916336,0.00047181732952594757,64.0,0.8,20578.8828125
245,1775661807.8524952,forward,0.08413284085690975,13317.25,9.653903543949127e-05,0.0,0.0,,,
245,1775661808.0333867,backward,0.1807237733155489,13317.25,9.856000542640686e-05,0.0,0.0,,,
245,1775661808.0370116,optimizer,0.0025450997054576874,13317.25,2.6270747184753418e-05,0.0005009081214666367,0.0004763994365930557,56.0,0.8,20578.7578125
246,1775661808.255248,forward,0.0841594822704792,13317.25,9.609200060367584e-05,0.0,0.0,,,
246,1775661808.4363153,backward,0.1808802355080843,13317.25,0.00011301226913928986,0.0,0.0,,,
246,1775661808.440105,optimizer,0.002623671665787697,13317.25,2.333894371986389e-05,0.0005061682313680649,0.0004989895969629288,55.0,0.8,20578.6328125
247,1775661808.6709237,forward,0.08417913317680359,13317.25,9.601004421710968e-05,0.0,0.0,,,
247,1775661808.8520036,backward,0.18090880662202835,13317.25,0.0001009814441204071,0.0,0.0,,,
247,1775661808.8557138,optimizer,0.0025611408054828644,13317.25,2.3130327463150024e-05,0.0005755703896284103,0.0004823487251996994,47.0,0.8,20578.5078125
248,1775661809.0846062,forward,0.08412980102002621,13317.25,9.444355964660645e-05,0.0,0.0,,,
248,1775661809.2655938,backward,0.18081471510231495,13317.25,0.00010193139314651489,0.0,0.0,,,
248,1775661809.269233,optimizer,0.0025503206998109818,13317.25,2.7220696210861206e-05,0.000516427680850029,0.0004769880324602127,41.0,0.8,20577.64453125
249,1775661809.4903831,forward,0.08413522318005562,13317.25,9.514205157756805e-05,0.0,0.0,,,
249,1775661809.6715028,backward,0.18095027469098568,13317.25,9.793974459171295e-05,0.0,0.0,,,
249,1775661809.6752584,optimizer,0.002546321600675583,13317.25,2.4240463972091675e-05,0.0006331410259008408,0.00048064813017845154,38.0,0.8,20578.75
250,1775661809.9045188,forward,0.08415239118039608,13317.25,9.670481085777283e-05,0.0,0.0,,,
250,1775661810.0857067,backward,0.1810170579701662,13317.25,9.683147072792053e-05,0.0,0.0,,,
250,1775661810.08947,optimizer,0.002548038959503174,13317.25,2.6920810341835022e-05,0.0006348006427288055,0.00048041529953479767,99.0,0.8,20578.625
251,1775661810.3224711,forward,0.08428213372826576,13317.25,9.652972221374512e-05,0.0,0.0,,,
251,1775661810.503789,backward,0.18115154840052128,13317.25,9.673275053501129e-05,0.0,0.0,,,
251,1775661810.50742,optimizer,0.0025438200682401657,13317.25,2.3487955331802368e-05,0.0005111396312713623,0.0004780758172273636,99.0,0.8,20578.5
252,1775661810.726451,forward,0.08417389169335365,13317.25,9.533949196338654e-05,0.0,0.0,,,
252,1775661810.9074085,backward,0.18078849278390408,13317.25,9.794346988201141e-05,0.0,0.0,,,
252,1775661810.9110568,optimizer,0.002551442012190819,13317.25,2.639368176460266e-05,0.000516887754201889,0.0004777275025844574,100.0,0.8,20578.375
253,1775661811.129657,forward,0.08419510163366795,13317.25,9.61199402809143e-05,0.0,0.0,,,
253,1775661811.310601,backward,0.18077325262129307,13317.25,9.653903543949127e-05,0.0,0.0,,,
253,1775661811.314237,optimizer,0.0025447793304920197,13317.25,2.3990869522094727e-05,0.0005177073180675507,0.00047658011317253113,100.0,0.8,20578.25
254,1775661811.5333052,forward,0.08423030190169811,13317.25,9.750202298164368e-05,0.0,0.0,,,
254,1775661811.7143826,backward,0.18090934678912163,13317.25,9.75094735622406e-05,0.0,0.0,,,
254,1775661811.7180355,optimizer,0.0025436989963054657,13317.25,2.4341046810150146e-05,0.0005331095308065414,0.00047703832387924194,99.0,0.8,20578.37109375
255,1775661811.939789,forward,0.08425958454608917,13317.25,9.583123028278351e-05,0.0,0.0,,,
255,1775661812.1207356,backward,0.1807782631367445,13317.25,9.873323142528534e-05,0.0,0.0,,,
255,1775661812.1247866,optimizer,0.0025637391954660416,13317.25,2.4899840354919434e-05,0.0009105131030082703,0.0004750452935695648,100.0,0.8,20578.73828125
256,1775661812.3550465,forward,0.08422025479376316,13317.25,9.584985673427582e-05,0.0,0.0,,,
256,1775661812.5362566,backward,0.1810438595712185,13317.25,9.608268737792969e-05,0.0,0.0,,,
256,1775661812.540218,optimizer,0.002550629898905754,13317.25,2.489052712917328e-05,0.0007899217307567596,0.0005214083939790726,99.0,0.9,20578.61328125
257,1775661812.7722034,forward,0.0841942522674799,13317.25,9.681098163127899e-05,0.0,0.0,,,
257,1775661812.9531705,backward,0.1808004230260849,13317.25,9.689107537269592e-05,0.0,0.0,,,
257,1775661812.9569902,optimizer,0.002563709393143654,13317.25,2.5549903512001038e-05,0.0006845016032457352,0.00047471746802330017,96.0,0.8,20578.734375
258,1775661813.1876845,forward,0.08412312157452106,13317.25,9.320303797721863e-05,0.0,0.0,,,
258,1775661813.3686655,backward,0.18081516213715076,13317.25,9.310059249401093e-05,0.0,0.0,,,
258,1775661813.3723266,optimizer,0.002567969262599945,13317.25,2.7231872081756592e-05,0.0005185790359973907,0.00047299824655056,88.0,0.8,20578.36328125
259,1775661813.5996366,forward,0.0842245053499937,13317.25,9.558163583278656e-05,0.0,0.0,,,
259,1775661813.7806973,backward,0.18089382350444794,13317.25,9.742006659507751e-05,0.0,0.0,,,
259,1775661813.7847197,optimizer,0.0025616604834795,13317.25,2.3592263460159302e-05,0.0008865557610988617,0.00047595612704753876,82.0,0.8,20577.9921875
260,1775661814.0048416,forward,0.08415084332227707,13317.25,9.583123028278351e-05,0.0,0.0,,,
260,1775661814.1858544,backward,0.18084129318594933,13317.25,9.739957749843597e-05,0.0,0.0,,,
260,1775661814.189507,optimizer,0.0025608185678720474,13317.25,2.4011358618736267e-05,0.0005166474729776382,0.0004780478775501251,79.0,0.8,20578.359375
261,1775661814.409657,forward,0.08415041118860245,13317.25,9.51625406742096e-05,0.0,0.0,,,
261,1775661814.5907896,backward,0.18096266873180866,13317.25,9.78708267211914e-05,0.0,0.0,,,
261,1775661814.5944326,optimizer,0.002554468810558319,13317.25,2.5542452931404114e-05,0.0005151554942131042,0.00047316774725914,77.0,0.8,20578.234375
262,1775661814.8144684,forward,0.08423476107418537,13317.25,9.55723226070404e-05,0.0,0.0,,,
262,1775661814.995677,backward,0.1810171976685524,13317.25,0.00012083351612091064,0.0,0.0,,,
262,1775661815.000657,optimizer,0.0034100525081157684,13317.25,2.7589499950408936e-05,0.0008960124105215073,0.0005056485533714294,74.0,0.8,20578.6015625
263,1775661815.2316844,forward,0.08428785391151905,13317.25,9.457208216190338e-05,0.0,0.0,,,
263,1775661815.4127417,backward,0.18089408613741398,13317.25,9.479187428951263e-05,0.0,0.0,,,
263,1775661815.4163978,optimizer,0.002557830885052681,13317.25,2.4760141968727112e-05,0.0005164574831724167,0.0004802178591489792,66.0,0.8,20578.72265625
264,1775661815.6339676,forward,0.08423811569809914,13317.25,9.552016854286194e-05,0.0,0.0,,,
264,1775661815.8152745,backward,0.1811365894973278,13317.25,9.733252227306366e-05,0.0,0.0,,,
264,1775661815.8191926,optimizer,0.002540942281484604,13317.25,2.3579224944114685e-05,0.0008023623377084732,0.0004757475107908249,64.0,0.8,20578.59765625
265,1775661816.051116,forward,0.08418601006269455,13317.25,9.606406092643738e-05,0.0,0.0,,,
265,1775661816.2320158,backward,0.18070895224809647,13317.25,9.940378367900848e-05,0.0,0.0,,,
265,1775661816.2356293,optimizer,0.002541162073612213,13317.25,2.318061888217926e-05,0.0005020406097173691,0.0004730597138404846,56.0,0.8,20578.47265625
266,1775661816.4550438,forward,0.08420865423977375,13317.25,9.835138916969299e-05,0.0,0.0,,,
266,1775661816.635927,backward,0.1807148028165102,13317.25,9.838119149208069e-05,0.0,0.0,,,
266,1775661816.6399379,optimizer,0.002553580328822136,13317.25,2.5499612092971802e-05,0.0008787550032138824,0.00047931820154190063,54.0,0.8,20578.34765625
267,1775661816.875993,forward,0.08425302430987358,13317.25,9.50843095779419e-05,0.0,0.0,,,
267,1775661817.0570128,backward,0.1808505430817604,13317.25,9.925290942192078e-05,0.0,0.0,,,
267,1775661817.061058,optimizer,0.0025667399168014526,13317.25,2.7049332857131958e-05,0.0008952375501394272,0.00048109516501426697,43.0,0.8,20578.46875
268,1775661817.2823746,forward,0.0841904915869236,13317.25,9.506009519100189e-05,0.0,0.0,,,
268,1775661817.463322,backward,0.18077833205461502,13317.25,9.799934923648834e-05,0.0,0.0,,,
268,1775661817.466971,optimizer,0.002554571256041527,13317.25,2.319924533367157e-05,0.0005165170878171921,0.00047978758811950684,40.0,0.8,20578.58984375
269,1775661817.6892142,forward,0.08412633836269379,13317.25,9.349919855594635e-05,0.0,0.0,,,
269,1775661817.8702402,backward,0.1808534525334835,13317.25,9.8472461104393e-05,0.0,0.0,,,
269,1775661817.8738909,optimizer,0.0025602728128433228,13317.25,2.6749446988105774e-05,0.0005002673715353012,0.0004922673106193542,37.0,0.8,20578.46484375
270,1775661818.0962396,forward,0.0842506643384695,13317.25,9.616091847419739e-05,0.0,0.0,,,
270,1775661818.2772098,backward,0.18079796433448792,13317.25,9.802170097827911e-05,0.0,0.0,,,
270,1775661818.2839444,optimizer,0.002556389197707176,13317.25,2.792850136756897e-05,0.0035962481051683426,0.00048150867223739624,99.0,0.9,20578.5859375
271,1775661818.5096977,forward,0.08416601084172726,13317.25,9.467266499996185e-05,0.0,0.0,,,
271,1775661818.6906717,backward,0.18080801144242287,13317.25,9.774230420589447e-05,0.0,0.0,,,
271,1775661818.694295,optimizer,0.0025413203984498978,13317.25,2.5099143385887146e-05,0.0005061477422714233,0.00047682784497737885,100.0,0.8,20578.21484375
272,1775661818.9239938,forward,0.08413456194102764,13317.25,9.08728688955307e-05,0.0,0.0,,,
272,1775661819.1050217,backward,0.18085992522537708,13317.25,9.793229401111603e-05,0.0,0.0,,,
272,1775661819.108677,optimizer,0.0025554709136486053,13317.25,2.4750828742980957e-05,0.0005254074931144714,0.00047297775745391846,100.0,0.8,20578.58203125
273,1775661819.3408158,forward,0.0842115730047226,13317.25,9.69916582107544e-05,0.0,0.0,,,
273,1775661819.521866,backward,0.18088670633733273,13317.25,9.404122829437256e-05,0.0,0.0,,,
273,1775661819.5255058,optimizer,0.0025485195219516754,13317.25,2.611987292766571e-05,0.0005162190645933151,0.0004762765020132065,99.0,0.8,20578.41015625
274,1775661819.7524824,forward,0.08421297371387482,13317.25,9.562075138092041e-05,0.0,0.0,,,
274,1775661819.9336245,backward,0.18096838891506195,13317.25,0.00010251067578792572,0.0,0.0,,,
274,1775661819.937249,optimizer,0.002539830282330513,13317.25,2.596341073513031e-05,0.0005088392645120621,0.00048040784895420074,99.0,0.8,20578.53125
275,1775661820.155448,forward,0.08428906463086605,13317.25,9.48924571275711e-05,0.0,0.0,,,
275,1775661820.336492,backward,0.180875513702631,13317.25,9.837187826633453e-05,0.0,0.0,,,
275,1775661820.340521,optimizer,0.0025555621832609177,13317.25,2.535991370677948e-05,0.0008918736129999161,0.00048261694610118866,99.0,0.8,20578.40625
276,1775661820.573282,forward,0.08423728309571743,13317.25,9.566359221935272e-05,0.0,0.0,,,
276,1775661820.7542815,backward,0.1808325033634901,13317.25,9.71425324678421e-05,0.0,0.0,,,
276,1775661820.7582512,optimizer,0.0025362633168697357,13317.25,2.6728957891464233e-05,0.0008583441376686096,0.0004751570522785187,94.0,0.8,20578.28125
277,1775661820.988679,forward,0.08418838493525982,13317.25,9.435229003429413e-05,0.0,0.0,,,
277,1775661821.1698291,backward,0.18098150566220284,13317.25,9.82135534286499e-05,0.0,0.0,,,
277,1775661821.173699,optimizer,0.002566050738096237,13317.25,2.7159228920936584e-05,0.0007153693586587906,0.000488748773932457,86.0,0.8,20578.40234375
278,1775661821.4073188,forward,0.0843872744590044,13317.25,9.601190686225891e-05,0.0,0.0,,,
278,1775661821.5885634,backward,0.1810759473592043,13317.25,9.867176413536072e-05,0.0,0.0,,,
278,1775661821.592233,optimizer,0.0025636889040470123,13317.25,2.7799978852272034e-05,0.0005254969000816345,0.0004786476492881775,77.0,0.8,20579.58203125
279,1775661821.8117626,forward,0.0842890553176403,13317.25,9.733252227306366e-05,0.0,0.0,,,
279,1775661821.9929984,backward,0.18106231838464737,13317.25,9.82917845249176e-05,0.0,0.0,,,
279,1775661821.996698,optimizer,0.0025508012622594833,13317.25,2.3767352104187012e-05,0.0005738269537687302,0.0004748273640871048,74.0,0.8,20579.45703125
280,1775661822.2270246,forward,0.08413661271333694,13317.25,9.624101221561432e-05,0.0,0.0,,,
280,1775661822.4079757,backward,0.18078521452844143,13317.25,9.60715115070343e-05,0.0,0.0,,,
280,1775661822.4116092,optimizer,0.0025418028235435486,13317.25,2.3791566491127014e-05,0.0005178581923246384,0.0004746168851852417,67.0,0.8,20579.33203125
281,1775661822.6414826,forward,0.08422738313674927,13317.25,9.721890091896057e-05,0.0,0.0,,,
281,1775661822.8226147,backward,0.18095305562019348,13317.25,9.680166840553284e-05,0.0,0.0,,,
281,1775661822.8262236,optimizer,0.0025362707674503326,13317.25,2.3290514945983887e-05,0.0004986077547073364,0.0004770364612340927,59.0,0.8,20579.20703125
282,1775661823.0571895,forward,0.08421601168811321,13317.25,9.49520617723465e-05,0.0,0.0,,,
282,1775661823.238153,backward,0.18079877458512783,13317.25,9.465217590332031e-05,0.0,0.0,,,
282,1775661823.2420905,optimizer,0.0025634709745645523,13317.25,2.8349459171295166e-05,0.0007953941822052002,0.0004775412380695343,52.0,0.8,20578.8359375
283,1775661823.4735708,forward,0.08430004306137562,13317.25,0.00011740066111087799,0.0,0.0,,,
283,1775661823.6545494,backward,0.1808120161294937,13317.25,9.942054748535156e-05,0.0,0.0,,,
283,1775661823.6585355,optimizer,0.0025418996810913086,13317.25,2.3720785975456238e-05,0.000874912366271019,0.00047362782061100006,43.0,0.8,20579.6953125
284,1775661823.887398,forward,0.08416949212551117,13317.25,9.584054350852966e-05,0.0,0.0,,,
284,1775661824.068399,backward,0.18083316646516323,13317.25,9.784102439880371e-05,0.0,0.0,,,
284,1775661824.072059,optimizer,0.0025630928575992584,13317.25,2.5231391191482544e-05,0.0005183368921279907,0.00047924742102622986,37.0,0.8,20579.5703125
285,1775661824.300956,forward,0.08421028219163418,13317.25,9.4633549451828e-05,0.0,0.0,,,
285,1775661824.4819098,backward,0.18078606203198433,13317.25,9.793229401111603e-05,0.0,0.0,,,
285,1775661824.4854965,optimizer,0.0025400519371032715,13317.25,2.460181713104248e-05,0.00047187693417072296,0.0004755184054374695,100.0,0.8,20579.69140625
286,1775661824.7033296,forward,0.08413217216730118,13317.25,9.517930448055267e-05,0.0,0.0,,,
286,1775661824.8843443,backward,0.18084552325308323,13317.25,9.87909734249115e-05,0.0,0.0,,,
286,1775661824.8879435,optimizer,0.002561032772064209,13317.25,2.3989006876945496e-05,0.0004637259989976883,0.00047548674046993256,100.0,0.8,20579.56640625
287,1775661825.1064417,forward,0.0841745026409626,13317.25,9.481236338615417e-05,0.0,0.0,,,
287,1775661825.287513,backward,0.18090382404625416,13317.25,9.716302156448364e-05,0.0,0.0,,,
287,1775661825.2910995,optimizer,0.002553291618824005,13317.25,2.528354525566101e-05,0.00045753829181194305,0.000476667657494545,99.0,0.8,20579.1953125
288,1775661825.5120137,forward,0.08423594199120998,13317.25,9.679235517978668e-05,0.0,0.0,,,
288,1775661825.6930275,backward,0.18084795586764812,13317.25,9.588152170181274e-05,0.0,0.0,,,
288,1775661825.69696,optimizer,0.002539701759815216,13317.25,2.4080276489257812e-05,0.0008182432502508163,0.0004768073558807373,100.0,0.8,20579.3046875
289,1775661825.9170945,forward,0.08428653329610825,13317.25,9.630247950553894e-05,0.0,0.0,,,
289,1775661826.098113,backward,0.18082094378769398,13317.25,9.655021131038666e-05,0.0,0.0,,,
289,1775661826.1017525,optimizer,0.0025368332862854004,13317.25,2.3692846298217773e-05,0.0005153007805347443,0.0004884488880634308,99.0,0.8,20579.1796875
290,1775661826.3194525,forward,0.08426918275654316,13317.25,9.480118751525879e-05,0.0,0.0,,,
290,1775661826.5004778,backward,0.18085542507469654,13317.25,9.81893390417099e-05,0.0,0.0,,,
290,1775661826.5041492,optimizer,0.002572452649474144,13317.25,2.5408342480659485e-05,0.0005164686590433121,0.00048393942415714264,100.0,0.8,20579.79296875
291,1775661826.7357924,forward,0.08419434167444706,13317.25,9.64924693107605e-05,0.0,0.0,,,
291,1775661826.9169805,backward,0.1810197588056326,13317.25,9.695068001747131e-05,0.0,0.0,,,
291,1775661826.9210222,optimizer,0.002547621726989746,13317.25,2.814270555973053e-05,0.0009137038141489029,0.0004802662879228592,99.0,0.8,20579.421875
292,1775661827.142593,forward,0.0841119010001421,13317.25,9.653344750404358e-05,0.0,0.0,,,
292,1775661827.3236868,backward,0.18092594482004642,13317.25,9.893998503684998e-05,0.0,0.0,,,
292,1775661827.327315,optimizer,0.0025466997176408768,13317.25,2.4553388357162476e-05,0.0005081575363874435,0.0004765782505273819,99.0,0.8,20579.05078125
293,1775661827.5569482,forward,0.0842820331454277,13317.25,9.598024189472198e-05,0.0,0.0,,,
293,1775661827.737977,backward,0.1808612048625946,13317.25,9.772926568984985e-05,0.0,0.0,,,
293,1775661827.7416215,optimizer,0.002540960907936096,13317.25,2.512708306312561e-05,0.0005092155188322067,0.0004968401044607162,100.0,0.8,20579.41796875
294,1775661827.9742374,forward,0.08454834669828415,13317.25,9.487196803092957e-05,0.0,0.0,,,
294,1775661828.1552925,backward,0.18088485673069954,13317.25,9.762309491634369e-05,0.0,0.0,,,
294,1775661828.1592848,optimizer,0.0025719311088323593,13317.25,2.3171305656433105e-05,0.0008513741195201874,0.000473659485578537,92.0,0.8,20579.29296875
295,1775661828.3814247,forward,0.08413470163941383,13317.25,9.396485984325409e-05,0.0,0.0,,,
295,1775661828.5625083,backward,0.18091469630599022,13317.25,9.945966303348541e-05,0.0,0.0,,,
295,1775661828.5661478,optimizer,0.002551000565290451,13317.25,2.4029985070228577e-05,0.0005135592073202133,0.0004779677838087082,89.0,0.8,20579.90625
296,1775661828.799612,forward,0.08418494462966919,13317.25,9.161978960037231e-05,0.0,0.0,,,
296,1775661828.9805632,backward,0.18078087456524372,13317.25,9.552016854286194e-05,0.0,0.0,,,
296,1775661828.9842057,optimizer,0.002548530697822571,13317.25,2.6088207960128784e-05,0.0005160998553037643,0.000473707914352417,80.0,0.8,20579.04296875
297,1775661829.203706,forward,0.08416379988193512,13317.25,9.364262223243713e-05,0.0,0.0,,,
297,1775661829.3847458,backward,0.18087203614413738,13317.25,9.468197822570801e-05,0.0,0.0,,,
297,1775661829.3884,optimizer,0.002570139244198799,13317.25,2.6572495698928833e-05,0.0005089361220598221,0.00047039613127708435,77.0,0.8,20579.90234375
298,1775661829.6096547,forward,0.08428495191037655,13317.25,9.24915075302124e-05,0.0,0.0,,,
298,1775661829.790807,backward,0.1809850074350834,13317.25,9.41697508096695e-05,0.0,0.0,,,
298,1775661829.794725,optimizer,0.00254766084253788,13317.25,2.489238977432251e-05,0.0007662717252969742,0.0005011074244976044,74.0,0.8,20579.53125
299,1775661830.0172796,forward,0.08425321243703365,13317.25,9.459257125854492e-05,0.0,0.0,,,
299,1775661830.1982014,backward,0.1807531025260687,13317.25,9.58908349275589e-05,0.0,0.0,,,
299,1775661830.2018692,optimizer,0.002564571797847748,13317.25,2.401880919933319e-05,0.0005119070410728455,0.0004905480891466141,71.0,0.8,20578.9140625
300,1775661830.4323704,forward,0.08428944274783134,13317.25,9.663216769695282e-05,0.0,0.0,,,
300,1775661830.613321,backward,0.1807831022888422,13317.25,9.62335616350174e-05,0.0,0.0,,,
300,1775661830.6173568,optimizer,0.002554090693593025,13317.25,2.6322901248931885e-05,0.0009042955935001373,0.00047594867646694183,63.0,0.8,20579.28125
301,1775661830.8369148,forward,0.08419017307460308,13317.25,9.491108357906342e-05,0.0,0.0,,,
301,1775661831.0177817,backward,0.18070021085441113,13317.25,9.651109576225281e-05,0.0,0.0,,,
301,1775661831.0214157,optimizer,0.0025486499071121216,13317.25,2.6378780603408813e-05,0.0005085393786430359,0.00047354772686958313,61.0,0.8,20579.15625
302,1775661831.2406735,forward,0.08414164185523987,13317.25,9.509176015853882e-05,0.0,0.0,,,
302,1775661831.421662,backward,0.18082169629633427,13317.25,9.663030505180359e-05,0.0,0.0,,,
302,1775661831.4253027,optimizer,0.002553911879658699,13317.25,2.3599714040756226e-05,0.0005080867558717728,0.00047462619841098785,59.0,0.8,20579.03125
303,1775661831.6573336,forward,0.08417615108191967,13317.25,9.131059050559998e-05,0.0,0.0,,,
303,1775661831.83821,backward,0.1807057112455368,13317.25,9.73232090473175e-05,0.0,0.0,,,
303,1775661831.8418665,optimizer,0.0025505926460027695,13317.25,2.6531517505645752e-05,0.0005153771489858627,0.0004871562123298645,50.0,0.9,20578.90625
304,1775661832.0702994,forward,0.08423018269240856,13317.25,8.766166865825653e-05,0.0,0.0,,,
304,1775661832.2512286,backward,0.18075997196137905,13317.25,9.381212294101715e-05,0.0,0.0,,,
304,1775661832.2552462,optimizer,0.0025613512843847275,13317.25,2.6563182473182678e-05,0.0008822251111268997,0.0004707071930170059,44.0,0.8,20578.78125
305,1775661832.472969,forward,0.08425649255514145,13317.25,9.079277515411377e-05,0.0,0.0,,,
305,1775661832.653958,backward,0.18082173354923725,13317.25,9.323284029960632e-05,0.0,0.0,,,
305,1775661832.65798,optimizer,0.002546291798353195,13317.25,2.423115074634552e-05,0.0008911937475204468,0.0004823673516511917,42.0,0.9,20579.1484375
306,1775661832.8889093,forward,0.08420063182711601,13317.25,9.270384907722473e-05,0.0,0.0,,,
306,1775661833.0699384,backward,0.18085941299796104,13317.25,9.528174996376038e-05,0.0,0.0,,,
306,1775661833.0739598,optimizer,0.0025508925318717957,13317.25,2.602115273475647e-05,0.0008854437619447708,0.0004840083420276642,35.0,0.8,20579.0234375
307,1775661833.293297,forward,0.08425568416714668,13317.25,9.290128946304321e-05,0.0,0.0,,,
307,1775661833.4742236,backward,0.1807547826319933,13317.25,9.641237556934357e-05,0.0,0.0,,,
307,1775661833.4790835,optimizer,0.0025428812950849533,13317.25,2.464093267917633e-05,0.0017422586679458618,0.0004739686846733093,100.0,0.8,20578.8984375
308,1775661833.7112,forward,0.08429058082401752,13317.25,9.139999747276306e-05,0.0,0.0,,,
308,1775661833.8922365,backward,0.18086564540863037,13317.25,9.483285248279572e-05,0.0,0.0,,,
308,1775661833.8962002,optimizer,0.0025631897151470184,13317.25,2.8312206268310547e-05,0.0008176956325769424,0.0004769079387187958,100.0,0.8,20579.01953125
309,1775661834.1302962,forward,0.08446496911346912,13317.25,0.0001224912703037262,0.0,0.0,,,
309,1775661834.3114696,backward,0.18098844587802887,13317.25,9.59206372499466e-05,0.0,0.0,,,
309,1775661834.3155532,optimizer,0.0026435311883687973,13317.25,2.8831884264945984e-05,0.0008000507950782776,0.000530267134308815,99.0,0.8,20578.89453125
310,1775661834.5353057,forward,0.08420967124402523,13317.25,9.56319272518158e-05,0.0,0.0,,,
310,1775661834.7162175,backward,0.1807429026812315,13317.25,9.44826751947403e-05,0.0,0.0,,,
310,1775661834.7198591,optimizer,0.0025666318833827972,13317.25,2.356991171836853e-05,0.0005010385066270828,0.00047380663454532623,100.0,0.8,20579.015625
311,1775661834.9387894,forward,0.08415140956640244,13317.25,9.557045996189117e-05,0.0,0.0,,,
311,1775661835.1198096,backward,0.18084951490163803,13317.25,9.768269956111908e-05,0.0,0.0,,,
311,1775661835.123458,optimizer,0.0025507397949695587,13317.25,2.575106918811798e-05,0.0005169175565242767,0.00047674961388111115,99.0,0.8,20579.13671875
312,1775661835.3570004,forward,0.08422932215034962,13317.25,9.043887257575989e-05,0.0,0.0,,,
312,1775661835.5383008,backward,0.18112870678305626,13317.25,9.685195982456207e-05,0.0,0.0,,,
312,1775661835.5419436,optimizer,0.0025451108813285828,13317.25,2.4400651454925537e-05,0.0005087479948997498,0.00048757530748844147,99.0,0.8,20579.01171875
313,1775661835.7739394,forward,0.08426115289330482,13317.25,9.214133024215698e-05,0.0,0.0,,,
313,1775661835.9549112,backward,0.18077611178159714,13317.25,9.443983435630798e-05,0.0,0.0,,,
313,1775661835.9589589,optimizer,0.0025525297969579697,13317.25,2.678297460079193e-05,0.0009189434349536896,0.0004733279347419739,91.0,0.8,20578.39453125
314,1775661836.1779327,forward,0.08407899923622608,13317.25,8.765235543251038e-05,0.0,0.0,,,
314,1775661836.3588676,backward,0.18076619319617748,13317.25,9.437091648578644e-05,0.0,0.0,,,
314,1775661836.362539,optimizer,0.0025654900819063187,13317.25,3.449060022830963e-05,0.0005160383880138397,0.00047699734568595886,89.0,0.8,20578.76171875
315,1775661836.592419,forward,0.08423868380486965,13317.25,9.084120392799377e-05,0.0,0.0,,,
315,1775661836.7738242,backward,0.18123690970242023,13317.25,9.327009320259094e-05,0.0,0.0,,,
315,1775661836.777796,optimizer,0.0025512631982564926,13317.25,2.815946936607361e-05,0.0008170641958713531,0.0004947278648614883,82.0,0.8,20578.390625
316,1775661837.0046825,forward,0.08415803126990795,13317.25,9.430386126041412e-05,0.0,0.0,,,
316,1775661837.1856825,backward,0.1808315645903349,13317.25,9.5391646027565e-05,0.0,0.0,,,
316,1775661837.189315,optimizer,0.0025395117700099945,13317.25,2.470053732395172e-05,0.0005159880965948105,0.00047377869486808777,76.0,0.8,20576.7890625
317,1775661837.4186387,forward,0.08417070284485817,13317.25,9.613111615180969e-05,0.0,0.0,,,
317,1775661837.5997849,backward,0.1809726357460022,13317.25,9.693019092082977e-05,0.0,0.0,,,
317,1775661837.6034205,optimizer,0.0025410503149032593,13317.25,2.403929829597473e-05,0.0005173087120056152,0.0004765167832374573,69.0,0.8,20576.91015625
318,1775661837.8341217,forward,0.08417475037276745,13317.25,9.680911898612976e-05,0.0,0.0,,,
318,1775661838.0150335,backward,0.18074151314795017,13317.25,9.701214730739594e-05,0.0,0.0,,,
318,1775661838.0186746,optimizer,0.0025473404675722122,13317.25,2.3620203137397766e-05,0.0005172360688447952,0.0004753880202770233,61.0,0.8,20577.27734375
319,1775661838.2482932,forward,0.08422888070344925,13317.25,9.517185389995575e-05,0.0,0.0,,,
319,1775661838.4291992,backward,0.180735994130373,13317.25,9.794160723686218e-05,0.0,0.0,,,
319,1775661838.4332216,optimizer,0.0025501400232315063,13317.25,2.3771077394485474e-05,0.0008894242346286774,0.0004814043641090393,54.0,0.8,20576.90625
320,1775661838.6546974,forward,0.08420717157423496,13317.25,8.765235543251038e-05,0.0,0.0,,,
320,1775661838.8356457,backward,0.18077891506254673,13317.25,9.508244693279266e-05,0.0,0.0,,,
320,1775661838.8392708,optimizer,0.002536492422223091,13317.25,2.3832544684410095e-05,0.0005155391991138458,0.0004742983728647232,50.0,0.8,20577.02734375
321,1775661839.070784,forward,0.08425314351916313,13317.25,9.046308696269989e-05,0.0,0.0,,,
321,1775661839.2517798,backward,0.18082679249346256,13317.25,9.443238377571106e-05,0.0,0.0,,,
321,1775661839.2556956,optimizer,0.002547590062022209,13317.25,2.4419277906417847e-05,0.0007959827780723572,0.0004724878817796707,42.0,0.8,20576.90234375
322,1775661839.478437,forward,0.08410160057246685,13317.25,9.034015238285065e-05,0.0,0.0,,,
322,1775661839.659387,backward,0.18078157119452953,13317.25,9.509176015853882e-05,0.0,0.0,,,
322,1775661839.663018,optimizer,0.0025433823466300964,13317.25,2.530030906200409e-05,0.0005164071917533875,0.00047173723578453064,39.0,0.8,20577.0234375
323,1775661839.8937974,forward,0.08419875055551529,13317.25,9.130127727985382e-05,0.0,0.0,,,
323,1775661840.0747733,backward,0.18080800399184227,13317.25,9.429082274436951e-05,0.0,0.0,,,
323,1775661840.078378,optimizer,0.0025599319487810135,13317.25,2.644769847393036e-05,0.0004677753895521164,0.0004737991839647293,100.0,0.8,20577.14453125
324,1775661840.2986722,forward,0.08420233242213726,13317.25,0.00011165067553520203,0.0,0.0,,,
324,1775661840.4799075,backward,0.18099291808903217,13317.25,9.573996067047119e-05,0.0,0.0,,,
324,1775661840.483596,optimizer,0.002609051764011383,13317.25,2.5210902094841003e-05,0.00047061778604984283,0.0005024373531341553,99.0,0.8,20577.2734375
325,1775661840.7153623,forward,0.08421293273568153,13317.25,9.27019864320755e-05,0.0,0.0,,,
325,1775661840.8962402,backward,0.18070693127810955,13317.25,9.613297879695892e-05,0.0,0.0,,,
325,1775661840.899872,optimizer,0.0025480706244707108,13317.25,2.428889274597168e-05,0.000509290024638176,0.0004735272377729416,99.0,0.8,20577.1484375
326,1775661841.1266289,forward,0.08420987986028194,13317.25,9.37730073928833e-05,0.0,0.0,,,
326,1775661841.3075833,backward,0.18078640289604664,13317.25,9.570084512233734e-05,0.0,0.0,,,
326,1775661841.311577,optimizer,0.0025420691817998886,13317.25,2.4080276489257812e-05,0.0008778870105743408,0.0004756450653076172,100.0,0.8,20577.515625
327,1775661841.5305552,forward,0.08429572358727455,13317.25,9.561143815517426e-05,0.0,0.0,,,
327,1775661841.7118704,backward,0.18115179985761642,13317.25,9.397044777870178e-05,0.0,0.0,,,
327,1775661841.7158017,optimizer,0.0025521405041217804,13317.25,2.530030906200409e-05,0.0008029807358980179,0.00047318823635578156,99.0,0.8,20576.6484375
328,1775661841.9453151,forward,0.08420401997864246,13317.25,9.405240416526794e-05,0.0,0.0,,,
328,1775661842.1262434,backward,0.18076124228537083,13317.25,9.581074118614197e-05,0.0,0.0,,,
328,1775661842.1298847,optimizer,0.002554299309849739,13317.25,2.376176416873932e-05,0.0005001481622457504,0.0004883073270320892,100.0,0.8,20576.5234375
329,1775661842.3589783,forward,0.08411533199250698,13317.25,0.00010449998080730438,0.0,0.0,,,
329,1775661842.5403123,backward,0.18116342835128307,13317.25,9.749084711074829e-05,0.0,0.0,,,
329,1775661842.5440013,optimizer,0.002552652731537819,13317.25,2.3966655135154724e-05,0.0005167275667190552,0.0005200300365686417,98.0,0.9,20577.3828125
330,1775661842.7648785,forward,0.08422284200787544,13317.25,8.886121213436127e-05,0.0,0.0,,,
330,1775661842.945883,backward,0.18083597347140312,13317.25,9.705126285552979e-05,0.0,0.0,,,
330,1775661842.9495478,optimizer,0.002543969079852104,13317.25,2.4510547518730164e-05,0.000524468719959259,0.0004929676651954651,95.0,0.8,20577.01171875
331,1775661843.1712663,forward,0.0843019150197506,13317.25,8.79429280757904e-05,0.0,0.0,,,
331,1775661843.3522873,backward,0.18085280433297157,13317.25,9.500421583652496e-05,0.0,0.0,,,
331,1775661843.3562467,optimizer,0.002567581832408905,13317.25,2.3409724235534668e-05,0.0008178036659955978,0.0004724748432636261,92.0,0.9,20577.37890625
332,1775661843.5893185,forward,0.08432128466665745,13317.25,9.085051715373993e-05,0.0,0.0,,,
332,1775661843.7702901,backward,0.1808070857077837,13317.25,9.281933307647705e-05,0.0,0.0,,,
332,1775661843.7742062,optimizer,0.0025484729558229446,13317.25,2.7019530534744263e-05,0.0007912404835224152,0.0004698168486356735,82.0,0.8,20576.515625
333,1775661844.0049574,forward,0.08424228429794312,13317.25,9.175203740596771e-05,0.0,0.0,,,
333,1775661844.186308,backward,0.18118592910468578,13317.25,9.285286068916321e-05,0.0,0.0,,,
333,1775661844.1901627,optimizer,0.0025495123118162155,13317.25,2.4240463972091675e-05,0.0007313620299100876,0.0004709474742412567,74.0,0.8,20576.63671875
334,1775661844.409973,forward,0.0842518825083971,13317.25,9.363144636154175e-05,0.0,0.0,,,
334,1775661844.591072,backward,0.18092764355242252,13317.25,9.80813056230545e-05,0.0,0.0,,,
334,1775661844.5949907,optimizer,0.0025332197546958923,13317.25,2.4452805519104004e-05,0.0008076038211584091,0.0004740878939628601,72.0,0.8,20577.25
335,1775661844.8234284,forward,0.08419440314173698,13317.25,9.156204760074615e-05,0.0,0.0,,,
335,1775661845.004396,backward,0.18079714477062225,13317.25,9.469129145145416e-05,0.0,0.0,,,
335,1775661845.0080612,optimizer,0.00256521999835968,13317.25,2.4819746613502502e-05,0.000519799068570137,0.00047803856432437897,65.0,0.8,20577.125
336,1775661845.2291143,forward,0.08433395437896252,13317.25,9.60715115070343e-05,0.0,0.0,,,
336,1775661845.4101908,backward,0.1809065956622362,13317.25,9.638071060180664e-05,0.0,0.0,,,
336,1775661845.4142349,optimizer,0.0025711320340633392,13317.25,2.690032124519348e-05,0.0008950456976890564,0.0004730876535177231,62.0,0.8,20576.75390625
337,1775661845.6329947,forward,0.08420340344309807,13317.25,9.515322744846344e-05,0.0,0.0,,,
337,1775661845.8141308,backward,0.1809395644813776,13317.25,9.52407717704773e-05,0.0,0.0,,,
337,1775661845.8177733,optimizer,0.002538839355111122,13317.25,2.4750828742980957e-05,0.0005162283778190613,0.0004841350018978119,60.0,0.8,20576.875
338,1775661846.0497656,forward,0.08428860455751419,13317.25,9.462051093578339e-05,0.0,0.0,,,
338,1775661846.230826,backward,0.18089071661233902,13317.25,9.47713851928711e-05,0.0,0.0,,,
338,1775661846.234865,optimizer,0.002563033252954483,13317.25,2.3910775780677795e-05,0.0009002331644296646,0.0004745684564113617,52.0,0.8,20576.75
339,1775661846.4553812,forward,0.08414153940975666,13317.25,9.551271796226501e-05,0.0,0.0,,,
339,1775661846.6364202,backward,0.18086913600564003,13317.25,9.815208613872528e-05,0.0,0.0,,,
339,1775661846.6400619,optimizer,0.0025616008788347244,13317.25,2.4100765585899353e-05,0.0005040876567363739,0.00047629885375499725,49.0,0.8,20577.36328125
340,1775661846.8731406,forward,0.0841754823923111,13317.25,8.886121213436127e-05,0.0,0.0,,,
340,1775661847.0540426,backward,0.18073275312781334,13317.25,9.693950414657593e-05,0.0,0.0,,,
340,1775661847.0576925,optimizer,0.0025411322712898254,13317.25,2.5799497961997986e-05,0.0005162172019481659,0.0004913285374641418,40.0,0.8,20577.23828125
341,1775661847.29149,forward,0.08420554362237453,13317.25,8.882582187652588e-05,0.0,0.0,,,
341,1775661847.4726326,backward,0.18097303621470928,13317.25,9.56021249294281e-05,0.0,0.0,,,
341,1775661847.476234,optimizer,0.0025553125888109207,13317.25,2.468191087245941e-05,0.0004660673439502716,0.0004770774394273758,99.0,0.8,20577.11328125
342,1775661847.7068086,forward,0.08427499420940876,13317.25,9.3093141913414e-05,0.0,0.0,,,
342,1775661847.887769,backward,0.1807901430875063,13317.25,9.462237358093262e-05,0.0,0.0,,,
342,1775661847.891695,optimizer,0.0025488529354333878,13317.25,2.417154610157013e-05,0.0007980354130268097,0.00047856755554676056,100.0,0.8,20576.7421875
343,1775661848.1198218,forward,0.0841422826051712,13317.25,9.074248373508453e-05,0.0,0.0,,,
343,1775661848.3007858,backward,0.18079786375164986,13317.25,9.261257946491241e-05,0.0,0.0,,,
343,1775661848.304441,optimizer,0.002552321180701256,13317.25,2.5480985641479492e-05,0.000524275004863739,0.00047472119331359863,100.0,0.8,20576.86328125
344,1775661848.5216036,forward,0.084247512742877,13317.25,9.926408529281616e-05,0.0,0.0,,,
344,1775661848.7026503,backward,0.1808522343635559,13317.25,0.00011725164949893951,0.0,0.0,,,
344,1775661848.7072396,optimizer,0.0034056156873703003,13317.25,2.372823655605316e-05,0.0005113594233989716,0.0005096066743135452,99.0,0.8,20576.73828125
345,1775661848.9252303,forward,0.08429432287812233,13317.25,9.3851238489151e-05,0.0,0.0,,,
345,1775661849.1063936,backward,0.1809940580278635,13317.25,9.576231241226196e-05,0.0,0.0,,,
345,1775661849.1104605,optimizer,0.002559259533882141,13317.25,2.5542452931404114e-05,0.0009256843477487564,0.0004790276288986206,99.0,0.8,20576.61328125
346,1775661849.3398032,forward,0.08418679982423782,13317.25,9.349174797534943e-05,0.0,0.0,,,
346,1775661849.5208507,backward,0.1808766257017851,13317.25,9.687244892120361e-05,0.0,0.0,,,
346,1775661849.5245032,optimizer,0.0025518517941236496,13317.25,2.7528032660484314e-05,0.0005172081291675568,0.00047885626554489136,99.0,0.8,20576.98046875
347,1775661849.7538724,forward,0.08417797088623047,13317.25,9.509921073913574e-05,0.0,0.0,,,
347,1775661849.934842,backward,0.18080421350896358,13317.25,9.45795327425003e-05,0.0,0.0,,,
347,1775661849.938484,optimizer,0.0025514494627714157,13317.25,2.3672357201576233e-05,0.0005188398063182831,0.0004725344479084015,99.0,0.8,20576.85546875
348,1775661850.1599784,forward,0.08417673222720623,13317.25,9.594112634658813e-05,0.0,0.0,,,
348,1775661850.340966,backward,0.18081767484545708,13317.25,9.697303175926208e-05,0.0,0.0,,,
348,1775661850.3446681,optimizer,0.0025400519371032715,13317.25,2.3320317268371582e-05,0.0005832966417074203,0.0004798993468284607,96.0,0.8,20576.9765625
349,1775661850.5615194,forward,0.08419844135642052,13317.25,9.487196803092957e-05,0.0,0.0,,,
349,1775661850.742577,backward,0.18088746443390846,13317.25,9.626336395740509e-05,0.0,0.0,,,
349,1775661850.7462072,optimizer,0.0025321505963802338,13317.25,2.7310103178024292e-05,0.0005176365375518799,0.00047759711742401123,95.0,0.8,20577.34375
350,1775661850.9684446,forward,0.08421824499964714,13317.25,9.493157267570496e-05,0.0,0.0,,,
350,1775661851.1494195,backward,0.18080929294228554,13317.25,9.505264461040497e-05,0.0,0.0,,,
350,1775661851.1533632,optimizer,0.00257054902613163,13317.25,2.429075539112091e-05,0.0007966943085193634,0.0004761870950460434,92.0,0.8,20576.7265625
351,1775661851.3718793,forward,0.08418659493327141,13317.25,9.555928409099579e-05,0.0,0.0,,,
351,1775661851.5531485,backward,0.1811011079698801,13317.25,9.656138718128204e-05,0.0,0.0,,,
351,1775661851.5567927,optimizer,0.002552838996052742,13317.25,2.4961307644844055e-05,0.0005141571164131165,0.00047683902084827423,90.0,0.8,20576.84765625
352,1775661851.7754142,forward,0.08412172086536884,13317.25,8.817017078399658e-05,0.0,0.0,,,
352,1775661851.9564807,backward,0.18089594319462776,13317.25,9.722262620925903e-05,0.0,0.0,,,
352,1775661851.9601443,optimizer,0.002574201673269272,13317.25,2.779252827167511e-05,0.0005074478685855865,0.00047798827290534973,88.0,0.8,20577.4609375
353,1775661852.1820095,forward,0.08430217392742634,13317.25,8.801184594631195e-05,0.0,0.0,,,
353,1775661852.3630652,backward,0.18088333681225777,13317.25,9.788386523723602e-05,0.0,0.0,,,
353,1775661852.3666823,optimizer,0.002551009878516197,13317.25,2.351216971874237e-05,0.0004944074898958206,0.00047341547906398773,85.0,0.8,20577.08984375
354,1775661852.587345,forward,0.08428184501826763,13317.25,8.835084736347198e-05,0.0,0.0,,,
354,1775661852.7685132,backward,0.18099638633430004,13317.25,9.874068200588226e-05,0.0,0.0,,,
354,1775661852.7725744,optimizer,0.00257997028529644,13317.25,2.415105700492859e-05,0.0009053051471710205,0.0004764087498188019,82.0,0.8,20577.2109375
355,1775661852.9923096,forward,0.08417502231895924,13317.25,8.991174399852753e-05,0.0,0.0,,,
355,1775661853.1731799,backward,0.18070045299828053,13317.25,9.642541408538818e-05,0.0,0.0,,,
355,1775661853.1768181,optimizer,0.0025426503270864487,13317.25,2.854876220226288e-05,0.0005154982209205627,0.0004744492471218109,79.0,0.8,20576.34765625
356,1775661853.4082391,forward,0.08422145433723927,13317.25,8.893199265003204e-05,0.0,0.0,,,
356,1775661853.589446,backward,0.18103661760687828,13317.25,9.33818519115448e-05,0.0,0.0,,,
356,1775661853.5933824,optimizer,0.002548830583691597,13317.25,2.7179718017578125e-05,0.0008100327104330063,0.00047403760254383087,71.0,0.8,20577.171875
357,1775661853.826496,forward,0.08426413498818874,13317.25,9.191222488880157e-05,0.0,0.0,,,
357,1775661854.0077116,backward,0.1810455583035946,13317.25,9.437091648578644e-05,0.0,0.0,,,
357,1775661854.0117786,optimizer,0.0025361385196447372,13317.25,2.505071461200714e-05,0.0009515546262264252,0.00047589465975761414,62.0,0.8,20576.80078125
358,1775661854.2319994,forward,0.08413750119507313,13317.25,9.430199861526489e-05,0.0,0.0,,,
358,1775661854.4130046,backward,0.18083495646715164,13317.25,9.649991989135742e-05,0.0,0.0,,,
358,1775661854.416665,optimizer,0.0025761425495147705,13317.25,2.4728477001190186e-05,0.0005089379847049713,0.00047513842582702637,59.0,0.8,20577.16796875
359,1775661854.6355853,forward,0.08411660045385361,13317.25,9.29906964302063e-05,0.0,0.0,,,
359,1775661854.8164816,backward,0.180729104205966,13317.25,9.152106940746307e-05,0.0,0.0,,,
359,1775661854.820113,optimizer,0.002547169104218483,13317.25,2.6699155569076538e-05,0.0005073267966508865,0.0004704277962446213,58.0,0.8,20576.796875
360,1775661855.040436,forward,0.08417299203574657,13317.25,9.554065763950348e-05,0.0,0.0,,,
360,1775661855.221381,backward,0.1807741243392229,13317.25,9.649991989135742e-05,0.0,0.0,,,
360,1775661855.2250345,optimizer,0.0025644414126873016,13317.25,2.5220215320587158e-05,0.0005151666700839996,0.00047321803867816925,55.0,0.8,20577.41015625
361,1775661855.455347,forward,0.08412317000329494,13317.25,9.683147072792053e-05,0.0,0.0,,,
361,1775661855.6365123,backward,0.180975629016757,13317.25,9.327009320259094e-05,0.0,0.0,,,
361,1775661855.6401603,optimizer,0.002549983561038971,13317.25,2.73287296295166e-05,0.0005162972956895828,0.0004766080528497696,47.0,0.9,20576.79296875
362,1775661855.860503,forward,0.084259282797575,13317.25,9.429082274436951e-05,0.0,0.0,,,
362,1775661856.041767,backward,0.1810956969857216,13317.25,9.674020111560822e-05,0.0,0.0,,,
362,1775661856.045425,optimizer,0.0025640111416578293,13317.25,2.345256507396698e-05,0.0005153678357601166,0.0004771873354911804,45.0,0.8,20577.16015625
363,1775661856.2756567,forward,0.08415752276778221,13317.25,9.189173579216003e-05,0.0,0.0,,,
363,1775661856.4567003,backward,0.18087570369243622,13317.25,9.787268936634064e-05,0.0,0.0,,,
363,1775661856.460615,optimizer,0.002555152401328087,13317.25,2.7280300855636597e-05,0.0007760748267173767,0.00047907792031764984,38.0,0.8,20576.76953125
364,1775661856.6906736,forward,0.08445623889565468,13317.25,8.855946362018585e-05,0.0,0.0,,,
364,1775661856.8716955,backward,0.18085456639528275,13317.25,9.500980377197266e-05,0.0,0.0,,,
364,1775661856.875309,optimizer,0.002563750371336937,13317.25,2.4110078811645508e-05,0.00047350674867630005,0.00047580525279045105,99.0,0.8,20576.890625
365,1775661857.1068313,forward,0.08426404185593128,13317.25,8.998066186904907e-05,0.0,0.0,,,
365,1775661857.287868,backward,0.18087058514356613,13317.25,9.292922914028168e-05,0.0,0.0,,,
365,1775661857.291885,optimizer,0.0025501903146505356,13317.25,2.5659799575805664e-05,0.0008916929364204407,0.000473635271191597,100.0,0.8,20576.2734375
366,1775661857.523562,forward,0.0842745453119278,13317.25,9.384565055370331e-05,0.0,0.0,,,
366,1775661857.7049072,backward,0.18117613717913628,13317.25,9.276345372200012e-05,0.0,0.0,,,
366,1775661857.708944,optimizer,0.0025756005197763443,13317.25,2.7451664209365845e-05,0.0008824355900287628,0.0004733949899673462,99.0,0.8,20577.1328125
367,1775661857.9342854,forward,0.08412721939384937,13317.25,9.18414443731308e-05,0.0,0.0,,,
367,1775661858.1152754,backward,0.1808206755667925,13317.25,9.476952254772186e-05,0.0,0.0,,,
367,1775661858.1189146,optimizer,0.0025446992367506027,13317.25,2.6240944862365723e-05,0.0005165282636880875,0.00047486647963523865,99.0,0.8,20576.76171875
368,1775661858.3484166,forward,0.08420891128480434,13317.25,9.100325405597687e-05,0.0,0.0,,,
368,1775661858.52948,backward,0.18089576438069344,13317.25,9.574182331562042e-05,0.0,0.0,,,
368,1775661858.5331235,optimizer,0.0025503113865852356,13317.25,2.6570633053779602e-05,0.0005089882761240005,0.00047815777361392975,99.0,0.8,20577.375
369,1775661858.7664099,forward,0.08426912128925323,13317.25,9.303167462348938e-05,0.0,0.0,,,
369,1775661858.9473805,backward,0.18080509267747402,13317.25,9.524449706077576e-05,0.0,0.0,,,
369,1775661858.9513993,optimizer,0.002548232674598694,13317.25,2.4551525712013245e-05,0.0008859653025865555,0.0004821065813302994,92.0,0.8,20577.00390625
370,1775661859.1831431,forward,0.08427814394235611,13317.25,9.639188647270203e-05,0.0,0.0,,,
370,1775661859.364163,backward,0.18085036426782608,13317.25,9.763985872268677e-05,0.0,0.0,,,
370,1775661859.3680909,optimizer,0.0025583691895008087,13317.25,2.4510547518730164e-05,0.0007949434220790863,0.000474046915769577,83.0,0.8,20576.87890625
371,1775661859.5979102,forward,0.08414909988641739,13317.25,8.905120193958282e-05,0.0,0.0,,,
371,1775661859.7789085,backward,0.18082626350224018,13317.25,9.673275053501129e-05,0.0,0.0,,,
371,1775661859.7825627,optimizer,0.0025566834956407547,13317.25,2.651102840900421e-05,0.0005162600427865982,0.0004784185439348221,76.0,0.8,20576.5078125
372,1775661860.014295,forward,0.08413136936724186,13317.25,9.213201701641083e-05,0.0,0.0,,,
372,1775661860.1953647,backward,0.1809008363634348,13317.25,9.266287088394165e-05,0.0,0.0,,,
372,1775661860.1990018,optimizer,0.002527313306927681,13317.25,2.2349879145622253e-05,0.0005177073180675507,0.0004936270415782928,67.0,0.8,20576.62890625
373,1775661860.4293833,forward,0.08418842405080795,13317.25,9.257160127162933e-05,0.0,0.0,,,
373,1775661860.610458,backward,0.1809063572436571,13317.25,9.47117805480957e-05,0.0,0.0,,,
373,1775661860.61408,optimizer,0.0025314409285783768,13317.25,2.420879900455475e-05,0.0005136765539646149,0.00047599896788597107,60.0,0.8,20576.99609375
374,1775661860.839915,forward,0.0841705109924078,13317.25,9.288452565670013e-05,0.0,0.0,,,
374,1775661861.0207758,backward,0.18069051206111908,13317.25,9.551085531711578e-05,0.0,0.0,,,
374,1775661861.0244439,optimizer,0.0025688819587230682,13317.25,2.6050955057144165e-05,0.0005162488669157028,0.0004776082932949066,54.0,0.8,20576.87109375
375,1775661861.2536056,forward,0.08412246219813824,13317.25,9.496323764324188e-05,0.0,0.0,,,
375,1775661861.434799,backward,0.18102352693676949,13317.25,9.61199402809143e-05,0.0,0.0,,,
375,1775661861.4384515,optimizer,0.0025464706122875214,13317.25,2.863071858882904e-05,0.0005203578621149063,0.0004796776920557022,47.0,0.8,20576.9921875
376,1775661861.6723921,forward,0.08414756134152412,13317.25,9.775348007678986e-05,0.0,0.0,,,
376,1775661861.8534622,backward,0.18090174719691277,13317.25,9.58908349275589e-05,0.0,0.0,,,
376,1775661861.857123,optimizer,0.0025474727153778076,13317.25,2.7179718017578125e-05,0.0005191285163164139,0.00048312917351722717,39.0,0.8,20576.8671875
377,1775661862.0765293,forward,0.08415993116796017,13317.25,9.51625406742096e-05,0.0,0.0,,,
377,1775661862.2575765,backward,0.18087947368621826,13317.25,9.72989946603775e-05,0.0,0.0,,,
377,1775661862.261633,optimizer,0.0025254525244235992,13317.25,2.3612752556800842e-05,0.0009526964277029037,0.000480087473988533,36.0,0.8,20576.98828125
378,1775661862.4902265,forward,0.08413646183907986,13317.25,9.608455002307892e-05,0.0,0.0,,,
378,1775661862.6712291,backward,0.18083525449037552,13317.25,9.745173156261444e-05,0.0,0.0,,,
378,1775661862.6748207,optimizer,0.002544241026043892,13317.25,2.308003604412079e-05,0.0004658866673707962,0.00048054754734039307,100.0,0.9,20576.86328125
379,1775661862.895514,forward,0.08418281190097332,13317.25,8.88090580701828e-05,0.0,0.0,,,
379,1775661863.076473,backward,0.18078997358679771,13317.25,9.63602215051651e-05,0.0,0.0,,,
379,1775661863.0800977,optimizer,0.0025543924421072006,13317.25,2.5179237127304077e-05,0.000495079904794693,0.00047640688717365265,100.0,0.8,20577.23046875
380,1775661863.3102844,forward,0.08410079218447208,13317.25,8.943118155002594e-05,0.0,0.0,,,
380,1775661863.4913266,backward,0.18087358586490154,13317.25,9.641237556934357e-05,0.0,0.0,,,
380,1775661863.4949954,optimizer,0.00257159024477005,13317.25,2.6639550924301147e-05,0.0005235280841588974,0.00047066807746887207,100.0,0.8,20577.10546875
381,1775661863.7277415,forward,0.08421478234231472,13317.25,9.09212976694107e-05,0.0,0.0,,,
381,1775661863.9087555,backward,0.18084518425166607,13317.25,9.424053132534027e-05,0.0,0.0,,,
381,1775661863.9123943,optimizer,0.002561548724770546,13317.25,2.457946538925171e-05,0.0005020759999752045,0.0004745088517665863,99.0,0.8,20577.2265625
382,1775661864.1346946,forward,0.0841366108506918,13317.25,9.178183972835541e-05,0.0,0.0,,,
382,1775661864.315861,backward,0.18100333586335182,13317.25,9.183213114738464e-05,0.0,0.0,,,
382,1775661864.3194988,optimizer,0.0025514811277389526,13317.25,2.499110996723175e-05,0.0005099773406982422,0.0004725884646177292,99.0,0.8,20576.609375
383,1775661864.5518997,forward,0.08411453105509281,13317.25,9.246170520782471e-05,0.0,0.0,,,
383,1775661864.7331793,backward,0.18110929988324642,13317.25,9.553134441375732e-05,0.0,0.0,,,
383,1775661864.736829,optimizer,0.0025619305670261383,13317.25,2.4998560547828674e-05,0.0005082786083221436,0.0004756469279527664,98.0,0.8,20577.22265625
384,1775661864.9672647,forward,0.08418875932693481,13317.25,9.377114474773407e-05,0.0,0.0,,,
384,1775661865.1483145,backward,0.1808820329606533,13317.25,9.384192526340485e-05,0.0,0.0,,,
384,1775661865.1519659,optimizer,0.0025641005486249924,13317.25,2.5531277060508728e-05,0.0005132798105478287,0.00047305598855018616,90.0,0.8,20576.8515625
385,1775661865.3986974,forward,0.08449648506939411,13317.25,8.871965110301971e-05,0.0,0.0,,,
385,1775661865.580187,backward,0.18130357190966606,13317.25,9.585916996002197e-05,0.0,0.0,,,
385,1775661865.584223,optimizer,0.002561291679739952,13317.25,2.5739893317222595e-05,0.0008933916687965393,0.0004780888557434082,74.0,0.8,20577.21484375
386,1775661865.8159337,forward,0.08417288213968277,13317.25,9.18116420507431e-05,0.0,0.0,,,
386,1775661865.9969525,backward,0.18085063621401787,13317.25,9.345263242721558e-05,0.0,0.0,,,
386,1775661866.0007393,optimizer,0.002547532320022583,13317.25,2.426840364933014e-05,0.0006596799939870834,0.0004749372601509094,66.0,0.8,20576.84375
387,1775661866.2281783,forward,0.08417314291000366,13317.25,9.176135063171387e-05,0.0,0.0,,,
387,1775661866.409185,backward,0.18084128387272358,13317.25,9.146146476268768e-05,0.0,0.0,,,
387,1775661866.4128225,optimizer,0.0025547798722982407,13317.25,2.5819987058639526e-05,0.0005017481744289398,0.00047777779400348663,59.0,0.8,20577.67578125
388,1775661866.6420233,forward,0.08424555324018002,13317.25,9.306147694587708e-05,0.0,0.0,,,
388,1775661866.8230362,backward,0.1808443870395422,13317.25,9.303353726863861e-05,0.0,0.0,,,
388,1775661866.8270538,optimizer,0.0025538206100463867,13317.25,2.3612752556800842e-05,0.0008829645812511444,0.00047768838703632355,53.0,0.8,20577.3046875
389,1775661867.0455744,forward,0.08425870165228844,13317.25,9.851157665252686e-05,0.0,0.0,,,
389,1775661867.2266092,backward,0.1808645762503147,13317.25,9.643286466598511e-05,0.0,0.0,,,
389,1775661867.2302516,optimizer,0.0025461725890636444,13317.25,2.541951835155487e-05,0.0005190111696720123,0.00047430582344532013,51.0,0.8,20577.1796875
390,1775661867.4597244,forward,0.08431621454656124,13317.25,9.281933307647705e-05,0.0,0.0,,,
390,1775661867.6408536,backward,0.18096247501671314,13317.25,9.403005242347717e-05,0.0,0.0,,,
390,1775661867.6448727,optimizer,0.002559872344136238,13317.25,2.637133002281189e-05,0.000877775251865387,0.0004785768687725067,44.0,0.8,20577.07421875
391,1775661867.8650198,forward,0.08427113108336926,13317.25,9.496137499809265e-05,0.0,0.0,,,
391,1775661868.046263,backward,0.18107452802360058,13317.25,9.514950215816498e-05,0.0,0.0,,,
391,1775661868.049928,optimizer,0.0025501027703285217,13317.25,2.4029985070228577e-05,0.000524427741765976,0.0004884488880634308,41.0,0.8,20576.94921875
392,1775661868.2684302,forward,0.0841677226126194,13317.25,9.230151772499084e-05,0.0,0.0,,,
392,1775661868.4495094,backward,0.18090905621647835,13317.25,9.570084512233734e-05,0.0,0.0,,,
392,1775661868.453184,optimizer,0.0025521907955408096,13317.25,2.5909394025802612e-05,0.000525427982211113,0.000475514680147171,40.0,0.9,20577.0703125
393,1775661868.684636,forward,0.08427055552601814,13317.25,9.633973240852356e-05,0.0,0.0,,,
393,1775661868.8656898,backward,0.18088753521442413,13317.25,9.468011558055878e-05,0.0,0.0,,,
393,1775661868.8695097,optimizer,0.002538541331887245,13317.25,2.5702640414237976e-05,0.0006993114948272705,0.000478498637676239,99.0,0.8,20577.4375
394,1775661869.089628,forward,0.0841975025832653,13317.25,0.0001021306961774826,0.0,0.0,,,
394,1775661869.2705956,backward,0.18080964498221874,13317.25,9.495951235294342e-05,0.0,0.0,,,
394,1775661869.2741642,optimizer,0.002542288973927498,13317.25,2.53189355134964e-05,0.0004527457058429718,0.0004716981202363968,100.0,0.8,20577.06640625
395,1775661869.502939,forward,0.084256362169981,13317.25,8.784979581832886e-05,0.0,0.0,,,
395,1775661869.6841354,backward,0.18102770671248436,13317.25,9.660981595516205e-05,0.0,0.0,,,
395,1775661869.6881633,optimizer,0.0025575030595064163,13317.25,2.505071461200714e-05,0.0008908752351999283,0.00047879666090011597,99.0,0.8,20577.1875
396,1775661869.9093149,forward,0.08414176106452942,13317.25,8.922256529331207e-05,0.0,0.0,,,
396,1775661870.0906928,backward,0.1812088992446661,13317.25,9.601935744285583e-05,0.0,0.0,,,
396,1775661870.0943258,optimizer,0.002531232312321663,13317.25,2.421066164970398e-05,0.0005191285163164139,0.0004832874983549118,99.0,0.8,20576.81640625
397,1775661870.3249967,forward,0.08419478125870228,13317.25,9.088218212127686e-05,0.0,0.0,,,
397,1775661870.506057,backward,0.1808946132659912,13317.25,9.358115494251251e-05,0.0,0.0,,,
397,1775661870.5096958,optimizer,0.002551702782511711,13317.25,2.4650245904922485e-05,0.0005025360733270645,0.0004841051995754242,100.0,0.8,20577.18359375
398,1775661870.7391958,forward,0.08424379304051399,13317.25,9.123235940933228e-05,0.0,0.0,,,
398,1775661870.920112,backward,0.18074909411370754,13317.25,9.398162364959717e-05,0.0,0.0,,,
398,1775661870.9242077,optimizer,0.0025599487125873566,13317.25,2.432987093925476e-05,0.0009540952742099762,0.00047971494495868683,100.0,0.8,20577.3046875
399,1775661871.1521153,forward,0.08414668217301369,13317.25,9.18116420507431e-05,0.0,0.0,,,
399,1775661871.3331895,backward,0.18090633489191532,13317.25,9.561143815517426e-05,0.0,0.0,,,
399,1775661871.3368134,optimizer,0.002541419118642807,13317.25,2.6522204279899597e-05,0.0005024783313274384,0.0004780571907758713,97.0,0.8,20577.1796875
400,1775661871.5674465,forward,0.08421085216104984,13317.25,9.334087371826172e-05,0.0,0.0,,,
400,1775661871.7484734,backward,0.18085693567991257,13317.25,9.689293801784515e-05,0.0,0.0,,,
400,1775661871.7521167,optimizer,0.0025451108813285828,13317.25,2.451986074447632e-05,0.0005173087120056152,0.0004813186824321747,89.0,0.8,20577.0546875
401,1775661871.9837325,forward,0.08420910313725471,13317.25,9.313039481639862e-05,0.0,0.0,,,
401,1775661872.164666,backward,0.1807651724666357,13317.25,9.451992809772491e-05,0.0,0.0,,,
401,1775661872.1683176,optimizer,0.0025640111416578293,13317.25,2.3640692234039307e-05,0.0005163867026567459,0.0004749186336994171,81.0,0.8,20576.68359375
402,1775661872.3989806,forward,0.0842705313116312,13317.25,9.538047015666962e-05,0.0,0.0,,,
402,1775661872.580294,backward,0.18114625848829746,13317.25,9.577162563800812e-05,0.0,0.0,,,
402,1775661872.5843515,optimizer,0.0025695525109767914,13317.25,2.4059787392616272e-05,0.0008935369551181793,0.0004935078322887421,73.0,0.9,20577.05078125
403,1775661872.8160832,forward,0.0842528436332941,13317.25,8.921325206756592e-05,0.0,0.0,,,
403,1775661872.997328,backward,0.1810777187347412,13317.25,9.560026228427887e-05,0.0,0.0,,,
403,1775661873.0010896,optimizer,0.0025532320141792297,13317.25,2.429075539112091e-05,0.0006354618817567825,0.0004742369055747986,64.0,0.8,20576.92578125
404,1775661873.2199144,forward,0.08430066332221031,13317.25,8.670240640640259e-05,0.0,0.0,,,
404,1775661873.4010599,backward,0.1809739675372839,13317.25,9.634159505367279e-05,0.0,0.0,,,
404,1775661873.4051054,optimizer,0.0025739725679159164,13317.25,2.5313347578048706e-05,0.0008864235132932663,0.00048189982771873474,63.0,0.8,20577.046875
405,1775661873.6366756,forward,0.08434169553220272,13317.25,0.0001154821366071701,0.0,0.0,,,
405,1775661873.8178701,backward,0.18101125583052635,13317.25,9.234249591827393e-05,0.0,0.0,,,
405,1775661873.821949,optimizer,0.0026354119181632996,13317.25,2.4279579520225525e-05,0.0008063837885856628,0.0005344301462173462,54.0,0.8,20576.921875
406,1775661874.0536313,forward,0.08419064432382584,13317.25,9.329989552497864e-05,0.0,0.0,,,
406,1775661874.2346048,backward,0.18080680444836617,13317.25,9.484216570854187e-05,0.0,0.0,,,
406,1775661874.2382536,optimizer,0.0025518089532852173,13317.25,2.606213092803955e-05,0.0005246680229902267,0.0004714168608188629,46.0,0.8,20577.04296875
407,1775661874.457234,forward,0.08426736295223236,13317.25,9.117089211940765e-05,0.0,0.0,,,
407,1775661874.6385708,backward,0.18117271177470684,13317.25,9.190291166305542e-05,0.0,0.0,,,
407,1775661874.6426432,optimizer,0.0025538522750139236,13317.25,2.4158507585525513e-05,0.0009439475834369659,0.00047399476170539856,44.0,0.8,20577.65625
408,1775661874.8612747,forward,0.08429833315312862,13317.25,9.353086352348328e-05,0.0,0.0,,,
408,1775661875.0422413,backward,0.18079866468906403,13317.25,9.511038661003113e-05,0.0,0.0,,,
408,1775661875.046167,optimizer,0.00255662202835083,13317.25,2.5641173124313354e-05,0.000790013000369072,0.0004748385399580002,42.0,0.8,20577.53125
409,1775661875.2784789,forward,0.0842086635529995,13317.25,9.035319089889526e-05,0.0,0.0,,,
409,1775661875.4594913,backward,0.18081163242459297,13317.25,9.67029482126236e-05,0.0,0.0,,,
409,1775661875.4660647,optimizer,0.0025541018694639206,13317.25,2.4478882551193237e-05,0.003441154956817627,0.00047702714800834656,99.0,0.8,20577.40625
410,1775661875.685895,forward,0.08417506143450737,13317.25,9.540282189846039e-05,0.0,0.0,,,
410,1775661875.8672657,backward,0.18120456114411354,13317.25,9.387172758579254e-05,0.0,0.0,,,
410,1775661875.8708503,optimizer,0.0025442130863666534,13317.25,2.4199485778808594e-05,0.00046492740511894226,0.0004769992083311081,99.0,0.8,20577.52734375
411,1775661876.102735,forward,0.08421091176569462,13317.25,9.538233280181885e-05,0.0,0.0,,,
411,1775661876.2837443,backward,0.18084576539695263,13317.25,9.305030107498169e-05,0.0,0.0,,,
411,1775661876.2873852,optimizer,0.0025502610951662064,13317.25,2.655014395713806e-05,0.0005143694579601288,0.0004767049103975296,100.0,0.8,20576.91015625
412,1775661876.5166671,forward,0.08425627462565899,13317.25,8.818134665489197e-05,0.0,0.0,,,
412,1775661876.6978974,backward,0.18105975538492203,13317.25,9.623914957046509e-05,0.0,0.0,,,
412,1775661876.7020652,optimizer,0.002548418939113617,13317.25,2.547912299633026e-05,0.001033177599310875,0.00048318877816200256,99.0,0.8,20577.03125
413,1775661876.930833,forward,0.08411330170929432,13317.25,9.077228605747223e-05,0.0,0.0,,,
413,1775661877.1118298,backward,0.18082591518759727,13317.25,9.744428098201752e-05,0.0,0.0,,,
413,1775661877.1154587,optimizer,0.0025363825261592865,13317.25,2.6572495698928833e-05,0.0005159880965948105,0.0004725400358438492,100.0,0.8,20576.90625
414,1775661877.3331835,forward,0.0842104721814394,13317.25,8.775107562541962e-05,0.0,0.0,,,
414,1775661877.5141625,backward,0.18081062473356724,13317.25,9.275227785110474e-05,0.0,0.0,,,
414,1775661877.5177996,optimizer,0.00254049152135849,13317.25,2.709217369556427e-05,0.0005031991750001907,0.00048781558871269226,99.0,0.8,20577.02734375
415,1775661877.7393,forward,0.0842534713447094,13317.25,9.026192128658295e-05,0.0,0.0,,,
415,1775661877.9202821,backward,0.1808147355914116,13317.25,9.493157267570496e-05,0.0,0.0,,,
415,1775661877.924301,optimizer,0.0025389008224010468,13317.25,2.682209014892578e-05,0.0009066034108400345,0.00047327764332294464,100.0,0.8,20577.640625
416,1775661878.1517055,forward,0.08418975211679935,13317.25,9.105168282985687e-05,0.0,0.0,,,
416,1775661878.332697,backward,0.1808300968259573,13317.25,9.190104901790619e-05,0.0,0.0,,,
416,1775661878.3363552,optimizer,0.0025707297027111053,13317.25,2.5080516934394836e-05,0.0005147289484739304,0.0004709959030151367,96.0,0.8,20577.26953125
417,1775661878.5668495,forward,0.08414370194077492,13317.25,9.623169898986816e-05,0.0,0.0,,,
417,1775661878.7478194,backward,0.18080257065594196,13317.25,9.415112435817719e-05,0.0,0.0,,,
417,1775661878.751462,optimizer,0.0025499220937490463,13317.25,2.4119392037391663e-05,0.0005162395536899567,0.000474320724606514,88.0,0.8,20577.14453125
418,1775661878.9741473,forward,0.08416412211954594,13317.25,9.408034384250641e-05,0.0,0.0,,,
418,1775661879.1552343,backward,0.18091663531959057,13317.25,9.74014401435852e-05,0.0,0.0,,,
418,1775661879.1588554,optimizer,0.0025475025177001953,13317.25,2.3759901523590088e-05,0.0004959572106599808,0.000478498637676239,84.0,0.8,20576.7734375
419,1775661879.3857672,forward,0.08417759276926517,13317.25,9.242258965969086e-05,0.0,0.0,,,
419,1775661879.5670738,backward,0.18113629706203938,13317.25,9.758211672306061e-05,0.0,0.0,,,
419,1775661879.5706973,optimizer,0.002541780471801758,13317.25,2.290867269039154e-05,0.0005079377442598343,0.000475078821182251,78.0,0.8,20577.38671875
420,1775661879.792353,forward,0.08418542332947254,13317.25,9.732134640216827e-05,0.0,0.0,,,
420,1775661879.9733763,backward,0.18085531517863274,13317.25,9.617209434509277e-05,0.0,0.0,,,
420,1775661879.976998,optimizer,0.002534151077270508,13317.25,2.701207995414734e-05,0.0005042348057031631,0.00048052147030830383,75.0,0.8,20577.015625
421,1775661880.2051668,forward,0.08416980132460594,13317.25,9.715184569358826e-05,0.0,0.0,,,
421,1775661880.3862867,backward,0.18095155619084835,13317.25,9.641237556934357e-05,0.0,0.0,,,
421,1775661880.3899412,optimizer,0.002560121938586235,13317.25,2.4627894163131714e-05,0.0005092360079288483,0.00048226676881313324,69.0,0.8,20577.62890625
422,1775661880.613684,forward,0.08424801379442215,13317.25,9.563006460666656e-05,0.0,0.0,,,
422,1775661880.7946854,backward,0.1808356326073408,13317.25,9.590201079845428e-05,0.0,0.0,,,
422,1775661880.7983282,optimizer,0.0025516431778669357,13317.25,2.3670494556427002e-05,0.0005135778337717056,0.00047714821994304657,65.0,0.8,20577.2578125
423,1775661881.0195215,forward,0.08423316478729248,13317.25,8.85501503944397e-05,0.0,0.0,,,
423,1775661881.2004397,backward,0.18074998259544373,13317.25,9.580142796039581e-05,0.0,0.0,,,
423,1775661881.2045043,optimizer,0.002583879977464676,13317.25,2.5968998670578003e-05,0.0008981265127658844,0.0004800185561180115,62.0,0.8,20577.1328125
424,1775661881.4340608,forward,0.08416439965367317,13317.25,9.036064147949219e-05,0.0,0.0,,,
424,1775661881.6150348,backward,0.1808039117604494,13317.25,9.634345769882202e-05,0.0,0.0,,,
424,1775661881.6189573,optimizer,0.0025408118963241577,13317.25,2.49519944190979e-05,0.000802941620349884,0.000478304922580719,54.0,0.8,20577.25390625
425,1775661881.8473752,forward,0.08424608409404755,13317.25,0.00010816194117069244,0.0,0.0,,,
425,1775661882.028675,backward,0.1810610480606556,13317.25,9.290874004364014e-05,0.0,0.0,,,
425,1775661882.0323968,optimizer,0.002602212131023407,13317.25,2.4938955903053284e-05,0.0005197208374738693,0.0004964284598827362,47.0,0.8,20577.62109375
426,1775661882.2545524,forward,0.08423911221325397,13317.25,9.09510999917984e-05,0.0,0.0,,,
426,1775661882.4356031,backward,0.1808861941099167,13317.25,9.349174797534943e-05,0.0,0.0,,,
426,1775661882.4396598,optimizer,0.002560179680585861,13317.25,2.4087727069854736e-05,0.0009192060679197311,0.00047501735389232635,44.0,0.8,20577.00390625
427,1775661882.6593993,forward,0.0842701718211174,13317.25,9.104423224925995e-05,0.0,0.0,,,
427,1775661882.8403924,backward,0.18082567304372787,13317.25,9.347312152385712e-05,0.0,0.0,,,
427,1775661882.844448,optimizer,0.002567010000348091,13317.25,2.3500993847846985e-05,0.0009131953120231628,0.0004758089780807495,42.0,0.9,20577.37109375
428,1775661883.063575,forward,0.08414171077311039,13317.25,9.031221270561218e-05,0.0,0.0,,,
428,1775661883.2445877,backward,0.1808431912213564,13317.25,9.407103061676025e-05,0.0,0.0,,,
428,1775661883.2482672,optimizer,0.0025740619748830795,13317.25,2.644956111907959e-05,0.00051838718354702,0.00048289820551872253,40.0,0.8,20577.24609375
429,1775661883.4664874,forward,0.084158631041646,13317.25,9.37003642320633e-05,0.0,0.0,,,
429,1775661883.6474512,backward,0.18079259246587753,13317.25,9.645335376262665e-05,0.0,0.0,,,
429,1775661883.651085,optimizer,0.002542329952120781,13317.25,2.3286789655685425e-05,0.0005161073058843613,0.0004753675311803818,38.0,0.8,20577.3671875
430,1775661883.8696413,forward,0.08420929312705994,13317.25,9.346567094326019e-05,0.0,0.0,,,
430,1775661884.0507119,backward,0.18089895509183407,13317.25,9.600445628166199e-05,0.0,0.0,,,
430,1775661884.0548048,optimizer,0.002561572939157486,13317.25,2.4300068616867065e-05,0.000954965129494667,0.00047542713582515717,37.0,0.8,20576.99609375
431,1775661884.2772398,forward,0.08430063351988792,13317.25,8.853152394294739e-05,0.0,0.0,,,
431,1775661884.4584339,backward,0.18102626875042915,13317.25,9.286962449550629e-05,0.0,0.0,,,
431,1775661884.4632404,optimizer,0.0025400929152965546,13317.25,2.5600194931030273e-05,0.0016892161220312119,0.00047430768609046936,99.0,0.8,20577.1171875
432,1775661884.686206,forward,0.08416344225406647,13317.25,9.274296462535858e-05,0.0,0.0,,,
432,1775661884.8673503,backward,0.1809741836041212,13317.25,9.547919034957886e-05,0.0,0.0,,,
432,1775661884.8709512,optimizer,0.002560582011938095,13317.25,2.368725836277008e-05,0.00046521611511707306,0.0004753079265356064,99.0,0.8,20576.9921875
433,1775661885.1028612,forward,0.08418913930654526,13317.25,9.668059647083282e-05,0.0,0.0,,,
433,1775661885.2838612,backward,0.18081228248775005,13317.25,9.402260184288025e-05,0.0,0.0,,,
433,1775661885.2875175,optimizer,0.002560429275035858,13317.25,2.457946538925171e-05,0.0005246195942163467,0.0004718862473964691,99.0,0.8,20577.11328125
434,1775661885.5184903,forward,0.08422775194048882,13317.25,9.470991790294647e-05,0.0,0.0,,,
434,1775661885.6994948,backward,0.18083669245243073,13317.25,9.658560156822205e-05,0.0,0.0,,,
434,1775661885.7036245,optimizer,0.0025476012378931046,13317.25,2.586841583251953e-05,0.0010086167603731155,0.0004733763635158539,100.0,0.8,20577.234375
435,1775661885.9356494,forward,0.08424164354801178,13317.25,9.040907025337219e-05,0.0,0.0,,,
435,1775661886.1167083,backward,0.18088829703629017,13317.25,9.688176214694977e-05,0.0,0.0,,,
435,1775661886.1207154,optimizer,0.002552071586251259,13317.25,2.2580847144126892e-05,0.0008752550929784775,0.00048016756772994995,100.0,0.8,20576.86328125
436,1775661886.3406823,forward,0.08416445180773735,13317.25,8.809007704257965e-05,0.0,0.0,,,
436,1775661886.5216992,backward,0.18084703385829926,13317.25,9.693019092082977e-05,0.0,0.0,,,
436,1775661886.5253506,optimizer,0.002566171810030937,13317.25,2.5190412998199463e-05,0.0005096383392810822,0.000474635511636734,99.0,0.8,20577.4765625
437,1775661886.7573242,forward,0.08426432497799397,13317.25,9.115226566791534e-05,0.0,0.0,,,
437,1775661886.9383316,backward,0.18084157072007656,13317.25,9.172037243843079e-05,0.0,0.0,,,
437,1775661886.9423385,optimizer,0.002533853054046631,13317.25,2.7779489755630493e-05,0.0008885040879249573,0.00048040784895420074,92.0,0.8,20577.3515625
438,1775661887.1733766,forward,0.08429345488548279,13317.25,9.117089211940765e-05,0.0,0.0,,,
438,1775661887.354389,backward,0.18084524385631084,13317.25,9.433180093765259e-05,0.0,0.0,,,
438,1775661887.3582568,optimizer,0.002548662945628166,13317.25,2.6378780603408813e-05,0.0007399637252092361,0.0004750192165374756,84.0,0.8,20577.47265625
439,1775661887.5855246,forward,0.0841731708496809,13317.25,9.208172559738159e-05,0.0,0.0,,,
439,1775661887.7665558,backward,0.18085976503789425,13317.25,9.274296462535858e-05,0.0,0.0,,,
439,1775661887.7702098,optimizer,0.002557910978794098,13317.25,2.5879591703414917e-05,0.000519968569278717,0.0004705674946308136,77.0,0.8,20577.1015625
440,1775661887.9998443,forward,0.08417038433253765,13317.25,9.329244494438171e-05,0.0,0.0,,,
440,1775661888.1807964,backward,0.18078246340155602,13317.25,9.517185389995575e-05,0.0,0.0,,,
440,1775661888.1844711,optimizer,0.0025780387222766876,13317.25,2.470053732395172e-05,0.0005243178457021713,0.00047081708908081055,70.0,0.8,20576.73046875
441,1775661888.4040878,forward,0.08408714085817337,13317.25,9.367242455482483e-05,0.0,0.0,,,
441,1775661888.5852413,backward,0.18098603561520576,13317.25,9.612180292606354e-05,0.0,0.0,,,
441,1775661888.5889084,optimizer,0.002555588260293007,13317.25,2.68593430519104e-05,0.0005279816687107086,0.00048054009675979614,68.0,0.8,20577.34375
442,1775661888.8078513,forward,0.08417862094938755,13317.25,9.508058428764343e-05,0.0,0.0,,,
442,1775661888.9889011,backward,0.18088015355169773,13317.25,9.61795449256897e-05,0.0,0.0,,,
442,1775661888.992626,optimizer,0.002548329532146454,13317.25,2.5467947125434875e-05,0.0005993396043777466,0.0004756469279527664,66.0,0.8,20577.46484375
443,1775661889.224941,forward,0.08418312296271324,13317.25,9.468197822570801e-05,0.0,0.0,,,
443,1775661889.4059453,backward,0.18083859235048294,13317.25,9.68296080827713e-05,0.0,0.0,,,
443,1775661889.4095824,optimizer,0.0025354716926813126,13317.25,2.400018274784088e-05,0.0005097892135381699,0.000491555780172348,58.0,0.8,20577.5859375
444,1775661889.6363888,forward,0.08421660400927067,13317.25,8.799135684967041e-05,0.0,0.0,,,
444,1775661889.8174102,backward,0.18085402622818947,13317.25,9.646080434322357e-05,0.0,0.0,,,
444,1775661889.8214288,optimizer,0.0025572404265403748,13317.25,2.5060027837753296e-05,0.0008838977664709091,0.00047569721937179565,52.0,0.8,20577.4609375
445,1775661890.0485625,forward,0.08419003151357174,13317.25,9.154155850410461e-05,0.0,0.0,,,
445,1775661890.2296083,backward,0.18086997605860233,13317.25,0.00010072439908981323,0.0,0.0,,,
445,1775661890.2332554,optimizer,0.002549249678850174,13317.25,2.5948509573936462e-05,0.0005229879170656204,0.0004768203943967819,46.0,0.8,20577.08984375
446,1775661890.4598567,forward,0.08416675217449665,13317.25,8.982047438621521e-05,0.0,0.0,,,
446,1775661890.6408281,backward,0.18080375157296658,13317.25,9.361095726490021e-05,0.0,0.0,,,
446,1775661890.6444678,optimizer,0.002534613013267517,13317.25,2.5430694222450256e-05,0.0005247499793767929,0.000478256493806839,40.0,0.8,20577.2109375
447,1775661890.8621404,forward,0.08414793200790882,13317.25,9.043142199516296e-05,0.0,0.0,,,
447,1775661891.0430956,backward,0.1807675138115883,13317.25,0.0001126900315284729,0.0,0.0,,,
447,1775661891.0477054,optimizer,0.0034050438553094864,13317.25,2.649053931236267e-05,0.0005283895879983902,0.000512927770614624,39.0,0.8,20577.33203125
448,1775661891.2668939,forward,0.08427509479224682,13317.25,9.046122431755066e-05,0.0,0.0,,,
448,1775661891.448021,backward,0.18095959722995758,13317.25,9.295344352722168e-05,0.0,0.0,,,
448,1775661891.4517012,optimizer,0.002535289153456688,13317.25,2.3592263460159302e-05,0.0005734693259000778,0.0004710778594017029,37.0,0.8,20577.453125
449,1775661891.6739163,forward,0.08431792445480824,13317.25,8.989311754703522e-05,0.0,0.0,,,
449,1775661891.854917,backward,0.1808301843702793,13317.25,9.46391373872757e-05,0.0,0.0,,,
449,1775661891.8609066,optimizer,0.0025547128170728683,13317.25,2.4590641260147095e-05,0.0028595048934221268,0.00047449953854084015,99.0,0.8,20576.8359375
450,1775661892.0880044,forward,0.08418230153620243,13317.25,9.253248572349548e-05,0.0,0.0,,,
450,1775661892.2690258,backward,0.18085082434117794,13317.25,9.408220648765564e-05,0.0,0.0,,,
450,1775661892.272629,optimizer,0.0025559011846780777,13317.25,2.67811119556427e-05,0.00046572834253311157,0.0004761163145303726,100.0,0.8,20576.46484375
451,1775661892.504101,forward,0.08418806083500385,13317.25,9.324401617050171e-05,0.0,0.0,,,
451,1775661892.6854317,backward,0.18116020038723946,13317.25,9.580142796039581e-05,0.0,0.0,,,
451,1775661892.6890812,optimizer,0.002551782876253128,13317.25,2.7708709239959717e-05,0.0005184877663850784,0.00047460757195949554,99.0,0.9,20577.32421875
452,1775661892.9191124,forward,0.08417745307087898,13317.25,9.656138718128204e-05,0.0,0.0,,,
452,1775661893.100029,backward,0.18074972368776798,13317.25,9.57828015089035e-05,0.0,0.0,,,
452,1775661893.103683,optimizer,0.0025569405406713486,13317.25,2.5529414415359497e-05,0.0005242694169282913,0.00047002173960208893,100.0,0.8,20577.4453125
453,1775661893.3239698,forward,0.08417730033397675,13317.25,9.616278111934662e-05,0.0,0.0,,,
453,1775661893.5050006,backward,0.1808619163930416,13317.25,9.731203317642212e-05,0.0,0.0,,,
453,1775661893.5086417,optimizer,0.0025513209402561188,13317.25,2.500973641872406e-05,0.0005099773406982422,0.00047638826072216034,100.0,0.8,20577.3203125
454,1775661893.7366838,forward,0.08427498489618301,13317.25,9.684078395366669e-05,0.0,0.0,,,
454,1775661893.9180999,backward,0.1812462229281664,13317.25,9.737163782119751e-05,0.0,0.0,,,
454,1775661893.9217637,optimizer,0.002550201490521431,13317.25,2.3750588297843933e-05,0.0005233492702245712,0.0004888363182544708,99.0,0.8,20577.1953125
455,1775661894.1523001,forward,0.08433167636394501,13317.25,8.84421169757843e-05,0.0,0.0,,,
455,1775661894.3333535,backward,0.1808815449476242,13317.25,9.665079414844513e-05,0.0,0.0,,,
455,1775661894.337273,optimizer,0.00254233181476593,13317.25,2.392008900642395e-05,0.0007964447140693665,0.00048007816076278687,93.0,0.8,20577.0703125
456,1775661894.5559309,forward,0.08433218486607075,13317.25,8.648261427879333e-05,0.0,0.0,,,
456,1775661894.7369177,backward,0.18081407062709332,13317.25,9.609200060367584e-05,0.0,0.0,,,
456,1775661894.7407978,optimizer,0.0025486014783382416,13317.25,2.750195562839508e-05,0.0007473118603229523,0.0004811082035303116,91.0,0.8,20576.9453125
457,1775661894.9711661,forward,0.08421529270708561,13317.25,9.014271199703217e-05,0.0,0.0,,,
457,1775661895.1521852,backward,0.18082987517118454,13317.25,9.334087371826172e-05,0.0,0.0,,,
457,1775661895.156025,optimizer,0.002542620524764061,13317.25,2.5199726223945618e-05,0.000721251592040062,0.0004736892879009247,84.0,0.8,20577.06640625
458,1775661895.3760133,forward,0.0842933040112257,13317.25,9.175017476081848e-05,0.0,0.0,,,
458,1775661895.5573285,backward,0.18114603869616985,13317.25,9.5343217253685e-05,0.0,0.0,,,
458,1775661895.5609686,optimizer,0.00254778191447258,13317.25,2.4741515517234802e-05,0.0005166605114936829,0.00047338753938674927,81.0,0.8,20577.171875
459,1775661895.7924316,forward,0.08428123220801353,13317.25,9.209103882312775e-05,0.0,0.0,,,
459,1775661895.9734983,backward,0.18089504353702068,13317.25,9.51029360294342e-05,0.0,0.0,,,
459,1775661895.9775224,optimizer,0.0025538112968206406,13317.25,2.387911081314087e-05,0.0008813627064228058,0.00047234073281288147,73.0,0.8,20577.046875
460,1775661896.1960316,forward,0.08431428484618664,13317.25,9.281188249588013e-05,0.0,0.0,,,
460,1775661896.3769908,backward,0.18078957125544548,13317.25,9.318254888057709e-05,0.0,0.0,,,
460,1775661896.3806505,optimizer,0.0025614798069000244,13317.25,2.7412548661231995e-05,0.0005166064947843552,0.00047168880701065063,71.0,0.8,20576.921875
461,1775661896.5999339,forward,0.084134291857481,13317.25,9.43206250667572e-05,0.0,0.0,,,
461,1775661896.7812533,backward,0.1811526995152235,13317.25,9.491108357906342e-05,0.0,0.0,,,
461,1775661896.784909,optimizer,0.0025525111705064774,13317.25,2.4920329451560974e-05,0.000523347407579422,0.0004759952425956726,69.0,0.8,20577.04296875
462,1775661897.007603,forward,0.08422928117215633,13317.25,9.449198842048645e-05,0.0,0.0,,,
462,1775661897.1887484,backward,0.18097491562366486,13317.25,9.547173976898193e-05,0.0,0.0,,,
462,1775661897.1924047,optimizer,0.002564363181591034,13317.25,2.4711713194847107e-05,0.0005163475871086121,0.0004759281873703003,65.0,0.8,20577.65625
463,1775661897.409737,forward,0.08422449231147766,13317.25,9.311176836490631e-05,0.0,0.0,,,
463,1775661897.590985,backward,0.1810769885778427,13317.25,9.739957749843597e-05,0.0,0.0,,,
463,1775661897.594985,optimizer,0.0025604721158742905,13317.25,2.6667490601539612e-05,0.0008561573922634125,0.000478619709610939,64.0,0.8,20577.53125
464,1775661897.8265584,forward,0.08421837165951729,13317.25,9.674206376075745e-05,0.0,0.0,,,
464,1775661898.0076146,backward,0.18088664673268795,13317.25,9.426102042198181e-05,0.0,0.0,,,
464,1775661898.0112448,optimizer,0.0025486797094345093,13317.25,2.686120569705963e-05,0.0005030781030654907,0.0004763677716255188,55.0,0.8,20577.16015625
465,1775661898.2404797,forward,0.08413399010896683,13317.25,9.656138718128204e-05,0.0,0.0,,,
465,1775661898.4216173,backward,0.1809675358235836,13317.25,0.00010010972619056702,0.0,0.0,,,
465,1775661898.4252522,optimizer,0.0025551412254571915,13317.25,2.3867934942245483e-05,0.0005094278603792191,0.0004776269197463989,48.0,0.8,20577.28125
466,1775661898.6579278,forward,0.0841803215444088,13317.25,8.832290768623352e-05,0.0,0.0,,,
466,1775661898.8389773,backward,0.1808812227100134,13317.25,9.579956531524658e-05,0.0,0.0,,,
466,1775661898.842619,optimizer,0.002565469592809677,13317.25,2.51084566116333e-05,0.0005014091730117798,0.0004731081426143646,40.0,0.8,20577.15625
467,1775661899.0612845,forward,0.08413474261760712,13317.25,8.787214756011963e-05,0.0,0.0,,,
467,1775661899.242244,backward,0.18078595399856567,13317.25,9.817257523536682e-05,0.0,0.0,,,
467,1775661899.2459414,optimizer,0.002556111663579941,13317.25,2.489052712917328e-05,0.0005257073789834976,0.0005153398960828781,38.0,0.8,20575.79296875
468,1775661899.4669838,forward,0.08414090983569622,13317.25,9.042024612426758e-05,0.0,0.0,,,
468,1775661899.647992,backward,0.18083656392991543,13317.25,9.874068200588226e-05,0.0,0.0,,,
468,1775661899.6516116,optimizer,0.00255378894507885,13317.25,2.7062371373176575e-05,0.0004894677549600601,0.0004740767180919647,35.0,0.8,20575.7578125
469,1775661899.8692837,forward,0.08429408445954323,13317.25,9.097158908843994e-05,0.0,0.0,,,
469,1775661900.0503373,backward,0.18088527396321297,13317.25,9.344331920146942e-05,0.0,0.0,,,
469,1775661900.0585144,optimizer,0.002552969381213188,13317.25,2.4631619453430176e-05,0.005048179998993874,0.0004740990698337555,99.0,0.8,20575.87890625
470,1775661900.2774243,forward,0.08443285711109638,13317.25,9.032897651195526e-05,0.0,0.0,,,
470,1775661900.4585524,backward,0.1809619851410389,13317.25,9.260140359401703e-05,0.0,0.0,,,
470,1775661900.4621391,optimizer,0.00254744291305542,13317.25,2.508983016014099e-05,0.00046523846685886383,0.00047160685062408447,99.0,0.8,20576.24609375
471,1775661900.6829474,forward,0.08414892293512821,13317.25,9.143166244029999e-05,0.0,0.0,,,
471,1775661900.8640125,backward,0.180897057056427,13317.25,9.440071880817413e-05,0.0,0.0,,,
471,1775661900.8676083,optimizer,0.0025528203696012497,13317.25,2.6531517505645752e-05,0.0004645269364118576,0.00047725439071655273,100.0,0.8,20576.12109375
472,1775661901.0972297,forward,0.08420048281550407,13317.25,9.59206372499466e-05,0.0,0.0,,,
472,1775661901.2781456,backward,0.18075047247111797,13317.25,9.328313171863556e-05,0.0,0.0,,,
472,1775661901.2818093,optimizer,0.0025584492832422256,13317.25,2.5948509573936462e-05,0.0005160272121429443,0.0004855487495660782,100.0,0.8,20577.46875
473,1775661901.515057,forward,0.08421395346522331,13317.25,9.309127926826477e-05,0.0,0.0,,,
473,1775661901.6960304,backward,0.18080448359251022,13317.25,9.639188647270203e-05,0.0,0.0,,,
473,1775661901.6996722,optimizer,0.0025559403002262115,13317.25,2.4590641260147095e-05,0.0005012582987546921,0.00047798827290534973,100.0,0.8,20577.8359375
474,1775661901.9196365,forward,0.08417833223938942,13317.25,0.00022734329104423523,0.0,0.0,,,
474,1775661902.1006942,backward,0.18086650408804417,13317.25,9.424984455108643e-05,0.0,0.0,,,
474,1775661902.1043282,optimizer,0.002546612173318863,13317.25,2.4201348423957825e-05,0.0005089957267045975,0.00047560036182403564,99.0,0.8,20577.7109375
475,1775661902.3361638,forward,0.08421413414180279,13317.25,9.367242455482483e-05,0.0,0.0,,,
475,1775661902.5170877,backward,0.18075559101998806,13317.25,9.530223906040192e-05,0.0,0.0,,,
475,1775661902.52077,optimizer,0.0025510527193546295,13317.25,2.3379921913146973e-05,0.0005150884389877319,0.0005154479295015335,99.0,0.8,20577.83203125
476,1775661902.7510333,forward,0.08426323533058167,13317.25,9.350106120109558e-05,0.0,0.0,,,
476,1775661902.932062,backward,0.18086186610162258,13317.25,9.756907820701599e-05,0.0,0.0,,,
476,1775661902.9360006,optimizer,0.0024791304022073746,13317.25,2.6240944862365723e-05,0.0008833035826683044,0.00047526881098747253,92.0,0.8,20578.19921875
477,1775661903.1548102,forward,0.08416484296321869,13317.25,8.95429402589798e-05,0.0,0.0,,,
477,1775661903.335822,backward,0.1808410845696926,13317.25,9.682402014732361e-05,0.0,0.0,,,
477,1775661903.3394685,optimizer,0.002560459077358246,13317.25,2.3288652300834656e-05,0.0005094390362501144,0.0004779379814863205,90.0,0.8,20577.58203125
478,1775661903.5610554,forward,0.08416590094566345,13317.25,8.896179497241974e-05,0.0,0.0,,,
478,1775661903.7420557,backward,0.1808315645903349,13317.25,9.721331298351288e-05,0.0,0.0,,,
478,1775661903.7458334,optimizer,0.002551240846514702,13317.25,2.5780871510505676e-05,0.0006344206631183624,0.0004903487861156464,87.0,0.8,20577.45703125
479,1775661903.966397,forward,0.08419841155409813,13317.25,8.817203342914581e-05,0.0,0.0,,,
479,1775661904.1473746,backward,0.18080552481114864,13317.25,9.758211672306061e-05,0.0,0.0,,,
479,1775661904.1509814,optimizer,0.0025380700826644897,13317.25,2.3409724235534668e-05,0.00048552826046943665,0.0004824493080377579,85.0,0.9,20577.33203125
480,1775661904.381228,forward,0.08418986387550831,13317.25,8.903071284294128e-05,0.0,0.0,,,
480,1775661904.5623882,backward,0.18099387548863888,13317.25,9.368918836116791e-05,0.0,0.0,,,
480,1775661904.5660465,optimizer,0.0025558602064847946,13317.25,2.674013376235962e-05,0.0005265288054943085,0.00047340430319309235,77.0,0.8,20578.19140625
481,1775661904.79472,forward,0.08417439833283424,13317.25,9.122304618358612e-05,0.0,0.0,,,
481,1775661904.975859,backward,0.18094270676374435,13317.25,9.376183152198792e-05,0.0,0.0,,,
481,1775661904.9794962,optimizer,0.0025388821959495544,13317.25,2.5879591703414917e-05,0.000516548752784729,0.0004760976880788803,70.0,0.8,20577.8203125
482,1775661905.2135053,forward,0.08420791290700436,13317.25,9.395182132720947e-05,0.0,0.0,,,
482,1775661905.3944864,backward,0.18080760538578033,13317.25,9.414181113243103e-05,0.0,0.0,,,
482,1775661905.3981252,optimizer,0.0025436412543058395,13317.25,2.57100909948349e-05,0.0005170684307813644,0.0004751570522785187,61.0,0.8,20577.6953125
483,1775661905.626851,forward,0.08417478390038013,13317.25,9.476020932197571e-05,0.0,0.0,,,
483,1775661905.808055,backward,0.18103369511663914,13317.25,9.620003402233124e-05,0.0,0.0,,,
483,1775661905.8120105,optimizer,0.0025562215596437454,13317.25,2.5911256670951843e-05,0.0008175745606422424,0.00047744810581207275,54.0,0.8,20577.32421875
484,1775661906.0321057,forward,0.0843196939677,13317.25,9.888969361782074e-05,0.0,0.0,,,
484,1775661906.2131708,backward,0.18089568614959717,13317.25,9.598210453987122e-05,0.0,0.0,,,
484,1775661906.2171977,optimizer,0.0025459397584199905,13317.25,2.4100765585899353e-05,0.0009041745215654373,0.00047608837485313416,51.0,0.8,20577.69140625
485,1775661906.4434378,forward,0.08420775271952152,13317.25,9.108148515224457e-05,0.0,0.0,,,
485,1775661906.6244638,backward,0.1808573566377163,13317.25,9.561143815517426e-05,0.0,0.0,,,
485,1775661906.6281288,optimizer,0.002569962292909622,13317.25,2.5292858481407166e-05,0.0005167014896869659,0.0004761684685945511,46.0,0.8,20577.8046875
486,1775661906.8470297,forward,0.08422903344035149,13317.25,9.65707004070282e-05,0.0,0.0,,,
486,1775661907.0279872,backward,0.18079126439988613,13317.25,9.563937783241272e-05,0.0,0.0,,,
486,1775661907.0319664,optimizer,0.002544030547142029,13317.25,2.4013221263885498e-05,0.0008499976247549057,0.0004845745861530304,44.0,0.8,20578.171875
487,1775661907.2530246,forward,0.0842412244528532,13317.25,9.642168879508972e-05,0.0,0.0,,,
487,1775661907.4340253,backward,0.18083603493869305,13317.25,9.647198021411896e-05,0.0,0.0,,,
487,1775661907.437669,optimizer,0.0025358088314533234,13317.25,2.541951835155487e-05,0.0005168262869119644,0.0004888288676738739,41.0,0.8,20577.80078125
488,1775661907.6677158,forward,0.08428049273788929,13317.25,8.921884000301361e-05,0.0,0.0,,,
488,1775661907.8488612,backward,0.180976714938879,13317.25,9.547173976898193e-05,0.0,0.0,,,
488,1775661907.8560576,optimizer,0.0025503449141979218,13317.25,2.3659318685531616e-05,0.0040695033967494965,0.0004754159599542618,99.0,0.8,20577.67578125
489,1775661908.0897405,forward,0.0842401534318924,13317.25,9.119883179664612e-05,0.0,0.0,,,
489,1775661908.2708733,backward,0.18096290528774261,13317.25,9.470246732234955e-05,0.0,0.0,,,
489,1775661908.2748241,optimizer,0.002555031329393387,13317.25,3.629922866821289e-05,0.0008115749806165695,0.00047074630856513977,99.0,0.8,20577.55078125
490,1775661908.507519,forward,0.08425730280578136,13317.25,9.195320308208466e-05,0.0,0.0,,,
490,1775661908.6885316,backward,0.1808459646999836,13317.25,9.378045797348022e-05,0.0,0.0,,,
490,1775661908.6924777,optimizer,0.0025409795343875885,13317.25,2.470053732395172e-05,0.0008309017866849899,0.00047216005623340607,100.0,0.8,20578.41015625
491,1775661908.9130082,forward,0.08415346965193748,13317.25,9.164959192276001e-05,0.0,0.0,,,
491,1775661909.094051,backward,0.18087416514754295,13317.25,9.456276893615723e-05,0.0,0.0,,,
491,1775661909.097702,optimizer,0.002543412148952484,13317.25,2.5000423192977905e-05,0.000517508015036583,0.0004862360656261444,99.0,0.8,20578.0390625
492,1775661909.3416662,forward,0.0844500157982111,13317.25,9.428523480892181e-05,0.0,0.0,,,
492,1775661909.5228379,backward,0.18100068718194962,13317.25,9.579025208950043e-05,0.0,0.0,,,
492,1775661909.5265162,optimizer,0.0025737322866916656,13317.25,2.4043023586273193e-05,0.0005328580737113953,0.00047339871525764465,96.0,0.9,20578.16015625
493,1775661909.7508612,forward,0.08428477123379707,13317.25,9.503215551376343e-05,0.0,0.0,,,
493,1775661909.932163,backward,0.1811375990509987,13317.25,9.48924571275711e-05,0.0,0.0,,,
493,1775661909.9359772,optimizer,0.002545541152358055,13317.25,2.5251880288124084e-05,0.0006932597607374191,0.00047351792454719543,91.0,0.8,20577.54296875
494,1775661910.1675801,forward,0.08426614105701447,13317.25,8.784979581832886e-05,0.0,0.0,,,
494,1775661910.3485696,backward,0.18082083575427532,13317.25,9.732134640216827e-05,0.0,0.0,,,
494,1775661910.3525212,optimizer,0.00256258063018322,13317.25,2.6188790798187256e-05,0.0008051302284002304,0.0004833284765481949,83.0,0.8,20578.15625
495,1775661910.5714185,forward,0.08425049483776093,13317.25,8.961185812950134e-05,0.0,0.0,,,
495,1775661910.7525513,backward,0.18096156604588032,13317.25,9.661167860031128e-05,0.0,0.0,,,
495,1775661910.7562137,optimizer,0.002566451206803322,13317.25,2.498924732208252e-05,0.0005163401365280151,0.00047857873141765594,81.0,0.8,20578.03125
496,1775661910.9861102,forward,0.08423841372132301,13317.25,9.055249392986298e-05,0.0,0.0,,,
496,1775661911.1670663,backward,0.18078871443867683,13317.25,9.354017674922943e-05,0.0,0.0,,,
496,1775661911.1710465,optimizer,0.0025483816862106323,13317.25,2.3268163204193115e-05,0.0008534975349903107,0.00047739967703819275,74.0,0.8,20577.66015625
497,1775661911.4018946,forward,0.08419959433376789,13317.25,9.27802175283432e-05,0.0,0.0,,,
497,1775661911.583187,backward,0.1811232976615429,13317.25,9.262189269065857e-05,0.0,0.0,,,
497,1775661911.586821,optimizer,0.0025610700249671936,13317.25,2.3540109395980835e-05,0.000501047819852829,0.00047262758016586304,66.0,0.8,20578.2734375
498,1775661911.8186724,forward,0.0841144323348999,13317.25,9.31713730096817e-05,0.0,0.0,,,
498,1775661911.9996266,backward,0.18078337237238884,13317.25,9.591132402420044e-05,0.0,0.0,,,
498,1775661912.00327,optimizer,0.0025566816329956055,13317.25,2.4201348423957825e-05,0.0005082003772258759,0.00047632865607738495,57.0,0.8,20579.1328125
499,1775661912.2372966,forward,0.08412986248731613,13317.25,9.473972022533417e-05,0.0,0.0,,,
499,1775661912.4183662,backward,0.1809011660516262,13317.25,9.461119771003723e-05,0.0,0.0,,,
499,1775661912.4220138,optimizer,0.0025514792650938034,13317.25,2.419203519821167e-05,0.0005183368921279907,0.0004750695079565048,48.0,0.8,20579.25390625
500,1775661912.6432023,forward,0.08419768139719963,13317.25,9.159184992313385e-05,0.0,0.0,,,
500,1775661912.8241274,backward,0.1807581726461649,13317.25,9.475275874137878e-05,0.0,0.0,,,
500,1775661912.8277645,optimizer,0.0025423001497983932,13317.25,2.3869797587394714e-05,0.000522807240486145,0.0004745982587337494,45.0,0.9,20579.12890625
501,1775661913.0488386,forward,0.08424073457717896,13317.25,9.568221867084503e-05,0.0,0.0,,,
501,1775661913.2299063,backward,0.1808984838426113,13317.25,9.686872363090515e-05,0.0,0.0,,,
501,1775661913.2338455,optimizer,0.0025465991348028183,13317.25,2.464093267917633e-05,0.0008014719933271408,0.00048788636922836304,42.0,0.8,20579.00390625
502,1775661913.4554853,forward,0.08419498428702354,13317.25,9.388290345668793e-05,0.0,0.0,,,
502,1775661913.6365137,backward,0.18086128681898117,13317.25,9.56319272518158e-05,0.0,0.0,,,
502,1775661913.640194,optimizer,0.0025782715529203415,13317.25,2.4490058422088623e-05,0.0005240589380264282,0.0004771184176206589,39.0,0.8,20579.37109375
503,1775661913.8696566,forward,0.0842348113656044,13317.25,9.546056389808655e-05,0.0,0.0,,,
503,1775661914.05065,backward,0.18082313425838947,13317.25,9.7690150141716e-05,0.0,0.0,,,
503,1775661914.0544515,optimizer,0.002546418458223343,13317.25,2.3560598492622375e-05,0.0006809607148170471,0.0004753377288579941,100.0,0.8,20579.24609375
504,1775661914.2754412,forward,0.08413640968501568,13317.25,8.7689608335495e-05,0.0,0.0,,,
504,1775661914.4564865,backward,0.18087182380259037,13317.25,9.61795449256897e-05,0.0,0.0,,,
504,1775661914.4600835,optimizer,0.0025579724460840225,13317.25,2.5698915123939514e-05,0.00045894645154476166,0.0004779398441314697,100.0,0.8,20579.61328125
505,1775661914.6927795,forward,0.08417785912752151,13317.25,8.916296064853668e-05,0.0,0.0,,,
505,1775661914.8737643,backward,0.1807984933257103,13317.25,9.378045797348022e-05,0.0,0.0,,,
505,1775661914.8773944,optimizer,0.002535790205001831,13317.25,2.6213005185127258e-05,0.0005167070776224136,0.00047441571950912476,99.0,0.8,20578.75
506,1775661915.1088154,forward,0.08425849303603172,13317.25,9.254924952983856e-05,0.0,0.0,,,
506,1775661915.2897758,backward,0.1807932611554861,13317.25,9.276159107685089e-05,0.0,0.0,,,
506,1775661915.2938852,optimizer,0.002550670877099037,13317.25,2.682022750377655e-05,0.0009586643427610397,0.0004974585026502609,99.0,0.8,20578.87109375
507,1775661915.5252602,forward,0.08419868163764477,13317.25,9.458139538764954e-05,0.0,0.0,,,
507,1775661915.7061834,backward,0.18075642175972462,13317.25,9.438209235668182e-05,0.0,0.0,,,
507,1775661915.7102814,optimizer,0.0025400295853614807,13317.25,2.4849548935890198e-05,0.0009815171360969543,0.0004735775291919708,100.0,0.8,20579.484375
508,1775661915.9302642,forward,0.08419565297663212,13317.25,9.153038263320923e-05,0.0,0.0,,,
508,1775661916.111284,backward,0.18084881454706192,13317.25,9.487941861152649e-05,0.0,0.0,,,
508,1775661916.114933,optimizer,0.0025547631084918976,13317.25,2.5328248739242554e-05,0.0005169771611690521,0.00047388672828674316,99.0,0.8,20579.359375
509,1775661916.3409958,forward,0.08419657126069069,13317.25,9.107962250709534e-05,0.0,0.0,,,
509,1775661916.5223374,backward,0.18117004074156284,13317.25,9.605102241039276e-05,0.0,0.0,,,
509,1775661916.5259964,optimizer,0.002551281824707985,13317.25,2.6131048798561096e-05,0.0005182977765798569,0.000487007200717926,95.0,0.8,20579.234375
510,1775661916.7454271,forward,0.08427847735583782,13317.25,9.395182132720947e-05,0.0,0.0,,,
510,1775661916.9263878,backward,0.18079107254743576,13317.25,9.511038661003113e-05,0.0,0.0,,,
510,1775661916.9303489,optimizer,0.002556990832090378,13317.25,2.4069100618362427e-05,0.0008231941610574722,0.00048101507127285004,93.0,0.8,20579.35546875
511,1775661917.156969,forward,0.0842013917863369,13317.25,9.503960609436035e-05,0.0,0.0,,,
511,1775661917.3380036,backward,0.18087153509259224,13317.25,9.451247751712799e-05,0.0,0.0,,,
511,1775661917.3417876,optimizer,0.002532731741666794,13317.25,2.6088207960128784e-05,0.0006638988852500916,0.00048332661390304565,87.0,0.8,20578.73828125
512,1775661917.5696678,forward,0.08423781022429466,13317.25,9.715184569358826e-05,0.0,0.0,,,
512,1775661917.7506464,backward,0.18081429228186607,13317.25,9.565241634845734e-05,0.0,0.0,,,
512,1775661917.7542882,optimizer,0.0025513097643852234,13317.25,2.4119392037391663e-05,0.0005123578011989594,0.00047638826072216034,81.0,0.8,20579.10546875
513,1775661917.980939,forward,0.08421379327774048,13317.25,8.82912427186966e-05,0.0,0.0,,,
513,1775661918.1620932,backward,0.18098482862114906,13317.25,9.587034583091736e-05,0.0,0.0,,,
513,1775661918.1657403,optimizer,0.0025384798645973206,13317.25,2.5210902094841003e-05,0.0005165878683328629,0.0004904177039861679,75.0,0.8,20578.98046875
514,1775661918.3888514,forward,0.08441346511244774,13317.25,0.00011603161692619324,0.0,0.0,,,
514,1775661918.5703173,backward,0.181275961920619,13317.25,9.691156446933746e-05,0.0,0.0,,,
514,1775661918.5741313,optimizer,0.0026539117097854614,13317.25,2.526305615901947e-05,0.000527597963809967,0.0005307309329509735,71.0,0.8,20579.1015625
515,1775661918.8081186,forward,0.08422841504216194,13317.25,8.901208639144897e-05,0.0,0.0,,,
515,1775661918.9890842,backward,0.1807941347360611,13317.25,9.492039680480957e-05,0.0,0.0,,,
515,1775661918.9931376,optimizer,0.0025600120425224304,13317.25,2.4940818548202515e-05,0.0009148027747869492,0.0004759691655635834,61.0,0.8,20578.9765625
516,1775661919.223667,forward,0.0842136051505804,13317.25,9.262003004550934e-05,0.0,0.0,,,
516,1775661919.4046018,backward,0.18076586350798607,13317.25,9.667128324508667e-05,0.0,0.0,,,
516,1775661919.4086185,optimizer,0.002570420503616333,13317.25,2.5328248739242554e-05,0.0008678920567035675,0.00047315657138824463,54.0,0.8,20579.34375
517,1775661919.6273916,forward,0.08429684489965439,13317.25,9.365007281303406e-05,0.0,0.0,,,
517,1775661919.8083992,backward,0.18084080517292023,13317.25,9.444914758205414e-05,0.0,0.0,,,
517,1775661919.8124356,optimizer,0.0025718919932842255,13317.25,2.380087971687317e-05,0.0008850842714309692,0.0004764273762702942,52.0,0.8,20579.21875
518,1775661920.031057,forward,0.08422905206680298,13317.25,9.337067604064941e-05,0.0,0.0,,,
518,1775661920.2121701,backward,0.18094157613813877,13317.25,9.584054350852966e-05,0.0,0.0,,,
518,1775661920.2158272,optimizer,0.002556832507252693,13317.25,2.8468668460845947e-05,0.0005184691399335861,0.00047492794692516327,50.0,0.8,20579.5859375
519,1775661920.435599,forward,0.08419903554022312,13317.25,9.276159107685089e-05,0.0,0.0,,,
519,1775661920.6165655,backward,0.1807988751679659,13317.25,9.271129965782166e-05,0.0,0.0,,,
519,1775661920.6202273,optimizer,0.002560829743742943,13317.25,2.432800829410553e-05,0.0005252398550510406,0.0004726387560367584,47.0,0.9,20583.15234375
520,1775661920.8486974,forward,0.08422339335083961,13317.25,9.502284228801727e-05,0.0,0.0,,,
520,1775661921.0296538,backward,0.18078701198101044,13317.25,9.458139538764954e-05,0.0,0.0,,,
520,1775661921.0333803,optimizer,0.0025461819022893906,13317.25,2.644769847393036e-05,0.0006001181900501251,0.00047652795910835266,41.0,0.8,20583.2734375
521,1775661921.2528372,forward,0.08412602357566357,13317.25,9.33036208152771e-05,0.0,0.0,,,
521,1775661921.4339283,backward,0.18092221580445766,13317.25,9.56319272518158e-05,0.0,0.0,,,
521,1775661921.4375944,optimizer,0.0025513917207717896,13317.25,2.4799257516860962e-05,0.0005183480679988861,0.0004923269152641296,39.0,0.8,20583.84765625
522,1775661921.666573,forward,0.08431413397192955,13317.25,9.572133421897888e-05,0.0,0.0,,,
522,1775661921.8475366,backward,0.18079815432429314,13317.25,9.422190487384796e-05,0.0,0.0,,,
522,1775661921.8516607,optimizer,0.0025462117046117783,13317.25,2.3968517780303955e-05,0.0010003168135881424,0.00047774799168109894,100.0,0.8,20583.4765625
523,1775661922.0814495,forward,0.08426320552825928,13317.25,9.712204337120056e-05,0.0,0.0,,,
523,1775661922.2626936,backward,0.1810760200023651,13317.25,9.753182530403137e-05,0.0,0.0,,,
523,1775661922.2667217,optimizer,0.002563251182436943,13317.25,2.6298686861991882e-05,0.0008855927735567093,0.00047696754336357117,99.0,0.8,20583.10546875
524,1775661922.4858851,forward,0.08421558141708374,13317.25,8.733011782169342e-05,0.0,0.0,,,
524,1775661922.6669073,backward,0.18085401505231857,13317.25,9.705312550067902e-05,0.0,0.0,,,
524,1775661922.6709373,optimizer,0.002554912120103836,13317.25,2.4849548935890198e-05,0.000896962359547615,0.0004767179489135742,100.0,0.9,20583.71875
525,1775661922.89646,forward,0.08416705206036568,13317.25,9.184889495372772e-05,0.0,0.0,,,
525,1775661923.0775318,backward,0.1808988656848669,13317.25,9.941309690475464e-05,0.0,0.0,,,
525,1775661923.0811741,optimizer,0.0025404803454875946,13317.25,2.419017255306244e-05,0.0005228277295827866,0.0004747789353132248,100.0,0.8,20583.59375
526,1775661923.3122907,forward,0.08418184146285057,13317.25,9.350106120109558e-05,0.0,0.0,,,
526,1775661923.4934177,backward,0.1809595562517643,13317.25,9.41399484872818e-05,0.0,0.0,,,
526,1775661923.4970493,optimizer,0.002558792009949684,13317.25,2.5426968932151794e-05,0.0004940293729305267,0.00047644786536693573,99.0,1.0,20584.20703125
527,1775661923.726705,forward,0.08426676318049431,13317.25,8.924119174480438e-05,0.0,0.0,,,
527,1775661923.907721,backward,0.1808470543473959,13317.25,9.332969784736633e-05,0.0,0.0,,,
527,1775661923.9117484,optimizer,0.0025490298867225647,13317.25,2.3059546947479248e-05,0.0009053032845258713,0.0004755482077598572,100.0,0.8,20584.328125
528,1775661924.132952,forward,0.08419432118535042,13317.25,9.317882359027863e-05,0.0,0.0,,,
528,1775661924.3139946,backward,0.18087392300367355,13317.25,9.38810408115387e-05,0.0,0.0,,,
528,1775661924.3176742,optimizer,0.002560870721936226,13317.25,2.7822330594062805e-05,0.0005240477621555328,0.0004895888268947601,98.0,0.8,20583.95703125
529,1775661924.5443513,forward,0.0842796340584755,13317.25,9.185262024402618e-05,0.0,0.0,,,
529,1775661924.7256813,backward,0.18113389052450657,13317.25,9.483285248279572e-05,0.0,0.0,,,
529,1775661924.729716,optimizer,0.002549620345234871,13317.25,2.5900080800056458e-05,0.0008973851799964905,0.0004842262715101242,92.0,0.8,20584.078125
530,1775661924.9587033,forward,0.08420355245471,13317.25,9.36221331357956e-05,0.0,0.0,,,
530,1775661925.1400943,backward,0.1812223307788372,13317.25,9.456276893615723e-05,0.0,0.0,,,
530,1775661925.143727,optimizer,0.002559300512075424,13317.25,2.6088207960128784e-05,0.0004950687289237976,0.0004740804433822632,85.0,0.8,20584.4453125
531,1775661925.362414,forward,0.08425962179899216,13317.25,9.571202099323273e-05,0.0,0.0,,,
531,1775661925.543643,backward,0.1810650583356619,13317.25,9.352341294288635e-05,0.0,0.0,,,
531,1775661925.5475729,optimizer,0.0025403909385204315,13317.25,2.2212043404579163e-05,0.0008110422641038895,0.000480087473988533,83.0,0.8,20584.3203125
532,1775661925.7736108,forward,0.0842591617256403,13317.25,0.00010660290718078613,0.0,0.0,,,
532,1775661925.9549048,backward,0.1811324805021286,13317.25,9.526126086711884e-05,0.0,0.0,,,
532,1775661925.9585679,optimizer,0.002561161294579506,13317.25,2.538040280342102e-05,0.0005243681371212006,0.00047400034964084625,77.0,0.8,20584.1953125
533,1775661926.1766534,forward,0.08417191170156002,13317.25,9.575299918651581e-05,0.0,0.0,,,
533,1775661926.357643,backward,0.18082603439688683,13317.25,9.512156248092651e-05,0.0,0.0,,,
533,1775661926.3612626,optimizer,0.0025472603738307953,13317.25,2.376176416873932e-05,0.0005039200186729431,0.00046687573194503784,76.0,0.8,20584.0703125
534,1775661926.596414,forward,0.08418136090040207,13317.25,8.775852620601654e-05,0.0,0.0,,,
534,1775661926.7777236,backward,0.18114374950528145,13317.25,9.3778595328331e-05,0.0,0.0,,,
534,1775661926.781381,optimizer,0.002556251361966133,13317.25,2.4201348423957825e-05,0.0005300063639879227,0.0004705265164375305,66.0,0.8,20583.9453125
535,1775661926.999777,forward,0.08418574370443821,13317.25,9.065307676792145e-05,0.0,0.0,,,
535,1775661927.1807437,backward,0.1807959731668234,13317.25,9.958073496818542e-05,0.0,0.0,,,
535,1775661927.1845882,optimizer,0.002568962052464485,13317.25,2.3048371076583862e-05,0.0007004011422395706,0.00047605857253074646,64.0,0.8,20577.66796875
536,1775661927.405412,forward,0.08430593460798264,13317.25,0.00010974891483783722,0.0,0.0,,,
536,1775661927.5868332,backward,0.18116115033626556,13317.25,9.600073099136353e-05,0.0,0.0,,,
536,1775661927.5911403,optimizer,0.002600831910967827,13317.25,3.9340928196907043e-05,0.0010876674205064774,0.0005010981112718582,61.0,0.8,20577.7890625
537,1775661927.8093157,forward,0.08421675488352776,13317.25,8.871033787727356e-05,0.0,0.0,,,
537,1775661927.99056,backward,0.18107720836997032,13317.25,9.516440331935883e-05,0.0,0.0,,,
537,1775661927.994194,optimizer,0.0025554634630680084,13317.25,2.5352463126182556e-05,0.0005093682557344437,0.00046649761497974396,59.0,0.8,20577.41796875
538,1775661928.22551,forward,0.0842603724449873,13317.25,9.029917418956757e-05,0.0,0.0,,,
538,1775661928.4065254,backward,0.18084559589624405,13317.25,9.375065565109253e-05,0.0,0.0,,,
538,1775661928.4104884,optimizer,0.002556232735514641,13317.25,2.5659799575805664e-05,0.0008278042078018188,0.0004756283015012741,51.0,0.8,20577.78515625
539,1775661928.6299863,forward,0.0840455275028944,13317.25,9.128078818321228e-05,0.0,0.0,,,
539,1775661928.8109357,backward,0.18078230321407318,13317.25,9.526871144771576e-05,0.0,0.0,,,
539,1775661928.8145595,optimizer,0.002531621605157852,13317.25,2.3631379008293152e-05,0.0005149971693754196,0.0004766695201396942,49.0,0.8,20577.66015625
540,1775661929.0426831,forward,0.08430064097046852,13317.25,9.150058031082153e-05,0.0,0.0,,,
540,1775661929.2236834,backward,0.18082859367132187,13317.25,9.661167860031128e-05,0.0,0.0,,,
540,1775661929.2277257,optimizer,0.0025535114109516144,13317.25,2.4791806936264038e-05,0.0009132754057645798,0.000475078821182251,43.0,0.8,20577.53515625
541,1775661929.45537,forward,0.08416435122489929,13317.25,9.394250810146332e-05,0.0,0.0,,,
541,1775661929.6365948,backward,0.18105374835431576,13317.25,9.533204138278961e-05,0.0,0.0,,,
541,1775661929.6408088,optimizer,0.00256437249481678,13317.25,2.6788562536239624e-05,0.0010704956948757172,0.00047575682401657104,37.0,0.8,20577.90234375
542,1775661929.8581972,forward,0.08420817367732525,13317.25,9.496882557868958e-05,0.0,0.0,,,
542,1775661930.0391998,backward,0.18083119578659534,13317.25,9.680911898612976e-05,0.0,0.0,,,
542,1775661930.0428152,optimizer,0.002544250339269638,13317.25,2.351030707359314e-05,0.000496499240398407,0.00047431886196136475,35.0,0.8,20577.53125
543,1775661930.264843,forward,0.0842402521520853,13317.25,9.425356984138489e-05,0.0,0.0,,,
543,1775661930.445864,backward,0.18085328489542007,13317.25,9.445101022720337e-05,0.0,0.0,,,
543,1775661930.449691,optimizer,0.0025598909705877304,13317.25,2.662278711795807e-05,0.0006743129342794418,0.0004888083785772324,99.0,0.8,20577.65234375
544,1775661930.6685383,forward,0.08419810049235821,13317.25,9.417906403541565e-05,0.0,0.0,,,
544,1775661930.8495634,backward,0.1808501835912466,13317.25,9.966269135475159e-05,0.0,0.0,,,
544,1775661930.8531554,optimizer,0.0025514494627714157,13317.25,2.6091933250427246e-05,0.00046478770673274994,0.00047222524881362915,99.0,0.8,20577.7734375
545,1775661931.0732522,forward,0.08418935351073742,13317.25,9.568408131599426e-05,0.0,0.0,,,
545,1775661931.254304,backward,0.18088160268962383,13317.25,9.549036622047424e-05,0.0,0.0,,,
545,1775661931.257899,optimizer,0.0025423821061849594,13317.25,2.4728477001190186e-05,0.0004647485911846161,0.0004880782216787338,99.0,0.8,20577.6484375
546,1775661931.4863038,forward,0.08417889103293419,13317.25,9.463168680667877e-05,0.0,0.0,,,
546,1775661931.6672037,backward,0.18073691241443157,13317.25,9.500235319137573e-05,0.0,0.0,,,
546,1775661931.6708457,optimizer,0.0025544501841068268,13317.25,2.2688880562782288e-05,0.0005150604993104935,0.0004738476127386093,100.0,0.8,20577.76953125
547,1775661931.899667,forward,0.08422231301665306,13317.25,8.647330105304718e-05,0.0,0.0,,,
547,1775661932.0808923,backward,0.1810582559555769,13317.25,9.50787216424942e-05,0.0,0.0,,,
547,1775661932.0849285,optimizer,0.0025685708969831467,13317.25,2.464093267917633e-05,0.0008913446217775345,0.0004735942929983139,99.0,0.8,20577.3984375
548,1775661932.3041172,forward,0.08424736373126507,13317.25,8.66912305355072e-05,0.0,0.0,,,
548,1775661932.485109,backward,0.18082203529775143,13317.25,9.602122008800507e-05,0.0,0.0,,,
548,1775661932.4891403,optimizer,0.0025479719042778015,13317.25,2.584978938102722e-05,0.0009006652981042862,0.00047797709703445435,100.0,0.8,20577.51953125
549,1775661932.7177374,forward,0.08419732190668583,13317.25,9.046308696269989e-05,0.0,0.0,,,
549,1775661932.8986516,backward,0.18074454367160797,13317.25,9.59206372499466e-05,0.0,0.0,,,
549,1775661932.902291,optimizer,0.002552732825279236,13317.25,2.5680288672447205e-05,0.0005109980702400208,0.0004729870706796646,99.0,0.9,20577.640625
550,1775661933.132695,forward,0.08408046886324883,13317.25,9.29124653339386e-05,0.0,0.0,,,
550,1775661933.3140168,backward,0.18115645833313465,13317.25,9.22325998544693e-05,0.0,0.0,,,
550,1775661933.317682,optimizer,0.0025676805526018143,13317.25,2.3519620299339294e-05,0.0005158670246601105,0.00048291683197021484,97.0,0.8,20577.76171875
551,1775661933.548484,forward,0.08413772098720074,13317.25,9.451061487197876e-05,0.0,0.0,,,
551,1775661933.7298176,backward,0.18116413988173008,13317.25,9.556300938129425e-05,0.0,0.0,,,
551,1775661933.7334657,optimizer,0.0025604311376810074,13317.25,2.4221837520599365e-05,0.0005152188241481781,0.00047091953456401825,89.0,0.8,20577.14453125
552,1775661933.95278,forward,0.08417780324816704,13317.25,9.054318070411682e-05,0.0,0.0,,,
552,1775661934.13382,backward,0.18086711317300797,13317.25,9.488128125667572e-05,0.0,0.0,,,
552,1775661934.1374497,optimizer,0.0025470219552516937,13317.25,2.535991370677948e-05,0.000509629026055336,0.00047291815280914307,87.0,0.8,20577.51171875
553,1775661934.3675504,forward,0.08416569232940674,13317.25,9.166263043880463e-05,0.0,0.0,,,
553,1775661934.548914,backward,0.18116945959627628,13317.25,9.616836905479431e-05,0.0,0.0,,,
553,1775661934.5525646,optimizer,0.0025611519813537598,13317.25,2.553313970565796e-05,0.000510435551404953,0.00047578848898410797,79.0,0.8,20577.87890625
554,1775661934.7726226,forward,0.08417509123682976,13317.25,9.300000965595245e-05,0.0,0.0,,,
554,1775661934.953666,backward,0.1808781549334526,13317.25,9.3899667263031e-05,0.0,0.0,,,
554,1775661934.9573069,optimizer,0.0025496818125247955,13317.25,2.5060027837753296e-05,0.0005177073180675507,0.00047200731933116913,77.0,0.8,20577.5078125
555,1775661935.191523,forward,0.08414921164512634,13317.25,9.472295641899109e-05,0.0,0.0,,,
555,1775661935.372558,backward,0.18087034486234188,13317.25,9.447336196899414e-05,0.0,0.0,,,
555,1775661935.3761876,optimizer,0.002550620585680008,13317.25,2.357177436351776e-05,0.0005035772919654846,0.000474756583571434,67.0,0.8,20577.875
556,1775661935.6040182,forward,0.08423129096627235,13317.25,9.704194962978363e-05,0.0,0.0,,,
556,1775661935.7849562,backward,0.18077043443918228,13317.25,9.619072079658508e-05,0.0,0.0,,,
556,1775661935.7888076,optimizer,0.0025405678898096085,13317.25,2.419017255306244e-05,0.0007357895374298096,0.0004763081669807434,61.0,0.8,20577.50390625
557,1775661936.0161216,forward,0.08418412320315838,13317.25,8.927099406719208e-05,0.0,0.0,,,
557,1775661936.1970553,backward,0.18076376430690289,13317.25,9.618327021598816e-05,0.0,0.0,,,
557,1775661936.2007055,optimizer,0.0025638118386268616,13317.25,2.3672357201576233e-05,0.000508507713675499,0.0004793163388967514,55.0,0.8,20577.1328125
558,1775661936.4346166,forward,0.08422797173261642,13317.25,0.0001105722039937973,0.0,0.0,,,
558,1775661936.616089,backward,0.18124561943113804,13317.25,9.428150951862335e-05,0.0,0.0,,,
558,1775661936.6198602,optimizer,0.0026393719017505646,13317.25,2.4531036615371704e-05,0.0005246177315711975,0.000497959554195404,45.0,0.8,20577.5
559,1775661936.8419461,forward,0.08427192270755768,13317.25,9.082071483135223e-05,0.0,0.0,,,
559,1775661937.0229013,backward,0.1807884443551302,13317.25,9.522028267383575e-05,0.0,0.0,,,
559,1775661937.0268242,optimizer,0.002559838816523552,13317.25,2.5020912289619446e-05,0.0007882434874773026,0.00047425925731658936,42.0,0.8,20577.62109375
560,1775661937.2555902,forward,0.08419308252632618,13317.25,9.328126907348633e-05,0.0,0.0,,,
560,1775661937.4367387,backward,0.1809815764427185,13317.25,9.380094707012177e-05,0.0,0.0,,,
560,1775661937.4403756,optimizer,0.002560580149292946,13317.25,2.8302893042564392e-05,0.0004953481256961823,0.0004743989557027817,35.0,0.8,20577.7421875
561,1775661937.6578493,forward,0.08418852463364601,13317.25,9.309127926826477e-05,0.0,0.0,,,
561,1775661937.8388748,backward,0.18085431680083275,13317.25,9.445846080780029e-05,0.0,0.0,,,
561,1775661937.8469844,optimizer,0.0025535691529512405,13317.25,3.4091994166374207e-05,0.004962140694260597,0.00047989562153816223,99.0,0.8,20577.6171875
562,1775661938.066229,forward,0.08417031168937683,13317.25,9.274296462535858e-05,0.0,0.0,,,
562,1775661938.2472646,backward,0.18086622282862663,13317.25,9.597279131412506e-05,0.0,0.0,,,
562,1775661938.2508564,optimizer,0.002552669495344162,13317.25,2.6749446988105774e-05,0.00046178698539733887,0.0004753265529870987,100.0,0.8,20577.24609375
563,1775661938.4710772,forward,0.0841505229473114,13317.25,9.313039481639862e-05,0.0,0.0,,,
563,1775661938.6520512,backward,0.18080362305045128,13317.25,9.502097964286804e-05,0.0,0.0,,,
563,1775661938.6556866,optimizer,0.002554241567850113,13317.25,2.396106719970703e-05,0.000501878559589386,0.0004789065569639206,100.0,0.8,20578.10546875
564,1775661938.8749957,forward,0.08422976545989513,13317.25,9.427033364772797e-05,0.0,0.0,,,
564,1775661939.056032,backward,0.18086473643779755,13317.25,9.46391373872757e-05,0.0,0.0,,,
564,1775661939.0596232,optimizer,0.0025575682520866394,13317.25,2.4491921067237854e-05,0.0004589743912220001,0.0004748087376356125,100.0,0.8,20577.734375
565,1775661939.280008,forward,0.08430462330579758,13317.25,9.342283010482788e-05,0.0,0.0,,,
565,1775661939.4612858,backward,0.18110626749694347,13317.25,9.6932053565979e-05,0.0,0.0,,,
565,1775661939.4652195,optimizer,0.0025582406669855118,13317.25,2.533942461013794e-05,0.000794263556599617,0.00047923438251018524,99.0,0.8,20578.1015625
566,1775661939.6964574,forward,0.08423256315290928,13317.25,9.669177234172821e-05,0.0,0.0,,,
566,1775661939.8774755,backward,0.1808549351990223,13317.25,9.311176836490631e-05,0.0,0.0,,,
566,1775661939.8814642,optimizer,0.0025544315576553345,13317.25,2.5540590286254883e-05,0.0008480828255414963,0.00047803856432437897,99.0,0.8,20577.484375
567,1775661940.1006246,forward,0.08423223160207272,13317.25,9.763240814208984e-05,0.0,0.0,,,
567,1775661940.28167,backward,0.18087994307279587,13317.25,9.480118751525879e-05,0.0,0.0,,,
567,1775661940.2857735,optimizer,0.002554582431912422,13317.25,2.4491921067237854e-05,0.0009571556001901627,0.0004908274859189987,99.0,0.8,20577.8515625
568,1775661940.5060732,forward,0.08416656032204628,13317.25,9.649060666561127e-05,0.0,0.0,,,
568,1775661940.6870182,backward,0.18077750504016876,13317.25,9.637884795665741e-05,0.0,0.0,,,
568,1775661940.6907692,optimizer,0.002566291019320488,13317.25,2.6479363441467285e-05,0.000603891909122467,0.0004778895527124405,100.0,0.8,20577.7265625
569,1775661940.9116158,forward,0.08417859300971031,13317.25,9.597092866897583e-05,0.0,0.0,,,
569,1775661941.0926106,backward,0.1808279249817133,13317.25,9.687058627605438e-05,0.0,0.0,,,
569,1775661941.0962558,optimizer,0.0025540702044963837,13317.25,2.584978938102722e-05,0.0005116686224937439,0.00047542713582515717,99.0,0.8,20577.35546875
570,1775661941.3245418,forward,0.08420247212052345,13317.25,8.816085755825043e-05,0.0,0.0,,,
570,1775661941.5054977,backward,0.18078571371734142,13317.25,9.601190686225891e-05,0.0,0.0,,,
570,1775661941.5091572,optimizer,0.0025520622730255127,13317.25,2.434849739074707e-05,0.0005180072039365768,0.0004833582788705826,99.0,0.8,20577.4765625
571,1775661941.731271,forward,0.08420160040259361,13317.25,9.041093289852142e-05,0.0,0.0,,,
571,1775661941.91229,backward,0.18084945529699326,13317.25,9.791180491447449e-05,0.0,0.0,,,
571,1775661941.9159493,optimizer,0.0025686100125312805,13317.25,2.4801120162010193e-05,0.0005173478275537491,0.0004710480570793152,96.0,0.8,20577.3515625
572,1775661942.1388197,forward,0.08430172316730022,13317.25,9.170360863208771e-05,0.0,0.0,,,
572,1775661942.3200624,backward,0.1810725387185812,13317.25,9.511969983577728e-05,0.0,0.0,,,
572,1775661942.3240933,optimizer,0.002555573359131813,13317.25,2.492964267730713e-05,0.0009047240018844604,0.0004716385155916214,92.0,0.8,20577.71875
573,1775661942.5536783,forward,0.08421912230551243,13317.25,9.058229625225067e-05,0.0,0.0,,,
573,1775661942.734949,backward,0.18110259994864464,13317.25,9.519234299659729e-05,0.0,0.0,,,
573,1775661942.7387161,optimizer,0.0025668684393167496,13317.25,2.5330111384391785e-05,0.0006207283586263657,0.00047829747200012207,85.0,0.9,20577.83984375
574,1775661942.9690049,forward,0.08415374159812927,13317.25,9.053200483322144e-05,0.0,0.0,,,
574,1775661943.1500328,backward,0.1808560974895954,13317.25,9.540468454360962e-05,0.0,0.0,,,
574,1775661943.1536722,optimizer,0.0025369301438331604,13317.25,2.750195562839508e-05,0.0005091894418001175,0.0004864279180765152,77.0,0.8,20577.46875
575,1775661943.3808517,forward,0.08425615169107914,13317.25,9.518302977085114e-05,0.0,0.0,,,
575,1775661943.5620995,backward,0.1810784600675106,13317.25,9.57585871219635e-05,0.0,0.0,,,
575,1775661943.565771,optimizer,0.0025611910969018936,13317.25,2.7138739824295044e-05,0.000515427440404892,0.0004941374063491821,71.0,0.8,20577.8359375
576,1775661943.795698,forward,0.08426107279956341,13317.25,9.524263441562653e-05,0.0,0.0,,,
576,1775661943.9770162,backward,0.181149547919631,13317.25,9.683147072792053e-05,0.0,0.0,,,
576,1775661943.9811263,optimizer,0.002544211223721504,13317.25,2.5441870093345642e-05,0.0009790156036615372,0.00048285722732543945,64.0,0.8,20577.7109375
577,1775661944.2132726,forward,0.08416285924613476,13317.25,8.736178278923035e-05,0.0,0.0,,,
577,1775661944.3942435,backward,0.18078840151429176,13317.25,9.235180914402008e-05,0.0,0.0,,,
577,1775661944.3978686,optimizer,0.002537580206990242,13317.25,2.7691945433616638e-05,0.0005031786859035492,0.00048004835844039917,55.0,0.8,20577.83203125
578,1775661944.6206305,forward,0.08421702310442924,13317.25,8.819065988063812e-05,0.0,0.0,,,
578,1775661944.8020327,backward,0.1812282521277666,13317.25,9.893067181110382e-05,0.0,0.0,,,
578,1775661944.8056724,optimizer,0.002536298707127571,13317.25,2.455897629261017e-05,0.0005156677216291428,0.0004888586699962616,51.0,0.8,20577.4609375
579,1775661945.0351853,forward,0.08427991718053818,13317.25,9.229965507984161e-05,0.0,0.0,,,
579,1775661945.216236,backward,0.18088209629058838,13317.25,9.538233280181885e-05,0.0,0.0,,,
579,1775661945.22026,optimizer,0.0025352928787469864,13317.25,2.3290514945983887e-05,0.0009178332984447479,0.000469038262963295,44.0,0.8,20577.828125
580,1775661945.450934,forward,0.08413525111973286,13317.25,9.063258767127991e-05,0.0,0.0,,,
580,1775661945.6322336,backward,0.18113462813198566,13317.25,9.239092469215393e-05,0.0,0.0,,,
580,1775661945.6361923,optimizer,0.002766786143183708,13317.25,2.4139881134033203e-05,0.0005903281271457672,0.0004729069769382477,36.0,0.8,20577.703125
581,1775661945.8572242,forward,0.08426891081035137,13317.25,9.306147694587708e-05,0.0,0.0,,,
581,1775661946.0383387,backward,0.18094396777451038,13317.25,9.36407595872879e-05,0.0,0.0,,,
581,1775661946.0442708,optimizer,0.0025553107261657715,13317.25,2.7369707822799683e-05,0.00279349647462368,0.00047853775322437286,99.0,0.8,20577.578125
582,1775661946.2647278,forward,0.08416200242936611,13317.25,9.184516966342926e-05,0.0,0.0,,,
582,1775661946.4458575,backward,0.18096031621098518,13317.25,9.514205157756805e-05,0.0,0.0,,,
582,1775661946.4494467,optimizer,0.0025411099195480347,13317.25,2.455897629261017e-05,0.00046590715646743774,0.00047859735786914825,99.0,0.8,20577.69921875
583,1775661946.671031,forward,0.08420602418482304,13317.25,9.332969784736633e-05,0.0,0.0,,,
583,1775661946.8522923,backward,0.18109266832470894,13317.25,9.3851238489151e-05,0.0,0.0,,,
583,1775661946.8558748,optimizer,0.0025480128824710846,13317.25,2.427026629447937e-05,0.0004571452736854553,0.0004754066467285156,99.0,0.8,20577.328125
584,1775661947.0847816,forward,0.08413344994187355,13317.25,9.30987298488617e-05,0.0,0.0,,,
584,1775661947.2657986,backward,0.18084802478551865,13317.25,9.4560906291008e-05,0.0,0.0,,,
584,1775661947.2694352,optimizer,0.0025498010218143463,13317.25,2.4531036615371704e-05,0.0005092956125736237,0.0004753675311803818,99.0,0.8,20577.203125
585,1775661947.488267,forward,0.08412831090390682,13317.25,9.309127926826477e-05,0.0,0.0,,,
585,1775661947.6692917,backward,0.1808564029633999,13317.25,9.519048035144806e-05,0.0,0.0,,,
585,1775661947.6729465,optimizer,0.0025537703186273575,13317.25,2.812221646308899e-05,0.0005172882229089737,0.00047895684838294983,99.0,0.8,20577.81640625
586,1775661947.9064965,forward,0.08417728170752525,13317.25,9.430199861526489e-05,0.0,0.0,,,
586,1775661948.0875092,backward,0.18084284290671349,13317.25,9.616091847419739e-05,0.0,0.0,,,
586,1775661948.091146,optimizer,0.002553870901465416,13317.25,2.5270506739616394e-05,0.0005011186003684998,0.0004778169095516205,100.0,0.8,20577.69140625
587,1775661948.310544,forward,0.0842294730246067,13317.25,9.579956531524658e-05,0.0,0.0,,,
587,1775661948.4914565,backward,0.180743595585227,13317.25,9.686872363090515e-05,0.0,0.0,,,
587,1775661948.495089,optimizer,0.0025532636791467667,13317.25,2.3460015654563904e-05,0.0005079153925180435,0.00047268718481063843,100.0,0.8,20577.56640625
588,1775661948.724038,forward,0.08414505235850811,13317.25,9.517185389995575e-05,0.0,0.0,,,
588,1775661948.905079,backward,0.1808690968900919,13317.25,9.841099381446838e-05,0.0,0.0,,,
588,1775661948.9087389,optimizer,0.0025642123073339462,13317.25,2.442300319671631e-05,0.0005175378173589706,0.00047794729471206665,99.0,0.8,20577.6875
589,1775661949.1277215,forward,0.08414669148623943,13317.25,8.808262646198273e-05,0.0,0.0,,,
589,1775661949.3087568,backward,0.18086252361536026,13317.25,9.700283408164978e-05,0.0,0.0,,,
589,1775661949.3124163,optimizer,0.002560500055551529,13317.25,2.822093665599823e-05,0.0005169082432985306,0.0004786066710948944,97.0,0.8,20577.80859375
590,1775661949.541851,forward,0.08414519019424915,13317.25,8.821859955787659e-05,0.0,0.0,,,
590,1775661949.7228243,backward,0.18080215342342854,13317.25,9.658187627792358e-05,0.0,0.0,,,
590,1775661949.7264845,optimizer,0.002551540732383728,13317.25,2.5989487767219543e-05,0.0005277600139379501,0.00047751516103744507,90.0,0.8,20577.68359375
591,1775661949.9464784,forward,0.08415522985160351,13317.25,9.088218212127686e-05,0.0,0.0,,,
591,1775661950.12782,backward,0.1811694409698248,13317.25,9.661167860031128e-05,0.0,0.0,,,
591,1775661950.131623,optimizer,0.002553243190050125,13317.25,2.3311004042625427e-05,0.0006758216768503189,0.00047492794692516327,87.0,0.8,20577.55859375
592,1775661950.3522508,forward,0.08423900231719017,13317.25,8.861161768436432e-05,0.0,0.0,,,
592,1775661950.533238,backward,0.18081951327621937,13317.25,9.359978139400482e-05,0.0,0.0,,,
592,1775661950.536877,optimizer,0.002566291019320488,13317.25,2.816133201122284e-05,0.0004942566156387329,0.00047165900468826294,84.0,0.8,20577.66796875
593,1775661950.7580738,forward,0.0842447318136692,13317.25,9.092874825000763e-05,0.0,0.0,,,
593,1775661950.9390976,backward,0.18085721507668495,13317.25,9.351223707199097e-05,0.0,0.0,,,
593,1775661950.9430282,optimizer,0.002549821510910988,13317.25,2.4810433387756348e-05,0.0008046124130487442,0.00047275610268116,81.0,0.8,20578.03515625
594,1775661951.170146,forward,0.0842174906283617,13317.25,9.201094508171082e-05,0.0,0.0,,,
594,1775661951.3512836,backward,0.18097121641039848,13317.25,9.213201701641083e-05,0.0,0.0,,,
594,1775661951.354912,optimizer,0.002547929063439369,13317.25,2.354942262172699e-05,0.0005120076239109039,0.0004686471074819565,75.0,0.8,20577.91015625
595,1775661951.5836482,forward,0.08414597250521183,13317.25,9.17632132768631e-05,0.0,0.0,,,
595,1775661951.764572,backward,0.18075062334537506,13317.25,9.584985673427582e-05,0.0,0.0,,,
595,1775661951.768221,optimizer,0.0025569014251232147,13317.25,2.3379921913146973e-05,0.000515056774020195,0.0004754960536956787,69.0,0.8,20577.78515625
596,1775661951.9979124,forward,0.08418039232492447,13317.25,9.276159107685089e-05,0.0,0.0,,,
596,1775661952.1788614,backward,0.18077745474874973,13317.25,9.515136480331421e-05,0.0,0.0,,,
596,1775661952.183053,optimizer,0.002563031390309334,13317.25,2.3910775780677795e-05,0.0010545756667852402,0.0004729367792606354,61.0,0.8,20577.66015625
597,1775661952.4044204,forward,0.08411180227994919,13317.25,9.25213098526001e-05,0.0,0.0,,,
597,1775661952.585411,backward,0.18082290515303612,13317.25,9.633973240852356e-05,0.0,0.0,,,
597,1775661952.5890641,optimizer,0.002560412511229515,13317.25,2.614036202430725e-05,0.0005030166357755661,0.000484466552734375,58.0,0.9,20577.53515625
598,1775661952.8202155,forward,0.08418053947389126,13317.25,9.480305016040802e-05,0.0,0.0,,,
598,1775661953.0012214,backward,0.1808417234569788,13317.25,9.362399578094482e-05,0.0,0.0,,,
598,1775661953.004871,optimizer,0.002559911459684372,13317.25,2.7341768145561218e-05,0.0005103964358568192,0.0004733670502901077,50.0,0.8,20577.41015625
599,1775661953.222876,forward,0.08419417217373848,13317.25,9.414553642272949e-05,0.0,0.0,,,
599,1775661953.4038746,backward,0.18083384446799755,13317.25,9.476952254772186e-05,0.0,0.0,,,
599,1775661953.4075074,optimizer,0.0025343596935272217,13317.25,2.4979934096336365e-05,0.0005243774503469467,0.0004728790372610092,49.0,0.8,20577.77734375
600,1775661953.6362035,forward,0.0843345932662487,13317.25,8.932501077651978e-05,0.0,0.0,,,
600,1775661953.817423,backward,0.1810473781079054,13317.25,9.772367775440216e-05,0.0,0.0,,,
600,1775661953.8213797,optimizer,0.0025598015636205673,13317.25,2.5620684027671814e-05,0.0008169636130332947,0.0004755686968564987,42.0,0.8,20577.65234375
601,1775661954.0509036,forward,0.08430725708603859,13317.25,8.969195187091827e-05,0.0,0.0,,,
601,1775661954.2319748,backward,0.1808823850005865,13317.25,9.598396718502045e-05,0.0,0.0,,,
601,1775661954.2355804,optimizer,0.002539282664656639,13317.25,2.4799257516860962e-05,0.000492975115776062,0.00047322921454906464,35.0,0.8,20577.28125
602,1775661954.45684,forward,0.08428559638559818,13317.25,8.879229426383972e-05,0.0,0.0,,,
602,1775661954.6379225,backward,0.18091325461864471,13317.25,9.349174797534943e-05,0.0,0.0,,,
602,1775661954.641979,optimizer,0.0027528144419193268,13317.25,2.5471672415733337e-05,0.0006720013916492462,0.0004920084029436111,99.0,0.8,20577.6484375
603,1775661954.881913,forward,0.08427984081208706,13317.25,9.078159928321838e-05,0.0,0.0,,,
603,1775661955.0631106,backward,0.181029649451375,13317.25,9.553134441375732e-05,0.0,0.0,,,
603,1775661955.0667675,optimizer,0.002558179199695587,13317.25,2.746284008026123e-05,0.0005162376910448074,0.00047599710524082184,99.0,0.8,20577.5234375
604,1775661955.294865,forward,0.08426586538553238,13317.25,9.450316429138184e-05,0.0,0.0,,,
604,1775661955.4759808,backward,0.18094775639474392,13317.25,9.51625406742096e-05,0.0,0.0,,,
604,1775661955.4799109,optimizer,0.002535659819841385,13317.25,2.5251880288124084e-05,0.0008108243346214294,0.00047767721116542816,99.0,0.8,20577.3984375
605,1775661955.6961741,forward,0.08419990167021751,13317.25,9.421072900295258e-05,0.0,0.0,,,
605,1775661955.8773496,backward,0.18100599572062492,13317.25,9.522214531898499e-05,0.0,0.0,,,
605,1775661955.8814225,optimizer,0.0025391336530447006,13317.25,2.4240463972091675e-05,0.0009584147483110428,0.0004729386419057846,99.0,0.8,20577.51953125
606,1775661956.1131787,forward,0.08422527462244034,13317.25,9.698979556560516e-05,0.0,0.0,,,
606,1775661956.2942965,backward,0.18095420859754086,13317.25,9.34302806854248e-05,0.0,0.0,,,
606,1775661956.298253,optimizer,0.0025581195950508118,13317.25,2.3869797587394714e-05,0.0008195638656616211,0.0004769079387187958,99.0,0.8,20577.2734375
607,1775661956.5158706,forward,0.0842682346701622,13317.25,8.976086974143982e-05,0.0,0.0,,,
607,1775661956.6971416,backward,0.18110141903162003,13317.25,9.354203939437866e-05,0.0,0.0,,,
607,1775661956.7011008,optimizer,0.0025601424276828766,13317.25,2.43503600358963e-05,0.0008180029690265656,0.0004794076085090637,99.0,0.8,20577.76171875
608,1775661956.931021,forward,0.08419852145016193,13317.25,9.721145033836365e-05,0.0,0.0,,,
608,1775661957.1119914,backward,0.18080361187458038,13317.25,9.595043957233429e-05,0.0,0.0,,,
608,1775661957.1159585,optimizer,0.0025388412177562714,13317.25,2.602115273475647e-05,0.0008483119308948517,0.0004794187843799591,94.0,0.8,20577.390625
609,1775661957.3363004,forward,0.08422568440437317,13317.25,9.823217988014221e-05,0.0,0.0,,,
609,1775661957.517628,backward,0.1811549998819828,13317.25,0.00010368041694164276,0.0,0.0,,,
609,1775661957.521395,optimizer,0.0025348905473947525,13317.25,2.547912299633026e-05,0.0006565805524587631,0.00047906115651130676,91.0,0.8,20577.7578125
610,1775661957.7593625,forward,0.08416510000824928,13317.25,9.004399180412292e-05,0.0,0.0,,,
610,1775661957.9403813,backward,0.180851174518466,13317.25,9.472109377384186e-05,0.0,0.0,,,
610,1775661957.9440413,optimizer,0.002559991553425789,13317.25,2.6360154151916504e-05,0.0005207192152738571,0.00047160498797893524,80.0,0.8,20577.38671875
611,1775661958.1744475,forward,0.0842954833060503,13317.25,9.172037243843079e-05,0.0,0.0,,,
611,1775661958.3553972,backward,0.1807826329022646,13317.25,9.311176836490631e-05,0.0,0.0,,,
611,1775661958.3592982,optimizer,0.002538532018661499,13317.25,2.5331974029541016e-05,0.000788642093539238,0.0004713498055934906,72.0,0.8,20577.5078125
612,1775661958.580215,forward,0.08416067250072956,13317.25,9.2310830950737e-05,0.0,0.0,,,
612,1775661958.7615044,backward,0.18111729808151722,13317.25,9.496137499809265e-05,0.0,0.0,,,
612,1775661958.765154,optimizer,0.00254669226706028,13317.25,2.586282789707184e-05,0.0005228593945503235,0.000473877415060997,69.0,0.8,20576.890625
613,1775661958.991383,forward,0.08429891243577003,13317.25,9.233318269252777e-05,0.0,0.0,,,
613,1775661959.172426,backward,0.18087384290993214,13317.25,9.487196803092957e-05,0.0,0.0,,,
613,1775661959.1764388,optimizer,0.0025659501552581787,13317.25,2.763979136943817e-05,0.0008596554398536682,0.0004761163145303726,64.0,0.8,20576.765625
614,1775661959.394991,forward,0.08428815193474293,13317.25,9.26535576581955e-05,0.0,0.0,,,
614,1775661959.5760627,backward,0.18090114556252956,13317.25,9.555183351039886e-05,0.0,0.0,,,
614,1775661959.5801327,optimizer,0.002552492544054985,13317.25,2.3519620299339294e-05,0.0009434260427951813,0.0004735272377729416,62.0,0.8,20577.625
615,1775661959.8104765,forward,0.08417655155062675,13317.25,9.428337216377258e-05,0.0,0.0,,,
615,1775661959.9914136,backward,0.18076570518314838,13317.25,9.554065763950348e-05,0.0,0.0,,,
615,1775661959.995361,optimizer,0.002549741417169571,13317.25,2.4180859327316284e-05,0.0008196644484996796,0.0004742853343486786,54.0,0.8,20577.25390625
616,1775661960.2157187,forward,0.08430182375013828,13317.25,9.168125689029694e-05,0.0,0.0,,,
616,1775661960.3966882,backward,0.18077765218913555,13317.25,0.00011823885142803192,0.0,0.0,,,
616,1775661960.4005225,optimizer,0.002571042627096176,13317.25,2.6768073439598083e-05,0.0006868317723274231,0.0004806388169527054,51.0,0.8,20577.375
617,1775661960.618759,forward,0.08417327329516411,13317.25,9.655207395553589e-05,0.0,0.0,,,
617,1775661960.7996347,backward,0.18071175180375576,13317.25,9.457208216190338e-05,0.0,0.0,,,
617,1775661960.8032794,optimizer,0.002545911818742752,13317.25,2.3769214749336243e-05,0.0005172882229089737,0.0004801955074071884,50.0,0.8,20577.00390625
618,1775661961.0214155,forward,0.08414212241768837,13317.25,9.47415828704834e-05,0.0,0.0,,,
618,1775661961.2023787,backward,0.18079529143869877,13317.25,9.783171117305756e-05,0.0,0.0,,,
618,1775661961.2060432,optimizer,0.0025550909340381622,13317.25,2.432987093925476e-05,0.0005334615707397461,0.00047590769827365875,48.0,0.8,20577.49609375
619,1775661961.4367523,forward,0.0842157918959856,13317.25,9.56021249294281e-05,0.0,0.0,,,
619,1775661961.617718,backward,0.18079856410622597,13317.25,9.63117927312851e-05,0.0,0.0,,,
619,1775661961.621379,optimizer,0.0025606099516153336,13317.25,2.5600194931030273e-05,0.0005181673914194107,0.00047601573169231415,41.0,0.8,20577.0
620,1775661961.8517194,forward,0.08424500189721584,13317.25,8.931010961532593e-05,0.0,0.0,,,
620,1775661962.0330539,backward,0.18115886859595776,13317.25,9.778141975402832e-05,0.0,0.0,,,
620,1775661962.0392945,optimizer,0.002563212066888809,13317.25,2.6181340217590332e-05,0.003091508522629738,0.00048300810158252716,99.0,0.8,20577.61328125
621,1775661962.2595673,forward,0.08414142020046711,13317.25,8.888915181159973e-05,0.0,0.0,,,
621,1775661962.440586,backward,0.1808460932224989,13317.25,9.749270975589752e-05,0.0,0.0,,,
621,1775661962.4441671,optimizer,0.002546420320868492,13317.25,2.6360154151916504e-05,0.0004568677395582199,0.0004742555320262909,100.0,0.8,20577.48828125
622,1775661962.6649892,forward,0.08415113016963005,13317.25,9.042210876941681e-05,0.0,0.0,,,
622,1775661962.846115,backward,0.180957343429327,13317.25,9.497255086898804e-05,0.0,0.0,,,
622,1775661962.849774,optimizer,0.002554701641201973,13317.25,2.664700150489807e-05,0.0005187373608350754,0.00048007629811763763,99.0,0.9,20577.609375
623,1775661963.0691714,forward,0.08424144238233566,13317.25,9.063072502613068e-05,0.0,0.0,,,
623,1775661963.250201,backward,0.18085821345448494,13317.25,9.528174996376038e-05,0.0,0.0,,,
623,1775661963.254196,optimizer,0.002548692747950554,13317.25,2.389959990978241e-05,0.0008704625070095062,0.0004741773009300232,99.0,0.8,20577.1171875
624,1775661963.4843285,forward,0.08410766907036304,13317.25,9.03010368347168e-05,0.0,0.0,,,
624,1775661963.6655555,backward,0.18105207942426205,13317.25,0.00010087154805660248,0.0,0.0,,,
624,1775661963.6691983,optimizer,0.002548031508922577,13317.25,2.7513131499290466e-05,0.0005186870694160461,0.00047693587839603424,99.0,0.8,20577.60546875
625,1775661963.898765,forward,0.08436199277639389,13317.25,0.00011557340621948242,0.0,0.0,,,
625,1775661964.0798993,backward,0.18094715662300587,13317.25,9.364262223243713e-05,0.0,0.0,,,
625,1775661964.0836573,optimizer,0.002317296341061592,13317.25,2.4819746613502502e-05,0.0005083214491605759,0.0005245748907327652,99.0,0.8,20577.234375
626,1775661964.3153846,forward,0.08422707207500935,13317.25,9.45795327425003e-05,0.0,0.0,,,
626,1775661964.4966407,backward,0.18108442798256874,13317.25,9.694136679172516e-05,0.0,0.0,,,
626,1775661964.5003402,optimizer,0.0025949515402317047,13317.25,2.8839334845542908e-05,0.0005257781594991684,0.0004735272377729416,99.0,0.8,20577.84765625
627,1775661964.7197702,forward,0.0840700101107359,13317.25,9.59988683462143e-05,0.0,0.0,,,
627,1775661964.9007084,backward,0.18077203445136547,13317.25,9.583309292793274e-05,0.0,0.0,,,
627,1775661964.904365,optimizer,0.0025654230266809464,13317.25,2.5101006031036377e-05,0.0005138702690601349,0.0004739966243505478,98.0,0.8,20577.23046875
628,1775661965.1257288,forward,0.08422228321433067,13317.25,9.669922292232513e-05,0.0,0.0,,,
628,1775661965.3067644,backward,0.18087128549814224,13317.25,9.360536932945251e-05,0.0,0.0,,,
628,1775661965.31042,optimizer,0.002560039982199669,13317.25,2.4460256099700928e-05,0.0005182996392250061,0.00047798827290534973,95.0,0.8,20578.21484375
629,1775661965.5391603,forward,0.08416802063584328,13317.25,9.402260184288025e-05,0.0,0.0,,,
629,1775661965.7202117,backward,0.1808868944644928,13317.25,9.555183351039886e-05,0.0,0.0,,,
629,1775661965.7238398,optimizer,0.0025366824120283127,13317.25,2.3759901523590088e-05,0.0005176588892936707,0.00047510862350463867,89.0,0.8,20577.47265625
630,1775661965.9434261,forward,0.08415204100310802,13317.25,9.522028267383575e-05,0.0,0.0,,,
630,1775661966.1246805,backward,0.18108332715928555,13317.25,9.545311331748962e-05,0.0,0.0,,,
630,1775661966.128327,optimizer,0.002559378743171692,13317.25,2.6827678084373474e-05,0.0005108565092086792,0.000472167506814003,86.0,0.8,20577.34765625
631,1775661966.351689,forward,0.08427446335554123,13317.25,9.644962847232819e-05,0.0,0.0,,,
631,1775661966.532685,backward,0.1808270327746868,13317.25,9.697116911411285e-05,0.0,0.0,,,
631,1775661966.536621,optimizer,0.002570098266005516,13317.25,2.413056790828705e-05,0.0007894914597272873,0.0004784967750310898,82.0,0.8,20577.46875
632,1775661966.7674956,forward,0.08418957144021988,13317.25,9.063258767127991e-05,0.0,0.0,,,
632,1775661966.9484541,backward,0.18078288435935974,13317.25,9.98619943857193e-05,0.0,0.0,,,
632,1775661966.9523375,optimizer,0.002553541213274002,13317.25,2.499297261238098e-05,0.000752592459321022,0.00047547556459903717,74.0,0.8,20577.34375
633,1775661967.1740649,forward,0.08422279357910156,13317.25,8.902139961719513e-05,0.0,0.0,,,
633,1775661967.3550308,backward,0.18079871125519276,13317.25,9.334273636341095e-05,0.0,0.0,,,
633,1775661967.3586755,optimizer,0.0025410521775484085,13317.25,2.52407044172287e-05,0.0005246773362159729,0.0004767477512359619,71.0,0.8,20577.21875
634,1775661967.5892968,forward,0.08423209190368652,13317.25,9.044259786605835e-05,0.0,0.0,,,
634,1775661967.7704332,backward,0.18096769787371159,13317.25,9.325332939624786e-05,0.0,0.0,,,
634,1775661967.7744865,optimizer,0.002556968480348587,13317.25,2.4260953068733215e-05,0.0009210631251335144,0.00047302432358264923,63.0,0.8,20577.83203125
635,1775661967.9940314,forward,0.08419671095907688,13317.25,9.106285870075226e-05,0.0,0.0,,,
635,1775661968.1749716,backward,0.18077402375638485,13317.25,9.54996794462204e-05,0.0,0.0,,,
635,1775661968.1786077,optimizer,0.0025599710643291473,13317.25,2.5471672415733337e-05,0.0005036573857069016,0.0004708860069513321,61.0,0.8,20577.4609375
636,1775661968.401625,forward,0.08414794318377972,13317.25,9.25213098526001e-05,0.0,0.0,,,
636,1775661968.5826948,backward,0.1809006668627262,13317.25,9.415112435817719e-05,0.0,0.0,,,
636,1775661968.5863376,optimizer,0.0025502722710371017,13317.25,2.4050474166870117e-05,0.0005186684429645538,0.0004728175699710846,57.0,0.8,20577.58203125
637,1775661968.8063712,forward,0.08418988436460495,13317.25,9.070150554180145e-05,0.0,0.0,,,
637,1775661968.98742,backward,0.18087747506797314,13317.25,9.475275874137878e-05,0.0,0.0,,,
637,1775661968.9910483,optimizer,0.002544151619076729,13317.25,2.5391578674316406e-05,0.0005074962973594666,0.000475417822599411,54.0,0.8,20577.703125
638,1775661969.2222965,forward,0.0841752327978611,13317.25,9.379163384437561e-05,0.0,0.0,,,
638,1775661969.4033856,backward,0.18092021718621254,13317.25,9.594112634658813e-05,0.0,0.0,,,
638,1775661969.4070406,optimizer,0.002555539831519127,13317.25,2.4879351258277893e-05,0.0005219094455242157,0.00047369860112667084,47.0,0.8,20577.33203125
639,1775661969.63969,forward,0.08414192870259285,13317.25,9.529292583465576e-05,0.0,0.0,,,
639,1775661969.820705,backward,0.18084748275578022,13317.25,9.624473750591278e-05,0.0,0.0,,,
639,1775661969.8243668,optimizer,0.002559872344136238,13317.25,2.5819987058639526e-05,0.0005246587097644806,0.0004758555442094803,38.0,0.8,20577.453125
640,1775661970.0452585,forward,0.08420930244028568,13317.25,9.687989950180054e-05,0.0,0.0,,,
640,1775661970.2262938,backward,0.18086887523531914,13317.25,9.473972022533417e-05,0.0,0.0,,,
640,1775661970.2299337,optimizer,0.0025577694177627563,13317.25,2.4588778614997864e-05,0.000499475747346878,0.0004833787679672241,35.0,0.8,20577.69921875
641,1775661970.4603972,forward,0.08413583040237427,13317.25,8.694268763065338e-05,0.0,0.0,,,
641,1775661970.6414466,backward,0.1808788850903511,13317.25,9.609200060367584e-05,0.0,0.0,,,
641,1775661970.6450481,optimizer,0.0025442615151405334,13317.25,2.6639550924301147e-05,0.0004748888313770294,0.0004792269319295883,100.0,0.8,20577.44921875
642,1775661970.8663511,forward,0.08428133279085159,13317.25,8.929148316383362e-05,0.0,0.0,,,
642,1775661971.0474627,backward,0.1809401847422123,13317.25,9.733065962791443e-05,0.0,0.0,,,
642,1775661971.051392,optimizer,0.0025395210832357407,13317.25,2.6309862732887268e-05,0.0008087940514087677,0.0004794783890247345,99.0,0.8,20577.078125
643,1775661971.2744472,forward,0.08415188081562519,13317.25,9.106285870075226e-05,0.0,0.0,,,
643,1775661971.455428,backward,0.1808117162436247,13317.25,9.598024189472198e-05,0.0,0.0,,,
643,1775661971.459083,optimizer,0.0025583524256944656,13317.25,2.677924931049347e-05,0.0005163680762052536,0.00047811679542064667,99.0,0.8,20577.4453125
644,1775661971.6790035,forward,0.08417420089244843,13317.25,8.995272219181061e-05,0.0,0.0,,,
644,1775661971.8599842,backward,0.18081033416092396,13317.25,9.736232459545135e-05,0.0,0.0,,,
644,1775661971.8636196,optimizer,0.0025472622364759445,13317.25,2.57100909948349e-05,0.0005107969045639038,0.00047223828732967377,100.0,0.8,20577.3203125
645,1775661972.0916283,forward,0.08427083306014538,13317.25,9.245239198207855e-05,0.0,0.0,,,
645,1775661972.2725313,backward,0.18073422461748123,13317.25,9.364262223243713e-05,0.0,0.0,,,
645,1775661972.2766335,optimizer,0.002556242048740387,13317.25,2.4791806936264038e-05,0.0009728968143463135,0.0004735272377729416,100.0,0.8,20577.8125
646,1775661972.507834,forward,0.08423115126788616,13317.25,9.165145456790924e-05,0.0,0.0,,,
646,1775661972.688819,backward,0.1808145958930254,13317.25,9.575113654136658e-05,0.0,0.0,,,
646,1775661972.6928816,optimizer,0.0025598332285881042,13317.25,2.5568529963493347e-05,0.0009219739586114883,0.00047560781240463257,100.0,0.9,20577.0703125
647,1775661972.9249182,forward,0.08423620462417603,13317.25,0.00011754222214221954,0.0,0.0,,,
647,1775661973.1059546,backward,0.18085523694753647,13317.25,9.379163384437561e-05,0.0,0.0,,,
647,1775661973.1096704,optimizer,0.0025779008865356445,13317.25,2.541951835155487e-05,0.0005296878516674042,0.0005058590322732925,95.0,0.8,20576.9453125
648,1775661973.330255,forward,0.08426027186214924,13317.25,9.506195783615112e-05,0.0,0.0,,,
648,1775661973.5112498,backward,0.1808257643133402,13317.25,9.571202099323273e-05,0.0,0.0,,,
648,1775661973.5152016,optimizer,0.0025431811809539795,13317.25,2.530030906200409e-05,0.0008289851248264313,0.0004774574190378189,92.0,0.8,20577.3125
649,1775661973.7365227,forward,0.0841614194214344,13317.25,9.673088788986206e-05,0.0,0.0,,,
649,1775661973.917759,backward,0.18106750771403313,13317.25,9.570084512233734e-05,0.0,0.0,,,
649,1775661973.9213822,optimizer,0.002244148403406143,13317.25,2.7351081371307373e-05,0.0005160067230463028,0.00047344714403152466,89.0,0.8,20577.6796875
650,1775661974.1538794,forward,0.08416935242712498,13317.25,9.58908349275589e-05,0.0,0.0,,,
650,1775661974.3347895,backward,0.18074548430740833,13317.25,9.616091847419739e-05,0.0,0.0,,,
650,1775661974.3384252,optimizer,0.0025478992611169815,13317.25,2.3400411009788513e-05,0.0005122609436511993,0.0004776082932949066,80.0,0.8,20578.171875
651,1775661974.5582423,forward,0.08416858874261379,13317.25,9.559281170368195e-05,0.0,0.0,,,
651,1775661974.73922,backward,0.18080607429146767,13317.25,9.62819904088974e-05,0.0,0.0,,,
651,1775661974.742855,optimizer,0.0025393888354301453,13317.25,2.8120353817939758e-05,0.0005144476890563965,0.0004779081791639328,78.0,0.8,20577.67578125
652,1775661974.962141,forward,0.08414923213422298,13317.25,9.544193744659424e-05,0.0,0.0,,,
652,1775661975.143141,backward,0.18083496391773224,13317.25,9.547919034957886e-05,0.0,0.0,,,
652,1775661975.1467772,optimizer,0.002539379522204399,13317.25,2.4128705263137817e-05,0.0005155466496944427,0.00047824718058109283,76.0,0.8,20577.05859375
653,1775661975.3674805,forward,0.08428703248500824,13317.25,8.996203541755676e-05,0.0,0.0,,,
653,1775661975.5488057,backward,0.18116081319749355,13317.25,9.098276495933533e-05,0.0,0.0,,,
653,1775661975.5527434,optimizer,0.0025595705956220627,13317.25,2.4069100618362427e-05,0.0008014421910047531,0.0004760473966598511,73.0,0.8,20577.42578125
654,1775661975.7802296,forward,0.08414014056324959,13317.25,9.127333760261536e-05,0.0,0.0,,,
654,1775661975.961276,backward,0.1808781772851944,13317.25,9.440071880817413e-05,0.0,0.0,,,
654,1775661975.9649456,optimizer,0.002573799341917038,13317.25,2.559088170528412e-05,0.0005167070776224136,0.0004733484238386154,67.0,0.8,20577.546875
655,1775661976.1924434,forward,0.08415690995752811,13317.25,8.97534191608429e-05,0.0,0.0,,,
655,1775661976.373462,backward,0.18085450492799282,13317.25,9.088218212127686e-05,0.0,0.0,,,
655,1775661976.3770902,optimizer,0.0025426335632801056,13317.25,2.4352222681045532e-05,0.000506620854139328,0.00047053582966327667,60.0,0.8,20577.9140625
656,1775661976.5984037,forward,0.08421190269291401,13317.25,9.132362902164459e-05,0.0,0.0,,,
656,1775661976.7796981,backward,0.18112481012940407,13317.25,9.3802809715271e-05,0.0,0.0,,,
656,1775661976.7833343,optimizer,0.0025397203862667084,13317.25,2.6881694793701172e-05,0.0005178079009056091,0.0004770364612340927,57.0,0.8,20577.296875
657,1775661977.0115883,forward,0.08422591350972652,13317.25,9.098276495933533e-05,0.0,0.0,,,
657,1775661977.1924975,backward,0.1807374730706215,13317.25,9.489059448242188e-05,0.0,0.0,,,
657,1775661977.196141,optimizer,0.002550451084971428,13317.25,2.4100765585899353e-05,0.0005189292132854462,0.00047492794692516327,51.0,0.8,20577.41796875
658,1775661977.425313,forward,0.08421329222619534,13317.25,9.240396320819855e-05,0.0,0.0,,,
658,1775661977.6064591,backward,0.18097427673637867,13317.25,9.43206250667572e-05,0.0,0.0,,,
658,1775661977.6104918,optimizer,0.0025553517043590546,13317.25,2.4382025003433228e-05,0.0009029768407344818,0.0004742797464132309,44.0,0.8,20577.78515625
659,1775661977.828979,forward,0.08426750265061855,13317.25,9.260140359401703e-05,0.0,0.0,,,
659,1775661978.0099306,backward,0.18078052252531052,13317.25,9.63117927312851e-05,0.0,0.0,,,
659,1775661978.013867,optimizer,0.002539791166782379,13317.25,2.7259811758995056e-05,0.000804852694272995,0.00048682093620300293,42.0,0.8,20577.4140625
660,1775661978.2437763,forward,0.08415714278817177,13317.25,9.351223707199097e-05,0.0,0.0,,,
660,1775661978.4247956,backward,0.18085460364818573,13317.25,9.378232061862946e-05,0.0,0.0,,,
660,1775661978.4285407,optimizer,0.0025661103427410126,13317.25,2.527981996536255e-05,0.0006053522229194641,0.0004723891615867615,35.0,0.8,20577.53515625
661,1775661978.6486382,forward,0.08422754146158695,13317.25,9.606219828128815e-05,0.0,0.0,,,
661,1775661978.82973,backward,0.18093794584274292,13317.25,8.581206202507019e-05,0.0,0.0,,,
661,1775661978.8340971,optimizer,0.0025372393429279327,13317.25,2.419017255306244e-05,0.001281440258026123,0.0004475284367799759,99.0,0.8,20576.91796875
662,1775661979.053261,forward,0.08418222144246101,13317.25,9.578093886375427e-05,0.0,0.0,,,
662,1775661979.2342458,backward,0.18081602081656456,13317.25,9.730271995067596e-05,0.0,0.0,,,
662,1775661979.2378457,optimizer,0.0025427527725696564,13317.25,2.6749446988105774e-05,0.00046508945524692535,0.0004899092018604279,100.0,0.8,20577.41015625
663,1775661979.4662287,forward,0.08425052277743816,13317.25,9.77199524641037e-05,0.0,0.0,,,
663,1775661979.647188,backward,0.18079343251883984,13317.25,9.736977517604828e-05,0.0,0.0,,,
663,1775661979.6511571,optimizer,0.0025627687573432922,13317.25,2.3581087589263916e-05,0.0008253920823335648,0.0004795677959918976,100.0,0.8,20577.65234375
664,1775661979.869975,forward,0.0843116044998169,13317.25,9.752996265888214e-05,0.0,0.0,,,
664,1775661980.051271,backward,0.18113006837666035,13317.25,9.593181312084198e-05,0.0,0.0,,,
664,1775661980.054917,optimizer,0.002548251301050186,13317.25,2.7200207114219666e-05,0.00051150843501091,0.00047945789992809296,99.0,0.8,20577.52734375
665,1775661980.2753358,forward,0.08415333181619644,13317.25,8.849985897541046e-05,0.0,0.0,,,
665,1775661980.4563406,backward,0.18083506636321545,13317.25,9.534135460853577e-05,0.0,0.0,,,
665,1775661980.4599962,optimizer,0.0025510992854833603,13317.25,2.3681670427322388e-05,0.0005241688340902328,0.00047965720295906067,100.0,0.8,20577.40234375
666,1775661980.6912673,forward,0.08417207188904285,13317.25,9.131059050559998e-05,0.0,0.0,,,
666,1775661980.872328,backward,0.18088839575648308,13317.25,9.745359420776367e-05,0.0,0.0,,,
666,1775661980.8759809,optimizer,0.00257113017141819,13317.25,2.4732202291488647e-05,0.0005069281905889511,0.00047014839947223663,99.0,0.8,20577.5234375
667,1775661981.096273,forward,0.08409098908305168,13317.25,8.976086974143982e-05,0.0,0.0,,,
667,1775661981.2771907,backward,0.18075066059827805,13317.25,9.266287088394165e-05,0.0,0.0,,,
667,1775661981.2808418,optimizer,0.0025655217468738556,13317.25,2.6790425181388855e-05,0.0005087200552225113,0.00047270767390727997,100.0,0.8,20577.03125
668,1775661981.5101788,forward,0.08426236361265182,13317.25,9.18712466955185e-05,0.0,0.0,,,
668,1775661981.691185,backward,0.18083748407661915,13317.25,9.347870945930481e-05,0.0,0.0,,,
668,1775661981.6948318,optimizer,0.002556031569838524,13317.25,2.5639310479164124e-05,0.0005113296210765839,0.0004752557724714279,100.0,0.8,20577.765625
669,1775661981.9135745,forward,0.08426787331700325,13317.25,0.00011582113802433014,0.0,0.0,,,
669,1775661982.0955365,backward,0.18173182010650635,13317.25,9.47117805480957e-05,0.0,0.0,,,
669,1775661982.0993187,optimizer,0.0026485025882720947,13317.25,2.6227906346321106e-05,0.0005189962685108185,0.0005009602755308151,98.0,0.8,20577.39453125
670,1775661982.330404,forward,0.08427866734564304,13317.25,9.260885417461395e-05,0.0,0.0,,,
670,1775661982.5113516,backward,0.1807779222726822,13317.25,9.60715115070343e-05,0.0,0.0,,,
670,1775661982.5150352,optimizer,0.0025548525154590607,13317.25,2.4760141968727112e-05,0.0005232002586126328,0.0005039889365434647,90.0,0.9,20577.515625
671,1775661982.7471495,forward,0.08424457162618637,13317.25,9.714066982269287e-05,0.0,0.0,,,
671,1775661982.9281137,backward,0.1807922162115574,13317.25,9.524263441562653e-05,0.0,0.0,,,
671,1775661982.9320643,optimizer,0.002546330913901329,13317.25,2.5441870093345642e-05,0.0008238721638917923,0.00047640688717365265,82.0,0.8,20577.14453125
672,1775661983.1534946,forward,0.08410049229860306,13317.25,9.480305016040802e-05,0.0,0.0,,,
672,1775661983.3344805,backward,0.18081005290150642,13317.25,9.78708267211914e-05,0.0,0.0,,,
672,1775661983.338117,optimizer,0.0025456324219703674,13317.25,2.5391578674316406e-05,0.0005125273019075394,0.00047522038221359253,79.0,0.8,20577.63671875
673,1775661983.568024,forward,0.08426185511052608,13317.25,9.13124531507492e-05,0.0,0.0,,,
673,1775661983.7489398,backward,0.18075105175375938,13317.25,9.557045996189117e-05,0.0,0.0,,,
673,1775661983.7528808,optimizer,0.0022451765835285187,13317.25,2.529844641685486e-05,0.0008187033236026764,0.0004768967628479004,71.0,0.8,20577.38671875
674,1775661983.9730086,forward,0.08415556885302067,13317.25,9.469129145145416e-05,0.0,0.0,,,
674,1775661984.154025,backward,0.18084559589624405,13317.25,9.509176015853882e-05,0.0,0.0,,,
674,1775661984.1576858,optimizer,0.0025618504732847214,13317.25,2.643093466758728e-05,0.0005109664052724838,0.00048551522195339203,69.0,0.8,20577.015625
675,1775661984.3772066,forward,0.08418875187635422,13317.25,9.36407595872879e-05,0.0,0.0,,,
675,1775661984.5585213,backward,0.18114676885306835,13317.25,9.647198021411896e-05,0.0,0.0,,,
675,1775661984.5621812,optimizer,0.0025583021342754364,13317.25,2.3759901523590088e-05,0.0005268771201372147,0.000474756583571434,67.0,0.8,20577.3828125
676,1775661984.7798586,forward,0.08420667238533497,13317.25,9.584985673427582e-05,0.0,0.0,,,
676,1775661984.9610713,backward,0.1810444090515375,13317.25,9.628012776374817e-05,0.0,0.0,,,
676,1775661984.9647315,optimizer,0.002560161054134369,13317.25,2.8409063816070557e-05,0.0005182605236768723,0.0004759058356285095,65.0,0.8,20577.2578125
677,1775661985.184312,forward,0.0842344406992197,13317.25,8.844397962093353e-05,0.0,0.0,,,
677,1775661985.3653038,backward,0.18082265369594097,13317.25,9.729154407978058e-05,0.0,0.0,,,
677,1775661985.3692558,optimizer,0.002563880756497383,13317.25,2.499110996723175e-05,0.0008111242204904556,0.00047409720718860626,63.0,0.8,20577.625
678,1775661985.6013784,forward,0.08424669317901134,13317.25,8.928030729293823e-05,0.0,0.0,,,
678,1775661985.782321,backward,0.1807687021791935,13317.25,9.774044156074524e-05,0.0,0.0,,,
678,1775661985.7859857,optimizer,0.0025848429650068283,13317.25,2.5968998670578003e-05,0.0004957281053066254,0.0004819091409444809,54.0,0.8,20577.25390625
679,1775661986.0055878,forward,0.08425022289156914,13317.25,9.201280772686005e-05,0.0,0.0,,,
679,1775661986.186629,backward,0.1808698158711195,13317.25,9.470246732234955e-05,0.0,0.0,,,
679,1775661986.1906455,optimizer,0.0025611016899347305,13317.25,2.5229528546333313e-05,0.0008854642510414124,0.00046833790838718414,52.0,0.8,20577.12890625
680,1775661986.418136,forward,0.08414839953184128,13317.25,9.097158908843994e-05,0.0,0.0,,,
680,1775661986.599216,backward,0.18091006390750408,13317.25,9.484216570854187e-05,0.0,0.0,,,
680,1775661986.6028755,optimizer,0.0025673098862171173,13317.25,2.4238601326942444e-05,0.0005155596882104874,0.00047569721937179565,46.0,0.8,20577.2421875
681,1775661986.832104,forward,0.0841570720076561,13317.25,9.177066385746002e-05,0.0,0.0,,,
681,1775661987.0131567,backward,0.18088159710168839,13317.25,9.479187428951263e-05,0.0,0.0,,,
681,1775661987.016793,optimizer,0.002551039680838585,13317.25,2.7159228920936584e-05,0.0005049202591180801,0.0004771854728460312,39.0,0.8,20577.36328125
682,1775661987.2379858,forward,0.08418570458889008,13317.25,9.394995868206024e-05,0.0,0.0,,,
682,1775661987.4190006,backward,0.18084317445755005,13317.25,9.481236338615417e-05,0.0,0.0,,,
682,1775661987.4229841,optimizer,0.0025518331676721573,13317.25,2.3018568754196167e-05,0.0008570142090320587,0.0004747975617647171,36.0,0.8,20577.73046875
683,1775661987.642623,forward,0.08422276377677917,13317.25,9.347125887870789e-05,0.0,0.0,,,
683,1775661987.8235676,backward,0.18077383376657963,13317.25,9.537301957607269e-05,0.0,0.0,,,
683,1775661987.83154,optimizer,0.0025493204593658447,13317.25,2.5270506739616394e-05,0.0048448387533426285,0.0004765670746564865,99.0,0.8,20577.60546875
684,1775661988.0516088,forward,0.08414590172469616,13317.25,9.334273636341095e-05,0.0,0.0,,,
684,1775661988.232645,backward,0.18086714297533035,13317.25,9.67998057603836e-05,0.0,0.0,,,
684,1775661988.2362416,optimizer,0.0025509707629680634,13317.25,2.7632340788841248e-05,0.0004657786339521408,0.0004761870950460434,100.0,0.8,20577.60546875
685,1775661988.4645135,forward,0.08424569480121136,13317.25,9.466148912906647e-05,0.0,0.0,,,
685,1775661988.6454685,backward,0.18078944273293018,13317.25,9.515322744846344e-05,0.0,0.0,,,
685,1775661988.6494012,optimizer,0.002557370811700821,13317.25,2.5251880288124084e-05,0.0007903613150119781,0.00047822482883930206,100.0,0.8,20577.84765625
686,1775661988.8724658,forward,0.08417224511504173,13317.25,9.742006659507751e-05,0.0,0.0,,,
686,1775661989.0534482,backward,0.180814852938056,13317.25,9.721145033836365e-05,0.0,0.0,,,
686,1775661989.0570946,optimizer,0.002556290477514267,13317.25,2.394244074821472e-05,0.0005142781883478165,0.0004745088517665863,100.0,0.8,20577.23046875
687,1775661989.2857544,forward,0.08426379226148129,13317.25,9.754300117492676e-05,0.0,0.0,,,
687,1775661989.4666553,backward,0.1807344127446413,13317.25,9.652040898799896e-05,0.0,0.0,,,
687,1775661989.4707212,optimizer,0.002546953037381172,13317.25,2.4110078811645508e-05,0.0009396355599164963,0.0004773680120706558,100.0,0.8,20577.59765625
688,1775661989.69129,forward,0.08407865092158318,13317.25,8.963234722614288e-05,0.0,0.0,,,
688,1775661989.8723228,backward,0.1808636449277401,13317.25,9.684078395366669e-05,0.0,0.0,,,
688,1775661989.8759599,optimizer,0.0025508999824523926,13317.25,2.432800829410553e-05,0.0005083568394184113,0.0004764869809150696,100.0,0.8,20577.2265625
689,1775661990.0968742,forward,0.08414431102573872,13317.25,8.998438715934753e-05,0.0,0.0,,,
689,1775661990.2779508,backward,0.18090592697262764,13317.25,9.563937783241272e-05,0.0,0.0,,,
689,1775661990.281629,optimizer,0.002561880275607109,13317.25,2.5348737835884094e-05,0.0005192365497350693,0.0004959255456924438,99.0,0.8,20578.2109375
690,1775661990.5031586,forward,0.08422700315713882,13317.25,9.040161967277527e-05,0.0,0.0,,,
690,1775661990.6842818,backward,0.18095115572214127,13317.25,9.706243872642517e-05,0.0,0.0,,,
690,1775661990.6883128,optimizer,0.0025606099516153336,13317.25,2.3892149329185486e-05,0.0008928757160902023,0.0004770886152982712,99.0,0.8,20577.22265625
691,1775661990.9170806,forward,0.08422647416591644,13317.25,9.090080857276917e-05,0.0,0.0,,,
691,1775661991.0980592,backward,0.18081127293407917,13317.25,9.16309654712677e-05,0.0,0.0,,,
691,1775661991.101947,optimizer,0.0027636438608169556,13317.25,2.603977918624878e-05,0.0005095992237329483,0.00048022717237472534,96.0,0.8,20577.58984375
692,1775661991.328306,forward,0.08420742303133011,13317.25,9.18898731470108e-05,0.0,0.0,,,
692,1775661991.5092885,backward,0.18081383407115936,13317.25,9.482167661190033e-05,0.0,0.0,,,
692,1775661991.512956,optimizer,0.0025702323764562607,13317.25,2.7179718017578125e-05,0.00051930733025074,0.0004742257297039032,90.0,0.8,20577.46484375
693,1775661991.745667,forward,0.08420363999903202,13317.25,9.454227983951569e-05,0.0,0.0,,,
693,1775661991.9265866,backward,0.18075002171099186,13317.25,9.376183152198792e-05,0.0,0.0,,,
693,1775661991.9306102,optimizer,0.0025383606553077698,13317.25,2.5762245059013367e-05,0.0009016040712594986,0.0004806593060493469,81.0,0.8,20577.83203125
694,1775661992.154962,forward,0.08416925184428692,13317.25,9.527243673801422e-05,0.0,0.0,,,
694,1775661992.336028,backward,0.18089938536286354,13317.25,9.473226964473724e-05,0.0,0.0,,,
694,1775661992.3396752,optimizer,0.0025548897683620453,13317.25,2.4240463972091675e-05,0.0005162488669157028,0.00047510862350463867,77.0,0.8,20577.4609375
695,1775661992.568133,forward,0.08418233878910542,13317.25,9.550154209136963e-05,0.0,0.0,,,
695,1775661992.7491913,backward,0.1808943673968315,13317.25,9.501166641712189e-05,0.0,0.0,,,
695,1775661992.752846,optimizer,0.00255650095641613,13317.25,2.6263296604156494e-05,0.0005190372467041016,0.0004753265529870987,70.0,0.9,20577.3359375
696,1775661992.9734848,forward,0.0841867197304964,13317.25,9.584426879882812e-05,0.0,0.0,,,
696,1775661993.1544979,backward,0.18083476461470127,13317.25,9.486079216003418e-05,0.0,0.0,,,
696,1775661993.1581411,optimizer,0.002535339444875717,13317.25,2.5119632482528687e-05,0.0005272496491670609,0.00047663599252700806,67.0,0.8,20577.2109375
697,1775661993.3881392,forward,0.08419054001569748,13317.25,9.548291563987732e-05,0.0,0.0,,,
697,1775661993.5694516,backward,0.18114147894084454,13317.25,9.621307253837585e-05,0.0,0.0,,,
697,1775661993.573078,optimizer,0.0022341348230838776,13317.25,2.6231631636619568e-05,0.0005077477544546127,0.0004772469401359558,60.0,0.8,20577.578125
698,1775661993.7932448,forward,0.08416765183210373,13317.25,9.559281170368195e-05,0.0,0.0,,,
698,1775661993.9744298,backward,0.1810152567923069,13317.25,9.553134441375732e-05,0.0,0.0,,,
698,1775661993.9780796,optimizer,0.0025470908731222153,13317.25,2.5929883122444153e-05,0.0005185957998037338,0.0004776492714881897,57.0,0.8,20577.453125
699,1775661994.2068696,forward,0.08417181111872196,13317.25,8.958205580711365e-05,0.0,0.0,,,
699,1775661994.3878303,backward,0.18079068325459957,13317.25,9.738095104694366e-05,0.0,0.0,,,
699,1775661994.3914714,optimizer,0.002547839656472206,13317.25,2.4810433387756348e-05,0.0005186069756746292,0.00047422759234905243,50.0,0.8,20577.57421875
700,1775661994.62258,forward,0.08425732143223286,13317.25,9.297206997871399e-05,0.0,0.0,,,
700,1775661994.8035376,backward,0.18079115264117718,13317.25,9.301118552684784e-05,0.0,0.0,,,
700,1775661994.807454,optimizer,0.002541281282901764,13317.25,2.3460015654563904e-05,0.0008050426840782166,0.00046806782484054565,43.0,0.8,20577.203125
701,1775661995.0269816,forward,0.08418495021760464,13317.25,8.892267942428589e-05,0.0,0.0,,,
701,1775661995.2082665,backward,0.18111317791044712,13317.25,9.460188448429108e-05,0.0,0.0,,,
701,1775661995.2119212,optimizer,0.0025590118020772934,13317.25,2.6920810341835022e-05,0.0005172286182641983,0.00047589652240276337,41.0,0.8,20577.94140625
702,1775661995.445326,forward,0.0842740647494793,13317.25,9.347125887870789e-05,0.0,0.0,,,
702,1775661995.6262355,backward,0.18074123188853264,13317.25,9.427964687347412e-05,0.0,0.0,,,
702,1775661995.6300778,optimizer,0.0025557521730661392,13317.25,2.726726233959198e-05,0.0007049515843391418,0.0004755482077598572,100.0,0.8,20577.4453125
703,1775661995.8592024,forward,0.08421510085463524,13317.25,9.300187230110168e-05,0.0,0.0,,,
703,1775661996.0404758,backward,0.18110056780278683,13317.25,9.621307253837585e-05,0.0,0.0,,,
703,1775661996.0444582,optimizer,0.002552628517150879,13317.25,2.4510547518730164e-05,0.0008539222180843353,0.00047189928591251373,99.0,0.8,20577.56640625
704,1775661996.2629876,forward,0.08423318341374397,13317.25,9.346380829811096e-05,0.0,0.0,,,
704,1775661996.4439902,backward,0.18083600513637066,13317.25,9.495019912719727e-05,0.0,0.0,,,
704,1775661996.4480436,optimizer,0.002565259113907814,13317.25,2.5209039449691772e-05,0.0009063854813575745,0.0004769880324602127,100.0,0.8,20577.6875
705,1775661996.6666613,forward,0.08424636349081993,13317.25,9.588152170181274e-05,0.0,0.0,,,
705,1775661996.8476782,backward,0.18084567226469517,13317.25,9.801983833312988e-05,0.0,0.0,,,
705,1775661996.851317,optimizer,0.0025481712073087692,13317.25,2.2999942302703857e-05,0.0005158353596925735,0.0004735160619020462,100.0,0.8,20577.0703125
706,1775661997.0822833,forward,0.08423244208097458,13317.25,9.54214483499527e-05,0.0,0.0,,,
706,1775661997.2634742,backward,0.1810259409248829,13317.25,9.544380009174347e-05,0.0,0.0,,,
706,1775661997.2674212,optimizer,0.002555711194872856,13317.25,2.6207417249679565e-05,0.000812191516160965,0.0004770290106534958,99.0,0.8,20577.0703125
707,1775661997.4991097,forward,0.08422722481191158,13317.25,9.833276271820068e-05,0.0,0.0,,,
707,1775661997.680144,backward,0.18086545355618,13317.25,9.655207395553589e-05,0.0,0.0,,,
707,1775661997.6842475,optimizer,0.002552911639213562,13317.25,2.417154610157013e-05,0.0009731445461511612,0.0004751477390527725,99.0,0.8,20577.3125
708,1775661997.9052951,forward,0.0842322651296854,13317.25,8.8471919298172e-05,0.0,0.0,,,
708,1775661998.086575,backward,0.18111046962440014,13317.25,9.694881737232208e-05,0.0,0.0,,,
708,1775661998.0902343,optimizer,0.00253986194729805,13317.25,2.7010217308998108e-05,0.0005272179841995239,0.0004834849387407303,99.0,0.8,20577.43359375
709,1775661998.3215985,forward,0.08428010158240795,13317.25,9.351223707199097e-05,0.0,0.0,,,
709,1775661998.5026138,backward,0.18084916472434998,13317.25,9.265914559364319e-05,0.0,0.0,,,
709,1775661998.506635,optimizer,0.002554832026362419,13317.25,2.5579705834388733e-05,0.0008927453309297562,0.0004703570157289505,92.0,0.8,20577.0625
710,1775661998.741343,forward,0.084352295845747,13317.25,9.16607677936554e-05,0.0,0.0,,,
710,1775661998.9224706,backward,0.1809595637023449,13317.25,9.466148912906647e-05,0.0,0.0,,,
710,1775661998.9263875,optimizer,0.002545250579714775,13317.25,2.496875822544098e-05,0.0007978938519954681,0.00047108717262744904,82.0,0.8,20577.67578125
711,1775661999.1472094,forward,0.0841667503118515,13317.25,9.247101843357086e-05,0.0,0.0,,,
711,1775661999.328196,backward,0.18081159330904484,13317.25,9.697116911411285e-05,0.0,0.0,,,
711,1775661999.3318245,optimizer,0.0025417599827051163,13317.25,2.3599714040756226e-05,0.000509088858962059,0.00047785788774490356,79.0,0.8,20577.67578125
712,1775661999.56669,forward,0.08418062515556812,13317.25,9.582191705703735e-05,0.0,0.0,,,
712,1775661999.747637,backward,0.1807745322585106,13317.25,9.647943079471588e-05,0.0,0.0,,,
712,1775661999.751279,optimizer,0.002556711435317993,13317.25,2.362765371799469e-05,0.0005093198269605637,0.0004770886152982712,70.0,0.8,20577.91796875
713,1775661999.9707181,forward,0.08415086194872856,13317.25,9.277090430259705e-05,0.0,0.0,,,
713,1775662000.1517103,backward,0.18082217499613762,13317.25,9.32011753320694e-05,0.0,0.0,,,
713,1775662000.155589,optimizer,0.00275515578687191,13317.25,2.458132803440094e-05,0.0005162283778190613,0.0004753284156322479,68.0,0.8,20577.546875
714,1775662000.3948944,forward,0.08423336409032345,13317.25,9.568408131599426e-05,0.0,0.0,,,
714,1775662000.5761673,backward,0.1811016108840704,13317.25,9.56505537033081e-05,0.0,0.0,,,
714,1775662000.579797,optimizer,0.002544321119785309,13317.25,2.6598572731018066e-05,0.0005034394562244415,0.00047840923070907593,55.0,0.8,20577.9140625
715,1775662000.8014777,forward,0.08429368399083614,13317.25,9.492412209510803e-05,0.0,0.0,,,
715,1775662000.982477,backward,0.18082470446825027,13317.25,9.661167860031128e-05,0.0,0.0,,,
715,1775662000.986513,optimizer,0.002538781613111496,13317.25,2.559088170528412e-05,0.0009193457663059235,0.000476248562335968,52.0,0.8,20577.296875
716,1775662001.2196898,forward,0.0842433013021946,13317.25,8.890219032764435e-05,0.0,0.0,,,
716,1775662001.4007072,backward,0.180849464610219,13317.25,9.393133223056793e-05,0.0,0.0,,,
716,1775662001.4047265,optimizer,0.0025474410504102707,13317.25,2.4572014808654785e-05,0.0008936747908592224,0.0004772357642650604,43.0,0.8,20577.6640625
717,1775662001.6243134,forward,0.08417744189500809,13317.25,9.021162986755371e-05,0.0,0.0,,,
717,1775662001.805336,backward,0.1808536946773529,13317.25,9.511969983577728e-05,0.0,0.0,,,
717,1775662001.8089745,optimizer,0.002549000084400177,13317.25,2.5209039449691772e-05,0.0005174092948436737,0.0004687570035457611,41.0,0.8,20577.29296875
718,1775662002.0401924,forward,0.08428777568042278,13317.25,9.291060268878937e-05,0.0,0.0,,,
718,1775662002.2212386,backward,0.1808713972568512,13317.25,9.55723226070404e-05,0.0,0.0,,,
718,1775662002.2269237,optimizer,0.002563580870628357,13317.25,2.5773420929908752e-05,0.002543369308114052,0.00047307834029197693,99.0,0.8,20578.03125
719,1775662002.4582162,forward,0.0842917338013649,13317.25,9.467266499996185e-05,0.0,0.0,,,
719,1775662002.6392336,backward,0.18084462359547615,13317.25,9.520165622234344e-05,0.0,0.0,,,
719,1775662002.6432607,optimizer,0.002547401934862137,13317.25,2.642907202243805e-05,0.0009000841528177261,0.0004746876657009125,99.0,0.9,20577.78125
720,1775662002.8736267,forward,0.08422227390110493,13317.25,0.00010403990745544434,0.0,0.0,,,
720,1775662003.0547035,backward,0.18091275729238987,13317.25,9.509176015853882e-05,0.0,0.0,,,
720,1775662003.058361,optimizer,0.0025536902248859406,13317.25,2.5579705834388733e-05,0.0005255099385976791,0.0004750862717628479,99.0,0.8,20577.1640625
721,1775662003.279156,forward,0.08425390161573887,13317.25,9.311176836490631e-05,0.0,0.0,,,
721,1775662003.4602334,backward,0.18090866319835186,13317.25,9.718351066112518e-05,0.0,0.0,,,
721,1775662003.464259,optimizer,0.002537231892347336,13317.25,2.546049654483795e-05,0.0009053442627191544,0.000479256734251976,100.0,0.8,20577.77734375
722,1775662003.6931298,forward,0.08418390341103077,13317.25,9.652040898799896e-05,0.0,0.0,,,
722,1775662003.8740757,backward,0.18078041449189186,13317.25,9.331293404102325e-05,0.0,0.0,,,
722,1775662003.8777096,optimizer,0.002536589279770851,13317.25,2.7220696210861206e-05,0.0005030669271945953,0.0004904065281152725,99.0,0.8,20577.40625
723,1775662004.1104248,forward,0.0841240007430315,13317.25,9.784102439880371e-05,0.0,0.0,,,
723,1775662004.2916014,backward,0.18101243674755096,13317.25,9.528174996376038e-05,0.0,0.0,,,
723,1775662004.2952442,optimizer,0.0025496911257505417,13317.25,2.5967136025428772e-05,0.0005128681659698486,0.00047700852155685425,97.0,0.8,20577.8984375
724,1775662004.5155308,forward,0.08422379940748215,13317.25,8.825957775115967e-05,0.0,0.0,,,
724,1775662004.6968043,backward,0.18109744787216187,13317.25,0.00010017119348049164,0.0,0.0,,,
724,1775662004.7006104,optimizer,0.00254698283970356,13317.25,2.4089589715003967e-05,0.0006859414279460907,0.0004793573170900345,94.0,0.8,20577.38671875
725,1775662004.9333777,forward,0.08419003151357174,13317.25,9.172223508358002e-05,0.0,0.0,,,
725,1775662005.1146777,backward,0.1811314206570387,13317.25,9.43988561630249e-05,0.0,0.0,,,
725,1775662005.1182985,optimizer,0.002545751631259918,13317.25,2.451986074447632e-05,0.0004984773695468903,0.00047428905963897705,85.0,0.8,20577.26171875
726,1775662005.3456464,forward,0.08417939208447933,13317.25,9.066052734851837e-05,0.0,0.0,,,
726,1775662005.5266573,backward,0.18083933368325233,13317.25,9.509176015853882e-05,0.0,0.0,,,
726,1775662005.5302978,optimizer,0.002549879252910614,13317.25,2.6438385248184204e-05,0.0005133077502250671,0.0004743989557027817,79.0,0.8,20577.3828125
727,1775662005.7490299,forward,0.08416210114955902,13317.25,9.265914559364319e-05,0.0,0.0,,,
727,1775662005.9300523,backward,0.18085498362779617,13317.25,9.318068623542786e-05,0.0,0.0,,,
727,1775662005.9336782,optimizer,0.0025318004190921783,13317.25,2.5039538741111755e-05,0.0005083680152893066,0.0004821084439754486,78.0,0.8,20577.75
728,1775662006.1524417,forward,0.08415166102349758,13317.25,9.239278733730316e-05,0.0,0.0,,,
728,1775662006.3335338,backward,0.18091769702732563,13317.25,0.00010178238153457642,0.0,0.0,,,
728,1775662006.3371792,optimizer,0.002562630921602249,13317.25,2.50302255153656e-05,0.0005089882761240005,0.00047948770225048065,76.0,0.8,20577.50390625
729,1775662006.5577435,forward,0.08429733291268349,13317.25,9.207986295223236e-05,0.0,0.0,,,
729,1775662006.738753,backward,0.18083691410720348,13317.25,9.677186608314514e-05,0.0,0.0,,,
729,1775662006.7427735,optimizer,0.0025652796030044556,13317.25,2.5490298867225647e-05,0.0008787922561168671,0.0004751291126012802,73.0,0.8,20577.5
730,1775662006.971088,forward,0.08410030044615269,13317.25,9.411200881004333e-05,0.0,0.0,,,
730,1775662007.1521525,backward,0.1808940563350916,13317.25,9.567290544509888e-05,0.0,0.0,,,
730,1775662007.1558125,optimizer,0.0025575608015060425,13317.25,2.7490779757499695e-05,0.0005190279334783554,0.0004800371825695038,66.0,0.8,20576.8828125
731,1775662007.381552,forward,0.08426297083497047,13317.25,0.00010112859308719635,0.0,0.0,,,
731,1775662007.5628638,backward,0.18114551715552807,13317.25,9.612366557121277e-05,0.0,0.0,,,
731,1775662007.566506,optimizer,0.002543242648243904,13317.25,2.4899840354919434e-05,0.0005226582288742065,0.00047504715621471405,61.0,0.8,20577.7421875
732,1775662007.7981656,forward,0.08428298309445381,13317.25,9.649060666561127e-05,0.0,0.0,,,
732,1775662007.9791458,backward,0.18081260472536087,13317.25,9.428150951862335e-05,0.0,0.0,,,
732,1775662007.9831476,optimizer,0.002544960007071495,13317.25,2.365000545978546e-05,0.000884251669049263,0.0004714764654636383,53.0,0.8,20577.37109375
733,1775662008.214324,forward,0.08425671420991421,13317.25,9.723193943500519e-05,0.0,0.0,,,
733,1775662008.3953896,backward,0.18090715259313583,13317.25,8.785352110862732e-05,0.0,0.0,,,
733,1775662008.3990023,optimizer,0.0025340598076581955,13317.25,2.5451183319091797e-05,0.0005178004503250122,0.00046152807772159576,45.0,0.9,20577.4921875
734,1775662008.620528,forward,0.08424107544124126,13317.25,8.831918239593506e-05,0.0,0.0,,,
734,1775662008.8016908,backward,0.18099589832127094,13317.25,9.27317887544632e-05,0.0,0.0,,,
734,1775662008.8056211,optimizer,0.002542039379477501,13317.25,2.3581087589263916e-05,0.0008025523275136948,0.0004859287291765213,42.0,0.9,20576.875
735,1775662009.0344107,forward,0.08425159566104412,13317.25,8.928030729293823e-05,0.0,0.0,,,
735,1775662009.2155619,backward,0.18094605766236782,13317.25,0.00012382306158542633,0.0,0.0,,,
735,1775662009.2198465,optimizer,0.0027220435440540314,13317.25,2.6639550924301147e-05,0.0008824840188026428,0.000542888417840004,35.0,1.0,20577.3671875
736,1775662009.4504552,forward,0.08423546329140663,13317.25,8.9230015873909e-05,0.0,0.0,,,
736,1775662009.6316404,backward,0.1810140684247017,13317.25,9.615160524845123e-05,0.0,0.0,,,
736,1775662009.6352973,optimizer,0.0025575999170541763,13317.25,2.3718923330307007e-05,0.0005234666168689728,0.000475957989692688,99.0,0.8,20577.59375
737,1775662009.856459,forward,0.08425325155258179,13317.25,8.98316502571106e-05,0.0,0.0,,,
737,1775662010.0376568,backward,0.18103163689374924,13317.25,9.316205978393555e-05,0.0,0.0,,,
737,1775662010.0416007,optimizer,0.002536442130804062,13317.25,2.5369226932525635e-05,0.0008188318461179733,0.0004850868135690689,99.0,0.8,20577.46484375
738,1775662010.2631397,forward,0.08422761224210262,13317.25,9.217113256454468e-05,0.0,0.0,,,
738,1775662010.444142,backward,0.18083176389336586,13317.25,9.557045996189117e-05,0.0,0.0,,,
738,1775662010.4477744,optimizer,0.002543861046433449,13317.25,2.345256507396698e-05,0.0005151275545358658,0.00047034770250320435,100.0,0.8,20577.83203125
739,1775662010.6784494,forward,0.08429336547851562,13317.25,9.332969784736633e-05,0.0,0.0,,,
739,1775662010.8595939,backward,0.1809761542826891,13317.25,9.582005441188812e-05,0.0,0.0,,,
739,1775662010.863669,optimizer,0.0025565605610609055,13317.25,2.5628134608268738e-05,0.0009431131184101105,0.00047129765152931213,99.0,0.8,20577.953125
740,1775662011.083431,forward,0.08418581075966358,13317.25,9.052269160747528e-05,0.0,0.0,,,
740,1775662011.2643483,backward,0.18074582144618034,13317.25,9.535998106002808e-05,0.0,0.0,,,
740,1775662011.2679906,optimizer,0.0025536399334669113,13317.25,2.4512410163879395e-05,0.0005085989832878113,0.00047667883336544037,100.0,0.8,20577.70703125
741,1775662011.5001478,forward,0.08423469401896,13317.25,9.658187627792358e-05,0.0,0.0,,,
741,1775662011.6810915,backward,0.1807782631367445,13317.25,9.475089609622955e-05,0.0,0.0,,,
741,1775662011.6847916,optimizer,0.0025673117488622665,13317.25,2.546049654483795e-05,0.0005551278591156006,0.0004770178347826004,100.0,0.8,20577.1796875
742,1775662011.9183247,forward,0.08429570496082306,13317.25,9.635277092456818e-05,0.0,0.0,,,
742,1775662012.0993629,backward,0.18087029457092285,13317.25,9.633228182792664e-05,0.0,0.0,,,
742,1775662012.1032932,optimizer,0.002552660182118416,13317.25,2.5350600481033325e-05,0.0007946714758872986,0.0004773959517478943,92.0,0.8,20577.79296875
743,1775662012.3236847,forward,0.08414597995579243,13317.25,9.593367576599121e-05,0.0,0.0,,,
743,1775662012.504649,backward,0.18079435266554356,13317.25,9.584985673427582e-05,0.0,0.0,,,
743,1775662012.5083313,optimizer,0.002558549866080284,13317.25,2.501159906387329e-05,0.000517427921295166,0.0005033761262893677,89.0,0.8,20577.421875
744,1775662012.737198,forward,0.08429578505456448,13317.25,9.045004844665527e-05,0.0,0.0,,,
744,1775662012.9185061,backward,0.18113888800144196,13317.25,9.559094905853271e-05,0.0,0.0,,,
744,1775662012.9224312,optimizer,0.002565300092101097,13317.25,2.4298205971717834e-05,0.0007828548550605774,0.0004758983850479126,82.0,0.9,20577.7890625
745,1775662013.140981,forward,0.08417744375765324,13317.25,9.128265082836151e-05,0.0,0.0,,,
745,1775662013.3219268,backward,0.1807736326009035,13317.25,9.760074317455292e-05,0.0,0.0,,,
745,1775662013.3256166,optimizer,0.002568209543824196,13317.25,2.497062087059021e-05,0.0005176067352294922,0.0005025472491979599,80.0,0.8,20577.7890625
746,1775662013.5434723,forward,0.08412735164165497,13317.25,9.020231664180756e-05,0.0,0.0,,,
746,1775662013.72445,backward,0.1808099914342165,13317.25,9.726174175739288e-05,0.0,0.0,,,
746,1775662013.7281005,optimizer,0.002558330073952675,13317.25,2.631358802318573e-05,0.0005167163908481598,0.0004695151001214981,79.0,0.9,20576.94921875
747,1775662013.9591155,forward,0.08426247350871563,13317.25,9.234994649887085e-05,0.0,0.0,,,
747,1775662014.1404936,backward,0.18121246993541718,13317.25,9.38810408115387e-05,0.0,0.0,,,
747,1775662014.1441405,optimizer,0.002547280862927437,13317.25,2.577155828475952e-05,0.0005245283246040344,0.0004727393388748169,71.0,0.8,20576.82421875
748,1775662014.3757846,forward,0.08424379490315914,13317.25,9.216554462909698e-05,0.0,0.0,,,
748,1775662014.5571342,backward,0.18117774091660976,13317.25,9.475089609622955e-05,0.0,0.0,,,
748,1775662014.5611763,optimizer,0.0025694891810417175,13317.25,2.429075539112091e-05,0.0008985660970211029,0.0004723481833934784,63.0,0.8,20577.4375
749,1775662014.7813287,forward,0.08417310193181038,13317.25,9.022094309329987e-05,0.0,0.0,,,
749,1775662014.9622688,backward,0.18077067285776138,13317.25,9.447149932384491e-05,0.0,0.0,,,
749,1775662014.9659173,optimizer,0.002546759322285652,13317.25,2.4801120162010193e-05,0.000515177845954895,0.0004850383847951889,60.0,0.8,20576.8203125
750,1775662015.1957352,forward,0.08424599282443523,13317.25,9.234994649887085e-05,0.0,0.0,,,
750,1775662015.376669,backward,0.1807632315903902,13317.25,9.715929627418518e-05,0.0,0.0,,,
750,1775662015.3807168,optimizer,0.0025901123881340027,13317.25,2.6868656277656555e-05,0.0008788853883743286,0.0004737675189971924,53.0,0.8,20578.41796875
751,1775662015.6087203,forward,0.08414793945848942,13317.25,9.543262422084808e-05,0.0,0.0,,,
751,1775662015.7900057,backward,0.18111838959157467,13317.25,9.46391373872757e-05,0.0,0.0,,,
751,1775662015.7936854,optimizer,0.002541961148381233,13317.25,2.7399510145187378e-05,0.0005390271544456482,0.000493418425321579,46.0,0.8,20577.80078125
752,1775662016.0238705,forward,0.08416634239256382,13317.25,9.565986692905426e-05,0.0,0.0,,,
752,1775662016.2051811,backward,0.1811395399272442,13317.25,9.618885815143585e-05,0.0,0.0,,,
752,1775662016.208843,optimizer,0.002558952197432518,13317.25,2.8409063816070557e-05,0.0005193278193473816,0.00047860853374004364,39.0,0.8,20578.4140625
753,1775662016.4285243,forward,0.08417103998363018,13317.25,9.454041719436646e-05,0.0,0.0,,,
753,1775662016.609626,backward,0.18093058839440346,13317.25,0.00010011158883571625,0.0,0.0,,,
753,1775662016.6136143,optimizer,0.0025478005409240723,13317.25,2.419203519821167e-05,0.0008463114500045776,0.0004991572350263596,37.0,0.8,20578.04296875
754,1775662016.843034,forward,0.08416413329541683,13317.25,8.939206600189209e-05,0.0,0.0,,,
754,1775662017.0240283,backward,0.18082520365715027,13317.25,9.636208415031433e-05,0.0,0.0,,,
754,1775662017.027618,optimizer,0.0025405902415513992,13317.25,2.3389235138893127e-05,0.00047203898429870605,0.0004762466996908188,100.0,0.8,20577.1796875
755,1775662017.2614555,forward,0.08420555107295513,13317.25,9.106099605560303e-05,0.0,0.0,,,
755,1775662017.4424667,backward,0.18082971312105656,13317.25,9.466893970966339e-05,0.0,0.0,,,
755,1775662017.446086,optimizer,0.002534249797463417,13317.25,2.394057810306549e-05,0.0005115289241075516,0.00047413818538188934,99.0,0.8,20576.5625
756,1775662017.6757464,forward,0.08427055180072784,13317.25,9.144097566604614e-05,0.0,0.0,,,
756,1775662017.8569076,backward,0.18099194578826427,13317.25,9.519048035144806e-05,0.0,0.0,,,
756,1775662017.860954,optimizer,0.002572299912571907,13317.25,2.8811395168304443e-05,0.0008918847888708115,0.00047465600073337555,99.0,0.8,20576.68359375
757,1775662018.081217,forward,0.08419978059828281,13317.25,9.232200682163239e-05,0.0,0.0,,,
757,1775662018.2622063,backward,0.18079924397170544,13317.25,0.00011111237108707428,0.0,0.0,,,
757,1775662018.2660506,optimizer,0.0026424527168273926,13317.25,2.4149194359779358e-05,0.000532928854227066,0.0004998594522476196,100.0,0.8,20576.68359375
758,1775662018.4855487,forward,0.08415684290230274,13317.25,0.00010867230594158173,0.0,0.0,,,
758,1775662018.6665602,backward,0.18084782548248768,13317.25,9.544193744659424e-05,0.0,0.0,,,
758,1775662018.6702156,optimizer,0.00256282277405262,13317.25,2.4810433387756348e-05,0.0005180072039365768,0.0004728846251964569,99.0,0.8,20576.92578125
759,1775662018.8903775,forward,0.08415313251316547,13317.25,9.315088391304016e-05,0.0,0.0,,,
759,1775662019.0712512,backward,0.18070851266384125,13317.25,9.438209235668182e-05,0.0,0.0,,,
759,1775662019.0748885,optimizer,0.0025617703795433044,13317.25,2.4672597646713257e-05,0.0005016680806875229,0.0004719998687505722,100.0,0.8,20577.046875
760,1775662019.3060775,forward,0.08415460214018822,13317.25,9.514205157756805e-05,0.0,0.0,,,
760,1775662019.4871306,backward,0.18087708577513695,13317.25,9.86885279417038e-05,0.0,0.0,,,
760,1775662019.4907448,optimizer,0.0025362689048051834,13317.25,2.5471672415733337e-05,0.0005032476037740707,0.0004730578511953354,97.0,0.8,20576.921875
761,1775662019.7176504,forward,0.08422459103167057,13317.25,9.691156446933746e-05,0.0,0.0,,,
761,1775662019.898654,backward,0.1808359157294035,13317.25,9.697861969470978e-05,0.0,0.0,,,
761,1775662019.9022973,optimizer,0.0025603119283914566,13317.25,2.9440969228744507e-05,0.0005033668130636215,0.00047676824033260345,91.0,0.8,20576.55078125
762,1775662020.1330376,forward,0.08426219411194324,13317.25,9.56803560256958e-05,0.0,0.0,,,
762,1775662020.3140812,backward,0.18087661638855934,13317.25,9.771063923835754e-05,0.0,0.0,,,
762,1775662020.3181162,optimizer,0.002555839717388153,13317.25,2.5741755962371826e-05,0.0008983314037322998,0.00047851912677288055,83.0,0.8,20577.2890625
763,1775662020.5476544,forward,0.08418497256934643,13317.25,8.812174201011658e-05,0.0,0.0,,,
763,1775662020.7288692,backward,0.18104376643896103,13317.25,9.758211672306061e-05,0.0,0.0,,,
763,1775662020.7325265,optimizer,0.002558419480919838,13317.25,2.5549903512001038e-05,0.0005182512104511261,0.0004772357642650604,76.0,0.8,20576.79296875
764,1775662020.9631522,forward,0.08413118310272694,13317.25,0.00014114193618297577,0.0,0.0,,,
764,1775662021.1441877,backward,0.18087337352335453,13317.25,9.386055171489716e-05,0.0,0.0,,,
764,1775662021.1478226,optimizer,0.0025393012911081314,13317.25,2.3540109395980835e-05,0.0005242787301540375,0.00047257542610168457,68.0,1.2,20576.17578125
765,1775662021.370378,forward,0.0842339713126421,13317.25,9.04519110918045e-05,0.0,0.0,,,
765,1775662021.5516737,backward,0.18112420104444027,13317.25,9.636208415031433e-05,0.0,0.0,,,
765,1775662021.5555973,optimizer,0.002561289817094803,13317.25,2.3309141397476196e-05,0.0007876250892877579,0.00047453679144382477,64.0,0.8,20576.78515625
766,1775662021.7860024,forward,0.0841626524925232,13317.25,9.482540190219879e-05,0.0,0.0,,,
766,1775662021.9671917,backward,0.18102135695517063,13317.25,9.434297680854797e-05,0.0,0.0,,,
766,1775662021.9708273,optimizer,0.0025499705225229263,13317.25,2.7099624276161194e-05,0.0005065873265266418,0.00047276541590690613,56.0,0.8,20576.4140625
767,1775662022.1998725,forward,0.08420848101377487,13317.25,9.420141577720642e-05,0.0,0.0,,,
767,1775662022.38093,backward,0.18088838271796703,13317.25,9.420327842235565e-05,0.0,0.0,,,
767,1775662022.3845992,optimizer,0.0025693587958812714,13317.25,2.3989006876945496e-05,0.00052625872194767,0.0004713386297225952,50.0,0.8,20577.515625
768,1775662022.615544,forward,0.08425307460129261,13317.25,9.271129965782166e-05,0.0,0.0,,,
768,1775662022.796511,backward,0.1807953044772148,13317.25,9.405240416526794e-05,0.0,0.0,,,
768,1775662022.8005593,optimizer,0.002574300393462181,13317.25,2.497248351573944e-05,0.0008861646056175232,0.0004841480404138565,42.0,0.9,20577.140625
769,1775662023.0208938,forward,0.08405826985836029,13317.25,9.780004620552063e-05,0.0,0.0,,,
769,1775662023.2018454,backward,0.1807867456227541,13317.25,9.706057608127594e-05,0.0,0.0,,,
769,1775662023.205493,optimizer,0.0025528110563755035,13317.25,2.5451183319091797e-05,0.0005158595740795135,0.00047487765550613403,39.0,0.8,20577.140625
770,1775662023.4230762,forward,0.08412675000727177,13317.25,9.250454604625702e-05,0.0,0.0,,,
770,1775662023.6043482,backward,0.1811068393290043,13317.25,9.465217590332031e-05,0.0,0.0,,,
770,1775662023.6079977,optimizer,0.002547353506088257,13317.25,2.368912100791931e-05,0.0005276408046483994,0.00047457776963710785,38.0,0.8,20577.13671875
771,1775662023.8279858,forward,0.0841780211776495,13317.25,9.524263441562653e-05,0.0,0.0,,,
771,1775662024.0092134,backward,0.18106032721698284,13317.25,9.575113654136658e-05,0.0,0.0,,,
771,1775662024.0128276,optimizer,0.002547372132539749,13317.25,2.70698219537735e-05,0.0004892274737358093,0.0004735887050628662,36.0,0.8,20577.2578125
772,1775662024.2428536,forward,0.08412578329443932,13317.25,8.934177458286285e-05,0.0,0.0,,,
772,1775662024.4239886,backward,0.18096810579299927,13317.25,9.391270577907562e-05,0.0,0.0,,,
772,1775662024.4275892,optimizer,0.002553660422563553,13317.25,2.4491921067237854e-05,0.0004683844745159149,0.0004748273640871048,99.0,0.8,20577.37890625
773,1775662024.6497855,forward,0.0842030830681324,13317.25,9.050033986568451e-05,0.0,0.0,,,
773,1775662024.8308623,backward,0.1809053849428892,13317.25,9.855255484580994e-05,0.0,0.0,,,
773,1775662024.834797,optimizer,0.002537379041314125,13317.25,2.5181099772453308e-05,0.000819280743598938,0.0004764404147863388,99.0,0.8,20577.25390625
774,1775662025.0651124,forward,0.08422845229506493,13317.25,9.259209036827087e-05,0.0,0.0,,,
774,1775662025.2460957,backward,0.1808127835392952,13317.25,9.509362280368805e-05,0.0,0.0,,,
774,1775662025.249725,optimizer,0.0025339405983686447,13317.25,2.417154610157013e-05,0.000515419989824295,0.0004797074943780899,100.0,0.8,20577.25390625
775,1775662025.4683604,forward,0.08426116220653057,13317.25,9.183213114738464e-05,0.0,0.0,,,
775,1775662025.6493084,backward,0.18077771179378033,13317.25,9.633228182792664e-05,0.0,0.0,,,
775,1775662025.6529465,optimizer,0.002546483650803566,13317.25,2.5080516934394836e-05,0.0005116574466228485,0.0004785582423210144,100.0,0.8,20577.25
776,1775662025.883707,forward,0.0841203723102808,13317.25,9.227357804775238e-05,0.0,0.0,,,
776,1775662026.0646782,backward,0.18080156110227108,13317.25,9.465217590332031e-05,0.0,0.0,,,
776,1775662026.0683486,optimizer,0.0025806501507759094,13317.25,2.6648864150047302e-05,0.0005107689648866653,0.00047348812222480774,99.0,0.8,20576.87890625
777,1775662026.2893107,forward,0.08416887372732162,13317.25,9.27504152059555e-05,0.0,0.0,,,
777,1775662026.470262,backward,0.1807855051010847,13317.25,9.259022772312164e-05,0.0,0.0,,,
777,1775662026.4742343,optimizer,0.002550652250647545,13317.25,2.4927780032157898e-05,0.0008413642644882202,0.00047574564814567566,100.0,0.8,20577.24609375
778,1775662026.6956007,forward,0.08430789411067963,13317.25,9.133107960224152e-05,0.0,0.0,,,
778,1775662026.876573,backward,0.18080400303006172,13317.25,9.549036622047424e-05,0.0,0.0,,,
778,1775662026.8802192,optimizer,0.0025520026683807373,13317.25,2.5410205125808716e-05,0.0005174987018108368,0.00047244876623153687,100.0,0.8,20577.12109375
779,1775662027.1100879,forward,0.08420973271131516,13317.25,9.354948997497559e-05,0.0,0.0,,,
779,1775662027.2910912,backward,0.18081628531217575,13317.25,0.00011223182082176208,0.0,0.0,,,
779,1775662027.296037,optimizer,0.003285791724920273,13317.25,2.596341073513031e-05,0.001000974327325821,0.0005023088306188583,94.0,0.8,20577.61328125
780,1775662027.5184474,forward,0.08424549363553524,13317.25,9.441934525966644e-05,0.0,0.0,,,
780,1775662027.6994743,backward,0.18085788376629353,13317.25,9.733252227306366e-05,0.0,0.0,,,
780,1775662027.7031431,optimizer,0.0025618188083171844,13317.25,2.674013376235962e-05,0.0005262158811092377,0.00047563575208187103,89.0,0.8,20577.1171875
781,1775662027.9245524,forward,0.08417494408786297,13317.25,9.647943079471588e-05,0.0,0.0,,,
781,1775662028.1056397,backward,0.1809206772595644,13317.25,9.738095104694366e-05,0.0,0.0,,,
781,1775662028.1092923,optimizer,0.0025647804141044617,13317.25,2.4491921067237854e-05,0.0005087368190288544,0.00047620758414268494,86.0,0.8,20576.49609375
782,1775662028.3419328,forward,0.08417598158121109,13317.25,9.541027247905731e-05,0.0,0.0,,,
782,1775662028.5232413,backward,0.18113567866384983,13317.25,9.703263640403748e-05,0.0,0.0,,,
782,1775662028.5268655,optimizer,0.00254158116877079,13317.25,2.3052096366882324e-05,0.0005106572061777115,0.00047495774924755096,77.0,0.8,20577.109375
783,1775662028.7471974,forward,0.08420866169035435,13317.25,9.698234498500824e-05,0.0,0.0,,,
783,1775662028.9281921,backward,0.1808237638324499,13317.25,9.848363697528839e-05,0.0,0.0,,,
783,1775662028.9318485,optimizer,0.0025457702577114105,13317.25,2.5259330868721008e-05,0.0005239378660917282,0.0004790574312210083,75.0,0.8,20576.984375
784,1775662029.1542196,forward,0.08419553190469742,13317.25,8.813105523586273e-05,0.0,0.0,,,
784,1775662029.3352926,backward,0.18090049736201763,13317.25,9.665265679359436e-05,0.0,0.0,,,
784,1775662029.3393278,optimizer,0.0025643911212682724,13317.25,2.4059787392616272e-05,0.0008866544812917709,0.0004839785397052765,71.0,0.8,20577.23046875
785,1775662029.5667274,forward,0.08422202058136463,13317.25,8.853152394294739e-05,0.0,0.0,,,
785,1775662029.7476833,backward,0.18078572303056717,13317.25,9.78522002696991e-05,0.0,0.0,,,
785,1775662029.7513742,optimizer,0.0025644712150096893,13317.25,2.5501474738121033e-05,0.0005187205970287323,0.0005063079297542572,65.0,0.8,20576.48828125
786,1775662029.9730966,forward,0.08422282338142395,13317.25,9.103119373321533e-05,0.0,0.0,,,
786,1775662030.1544118,backward,0.18114472925662994,13317.25,9.473972022533417e-05,0.0,0.0,,,
786,1775662030.1584797,optimizer,0.0025477316230535507,13317.25,2.7041882276535034e-05,0.0009397529065608978,0.00047283805906772614,62.0,0.8,20576.85546875
787,1775662030.3812788,forward,0.08414427377283573,13317.25,8.9302659034729e-05,0.0,0.0,,,
787,1775662030.5625064,backward,0.18105606734752655,13317.25,9.380094707012177e-05,0.0,0.0,,,
787,1775662030.5661533,optimizer,0.0025462210178375244,13317.25,2.720952033996582e-05,0.0005211085081100464,0.00047456659376621246,57.0,0.8,20576.9765625
788,1775662030.7861693,forward,0.08412502147257328,13317.25,9.025074541568756e-05,0.0,0.0,,,
788,1775662030.9671185,backward,0.18077857606112957,13317.25,9.487010538578033e-05,0.0,0.0,,,
788,1775662030.9707546,optimizer,0.002549942582845688,13317.25,2.567283809185028e-05,0.0005054548382759094,0.0004758797585964203,55.0,0.8,20577.34375
789,1775662031.192208,forward,0.08425952307879925,13317.25,9.277090430259705e-05,0.0,0.0,,,
789,1775662031.3732626,backward,0.18088599666953087,13317.25,9.41101461648941e-05,0.0,0.0,,,
789,1775662031.3772225,optimizer,0.002547798678278923,13317.25,2.4819746613502502e-05,0.0008368343114852905,0.00047239474952220917,52.0,0.8,20576.97265625
790,1775662031.5978734,forward,0.08416885137557983,13317.25,9.160488843917847e-05,0.0,0.0,,,
790,1775662031.778867,backward,0.18082426488399506,13317.25,9.421072900295258e-05,0.0,0.0,,,
790,1775662031.7825172,optimizer,0.0025438331067562103,13317.25,2.5719404220581055e-05,0.0005293078720569611,0.0004750676453113556,49.0,0.8,20577.09375
791,1775662032.0130484,forward,0.08431022427976131,13317.25,9.407289326190948e-05,0.0,0.0,,,
791,1775662032.194241,backward,0.18102248758077621,13317.25,9.523890912532806e-05,0.0,0.0,,,
791,1775662032.1982744,optimizer,0.002545459195971489,13317.25,2.574920654296875e-05,0.0009088069200515747,0.0004751160740852356,42.0,0.8,20576.23046875
792,1775662032.4293902,forward,0.08425406366586685,13317.25,9.664148092269897e-05,0.0,0.0,,,
792,1775662032.6103895,backward,0.1808346752077341,13317.25,9.392388164997101e-05,0.0,0.0,,,
792,1775662032.6176045,optimizer,0.0025488808751106262,13317.25,2.6660040020942688e-05,0.004076195880770683,0.0004901960492134094,99.0,0.8,20576.84375
793,1775662032.8360643,forward,0.08419686183333397,13317.25,9.401887655258179e-05,0.0,0.0,,,
793,1775662033.0171318,backward,0.18090247549116611,13317.25,9.544938802719116e-05,0.0,0.0,,,
793,1775662033.0207508,optimizer,0.002571661025285721,13317.25,2.4460256099700928e-05,0.0004722774028778076,0.0004741474986076355,99.0,0.8,20576.96484375
794,1775662033.2392154,forward,0.08413488045334816,13317.25,9.534135460853577e-05,0.0,0.0,,,
794,1775662033.4204311,backward,0.1810472086071968,13317.25,9.63602215051651e-05,0.0,0.0,,,
794,1775662033.4240274,optimizer,0.0025485511869192123,13317.25,2.641230821609497e-05,0.00046503543853759766,0.00047814473509788513,99.0,0.8,20577.0859375
795,1775662033.6455123,forward,0.08423309400677681,13317.25,9.677186608314514e-05,0.0,0.0,,,
795,1775662033.8265395,backward,0.18085620366036892,13317.25,9.490363299846649e-05,0.0,0.0,,,
795,1775662033.8301313,optimizer,0.0025544222444295883,13317.25,2.6168301701545715e-05,0.00045688822865486145,0.0004761163145303726,100.0,0.8,20576.71484375
796,1775662034.0516431,forward,0.08421008102595806,13317.25,9.5343217253685e-05,0.0,0.0,,,
796,1775662034.2326965,backward,0.18088381551206112,13317.25,9.573251008987427e-05,0.0,0.0,,,
796,1775662034.2366338,optimizer,0.002568671479821205,13317.25,2.5959685444831848e-05,0.0007902216166257858,0.0004737488925457001,100.0,0.8,20576.71484375
797,1775662034.4700546,forward,0.0842354129999876,13317.25,8.959323167800903e-05,0.0,0.0,,,
797,1775662034.651252,backward,0.1810296457260847,13317.25,9.661354124546051e-05,0.0,0.0,,,
797,1775662034.6552587,optimizer,0.0025481916964054108,13317.25,2.362951636314392e-05,0.0008796937763690948,0.00047810934484004974,99.0,0.8,20576.95703125
798,1775662034.889638,forward,0.08426635339856148,13317.25,9.28826630115509e-05,0.0,0.0,,,
798,1775662035.0705757,backward,0.18077229149639606,13317.25,9.254179894924164e-05,0.0,0.0,,,
798,1775662035.0745091,optimizer,0.0025498829782009125,13317.25,2.50302255153656e-05,0.0008072704076766968,0.0004718359559774399,100.0,0.8,20577.078125
799,1775662035.3013713,forward,0.08408598974347115,13317.25,9.304285049438477e-05,0.0,0.0,,,
799,1775662035.4824479,backward,0.18090545386075974,13317.25,9.573251008987427e-05,0.0,0.0,,,
799,1775662035.4860778,optimizer,0.002540839836001396,13317.25,2.415291965007782e-05,0.0005120281130075455,0.0004722271114587784,97.0,0.8,20576.953125
800,1775662035.7087014,forward,0.08429733663797379,13317.25,9.040161967277527e-05,0.0,0.0,,,
800,1775662035.8897936,backward,0.18092266842722893,13317.25,9.237229824066162e-05,0.0,0.0,,,
800,1775662035.8938177,optimizer,0.0025569014251232147,13317.25,2.438761293888092e-05,0.0008765924721956253,0.0004868488758802414,93.0,0.8,20577.3203125
801,1775662036.1238706,forward,0.08422292210161686,13317.25,9.44230705499649e-05,0.0,0.0,,,
801,1775662036.304872,backward,0.18082813173532486,13317.25,9.594112634658813e-05,0.0,0.0,,,
801,1775662036.3086624,optimizer,0.002552540972828865,13317.25,2.6520341634750366e-05,0.0006586033850908279,0.00047561898827552795,85.0,0.8,20577.07421875
802,1775662036.5386446,forward,0.08436840586364269,13317.25,9.614042937755585e-05,0.0,0.0,,,
802,1775662036.71966,backward,0.18084614351391792,13317.25,9.561330080032349e-05,0.0,0.0,,,
802,1775662036.7233026,optimizer,0.0025488901883363724,13317.25,2.7101486921310425e-05,0.0005169995129108429,0.0004735402762889862,78.0,0.8,20576.82421875
803,1775662036.9413385,forward,0.08415218442678452,13317.25,9.526126086711884e-05,0.0,0.0,,,
803,1775662037.1224766,backward,0.18097085505723953,13317.25,9.408220648765564e-05,0.0,0.0,,,
803,1775662037.1261008,optimizer,0.002537960186600685,13317.25,2.5451183319091797e-05,0.0005086176097393036,0.00047700852155685425,76.0,0.8,20576.9453125
804,1775662037.3441918,forward,0.08418039046227932,13317.25,9.517185389995575e-05,0.0,0.0,,,
804,1775662037.5253515,backward,0.18099220842123032,13317.25,9.446963667869568e-05,0.0,0.0,,,
804,1775662037.5290048,optimizer,0.0025678202509880066,13317.25,2.6090070605278015e-05,0.0005090348422527313,0.00047597847878932953,75.0,0.8,20577.06640625
805,1775662037.7490776,forward,0.08423617295920849,13317.25,9.533204138278961e-05,0.0,0.0,,,
805,1775662037.9301076,backward,0.18086371570825577,13317.25,9.493902325630188e-05,0.0,0.0,,,
805,1775662037.9341486,optimizer,0.00257200188934803,13317.25,2.5019049644470215e-05,0.000891396775841713,0.0004763491451740265,73.0,0.8,20577.1875
806,1775662038.163808,forward,0.08416491188108921,13317.25,9.777955710887909e-05,0.0,0.0,,,
806,1775662038.344818,backward,0.1808417458087206,13317.25,9.776465594768524e-05,0.0,0.0,,,
806,1775662038.3484921,optimizer,0.0025728419423103333,13317.25,2.57883220911026e-05,0.0005258303135633469,0.0004747062921524048,65.0,0.8,20577.43359375
807,1775662038.569641,forward,0.0842375922948122,13317.25,8.988380432128906e-05,0.0,0.0,,,
807,1775662038.7505875,backward,0.18077529408037663,13317.25,9.680166840553284e-05,0.0,0.0,,,
807,1775662038.7545238,optimizer,0.002542799338698387,13317.25,2.394057810306549e-05,0.0008157920092344284,0.00047607533633708954,62.0,0.8,20577.18359375
808,1775662038.984943,forward,0.08420205302536488,13317.25,8.836016058921814e-05,0.0,0.0,,,
808,1775662039.1658528,backward,0.1807433720678091,13317.25,9.44230705499649e-05,0.0,0.0,,,
808,1775662039.1694877,optimizer,0.0025421902537345886,13317.25,2.6280060410499573e-05,0.0005090478807687759,0.00047918036580085754,54.0,0.8,20576.8125
809,1775662039.4016838,forward,0.08416417241096497,13317.25,8.981116116046906e-05,0.0,0.0,,,
809,1775662039.5827465,backward,0.18089408613741398,13317.25,9.408965706825256e-05,0.0,0.0,,,
809,1775662039.5864005,optimizer,0.0025532301515340805,13317.25,2.6980414986610413e-05,0.0005227476358413696,0.0004736371338367462,46.0,0.8,20577.1796875
810,1775662039.8059332,forward,0.08424632251262665,13317.25,9.195320308208466e-05,0.0,0.0,,,
810,1775662039.9869304,backward,0.1808282509446144,13317.25,9.401142597198486e-05,0.0,0.0,,,
810,1775662039.990925,optimizer,0.002552533522248268,13317.25,2.6091933250427246e-05,0.0008626449853181839,0.0004752669483423233,44.0,0.8,20576.5625
811,1775662040.2203927,forward,0.08413550071418285,13317.25,9.144283831119537e-05,0.0,0.0,,,
811,1775662040.401661,backward,0.18110071867704391,13317.25,9.29906964302063e-05,0.0,0.0,,,
811,1775662040.4052856,optimizer,0.0025479327887296677,13317.25,2.7341768145561218e-05,0.0004952680319547653,0.0004769768565893173,37.0,0.8,20577.17578125
812,1775662040.6244504,forward,0.08425164222717285,13317.25,9.156018495559692e-05,0.0,0.0,,,
812,1775662040.8057346,backward,0.18111485987901688,13317.25,9.533949196338654e-05,0.0,0.0,,,
812,1775662040.8096547,optimizer,0.002552041783928871,13317.25,2.4178996682167053e-05,0.000758754089474678,0.0005080178380012512,35.0,0.8,20576.8046875
813,1775662041.0280495,forward,0.0842710230499506,13317.25,9.558163583278656e-05,0.0,0.0,,,
813,1775662041.2089827,backward,0.18076250329613686,13317.25,9.554065763950348e-05,0.0,0.0,,,
813,1775662041.214849,optimizer,0.0025597624480724335,13317.25,2.6239082217216492e-05,0.002726273611187935,0.00047667697072029114,99.0,0.8,20578.03515625
814,1775662041.4442923,forward,0.08420457132160664,13317.25,9.09809023141861e-05,0.0,0.0,,,
814,1775662041.6253893,backward,0.1809273287653923,13317.25,9.733065962791443e-05,0.0,0.0,,,
814,1775662041.6291704,optimizer,0.0025631729513406754,13317.25,2.9511749744415283e-05,0.0006377026438713074,0.0004749670624732971,99.0,0.8,20577.046875
815,1775662041.8476806,forward,0.08424113132059574,13317.25,9.532272815704346e-05,0.0,0.0,,,
815,1775662042.0286548,backward,0.18080874159932137,13317.25,9.439140558242798e-05,0.0,0.0,,,
815,1775662042.0325947,optimizer,0.002547919750213623,13317.25,2.374686300754547e-05,0.0008193235844373703,0.00047309510409832,100.0,0.8,20577.4140625
816,1775662042.25994,forward,0.08415678329765797,13317.25,9.543076157569885e-05,0.0,0.0,,,
816,1775662042.4409475,backward,0.18083756230771542,13317.25,9.677931666374207e-05,0.0,0.0,,,
816,1775662042.4445865,optimizer,0.0025551319122314453,13317.25,2.3987144231796265e-05,0.0005107894539833069,0.00047454051673412323,100.0,0.8,20577.04296875
817,1775662042.6710663,forward,0.08420798368752003,13317.25,9.300187230110168e-05,0.0,0.0,,,
817,1775662042.8520894,backward,0.18084108643233776,13317.25,9.814277291297913e-05,0.0,0.0,,,
817,1775662042.8557298,optimizer,0.0025522317737340927,13317.25,2.4009495973587036e-05,0.00051121786236763,0.00047561898827552795,99.0,0.9,20577.1640625
818,1775662043.084667,forward,0.08421550318598747,13317.25,8.795224130153656e-05,0.0,0.0,,,
818,1775662043.2656326,backward,0.18078425340354443,13317.25,0.00010687112808227539,0.0,0.0,,,
818,1775662043.269643,optimizer,0.002557670697569847,13317.25,2.4907290935516357e-05,0.0008555520325899124,0.0005018077790737152,100.0,0.8,20576.42578125
819,1775662043.488024,forward,0.0842999629676342,13317.25,8.973293006420135e-05,0.0,0.0,,,
819,1775662043.6690621,backward,0.18086904287338257,13317.25,9.745173156261444e-05,0.0,0.0,,,
819,1775662043.673098,optimizer,0.0025546513497829437,13317.25,2.6909634470939636e-05,0.0008904635906219482,0.0004868004471063614,100.0,0.8,20577.16015625
820,1775662043.8938081,forward,0.08409979194402695,13317.25,8.974224328994751e-05,0.0,0.0,,,
820,1775662044.074819,backward,0.18084544502198696,13317.25,9.179115295410156e-05,0.0,0.0,,,
820,1775662044.0784748,optimizer,0.0025514382869005203,13317.25,2.5480985641479492e-05,0.000527137890458107,0.00047255679965019226,99.0,0.8,20577.03515625
821,1775662044.2971945,forward,0.08416306227445602,13317.25,9.08728688955307e-05,0.0,0.0,,,
821,1775662044.4782178,backward,0.18085621669888496,13317.25,9.32794064283371e-05,0.0,0.0,,,
821,1775662044.481872,optimizer,0.00254916213452816,13317.25,2.78521329164505e-05,0.000515718013048172,0.0004850979894399643,97.0,0.8,20577.40234375
822,1775662044.7112615,forward,0.08422041311860085,13317.25,9.323097765445709e-05,0.0,0.0,,,
822,1775662044.892225,backward,0.18079484440386295,13317.25,9.345263242721558e-05,0.0,0.0,,,
822,1775662044.8958795,optimizer,0.00255512073636055,13317.25,2.5229528546333313e-05,0.0005191769450902939,0.000476716086268425,90.0,0.8,20576.5390625
823,1775662045.1170104,forward,0.08418812230229378,13317.25,9.343214333057404e-05,0.0,0.0,,,
823,1775662045.298046,backward,0.1808663345873356,13317.25,9.36407595872879e-05,0.0,0.0,,,
823,1775662045.301827,optimizer,0.0025495123118162155,13317.25,2.3519620299339294e-05,0.0006425995379686356,0.0004867576062679291,87.0,0.8,20577.27734375
824,1775662045.5228164,forward,0.08421428501605988,13317.25,9.344890713691711e-05,0.0,0.0,,,
824,1775662045.7038045,backward,0.18081868439912796,13317.25,9.488314390182495e-05,0.0,0.0,,,
824,1775662045.707736,optimizer,0.0027709733694791794,13317.25,2.4260953068733215e-05,0.0005540680140256882,0.0004748459905385971,84.0,0.8,20577.02734375
825,1775662045.9494305,forward,0.0843600332736969,13317.25,9.537115693092346e-05,0.0,0.0,,,
825,1775662046.1306992,backward,0.18110190704464912,13317.25,9.581074118614197e-05,0.0,0.0,,,
825,1775662046.134351,optimizer,0.0025557205080986023,13317.25,2.3191794753074646e-05,0.0005216263234615326,0.00047320686280727386,71.0,0.8,20576.90234375
826,1775662046.3533504,forward,0.08415069058537483,13317.25,9.64924693107605e-05,0.0,0.0,,,
826,1775662046.534503,backward,0.1809833962470293,13317.25,9.571202099323273e-05,0.0,0.0,,,
826,1775662046.5381534,optimizer,0.002548541873693466,13317.25,2.7259811758995056e-05,0.0005235988646745682,0.0004748981446027756,69.0,0.8,20577.0234375
827,1775662046.7596273,forward,0.08415522985160351,13317.25,9.681098163127899e-05,0.0,0.0,,,
827,1775662046.940745,backward,0.18095087632536888,13317.25,9.629130363464355e-05,0.0,0.0,,,
827,1775662046.9444132,optimizer,0.002559902146458626,13317.25,2.6250258088111877e-05,0.0005216673016548157,0.0004801582545042038,66.0,0.8,20576.8984375
828,1775662047.1621385,forward,0.08419916406273842,13317.25,9.553134441375732e-05,0.0,0.0,,,
828,1775662047.343152,backward,0.1808452531695366,13317.25,9.666197001934052e-05,0.0,0.0,,,
828,1775662047.3468041,optimizer,0.0025364290922880173,13317.25,2.421066164970398e-05,0.0005368683487176895,0.0004764273762702942,65.0,0.8,20576.7734375
829,1775662047.5679545,forward,0.08421599306166172,13317.25,9.547173976898193e-05,0.0,0.0,,,
829,1775662047.7489116,backward,0.18079135566949844,13317.25,9.566359221935272e-05,0.0,0.0,,,
829,1775662047.7529387,optimizer,0.0025793612003326416,13317.25,2.7550384402275085e-05,0.0008706450462341309,0.00047532469034194946,62.0,0.8,20576.6484375
830,1775662047.9820445,forward,0.08420615084469318,13317.25,8.825957775115967e-05,0.0,0.0,,,
830,1775662048.162891,backward,0.1806738395243883,13317.25,9.813159704208374e-05,0.0,0.0,,,
830,1775662048.166528,optimizer,0.002531290054321289,13317.25,2.541951835155487e-05,0.0005256067961454391,0.00047684647142887115,55.0,0.8,20576.76953125
831,1775662048.3872323,forward,0.08429532311856747,13317.25,8.998066186904907e-05,0.0,0.0,,,
831,1775662048.568299,backward,0.18089468590915203,13317.25,9.62819904088974e-05,0.0,0.0,,,
831,1775662048.572228,optimizer,0.002558920532464981,13317.25,2.3793429136276245e-05,0.0007957238703966141,0.0004754476249217987,52.0,0.8,20576.64453125
832,1775662048.801006,forward,0.08422884345054626,13317.25,8.933059871196747e-05,0.0,0.0,,,
832,1775662048.9823651,backward,0.18118786998093128,13317.25,9.590201079845428e-05,0.0,0.0,,,
832,1775662048.986002,optimizer,0.002539603039622307,13317.25,2.4029985070228577e-05,0.0005173888057470322,0.00048015639185905457,45.0,0.8,20577.01171875
833,1775662049.205834,forward,0.08432765491306782,13317.25,9.017251431941986e-05,0.0,0.0,,,
833,1775662049.3868682,backward,0.18086685612797737,13317.25,9.408220648765564e-05,0.0,0.0,,,
833,1775662049.3909001,optimizer,0.002548748627305031,13317.25,2.7511268854141235e-05,0.0008984506130218506,0.00048002786934375763,43.0,0.8,20576.8828125
834,1775662049.621664,forward,0.08425137400627136,13317.25,9.049102663993835e-05,0.0,0.0,,,
834,1775662049.8027072,backward,0.1808731760829687,13317.25,9.497255086898804e-05,0.0,0.0,,,
834,1775662049.8063269,optimizer,0.0025502126663923264,13317.25,2.4052336812019348e-05,0.0004970189183950424,0.0004706569015979767,35.0,0.8,20577.00390625
835,1775662050.0245857,forward,0.08427083119750023,13317.25,9.20221209526062e-05,0.0,0.0,,,
835,1775662050.2059004,backward,0.18114293925464153,13317.25,9.72207635641098e-05,0.0,0.0,,,
835,1775662050.2121239,optimizer,0.0025643110275268555,13317.25,2.317875623703003e-05,0.0030861403793096542,0.0004730168730020523,99.0,0.8,20577.49609375
836,1775662050.4400527,forward,0.08417859114706516,13317.25,9.253993630409241e-05,0.0,0.0,,,
836,1775662050.6210587,backward,0.180834474042058,13317.25,9.538047015666962e-05,0.0,0.0,,,
836,1775662050.6246455,optimizer,0.0025544334203004837,13317.25,2.4219974875450134e-05,0.0004505179822444916,0.0004781801253557205,99.0,0.8,20577.0
837,1775662050.8518023,forward,0.08409101888537407,13317.25,9.365193545818329e-05,0.0,0.0,,,
837,1775662051.0329099,backward,0.18093634769320488,13317.25,9.714998304843903e-05,0.0,0.0,,,
837,1775662051.0365658,optimizer,0.0025588199496269226,13317.25,2.492964267730713e-05,0.0005166269838809967,0.0004779789596796036,99.0,0.8,20576.875
838,1775662051.268863,forward,0.08427118323743343,13317.25,9.724125266075134e-05,0.0,0.0,,,
838,1775662051.4498081,backward,0.18077516183257103,13317.25,9.771250188350677e-05,0.0,0.0,,,
838,1775662051.453431,optimizer,0.0025352593511343002,13317.25,2.6902183890342712e-05,0.0005098395049571991,0.00047380849719047546,100.0,0.8,20576.99609375
839,1775662051.6823995,forward,0.08416948094964027,13317.25,9.526312351226807e-05,0.0,0.0,,,
839,1775662051.8633547,backward,0.18079041317105293,13317.25,9.573064744472504e-05,0.0,0.0,,,
839,1775662051.8674276,optimizer,0.0025496184825897217,13317.25,2.4979934096336365e-05,0.0009420663118362427,0.00047853589057922363,100.0,0.8,20576.37890625
840,1775662052.086115,forward,0.08424847200512886,13317.25,8.912011981010437e-05,0.0,0.0,,,
840,1775662052.2672014,backward,0.1809158232063055,13317.25,9.59634780883789e-05,0.0,0.0,,,
840,1775662052.271208,optimizer,0.0025447122752666473,13317.25,2.3419037461280823e-05,0.0008850935846567154,0.00047776661813259125,99.0,0.8,20576.87109375
841,1775662052.502249,forward,0.08422110229730606,13317.25,9.082071483135223e-05,0.0,0.0,,,
841,1775662052.683219,backward,0.18080078437924385,13317.25,9.480305016040802e-05,0.0,0.0,,,
841,1775662052.6872423,optimizer,0.0025503914803266525,13317.25,2.321973443031311e-05,0.0008603967726230621,0.0005120672285556793,94.0,0.9,20576.8671875
842,1775662052.9179902,forward,0.08415608294308186,13317.25,9.179115295410156e-05,0.0,0.0,,,
842,1775662053.0989704,backward,0.18081201426684856,13317.25,9.509921073913574e-05,0.0,0.0,,,
842,1775662053.1028337,optimizer,0.002543831244111061,13317.25,2.366676926612854e-05,0.0007446426898241043,0.0004733484238386154,86.0,0.8,20576.98828125
843,1775662053.331324,forward,0.08416906371712685,13317.25,9.345263242721558e-05,0.0,0.0,,,
843,1775662053.5124705,backward,0.18097536638379097,13317.25,9.541213512420654e-05,0.0,0.0,,,
843,1775662053.5161011,optimizer,0.0025458522140979767,13317.25,2.289004623889923e-05,0.0005102679133415222,0.00047211721539497375,79.0,0.8,20576.86328125
844,1775662053.7443593,forward,0.08436121419072151,13317.25,9.344145655632019e-05,0.0,0.0,,,
844,1775662053.925296,backward,0.1807678136974573,13317.25,9.466148912906647e-05,0.0,0.0,,,
844,1775662053.929318,optimizer,0.002553490921854973,13317.25,2.508983016014099e-05,0.0008900444954633713,0.00047435984015464783,73.0,0.8,20576.984375
845,1775662054.1564164,forward,0.08415617980062962,13317.25,9.330175817012787e-05,0.0,0.0,,,
845,1775662054.3373404,backward,0.18075531162321568,13317.25,9.48198139667511e-05,0.0,0.0,,,
845,1775662054.34098,optimizer,0.002548571676015854,13317.25,2.752244472503662e-05,0.0005097072571516037,0.00047800689935684204,66.0,0.8,20576.984375
846,1775662054.5728073,forward,0.08422816544771194,13317.25,0.00012503191828727722,0.0,0.0,,,
846,1775662054.75436,backward,0.1813671737909317,13317.25,9.532272815704346e-05,0.0,0.0,,,
846,1775662054.758158,optimizer,0.002637941390275955,13317.25,2.6512891054153442e-05,0.0005175359547138214,0.000537969172000885,58.0,0.8,20576.48828125
847,1775662054.9765303,forward,0.08415121212601662,13317.25,9.712576866149902e-05,0.0,0.0,,,
847,1775662055.1574883,backward,0.18079247325658798,13317.25,9.548477828502655e-05,0.0,0.0,,,
847,1775662055.1611886,optimizer,0.0025564804673194885,13317.25,2.4508684873580933e-05,0.0005534011870622635,0.00047980621457099915,56.0,0.8,20577.1015625
848,1775662055.3934224,forward,0.08411284163594246,13317.25,8.959323167800903e-05,0.0,0.0,,,
848,1775662055.5744562,backward,0.18086109682917595,13317.25,9.977258741855621e-05,0.0,0.0,,,
848,1775662055.578092,optimizer,0.002546541392803192,13317.25,2.3810192942619324e-05,0.0005116276443004608,0.00047877803444862366,48.0,0.8,20576.73046875
849,1775662055.8053288,forward,0.0842561349272728,13317.25,8.999183773994446e-05,0.0,0.0,,,
849,1775662055.986319,backward,0.18082113564014435,13317.25,9.653158485889435e-05,0.0,0.0,,,
849,1775662055.9902298,optimizer,0.0025404412299394608,13317.25,2.586841583251953e-05,0.0007909219712018967,0.00047572702169418335,42.0,0.8,20577.09765625
850,1775662056.211861,forward,0.08409970998764038,13317.25,8.61920416355133e-05,0.0,0.0,,,
850,1775662056.3928022,backward,0.18077237159013748,13317.25,9.392201900482178e-05,0.0,0.0,,,
850,1775662056.3964689,optimizer,0.0025643203407526016,13317.25,2.5682151317596436e-05,0.0005243290215730667,0.00047453679144382477,39.0,0.8,20576.48046875
851,1775662056.61715,forward,0.08416561037302017,13317.25,9.067170321941376e-05,0.0,0.0,,,
851,1775662056.7981277,backward,0.18080907501280308,13317.25,9.421072900295258e-05,0.0,0.0,,,
851,1775662056.801863,optimizer,0.0025439802557229996,13317.25,2.4650245904922485e-05,0.0005999505519866943,0.0004837382584810257,36.0,0.8,20576.84765625
852,1775662057.021287,forward,0.08423486165702343,13317.25,8.90921801328659e-05,0.0,0.0,,,
852,1775662057.2022603,backward,0.18080139346420765,13317.25,9.6932053565979e-05,0.0,0.0,,,
852,1775662057.2100868,optimizer,0.0025308020412921906,13317.25,2.561137080192566e-05,0.004716075956821442,0.00047746673226356506,99.0,0.8,20576.84765625
853,1775662057.4434886,forward,0.08422709442675114,13317.25,9.215250611305237e-05,0.0,0.0,,,
853,1775662057.6243844,backward,0.18072553165256977,13317.25,9.645149111747742e-05,0.0,0.0,,,
853,1775662057.6283288,optimizer,0.0025728531181812286,13317.25,2.2940337657928467e-05,0.0007965732365846634,0.0004761945456266403,100.0,0.8,20577.0859375
854,1775662057.8614335,forward,0.08426506444811821,13317.25,9.51811671257019e-05,0.0,0.0,,,
854,1775662058.0423975,backward,0.18079640343785286,13317.25,9.377114474773407e-05,0.0,0.0,,,
854,1775662058.0465734,optimizer,0.002549130469560623,13317.25,2.2841617465019226e-05,0.001049034297466278,0.0004756562411785126,99.0,0.8,20576.9609375
855,1775662058.2754068,forward,0.08410060219466686,13317.25,9.491294622421265e-05,0.0,0.0,,,
855,1775662058.4563684,backward,0.18079217337071896,13317.25,9.778328239917755e-05,0.0,0.0,,,
855,1775662058.4600065,optimizer,0.0025558024644851685,13317.25,2.540089190006256e-05,0.0005049090832471848,0.0004762355238199234,99.0,0.8,20577.08203125
856,1775662058.6808147,forward,0.08420741371810436,13317.25,9.492971003055573e-05,0.0,0.0,,,
856,1775662058.8617542,backward,0.18077153153717518,13317.25,9.292177855968475e-05,0.0,0.0,,,
856,1775662058.865775,optimizer,0.0025441814213991165,13317.25,2.650916576385498e-05,0.0008848533034324646,0.00048631802201271057,99.0,0.8,20576.46484375
857,1775662059.083888,forward,0.08426729217171669,13317.25,9.391084313392639e-05,0.0,0.0,,,
857,1775662059.2648993,backward,0.180844284594059,13317.25,9.502284228801727e-05,0.0,0.0,,,
857,1775662059.2688181,optimizer,0.002544242888689041,13317.25,2.4238601326942444e-05,0.0007941629737615585,0.00047961995005607605,99.0,0.8,20576.95703125
858,1775662059.4986875,forward,0.08419609256088734,13317.25,8.773058652877808e-05,0.0,0.0,,,
858,1775662059.679757,backward,0.18090043403208256,13317.25,9.591132402420044e-05,0.0,0.0,,,
858,1775662059.683586,optimizer,0.0025562532246112823,13317.25,2.2891908884048462e-05,0.0006937514990568161,0.00048074871301651,94.0,0.8,20576.953125
859,1775662059.9108748,forward,0.08409778028726578,13317.25,9.075179696083069e-05,0.0,0.0,,,
859,1775662060.0918682,backward,0.1808250155299902,13317.25,9.566172957420349e-05,0.0,0.0,,,
859,1775662060.0955102,optimizer,0.002552952617406845,13317.25,2.466142177581787e-05,0.0005091484636068344,0.0004774685949087143,88.0,0.8,20577.07421875
860,1775662060.316506,forward,0.08421405218541622,13317.25,8.76113772392273e-05,0.0,0.0,,,
860,1775662060.4977217,backward,0.1810440793633461,13317.25,9.451992809772491e-05,0.0,0.0,,,
860,1775662060.5013707,optimizer,0.0025733094662427902,13317.25,2.8038397431373596e-05,0.0004969276487827301,0.00047215819358825684,85.0,0.8,20576.94921875
861,1775662060.7222412,forward,0.08428088389337063,13317.25,9.124167263507843e-05,0.0,0.0,,,
861,1775662060.9031677,backward,0.1807553842663765,13317.25,9.519234299659729e-05,0.0,0.0,,,
861,1775662060.907142,optimizer,0.002540409564971924,13317.25,2.438761293888092e-05,0.0008561834692955017,0.0004752259701490402,82.0,0.8,20577.5625
862,1775662061.1266797,forward,0.08418387174606323,13317.25,8.974038064479828e-05,0.0,0.0,,,
862,1775662061.30762,backward,0.18076981231570244,13317.25,9.61795449256897e-05,0.0,0.0,,,
862,1775662061.3112607,optimizer,0.002543710172176361,13317.25,2.4590641260147095e-05,0.0005190595984458923,0.0004759877920150757,80.0,0.8,20577.31640625
863,1775662061.541656,forward,0.08432593569159508,13317.25,9.24132764339447e-05,0.0,0.0,,,
863,1775662061.7227964,backward,0.18097306601703167,13317.25,9.413063526153564e-05,0.0,0.0,,,
863,1775662061.7267513,optimizer,0.002562958747148514,13317.25,2.6771798729896545e-05,0.0008151307702064514,0.0004719756543636322,73.0,0.8,20576.8203125
864,1775662061.9472058,forward,0.08416800387203693,13317.25,9.144097566604614e-05,0.0,0.0,,,
864,1775662062.1281865,backward,0.18081635609269142,13317.25,9.387172758579254e-05,0.0,0.0,,,
864,1775662062.131837,optimizer,0.0025451593101024628,13317.25,2.551823854446411e-05,0.0005251280963420868,0.0004740208387374878,70.0,0.8,20576.94140625
865,1775662062.3623621,forward,0.08429371379315853,13317.25,9.508058428764343e-05,0.0,0.0,,,
865,1775662062.5436172,backward,0.18108483031392097,13317.25,9.740889072418213e-05,0.0,0.0,,,
865,1775662062.5476599,optimizer,0.002541281282901764,13317.25,2.7472153306007385e-05,0.0008763913065195084,0.0005201678723096848,62.0,0.9,20577.0625
866,1775662062.7659883,forward,0.08418942242860794,13317.25,9.285099804401398e-05,0.0,0.0,,,
866,1775662062.9469695,backward,0.18081212602555752,13317.25,9.491108357906342e-05,0.0,0.0,,,
866,1775662062.950612,optimizer,0.002560500055551529,13317.25,2.4180859327316284e-05,0.0005020089447498322,0.0004766080528497696,60.0,0.8,20576.9375
867,1775662063.1859953,forward,0.08420615084469318,13317.25,9.533949196338654e-05,0.0,0.0,,,
867,1775662063.3670166,backward,0.1808588169515133,13317.25,9.31713730096817e-05,0.0,0.0,,,
867,1775662063.3706784,optimizer,0.002560911700129509,13317.25,2.3992732167243958e-05,0.0005237609148025513,0.00047286786139011383,50.0,0.8,20576.8125
868,1775662063.5897582,forward,0.08414817228913307,13317.25,0.00012099184095859528,0.0,0.0,,,
868,1775662063.7708106,backward,0.18087247386574745,13317.25,9.77925956249237e-05,0.0,0.0,,,
868,1775662063.774534,optimizer,0.002586573362350464,13317.25,2.5510787963867188e-05,0.0005349274724721909,0.0004967078566551208,48.0,0.8,20577.1796875
869,1775662063.9934313,forward,0.08416935242712498,13317.25,9.558163583278656e-05,0.0,0.0,,,
869,1775662064.1744921,backward,0.18089322373270988,13317.25,9.62819904088974e-05,0.0,0.0,,,
869,1775662064.178144,optimizer,0.002552572637796402,13317.25,2.4028122425079346e-05,0.0005193687975406647,0.00047628767788410187,46.0,0.8,20576.80859375
870,1775662064.4075305,forward,0.08414771035313606,13317.25,8.955225348472595e-05,0.0,0.0,,,
870,1775662064.5884964,backward,0.18079444393515587,13317.25,9.663216769695282e-05,0.0,0.0,,,
870,1775662064.5921552,optimizer,0.0025539714843034744,13317.25,2.3448839783668518e-05,0.0005235597491264343,0.00048130936920642853,40.0,0.8,20577.421875
871,1775662064.815678,forward,0.08417028933763504,13317.25,8.97720456123352e-05,0.0,0.0,,,
871,1775662064.9966767,backward,0.1808268427848816,13317.25,9.663216769695282e-05,0.0,0.0,,,
871,1775662065.0003128,optimizer,0.0025620628148317337,13317.25,2.5231391191482544e-05,0.0004958398640155792,0.0004766564816236496,36.0,0.8,20576.8046875
872,1775662065.230667,forward,0.0841031726449728,13317.25,8.86525958776474e-05,0.0,0.0,,,
872,1775662065.4117293,backward,0.18089262768626213,13317.25,9.525194764137268e-05,0.0,0.0,,,
872,1775662065.415333,optimizer,0.002558000385761261,13317.25,2.4480745196342468e-05,0.0004683360457420349,0.00047665834426879883,100.0,0.8,20577.41796875
873,1775662065.6419084,forward,0.08423065207898617,13317.25,8.871965110301971e-05,0.0,0.0,,,
873,1775662065.822946,backward,0.18086958304047585,13317.25,9.411945939064026e-05,0.0,0.0,,,
873,1775662065.8268487,optimizer,0.002535410225391388,13317.25,2.4868175387382507e-05,0.0007915515452623367,0.00047152675688266754,100.0,0.8,20576.80078125
874,1775662066.0587451,forward,0.0842492114752531,13317.25,9.223073720932007e-05,0.0,0.0,,,
874,1775662066.2400208,backward,0.18110569566488266,13317.25,9.467266499996185e-05,0.0,0.0,,,
874,1775662066.2441566,optimizer,0.0025528520345687866,13317.25,2.5570392608642578e-05,0.0010082758963108063,0.00047263503074645996,99.0,0.8,20577.29296875
875,1775662066.4651804,forward,0.08416246064007282,13317.25,9.281188249588013e-05,0.0,0.0,,,
875,1775662066.6461248,backward,0.1807744838297367,13317.25,9.682029485702515e-05,0.0,0.0,,,
875,1775662066.6497612,optimizer,0.002528950572013855,13317.25,2.5819987058639526e-05,0.0005165897309780121,0.0004873666912317276,99.0,0.8,20576.796875
876,1775662066.869655,forward,0.08412211202085018,13317.25,9.289197623729706e-05,0.0,0.0,,,
876,1775662067.0507305,backward,0.1809064131230116,13317.25,9.60715115070343e-05,0.0,0.0,,,
876,1775662067.0543559,optimizer,0.0025481227785348892,13317.25,2.53189355134964e-05,0.0005047470331192017,0.0004725456237792969,99.0,0.8,20576.9140625
877,1775662067.2855883,forward,0.08422462083399296,13317.25,0.00010108388960361481,0.0,0.0,,,
877,1775662067.4666312,backward,0.1808801330626011,13317.25,9.67998057603836e-05,0.0,0.0,,,
877,1775662067.4702623,optimizer,0.002546152099967003,13317.25,2.5840476155281067e-05,0.0005112998187541962,0.00047023966908454895,99.0,0.8,20576.7890625
878,1775662067.6928086,forward,0.08416431210935116,13317.25,9.683333337306976e-05,0.0,0.0,,,
878,1775662067.873822,backward,0.1808511558920145,13317.25,9.320303797721863e-05,0.0,0.0,,,
878,1775662067.877564,optimizer,0.002551082521677017,13317.25,2.5549903512001038e-05,0.0005980599671602249,0.000493047758936882,96.0,0.8,20577.15625
879,1775662068.094871,forward,0.08416390232741833,13317.25,9.552203118801117e-05,0.0,0.0,,,
879,1775662068.2759402,backward,0.1809018049389124,13317.25,9.753182530403137e-05,0.0,0.0,,,
879,1775662068.2795854,optimizer,0.002551870420575142,13317.25,2.392008900642395e-05,0.0005171205848455429,0.00047621503472328186,95.0,0.8,20577.40234375
880,1775662068.5082383,forward,0.08413389883935452,13317.25,0.00013538263738155365,0.0,0.0,,,
880,1775662068.689198,backward,0.18079429306089878,13317.25,9.771063923835754e-05,0.0,0.0,,,
880,1775662068.6928947,optimizer,0.0026042331010103226,13317.25,2.616085112094879e-05,0.0005196500569581985,0.0004709959030151367,88.0,0.8,20577.15234375
881,1775662068.9144785,forward,0.08424351550638676,13317.25,8.945167064666748e-05,0.0,0.0,,,
881,1775662069.095513,backward,0.18086402490735054,13317.25,9.8472461104393e-05,0.0,0.0,,,
881,1775662069.0991545,optimizer,0.002570938318967819,13317.25,2.636946737766266e-05,0.0004892367869615555,0.0004763081669807434,85.0,0.8,20576.2890625
882,1775662069.3264217,forward,0.08414852991700172,13317.25,8.887052536010742e-05,0.0,0.0,,,
882,1775662069.5073872,backward,0.18079829216003418,13317.25,9.613297879695892e-05,0.0,0.0,,,
882,1775662069.5110278,optimizer,0.0025497209280729294,13317.25,2.4527311325073242e-05,0.0005097072571516037,0.0004767756909132004,79.0,0.8,20577.39453125
883,1775662069.730584,forward,0.08411401137709618,13317.25,9.052082896232605e-05,0.0,0.0,,,
883,1775662069.911632,backward,0.18087805435061455,13317.25,9.560026228427887e-05,0.0,0.0,,,
883,1775662069.9152675,optimizer,0.0025526713579893112,13317.25,2.5391578674316406e-05,0.0005088374018669128,0.000471578910946846,77.0,0.8,20577.0234375
884,1775662070.1350338,forward,0.0841918122023344,13317.25,9.009242057800293e-05,0.0,0.0,,,
884,1775662070.316048,backward,0.1808425635099411,13317.25,9.46931540966034e-05,0.0,0.0,,,
884,1775662070.319673,optimizer,0.0025429297238588333,13317.25,2.6920810341835022e-05,0.0005014743655920029,0.0004755668342113495,75.0,0.8,20577.515625
885,1775662070.5382369,forward,0.0842318944633007,13317.25,9.20221209526062e-05,0.0,0.0,,,
885,1775662070.7194104,backward,0.18100673705339432,13317.25,9.274296462535858e-05,0.0,0.0,,,
885,1775662070.723425,optimizer,0.0025428105145692825,13317.25,2.3189932107925415e-05,0.0008996836841106415,0.00047330744564533234,73.0,0.8,20577.01953125
886,1775662070.9519258,forward,0.08415593206882477,13317.25,9.115971624851227e-05,0.0,0.0,,,
886,1775662071.1329224,backward,0.18082872405648232,13317.25,9.521283209323883e-05,0.0,0.0,,,
886,1775662071.136614,optimizer,0.0025574322789907455,13317.25,2.4180859327316284e-05,0.0005608871579170227,0.00047209858894348145,66.0,0.8,20576.6484375
887,1775662071.3570557,forward,0.08427984453737736,13317.25,9.304098784923553e-05,0.0,0.0,,,
887,1775662071.5384674,backward,0.18124094977974892,13317.25,9.607337415218353e-05,0.0,0.0,,,
887,1775662071.5424974,optimizer,0.002548040822148323,13317.25,2.629123628139496e-05,0.0009031165391206741,0.0004759468138217926,63.0,0.8,20577.015625
888,1775662071.7710161,forward,0.08420749194920063,13317.25,9.225308895111084e-05,0.0,0.0,,,
888,1775662071.9519227,backward,0.18073763325810432,13317.25,9.365938603878021e-05,0.0,0.0,,,
888,1775662071.9555566,optimizer,0.0025509819388389587,13317.25,2.69915908575058e-05,0.0005024485290050507,0.00047558732330799103,56.0,0.8,20577.13671875
889,1775662072.1742373,forward,0.08420289494097233,13317.25,9.601190686225891e-05,0.0,0.0,,,
889,1775662072.3551545,backward,0.18075203150510788,13317.25,9.454227983951569e-05,0.0,0.0,,,
889,1775662072.3587828,optimizer,0.0025460105389356613,13317.25,2.434849739074707e-05,0.0005092769861221313,0.0004739183932542801,55.0,0.8,20577.01171875
890,1775662072.592622,forward,0.08483777195215225,13317.25,0.00011711195111274719,0.0,0.0,,,
890,1775662072.7736826,backward,0.18089659698307514,13317.25,9.51085239648819e-05,0.0,0.0,,,
890,1775662072.7774,optimizer,0.0025810524821281433,13317.25,2.4352222681045532e-05,0.0005270689725875854,0.0004961676895618439,45.0,0.9,20576.640625
891,1775662073.0082335,forward,0.08418052084743977,13317.25,9.540095925331116e-05,0.0,0.0,,,
891,1775662073.189307,backward,0.18090451508760452,13317.25,9.579956531524658e-05,0.0,0.0,,,
891,1775662073.1929462,optimizer,0.0025472790002822876,13317.25,2.5851652026176453e-05,0.0005164667963981628,0.0004752669483423233,38.0,0.8,20576.76171875
892,1775662073.423417,forward,0.08412541076540947,13317.25,9.117089211940765e-05,0.0,0.0,,,
892,1775662073.604491,backward,0.1809025164693594,13317.25,9.801983833312988e-05,0.0,0.0,,,
892,1775662073.6080828,optimizer,0.0025503113865852356,13317.25,2.5270506739616394e-05,0.0004662405699491501,0.0004737190902233124,99.0,0.8,20577.12890625
893,1775662073.8250868,forward,0.08413133025169373,13317.25,8.722953498363495e-05,0.0,0.0,,,
893,1775662074.0060985,backward,0.1808415036648512,13317.25,9.801238775253296e-05,0.0,0.0,,,
893,1775662074.0097084,optimizer,0.0025474298745393753,13317.25,2.7982518076896667e-05,0.00046549737453460693,0.0004929676651954651,100.0,0.8,20577.25
894,1775662074.2284348,forward,0.08412600308656693,13317.25,8.95131379365921e-05,0.0,0.0,,,
894,1775662074.4094532,backward,0.18084251321852207,13317.25,9.79304313659668e-05,0.0,0.0,,,
894,1775662074.413053,optimizer,0.002560611814260483,13317.25,2.536177635192871e-05,0.00045590661466121674,0.00047591887414455414,100.0,0.8,20577.125
895,1775662074.643205,forward,0.08413762226700783,13317.25,8.919276297092438e-05,0.0,0.0,,,
895,1775662074.8241818,backward,0.18081040494143963,13317.25,9.311921894550323e-05,0.0,0.0,,,
895,1775662074.8278208,optimizer,0.0025584790855646133,13317.25,2.3612752556800842e-05,0.000510048121213913,0.0004703570157289505,100.0,0.8,20577.0
896,1775662075.0454733,forward,0.08417974039912224,13317.25,8.967146277427673e-05,0.0,0.0,,,
896,1775662075.226829,backward,0.1811823695898056,13317.25,9.506009519100189e-05,0.0,0.0,,,
896,1775662075.2304661,optimizer,0.0025320295244455338,13317.25,2.5579705834388733e-05,0.0005221888422966003,0.00048003531992435455,99.0,0.8,20576.5078125
897,1775662075.4597912,forward,0.08420345932245255,13317.25,9.240023791790009e-05,0.0,0.0,,,
897,1775662075.6407933,backward,0.18083454482257366,13317.25,9.43206250667572e-05,0.0,0.0,,,
897,1775662075.644921,optimizer,0.002562912181019783,13317.25,2.4748966097831726e-05,0.0009853765368461609,0.00047693774104118347,100.0,0.8,20577.2421875
898,1775662075.8721066,forward,0.0841828715056181,13317.25,9.020045399665833e-05,0.0,0.0,,,
898,1775662076.0530615,backward,0.18078860454261303,13317.25,9.511038661003113e-05,0.0,0.0,,,
898,1775662076.0566976,optimizer,0.0025404933840036392,13317.25,2.616085112094879e-05,0.0005165096372365952,0.0004730876535177231,100.0,0.8,20577.1171875
899,1775662076.2851424,forward,0.08416625298559666,13317.25,9.363330900669098e-05,0.0,0.0,,,
899,1775662076.4663706,backward,0.18105820007622242,13317.25,9.385310113430023e-05,0.0,0.0,,,
899,1775662076.470024,optimizer,0.0025387629866600037,13317.25,2.5331974029541016e-05,0.0005356688052415848,0.00047595612704753876,98.0,0.8,20577.23828125
900,1775662076.6984358,forward,0.08422423154115677,13317.25,9.578093886375427e-05,0.0,0.0,,,
900,1775662076.8793747,backward,0.18077173456549644,13317.25,9.553320705890656e-05,0.0,0.0,,,
900,1775662076.8833244,optimizer,0.002564791589975357,13317.25,2.8081238269805908e-05,0.0008014515042304993,0.0004756879061460495,92.0,0.8,20576.62109375
901,1775662077.1124272,forward,0.08418401144444942,13317.25,9.783171117305756e-05,0.0,0.0,,,
901,1775662077.2933655,backward,0.18077161349356174,13317.25,9.545125067234039e-05,0.0,0.0,,,
901,1775662077.296993,optimizer,0.0025557633489370346,13317.25,2.546049654483795e-05,0.0004944987595081329,0.00047685764729976654,85.0,0.9,20575.63671875
902,1775662077.515034,forward,0.08423041179776192,13317.25,9.35625284910202e-05,0.0,0.0,,,
902,1775662077.6959624,backward,0.18076437339186668,13317.25,9.493157267570496e-05,0.0,0.0,,,
902,1775662077.7000666,optimizer,0.002563789486885071,13317.25,2.6771798729896545e-05,0.0009601954370737076,0.0004790090024471283,83.0,0.8,20575.625
903,1775662077.923111,forward,0.08411286026239395,13317.25,9.586289525032043e-05,0.0,0.0,,,
903,1775662078.1041067,backward,0.18083226680755615,13317.25,9.35923308134079e-05,0.0,0.0,,,
903,1775662078.107747,optimizer,0.0025551896542310715,13317.25,2.3387372493743896e-05,0.000510120764374733,0.0004763081669807434,79.0,0.8,20575.74609375
904,1775662078.3270388,forward,0.0842218641191721,13317.25,8.943118155002594e-05,0.0,0.0,,,
904,1775662078.5081675,backward,0.18095826543867588,13317.25,9.636208415031433e-05,0.0,0.0,,,
904,1775662078.5117984,optimizer,0.0025435686111450195,13317.25,2.619996666908264e-05,0.0005116276443004608,0.00047229789197444916,77.0,0.8,20575.375
905,1775662078.7435217,forward,0.08414707146584988,13317.25,9.121932089328766e-05,0.0,0.0,,,
905,1775662078.9245563,backward,0.1808633040636778,13317.25,9.683892130851746e-05,0.0,0.0,,,
905,1775662078.9282098,optimizer,0.0025520212948322296,13317.25,2.4059787392616272e-05,0.0005258787423372269,0.0004755686968564987,69.0,0.8,20575.49609375
906,1775662079.159785,forward,0.08424408175051212,13317.25,9.211152791976929e-05,0.0,0.0,,,
906,1775662079.3408084,backward,0.18085447512567043,13317.25,9.469129145145416e-05,0.0,0.0,,,
906,1775662079.3444731,optimizer,0.002572929486632347,13317.25,2.464279532432556e-05,0.0005173478275537491,0.00047417543828487396,61.0,0.8,20575.25
907,1775662079.5731194,forward,0.08418329991400242,13317.25,9.107217192649841e-05,0.0,0.0,,,
907,1775662079.7543352,backward,0.18104989640414715,13317.25,9.245239198207855e-05,0.0,0.0,,,
907,1775662079.7583356,optimizer,0.002547280862927437,13317.25,2.7202069759368896e-05,0.0008723139762878418,0.0004767756909132004,54.0,0.8,20575.0
908,1775662079.9765673,forward,0.08427497372031212,13317.25,9.243190288543701e-05,0.0,0.0,,,
908,1775662080.1575818,backward,0.18084182403981686,13317.25,0.00010026432573795319,0.0,0.0,,,
908,1775662080.1615012,optimizer,0.002543201670050621,13317.25,2.450123429298401e-05,0.0008011534810066223,0.0004776492714881897,52.0,0.8,20575.12109375
909,1775662080.3932493,forward,0.0842052511870861,13317.25,9.509176015853882e-05,0.0,0.0,,,
909,1775662080.574193,backward,0.1807722020894289,13317.25,9.604357182979584e-05,0.0,0.0,,,
909,1775662080.578124,optimizer,0.0025433730334043503,13317.25,2.5060027837753296e-05,0.0008105244487524033,0.0004756096750497818,44.0,0.8,20575.2421875
910,1775662080.8089988,forward,0.08421321958303452,13317.25,9.423121809959412e-05,0.0,0.0,,,
910,1775662080.990009,backward,0.1808397937566042,13317.25,9.686127305030823e-05,0.0,0.0,,,
910,1775662080.994096,optimizer,0.0025756116956472397,13317.25,2.6538968086242676e-05,0.0009345449507236481,0.0004739481955766678,36.0,0.8,20575.36328125
911,1775662081.2169662,forward,0.0841880515217781,13317.25,9.769946336746216e-05,0.0,0.0,,,
911,1775662081.3979645,backward,0.18083006516098976,13317.25,9.659118950366974e-05,0.0,0.0,,,
911,1775662081.402817,optimizer,0.0027642548084259033,13317.25,2.6792287826538086e-05,0.0014801528304815292,0.00047299824655056,100.0,0.8,20575.484375
912,1775662081.6236055,forward,0.08418198116123676,13317.25,9.397044777870178e-05,0.0,0.0,,,
912,1775662081.8046029,backward,0.18083293549716473,13317.25,9.44230705499649e-05,0.0,0.0,,,
912,1775662081.8083463,optimizer,0.0025633908808231354,13317.25,2.6032328605651855e-05,0.0005933083593845367,0.0004824884235858917,99.0,1.1,20575.58203125
913,1775662082.0404468,forward,0.08418858423829079,13317.25,8.522160351276398e-05,0.0,0.0,,,
913,1775662082.2215865,backward,0.18097051605582237,13317.25,9.645335376262665e-05,0.0,0.0,,,
913,1775662082.2252214,optimizer,0.002557870000600815,13317.25,2.5140121579170227e-05,0.0005098488181829453,0.0004655960947275162,99.0,4.9,20633.15234375
914,1775662082.4548743,forward,0.08425383269786835,13317.25,8.779019117355347e-05,0.0,0.0,,,
914,1775662082.6360128,backward,0.18095812387764454,13317.25,8.945167064666748e-05,0.0,0.0,,,
914,1775662082.639943,optimizer,0.002554871141910553,13317.25,2.5659799575805664e-05,0.0008023921400308609,0.00047135911881923676,99.0,5.2,20636.80078125
915,1775662082.873761,forward,0.0842485036700964,13317.25,8.947029709815979e-05,0.0,0.0,,,
915,1775662083.0548024,backward,0.18087326362729073,13317.25,9.281933307647705e-05,0.0,0.0,,,
915,1775662083.058793,optimizer,0.0025633499026298523,13317.25,2.4430453777313232e-05,0.0008569918572902679,0.0004670470952987671,99.0,2.0,20633.52734375
916,1775662083.2884567,forward,0.08416844345629215,13317.25,9.412132203578949e-05,0.0,0.0,,,
916,1775662083.4698544,backward,0.18122429959475994,13317.25,9.658001363277435e-05,0.0,0.0,,,
916,1775662083.473514,optimizer,0.002551581710577011,13317.25,2.500787377357483e-05,0.0005256608128547668,0.00047563575208187103,96.0,0.9,20633.8515625
917,1775662083.706954,forward,0.08416908420622349,13317.25,9.411200881004333e-05,0.0,0.0,,,
917,1775662083.888022,backward,0.18090003356337547,13317.25,9.242072701454163e-05,0.0,0.0,,,
917,1775662083.8916643,optimizer,0.0025615300983190536,13317.25,2.3853033781051636e-05,0.0005095470696687698,0.00046826712787151337,87.0,0.9,20637.35546875
918,1775662084.1125996,forward,0.08427444472908974,13317.25,9.544193744659424e-05,0.0,0.0,,,
918,1775662084.2939677,backward,0.18119851127266884,13317.25,9.650178253650665e-05,0.0,0.0,,,
918,1775662084.2978785,optimizer,0.002543993294239044,13317.25,2.5508925318717957e-05,0.0007736217230558395,0.0004895087331533432,84.0,0.9,20602.41015625
919,1775662084.5181117,forward,0.08430155366659164,13317.25,9.397231042385101e-05,0.0,0.0,,,
919,1775662084.699023,backward,0.18074717186391354,13317.25,9.127333760261536e-05,0.0,0.0,,,
919,1775662084.7026725,optimizer,0.002564031630754471,13317.25,2.5989487767219543e-05,0.0005096588283777237,0.00047101639211177826,81.0,1.5,20575.15234375
920,1775662084.9229083,forward,0.08409751206636429,13317.25,0.00017514266073703766,0.0,0.0,,,
920,1775662085.1039882,backward,0.18091984651982784,13317.25,8.896924555301666e-05,0.0,0.0,,,
920,1775662085.1076293,optimizer,0.002567080780863762,13317.25,2.359040081501007e-05,0.0005097687244415283,0.0004643891006708145,78.0,1.2,20599.1328125
921,1775662085.3405292,forward,0.08411677181720734,13317.25,9.055063128471375e-05,0.0,0.0,,,
921,1775662085.5216923,backward,0.18099178560078144,13317.25,9.718537330627441e-05,0.0,0.0,,,
921,1775662085.5253484,optimizer,0.002553282305598259,13317.25,2.4439767003059387e-05,0.0005245190113782883,0.0004773475229740143,69.0,0.8,20598.77734375
922,1775662085.759885,forward,0.08417082391679287,13317.25,9.233132004737854e-05,0.0,0.0,,,
922,1775662085.941019,backward,0.1809642557054758,13317.25,9.595975279808044e-05,0.0,0.0,,,
922,1775662085.9446795,optimizer,0.0025743115693330765,13317.25,2.4668872356414795e-05,0.0005090273916721344,0.0004739686846733093,60.0,0.8,20598.8984375
923,1775662086.1748886,forward,0.08425268344581127,13317.25,9.205937385559082e-05,0.0,0.0,,,
923,1775662086.3559833,backward,0.18092519417405128,13317.25,9.379349648952484e-05,0.0,0.0,,,
923,1775662086.359995,optimizer,0.0025555696338415146,13317.25,2.2873282432556152e-05,0.0008793026208877563,0.0004765354096889496,52.0,0.9,20598.7734375
924,1775662086.5914857,forward,0.08425124362111092,13317.25,9.272061288356781e-05,0.0,0.0,,,
924,1775662086.7725892,backward,0.1809349674731493,13317.25,9.319186210632324e-05,0.0,0.0,,,
924,1775662086.7766314,optimizer,0.0025680623948574066,13317.25,2.643093466758728e-05,0.0008975435048341751,0.00047193653881549835,44.0,0.8,20598.39453125
925,1775662086.9962528,forward,0.08420496061444283,13317.25,9.56319272518158e-05,0.0,0.0,,,
925,1775662087.1771975,backward,0.1807775218039751,13317.25,9.503215551376343e-05,0.0,0.0,,,
925,1775662087.1812472,optimizer,0.002575920894742012,13317.25,2.828054130077362e-05,0.0008910652250051498,0.00047525763511657715,42.0,0.8,20598.26953125
926,1775662087.4011407,forward,0.08411207236349583,13317.25,9.262189269065857e-05,0.0,0.0,,,
926,1775662087.5822835,backward,0.180970449000597,13317.25,9.622052311897278e-05,0.0,0.0,,,
926,1775662087.5859523,optimizer,0.00255432166159153,13317.25,2.489052712917328e-05,0.0005170609802007675,0.0004943087697029114,39.0,0.8,20598.63671875
927,1775662087.8169346,forward,0.08417938277125359,13317.25,9.647943079471588e-05,0.0,0.0,,,
927,1775662087.997922,backward,0.18081600405275822,13317.25,9.76119190454483e-05,0.0,0.0,,,
927,1775662088.001883,optimizer,0.002553079277276993,13317.25,2.496875822544098e-05,0.0008195526897907257,0.00048623979091644287,99.0,0.8,20598.51171875
928,1775662088.23199,forward,0.08424077369272709,13317.25,9.837932884693146e-05,0.0,0.0,,,
928,1775662088.4130044,backward,0.180844534188509,13317.25,9.684264659881592e-05,0.0,0.0,,,
928,1775662088.4171488,optimizer,0.0025505200028419495,13317.25,2.4201348423957825e-05,0.001016976311802864,0.0004760380834341049,100.0,0.8,20598.6328125
929,1775662088.6438308,forward,0.08408697880804539,13317.25,8.772499859333038e-05,0.0,0.0,,,
929,1775662088.824845,backward,0.1808410231024027,13317.25,9.787268936634064e-05,0.0,0.0,,,
929,1775662088.8286397,optimizer,0.002560010179877281,13317.25,2.7352944016456604e-05,0.0006527882069349289,0.0004796888679265976,100.0,0.8,20599.0
930,1775662089.0516348,forward,0.08421395160257816,13317.25,8.93622636795044e-05,0.0,0.0,,,
930,1775662089.232851,backward,0.18104362860321999,13317.25,9.773112833499908e-05,0.0,0.0,,,
930,1775662089.236982,optimizer,0.002562960609793663,13317.25,2.744048833847046e-05,0.0009873360395431519,0.0004780758172273636,99.0,0.8,20598.26171875
931,1775662089.4670444,forward,0.08410878293216228,13317.25,9.183026850223541e-05,0.0,0.0,,,
931,1775662089.6479733,backward,0.18076088279485703,13317.25,9.324215352535248e-05,0.0,0.0,,,
931,1775662089.6515853,optimizer,0.002530030906200409,13317.25,2.5803223252296448e-05,0.0005064178258180618,0.0004716385155916214,100.0,0.8,20598.75
932,1775662089.8845959,forward,0.08411690033972263,13317.25,9.410269558429718e-05,0.0,0.0,,,
932,1775662090.0656257,backward,0.18082538433372974,13317.25,0.00013183243572711945,0.0,0.0,,,
932,1775662090.0692723,optimizer,0.0025551803410053253,13317.25,2.4219974875450134e-05,0.0005189888179302216,0.00047273561358451843,97.0,0.8,20598.37890625
933,1775662090.2939143,forward,0.08416611328721046,13317.25,9.101256728172302e-05,0.0,0.0,,,
933,1775662090.4759538,backward,0.1818509716540575,13317.25,9.162165224552155e-05,0.0,0.0,,,
933,1775662090.4799876,optimizer,0.002568870782852173,13317.25,2.458319067955017e-05,0.0008980836719274521,0.0004621744155883789,91.0,0.9,20598.5
934,1775662090.7251463,forward,0.08415311202406883,13317.25,9.685009717941284e-05,0.0,0.0,,,
934,1775662090.906204,backward,0.18089172430336475,13317.25,9.482353925704956e-05,0.0,0.0,,,
934,1775662090.9098587,optimizer,0.0025440696626901627,13317.25,2.6999041438102722e-05,0.0005182269960641861,0.0004880353808403015,76.0,0.8,20598.12890625
935,1775662091.1326199,forward,0.08419413305819035,13317.25,9.354017674922943e-05,0.0,0.0,,,
935,1775662091.3136182,backward,0.18082783371210098,13317.25,0.00010147131979465485,0.0,0.0,,,
935,1775662091.3176408,optimizer,0.0025478918105363846,13317.25,2.4920329451560974e-05,0.0008829236030578613,0.0004978086799383163,73.0,0.8,20598.375
936,1775662091.5367367,forward,0.08412888087332249,13317.25,9.406358003616333e-05,0.0,0.0,,,
936,1775662091.7177293,backward,0.1808235626667738,13317.25,9.937025606632233e-05,0.0,0.0,,,
936,1775662091.7213786,optimizer,0.002554669976234436,13317.25,2.4810433387756348e-05,0.0005167387425899506,0.0004765074700117111,70.0,0.8,20597.87890625
937,1775662091.9549944,forward,0.08424166403710842,13317.25,8.849985897541046e-05,0.0,0.0,,,
937,1775662092.1359487,backward,0.18078293651342392,13317.25,9.702332317829132e-05,0.0,0.0,,,
937,1775662092.1401467,optimizer,0.002541869878768921,13317.25,2.590194344520569e-05,0.0010738857090473175,0.0004798751324415207,61.0,0.8,20598.4921875
938,1775662092.372637,forward,0.0968681052327156,13317.25,8.80509614944458e-05,0.0,0.0,,,
938,1775662092.553353,backward,0.1805202905088663,13317.25,9.232014417648315e-05,0.0,0.0,,,
938,1775662092.5573092,optimizer,0.0025486890226602554,13317.25,2.7529895305633545e-05,0.000800739973783493,0.000499475747346878,52.0,1.0,20597.828125
939,1775662092.7778409,forward,0.08414249308407307,13317.25,9.286217391490936e-05,0.0,0.0,,,
939,1775662092.9589455,backward,0.18093679286539555,13317.25,9.438209235668182e-05,0.0,0.0,,,
939,1775662092.962576,optimizer,0.0025405995547771454,13317.25,2.4430453777313232e-05,0.0005125682801008224,0.0004724282771348953,50.0,0.8,20597.703125
940,1775662093.1911314,forward,0.08428370393812656,13317.25,9.205006062984467e-05,0.0,0.0,,,
940,1775662093.3721435,backward,0.18084301613271236,13317.25,9.412132203578949e-05,0.0,0.0,,,
940,1775662093.3760633,optimizer,0.0025390516966581345,13317.25,2.3769214749336243e-05,0.0008055325597524643,0.0004729274660348892,43.0,0.8,20597.44921875
941,1775662093.608503,forward,0.08420760370790958,13317.25,9.389035403728485e-05,0.0,0.0,,,
941,1775662093.7896967,backward,0.18101933971047401,13317.25,9.612180292606354e-05,0.0,0.0,,,
941,1775662093.7937024,optimizer,0.0025382302701473236,13317.25,2.5229528546333313e-05,0.0008766036480665207,0.00048824772238731384,35.0,0.8,20597.32421875
942,1775662094.017588,forward,0.08415271155536175,13317.25,0.0001049526035785675,0.0,0.0,,,
942,1775662094.1985297,backward,0.1807750128209591,13317.25,9.726174175739288e-05,0.0,0.0,,,
942,1775662094.2021163,optimizer,0.002543862909078598,13317.25,2.386048436164856e-05,0.0004676971584558487,0.00047281570732593536,100.0,0.8,20596.953125
943,1775662094.422549,forward,0.08407651074230671,13317.25,9.49520617723465e-05,0.0,0.0,,,
943,1775662094.6035159,backward,0.180795481428504,13317.25,9.588152170181274e-05,0.0,0.0,,,
943,1775662094.6071057,optimizer,0.0025508198887109756,13317.25,2.582930028438568e-05,0.00045782700181007385,0.00047628767788410187,100.0,0.8,20598.05859375
944,1775662094.8361447,forward,0.08412505127489567,13317.25,9.797140955924988e-05,0.0,0.0,,,
944,1775662095.0170572,backward,0.1807432323694229,13317.25,9.609200060367584e-05,0.0,0.0,,,
944,1775662095.0207083,optimizer,0.002561291679739952,13317.25,2.7080997824668884e-05,0.000509168952703476,0.00047386810183525085,100.0,0.8,20597.44140625
945,1775662095.2502348,forward,0.08419524319469929,13317.25,9.720213711261749e-05,0.0,0.0,,,
945,1775662095.4311159,backward,0.1807143408805132,13317.25,9.750202298164368e-05,0.0,0.0,,,
945,1775662095.4350495,optimizer,0.002554120495915413,13317.25,2.562999725341797e-05,0.0007981844246387482,0.00047800689935684204,100.0,0.8,20598.04296875
946,1775662095.6626284,forward,0.08411022089421749,13317.25,8.895061910152435e-05,0.0,0.0,,,
946,1775662095.8435743,backward,0.18077648431062698,13317.25,9.643100202083588e-05,0.0,0.0,,,
946,1775662095.8472128,optimizer,0.002558073028922081,13317.25,2.4322420358657837e-05,0.0005097873508930206,0.00047073885798454285,100.0,0.8,20597.671875
947,1775662096.0781896,forward,0.08410876244306564,13317.25,9.28100198507309e-05,0.0,0.0,,,
947,1775662096.2595692,backward,0.181208286434412,13317.25,9.48496162891388e-05,0.0,0.0,,,
947,1775662096.2632349,optimizer,0.0025703925639390945,13317.25,2.415291965007782e-05,0.0005165077745914459,0.0004734992980957031,99.0,0.8,20598.1640625
948,1775662096.4966075,forward,0.08419537916779518,13317.25,9.227357804775238e-05,0.0,0.0,,,
948,1775662096.677721,backward,0.18094309605658054,13317.25,9.568966925144196e-05,0.0,0.0,,,
948,1775662096.6813676,optimizer,0.002551082521677017,13317.25,2.540089190006256e-05,0.0005170684307813644,0.0004738662391901016,90.0,0.8,20597.9140625
949,1775662096.9096243,forward,0.08428613469004631,13317.25,0.00010121241211891174,0.0,0.0,,,
949,1775662097.090989,backward,0.1811983324587345,13317.25,9.671971201896667e-05,0.0,0.0,,,
949,1775662097.0949225,optimizer,0.002539670094847679,13317.25,2.5352463126182556e-05,0.0008168034255504608,0.0004726182669401169,83.0,0.8,20597.7890625
950,1775662097.3179538,forward,0.08410697244107723,13317.25,9.253062307834625e-05,0.0,0.0,,,
950,1775662097.4993358,backward,0.18121329322457314,13317.25,9.645149111747742e-05,0.0,0.0,,,
950,1775662097.5029712,optimizer,0.002551540732383728,13317.25,2.4627894163131714e-05,0.0005174987018108368,0.00046789832413196564,79.0,0.8,20597.91015625
951,1775662097.7340596,forward,0.08421787433326244,13317.25,9.689293801784515e-05,0.0,0.0,,,
951,1775662097.9149716,backward,0.18074540235102177,13317.25,9.706243872642517e-05,0.0,0.0,,,
951,1775662097.9186292,optimizer,0.0025538336485624313,13317.25,2.5792047381401062e-05,0.0005239881575107574,0.0004764273762702942,71.0,0.8,20597.78515625
952,1775662098.1388025,forward,0.08408126048743725,13317.25,9.757094085216522e-05,0.0,0.0,,,
952,1775662098.3202412,backward,0.18126801028847694,13317.25,9.566172957420349e-05,0.0,0.0,,,
952,1775662098.323904,optimizer,0.0025609303265810013,13317.25,2.3048371076583862e-05,0.0005246885120868683,0.00047592632472515106,68.0,0.8,20598.27734375
953,1775662098.5573792,forward,0.08412884920835495,13317.25,9.626150131225586e-05,0.0,0.0,,,
953,1775662098.7387443,backward,0.18119589053094387,13317.25,9.805150330066681e-05,0.0,0.0,,,
953,1775662098.7423863,optimizer,0.00255633145570755,13317.25,2.345070242881775e-05,0.0005080476403236389,0.00047904811799526215,59.0,0.8,20597.2890625
954,1775662098.9758878,forward,0.08412433043122292,13317.25,9.133107960224152e-05,0.0,0.0,,,
954,1775662099.1568177,backward,0.18075611256062984,13317.25,9.909085929393768e-05,0.0,0.0,,,
954,1775662099.1604776,optimizer,0.0025671198964118958,13317.25,2.5309622287750244e-05,0.0005174744874238968,0.0004725363105535507,50.0,0.8,20597.41015625
955,1775662099.3822505,forward,0.08428970351815224,13317.25,0.0001158006489276886,0.0,0.0,,,
955,1775662099.5638485,backward,0.18141144141554832,13317.25,9.378418326377869e-05,0.0,0.0,,,
955,1775662099.5677233,optimizer,0.002645723521709442,13317.25,2.7058646082878113e-05,0.0005992129445075989,0.0005237273871898651,46.0,0.8,20597.52734375
956,1775662099.7996652,forward,0.0841065589338541,13317.25,9.322166442871094e-05,0.0,0.0,,,
956,1775662099.980699,backward,0.18086573481559753,13317.25,9.509176015853882e-05,0.0,0.0,,,
956,1775662099.9843404,optimizer,0.0025481022894382477,13317.25,2.5840476155281067e-05,0.0005183778703212738,0.00047440826892852783,38.0,0.8,20597.6484375
957,1775662100.2180932,forward,0.08411316946148872,13317.25,9.344145655632019e-05,0.0,0.0,,,
957,1775662100.3991494,backward,0.18088354356586933,13317.25,9.534135460853577e-05,0.0,0.0,,,
957,1775662100.4027348,optimizer,0.0025445017963647842,13317.25,2.366863191127777e-05,0.0004664473235607147,0.0004738476127386093,100.0,0.8,20597.765625
958,1775662100.6304233,forward,0.08420129306614399,13317.25,9.205937385559082e-05,0.0,0.0,,,
958,1775662100.8114474,backward,0.1808526162058115,13317.25,9.567104279994965e-05,0.0,0.0,,,
958,1775662100.8154643,optimizer,0.0025434214621782303,13317.25,2.419017255306244e-05,0.000893494114279747,0.0004785880446434021,99.0,0.8,20597.88671875
959,1775662101.0453978,forward,0.08418707177042961,13317.25,9.783171117305756e-05,0.0,0.0,,,
959,1775662101.2264624,backward,0.18089516460895538,13317.25,9.516067802906036e-05,0.0,0.0,,,
959,1775662101.230089,optimizer,0.002537643536925316,13317.25,2.5352463126182556e-05,0.0005132369697093964,0.0004743281751871109,99.0,0.8,20597.640625
960,1775662101.455995,forward,0.08410595171153545,13317.25,9.701959788799286e-05,0.0,0.0,,,
960,1775662101.6369565,backward,0.18079528398811817,13317.25,9.497255086898804e-05,0.0,0.0,,,
960,1775662101.6405954,optimizer,0.0025421325117349625,13317.25,2.458319067955017e-05,0.0005184374749660492,0.00047767721116542816,100.0,0.8,20597.63671875
961,1775662101.8748364,forward,0.08416714146733284,13317.25,8.878111839294434e-05,0.0,0.0,,,
961,1775662102.0558114,backward,0.1808061134070158,13317.25,9.670108556747437e-05,0.0,0.0,,,
961,1775662102.0594573,optimizer,0.0025487206876277924,13317.25,2.57100909948349e-05,0.0005097277462482452,0.0004829075187444687,99.0,0.8,20597.7578125
962,1775662102.2778273,forward,0.08406655117869377,13317.25,9.045004844665527e-05,0.0,0.0,,,
962,1775662102.4590316,backward,0.1810066569596529,13317.25,9.731203317642212e-05,0.0,0.0,,,
962,1775662102.4626694,optimizer,0.0025313813239336014,13317.25,2.5060027837753296e-05,0.0005236994475126266,0.00047960691154003143,98.0,0.8,20597.6328125
963,1775662102.683912,forward,0.08425115421414375,13317.25,9.20705497264862e-05,0.0,0.0,,,
963,1775662102.8649416,backward,0.18086128681898117,13317.25,9.499117732048035e-05,0.0,0.0,,,
963,1775662102.8685858,optimizer,0.0025463197380304337,13317.25,2.715177834033966e-05,0.0005160607397556305,0.0004771072417497635,95.0,0.9,20597.5078125
964,1775662103.0890427,forward,0.0842432826757431,13317.25,9.261257946491241e-05,0.0,0.0,,,
964,1775662103.2700045,backward,0.18079227209091187,13317.25,9.414181113243103e-05,0.0,0.0,,,
964,1775662103.274005,optimizer,0.00254162959754467,13317.25,2.4080276489257812e-05,0.0008773133158683777,0.00047933682799339294,93.0,0.8,20597.5078125
965,1775662103.5008636,forward,0.08417859114706516,13317.25,9.44230705499649e-05,0.0,0.0,,,
965,1775662103.681934,backward,0.1809000950306654,13317.25,9.541027247905731e-05,0.0,0.0,,,
965,1775662103.6855807,optimizer,0.0025449786335229874,13317.25,2.539902925491333e-05,0.000509507954120636,0.0004904288798570633,87.0,0.8,20597.75
966,1775662103.9061568,forward,0.0842124242335558,13317.25,9.398162364959717e-05,0.0,0.0,,,
966,1775662104.087151,backward,0.18082483485341072,13317.25,9.501166641712189e-05,0.0,0.0,,,
966,1775662104.0912979,optimizer,0.0025329608470201492,13317.25,2.3791566491127014e-05,0.00103827565908432,0.00047472864389419556,84.0,0.8,20597.87109375
967,1775662104.3213816,forward,0.0841946117579937,13317.25,9.641237556934357e-05,0.0,0.0,,,
967,1775662104.5024054,backward,0.18085633590817451,13317.25,9.340047836303711e-05,0.0,0.0,,,
967,1775662104.5061178,optimizer,0.002546943724155426,13317.25,2.5529414415359497e-05,0.000590149313211441,0.0004725661128759384,76.0,0.8,20597.9921875
968,1775662104.7284622,forward,0.08424975350499153,13317.25,9.468011558055878e-05,0.0,0.0,,,
968,1775662104.9094477,backward,0.18081594444811344,13317.25,9.488314390182495e-05,0.0,0.0,,,
968,1775662104.9133818,optimizer,0.002552580088376999,13317.25,2.497062087059021e-05,0.0008039940148591995,0.0004762783646583557,73.0,0.8,20597.12890625
969,1775662105.1347802,forward,0.08414081111550331,13317.25,9.236857295036316e-05,0.0,0.0,,,
969,1775662105.3156707,backward,0.1807173155248165,13317.25,9.783171117305756e-05,0.0,0.0,,,
969,1775662105.319313,optimizer,0.0025415215641260147,13317.25,2.4080276489257812e-05,0.0005172379314899445,0.0004810485988855362,69.0,0.8,20598.359375
970,1775662105.542172,forward,0.08418168127536774,13317.25,9.305216372013092e-05,0.0,0.0,,,
970,1775662105.7230866,backward,0.18074438162148,13317.25,9.697116911411285e-05,0.0,0.0,,,
970,1775662105.7267327,optimizer,0.002553289756178856,13317.25,2.5227665901184082e-05,0.0005176067352294922,0.0004757288843393326,66.0,0.8,20597.6171875
971,1775662105.9478912,forward,0.08417730405926704,13317.25,9.559281170368195e-05,0.0,0.0,,,
971,1775662106.1288683,backward,0.18080949410796165,13317.25,9.602867066860199e-05,0.0,0.0,,,
971,1775662106.1329875,optimizer,0.0026346035301685333,13317.25,2.6011839509010315e-05,0.0009065531194210052,0.00047359801828861237,63.0,0.8,20597.73828125
972,1775662106.363188,forward,0.08417238481342793,13317.25,9.412877261638641e-05,0.0,0.0,,,
972,1775662106.5444682,backward,0.18111136741936207,13317.25,9.371340274810791e-05,0.0,0.0,,,
972,1775662106.5481052,optimizer,0.0025560688227415085,13317.25,2.567097544670105e-05,0.0005040150135755539,0.0004756562411785126,55.0,0.8,20597.859375
973,1775662106.7710514,forward,0.08426506258547306,13317.25,8.870288729667664e-05,0.0,0.0,,,
973,1775662106.9522548,backward,0.1810327973216772,13317.25,9.701214730739594e-05,0.0,0.0,,,
973,1775662106.955914,optimizer,0.0025620702654123306,13317.25,2.459995448589325e-05,0.0005184467881917953,0.00047706812620162964,51.0,0.9,20526.12109375
974,1775662107.1853194,forward,0.08424034155905247,13317.25,9.251944720745087e-05,0.0,0.0,,,
974,1775662107.3663375,backward,0.18084838427603245,13317.25,9.662285447120667e-05,0.0,0.0,,,
974,1775662107.3702977,optimizer,0.0025581326335668564,13317.25,2.5911256670951843e-05,0.0008240733295679092,0.00047516822814941406,44.0,0.8,20525.1875
975,1775662107.5991604,forward,0.08408857136964798,13317.25,9.147077798843384e-05,0.0,0.0,,,
975,1775662107.7803805,backward,0.18105157651007175,13317.25,9.577907621860504e-05,0.0,0.0,,,
975,1775662107.7840242,optimizer,0.002552412450313568,13317.25,2.421066164970398e-05,0.0005188193172216415,0.00047280825674533844,37.0,0.8,20525.30859375
976,1775662108.0058286,forward,0.08421991392970085,13317.25,9.153038263320923e-05,0.0,0.0,,,
976,1775662108.1868196,backward,0.18082239292562008,13317.25,9.443983435630798e-05,0.0,0.0,,,
976,1775662108.194336,optimizer,0.0025655124336481094,13317.25,2.6308000087738037e-05,0.004368700087070465,0.00047696009278297424,99.0,0.8,20524.9375
977,1775662108.4276757,forward,0.08432642556726933,13317.25,0.00011988356709480286,0.0,0.0,,,
977,1775662108.608734,backward,0.18087818659842014,13317.25,9.531155228614807e-05,0.0,0.0,,,
977,1775662108.6128032,optimizer,0.0025679636746644974,13317.25,2.6440247893333435e-05,0.0009065866470336914,0.0004906076937913895,99.0,0.8,20525.55078125
978,1775662108.8351808,forward,0.08411438763141632,13317.25,9.425170719623566e-05,0.0,0.0,,,
978,1775662109.0163429,backward,0.18099189922213554,13317.25,9.55723226070404e-05,0.0,0.0,,,
978,1775662109.020002,optimizer,0.0025664307177066803,13317.25,2.5559216737747192e-05,0.0005165599286556244,0.0004755686968564987,99.0,0.8,20525.42578125
979,1775662109.241458,forward,0.08415680006146431,13317.25,9.536184370517731e-05,0.0,0.0,,,
979,1775662109.422454,backward,0.18081861175596714,13317.25,9.559281170368195e-05,0.0,0.0,,,
979,1775662109.4261065,optimizer,0.002560669556260109,13317.25,2.6950612664222717e-05,0.0005127973854541779,0.00047526881098747253,100.0,0.8,20525.546875
980,1775662109.64781,forward,0.08422384224832058,13317.25,9.684078395366669e-05,0.0,0.0,,,
980,1775662109.828806,backward,0.18082994408905506,13317.25,9.563937783241272e-05,0.0,0.0,,,
980,1775662109.832758,optimizer,0.0025656521320343018,13317.25,2.6172026991844177e-05,0.0008026249706745148,0.00048088841140270233,100.0,0.8,20524.9296875
981,1775662110.063966,forward,0.08419757895171642,13317.25,9.740889072418213e-05,0.0,0.0,,,
981,1775662110.2449672,backward,0.18083416484296322,13317.25,9.536184370517731e-05,0.0,0.0,,,
981,1775662110.248991,optimizer,0.0025665704160928726,13317.25,2.863258123397827e-05,0.0008765235543251038,0.0004769563674926758,99.0,0.8,20525.421875
982,1775662110.47039,forward,0.08418996259570122,13317.25,9.95006412267685e-05,0.0,0.0,,,
982,1775662110.6514418,backward,0.1808818969875574,13317.25,9.721890091896057e-05,0.0,0.0,,,
982,1775662110.6550992,optimizer,0.0025635305792093277,13317.25,2.2798776626586914e-05,0.0005179494619369507,0.00047762878239154816,100.0,0.8,20525.171875
983,1775662110.8766952,forward,0.08412238955497742,13317.25,9.789317846298218e-05,0.0,0.0,,,
983,1775662111.0577455,backward,0.18088341318070889,13317.25,9.66489315032959e-05,0.0,0.0,,,
983,1775662111.0613835,optimizer,0.002536742016673088,13317.25,2.468004822731018e-05,0.0005198772996664047,0.00048017874360084534,97.0,0.8,20525.29296875
984,1775662111.2921376,forward,0.08417822234332561,13317.25,9.410083293914795e-05,0.0,0.0,,,
984,1775662111.4734232,backward,0.18111266754567623,13317.25,9.919330477714539e-05,0.0,0.0,,,
984,1775662111.4770944,optimizer,0.0025642607361078262,13317.25,2.619996666908264e-05,0.0005245693027973175,0.00047971680760383606,90.0,0.8,20525.1328125
985,1775662111.6991477,forward,0.08412780985236168,13317.25,9.022094309329987e-05,0.0,0.0,,,
985,1775662111.8803132,backward,0.1809979658573866,13317.25,9.439140558242798e-05,0.0,0.0,,,
985,1775662111.8842504,optimizer,0.0025558192282915115,13317.25,2.4611130356788635e-05,0.0008038021624088287,0.00047454796731472015,86.0,0.8,20525.0078125
986,1775662112.1147606,forward,0.0840731393545866,13317.25,0.00013222359120845795,0.0,0.0,,,
986,1775662112.2957978,backward,0.1808493249118328,13317.25,9.456276893615723e-05,0.0,0.0,,,
986,1775662112.2994454,optimizer,0.002552589401602745,13317.25,2.440810203552246e-05,0.0005194488912820816,0.0004745684564113617,78.0,0.8,20525.25390625
987,1775662112.521884,forward,0.0841730609536171,13317.25,9.200163185596466e-05,0.0,0.0,,,
987,1775662112.7028954,backward,0.18084446340799332,13317.25,9.293109178543091e-05,0.0,0.0,,,
987,1775662112.7065384,optimizer,0.002544799819588661,13317.25,3.384985029697418e-05,0.0005176402628421783,0.00047121569514274597,75.0,0.9,20525.25
988,1775662112.935833,forward,0.08410054072737694,13317.25,9.542331099510193e-05,0.0,0.0,,,
988,1775662113.1171448,backward,0.1811395175755024,13317.25,9.588152170181274e-05,0.0,0.0,,,
988,1775662113.1207926,optimizer,0.0025566592812538147,13317.25,2.4139881134033203e-05,0.000508967787027359,0.0004829186946153641,67.0,0.8,20525.125
989,1775662113.3496795,forward,0.08419463224709034,13317.25,9.519234299659729e-05,0.0,0.0,,,
989,1775662113.5306404,backward,0.1807911228388548,13317.25,9.598955512046814e-05,0.0,0.0,,,
989,1775662113.5342689,optimizer,0.0025415122509002686,13317.25,2.420879900455475e-05,0.000511588528752327,0.000474320724606514,61.0,0.8,20525.24609375
990,1775662113.755188,forward,0.08410629071295261,13317.25,9.79490578174591e-05,0.0,0.0,,,
990,1775662113.9363952,backward,0.18104179948568344,13317.25,9.609200060367584e-05,0.0,0.0,,,
990,1775662113.940058,optimizer,0.0025648530572652817,13317.25,2.946890890598297e-05,0.000516887754201889,0.00047614797949790955,58.0,0.8,20525.3671875
991,1775662114.163318,forward,0.08415384218096733,13317.25,9.559281170368195e-05,0.0,0.0,,,
991,1775662114.3444529,backward,0.1809660866856575,13317.25,9.428337216377258e-05,0.0,0.0,,,
991,1775662114.3486068,optimizer,0.0025499127805233,13317.25,2.4510547518730164e-05,0.001027258113026619,0.00047634728252887726,54.0,0.8,20524.62890625
992,1775662114.5677133,forward,0.08428836427628994,13317.25,9.220093488693237e-05,0.0,0.0,,,
992,1775662114.7487028,backward,0.18082037568092346,13317.25,9.554997086524963e-05,0.0,0.0,,,
992,1775662114.7527604,optimizer,0.002555461600422859,13317.25,2.4510547518730164e-05,0.0009226351976394653,0.00047768838703632355,51.0,0.8,20525.1171875
993,1775662114.9737804,forward,0.08408008702099323,13317.25,9.8424032330513e-05,0.0,0.0,,,
993,1775662115.1548514,backward,0.18090728297829628,13317.25,9.222514927387238e-05,0.0,0.0,,,
993,1775662115.1585152,optimizer,0.0025567524135112762,13317.25,2.7351081371307373e-05,0.0005278773605823517,0.00047338753938674927,48.0,0.8,20524.9921875
994,1775662115.3807926,forward,0.08416695147752762,13317.25,9.716115891933441e-05,0.0,0.0,,,
994,1775662115.5621383,backward,0.1811821199953556,13317.25,9.451061487197876e-05,0.0,0.0,,,
994,1775662115.5657933,optimizer,0.0025484897196292877,13317.25,2.541951835155487e-05,0.0005176793783903122,0.00048640742897987366,45.0,0.8,20525.359375
995,1775662115.7991967,forward,0.08414302207529545,13317.25,8.899159729480743e-05,0.0,0.0,,,
995,1775662115.9804902,backward,0.18112380988895893,13317.25,9.581074118614197e-05,0.0,0.0,,,
995,1775662115.984151,optimizer,0.002580162137746811,13317.25,2.6559457182884216e-05,0.0004961378872394562,0.00048072822391986847,36.0,0.8,20524.49609375
996,1775662116.2159364,forward,0.08411325886845589,13317.25,9.165331721305847e-05,0.0,0.0,,,
996,1775662116.3969526,backward,0.1808470245450735,13317.25,9.321235120296478e-05,0.0,0.0,,,
996,1775662116.400533,optimizer,0.0025442931801080704,13317.25,2.4881213903427124e-05,0.00045658834278583527,0.00047442875802516937,100.0,0.8,20525.6015625
997,1775662116.6203418,forward,0.08418023213744164,13317.25,9.013153612613678e-05,0.0,0.0,,,
997,1775662116.8015578,backward,0.18104063905775547,13317.25,9.866058826446533e-05,0.0,0.0,,,
997,1775662116.8051503,optimizer,0.0025558732450008392,13317.25,2.4819746613502502e-05,0.00045763514935970306,0.0004777200520038605,99.0,0.8,20525.23046875
998,1775662117.0260918,forward,0.08416975103318691,13317.25,9.345263242721558e-05,0.0,0.0,,,
998,1775662117.2070587,backward,0.18079691380262375,13317.25,9.680166840553284e-05,0.0,0.0,,,
998,1775662117.2110846,optimizer,0.0025648195296525955,13317.25,2.6090070605278015e-05,0.0008856151252985001,0.0004739556461572647,100.0,0.8,20526.21484375
999,1775662117.4321477,forward,0.08419542014598846,13317.25,0.00011051259934902191,0.0,0.0,,,
999,1775662117.6138139,backward,0.18143795430660248,13317.25,9.487196803092957e-05,0.0,0.0,,,
999,1775662117.6176052,optimizer,0.002634052187204361,13317.25,2.3311004042625427e-05,0.0005257874727249146,0.0005191750824451447,99.0,0.8,20525.47265625
1000,1775662117.8528922,forward,0.08411066047847271,13317.25,9.525194764137268e-05,0.0,0.0,,,
1000,1775662118.0339994,backward,0.1809361968189478,13317.25,9.66731458902359e-05,0.0,0.0,,,
1000,1775662118.037657,optimizer,0.0025596600025892258,13317.25,2.3130327463150024e-05,0.0005112066864967346,0.00048570893704891205,99.0,0.8,20525.59375
1001,1775662118.2592108,forward,0.08414215035736561,13317.25,9.361281991004944e-05,0.0,0.0,,,
1001,1775662118.4401824,backward,0.18080481328070164,13317.25,9.387172758579254e-05,0.0,0.0,,,
1001,1775662118.4438372,optimizer,0.002555161714553833,13317.25,2.4139881134033203e-05,0.0005035977810621262,0.0004918277263641357,99.0,0.8,20525.22265625
1002,1775662118.6639614,forward,0.0842296052724123,13317.25,9.644217789173126e-05,0.0,0.0,,,
1002,1775662118.8448932,backward,0.180769644677639,13317.25,9.460374712944031e-05,0.0,0.0,,,
1002,1775662118.8489842,optimizer,0.0025686006993055344,13317.25,2.6931986212730408e-05,0.0009416639804840088,0.0004751160740852356,100.0,0.8,20525.34375
1003,1775662119.0826247,forward,0.08419227972626686,13317.25,9.401142597198486e-05,0.0,0.0,,,
1003,1775662119.263551,backward,0.18075852282345295,13317.25,9.446032345294952e-05,0.0,0.0,,,
1003,1775662119.2675834,optimizer,0.002536362037062645,13317.25,2.3460015654563904e-05,0.0009175166487693787,0.00047705695033073425,93.0,0.8,20524.84375
1004,1775662119.497484,forward,0.08416169881820679,13317.25,8.880160748958588e-05,0.0,0.0,,,
1004,1775662119.6784463,backward,0.1807883232831955,13317.25,9.526126086711884e-05,0.0,0.0,,,
1004,1775662119.6822784,optimizer,0.0025599393993616104,13317.25,2.5430694222450256e-05,0.0006904192268848419,0.000478869304060936,86.0,0.9,20525.57421875
1005,1775662119.9115784,forward,0.08410959877073765,13317.25,9.015202522277832e-05,0.0,0.0,,,
1005,1775662120.092555,backward,0.1808123830705881,13317.25,9.212084114551544e-05,0.0,0.0,,,
1005,1775662120.0962193,optimizer,0.0025778599083423615,13317.25,2.460181713104248e-05,0.0005119964480400085,0.0004703979939222336,79.0,0.8,20525.203125
1006,1775662120.316952,forward,0.0841431524604559,13317.25,9.2359259724617e-05,0.0,0.0,,,
1006,1775662120.4978955,backward,0.1807753536850214,13317.25,9.308196604251862e-05,0.0,0.0,,,
1006,1775662120.5015483,optimizer,0.0025542527437210083,13317.25,2.2640451788902283e-05,0.0005082078278064728,0.0004891287535429001,76.0,0.8,20525.9296875
1007,1775662120.722914,forward,0.08427202515304089,13317.25,9.164959192276001e-05,0.0,0.0,,,
1007,1775662120.903881,backward,0.18079540506005287,13317.25,9.524449706077576e-05,0.0,0.0,,,
1007,1775662120.9078941,optimizer,0.002552049234509468,13317.25,2.489238977432251e-05,0.000883493572473526,0.00047410838305950165,73.0,0.8,20525.8046875
1008,1775662121.127814,forward,0.08410517871379852,13317.25,9.210407733917236e-05,0.0,0.0,,,
1008,1775662121.3087502,backward,0.18076444417238235,13317.25,9.420327842235565e-05,0.0,0.0,,,
1008,1775662121.3124142,optimizer,0.0025686006993055344,13317.25,2.6309862732887268e-05,0.000517548993229866,0.00047372840344905853,70.0,0.8,20526.296875
1009,1775662121.542213,forward,0.08425347320735455,13317.25,9.302981197834015e-05,0.0,0.0,,,
1009,1775662121.7231877,backward,0.18080216459929943,13317.25,9.707175195217133e-05,0.0,0.0,,,
1009,1775662121.727142,optimizer,0.0025567803531885147,13317.25,2.419017255306244e-05,0.000817030668258667,0.0004757363349199295,63.0,0.8,20527.03125
1010,1775662121.947383,forward,0.08408975042402744,13317.25,9.108148515224457e-05,0.0,0.0,,,
1010,1775662122.1284754,backward,0.18090126477181911,13317.25,9.679235517978668e-05,0.0,0.0,,,
1010,1775662122.1321325,optimizer,0.002564169466495514,13317.25,2.6872381567955017e-05,0.0005122199654579163,0.00047620758414268494,60.0,0.8,20526.66015625
1011,1775662122.3587933,forward,0.08413539081811905,13317.25,9.308382868766785e-05,0.0,0.0,,,
1011,1775662122.5400445,backward,0.1810839381068945,13317.25,9.487941861152649e-05,0.0,0.0,,,
1011,1775662122.5437276,optimizer,0.0025532636791467667,13317.25,2.5840476155281067e-05,0.0005093570798635483,0.0005170777440071106,54.0,0.9,20527.2734375
1012,1775662122.7645612,forward,0.08419635333120823,13317.25,9.465217590332031e-05,0.0,0.0,,,
1012,1775662122.945573,backward,0.1808366235345602,13317.25,9.98619943857193e-05,0.0,0.0,,,
1012,1775662122.9496186,optimizer,0.002561112865805626,13317.25,2.56318598985672e-05,0.0008862242102622986,0.0004928000271320343,52.0,0.8,20527.39453125
1013,1775662123.1781693,forward,0.08415637351572514,13317.25,9.659118950366974e-05,0.0,0.0,,,
1013,1775662123.3591502,backward,0.18081459030508995,13317.25,9.481236338615417e-05,0.0,0.0,,,
1013,1775662123.3627923,optimizer,0.0025438200682401657,13317.25,2.355128526687622e-05,0.0005236007273197174,0.0004739481955766678,45.0,0.8,20527.26953125
1014,1775662123.5943294,forward,0.08411420695483685,13317.25,9.76119190454483e-05,0.0,0.0,,,
1014,1775662123.7753468,backward,0.18084805645048618,13317.25,9.776093065738678e-05,0.0,0.0,,,
1014,1775662123.7789798,optimizer,0.0025466252118349075,13317.25,2.3379921913146973e-05,0.0005084890872240067,0.0004772879183292389,37.0,0.8,20526.65234375
1015,1775662123.998167,forward,0.08413679152727127,13317.25,8.937157690525055e-05,0.0,0.0,,,
1015,1775662124.1791403,backward,0.1808066051453352,13317.25,9.463168680667877e-05,0.0,0.0,,,
1015,1775662124.1827836,optimizer,0.002568202093243599,13317.25,2.642907202243805e-05,0.0004931371659040451,0.00047730840742588043,35.0,0.8,20527.015625
1016,1775662124.4155548,forward,0.0841856524348259,13317.25,8.801184594631195e-05,0.0,0.0,,,
1016,1775662124.5966442,backward,0.18091826513409615,13317.25,9.726919233798981e-05,0.0,0.0,,,
1016,1775662124.6002398,optimizer,0.0025528613477945328,13317.25,2.5130808353424072e-05,0.0004658196121454239,0.000475127249956131,99.0,0.9,20529.09765625
1017,1775662124.8323274,forward,0.08413068950176239,13317.25,9.196065366268158e-05,0.0,0.0,,,
1017,1775662125.0133617,backward,0.180862657725811,13317.25,9.715929627418518e-05,0.0,0.0,,,
1017,1775662125.017028,optimizer,0.002570832148194313,13317.25,2.608075737953186e-05,0.0005163289606571198,0.00047605857253074646,99.0,0.8,20528.97265625
1018,1775662125.2367673,forward,0.0841160286217928,13317.25,9.509176015853882e-05,0.0,0.0,,,
1018,1775662125.417834,backward,0.18089968338608742,13317.25,9.484030306339264e-05,0.0,0.0,,,
1018,1775662125.421491,optimizer,0.0025606006383895874,13317.25,2.497062087059021e-05,0.0005191266536712646,0.0004748981446027756,99.0,0.8,20528.84765625
1019,1775662125.6530824,forward,0.08408132009208202,13317.25,9.494274854660034e-05,0.0,0.0,,,
1019,1775662125.834073,backward,0.18081983365118504,13317.25,9.690225124359131e-05,0.0,0.0,,,
1019,1775662125.837715,optimizer,0.002547791227698326,13317.25,2.4430453777313232e-05,0.0005081798881292343,0.0004811882972717285,100.0,0.8,20528.72265625
1020,1775662126.065617,forward,0.08421885035932064,13317.25,0.00010086223483085632,0.0,0.0,,,
1020,1775662126.2467797,backward,0.18099810555577278,13317.25,9.595230221748352e-05,0.0,0.0,,,
1020,1775662126.250548,optimizer,0.002547290176153183,13317.25,2.397969365119934e-05,0.0006424672901630402,0.0004726853221654892,99.0,0.8,20528.72265625
1021,1775662126.4741957,forward,0.08414138481020927,13317.25,9.408034384250641e-05,0.0,0.0,,,
1021,1775662126.6552207,backward,0.18085367418825626,13317.25,9.630061686038971e-05,0.0,0.0,,,
1021,1775662126.65916,optimizer,0.0027573835104703903,13317.25,2.400018274784088e-05,0.0005756523460149765,0.00047525763511657715,96.0,0.8,20528.71875
1022,1775662126.8926723,forward,0.0841610711067915,13317.25,9.68053936958313e-05,0.0,0.0,,,
1022,1775662127.073839,backward,0.18099864572286606,13317.25,9.76119190454483e-05,0.0,0.0,,,
1022,1775662127.0774715,optimizer,0.00254707969725132,13317.25,2.457946538925171e-05,0.0005109887570142746,0.00047300010919570923,87.0,0.8,20528.83984375
1023,1775662127.3078535,forward,0.08411455899477005,13317.25,9.01930034160614e-05,0.0,0.0,,,
1023,1775662127.4888291,backward,0.1808024551719427,13317.25,9.993091225624084e-05,0.0,0.0,,,
1023,1775662127.4924986,optimizer,0.0025668106973171234,13317.25,2.5959685444831848e-05,0.0005189590156078339,0.0004808381199836731,79.0,0.8,20528.46875
1024,1775662127.7135708,forward,0.08415704406797886,13317.25,9.627081453800201e-05,0.0,0.0,,,
1024,1775662127.8947883,backward,0.18104656785726547,13317.25,9.731948375701904e-05,0.0,0.0,,,
1024,1775662127.8984394,optimizer,0.0025504715740680695,13317.25,2.674199640750885e-05,0.0005205273628234863,0.0004751477390527725,76.0,0.8,20528.58984375
1025,1775662128.1307075,forward,0.08416412025690079,13317.25,9.127147495746613e-05,0.0,0.0,,,
1025,1775662128.3117893,backward,0.18091337382793427,13317.25,9.520165622234344e-05,0.0,0.0,,,
1025,1775662128.3154147,optimizer,0.002536661922931671,13317.25,2.468004822731018e-05,0.0005089994519948959,0.00047821924090385437,68.0,0.8,20529.08203125
1026,1775662128.5360081,forward,0.08418573997914791,13317.25,9.124167263507843e-05,0.0,0.0,,,
1026,1775662128.7170787,backward,0.18090412393212318,13317.25,9.468384087085724e-05,0.0,0.0,,,
1026,1775662128.72073,optimizer,0.0025642719119787216,13317.25,2.5918707251548767e-05,0.0005088672041893005,0.0004748571664094925,65.0,0.8,20529.078125
1027,1775662128.9399025,forward,0.08425061032176018,13317.25,9.219348430633545e-05,0.0,0.0,,,
1027,1775662129.1208386,backward,0.18076730519533157,13317.25,9.491294622421265e-05,0.0,0.0,,,
1027,1775662129.1247807,optimizer,0.0025513526052236557,13317.25,2.6689842343330383e-05,0.0008099731057882309,0.00047590769827365875,63.0,0.8,20528.953125
1028,1775662129.3585896,forward,0.08420279249548912,13317.25,9.366124868392944e-05,0.0,0.0,,,
1028,1775662129.539726,backward,0.1809664685279131,13317.25,9.377114474773407e-05,0.0,0.0,,,
1028,1775662129.543725,optimizer,0.0025446023792028427,13317.25,2.609938383102417e-05,0.0008781515061855316,0.00047256797552108765,54.0,0.8,20529.07421875
1029,1775662129.7770696,forward,0.0842233020812273,13317.25,9.695999324321747e-05,0.0,0.0,,,
1029,1775662129.9581587,backward,0.18091871589422226,13317.25,9.597092866897583e-05,0.0,0.0,,,
1029,1775662129.9620597,optimizer,0.002556450664997101,13317.25,2.609938383102417e-05,0.0007658824324607849,0.0004750452935695648,44.0,0.8,20528.703125
1030,1775662130.181604,forward,0.08429591357707977,13317.25,9.958073496818542e-05,0.0,0.0,,,
1030,1775662130.362724,backward,0.1809504758566618,13317.25,9.55723226070404e-05,0.0,0.0,,,
1030,1775662130.366796,optimizer,0.002538708969950676,13317.25,2.4780631065368652e-05,0.0009549744427204132,0.00047443807125091553,42.0,0.8,20529.0703125
1031,1775662130.6003878,forward,0.08416638150811195,13317.25,9.761936962604523e-05,0.0,0.0,,,
1031,1775662130.7814555,backward,0.18089788407087326,13317.25,9.746290743350983e-05,0.0,0.0,,,
1031,1775662130.787298,optimizer,0.002553163096308708,13317.25,2.4663284420967102e-05,0.002705734223127365,0.00047676824033260345,99.0,0.8,20528.9453125
1032,1775662131.0170515,forward,0.08421935141086578,13317.25,9.3020498752594e-05,0.0,0.0,,,
1032,1775662131.1981795,backward,0.18095382675528526,13317.25,9.902194142341614e-05,0.0,0.0,,,
1032,1775662131.2021434,optimizer,0.0025514811277389526,13317.25,2.3709610104560852e-05,0.000830773264169693,0.00048087723553180695,99.0,0.8,20528.57421875
1033,1775662131.424727,forward,0.08415903151035309,13317.25,8.967146277427673e-05,0.0,0.0,,,
1033,1775662131.605856,backward,0.18095673620700836,13317.25,9.76119190454483e-05,0.0,0.0,,,
1033,1775662131.6095219,optimizer,0.0025502610951662064,13317.25,2.464093267917633e-05,0.0005280878394842148,0.0004872586578130722,99.0,0.8,20528.94140625
1034,1775662131.8409617,forward,0.08429878391325474,13317.25,9.193085134029388e-05,0.0,0.0,,,
1034,1775662132.0221124,backward,0.18095955438911915,13317.25,9.491108357906342e-05,0.0,0.0,,,
1034,1775662132.02608,optimizer,0.0025424789637327194,13317.25,2.5350600481033325e-05,0.0008496139198541641,0.000474369153380394,99.0,0.8,20529.30859375
1035,1775662132.2489958,forward,0.08415395021438599,13317.25,9.215995669364929e-05,0.0,0.0,,,
1035,1775662132.430039,backward,0.18087380565702915,13317.25,9.289942681789398e-05,0.0,0.0,,,
1035,1775662132.4336836,optimizer,0.0025441814213991165,13317.25,2.6421621441841125e-05,0.0005104877054691315,0.0004880577325820923,99.0,0.8,20528.9375
1036,1775662132.6546059,forward,0.08410242944955826,13317.25,9.246356785297394e-05,0.0,0.0,,,
1036,1775662132.835668,backward,0.1808938067406416,13317.25,9.434111416339874e-05,0.0,0.0,,,
1036,1775662132.8393016,optimizer,0.0025541726499795914,13317.25,2.4069100618362427e-05,0.0005059279501438141,0.0004715975373983383,99.0,0.9,20528.8125
1037,1775662133.0629287,forward,0.0841471403837204,13317.25,9.275972843170166e-05,0.0,0.0,,,
1037,1775662133.2442014,backward,0.1811044756323099,13317.25,9.51811671257019e-05,0.0,0.0,,,
1037,1775662133.2478478,optimizer,0.0025515295565128326,13317.25,2.3972243070602417e-05,0.0005186796188354492,0.00047615915536880493,99.0,0.8,20528.8125
1038,1775662133.4704597,forward,0.08411481976509094,13317.25,9.484216570854187e-05,0.0,0.0,,,
1038,1775662133.651444,backward,0.18081538379192352,13317.25,9.50489193201065e-05,0.0,0.0,,,
1038,1775662133.6550903,optimizer,0.0025490019470453262,13317.25,2.6479363441467285e-05,0.0005173608660697937,0.00047764740884304047,97.0,0.8,20528.80859375
1039,1775662133.879022,forward,0.08420942164957523,13317.25,9.554252028465271e-05,0.0,0.0,,,
1039,1775662134.0600722,backward,0.18088148348033428,13317.25,9.572319686412811e-05,0.0,0.0,,,
1039,1775662134.063998,optimizer,0.0025525912642478943,13317.25,2.5220215320587158e-05,0.0007949043065309525,0.0004770774394273758,93.0,0.8,20528.68359375
1040,1775662134.2849915,forward,0.08422033302485943,13317.25,9.69618558883667e-05,0.0,0.0,,,
1040,1775662134.4660141,backward,0.18085196428000927,13317.25,9.624101221561432e-05,0.0,0.0,,,
1040,1775662134.4696803,optimizer,0.002552499994635582,13317.25,2.4439767003059387e-05,0.000525888055562973,0.0004876554012298584,90.0,0.8,20529.05078125
1041,1775662134.7028985,forward,0.08417008258402348,13317.25,9.689293801784515e-05,0.0,0.0,,,
1041,1775662134.8838565,backward,0.180790763348341,13317.25,9.620003402233124e-05,0.0,0.0,,,
1041,1775662134.887491,optimizer,0.002542700618505478,13317.25,2.3189932107925415e-05,0.0005093775689601898,0.00048099830746650696,81.0,0.8,20528.6796875
1042,1775662135.1092863,forward,0.08416235260665417,13317.25,8.993223309516907e-05,0.0,0.0,,,
1042,1775662135.2904193,backward,0.18096291460096836,13317.25,9.685195982456207e-05,0.0,0.0,,,
1042,1775662135.2942498,optimizer,0.002552742138504982,13317.25,2.6110559701919556e-05,0.0006939899176359177,0.0004804469645023346,77.0,0.8,20529.171875
1043,1775662135.521917,forward,0.08421493135392666,13317.25,8.775852620601654e-05,0.0,0.0,,,
1043,1775662135.7030785,backward,0.1809888742864132,13317.25,9.835883975028992e-05,0.0,0.0,,,
1043,1775662135.706967,optimizer,0.0027618855237960815,13317.25,2.582930028438568e-05,0.0005180686712265015,0.0004755686968564987,71.0,0.8,20528.12890625
1044,1775662135.9529548,forward,0.08417932130396366,13317.25,9.241141378879547e-05,0.0,0.0,,,
1044,1775662136.1341317,backward,0.1810066346079111,13317.25,9.609945118427277e-05,0.0,0.0,,,
1044,1775662136.1377702,optimizer,0.0025490205734968185,13317.25,2.534128725528717e-05,0.0005016978830099106,0.00048752687871456146,55.0,0.8,20528.49609375
1045,1775662136.3605902,forward,0.08422639220952988,13317.25,9.115040302276611e-05,0.0,0.0,,,
1045,1775662136.5419586,backward,0.18119858764111996,13317.25,9.051337838172913e-05,0.0,0.0,,,
1045,1775662136.5459104,optimizer,0.0025647319853305817,13317.25,2.5507062673568726e-05,0.0008043721318244934,0.000477667897939682,51.0,0.8,20528.37109375
1046,1775662136.7645476,forward,0.08415539935231209,13317.25,9.42423939704895e-05,0.0,0.0,,,
1046,1775662136.94549,backward,0.18076949194073677,13317.25,9.65707004070282e-05,0.0,0.0,,,
1046,1775662136.9491968,optimizer,0.0025523416697978973,13317.25,2.4419277906417847e-05,0.0005657784640789032,0.0004766564816236496,50.0,0.8,20526.27734375
1047,1775662137.179186,forward,0.08426267094910145,13317.25,9.544007480144501e-05,0.0,0.0,,,
1047,1775662137.360175,backward,0.18081729486584663,13317.25,9.527988731861115e-05,0.0,0.0,,,
1047,1775662137.3641582,optimizer,0.00254853256046772,13317.25,2.4322420358657837e-05,0.0008566137403249741,0.0004773065447807312,42.0,0.8,20526.3984375
1048,1775662137.5917203,forward,0.0840894803404808,13317.25,9.485334157943726e-05,0.0,0.0,,,
1048,1775662137.7727985,backward,0.1809095349162817,13317.25,9.559281170368195e-05,0.0,0.0,,,
1048,1775662137.7768066,optimizer,0.0025802720338106155,13317.25,2.4313107132911682e-05,0.0008552037179470062,0.00047499872744083405,36.0,0.8,20526.2734375
1049,1775662138.006648,forward,0.08410621993243694,13317.25,0.00021846406161785126,0.0,0.0,,,
1049,1775662138.1876695,backward,0.1808285117149353,13317.25,9.552016854286194e-05,0.0,0.0,,,
1049,1775662138.1912563,optimizer,0.0025401227176189423,13317.25,2.4879351258277893e-05,0.0004732999950647354,0.00047440826892852783,99.0,0.8,20525.65625
1050,1775662138.4220822,forward,0.08415381237864494,13317.25,9.073130786418915e-05,0.0,0.0,,,
1050,1775662138.6032887,backward,0.1810332089662552,13317.25,9.767338633537292e-05,0.0,0.0,,,
1050,1775662138.6069467,optimizer,0.002559380605816841,13317.25,2.4609267711639404e-05,0.0005235075950622559,0.00047460757195949554,99.0,0.8,20526.0234375
1051,1775662138.8277352,forward,0.08403837867081165,13317.25,8.984096348285675e-05,0.0,0.0,,,
1051,1775662139.0087438,backward,0.18083375319838524,13317.25,9.75392758846283e-05,0.0,0.0,,,
1051,1775662139.0123954,optimizer,0.002563668414950371,13317.25,2.6339665055274963e-05,0.0005099605768918991,0.00047517940402030945,100.0,0.8,20526.390625
1052,1775662139.2405493,forward,0.08419969119131565,13317.25,9.138323366641998e-05,0.0,0.0,,,
1052,1775662139.4216003,backward,0.1808709353208542,13317.25,0.00010664202272891998,0.0,0.0,,,
1052,1775662139.4257104,optimizer,0.002557581290602684,13317.25,2.6142224669456482e-05,0.0009588543325662613,0.00048425793647766113,99.0,0.8,20526.265625
1053,1775662139.6559062,forward,0.08420027047395706,13317.25,9.190104901790619e-05,0.0,0.0,,,
1053,1775662139.8370597,backward,0.18098803609609604,13317.25,9.245239198207855e-05,0.0,0.0,,,
1053,1775662139.8410378,optimizer,0.0025646649301052094,13317.25,2.4452805519104004e-05,0.0008397027850151062,0.0004721861332654953,99.0,0.8,20526.38671875
1054,1775662140.0732787,forward,0.08415701054036617,13317.25,9.543262422084808e-05,0.0,0.0,,,
1054,1775662140.2542763,backward,0.18082854337990284,13317.25,9.527243673801422e-05,0.0,0.0,,,
1054,1775662140.2579312,optimizer,0.002549232915043831,13317.25,2.423115074634552e-05,0.0005184877663850784,0.0004836376756429672,95.0,0.8,20525.89453125
1055,1775662140.489189,forward,0.0841288398951292,13317.25,9.554252028465271e-05,0.0,0.0,,,
1055,1775662140.6701386,backward,0.18078070506453514,13317.25,9.496323764324188e-05,0.0,0.0,,,
1055,1775662140.6738017,optimizer,0.002541041001677513,13317.25,2.5579705834388733e-05,0.0005104672163724899,0.000507580116391182,87.0,0.8,20526.3828125
1056,1775662140.9039972,forward,0.08409859053790569,13317.25,9.538978338241577e-05,0.0,0.0,,,
1056,1775662141.085133,backward,0.18096803687512875,13317.25,9.544007480144501e-05,0.0,0.0,,,
1056,1775662141.0887911,optimizer,0.0025699902325868607,13317.25,2.413243055343628e-05,0.000514540821313858,0.0004727989435195923,79.0,0.8,20526.01171875
1057,1775662141.319378,forward,0.08426418527960777,13317.25,9.641237556934357e-05,0.0,0.0,,,
1057,1775662141.5003421,backward,0.18079561553895473,13317.25,9.806081652641296e-05,0.0,0.0,,,
1057,1775662141.5043042,optimizer,0.002570131793618202,13317.25,2.535991370677948e-05,0.0008152332156896591,0.0004739481955766678,72.0,0.8,20526.37890625
1058,1775662141.7395487,forward,0.08424853160977364,13317.25,8.998066186904907e-05,0.0,0.0,,,
1058,1775662141.9205313,backward,0.18078601360321045,13317.25,9.8472461104393e-05,0.0,0.0,,,
1058,1775662141.9246788,optimizer,0.0025653019547462463,13317.25,2.5052577257156372e-05,0.0010051559656858444,0.00047658756375312805,61.0,0.8,20525.515625
1059,1775662142.1583118,forward,0.08422521129250526,13317.25,9.239092469215393e-05,0.0,0.0,,,
1059,1775662142.3393161,backward,0.18083610385656357,13317.25,9.557045996189117e-05,0.0,0.0,,,
1059,1775662142.3432379,optimizer,0.002545790746808052,13317.25,2.4808570742607117e-05,0.0007965043187141418,0.0004767775535583496,52.0,0.8,20526.25390625
1060,1775662142.5641775,forward,0.0840810090303421,13317.25,8.859299123287201e-05,0.0,0.0,,,
1060,1775662142.745219,backward,0.1808728165924549,13317.25,9.447149932384491e-05,0.0,0.0,,,
1060,1775662142.7488782,optimizer,0.0025662221014499664,13317.25,2.6850029826164246e-05,0.000516621395945549,0.00047152675688266754,49.0,0.9,20525.7578125
1061,1775662142.9669318,forward,0.08415739051997662,13317.25,9.354203939437866e-05,0.0,0.0,,,
1061,1775662143.1479084,backward,0.1808059923350811,13317.25,9.620934724807739e-05,0.0,0.0,,,
1061,1775662143.1515584,optimizer,0.0025574322789907455,13317.25,2.3039057850837708e-05,0.000517008826136589,0.0004769396036863327,47.0,0.8,20526.37109375
1062,1775662143.377599,forward,0.0842619240283966,13317.25,9.784288704395294e-05,0.0,0.0,,,
1062,1775662143.5588396,backward,0.18107210658490658,13317.25,9.34600830078125e-05,0.0,0.0,,,
1062,1775662143.5628889,optimizer,0.002564411610364914,13317.25,2.6850029826164246e-05,0.0009084921330213547,0.0004712603986263275,42.0,0.8,20525.75390625
1063,1775662143.783801,forward,0.0841029193252325,13317.25,9.506195783615112e-05,0.0,0.0,,,
1063,1775662143.9648614,backward,0.18089171685278416,13317.25,9.558163583278656e-05,0.0,0.0,,,
1063,1775662143.9685407,optimizer,0.0025695599615573883,13317.25,2.5879591703414917e-05,0.0005251280963420868,0.0004820972681045532,39.0,0.8,20526.3671875
1064,1775662144.1895998,forward,0.08413290046155453,13317.25,0.0001007523387670517,0.0,0.0,,,
1064,1775662144.3706086,backward,0.18084228411316872,13317.25,9.535253047943115e-05,0.0,0.0,,,
1064,1775662144.3747082,optimizer,0.002548603340983391,13317.25,2.3990869522094727e-05,0.0009733550250530243,0.00047256797552108765,36.0,0.8,20525.99609375
1065,1775662144.59452,forward,0.08418329246342182,13317.25,9.323284029960632e-05,0.0,0.0,,,
1065,1775662144.7756102,backward,0.18089393340051174,13317.25,0.00011657923460006714,0.0,0.0,,,
1065,1775662144.7832043,optimizer,0.0027107037603855133,13317.25,2.3661181330680847e-05,0.004191715270280838,0.0005408786237239838,99.0,0.8,20525.87109375
1066,1775662145.0201552,forward,0.08423132449388504,13317.25,9.63117927312851e-05,0.0,0.0,,,
1066,1775662145.2016487,backward,0.18132301233708858,13317.25,9.655207395553589e-05,0.0,0.0,,,
1066,1775662145.2052858,optimizer,0.00253358855843544,13317.25,2.354942262172699e-05,0.0005164481699466705,0.0004741474986076355,99.0,0.8,20525.74609375
1067,1775662145.435598,forward,0.08418927155435085,13317.25,8.97534191608429e-05,0.0,0.0,,,
1067,1775662145.6165848,backward,0.18081518448889256,13317.25,9.632296860218048e-05,0.0,0.0,,,
1067,1775662145.6206136,optimizer,0.002551170065999031,13317.25,2.9301270842552185e-05,0.0008955933153629303,0.0004764385521411896,100.0,0.8,20526.359375
1068,1775662145.8526282,forward,0.0842110924422741,13317.25,9.205006062984467e-05,0.0,0.0,,,
1068,1775662146.0335407,backward,0.18073777109384537,13317.25,0.0001005120575428009,0.0,0.0,,,
1068,1775662146.0374649,optimizer,0.002543039619922638,13317.25,2.6360154151916504e-05,0.0008110050112009048,0.00047447532415390015,100.0,0.8,20525.98828125
1069,1775662146.268921,forward,0.08418165147304535,13317.25,9.188242256641388e-05,0.0,0.0,,,
1069,1775662146.4503157,backward,0.18122112192213535,13317.25,9.573251008987427e-05,0.0,0.0,,,
1069,1775662146.4539812,optimizer,0.0025488995015621185,13317.25,2.4650245904922485e-05,0.0005255304276943207,0.0004897173494100571,96.0,0.8,20526.109375
1070,1775662146.673712,forward,0.08424505218863487,13317.25,9.077228605747223e-05,0.0,0.0,,,
1070,1775662146.8547187,backward,0.18083861470222473,13317.25,9.431131184101105e-05,0.0,0.0,,,
1070,1775662146.858753,optimizer,0.0025486908853054047,13317.25,2.6267021894454956e-05,0.0009150337427854538,0.0004683788865804672,93.0,0.8,20525.984375
1071,1775662147.0798593,forward,0.0841156505048275,13317.25,9.307824075222015e-05,0.0,0.0,,,
1071,1775662147.2607968,backward,0.18076810240745544,13317.25,9.475275874137878e-05,0.0,0.0,,,
1071,1775662147.2644541,optimizer,0.0025693606585264206,13317.25,2.6112422347068787e-05,0.000508354976773262,0.0004751477390527725,90.0,0.8,20525.984375
1072,1775662147.4935663,forward,0.08422680199146271,13317.25,0.00010376051068305969,0.0,0.0,,,
1072,1775662147.6745224,backward,0.18079033121466637,13317.25,9.621307253837585e-05,0.0,0.0,,,
1072,1775662147.6784387,optimizer,0.0025473125278949738,13317.25,2.5792047381401062e-05,0.0007918830960988998,0.0004743877798318863,83.0,0.8,20525.48828125
1073,1775662147.9110804,forward,0.08422028459608555,13317.25,9.677000343799591e-05,0.0,0.0,,,
1073,1775662148.0922546,backward,0.1810093056410551,13317.25,9.643286466598511e-05,0.0,0.0,,,
1073,1775662148.0959048,optimizer,0.0025563612580299377,13317.25,2.4100765585899353e-05,0.0005158986896276474,0.0004756879061460495,75.0,0.8,20525.85546875
1074,1775662148.3155599,forward,0.08425960317254066,13317.25,9.66005027294159e-05,0.0,0.0,,,
1074,1775662148.496525,backward,0.18079502321779728,13317.25,9.67029482126236e-05,0.0,0.0,,,
1074,1775662148.5004778,optimizer,0.0025566332042217255,13317.25,2.691894769668579e-05,0.0008122548460960388,0.0004817955195903778,72.0,0.8,20526.22265625
1075,1775662148.7314284,forward,0.08419800363481045,13317.25,9.660981595516205e-05,0.0,0.0,,,
1075,1775662148.912528,backward,0.1809303481131792,13317.25,9.854137897491455e-05,0.0,0.0,,,
1075,1775662148.9165766,optimizer,0.002558242529630661,13317.25,2.52407044172287e-05,0.0009082537144422531,0.00048007629811763763,64.0,0.8,20526.09765625
1076,1775662149.1464293,forward,0.08412482216954231,13317.25,9.031221270561218e-05,0.0,0.0,,,
1076,1775662149.3273659,backward,0.18076715432107449,13317.25,9.750388562679291e-05,0.0,0.0,,,
1076,1775662149.3309999,optimizer,0.00255013071000576,13317.25,2.559088170528412e-05,0.0005040671676397324,0.00047813914716243744,57.0,0.8,20526.58984375
1077,1775662149.5604694,forward,0.08414755202829838,13317.25,8.943118155002594e-05,0.0,0.0,,,
1077,1775662149.7414005,backward,0.18076080456376076,13317.25,9.549222886562347e-05,0.0,0.0,,,
1077,1775662149.745049,optimizer,0.002560410648584366,13317.25,2.56318598985672e-05,0.0005098879337310791,0.00047454796731472015,50.0,0.8,20526.08984375
1078,1775662149.976246,forward,0.08416910283267498,13317.25,9.236112236976624e-05,0.0,0.0,,,
1078,1775662150.1574645,backward,0.18104818649590015,13317.25,9.539350867271423e-05,0.0,0.0,,,
1078,1775662150.1613965,optimizer,0.0025467686355113983,13317.25,2.432800829410553e-05,0.000803602859377861,0.0004725474864244461,42.0,0.8,20525.96484375
1079,1775662150.384003,forward,0.08411646075546741,13317.25,9.444169700145721e-05,0.0,0.0,,,
1079,1775662150.5653667,backward,0.1811923123896122,13317.25,9.5343217253685e-05,0.0,0.0,,,
1079,1775662150.569005,optimizer,0.0025484226644039154,13317.25,2.6190653443336487e-05,0.0005109980702400208,0.00047759711742401123,38.0,0.8,20526.0859375
1080,1775662150.7878118,forward,0.08407608047127724,13317.25,9.06623899936676e-05,0.0,0.0,,,
1080,1775662150.9688334,backward,0.18085068464279175,13317.25,9.527988731861115e-05,0.0,0.0,,,
1080,1775662150.9727483,optimizer,0.0025480613112449646,13317.25,2.5639310479164124e-05,0.0007851533591747284,0.00047741644084453583,36.0,0.8,20526.20703125
1081,1775662151.2048213,forward,0.08411848172545433,13317.25,9.683147072792053e-05,0.0,0.0,,,
1081,1775662151.3858476,backward,0.1808588057756424,13317.25,9.659118950366974e-05,0.0,0.0,,,
1081,1775662151.3894515,optimizer,0.0025645531713962555,13317.25,2.5451183319091797e-05,0.00045953504741191864,0.0004778187721967697,99.0,0.8,20526.08203125
1082,1775662151.6177926,forward,0.08419113233685493,13317.25,9.514391422271729e-05,0.0,0.0,,,
1082,1775662151.798762,backward,0.18080252408981323,13317.25,9.605102241039276e-05,0.0,0.0,,,
1082,1775662151.8024082,optimizer,0.0025480221956968307,13317.25,2.4789944291114807e-05,0.000519508495926857,0.0004771873354911804,100.0,0.8,20526.203125
1083,1775662152.0219016,forward,0.08412125334143639,13317.25,9.527243673801422e-05,0.0,0.0,,,
1083,1775662152.2029045,backward,0.18083389475941658,13317.25,9.504146873950958e-05,0.0,0.0,,,
1083,1775662152.2065446,optimizer,0.002534192055463791,13317.25,3.4829601645469666e-05,0.0005167480558156967,0.0004777275025844574,100.0,0.8,20525.83203125
1084,1775662152.4373991,forward,0.08416151255369186,13317.25,9.80328768491745e-05,0.0,0.0,,,
1084,1775662152.6183522,backward,0.18078698217868805,13317.25,9.605288505554199e-05,0.0,0.0,,,
1084,1775662152.6219954,optimizer,0.0025424621999263763,13317.25,2.6689842343330383e-05,0.0005102995783090591,0.0004880353808403015,100.0,0.9,20526.4453125
1085,1775662152.8428762,forward,0.08409349992871284,13317.25,8.86525958776474e-05,0.0,0.0,,,
1085,1775662153.0239294,backward,0.18088280595839024,13317.25,9.796209633350372e-05,0.0,0.0,,,
1085,1775662153.0275688,optimizer,0.002539442852139473,13317.25,2.5561079382896423e-05,0.0005189981311559677,0.00047741644084453583,100.0,0.8,20526.07421875
1086,1775662153.2490134,forward,0.0841450821608305,13317.25,9.052082896232605e-05,0.0,0.0,,,
1086,1775662153.4300463,backward,0.18085919320583344,13317.25,9.862333536148071e-05,0.0,0.0,,,
1086,1775662153.433668,optimizer,0.002536250278353691,13317.25,2.4070963263511658e-05,0.0004943870007991791,0.0004880167543888092,99.0,0.8,20526.1875
1087,1775662153.6543093,forward,0.08427109196782112,13317.25,8.886121213436127e-05,0.0,0.0,,,
1087,1775662153.8353577,backward,0.1808772273361683,13317.25,9.671039879322052e-05,0.0,0.0,,,
1087,1775662153.839295,optimizer,0.002560121938586235,13317.25,2.3579224944114685e-05,0.0007995534688234329,0.0004771072417497635,99.0,0.8,20525.5703125
1088,1775662154.070397,forward,0.08426923491060734,13317.25,0.00011691264808177948,0.0,0.0,,,
1088,1775662154.251814,backward,0.18123993836343288,13317.25,9.564124047756195e-05,0.0,0.0,,,
1088,1775662154.255828,optimizer,0.002573911100625992,13317.25,2.425350248813629e-05,0.0008528120815753937,0.00048388727009296417,94.0,0.8,20526.5546875
1089,1775662154.478608,forward,0.08415970019996166,13317.25,9.246170520782471e-05,0.0,0.0,,,
1089,1775662154.6595542,backward,0.1807791329920292,13317.25,9.393133223056793e-05,0.0,0.0,,,
1089,1775662154.6632016,optimizer,0.002552120015025139,13317.25,2.5449320673942566e-05,0.000516379252076149,0.0004770345985889435,90.0,0.8,20526.3046875
1090,1775662154.8847806,forward,0.08411749079823494,13317.25,9.258091449737549e-05,0.0,0.0,,,
1090,1775662155.065798,backward,0.1808496043086052,13317.25,9.274110198020935e-05,0.0,0.0,,,
1090,1775662155.0694413,optimizer,0.0025547221302986145,13317.25,2.4089589715003967e-05,0.0005166884511709213,0.00047250837087631226,87.0,0.8,20525.93359375
1091,1775662155.287419,forward,0.0841654222458601,13317.25,9.11913812160492e-05,0.0,0.0,,,
1091,1775662155.4686587,backward,0.18107183650135994,13317.25,9.492039680480957e-05,0.0,0.0,,,
1091,1775662155.4722862,optimizer,0.0025520101189613342,13317.25,2.607889473438263e-05,0.0004949476569890976,0.00047782622277736664,85.0,1.5,20568.76171875
1092,1775662155.7002823,forward,0.08411337248980999,13317.25,9.120069444179535e-05,0.0,0.0,,,
1092,1775662155.8816998,backward,0.18124824203550816,13317.25,9.532272815704346e-05,0.0,0.0,,,
1092,1775662155.8853471,optimizer,0.002555331215262413,13317.25,2.7351081371307373e-05,0.0005095470696687698,0.0004763491451740265,79.0,0.9,20569.90234375
1093,1775662156.115892,forward,0.08412165194749832,13317.25,9.506195783615112e-05,0.0,0.0,,,
1093,1775662156.2968397,backward,0.18077732250094414,13317.25,9.686127305030823e-05,0.0,0.0,,,
1093,1775662156.3005204,optimizer,0.002581372857093811,13317.25,2.5900080800056458e-05,0.0005189087241888046,0.0004775580018758774,71.0,0.8,20569.65625
1094,1775662156.5276892,forward,0.08420091308653355,13317.25,9.619258344173431e-05,0.0,0.0,,,
1094,1775662156.7086928,backward,0.1808351669460535,13317.25,9.600073099136353e-05,0.0,0.0,,,
1094,1775662156.7123349,optimizer,0.002546420320868492,13317.25,2.6319175958633423e-05,0.0005182083696126938,0.0004754066467285156,65.0,0.8,20569.3671875
1095,1775662156.9456487,forward,0.08415601029992104,13317.25,0.00010007992386817932,0.0,0.0,,,
1095,1775662157.1265566,backward,0.1807436551898718,13317.25,9.6932053565979e-05,0.0,0.0,,,
1095,1775662157.1301851,optimizer,0.0025462303310632706,13317.25,2.43503600358963e-05,0.000501878559589386,0.000478547066450119,56.0,0.8,20569.48828125
1096,1775662157.3531222,forward,0.08421689085662365,13317.25,9.091943502426147e-05,0.0,0.0,,,
1096,1775662157.534241,backward,0.18094699457287788,13317.25,0.00010002031922340393,0.0,0.0,,,
1096,1775662157.538216,optimizer,0.0025517605245113373,13317.25,2.3420900106430054e-05,0.0008515547960996628,0.0004787556827068329,52.0,0.8,20569.1171875
1097,1775662157.7576494,forward,0.08414100110530853,13317.25,9.02712345123291e-05,0.0,0.0,,,
1097,1775662157.9386044,backward,0.18078449368476868,13317.25,9.686127305030823e-05,0.0,0.0,,,
1097,1775662157.9422367,optimizer,0.0025402121245861053,13317.25,2.5469809770584106e-05,0.0005114264786243439,0.00047934800386428833,50.0,0.8,20569.23828125
1098,1775662158.1749783,forward,0.08423481322824955,13317.25,9.11615788936615e-05,0.0,0.0,,,
1098,1775662158.3559864,backward,0.18084019236266613,13317.25,9.292364120483398e-05,0.0,0.0,,,
1098,1775662158.3596382,optimizer,0.0025439411401748657,13317.25,2.601929008960724e-05,0.0005251280963420868,0.0004742182791233063,42.0,0.8,20569.359375
1099,1775662158.5910983,forward,0.08424089103937149,13317.25,9.37730073928833e-05,0.0,0.0,,,
1099,1775662158.7721198,backward,0.18085280247032642,13317.25,9.228289127349854e-05,0.0,0.0,,,
1099,1775662158.7785764,optimizer,0.002543909475207329,13317.25,2.611987292766571e-05,0.00333593413233757,0.0004725586622953415,99.0,0.8,20568.98828125
