step,wall_timestamp,duration_sec,throughput_samples_sec,gpu_util_pct,gpu_mem_mb,cpu_util_pct,ram_mb
0,1774676911.1117954,0.5121009014546871,124.97537070956122,47.0,482.5244140625,0.5,17776.05859375
1,1774676911.3835428,0.2696404289454222,237.35313079832778,92.0,487.3994140625,1.2,17781.953125
2,1774676911.6547515,0.2697802409529686,237.23012394802208,99.0,487.3994140625,1.1,17786.9375
3,1774676911.9266062,0.26985812187194824,237.16165945292158,97.0,487.3994140625,1.1,17797.6171875
4,1774676912.198037,0.26995635591447353,237.07535902683549,98.0,487.3994140625,1.1,17825.0859375
5,1774676912.4695067,0.26997847482562065,237.0559358161337,99.0,487.3994140625,1.1,17826.08203125
6,1774676912.740978,0.2696434296667576,237.3504894189161,97.0,487.3994140625,1.1,17833.89453125
7,1774676913.0159845,0.26996249705553055,237.06996600655748,99.0,487.3994140625,1.1,17833.5234375
8,1774676913.2876341,0.26989815570414066,237.1264814056606,97.0,487.3994140625,1.0,17833.3984375
9,1774676913.5602188,0.2702090870589018,236.85361842049707,97.0,487.3994140625,1.1,17833.62109375
10,1774676913.8356478,0.26982471346855164,237.19102367344595,99.0,487.3994140625,0.9,17835.125
11,1774676914.107748,0.2697375398129225,237.26767896076848,97.0,487.3994140625,1.0,17837.76171875
12,1774676914.3791316,0.26986535638570786,237.15530165542012,97.0,487.3994140625,0.9,17838.73046875
13,1774676914.6500373,0.26946226693689823,237.51006301371058,99.0,487.3994140625,0.9,17842.0234375
14,1774676914.921283,0.2695036567747593,237.47358668861668,97.0,487.3994140625,1.0,17840.9765625
15,1774676915.1925347,0.26987674459815025,237.14529421679802,98.0,487.3994140625,0.9,17840.390625
16,1774676915.4636688,0.2693742737174034,237.5876475388346,99.0,487.3994140625,0.9,17839.55859375
17,1774676915.7344644,0.26931371353566647,237.64107352641062,97.0,487.3994140625,0.9,17842.03515625
18,1774676916.006021,0.2700870092958212,236.96067488348547,98.0,487.3994140625,0.9,17844.17578125
19,1774676916.276721,0.2693473044782877,237.61143674322196,99.0,487.3994140625,0.9,17843.5625
20,1774676916.5477192,0.2695516552776098,237.43130026074869,98.0,487.3994140625,1.0,17842.8828125
21,1774676916.8189738,0.26960417814552784,237.38504514367676,99.0,487.3994140625,0.9,17842.1484375
22,1774676917.090072,0.26963754929602146,237.35566565967275,97.0,487.3994140625,0.9,17841.625
23,1774676917.3613408,0.26952954567968845,237.45077682896488,97.0,487.3994140625,0.9,17840.79296875
24,1774676917.6325188,0.2698219195008278,237.19347975286956,99.0,487.3994140625,0.9,17840.66796875
25,1774676917.9038155,0.2694510370492935,237.51996170009843,97.0,487.3994140625,0.9,17842.01953125
26,1774676918.1747758,0.2693415842950344,237.6164830525945,97.0,487.3994140625,0.9,17841.43359375
27,1774676918.4464436,0.2702991794794798,236.77467361627217,99.0,487.3994140625,0.9,17840.6640625
28,1774676918.717765,0.26956285908818245,237.4214319305153,97.0,487.3994140625,0.9,17840.29296875
29,1774676918.9887285,0.26948535814881325,237.48971164755594,97.0,487.3994140625,0.9,17840.046875
30,1774676919.259493,0.2690279372036457,237.89350899848742,99.0,487.3994140625,0.9,17839.921875
31,1774676919.5307896,0.26994946226477623,237.08141317661332,98.0,487.3994140625,0.9,17839.17578125
32,1774676919.802179,0.26957326754927635,237.41226488008937,98.0,487.3994140625,1.0,17838.8046875
33,1774676920.073166,0.26962990686297417,237.36239330648428,99.0,487.3994140625,0.9,17838.6796875
34,1774676920.34404,0.26951649598777294,237.4622739340729,98.0,487.3994140625,0.9,17836.71484375
35,1774676920.615145,0.2697618119418621,237.24633052877402,99.0,487.3994140625,0.9,17841.46484375
36,1774676920.8863342,0.2698424719274044,237.1754140216218,97.0,487.3994140625,0.9,17842.35546875
37,1774676921.1575606,0.26950525864958763,237.47217520238885,97.0,487.3994140625,0.9,17843.33984375
38,1774676921.4285166,0.269604766741395,237.38452688927725,99.0,487.3994140625,0.9,17842.07421875
39,1774676921.6998258,0.2696436010301113,237.3503385784151,97.0,487.3994140625,0.9,17841.2421875
40,1774676921.971019,0.26959881745278835,237.38976529898008,97.0,487.3994140625,0.9,17840.90234375
41,1774676922.2421005,0.2694507259875536,237.52023590003714,99.0,487.3994140625,0.9,17840.5625
42,1774676922.513084,0.2696231994777918,237.3682981433188,98.0,487.3994140625,1.0,17841.20703125
43,1774676922.7843394,0.26986585184931755,237.15486624715703,97.0,487.3994140625,0.9,17840.8359375
44,1774676923.0553222,0.2694332152605057,237.5356725714779,99.0,487.3994140625,0.9,17843.7890625
45,1774676923.3264883,0.26972188986837864,237.28144583011525,98.0,487.3994140625,0.9,17845.6328125
46,1774676923.5977669,0.2695506177842617,237.43221412767534,98.0,487.3994140625,0.9,17844.828125
47,1774676923.8688695,0.2697377037256956,237.2675347792073,99.0,487.3994140625,0.9,17845.44140625
48,1774676924.140758,0.270148316398263,236.90689934061538,97.0,487.3994140625,0.9,17847.53125
49,1774676924.4119515,0.269726051017642,237.2777852140576,99.0,487.3994140625,0.9,17845.75
50,1774676924.682844,0.26957130804657936,237.41399062003072,98.0,487.3994140625,1.0,17851.640625
51,1774676924.9538436,0.2695651985704899,237.4193714151285,97.0,487.3994140625,0.9,17851.859375
52,1774676925.224821,0.26962618716061115,237.36566790478858,99.0,487.3994140625,0.9,17852.4453125
53,1774676925.4964569,0.2699224650859833,237.1051256501119,97.0,487.3994140625,0.9,17851.1796875
54,1774676925.767522,0.2696923315525055,237.3074519085466,98.0,487.3994140625,0.9,17850.1015625
55,1774676926.038787,0.26944533735513687,237.52498606292866,99.0,487.3994140625,0.9,17849.515625
56,1774676926.3096857,0.2695532590150833,237.4298876364866,98.0,487.3994140625,0.9,17849.63671875
57,1774676926.581201,0.26970862224698067,237.2931182800422,97.0,487.3994140625,1.0,17848.55078125
58,1774676926.8528829,0.270320700481534,236.75582330910663,99.0,487.3994140625,0.9,17851.87109375
59,1774676927.1238487,0.2695772796869278,237.40873145662007,97.0,487.3994140625,0.9,17851.640625
60,1774676927.3951092,0.26952908746898174,237.45118050520364,98.0,487.3994140625,0.9,17855.22265625
61,1774676927.6661923,0.2697107084095478,237.29128286155355,99.0,487.3994140625,0.9,17857.453125
62,1774676927.9374874,0.26957091875374317,237.41433347439417,97.0,487.3994140625,0.9,17859.54296875
63,1774676928.2089465,0.2700821962207556,236.96489770724716,99.0,487.3994140625,0.9,17859.203125
64,1774676928.4801857,0.2695976886898279,237.39075921245004,97.0,487.3994140625,1.0,17858.5703125
65,1774676928.751055,0.2694823071360588,237.49240044797102,98.0,487.3994140625,0.9,17857.73828125
66,1774676929.0221508,0.2697332501411438,237.2714523200629,99.0,487.3994140625,0.9,17860.19921875
67,1774676929.2933583,0.2698809038847685,237.1416394370985,97.0,487.3994140625,0.9,17860.3203125
68,1774676929.5647445,0.27003118582069874,237.00966170069012,97.0,487.3994140625,0.9,17859.71875
69,1774676929.8358502,0.2692625615745783,237.68621833553257,99.0,487.3994140625,0.9,17859.8359375
70,1774676930.1069906,0.2697680927813053,237.24080687289919,98.0,487.3994140625,0.9,17859.7109375
71,1774676930.3782227,0.2695863787084818,237.40071848810518,97.0,487.3994140625,0.9,17857.8046875
72,1774676930.6493132,0.2697387393563986,237.26662381794003,99.0,487.3994140625,0.9,17860.09375
73,1774676930.9206038,0.2697003297507763,237.30041434929237,97.0,487.3994140625,0.9,17862.18359375
74,1774676931.1924183,0.27044177427887917,236.64983034020216,98.0,487.3994140625,0.9,17862.27734375
75,1774676931.4640381,0.26997250877320766,237.06117445374284,99.0,487.3994140625,0.9,17861.30859375
76,1774676931.735484,0.2697070725262165,237.2944817521571,97.0,487.3994140625,0.9,17861.09375
77,1774676932.0065107,0.26967023126780987,237.32689996635747,99.0,487.3994140625,0.9,17861.55859375
78,1774676932.2794604,0.26969940960407257,237.30122395875492,97.0,487.3994140625,0.9,17860.515625
79,1774676932.5504599,0.2696425523608923,237.35126165970183,98.0,487.3994140625,1.0,17859.46484375
80,1774676932.8215902,0.26976076140999794,237.24725443938496,99.0,487.3994140625,0.9,17859.1875
81,1774676933.092731,0.2697493527084589,237.25728850652794,97.0,487.3994140625,0.9,17858.81640625
82,1774676933.363995,0.26988735049963,237.13597499667827,98.0,487.3994140625,0.9,17860.5234375
83,1774676933.6354182,0.26958481781184673,237.4020930387407,99.0,487.3994140625,0.9,17859.69140625
84,1774676933.9065626,0.26980607211589813,237.20741159786834,98.0,487.3994140625,0.9,17859.8125
85,1774676934.1779046,0.26966286078095436,237.33338663935203,97.0,487.3994140625,0.9,17858.734375
86,1774676934.4490442,0.26971583999693394,237.28676818064352,99.0,487.3994140625,0.9,17858.1796875
87,1774676934.7205985,0.2701886873692274,236.87150125771385,98.0,487.3994140625,0.9,17852.88671875
88,1774676934.99199,0.27000383473932743,237.0336705098584,98.0,487.3994140625,0.9,17852.1484375
89,1774676935.2631824,0.2698277123272419,237.18838753812662,99.0,487.3994140625,0.9,17851.80859375
90,1774676935.5347345,0.2696925587952137,237.3072519535004,97.0,487.3994140625,0.9,17850.20703125
91,1774676935.8058212,0.2697310820221901,237.2733595260441,99.0,487.3994140625,0.9,17850.08203125
92,1774676936.0779703,0.2697725910693407,237.23685103187458,97.0,487.3994140625,0.9,17853.09765625
93,1774676936.3493588,0.2699444256722927,237.08583661473625,97.0,487.3994140625,0.9,17852.359375
94,1774676936.6206698,0.26981572061777115,237.19892915603785,99.0,487.3994140625,0.9,17852.17578125
95,1774676936.8917785,0.2696816511452198,237.31685017582785,97.0,487.3994140625,0.9,17851.375
96,1774676937.1629844,0.2698338311165571,237.18300902141004,98.0,487.3994140625,0.9,17850.66796875
97,1774676937.4342957,0.2696102187037468,237.3797265834516,99.0,487.3994140625,0.9,17852.21875
98,1774676937.7054677,0.26981921307742596,237.19585892363745,98.0,487.3994140625,0.9,17851.6328125
99,1774676937.976984,0.2697153892368078,237.28716474464326,97.0,487.3994140625,0.9,17851.6953125
100,1774676938.248272,0.2698779124766588,237.1442679864927,99.0,487.3994140625,0.9,17850.7734375
101,1774676938.5195649,0.26987640373408794,237.14559374023625,97.0,487.3994140625,0.9,17850.09765625
102,1774676938.7905693,0.26956375502049923,237.42064282764224,98.0,487.3994140625,0.9,17852.78515625
103,1774676939.0619106,0.26988743245601654,237.13590298588676,99.0,487.3994140625,0.9,17852.296875
104,1774676939.3333347,0.26962966099381447,237.36260975185596,97.0,487.3994140625,1.0,17851.8984375
105,1774676939.6045187,0.26982856169342995,237.18764091665963,99.0,487.3994140625,0.9,17851.46484375
106,1774676939.8767915,0.26973628252744675,237.26878490470685,97.0,487.3994140625,0.9,17850.7890625
107,1774676940.1478612,0.2697031907737255,237.29789705637728,98.0,487.3994140625,0.9,17849.46484375
108,1774676940.419675,0.27045643515884876,236.63700204585817,99.0,487.3994140625,0.9,17848.91015625
109,1774676940.691323,0.2699089329689741,237.11701311996504,97.0,487.3994140625,0.9,17848.84765625
110,1774676940.96267,0.26988721266388893,237.13609610583538,97.0,487.3994140625,0.9,17851.5546875
111,1774676941.2340286,0.2696256395429373,237.3661500015029,99.0,487.3994140625,0.9,17850.81640625
112,1774676941.5054634,0.2699775230139494,237.05677156202816,97.0,487.3994140625,0.9,17850.51953125
113,1774676941.7770116,0.2697993125766516,237.21335458116567,97.0,487.3994140625,0.9,17852.85546875
114,1774676942.048227,0.26977952383458614,237.2307545447417,99.0,487.3994140625,0.9,17852.73046875
115,1774676942.319442,0.26983601227402687,237.18109180699724,98.0,487.3994140625,0.9,17852.11328125
116,1774676942.5908504,0.2697356902062893,237.26930593075718,98.0,487.3994140625,0.9,17853.8828125
117,1774676942.8624344,0.27022253908216953,236.84182754473645,99.0,487.3994140625,0.9,17853.296875
118,1774676943.1340053,0.2696768809109926,237.3210480030853,97.0,487.3994140625,0.9,17855.21875
119,1774676943.4052093,0.2698353212326765,237.18169922170193,99.0,487.3994140625,0.9,17858.13671875
120,1774676943.6764758,0.2697427924722433,237.2630586842673,97.0,487.3994140625,0.9,17860.47265625
121,1774676943.9476676,0.2697215601801872,237.28173586584944,97.0,487.3994140625,0.9,17860.34765625
122,1774676944.218778,0.2697494253516197,237.2572246134563,99.0,487.3994140625,0.9,17860.0078125
123,1774676944.4901767,0.2697462122887373,237.2600506860655,97.0,487.3994140625,0.9,17859.53125
124,1774676944.7613664,0.26984090358018875,237.17679251315244,98.0,487.3994140625,0.9,17859.31640625
125,1774676945.0332632,0.2702264282852411,236.8384188257262,99.0,487.3994140625,0.9,17859.2890625
126,1774676945.304836,0.27016304805874825,236.89398109723317,97.0,487.3994140625,0.9,17859.13671875
127,1774676945.576167,0.26987855322659016,237.14370495481933,97.0,487.3994140625,0.9,17857.4453125
128,1774676945.8473763,0.26982408203184605,237.191578742947,99.0,487.3994140625,0.9,17856.3671875
129,1774676946.118682,0.2699405327439308,237.0892557314142,98.0,487.3994140625,0.9,17859.1953125
130,1774676946.3901255,0.2697878424078226,237.2234398288968,98.0,487.3994140625,0.9,17858.6953125
131,1774676946.6614301,0.26996504329144955,237.06773002794557,99.0,487.3994140625,0.9,17860.6484375
132,1774676946.9328794,0.2696777004748583,237.32032677268634,97.0,487.3994140625,0.9,17863.38671875
133,1774676947.2044404,0.27008254639804363,236.96459046886264,99.0,487.3994140625,0.9,17862.95703125
134,1774676947.4763632,0.2699210364371538,237.10638060957962,97.0,487.3994140625,0.9,17861.98828125
135,1774676947.7477083,0.26997582614421844,237.05826152676286,98.0,487.3994140625,0.9,17864.7265625
136,1774676948.0190108,0.2699552569538355,237.07632413672357,99.0,487.3994140625,0.9,17864.484375
137,1774676948.2905352,0.2698464822024107,237.1718892818246,97.0,487.3994140625,0.9,17864.04296875
138,1774676948.5619009,0.2699911240488291,237.04482962345577,98.0,487.3994140625,0.9,17862.85546875
139,1774676948.833335,0.2697175908833742,237.28522782065622,99.0,487.3994140625,1.0,17863.1328125
140,1774676949.1046634,0.26989373564720154,237.13036483239918,98.0,487.3994140625,0.9,17861.96484375
141,1774676949.3758287,0.26979631185531616,237.21599290920375,98.0,487.3994140625,0.9,17861.3203125
142,1774676949.6470156,0.2698214128613472,237.1939251273864,99.0,487.3994140625,0.9,17861.10546875
143,1774676949.9186115,0.27007894590497017,236.96774950580192,97.0,487.3994140625,0.9,17863.78515625
144,1774676950.1902802,0.26978735253214836,237.22387057552538,98.0,487.3994140625,0.9,17863.87890625
145,1774676950.4615743,0.269940173253417,237.08957147299995,99.0,487.3994140625,0.9,17862.015625
146,1774676950.7330284,0.26981187239289284,237.2023122348186,97.0,487.3994140625,0.9,17861.890625
147,1774676951.0044844,0.2700062058866024,237.0315889216221,99.0,487.3994140625,0.9,17861.3046875
148,1774676951.2757494,0.2699464950710535,237.08401912443557,98.0,487.3994140625,0.9,17863.640625
149,1774676951.547027,0.2699178531765938,237.10917690993932,98.0,487.3994140625,0.9,17865.3671875
150,1774676951.8183334,0.26995362527668476,237.07775709403495,99.0,487.3994140625,0.9,17864.9375
151,1774676952.0900142,0.26987806521356106,237.1441337752116,97.0,487.3994140625,0.9,17867.37109375
152,1774676952.3615892,0.269999235868454,237.03770788144513,97.0,487.3994140625,0.9,17866.66015625
153,1774676952.6336002,0.2702905312180519,236.78224949866697,99.0,487.3994140625,1.0,17865.984375
154,1774676952.9049916,0.26982810348272324,237.18804369870924,97.0,487.3994140625,0.9,17865.37109375
155,1774676953.176254,0.2698926031589508,237.1313598480051,98.0,487.3994140625,0.9,17865.73828125
156,1774676953.4477975,0.2698501516133547,237.16866422850913,99.0,487.3994140625,0.9,17864.4453125
157,1774676953.7191455,0.26997439563274384,237.05951762574392,98.0,487.3994140625,0.9,17864.3203125
158,1774676953.990512,0.26971983164548874,237.2832565167829,98.0,487.3994140625,0.9,17864.07421875
159,1774676954.2617786,0.2699077036231756,237.118093114348,99.0,487.3994140625,0.9,17866.40625
160,1774676954.532898,0.2697575818747282,237.25005078715728,98.0,487.3994140625,0.9,17865.47265625
161,1774676954.8041666,0.2697864715009928,237.2246452682654,99.0,487.3994140625,0.9,17864.55078125
162,1774676955.0753572,0.26976914145052433,237.2398846505489,98.0,487.3994140625,0.9,17864.828125
163,1774676955.3469708,0.26980353333055973,237.20964366166416,97.0,487.3994140625,0.9,17863.8125
164,1774676955.618724,0.27040345408022404,236.6833671474193,99.0,487.3994140625,0.9,17863.2265625
165,1774676955.8902833,0.26984674483537674,237.17165845022134,97.0,487.3994140625,0.9,17865.5625
166,1774676956.1616354,0.2698690649122,237.15204267974158,97.0,487.3994140625,0.9,17868.46875
167,1774676956.432835,0.2698456346988678,237.172634167013,99.0,487.3994140625,0.9,17867.28125
168,1774676956.704063,0.2698279544711113,237.18817468503642,98.0,487.3994140625,0.9,17867.40234375
169,1774676956.9753711,0.2699416633695364,237.08826270506918,98.0,487.3994140625,0.9,17867.27734375
170,1774676957.2468688,0.26984521374106407,237.17300415568093,99.0,487.3994140625,0.9,17866.69140625
171,1774676957.518145,0.26993181370198727,237.09691392900393,98.0,487.3994140625,0.9,17865.92578125
172,1774676957.7896185,0.2698296010494232,237.1867272941543,98.0,487.3994140625,0.9,17865.49609375
173,1774676958.0609162,0.2698613218963146,237.15884718222014,99.0,487.3994140625,0.9,17865.49609375
174,1774676958.332246,0.26994776353240013,237.08290508700023,98.0,487.3994140625,0.9,17865.6171875
175,1774676958.604209,0.27059798687696457,236.51321555876729,99.0,487.3994140625,0.9,17863.71484375
176,1774676958.8755236,0.26995991356670856,237.0722347419379,98.0,487.3994140625,0.9,17863.46875
177,1774676959.1471093,0.2698297519236803,237.1865946721176,97.0,487.3994140625,0.9,17863.09765625
178,1774676959.4184728,0.26992058381438255,237.1067782070713,99.0,487.3994140625,0.9,17862.17578125
179,1774676959.6900377,0.2698337510228157,237.18307942355403,97.0,487.3994140625,0.9,17861.68359375
180,1774676959.9614496,0.27000198513269424,237.0352942721765,97.0,487.3994140625,0.9,17862.421875
181,1774676960.2328794,0.27006267942488194,236.98202260413265,99.0,487.3994140625,0.9,17862.0234375
182,1774676960.5042026,0.269958833232522,237.07318346895974,98.0,487.3994140625,0.9,17863.296875
183,1774676960.775668,0.2699949946254492,237.04143141166028,97.0,487.3994140625,0.9,17862.95703125
184,1774676961.0472133,0.2698376141488552,237.17968379565707,99.0,487.3994140625,0.9,17862.5859375
185,1774676961.3188426,0.2702703718096018,236.7999110353327,98.0,487.3994140625,0.9,17861.75390625
186,1774676961.590656,0.2699978146702051,237.03895558626738,98.0,487.3994140625,0.9,17861.5703125
187,1774676961.8618205,0.2698318548500538,237.18474616558876,99.0,487.3994140625,0.9,17863.3671875
188,1774676962.1332314,0.2700409572571516,237.00108550220696,98.0,487.3994140625,0.9,17862.90625
189,1774676962.4046834,0.26976388320326805,237.24450893886254,99.0,487.3994140625,0.9,17862.56640625
190,1774676962.6759903,0.2699862066656351,237.04914703017,98.0,487.3994140625,1.0,17865.1015625
191,1774676962.9476287,0.2697991915047169,237.2134610302607,97.0,487.3994140625,0.9,17864.45703125
192,1774676963.2182655,0.26927679404616356,237.6736555658344,99.0,487.3994140625,0.9,17864.48828125
193,1774676963.4897892,0.26979726180434227,237.21515767796404,97.0,487.3994140625,0.9,17866.2734375
194,1774676963.761263,0.2698829360306263,237.13985382439031,97.0,487.3994140625,0.9,17865.84375
195,1774676964.0325525,0.26983662135899067,237.18055643327372,99.0,487.3994140625,0.9,17865.81640625
196,1774676964.3041813,0.2700046766549349,237.03293140285788,97.0,487.3994140625,0.9,17865.44921875
197,1774676964.5759025,0.27027164213359356,236.79879803433172,97.0,487.3994140625,0.9,17860.24609375
198,1774676964.8474562,0.2697860524058342,237.22501378138696,99.0,487.3994140625,0.9,17863.921875
199,1774676965.1187427,0.26998986303806305,237.04593676162318,98.0,487.3994140625,1.2,17867.87890625
200,1774676965.3898983,0.2698055226355791,237.20789468955203,98.0,487.3994140625,0.9,17870.8671875
201,1774676965.661137,0.2697754502296448,237.23433672530385,99.0,487.3994140625,0.9,17870.28125
202,1774676965.9323943,0.2698804307729006,237.14205515647345,98.0,487.3994140625,0.9,17869.359375
203,1774676966.2039425,0.2698273342102766,237.1887199171777,99.0,487.3994140625,0.9,17872.8359375
204,1774676966.4753656,0.2699890658259392,237.0466367006897,98.0,487.3994140625,0.9,17874.94140625
205,1774676966.7468915,0.2698117922991514,237.20238264842246,97.0,487.3994140625,0.9,17874.9140625
206,1774676967.0180755,0.2698241211473942,237.19154435803517,99.0,487.3994140625,0.9,17874.66796875
207,1774676967.28974,0.26995365507900715,237.07773092114334,97.0,487.3994140625,0.9,17874.08203125
208,1774676967.5610802,0.2699992433190346,237.0377013404322,98.0,487.3994140625,0.9,17873.15625
209,1774676967.8324292,0.2699754945933819,237.0585526526854,99.0,487.3994140625,0.9,17875.4453125
210,1774676968.1038692,0.26959843933582306,237.39009824266427,97.0,487.3994140625,0.9,17875.05859375
211,1774676968.3754733,0.2702378202229738,236.8284348474742,97.0,487.3994140625,0.9,17874.6328125
212,1774676968.6473465,0.2699393257498741,237.09031584120657,99.0,487.3994140625,0.9,17874.046875
213,1774676968.9187984,0.2699433248490095,237.0868034458635,97.0,487.3994140625,0.9,17874.16796875
214,1774676969.1901817,0.2699078842997551,237.11793438728412,98.0,487.3994140625,0.9,17876.2578125
215,1774676969.4613938,0.2698508519679308,237.1680486953059,99.0,487.3994140625,0.9,17875.59765625
216,1774676969.7328272,0.270078556612134,236.96809107252403,98.0,487.3994140625,0.9,17875.62890625
217,1774676970.0043182,0.26979339122772217,237.21856087267932,99.0,487.3994140625,0.9,17875.38671875
218,1774676970.2756464,0.2700049076229334,237.03272863979618,98.0,487.3994140625,0.9,17874.7421875
219,1774676970.5471332,0.26976660266518593,237.24211732551638,97.0,487.3994140625,0.9,17873.6328125
220,1774676970.8185334,0.26996234618127346,237.07009849820125,99.0,487.3994140625,0.9,17873.41796875
221,1774676971.0898552,0.26995740458369255,237.07443809031966,98.0,487.3994140625,0.9,17872.5859375
222,1774676971.3611639,0.2698734439909458,237.14819455206265,97.0,487.3994140625,0.9,17874.4140625
223,1774676971.6325305,0.2700035758316517,237.03389780253968,99.0,487.3994140625,0.9,17873.51171875
224,1774676971.9040687,0.2698742412030697,237.147494013119,97.0,487.3994140625,0.9,17872.8359375
225,1774676972.175964,0.27041222527623177,236.6756899937592,98.0,487.3994140625,0.9,17875.57421875
226,1774676972.4476838,0.2700133267790079,237.02533783593847,99.0,487.3994140625,0.9,17875.46484375
227,1774676972.7188969,0.269858255982399,237.16154159157645,98.0,487.3994140625,1.0,17874.7890625
228,1774676972.9901342,0.2698722220957279,237.14926828333668,98.0,487.3994140625,0.9,17874.546875
229,1774676973.261896,0.2700536772608757,236.9899223337555,99.0,487.3994140625,0.9,17874.3984375
230,1774676973.5333805,0.2701330967247486,236.92024700406344,98.0,487.3994140625,0.9,17873.30859375
231,1774676973.8051887,0.26998344250023365,237.05157400511555,99.0,487.3994140625,0.9,17873.18359375
232,1774676974.076603,0.27008953876793385,236.95845567343517,98.0,487.3994140625,0.9,17875.66015625
233,1774676974.3480835,0.2701384089887142,236.91558797428831,98.0,487.3994140625,0.9,17875.69140625
234,1774676974.6194327,0.26999229565262794,237.04380099179716,99.0,487.3994140625,0.9,17874.09375
235,1774676974.8909907,0.27010261826217175,236.94698115765468,97.0,487.3994140625,0.9,17873.26171875
236,1774676975.1625786,0.26993095502257347,237.09766815979992,97.0,487.3994140625,0.9,17873.26171875
237,1774676975.4339044,0.2699579056352377,237.07399807166848,99.0,487.3994140625,0.9,17875.08984375
238,1774676975.70548,0.26988047175109386,237.14201914922583,97.0,487.3994140625,0.9,17874.71875
239,1774676975.9773862,0.2704974040389061,236.6011615800748,98.0,487.3994140625,1.2,17874.83984375
240,1774676976.2491057,0.2703082486987114,236.7667294953145,99.0,487.3994140625,1.1,17874.71484375
241,1774676976.52082,0.26992927119135857,237.0991471859643,97.0,487.3994140625,0.9,17876.1328125
242,1774676976.7924201,0.2701307572424412,236.92229886491702,99.0,487.3994140625,0.9,17875.76171875
243,1774676977.0655692,0.2699137646704912,237.11276851008594,97.0,487.3994140625,0.9,17875.76171875
244,1774676977.3372698,0.27024215273559093,236.82463802239832,97.0,487.3994140625,0.9,17875.421875
245,1774676977.6085422,0.26990471594035625,237.1207178689785,99.0,487.3994140625,0.9,17873.75
246,1774676977.880113,0.26989493519067764,237.12931091050206,97.0,487.3994140625,0.9,17876.6875
247,1774676978.151625,0.2701294682919979,236.923429363948,98.0,487.3994140625,1.0,17875.609375
248,1774676978.423236,0.2698621228337288,237.1581433065083,99.0,487.3994140625,0.9,17874.7734375
249,1774676978.6946323,0.2700096368789673,237.02857697885878,98.0,487.3994140625,0.9,17874.68359375
250,1774676978.9663916,0.2700969781726599,236.95192901820587,97.0,487.3994140625,0.9,17873.89453125
251,1774676979.2379863,0.2701270878314972,236.92551722144435,99.0,487.3994140625,1.0,17873.27734375
252,1774676979.5094297,0.27008552849292755,236.9619740721351,98.0,487.3994140625,0.9,17873.359375
253,1774676979.7816062,0.27016898058354855,236.88877924387876,98.0,487.3994140625,0.9,17873.17578125
254,1774676980.0536678,0.2703876532614231,236.6971983669753,99.0,487.3994140625,0.9,17873.1484375
255,1774676980.32538,0.2699374556541443,237.09195837571949,97.0,487.3994140625,0.9,17872.75
256,1774676980.5967884,0.27003694884479046,237.0046035321832,99.0,487.3994140625,0.9,17871.39453125
257,1774676980.868122,0.27001204527914524,237.02646277811493,98.0,487.3994140625,0.9,17873.5859375
258,1774676981.1397004,0.26988666132092476,237.1365805437009,97.0,487.3994140625,0.9,17873.125
259,1774676981.4113069,0.2701440192759037,236.9106677673122,99.0,487.3994140625,0.9,17871.86328125
260,1774676981.682827,0.26986986212432384,237.15134211806293,97.0,487.3994140625,0.9,17871.27734375
261,1774676981.95439,0.2701085489243269,236.94177861038423,97.0,487.3994140625,0.9,17870.5703125
262,1774676982.225773,0.27002412639558315,237.0158580061121,99.0,487.3994140625,0.9,17871.15625
263,1774676982.4973314,0.2700898665934801,236.95816806162597,97.0,487.3994140625,0.9,17869.5859375
264,1774676982.768771,0.2700742091983557,236.97190557353545,98.0,487.3994140625,1.0,17872.078125
265,1774676983.0406423,0.27006683498620987,236.978376124073,99.0,487.3994140625,0.9,17871.86328125
266,1774676983.3120692,0.27000515535473824,237.0325111604462,98.0,487.3994140625,0.9,17874.30859375
267,1774676983.583841,0.2701031658798456,236.9465007621205,98.0,487.3994140625,1.0,17873.8203125
268,1774676983.8556871,0.2702298201620579,236.8354460718619,99.0,487.3994140625,0.9,17873.44921875
269,1774676984.1270425,0.27000398375093937,237.03353969412439,98.0,487.3994140625,0.9,17873.8515625
270,1774676984.398597,0.2698962837457657,237.12812607781626,99.0,487.3994140625,0.9,17872.12890625
271,1774676984.6699722,0.2700702864676714,236.97534755516722,98.0,487.3994140625,0.9,17871.7578125
272,1774676984.9417636,0.2700553648173809,236.98844140081653,97.0,487.3994140625,0.9,17871.8203125
273,1774676985.2132807,0.27015044912695885,236.90502905631968,99.0,487.3994140625,0.9,17871.234375
274,1774676985.4846523,0.2700111661106348,237.02723454694663,98.0,487.3994140625,0.9,17870.25
275,1774676985.7560065,0.27003155648708344,237.00933636273487,98.0,487.3994140625,0.9,17872.046875
276,1774676986.0275464,0.270074725151062,236.97145286069482,99.0,487.3994140625,0.9,17872.5390625
277,1774676986.2992241,0.26991855539381504,237.10856004924554,97.0,487.3994140625,0.9,17872.6328125
278,1774676986.570589,0.26999911665916443,237.03781253770143,98.0,487.3994140625,0.9,17873.203125
279,1774676986.842167,0.26984336227178574,237.1746314646766,99.0,487.3994140625,0.9,17872.71484375
280,1774676987.113498,0.26995728351175785,237.0745444147741,98.0,487.3994140625,0.9,17871.94921875
281,1774676987.384953,0.2700027357786894,237.03463528035613,98.0,487.3994140625,0.9,17871.55078125
282,1774676987.6563268,0.27001408860087395,237.02466908903676,99.0,487.3994140625,0.9,17871.2109375
283,1774676987.9277668,0.2700792793184519,236.96745696857872,98.0,487.3994140625,0.9,17873.44140625
284,1774676988.1993616,0.26985680498182774,237.1628167920753,99.0,487.3994140625,0.9,17873.0703125
285,1774676988.4708421,0.27015984803438187,236.89678708974935,98.0,487.3994140625,0.9,17872.0234375
286,1774676988.743015,0.270526884123683,236.57537847787302,97.0,487.3994140625,0.9,17872.14453125
287,1774676989.0144107,0.2699626851826906,237.06980080113505,99.0,487.3994140625,0.9,17871.8984375
288,1774676989.285915,0.2701209168881178,236.9309298121047,97.0,487.3994140625,1.0,17871.55859375
289,1774676989.5574403,0.2699004039168358,237.12450619273721,97.0,487.3994140625,0.9,17870.65625
290,1774676989.8288805,0.27004591561853886,236.99673388285956,99.0,487.3994140625,0.9,17870.28515625
291,1774676990.1005406,0.26992288418114185,237.1047575093722,97.0,487.3994140625,0.9,17870.31640625
292,1774676990.3719516,0.27003699727356434,237.00456102748026,98.0,487.3994140625,0.9,17868.75
293,1774676990.6434293,0.27011421881616116,236.93680503194165,99.0,487.3994140625,0.9,17868.07421875
294,1774676990.9147525,0.26996964402496815,237.06368999797976,98.0,487.3994140625,0.9,17867.15234375
295,1774676991.1861272,0.26999762654304504,237.03912074870274,99.0,487.3994140625,0.9,17869.59765625
296,1774676991.4613273,0.26999433524906635,237.04201031092305,96.0,487.3994140625,0.9,17869.875
297,1774676991.7328665,0.2700844965875149,236.96287942711373,97.0,487.3994140625,0.9,17872.12109375
298,1774676992.004301,0.27006949856877327,236.97603890541671,99.0,487.3994140625,0.9,17874.58203125
299,1774676992.275938,0.26990100368857384,237.12397925665593,97.0,487.3994140625,0.9,17874.2109375
300,1774676992.547385,0.2700826656073332,236.96448587725394,98.0,487.3994140625,1.0,17875.94921875
301,1774676992.8191833,0.27003348618745804,237.00764265795914,99.0,487.3994140625,0.9,17875.36328125
302,1774676993.0906138,0.2700577564537525,236.98634262689663,98.0,487.3994140625,0.9,17875.0234375
303,1774676993.3621612,0.27018097043037415,236.878266807813,98.0,487.3994140625,0.9,17874.8984375
304,1774676993.6339602,0.2704415637999773,236.65001451971847,99.0,487.3994140625,0.9,17876.52734375
305,1774676993.9056034,0.2702926713973284,236.7803746551472,97.0,487.3994140625,0.9,17876.6484375
306,1774676994.1775074,0.27001136541366577,237.0270595904362,98.0,487.3994140625,0.9,17879.18359375
307,1774676994.4490483,0.27011799812316895,236.9334899735824,99.0,487.3994140625,0.9,17878.3359375
308,1774676994.7209823,0.27009049616754055,236.95761571817764,97.0,487.3994140625,0.9,17871.84375
309,1774676994.9922776,0.2699283454567194,237.09996033099765,99.0,487.3994140625,0.9,17873.046875
310,1774676995.2636533,0.2700547054409981,236.98902004128496,98.0,487.3994140625,0.9,17872.1875
311,1774676995.5352857,0.2698986157774925,237.1260771961955,97.0,487.3994140625,0.9,17870.6171875
312,1774676995.8067997,0.2701500467956066,236.90538187625003,99.0,487.3994140625,0.9,17870.6796875
313,1774676996.078549,0.2700257636606693,237.01442089217184,97.0,487.3994140625,0.9,17869.7578125
314,1774676996.3501909,0.27019666880369186,236.86450422709848,97.0,487.3994140625,0.9,17872.1875
315,1774676996.6217034,0.2701531667262316,236.90264591588692,99.0,487.3994140625,0.9,17871.97265625
316,1774676996.8931859,0.2701141480356455,236.9368671186904,98.0,487.3994140625,0.9,17874.48046875
317,1774676997.1646771,0.27015454694628716,236.90143557985218,98.0,487.3994140625,0.9,17874.234375
318,1774676997.43647,0.2700137756764889,237.02494378168396,99.0,487.3994140625,0.9,17875.7265625
319,1774676997.7080007,0.2701562773436308,236.8999181854801,97.0,487.3994140625,0.9,17878.30859375
320,1774676997.9798188,0.2700201366096735,237.01936012466706,98.0,487.3994140625,0.9,17877.6328125
321,1774676998.2513537,0.27004932425916195,236.99374244158537,99.0,487.3994140625,1.0,17877.5078125
322,1774676998.523294,0.27055943571031094,236.5469155861378,98.0,487.3994140625,0.9,17876.90625
323,1774676998.795251,0.270181268453598,236.87800551943744,99.0,487.3994140625,0.9,17875.828125
324,1774676999.0667686,0.2702004499733448,236.86118955876492,97.0,487.3994140625,0.9,17874.75
325,1774676999.338548,0.2700230162590742,237.01683244140585,97.0,487.3994140625,0.9,17874.78125
326,1774676999.6100757,0.2701720669865608,236.88607306388766,99.0,487.3994140625,0.9,17874.90234375
327,1774676999.8816962,0.27015395835042,236.90195172704009,97.0,487.3994140625,0.9,17874.77734375
328,1774677000.1534426,0.269968805834651,237.06442602556967,97.0,487.3994140625,0.9,17874.28515625
329,1774677000.4250417,0.2702174372971058,236.84629918842577,99.0,487.3994140625,0.9,17876.0234375
330,1774677000.6967432,0.26996458508074284,237.06813240284256,97.0,487.3994140625,0.9,17875.65234375
331,1774677000.9682405,0.27004122361540794,237.00085173346957,98.0,487.3994140625,0.9,17875.52734375
332,1774677001.2397566,0.2701152581721544,236.9358933407991,99.0,487.3994140625,0.9,17875.6484375
333,1774677001.511146,0.2700387258082628,237.0030439465275,97.0,487.3994140625,0.9,17874.234375
334,1774677001.7826514,0.2701409664005041,236.91334510558917,99.0,487.3994140625,0.9,17873.6484375
335,1774677002.057992,0.27001041546463966,237.02789349761727,96.0,487.3994140625,0.9,17876.1875
336,1774677002.329508,0.27015090733766556,236.90462723490123,97.0,487.3994140625,0.9,17876.09375
337,1774677002.600838,0.2699528858065605,237.07840651075804,99.0,487.3994140625,1.0,17875.16796875
338,1774677002.872618,0.2700987793505192,236.9503488830816,97.0,487.3994140625,0.9,17874.82421875
339,1774677003.1442895,0.27029201202094555,236.78095228001223,98.0,487.3994140625,1.0,17873.9921875
340,1774677003.4160738,0.27002238668501377,237.017385060955,99.0,487.3994140625,0.9,17873.4375
341,1774677003.6879742,0.2705292347818613,236.5733228484744,97.0,487.3994140625,0.9,17872.60546875
342,1774677003.9596715,0.2701864391565323,236.87347225787914,97.0,487.3994140625,0.9,17872.60546875
343,1774677004.2310164,0.2699839137494564,237.05116023835276,99.0,487.3994140625,0.9,17872.97265625
344,1774677004.5025647,0.27020316012203693,236.8588138313944,98.0,487.3994140625,0.9,17874.1875
345,1774677004.7741504,0.26985037326812744,237.16846941845296,98.0,487.3994140625,0.9,17873.7265625
346,1774677005.0457406,0.27006107941269875,236.98342663511775,99.0,487.3994140625,0.9,17873.140625
347,1774677005.3176053,0.2700975686311722,236.95141101915758,97.0,487.3994140625,0.9,17872.30859375
348,1774677005.588973,0.27000755444169044,237.03040506528174,99.0,487.3994140625,0.9,17871.9375
349,1774677005.8602653,0.26995418407022953,237.07726635327933,98.0,487.3994140625,0.9,17871.78515625
350,1774677006.1319199,0.26996051520109177,237.0717064024227,97.0,487.3994140625,0.9,17874.41796875
351,1774677006.403411,0.2701219283044338,236.93004267269438,99.0,487.3994140625,0.9,17873.33984375
352,1774677006.6751478,0.2699355762451887,237.09360911311418,97.0,487.3994140625,0.9,17872.6640625
353,1774677006.9466543,0.270047789439559,236.99508939814604,97.0,487.3994140625,0.9,17872.44921875
354,1774677007.2181382,0.2701122760772705,236.93850916161855,99.0,487.3994140625,0.9,17872.48046875
355,1774677007.4895632,0.27007521502673626,236.97102303024838,98.0,487.3994140625,0.9,17874.05078125
356,1774677007.76109,0.2701661214232445,236.89128623102624,98.0,487.3994140625,0.9,17873.28125
357,1774677008.033057,0.27004306577146053,236.9992349818887,99.0,487.3994140625,0.9,17873.06640625
358,1774677008.304517,0.2700947877019644,236.95385070007603,98.0,487.3994140625,0.9,17872.94140625
359,1774677008.5764523,0.27018764801323414,236.87241245338203,98.0,487.3994140625,0.9,17871.4765625
360,1774677008.8483276,0.27020853012800217,236.8541066030823,99.0,487.3994140625,0.9,17871.29296875
361,1774677009.1200125,0.27018612064421177,236.8737514991634,97.0,487.3994140625,0.9,17871.078125
362,1774677009.3915913,0.2699036356061697,237.121666984085,99.0,487.3994140625,1.0,17869.7265625
363,1774677009.6630225,0.2701360881328583,236.9176234184732,98.0,487.3994140625,0.9,17872.171875
364,1774677009.9348197,0.26994065195322037,237.08915102972688,97.0,487.3994140625,0.9,17871.25
365,1774677010.2063737,0.27004759572446346,236.99525940346032,99.0,487.3994140625,0.9,17873.6953125
366,1774677010.477831,0.2700822073966265,236.96488790175448,98.0,487.3994140625,0.9,17873.51171875
367,1774677010.7493587,0.27016494795680046,236.89231517270568,98.0,487.3994140625,0.9,17875.7578125
368,1774677011.0208564,0.27014236710965633,236.91211669149655,99.0,487.3994140625,0.9,17875.26953125
369,1774677011.2925837,0.2700694091618061,236.97611735676372,97.0,487.3994140625,0.9,17874.625
370,1774677011.5640953,0.2701432779431343,236.91131790246556,98.0,487.3994140625,0.9,17876.359375
371,1774677011.835556,0.26996282674372196,237.06967648829576,99.0,487.3994140625,0.9,17878.60546875
372,1774677012.1069345,0.2700196076184511,237.01982446561678,98.0,487.3994140625,0.9,17878.390625
373,1774677012.378568,0.2702469602227211,236.82042509286725,98.0,487.3994140625,0.9,17880.52734375
374,1774677012.6547532,0.2699562944471836,237.0754130073506,96.0,487.3994140625,1.0,17879.8515625
375,1774677012.926344,0.27012415789067745,236.92808706839756,97.0,487.3994140625,0.9,17879.17578125
376,1774677013.197945,0.2701617684215307,236.8951031596056,99.0,487.3994140625,0.9,17879.20703125
377,1774677013.469773,0.2701208684593439,236.93097229040148,97.0,487.3994140625,0.9,17878.44140625
378,1774677013.7413094,0.27016026712954044,236.89641959567774,97.0,487.3994140625,0.9,17877.82421875
379,1774677014.0131025,0.27012718841433525,236.92542900136894,99.0,487.3994140625,0.9,17878.0703125
380,1774677014.284572,0.27011273615062237,236.9381055927397,98.0,487.3994140625,0.9,17878.19140625
381,1774677014.556108,0.27013837546110153,236.91561737852996,98.0,487.3994140625,0.9,17876.41015625
382,1774677014.827744,0.2702639400959015,236.8055463754802,99.0,487.3994140625,0.9,17876.53125
383,1774677015.1001287,0.2710235044360161,236.14188051025397,98.0,487.3994140625,0.9,17876.19140625
384,1774677015.3721216,0.27010516822338104,236.9447442304067,97.0,487.3994140625,0.9,17874.5625
385,1774677015.6436079,0.27013352513313293,236.9198712690628,99.0,487.3994140625,0.9,17874.34765625
386,1774677015.9151516,0.27018927969038486,236.87098197729696,98.0,487.3994140625,0.9,17874.71484375
387,1774677016.1865942,0.2699821162968874,237.05273844739415,99.0,487.3994140625,0.9,17876.30859375
388,1774677016.4580574,0.2701579201966524,236.89847757716427,98.0,487.3994140625,0.9,17878.09765625
389,1774677016.7299922,0.270057987421751,236.98613994353315,97.0,487.3994140625,0.9,17878.8984375
390,1774677017.0014427,0.2701078485697508,236.94239296964776,99.0,487.3994140625,0.9,17878.41015625
391,1774677017.2732444,0.2700510062277317,236.992266364782,97.0,487.3994140625,0.9,17877.3046875
392,1774677017.5450387,0.2702067792415619,236.85564137080627,97.0,487.3994140625,0.9,17876.625
393,1774677017.8166294,0.2702281288802624,236.836928358255,99.0,487.3994140625,0.9,17876.44140625
394,1774677018.088371,0.27003301680088043,237.0080546379739,97.0,487.3994140625,0.9,17876.2265625
395,1774677018.3597918,0.2700255159288645,237.0146383383271,98.0,487.3994140625,0.9,17874.62890625
396,1774677018.6315727,0.2700278852134943,237.01255871925662,99.0,487.3994140625,0.9,17874.4453125
397,1774677018.9030764,0.2701572496443987,236.89906557844225,98.0,487.3994140625,0.9,17873.984375
398,1774677019.1746237,0.2701870705932379,236.87291867622685,98.0,487.3994140625,0.9,17873.25
399,1774677019.4460812,0.27011364698410034,236.9373066284475,99.0,487.3994140625,0.9,17875.4453125
400,1774677019.7176464,0.2700595762580633,236.98474568753278,97.0,487.3994140625,0.9,17874.61328125
401,1774677019.9893951,0.2700411453843117,237.00092039277118,99.0,487.3994140625,0.9,17874.2734375
402,1774677020.2609205,0.27021115832030773,236.85180285610016,98.0,487.3994140625,0.9,17873.1953125
403,1774677020.5324757,0.2698736507445574,237.1480128698363,97.0,487.3994140625,0.9,17875.63671875
404,1774677020.8038456,0.27002387680113316,237.01607708985912,99.0,487.3994140625,0.9,17878.08203125
405,1774677021.0752473,0.2700462769716978,236.9964167538126,98.0,487.3994140625,1.0,17880.46875
406,1774677021.3470836,0.270132876932621,236.9204397729176,97.0,487.3994140625,0.9,17880.1015625
407,1774677021.6190708,0.27063022926449776,236.48503780946893,99.0,487.3994140625,0.9,17879.609375
408,1774677021.89093,0.2701327558606863,236.92054595928485,97.0,487.3994140625,0.9,17878.53125
409,1774677022.1623375,0.270038403570652,237.00332676294778,98.0,487.3994140625,0.9,17877.9453125
410,1774677022.433789,0.2701076380908489,236.94257760483626,99.0,487.3994140625,0.9,17877.60546875
411,1774677022.7052383,0.2701018173247576,236.94768378048136,97.0,487.3994140625,1.0,17876.8984375
412,1774677022.9766774,0.2700789365917444,236.9677576772431,99.0,487.3994140625,0.9,17879.33203125
413,1774677023.2519612,0.27019897662103176,236.86248112539434,96.0,487.3994140625,0.9,17880.16015625
414,1774677023.5234396,0.2701176889240742,236.93376118729267,97.0,487.3994140625,0.9,17880.85546875
415,1774677023.7948267,0.2700410671532154,237.00098905211257,99.0,487.3994140625,0.9,17880.57421875
416,1774677024.0665462,0.2700693756341934,236.9761467760322,97.0,487.3994140625,0.9,17882.8203125
417,1774677024.3380976,0.27018724009394646,236.8727700751029,98.0,487.3994140625,0.9,17882.12890625
418,1774677024.6100097,0.270079106092453,236.96760895710176,99.0,487.3994140625,0.9,17879.23828125
419,1774677024.8815,0.27004172652959824,237.00041035319484,97.0,487.3994140625,0.9,17878.8671875
420,1774677025.1529233,0.27004539780318737,236.99718832699398,98.0,487.3994140625,0.9,17879.359375
421,1774677025.4242532,0.26994205452501774,237.08791915588165,99.0,487.3994140625,0.9,17880.73046875
422,1774677025.6957903,0.27017503790557384,236.88346819948626,98.0,487.3994140625,0.9,17880.359375
423,1774677025.9676487,0.26997540332376957,237.05863279421655,98.0,487.3994140625,0.9,17880.1796875
424,1774677026.2393255,0.2700759582221508,236.97037093304263,99.0,487.3994140625,0.9,17880.0859375
425,1774677026.5109978,0.2699986957013607,237.03818210584586,97.0,487.3994140625,0.9,17878.85546875
426,1774677026.7823467,0.2699888050556183,237.04686565361797,99.0,487.3994140625,0.9,17881.14453125
427,1774677027.0538445,0.270089715719223,236.9583004283378,97.0,487.3994140625,1.0,17881.9140625
428,1774677027.3255827,0.26997019350528717,237.0632074934843,97.0,487.3994140625,0.9,17883.9296875
429,1774677027.5969608,0.27001650258898735,237.02255005287313,99.0,487.3994140625,0.9,17886.93359375
430,1774677027.8688116,0.2701118476688862,236.93888495573782,97.0,487.3994140625,0.9,17889.1796875
431,1774677028.1407304,0.2705605961382389,236.5459010420725,98.0,487.3994140625,0.9,17888.75
432,1774677028.4124663,0.27034645341336727,236.73327018698564,99.0,487.3994140625,0.9,17887.78125
433,1774677028.6839356,0.27006120793521404,236.9833138543659,97.0,487.3994140625,0.9,17887.8125
434,1774677028.9557092,0.27032616175711155,236.7510402396942,97.0,487.3994140625,0.9,17887.41796875
435,1774677029.2275288,0.27007717825472355,236.96930045543627,99.0,487.3994140625,0.9,17886.09375
436,1774677029.4989982,0.27011057548224926,236.94000090790914,98.0,487.3994140625,0.9,17885.4453125
437,1774677029.7704568,0.27009371668100357,236.95479030927524,98.0,487.3994140625,0.9,17884.61328125
438,1774677030.0418153,0.2700146958231926,237.02413605631162,99.0,487.3994140625,0.9,17883.90625
439,1774677030.313367,0.2701796069741249,236.87946220948228,97.0,487.3994140625,0.9,17884.02734375
440,1774677030.5852685,0.27008628472685814,236.96131058533408,99.0,487.3994140625,0.9,17882.98046875
441,1774677030.8566494,0.270061245188117,236.98328116431296,98.0,487.3994140625,0.9,17882.85546875
442,1774677031.1284158,0.26994763500988483,237.08301796256328,97.0,487.3994140625,0.9,17885.5625
443,1774677031.399924,0.270096518099308,236.95233263417612,99.0,487.3994140625,0.9,17884.28515625
444,1774677031.6713178,0.2700067535042763,237.03110818295286,98.0,487.3994140625,0.9,17883.609375
445,1774677031.942917,0.27017427794635296,236.88413451671417,97.0,487.3994140625,0.9,17883.88671875
446,1774677032.2146025,0.2703169398009777,236.75911708352552,99.0,487.3994140625,0.9,17883.671875
447,1774677032.4862328,0.2699640057981014,237.06864109826486,97.0,487.3994140625,0.9,17881.828125
448,1774677032.7578292,0.2702393289655447,236.82711263747976,98.0,487.3994140625,1.0,17884.07421875
449,1774677033.0293381,0.2701250147074461,236.92733554985278,99.0,487.3994140625,0.9,17884.5390625
450,1774677033.3007877,0.27010151743888855,236.9479468566119,98.0,487.3994140625,0.9,17884.171875
451,1774677033.5722978,0.27014167979359627,236.9127194622454,99.0,487.3994140625,0.9,17884.96484375
452,1774677033.8484838,0.27006322517991066,236.98154370097777,96.0,487.3994140625,0.9,17885.578125
453,1774677034.1198783,0.27000343427062035,237.0340220778591,98.0,487.3994140625,0.9,17884.9609375
454,1774677034.391378,0.27014063857495785,236.9136326085994,99.0,487.3994140625,0.9,17883.484375
455,1774677034.6633701,0.27013725973665714,236.91659589051244,97.0,487.3994140625,0.9,17886.06640625
456,1774677034.9353135,0.27030713111162186,236.76770840933364,97.0,487.3994140625,0.9,17885.7265625
457,1774677035.2071333,0.2700843885540962,236.96297421197005,99.0,487.3994140625,0.9,17885.08203125
458,1774677035.4786835,0.2701073568314314,236.94282433018336,97.0,487.3994140625,0.9,17885.3125
459,1774677035.7501154,0.270067585632205,236.9777174486953,98.0,487.3994140625,0.9,17885.09765625
460,1774677036.0216482,0.2701599895954132,236.896662958291,99.0,487.3994140625,0.9,17884.36328125
461,1774677036.2931707,0.2701745480298996,236.88389771236803,97.0,487.3994140625,0.9,17884.2109375
462,1774677036.5649395,0.2700191047042608,237.02026591820672,98.0,487.3994140625,0.9,17882.85546875
463,1774677036.8364713,0.2701651193201542,236.89216491399833,99.0,487.3994140625,0.9,17882.2109375
464,1774677037.1079302,0.27003952860832214,237.0023393605777,97.0,487.3994140625,0.9,17881.2265625
465,1774677037.3793728,0.26999183371663094,237.04420655615456,99.0,487.3994140625,0.9,17880.61328125
466,1774677037.650762,0.27006370574235916,236.98112200628697,98.0,487.3994140625,0.9,17880.48828125
467,1774677037.9226475,0.2699598465114832,237.07229362822167,97.0,487.3994140625,0.9,17882.4140625
468,1774677038.1941268,0.2701186668127775,236.93290343521193,99.0,487.3994140625,0.9,17882.04296875
469,1774677038.4660094,0.27010639756917953,236.94366581453647,97.0,487.3994140625,0.9,17881.2265625
470,1774677038.73751,0.270045368000865,236.9972144821051,97.0,487.3994140625,0.9,17881.34765625
471,1774677039.0088344,0.2699474059045315,237.08321917579005,99.0,487.3994140625,0.9,17883.515625
472,1774677039.280334,0.2700440064072609,236.99840944990208,97.0,487.3994140625,0.9,17883.484375
473,1774677039.5518467,0.270138556137681,236.91545892242513,98.0,487.3994140625,0.9,17882.52734375
474,1774677039.8234513,0.26994062401354313,237.08917556917655,99.0,487.3994140625,0.9,17884.86328125
475,1774677040.0949764,0.2701652180403471,236.89207835200344,98.0,487.3994140625,0.9,17884.4921875
476,1774677040.36654,0.26990028470754623,237.12461092565346,98.0,487.3994140625,0.9,17883.27734375
477,1774677040.6379514,0.27001717686653137,237.02195816836866,99.0,487.3994140625,0.9,17885.4140625
478,1774677040.9103816,0.26987515203654766,237.14669363607376,97.0,487.3994140625,0.5,17885.90625
479,1774677041.182231,0.2701089680194855,236.94141097671027,99.0,487.3994140625,0.5,17885.90625
480,1774677041.744505,0.2713345903903246,235.87114310760634,47.0,487.3994140625,1.1,17810.13671875
481,1774677042.0179317,0.27153144031763077,235.7001455342865,99.0,487.3994140625,1.2,17845.63671875
482,1774677042.2904885,0.27088630199432373,236.26148509104416,97.0,487.3994140625,1.3,17904.328125
483,1774677042.5622902,0.26997479423880577,237.0591676176588,98.0,487.3994140625,1.1,17841.5390625
484,1774677042.8338804,0.27007070556282997,236.97497981731627,99.0,487.3994140625,0.9,17860.02734375
485,1774677043.105459,0.26991596445441246,237.1108360684212,97.0,487.3994140625,0.9,17863.94140625
486,1774677043.3770003,0.2701632995158434,236.89376060587682,99.0,487.3994140625,0.9,17861.53515625
487,1774677043.6481576,0.2698503416031599,237.16849724844138,98.0,487.3994140625,0.9,17860.94921875
488,1774677043.919587,0.2696860898286104,237.3129442481552,97.0,487.3994140625,0.9,17863.28515625
489,1774677044.1908348,0.26988988369703293,237.13374922879183,100.0,487.3994140625,0.9,17865.375
490,1774677044.462262,0.26967581920325756,237.32198233080183,97.0,487.3994140625,0.9,17864.94140625
491,1774677044.7335117,0.2698859628289938,237.137194276947,98.0,487.3994140625,1.0,17864.81640625
492,1774677045.0050259,0.26975395902991295,237.25323709856306,100.0,487.3994140625,0.9,17864.23046875
493,1774677045.2761073,0.26970576867461205,237.29562891631414,98.0,487.3994140625,0.9,17863.92578125
494,1774677045.5473866,0.2699244860559702,237.1033504041915,98.0,487.3994140625,0.9,17863.1875
495,1774677045.8185964,0.2697468511760235,237.25948874278706,100.0,487.3994140625,1.2,17865.4765625
496,1774677046.0900145,0.2700643055140972,236.9805957072666,98.0,487.3994140625,1.0,17864.64453125
497,1774677046.3615768,0.2697217296808958,237.28158675134387,98.0,487.3994140625,1.0,17864.94140625
498,1774677046.6328123,0.26988685317337513,237.1364119721921,100.0,487.3994140625,0.9,17864.01953125
499,1774677046.9041884,0.26973044127225876,237.27392317354384,97.0,487.3994140625,0.9,17866.46484375
500,1774677047.1755219,0.26983955316245556,237.1779794694113,100.0,487.3994140625,0.9,17866.49609375
501,1774677047.4467607,0.26992625556886196,237.10179606323143,98.0,487.3994140625,0.9,17866.06640625
502,1774677047.7180355,0.2698010001331568,237.2118708544951,98.0,487.3994140625,1.0,17868.51171875
503,1774677047.9894874,0.2699875049293041,237.0480071541026,100.0,487.3994140625,0.9,17870.265625
504,1774677048.2609808,0.26973383128643036,237.27094111542277,97.0,487.3994140625,0.9,17872.9453125
505,1774677048.532353,0.26989247277379036,237.13147440625892,98.0,487.3994140625,0.9,17872.48046875
506,1774677048.8038201,0.2697122022509575,237.2899685882595,100.0,487.3994140625,0.9,17872.265625
507,1774677049.0749886,0.2697823215276003,237.22829441755113,98.0,487.3994140625,0.9,17874.51171875
508,1774677049.3463504,0.26991150341928005,237.11475498168195,98.0,487.3994140625,0.9,17873.8359375
509,1774677049.6185033,0.2705633845180273,236.5434632406284,100.0,487.3994140625,0.9,17873.37890625
510,1774677049.8900979,0.2699839361011982,237.05114061308763,97.0,487.3994140625,0.9,17873.0078125
511,1774677050.1616182,0.2697711419314146,237.23812540435134,98.0,487.3994140625,1.1,17875.34375
512,1774677050.4329634,0.26990016363561153,237.12471729511626,100.0,487.3994140625,1.0,17874.4453125
513,1774677050.7042494,0.269875044003129,237.14678856803806,98.0,487.3994140625,0.9,17873.82421875
514,1774677050.9755414,0.26980843394994736,237.20533514483373,100.0,487.3994140625,0.9,17875.9140625
515,1774677051.246722,0.2698621116578579,237.15815312800112,98.0,487.3994140625,0.9,17875.328125
516,1774677051.5181518,0.269699702039361,237.30096665312442,97.0,487.3994140625,0.9,17874.8359375
517,1774677051.7894206,0.2698899246752262,237.1337132240665,100.0,487.3994140625,0.9,17874.65234375
518,1774677052.06091,0.26975700072944164,237.25056190178404,97.0,487.3994140625,0.9,17873.9765625
519,1774677052.3321855,0.26991025544703007,237.11585131880997,98.0,487.3994140625,0.9,17873.640625
520,1774677052.6035085,0.2699294835329056,237.0989606705861,100.0,487.3994140625,1.0,17875.1640625
521,1774677052.8747823,0.2698061019182205,237.20738539634178,98.0,487.3994140625,0.9,17875.0390625
522,1774677053.1461155,0.26997072622179985,237.0627397113401,98.0,487.3994140625,0.9,17877.77734375
523,1774677053.4177144,0.26981526240706444,237.19933197642683,100.0,487.3994140625,0.9,17877.1171875
524,1774677053.6889272,0.26984289288520813,237.17504402543508,98.0,487.3994140625,0.9,17876.28515625
525,1774677053.9604,0.2697328217327595,237.2718291710478,98.0,487.3994140625,0.9,17875.69921875
526,1774677054.2317328,0.2698700334876776,237.151191530579,100.0,487.3994140625,0.9,17875.9453125
527,1774677054.5030234,0.26992994360625744,237.09855655494002,98.0,487.3994140625,0.9,17874.8359375
528,1774677054.7741747,0.2697959542274475,237.2163073507238,100.0,487.3994140625,0.9,17869.8203125
529,1774677055.0454485,0.26987774297595024,237.1444169284581,98.0,487.3994140625,0.9,17868.98828125
530,1774677055.3168528,0.26970610953867435,237.29532901375657,97.0,487.3994140625,0.9,17869.234375
531,1774677055.5882068,0.2699774168431759,237.0568647864952,100.0,487.3994140625,0.9,17868.68359375
532,1774677055.8595867,0.26970832981169224,237.29337556865295,97.0,487.3994140625,0.9,17868.09765625
533,1774677056.1308353,0.26988280192017555,237.13997166418025,98.0,487.3994140625,0.9,17870.77734375
534,1774677056.402017,0.2698246221989393,237.19110390457013,100.0,487.3994140625,0.9,17869.8359375
535,1774677056.673173,0.2697957120835781,237.21652025430964,98.0,487.3994140625,0.9,17868.9140625
536,1774677056.9443731,0.26982481218874454,237.19093689290332,98.0,487.3994140625,0.9,17868.0546875
537,1774677057.2160509,0.26992935314774513,237.09907519753796,100.0,487.3994140625,0.9,17867.9609375
538,1774677057.4874265,0.2700295466929674,237.01110039180315,98.0,487.3994140625,0.9,17871.03515625
539,1774677057.7588515,0.2697059400379658,237.2954781455347,98.0,487.3994140625,0.9,17870.6640625
540,1774677058.0303965,0.27019452676177025,236.86638203603812,99.0,487.3994140625,0.9,17869.58984375
541,1774677058.301684,0.26992968283593655,237.09878560817353,98.0,487.3994140625,0.9,17870.328125
542,1774677058.5729308,0.26987558230757713,237.14631554572884,100.0,487.3994140625,0.9,17868.6796875
543,1774677058.8441784,0.269817091524601,237.19772397800347,98.0,487.3994140625,0.9,17867.58984375
544,1774677059.115681,0.26978127285838127,237.22921654979402,97.0,487.3994140625,0.9,17867.65234375
545,1774677059.386911,0.2698588538914919,237.16101612783805,100.0,487.3994140625,0.9,17867.46875
546,1774677059.658302,0.26975157111883163,237.25533732593743,97.0,487.3994140625,0.9,17866.79296875
547,1774677059.9296057,0.26992126554250717,237.10617935703658,98.0,487.3994140625,0.9,17866.36328125
548,1774677060.2007976,0.2698215451091528,237.19380887137694,100.0,487.3994140625,0.9,17869.04296875
549,1774677060.472054,0.2698908653110266,237.13288675496804,98.0,487.3994140625,0.9,17867.91796875
550,1774677060.7433572,0.26994637586176395,237.0841238215903,98.0,487.3994140625,0.9,17870.20703125
551,1774677061.0150113,0.26994370482861996,237.0864697164614,100.0,487.3994140625,0.9,17869.53125
552,1774677061.286331,0.26996755599975586,237.06552353297548,98.0,487.3994140625,0.9,17872.11328125
553,1774677061.5578585,0.2698076441884041,237.2060294752413,98.0,487.3994140625,0.9,17871.08203125
554,1774677061.8291304,0.26992512308061123,237.1027908390982,100.0,487.3994140625,0.9,17870.7421875
555,1774677062.1003091,0.2697999831289053,237.2127650186769,98.0,487.3994140625,0.9,17870.28125
556,1774677062.3714893,0.2698135618120432,237.20082700877546,100.0,487.3994140625,0.9,17869.94140625
557,1774677062.6429484,0.2701423354446888,236.91214446135524,98.0,487.3994140625,1.0,17869.109375
558,1774677062.9142723,0.2696679998189211,237.32886379909834,97.0,487.3994140625,0.9,17868.40234375
559,1774677063.1856081,0.27000592462718487,237.03183583237686,100.0,487.3994140625,0.9,17870.19921875
560,1774677063.4570076,0.2697384785860777,237.26685319601748,97.0,487.3994140625,0.9,17869.859375
561,1774677063.7282803,0.269912863150239,237.11356047665018,98.0,487.3994140625,0.9,17871.94921875
562,1774677063.999643,0.2698975224047899,237.12703780960746,100.0,487.3994140625,0.9,17871.45703125
563,1774677064.2709079,0.26990573666989803,237.11982112582407,98.0,487.3994140625,1.0,17871.2421875
564,1774677064.5421872,0.26991551369428635,237.11123204458764,98.0,487.3994140625,0.9,17871.0390625
565,1774677064.8137302,0.26985069178044796,237.16818948187378,100.0,487.3994140625,0.9,17870.9140625
566,1774677065.0850835,0.2699786927551031,237.05574446222766,98.0,487.3994140625,0.9,17869.8046875
567,1774677065.3566206,0.2698015905916691,237.2113517183104,98.0,487.3994140625,0.9,17872.33984375
568,1774677065.6280062,0.2700269743800163,237.0133581911378,100.0,487.3994140625,0.9,17873.73828125
569,1774677065.8994699,0.2699896339327097,237.04613791191298,98.0,487.3994140625,0.9,17873.15234375
570,1774677066.1713831,0.2705712467432022,236.53658979049638,100.0,487.3994140625,0.9,17872.90625
571,1774677066.442927,0.27020137943327427,236.86037478503948,97.0,487.3994140625,0.9,17872.47265625
572,1774677066.7146494,0.2698625233024359,237.15779137021917,97.0,487.3994140625,0.9,17874.26953125
573,1774677066.9859872,0.2699768655002117,237.05734890069613,100.0,487.3994140625,0.9,17873.0
574,1774677067.2575567,0.26993408240377903,237.09492121215743,97.0,487.3994140625,0.9,17872.84765625
575,1774677067.5292897,0.26988862454891205,237.13485556113628,97.0,487.3994140625,0.9,17872.91015625
576,1774677067.8005,0.26985096372663975,237.16795047221802,100.0,487.3994140625,0.9,17872.6953125
577,1774677068.071688,0.26975247263908386,237.2545444120136,98.0,487.3994140625,0.9,17874.5390625
578,1774677068.3429809,0.2699256967753172,237.1022869055435,98.0,487.3994140625,0.9,17873.29296875
579,1774677068.6145518,0.26973277144134045,237.271873410155,100.0,487.3994140625,0.9,17873.16796875
580,1774677068.885765,0.26987042278051376,237.15084943580996,98.0,487.3994140625,0.9,17872.3671875
581,1774677069.1573157,0.2698200512677431,237.195122079688,98.0,487.3994140625,0.9,17872.2421875
582,1774677069.428764,0.2697799317538738,237.2303958412615,100.0,487.3994140625,0.9,17871.47265625
583,1774677069.700005,0.2698657140135765,237.15498737561106,98.0,487.3994140625,0.9,17870.640625
584,1774677069.9712648,0.26978261210024357,237.2280389079316,100.0,487.3994140625,0.9,17872.9296875
585,1774677070.242558,0.2699814736843109,237.05330268266903,98.0,487.3994140625,0.9,17872.9609375
586,1774677070.514054,0.2697462122887373,237.2600506860655,97.0,487.3994140625,0.9,17875.125
587,1774677070.785412,0.2699962146580219,237.0403602919493,100.0,487.3994140625,0.9,17874.5078125
588,1774677071.0570955,0.2698466647416353,237.1717288456272,97.0,487.3994140625,0.9,17877.23046875
589,1774677071.3283372,0.26979537308216095,237.21681831997185,98.0,487.3994140625,0.9,17876.30859375
590,1774677071.599654,0.26993283443152905,237.09601736588363,100.0,487.3994140625,0.9,17876.33203125
591,1774677071.871215,0.2697998322546482,237.21289766998134,97.0,487.3994140625,0.9,17876.1171875
592,1774677072.142586,0.2699997443705797,237.03726145813974,98.0,487.3994140625,0.9,17875.2265625
593,1774677072.414046,0.26972443982958794,237.27920258333,100.0,487.3994140625,0.9,17877.0234375
594,1774677072.6853235,0.2699239030480385,237.10386252309743,98.0,487.3994140625,1.0,17876.8984375
595,1774677072.9567976,0.2698173522949219,237.19749473356802,98.0,487.3994140625,0.9,17876.06640625
596,1774677073.2280936,0.26980472542345524,237.20859558539155,99.0,487.3994140625,0.9,17875.71484375
597,1774677073.4993188,0.2698700912296772,237.1511407891873,98.0,487.3994140625,0.9,17874.63671875
598,1774677073.7708542,0.26981942169368267,237.19567553093768,100.0,487.3994140625,0.9,17873.9609375
599,1774677074.0421631,0.27001387625932693,237.02485548754936,98.0,487.3994140625,0.9,17875.9609375
600,1774677074.3140152,0.27009472623467445,236.953904625272,97.0,487.3994140625,0.9,17876.48828125
601,1774677074.5856743,0.27005162835121155,236.99172040083303,100.0,487.3994140625,0.9,17875.17578125
602,1774677074.8567374,0.269708052277565,237.29361974753203,98.0,487.3994140625,0.9,17874.09765625
603,1774677075.1280282,0.26982332207262516,237.19224679464097,98.0,487.3994140625,0.9,17874.21875
604,1774677075.3993888,0.2699973974376917,237.03932188742493,100.0,487.3994140625,0.9,17872.8046875
605,1774677075.6708665,0.26977280154824257,237.23666593778208,97.0,487.3994140625,0.9,17871.97265625
606,1774677075.942163,0.26992728374898434,237.1008929186871,98.0,487.3994140625,0.9,17871.6015625
607,1774677076.2137291,0.26981628499925137,237.19843300109767,100.0,487.3994140625,0.9,17871.96875
608,1774677076.4849958,0.2698842044919729,237.13873926216948,98.0,487.3994140625,0.9,17870.921875
609,1774677076.756325,0.26995785534381866,237.07404223703554,98.0,487.3994140625,0.9,17870.73828125
610,1774677077.027621,0.2699521966278553,237.07901176380386,99.0,487.3994140625,0.9,17872.828125
611,1774677077.2989008,0.26992000453174114,237.10728706835786,98.0,487.3994140625,1.0,17872.2109375
612,1774677077.5703568,0.26973897963762283,237.26641246281844,100.0,487.3994140625,0.9,17873.765625
613,1774677077.8417222,0.2700550053268671,236.98875687394192,98.0,487.3994140625,0.9,17876.703125
614,1774677078.1132596,0.269802451133728,237.21059512642566,97.0,487.3994140625,0.9,17876.18359375
615,1774677078.384472,0.26986168324947357,237.1585296191724,100.0,487.3994140625,0.9,17878.51953125
616,1774677078.6557708,0.2699195630848408,237.10767485157643,98.0,487.3994140625,0.9,17877.99609375
617,1774677078.927004,0.269801152870059,237.21173656668373,98.0,487.3994140625,0.9,17877.625
618,1774677079.1982396,0.2698745634406805,237.14721085252427,100.0,487.3994140625,0.9,17877.0390625
619,1774677079.4697323,0.2697111405432224,237.29090267127364,97.0,487.3994140625,0.9,17879.16015625
620,1774677079.7410064,0.26991027407348156,237.11583495549473,98.0,487.3994140625,0.9,17879.28125
621,1774677080.0125344,0.26980130188167095,237.21160555433133,100.0,487.3994140625,0.9,17878.6640625
622,1774677080.2838647,0.26993892528116703,237.09066757726,98.0,487.3994140625,0.9,17878.8828125
623,1774677080.5552034,0.26996470615267754,237.06802608413946,98.0,487.3994140625,0.9,17880.21875
624,1774677080.8264158,0.2698742747306824,237.1474645512915,99.0,487.3994140625,0.9,17881.80078125
625,1774677081.0977464,0.26995026506483555,237.08070812461972,98.0,487.3994140625,0.9,17881.4609375
626,1774677081.3694057,0.2698211409151554,237.19416418939775,100.0,487.3994140625,0.9,17881.27734375
627,1774677081.6406517,0.2699329536408186,237.09591265822417,98.0,487.3994140625,0.9,17880.4453125
628,1774677081.9120562,0.2696714624762535,237.3258164298184,97.0,487.3994140625,0.9,17880.3203125
629,1774677082.1833444,0.2699156850576401,237.11108150803796,100.0,487.3994140625,1.0,17880.1953125
630,1774677082.4547007,0.26998651400208473,237.04887718764286,98.0,487.3994140625,0.9,17879.796875
631,1774677082.7262459,0.27021376974880695,236.84951384785072,98.0,487.3994140625,1.0,17878.96484375
632,1774677082.9978445,0.2700561061501503,236.9877908423082,100.0,487.3994140625,0.9,17881.30078125
633,1774677083.2695394,0.26993035711348057,237.09819334286274,97.0,487.3994140625,0.9,17883.16015625
634,1774677083.5408018,0.2698961440473795,237.12824881545913,98.0,487.3994140625,0.9,17882.7734375
635,1774677083.8124208,0.26987619139254093,237.1457803289901,100.0,487.3994140625,0.9,17885.109375
636,1774677084.083627,0.2698311936110258,237.18532740235725,98.0,487.3994140625,0.9,17885.23046875
637,1774677084.354818,0.2698334213346243,237.1833692188659,98.0,487.3994140625,1.0,17883.75390625
638,1774677084.6260402,0.26988835260272026,237.13509450409285,99.0,487.3994140625,0.9,17879.4453125
639,1774677084.8974366,0.2700336053967476,237.00753802834217,98.0,487.3994140625,0.9,17879.07421875
640,1774677085.1691883,0.26994602382183075,237.08443300591512,100.0,487.3994140625,0.9,17879.10546875
641,1774677085.4405077,0.2699193246662617,237.10788428776632,98.0,487.3994140625,0.9,17878.5234375
642,1774677085.712081,0.2699047438800335,237.12069332299896,97.0,487.3994140625,0.9,17877.84765625
643,1774677085.9831305,0.2697037998586893,237.29736115521047,100.0,487.3994140625,0.9,17877.87890625
644,1774677086.2543848,0.2698912639170885,237.1325365301969,98.0,487.3994140625,0.9,17878.09765625
645,1774677086.525657,0.2699307035654783,237.097889030898,98.0,487.3994140625,0.9,17879.98828125
646,1774677086.7968547,0.26983525045216084,237.18176143686082,100.0,487.3994140625,0.9,17879.55859375
647,1774677087.0684257,0.269865645095706,237.15504793988447,97.0,487.3994140625,0.9,17879.09765625
648,1774677087.3399012,0.27002413757145405,237.01584819640155,98.0,487.3994140625,1.0,17878.63671875
649,1774677087.6115408,0.2698907107114792,237.13302259008762,100.0,487.3994140625,0.9,17877.2578125
650,1774677087.882653,0.26976425014436245,237.24418623205577,98.0,487.3994140625,0.9,17876.765625
651,1774677088.1538668,0.2698429338634014,237.17500800816882,98.0,487.3994140625,0.9,17876.39453125
652,1774677088.4251413,0.2698481120169163,237.17045682345912,99.0,487.3994140625,0.9,17878.25390625
653,1774677088.6963882,0.2698891833424568,237.1343645839697,98.0,487.3994140625,0.9,17878.375
654,1774677088.9680893,0.2698866929858923,237.13655272120235,100.0,487.3994140625,0.9,17877.54296875
655,1774677089.2393446,0.26992310397326946,237.1045644404635,98.0,487.3994140625,0.9,17879.51171875
656,1774677089.5107691,0.2697926927357912,237.21917503034595,97.0,487.3994140625,0.9,17881.90625
657,1774677089.782005,0.26989822275936604,237.1264224924544,100.0,487.3994140625,1.0,17885.95703125
658,1774677090.053264,0.26990549452602863,237.1200338562507,98.0,487.3994140625,0.9,17885.125
659,1774677090.3245313,0.2699097562581301,237.11628985649986,98.0,487.3994140625,0.9,17887.70703125
660,1774677090.5958593,0.2699716854840517,237.06189738101529,100.0,487.3994140625,0.9,17887.98828125
661,1774677090.8674119,0.26974669098854065,237.25962963793629,97.0,487.3994140625,0.9,17887.86328125
662,1774677091.1388454,0.26990274526178837,237.1224491915564,98.0,487.3994140625,0.9,17887.03125
663,1774677091.4102259,0.26974134147167206,237.26433497670288,100.0,487.3994140625,0.9,17884.6484375
664,1774677091.6822448,0.270657766610384,236.46097727588577,98.0,487.3994140625,0.9,17884.7109375
665,1774677091.9536347,0.26992867700755596,237.09966910336274,98.0,487.3994140625,0.9,17883.87890625
666,1774677092.2250912,0.2697265800088644,237.27731986182704,99.0,487.3994140625,0.9,17886.05078125
667,1774677092.4964776,0.2700288649648428,237.01169876165895,98.0,487.3994140625,1.0,17888.5703125
668,1774677092.7679152,0.26966696977615356,237.32977032050096,100.0,487.3994140625,1.0,17888.4453125
669,1774677093.039223,0.2698598615825176,237.16013053845768,98.0,487.3994140625,1.0,17888.56640625
670,1774677093.3109305,0.2698761634528637,237.14580488016378,97.0,487.3994140625,0.9,17888.23046875
671,1774677093.582079,0.2696862295269966,237.31282131924112,100.0,487.3994140625,0.9,17886.125
672,1774677093.8532236,0.2697790712118149,237.23115255946192,98.0,487.3994140625,0.9,17886.0
673,1774677094.1247523,0.2697027623653412,237.29827399136968,97.0,487.3994140625,0.9,17885.3828125
674,1774677094.3960047,0.2698731329292059,237.14846789431505,100.0,487.3994140625,0.9,17883.21484375
675,1774677094.667525,0.26977777294814587,237.2322941975708,97.0,487.3994140625,0.9,17885.90625
676,1774677094.938854,0.26985388435423374,237.16538360436576,98.0,487.3994140625,0.9,17885.4453125
677,1774677095.2099183,0.26969221979379654,237.3075502472175,100.0,487.3994140625,0.9,17884.5234375
678,1774677095.481104,0.2697440516203642,237.26195115536092,98.0,487.3994140625,0.9,17883.76171875
679,1774677095.7524326,0.2698503714054823,237.16847105551093,98.0,487.3994140625,0.9,17884.0390625
680,1774677096.0239773,0.2698005624115467,237.2122557045529,99.0,487.3994140625,0.9,17883.0859375
681,1774677096.295336,0.2699974961578846,237.03923521785237,98.0,487.3994140625,0.9,17882.84375
682,1774677096.5667984,0.26972765289247036,237.2763760544576,100.0,487.3994140625,0.9,17882.2578125
683,1774677096.8379583,0.2698450554162264,237.17314331100965,98.0,487.3994140625,0.9,17882.04296875
684,1774677097.1092668,0.2697412222623825,237.2644398331745,98.0,487.3994140625,0.9,17881.3359375
685,1774677097.3803947,0.2697715926915407,237.2377290042476,100.0,487.3994140625,0.9,17879.73828125
686,1774677097.6515703,0.2696975413709879,237.30286777795837,98.0,487.3994140625,0.9,17882.02734375
687,1774677097.9230592,0.2696686815470457,237.32826382671627,97.0,487.3994140625,0.9,17881.3828125
688,1774677098.1942897,0.2698728833347559,237.14868722328458,100.0,487.3994140625,0.9,17881.75
689,1774677098.4657364,0.26977366395294666,237.23590754641913,97.0,487.3994140625,0.9,17880.765625
690,1774677098.7370417,0.2699441947042942,237.08603946866765,98.0,487.3994140625,0.9,17879.99609375
691,1774677099.008418,0.2697113621979952,237.29070766035278,100.0,487.3994140625,0.9,17882.578125
692,1774677099.2796555,0.2698645740747452,237.15598914540644,98.0,487.3994140625,0.9,17884.66796875
693,1774677099.5507236,0.2696981094777584,237.30236791028742,98.0,487.3994140625,0.9,17884.34765625
694,1774677099.8217742,0.26965477131307125,237.3405064867015,99.0,487.3994140625,0.9,17884.22265625
695,1774677100.09291,0.2697689440101385,237.24005828333873,98.0,487.3994140625,0.9,17883.82421875
696,1774677100.3644714,0.26976977102458477,237.23933099297298,100.0,487.3994140625,0.9,17882.40625
697,1774677100.6361778,0.2702731415629387,236.79748431494173,98.0,487.3994140625,0.9,17882.28125
698,1774677100.907729,0.26988758333027363,237.13577042068033,97.0,487.3994140625,0.9,17882.3125
699,1774677101.178913,0.26981392316520214,237.20050933329327,100.0,487.3994140625,0.9,17881.94140625
700,1774677101.4501314,0.26984604448080063,237.17227400216186,98.0,487.3994140625,0.9,17880.21875
701,1774677101.7213047,0.2698164414614439,237.19829545356095,98.0,487.3994140625,0.9,17882.98828125
702,1774677101.9926949,0.2700405064970255,237.00148111189003,100.0,487.3994140625,0.9,17881.8203125
703,1774677102.2642617,0.2697341628372669,237.27064946760854,97.0,487.3994140625,0.9,17884.5
704,1774677102.5355453,0.269794512540102,237.2175749515554,98.0,487.3994140625,1.0,17887.15625
705,1774677102.8069534,0.2697191499173641,237.2838562616268,100.0,487.3994140625,0.9,17886.94140625
706,1774677103.0782807,0.2698804344981909,237.14205188308682,98.0,487.3994140625,0.9,17888.94140625
707,1774677103.3496094,0.2698510307818651,237.16789153840435,98.0,487.3994140625,0.9,17888.00390625
708,1774677103.6208394,0.26979113928973675,237.22054092839755,99.0,487.3994140625,0.9,17887.328125
709,1774677103.8921487,0.26993653550744057,237.0927665634054,98.0,487.3994140625,0.9,17887.60546875
710,1774677104.1635964,0.2697907518595457,237.2208815864774,100.0,487.3994140625,0.9,17886.765625
711,1774677104.4348204,0.26989860460162163,237.12608701503257,98.0,487.3994140625,0.9,17885.2265625
712,1774677104.7063794,0.2698202710598707,237.19492886358776,97.0,487.3994140625,0.9,17884.88671875
713,1774677104.977636,0.26989653147757053,237.1279084233754,100.0,487.3994140625,0.9,17884.0546875
714,1774677105.2488651,0.2698543034493923,237.1650152764837,98.0,487.3994140625,0.9,17883.65625
715,1774677105.5200334,0.2698289342224598,237.1873134525868,98.0,487.3994140625,0.9,17886.640625
716,1774677105.7913172,0.2699334565550089,237.09547092380393,100.0,487.3994140625,0.9,17886.703125
717,1774677106.0628867,0.2698921523988247,237.13175589272416,97.0,487.3994140625,0.9,17886.33203125
718,1774677106.3340497,0.2698017321527004,237.21122725697603,98.0,487.3994140625,1.0,17885.9609375
719,1774677106.605493,0.26980703137815,237.20656823913657,100.0,487.3994140625,0.9,17884.78125
720,1774677106.8766768,0.26979308016598225,237.21883437716744,98.0,487.3994140625,0.9,17884.93359375
721,1774677107.1478648,0.2698080614209175,237.20566265867046,98.0,487.3994140625,0.9,17884.5625
722,1774677107.4189236,0.26972223818302155,237.28113940895167,99.0,487.3994140625,0.9,17884.31640625
723,1774677107.690259,0.2699324134737253,237.09638711554598,98.0,487.3994140625,0.9,17886.421875
724,1774677107.9619536,0.2698287721723318,237.18745589934738,100.0,487.3994140625,1.0,17885.58984375
725,1774677108.2331522,0.26988570392131805,237.13742176821057,98.0,487.3994140625,0.9,17885.375
726,1774677108.504643,0.26985516399145126,237.16425898015223,97.0,487.3994140625,0.9,17887.83203125
727,1774677108.7759721,0.26994119584560394,237.08867332945192,100.0,487.3994140625,0.9,17887.70703125
728,1774677109.0471704,0.2698437348008156,237.1743040365248,98.0,487.3994140625,0.9,17887.58203125
729,1774677109.3182993,0.2698074821382761,237.2061719444832,98.0,487.3994140625,0.9,17889.66796875
730,1774677109.5904114,0.27074150927364826,236.38783787421707,100.0,487.3994140625,0.9,17888.69140625
731,1774677109.8621948,0.2700275667011738,237.012838288565,97.0,487.3994140625,0.9,17888.3515625
732,1774677110.133665,0.2700941562652588,236.95440466007625,98.0,487.3994140625,0.9,17888.2265625
733,1774677110.4052646,0.26995093561708927,237.0801192212963,100.0,487.3994140625,0.9,17890.2109375
734,1774677110.676551,0.2699375655502081,237.0918618516476,98.0,487.3994140625,0.9,17890.0859375
735,1774677110.9477627,0.26983889378607273,237.17855903581847,98.0,487.3994140625,0.9,17889.9609375
736,1774677111.2194045,0.2699146643280983,237.11197818509024,99.0,487.3994140625,0.9,17889.5
737,1774677111.490862,0.2699984163045883,237.03842739507354,98.0,487.3994140625,0.9,17888.390625
738,1774677111.762458,0.26986145228147507,237.15873259751723,100.0,487.3994140625,0.9,17888.265625
739,1774677112.0338144,0.2700331564992666,237.0079320247246,98.0,487.3994140625,0.9,17887.92578125
740,1774677112.3049908,0.26979231275618076,237.21950913345214,98.0,487.3994140625,0.9,17887.5546875
741,1774677112.5761275,0.26976281218230724,237.24545085461386,100.0,487.3994140625,0.9,17886.7265625
742,1774677112.8474228,0.2699034046381712,237.121869899335,98.0,487.3994140625,0.9,17886.109375
743,1774677113.1188676,0.2697799317538738,237.2303958412615,97.0,487.3994140625,0.9,17885.73828125
744,1774677113.3902953,0.27005352824926376,236.9900531013502,100.0,487.3994140625,0.9,17886.921875
745,1774677113.6616812,0.2697372119873762,237.26796732441656,97.0,487.3994140625,0.9,17887.23046875
746,1774677113.9329317,0.2698794938623905,237.14287841607228,98.0,487.3994140625,0.9,17886.80078125
747,1774677114.2040775,0.26974922977387905,237.257396633343,100.0,487.3994140625,0.9,17885.87890625
748,1774677114.475336,0.26977345161139965,237.2360942773199,98.0,487.3994140625,0.9,17885.6953125
749,1774677114.7466373,0.2699374742805958,237.09194201570176,98.0,487.3994140625,0.9,17883.46484375
750,1774677115.0182095,0.2698551155626774,237.16430154215536,99.0,487.3994140625,0.9,17883.49609375
751,1774677115.2894924,0.26993487402796745,237.09422589601772,98.0,487.3994140625,0.9,17886.17578125
752,1774677115.5610485,0.26962367072701454,237.36788327015242,100.0,487.3994140625,0.9,17887.296875
753,1774677115.832268,0.26990307308733463,237.1221611815106,98.0,487.3994140625,0.9,17889.6328125
754,1774677116.1034617,0.2697718311101198,237.23751933861266,98.0,487.3994140625,0.9,17888.98828125
755,1774677116.37472,0.2698932848870754,237.13076087379457,100.0,487.3994140625,0.9,17888.6015625
756,1774677116.6459525,0.2697784788906574,237.23167342024908,98.0,487.3994140625,0.9,17887.984375
757,1774677116.9175608,0.26991442404687405,237.11218926516352,97.0,487.3994140625,0.9,17887.0
758,1774677117.1889226,0.2699811439961195,237.05359216093953,100.0,487.3994140625,0.9,17889.3515625
759,1774677117.4603982,0.26979897171258926,237.21365427655428,97.0,487.3994140625,0.9,17891.71875
760,1774677117.7316883,0.26991092413663864,237.11526387720747,98.0,487.3994140625,0.9,17893.76171875
761,1774677118.0028262,0.2697483208030462,237.25819611951874,100.0,487.3994140625,0.9,17893.8828125
762,1774677118.2739534,0.26976265013217926,237.24559337121374,98.0,487.3994140625,0.9,17895.359375
763,1774677118.545447,0.270124277099967,236.92798250901018,98.0,487.3994140625,0.9,17893.8671875
764,1774677118.8174326,0.2699237372726202,237.10400814197627,99.0,487.3994140625,0.9,17893.49609375
765,1774677119.0887,0.2698952443897724,237.12903924892296,98.0,487.3994140625,0.9,17893.43359375
766,1774677119.360421,0.26997382566332817,237.06001810639017,100.0,487.3994140625,0.9,17892.265625
767,1774677119.631669,0.2697916515171528,237.22009054061115,98.0,487.3994140625,0.9,17891.43359375
768,1774677119.9028513,0.2698073014616966,237.20633078970178,98.0,487.3994140625,0.9,17891.30859375
769,1774677120.174004,0.26968349888920784,237.31522419283306,100.0,487.3994140625,0.9,17891.18359375
770,1774677120.445221,0.2698502652347088,237.16856436785213,98.0,487.3994140625,0.9,17892.84375
771,1774677120.716778,0.2696688771247864,237.32809170405187,97.0,487.3994140625,0.9,17892.50390625
772,1774677120.9880815,0.269902853295207,237.12235427907765,100.0,487.3994140625,0.9,17892.37890625
773,1774677121.259498,0.26976846158504486,237.24048253811137,97.0,487.3994140625,0.9,17891.76171875
774,1774677121.5307987,0.26993286423385143,237.09599118896008,98.0,487.3994140625,0.9,17890.79296875
775,1774677121.8021104,0.2698496114462614,237.16913897704512,100.0,487.3994140625,0.9,17889.9609375
776,1774677122.07324,0.2697759512811899,237.23389611289784,98.0,487.3994140625,0.9,17892.25
777,1774677122.3443866,0.26978443190455437,237.22643870956284,98.0,487.3994140625,0.9,17894.29296875
778,1774677122.6159155,0.26984898187220097,237.1696923070477,99.0,487.3994140625,1.0,17894.66015625
779,1774677122.8872006,0.269921513274312,237.10596174288258,98.0,487.3994140625,0.9,17896.50390625
780,1774677123.1588674,0.2698305044323206,237.1859332014576,100.0,487.3994140625,0.9,17895.796875
781,1774677123.429984,0.26980757154524326,237.20609334074237,98.0,487.3994140625,0.9,17895.7734375
782,1774677123.7010396,0.26967698708176613,237.32095457071827,98.0,487.3994140625,0.9,17894.94140625
783,1774677123.9723752,0.2698819413781166,237.1407278056191,100.0,487.3994140625,0.9,17894.35546875
784,1774677124.2434573,0.2696918901056051,237.30784034677154,98.0,487.3994140625,0.9,17896.4453125
785,1774677124.5148997,0.26978666335344315,237.22447657152955,97.0,487.3994140625,0.9,17896.12109375
786,1774677124.786228,0.26995547488331795,237.0761327499008,100.0,487.3994140625,0.9,17898.45703125
787,1774677125.0576918,0.2697870135307312,237.22416865965943,97.0,487.3994140625,0.9,17900.5
788,1774677125.3289108,0.2698536943644285,237.16555058004917,98.0,487.3994140625,0.9,17902.8359375
789,1774677125.6006255,0.26977029256522655,237.23887234368374,100.0,487.3994140625,0.9,17902.86328125
790,1774677125.8718603,0.26986919343471527,237.15192973844344,98.0,487.3994140625,0.9,17902.5234375
791,1774677126.143045,0.2698165401816368,237.19820866769723,98.0,487.3994140625,0.9,17904.8125
792,1774677126.41475,0.26981455087661743,237.1999574969785,99.0,487.3994140625,0.9,17903.51953125
793,1774677126.6860843,0.26996076479554176,237.0714872158227,98.0,487.3994140625,0.9,17903.39453125
794,1774677126.957647,0.269726250320673,237.27760988747474,100.0,487.3994140625,0.9,17902.77734375
795,1774677127.2287617,0.2697638124227524,237.24457118697705,98.0,487.3994140625,0.9,17902.19140625
796,1774677127.5001743,0.2699362840503454,237.0929874253713,98.0,487.3994140625,0.9,17901.8828125
797,1774677127.771499,0.2698838748037815,237.13902894913994,100.0,487.3994140625,0.9,17901.296875
798,1774677128.0428066,0.26993858627974987,237.09096532673485,98.0,487.3994140625,0.9,17900.7109375
799,1774677128.3142807,0.26974570006132126,237.26050122560207,97.0,487.3994140625,0.9,17900.5859375
800,1774677128.5856526,0.26999992318451405,237.03710447451988,100.0,487.3994140625,0.9,17899.32421875
801,1774677128.8572881,0.26984700188040733,237.17143253036386,97.0,487.3994140625,0.9,17898.984375
802,1774677129.1285532,0.2698913440108299,237.1324661580546,98.0,487.3994140625,0.9,17898.3671875
803,1774677129.3998482,0.26982422173023224,237.19145593973624,100.0,487.3994140625,0.9,17897.56640625
804,1774677129.6709638,0.26976460963487625,237.2438700785228,98.0,487.3994140625,0.9,17897.47265625
805,1774677129.9422216,0.26980606466531754,237.2074181482509,98.0,487.3994140625,0.9,17897.1015625
806,1774677130.2137666,0.26984150521457195,237.1762637074998,99.0,487.3994140625,0.9,17896.26953125
807,1774677130.4850752,0.2699539940804243,237.0774332049083,98.0,487.3994140625,0.9,17896.36328125
808,1774677130.7564313,0.2696793992072344,237.31883187272817,100.0,487.3994140625,0.9,17895.6875
809,1774677131.0275962,0.26985184475779533,237.16717614972393,98.0,487.3994140625,0.9,17895.2265625
810,1774677131.2986796,0.269701961427927,237.29897869913285,98.0,487.3994140625,1.0,17895.26171875
811,1774677131.569751,0.26972643099725246,237.27745094677772,100.0,487.3994140625,0.9,17894.02734375
812,1774677131.8409505,0.26983557268977165,237.18147819442774,98.0,487.3994140625,1.0,17893.1953125
813,1774677132.1121645,0.26975348964333534,237.2536499328331,98.0,487.3994140625,0.9,17893.31640625
814,1774677132.3834548,0.269908444955945,237.11744184383042,100.0,487.3994140625,0.9,17892.1484375
815,1774677132.6549342,0.2697514109313488,237.25547821615612,97.0,487.3994140625,1.0,17894.23828125
816,1774677132.9263859,0.2699919268488884,237.04412478903532,98.0,487.3994140625,0.9,17893.8671875
817,1774677133.1978822,0.26981401443481445,237.20042909580607,100.0,487.3994140625,0.9,17896.44921875
818,1774677133.469097,0.26984928175807,237.1694287382925,98.0,487.3994140625,0.9,17898.4296875
819,1774677133.7402601,0.2698151543736458,237.19942695053902,98.0,487.3994140625,1.0,17897.59765625
820,1774677134.0114052,0.2697376720607281,237.2675626324498,99.0,487.3994140625,1.0,17896.765625
821,1774677134.282675,0.26989019475877285,237.13347592046844,98.0,487.3994140625,1.0,17897.37890625
822,1774677134.554183,0.26977305114269257,237.2364464460467,100.0,487.3994140625,1.0,17896.2109375
823,1774677134.825375,0.2698804773390293,237.14201423914744,98.0,487.3994140625,0.9,17896.2421875
824,1774677135.0968912,0.2697787117213011,237.2314686791008,97.0,487.3994140625,0.9,17895.8125
825,1774677135.3680987,0.26976858265697956,237.24037606476324,100.0,487.3994140625,0.9,17897.55078125
826,1774677135.6393635,0.2698796037584543,237.14278185053516,98.0,487.3994140625,0.9,17899.75
827,1774677135.910526,0.26982215233147144,237.19327507764152,98.0,487.3994140625,0.9,17898.859375
828,1774677136.1817598,0.2698552515357733,237.16418204118537,100.0,487.3994140625,0.9,17899.01171875
829,1774677136.4533875,0.2697924319654703,237.21940431669006,97.0,487.3994140625,0.9,17898.1796875
830,1774677136.725288,0.27051450312137604,236.58620614246365,98.0,487.3994140625,0.9,17897.34765625
831,1774677136.9970512,0.2698928043246269,237.13118310120203,100.0,487.3994140625,0.9,17897.46875
832,1774677137.268302,0.269903015345335,237.122211910502,98.0,487.3994140625,0.9,17897.09765625
833,1774677137.539562,0.269880011677742,237.14242341304268,98.0,487.3994140625,0.9,17895.80859375
834,1774677137.8111944,0.26992191560566425,237.1056083252581,99.0,487.3994140625,0.9,17895.68359375
835,1774677138.082661,0.27001102454960346,237.02735881527911,98.0,487.3994140625,0.9,17895.09765625
836,1774677138.3541052,0.26969502307474613,237.30508361017237,100.0,487.3994140625,0.9,17897.328125
837,1774677138.6253362,0.26983338221907616,237.18340360140752,98.0,487.3994140625,0.9,17896.40625
838,1774677138.8964617,0.26975085958838463,237.2559631419088,98.0,487.3994140625,0.9,17896.68359375
839,1774677139.1677423,0.2698213029652834,237.19402173457954,100.0,487.3994140625,0.9,17896.46875
840,1774677139.4391506,0.27002838626503944,237.01211893027588,98.0,487.3994140625,0.9,17897.79296875
841,1774677139.7106404,0.26984068378806114,237.1769856997065,97.0,487.3994140625,0.9,17897.1171875
842,1774677139.981951,0.2699400633573532,237.08966799520695,100.0,487.3994140625,0.9,17895.94921875
843,1774677140.2532587,0.2696500401943922,237.34467072158435,97.0,487.3994140625,0.9,17897.94921875
844,1774677140.5245583,0.26993188448250294,237.0968517583498,98.0,487.3994140625,0.9,17897.94921875
845,1774677140.7958584,0.2697732634842396,237.23625971459157,100.0,487.3994140625,0.9,17897.36328125
846,1774677141.066975,0.26976577192544937,237.2428479091358,98.0,487.3994140625,0.9,17896.77734375
847,1774677141.3381984,0.2698495648801327,237.16917990373204,98.0,487.3994140625,0.9,17896.40625
848,1774677141.6097224,0.2697672210633755,237.24157348592288,99.0,487.3994140625,0.9,17895.98828125
849,1774677141.8809135,0.2698305305093527,237.18591027927314,98.0,487.3994140625,0.9,17898.43359375
850,1774677142.152341,0.26977976225316525,237.23054489143433,100.0,487.3994140625,0.9,17897.7578125
851,1774677142.4235702,0.2699069529771805,237.11875257030127,98.0,487.3994140625,0.9,17897.328125
852,1774677142.695176,0.26983771473169327,237.17959538620048,97.0,487.3994140625,1.0,17897.11328125
853,1774677142.96624,0.2697170116007328,237.28573744818294,100.0,487.3994140625,0.9,17898.7578125
854,1774677143.2376132,0.2699018642306328,237.1232232220212,98.0,487.3994140625,0.9,17901.5859375
855,1774677143.5090213,0.2696765121072531,237.32137255819504,97.0,487.3994140625,0.9,17900.92578125
856,1774677143.780313,0.2699198443442583,237.10742778279686,100.0,487.3994140625,0.9,17900.40234375
857,1774677144.0518146,0.26974987238645554,237.25683142608048,97.0,487.3994140625,0.9,17900.03125
858,1774677144.3230312,0.2698597051203251,237.1602680417355,98.0,487.3994140625,0.9,17900.27734375
859,1774677144.5946,0.26971708983182907,237.28566862375888,100.0,487.3994140625,0.9,17894.09765625
860,1774677144.8658257,0.2698712442070246,237.15012760271745,98.0,487.3994140625,0.9,17895.203125
861,1774677145.1370318,0.26984258368611336,237.17531579243314,98.0,487.3994140625,0.9,17898.72265625
862,1774677145.4086206,0.26984904147684574,237.16963992066462,99.0,487.3994140625,0.9,17900.91796875
863,1774677145.680261,0.27017441019415855,236.88401856418207,97.0,487.3994140625,0.9,17900.79296875
864,1774677145.9517753,0.2697186507284641,237.28429542097626,100.0,487.3994140625,0.9,17900.69921875
865,1774677146.222891,0.2697965521365404,237.21578164427564,98.0,487.3994140625,0.9,17899.65234375
866,1774677146.4944825,0.26983816362917423,237.17920081887362,97.0,487.3994140625,0.9,17899.34375
867,1774677146.7656376,0.2698214929550886,237.1938547188037,100.0,487.3994140625,0.9,17898.7578125
868,1774677147.0370533,0.2699354737997055,237.09369909450496,98.0,487.3994140625,0.9,17897.92578125
869,1774677147.308599,0.2697462607175112,237.26000808968877,97.0,487.3994140625,0.9,17900.38671875
870,1774677147.5799086,0.2699321713298559,237.09659980392735,100.0,487.3994140625,0.9,17900.07421875
871,1774677147.8513818,0.2697277721017599,237.27627118743555,97.0,487.3994140625,0.9,17900.1953125
872,1774677148.1226306,0.26987438276410103,237.147369618786,98.0,487.3994140625,0.9,17899.36328125
873,1774677148.3938537,0.2698541395366192,237.1651593334747,100.0,487.3994140625,0.9,17897.85546875
874,1774677148.6650605,0.26986689306795597,237.1539512402656,98.0,487.3994140625,0.9,17897.515625
875,1774677148.9363582,0.26983622275292873,237.18090679990206,98.0,487.3994140625,0.9,17896.4375
876,1774677149.2078116,0.26971109956502914,237.2909387237479,99.0,487.3994140625,0.9,17897.05078125
877,1774677149.4790676,0.26988472416996956,237.13828263838198,98.0,487.3994140625,0.9,17899.125
878,1774677149.7505517,0.2697271406650543,237.2768266559977,100.0,487.3994140625,0.9,17898.51171875
879,1774677150.02179,0.2699268162250519,237.10130358682076,98.0,487.3994140625,0.9,17897.43359375
880,1774677150.2929766,0.2698003016412258,237.2124849775213,98.0,487.3994140625,0.9,17898.171875
881,1774677150.5642447,0.2699200436472893,237.10725270788066,100.0,487.3994140625,0.9,17897.40234375
882,1774677150.8354218,0.26980349235236645,237.20967968945067,98.0,487.3994140625,0.9,17896.51171875
883,1774677151.1068308,0.2697320394217968,237.2725173368048,97.0,487.3994140625,0.9,17896.171875
884,1774677151.3782864,0.2699848525226116,237.05033598001543,100.0,487.3994140625,0.9,17895.125
885,1774677151.6499023,0.2697612512856722,237.2468236078323,97.0,487.3994140625,1.1,17895.0
886,1774677151.9211433,0.26985132321715355,237.16763452183707,98.0,487.3994140625,0.9,17896.59765625
887,1774677152.1922379,0.2697070296853781,237.29451944451748,100.0,487.3994140625,0.9,17899.3203125
888,1774677152.4634554,0.269841481000185,237.1762849906539,98.0,487.3994140625,0.9,17898.2734375
889,1774677152.7346146,0.2697950154542923,237.21713276368018,98.0,487.3994140625,1.0,17897.90234375
890,1774677153.0059707,0.2697538807988167,237.25330590417497,99.0,487.3994140625,0.9,17898.0234375
891,1774677153.277229,0.26989554427564144,237.12877577051617,98.0,487.3994140625,0.9,17900.359375
892,1774677153.5485876,0.26969628036022186,237.30397732782194,100.0,487.3994140625,0.9,17898.34375
893,1774677153.8198621,0.26986604183912277,237.15469928651783,98.0,487.3994140625,0.9,17900.6328125
894,1774677154.0913603,0.2698476929217577,237.1708251682433,97.0,487.3994140625,0.9,17900.87890625
895,1774677154.3625867,0.2698744311928749,237.14732706285994,100.0,487.3994140625,0.9,17899.4609375
896,1774677154.634804,0.2707518171519041,236.37883827790927,98.0,487.3994140625,0.9,17899.0625
897,1774677154.9069107,0.27009432576596737,236.95425595669502,97.0,487.3994140625,0.9,17899.18359375
898,1774677155.178236,0.2698517143726349,237.16729074258612,100.0,487.3994140625,0.9,17899.05859375
899,1774677155.4497094,0.2698055114597082,237.20790451516604,97.0,487.3994140625,0.9,17898.50390625
900,1774677155.7209885,0.26978124119341373,237.22924439404073,98.0,487.3994140625,0.9,17897.671875
901,1774677155.992239,0.26986401341855526,237.15648184901522,100.0,487.3994140625,0.9,17897.79296875
902,1774677156.263391,0.2697595041245222,237.24836019292692,98.0,487.3994140625,0.9,17900.11328125
903,1774677156.5347116,0.26986047253012657,237.1595936224235,99.0,487.3994140625,0.9,17901.48046875
904,1774677156.8102224,0.26978923939168453,237.2222114725774,96.0,487.3994140625,0.9,17901.38671875
905,1774677157.081544,0.2699460443109274,237.08441501103815,98.0,487.3994140625,1.0,17900.30859375
906,1774677157.3527842,0.26979397237300873,237.21804989592428,100.0,487.3994140625,0.9,17899.9375
907,1774677157.6239607,0.2698551435023546,237.16427698715168,98.0,487.3994140625,0.9,17899.13671875
908,1774677157.8952315,0.26987799257040024,237.14419760738733,98.0,487.3994140625,0.9,17898.55078125
909,1774677158.1666524,0.2697131000459194,237.28917872029137,100.0,487.3994140625,0.9,17897.875
910,1774677158.4380121,0.2698911130428314,237.13266909178765,98.0,487.3994140625,0.9,17896.76953125
911,1774677158.7095604,0.26981282234191895,237.20147709991454,97.0,487.3994140625,0.9,17896.67578125
912,1774677158.980853,0.2698411215096712,237.1766009640833,100.0,487.3994140625,0.9,17896.3046875
913,1774677159.2520893,0.26987303234636784,237.1485562805674,98.0,487.3994140625,0.9,17895.71875
914,1774677159.5232553,0.26979400403797626,237.21802205430535,98.0,487.3994140625,0.9,17895.41015625
915,1774677159.794562,0.2699340246617794,237.09497192949425,100.0,487.3994140625,0.9,17897.5
916,1774677160.0660305,0.26971674896776676,237.28596850189862,97.0,487.3994140625,0.9,17896.8828125
917,1774677160.3372698,0.26986855641007423,237.1524895354977,100.0,487.3994140625,0.9,17899.43359375
918,1774677160.6092887,0.269800765439868,237.2120771994772,97.0,487.3994140625,0.9,17899.30859375
919,1774677160.8805406,0.26972306333482265,237.2804135052891,98.0,487.3994140625,0.9,17898.4765625
920,1774677161.1516755,0.2697722315788269,237.23716716670052,100.0,487.3994140625,0.9,17900.07421875
921,1774677161.422874,0.2698850426822901,237.13800277305882,98.0,487.3994140625,0.9,17900.203125
922,1774677161.6941023,0.26987028308212757,237.1509721969772,98.0,487.3994140625,0.9,17902.24609375
923,1774677161.9656084,0.26972007006406784,237.28304677066777,100.0,487.3994140625,0.9,17901.16796875
924,1774677162.2370672,0.26991246454417706,237.1139106453715,98.0,487.3994140625,0.9,17903.75
925,1774677162.508501,0.26976429112255573,237.24415019378665,97.0,487.3994140625,0.9,17906.6640625
926,1774677162.7797778,0.26987690292298794,237.1451550941469,100.0,487.3994140625,1.0,17905.7421875
927,1774677163.0510278,0.2698051407933235,237.20823039849105,98.0,487.3994140625,0.9,17905.52734375
928,1774677163.322179,0.2697776108980179,237.23243669836435,98.0,487.3994140625,0.9,17905.6484375
929,1774677163.5936308,0.2700927145779133,236.9556694634131,100.0,487.3994140625,0.9,17903.6015625
930,1774677163.86545,0.2699081841856241,237.11767093355436,97.0,487.3994140625,0.9,17903.015625
931,1774677164.1366234,0.26980721950531006,237.20640284327314,100.0,487.3994140625,0.9,17902.18359375
932,1774677164.4082034,0.26993778347969055,237.09167043973747,97.0,487.3994140625,0.9,17902.08984375
933,1774677164.679483,0.26979795284569263,237.21455009187542,98.0,487.3994140625,0.9,17901.23046875
934,1774677164.9507565,0.26989309303462505,237.13092943726917,100.0,487.3994140625,0.9,17903.51953125
935,1774677165.2220442,0.269765080884099,237.24345564019367,98.0,487.3994140625,0.9,17903.12109375
936,1774677165.4932861,0.2698620017617941,237.15824970605715,98.0,487.3994140625,0.9,17902.70703125
937,1774677165.7646701,0.26964011043310165,237.35341117166078,100.0,487.3994140625,0.9,17902.5234375
938,1774677166.0360355,0.2699735648930073,237.0602470851682,98.0,487.3994140625,0.9,17902.30859375
939,1774677166.3076427,0.2698654141277075,237.15525091226957,97.0,487.3994140625,0.9,17902.03515625
940,1774677166.5788882,0.2698631715029478,237.1572217267183,100.0,487.3994140625,0.9,17900.52734375
941,1774677166.850078,0.26985367201268673,237.16557022426267,98.0,487.3994140625,0.9,17899.359375
942,1774677167.1212916,0.26978727243840694,237.223941001929,98.0,487.3994140625,0.9,17899.390625
943,1774677167.392666,0.26993019692599773,237.09833404650837,100.0,487.3994140625,0.9,17898.41015625
944,1774677167.6641283,0.2697198111563921,237.28327454185697,97.0,487.3994140625,0.9,17897.734375
945,1774677167.9354033,0.2697982247918844,237.21431098876945,100.0,487.3994140625,0.9,17897.765625
946,1774677168.2067013,0.2697123121470213,237.28987190289385,98.0,487.3994140625,0.9,17897.08984375
947,1774677168.4779124,0.26984226144850254,237.17559902014807,98.0,487.3994140625,0.9,17896.19921875
948,1774677168.7491398,0.26987683586776257,237.14521401666155,100.0,487.3994140625,0.9,17895.984375
949,1774677169.0202324,0.26976912282407284,237.2399010309899,98.0,487.3994140625,0.9,17895.76953125
950,1774677169.2916372,0.2700348775833845,237.00642143990208,98.0,487.3994140625,0.9,17895.6796875
951,1774677169.5631943,0.26977154053747654,237.23777486865464,100.0,487.3994140625,0.9,17896.953125
952,1774677169.8345628,0.26991416327655315,237.11241834473805,98.0,487.3994140625,0.9,17896.61328125
953,1774677170.1061394,0.269839383661747,237.17812845372572,97.0,487.3994140625,0.9,17898.890625
954,1774677170.377439,0.26993117295205593,237.09747673851444,100.0,487.3994140625,0.9,17898.16796875
955,1774677170.6486042,0.2697961423546076,237.2161419412786,98.0,487.3994140625,0.9,17897.953125
956,1774677170.9197466,0.2697681523859501,237.2407544550956,98.0,487.3994140625,0.9,17897.5234375
957,1774677171.1910884,0.2699655760079622,237.06726222795317,100.0,487.3994140625,0.9,17897.30859375
958,1774677171.4637635,0.26964887976646423,237.3456921290706,97.0,487.3994140625,0.6,17897.125
959,1774677171.7350955,0.26979928091168404,237.213382421689,100.0,487.3994140625,0.5,17897.125
960,1774677172.294029,0.27161097526550293,235.63112623648306,52.0,487.3994140625,1.0,17863.12109375
961,1774677172.5674279,0.2713372390717268,235.86884063149873,99.0,487.3994140625,1.4,17941.5078125
962,1774677172.840281,0.27088544331490993,236.26223401601789,96.0,487.3994140625,1.2,17872.58203125
963,1774677173.1127048,0.2709220126271248,236.2303431138482,97.0,487.3994140625,1.0,17868.9921875
964,1774677173.3852804,0.27068013697862625,236.44143495114915,99.0,487.3994140625,1.1,17898.2265625
965,1774677173.6574905,0.27079921029508114,236.33746911691978,97.0,487.3994140625,1.0,17900.2109375
966,1774677173.929822,0.27086702175438404,236.2783021184237,99.0,487.3994140625,1.0,17904.76171875
967,1774677174.2060754,0.2707346770912409,236.39380328967323,96.0,487.3994140625,1.0,17904.421875
968,1774677174.478348,0.27079811319708824,236.33842660277503,97.0,487.3994140625,1.0,17904.08203125
969,1774677174.7527046,0.27094206027686596,236.212863866912,99.0,487.3994140625,1.1,17900.01171875
970,1774677175.0283682,0.27081451937556267,236.32410901590356,95.0,487.3994140625,0.9,17902.59375
971,1774677175.300969,0.2707558795809746,236.3752916429636,97.0,487.3994140625,1.0,17902.46875
972,1774677175.576975,0.2708112206310034,236.3269876738374,99.0,487.3994140625,1.0,17901.0859375
973,1774677175.8526208,0.270864512771368,236.28049073383517,95.0,487.3994140625,1.0,17901.20703125
974,1774677176.1283534,0.2707996293902397,236.3371033561197,98.0,487.3994140625,1.0,17900.375
975,1774677176.4091105,0.27109334245324135,236.08104655332446,94.0,487.3994140625,1.0,17899.44921875
976,1774677176.6817782,0.2707168087363243,236.40940619367086,97.0,487.3994140625,1.0,17901.78515625
977,1774677176.9540439,0.27081033028662205,236.32776464717298,99.0,487.3994140625,1.1,17901.16796875
978,1774677177.228638,0.2708928193897009,236.2558008890258,96.0,487.3994140625,1.0,17902.51953125
979,1774677177.504925,0.27074880711734295,236.38146620628433,95.0,487.3994140625,1.0,17904.16796875
980,1774677177.7800217,0.2705462649464607,236.5584311898195,100.0,487.3994140625,0.9,17907.02734375
981,1774677178.0514252,0.26993515342473984,237.09398049129504,98.0,487.3994140625,0.9,17907.1484375
982,1774677178.3228838,0.26971520856022835,237.28732369835413,98.0,487.3994140625,0.9,17906.77734375
983,1774677178.5940175,0.2697678003460169,237.24106404808353,100.0,487.3994140625,0.9,17907.2109375
984,1774677178.865299,0.2698041647672653,237.2090885076099,98.0,487.3994140625,0.9,17910.01171875
985,1774677179.1364663,0.26978881284594536,237.22258652935784,100.0,487.3994140625,0.9,17909.3984375
986,1774677179.4076107,0.26981828175485134,237.1966776445061,98.0,487.3994140625,0.9,17908.6328125
987,1774677179.6790056,0.26968641951680183,237.31265413612238,97.0,487.3994140625,0.9,17908.91015625
988,1774677179.9503095,0.2698697429150343,237.1514468746863,100.0,487.3994140625,0.9,17908.7265625
989,1774677180.2218707,0.2698270920664072,237.1889327712465,97.0,487.3994140625,1.0,17913.27734375
990,1774677180.493113,0.2698727436363697,237.1488099822133,98.0,487.3994140625,0.9,17912.64453125
991,1774677180.7643323,0.2698422744870186,237.175587560054,100.0,487.3994140625,0.9,17914.98046875
992,1774677181.0355172,0.26980140060186386,237.21151875872758,98.0,487.3994140625,0.9,17914.609375
993,1774677181.3067732,0.26975279301404953,237.25426263396164,98.0,487.3994140625,0.9,17913.90234375
994,1774677181.5782328,0.2696739211678505,237.3236526648237,100.0,487.3994140625,0.9,17913.1484375
995,1774677181.8495374,0.26993513107299805,237.09400012365415,98.0,487.3994140625,0.9,17912.77734375
996,1774677182.1220775,0.2707326374948025,236.39558419043095,98.0,487.3994140625,0.9,17915.60546875
997,1774677182.394023,0.27003150433301926,237.0093821388756,100.0,487.3994140625,0.9,17916.01953125
998,1774677182.6651254,0.2697518114000559,237.25512599092315,98.0,487.3994140625,1.0,17916.38671875
999,1774677182.9363363,0.26982988230884075,237.18648006060036,100.0,487.3994140625,0.9,17916.015625
1000,1774677183.207714,0.26997180469334126,237.06179270349017,98.0,487.3994140625,0.9,17915.890625
1001,1774677183.4791925,0.2697484791278839,237.258056864367,97.0,487.3994140625,1.0,17914.046875
1002,1774677183.7504628,0.2699082139879465,237.1176447518492,100.0,487.3994140625,0.9,17916.875
1003,1774677184.021997,0.2698191720992327,237.1958949472368,97.0,487.3994140625,0.9,17916.99609375
1004,1774677184.2934616,0.26990725472569466,237.11848747838536,98.0,487.3994140625,0.9,17916.87109375
1005,1774677184.5647616,0.2699200138449669,237.10727888729096,100.0,487.3994140625,0.9,17915.6640625
1006,1774677184.8361201,0.26985722221434116,237.16245010914076,98.0,487.3994140625,0.9,17915.78515625
1007,1774677185.1074622,0.2699744254350662,237.05949145687939,98.0,487.3994140625,1.0,17916.03125
1008,1774677185.3789475,0.26981621235609055,237.19849686250825,100.0,487.3994140625,0.9,17914.125
1009,1774677185.6502867,0.26989026367664337,237.1334153672126,98.0,487.3994140625,0.9,17913.91015625
1010,1774677185.9217968,0.26975373923778534,237.25343040966936,98.0,487.3994140625,0.9,17913.48046875
1011,1774677186.192882,0.2697464432567358,237.2598475342524,100.0,487.3994140625,0.9,17913.109375
1012,1774677186.464137,0.2698665950447321,237.15421313776014,98.0,487.3994140625,0.9,17912.0625
1013,1774677186.735448,0.26973008178174496,237.27423940718003,100.0,487.3994140625,0.9,17911.72265625
1014,1774677187.0066817,0.2699269950389862,237.10114651836258,98.0,487.3994140625,0.9,17919.2265625
1015,1774677187.2779396,0.2696768492460251,237.32107586889322,98.0,487.3994140625,0.9,17918.640625
1016,1774677187.5491328,0.269841093569994,237.17662552163895,100.0,487.3994140625,0.9,17917.87890625
1017,1774677187.8205333,0.2697267420589924,237.27717730710756,97.0,487.3994140625,0.9,17920.1875
1018,1774677188.092101,0.2698199711740017,237.19519248902313,97.0,487.3994140625,0.9,17922.27734375
1019,1774677188.3633037,0.2698420602828264,237.17577583316856,100.0,487.3994140625,0.9,17921.890625
1020,1774677188.634474,0.269817728549242,237.19716396737783,98.0,487.3994140625,0.9,17921.61328125
1021,1774677188.9057477,0.2699177172034979,237.10929635548436,98.0,487.3994140625,0.9,17923.703125
1022,1774677189.1771834,0.26978124491870403,237.22924111824668,100.0,487.3994140625,0.9,17925.546875
1023,1774677189.4484916,0.26993359811604023,237.09534658404175,98.0,487.3994140625,0.9,17928.0625
1024,1774677189.719894,0.26973389461636543,237.27088540735792,98.0,487.3994140625,0.9,17930.3984375
1025,1774677189.9914815,0.2698316667228937,237.18491153125268,100.0,487.3994140625,0.9,17930.21484375
1026,1774677190.262695,0.26982895471155643,237.18729544208904,98.0,487.3994140625,0.9,17929.78515625
1027,1774677190.5338566,0.26979931630194187,237.21335130581042,100.0,487.3994140625,0.9,17928.6015625
1028,1774677190.8050544,0.2698822282254696,237.14047575793703,98.0,487.3994140625,0.9,17928.6328125
1029,1774677191.0770774,0.2702505327761173,236.8172944658699,97.0,487.3994140625,0.9,17930.5859375
1030,1774677191.348589,0.27015504240989685,236.90100110326657,100.0,487.3994140625,0.9,17932.5703125
1031,1774677191.620031,0.26978749595582485,237.22374446323263,97.0,487.3994140625,0.9,17932.35546875
1032,1774677191.8912373,0.2698085159063339,237.20526309191104,98.0,487.3994140625,0.9,17931.6796875
1033,1774677192.1623888,0.2697807066142559,237.22971447142794,100.0,487.3994140625,0.9,17934.11328125
1034,1774677192.4337125,0.26980713568627834,237.20647653447094,98.0,487.3994140625,0.9,17935.125
1035,1774677192.7050524,0.2699834406375885,237.05157564056017,98.0,487.3994140625,0.9,17934.54296875
1036,1774677192.9764967,0.26970065385103226,237.30012918452198,100.0,487.3994140625,0.9,17936.7109375
1037,1774677193.2477877,0.2699200175702572,237.10727561486436,98.0,487.3994140625,0.9,17936.5859375
1038,1774677193.5190997,0.26966582238674164,237.33078012464742,98.0,487.3994140625,0.9,17938.5859375
1039,1774677193.7905407,0.26976049691438675,237.24748705631103,100.0,487.3994140625,1.0,17937.75390625
1040,1774677194.0619128,0.2699967883527279,237.03985662373668,98.0,487.3994140625,0.9,17937.16796875
1041,1774677194.3334188,0.2698703967034817,237.1508723512182,100.0,487.3994140625,0.9,17939.2109375
1042,1774677194.6047719,0.2700071204453707,237.03078605643228,98.0,487.3994140625,0.9,17939.0390625
1043,1774677194.876147,0.2697067242115736,237.2947882077819,97.0,487.3994140625,0.9,17938.69921875
1044,1774677195.1474786,0.2699773982167244,237.05688114167242,100.0,487.3994140625,0.9,17937.74609375
1045,1774677195.4189072,0.2697662431746721,237.2424334743779,97.0,487.3994140625,0.9,17936.57421875
1046,1774677195.690076,0.26982814632356167,237.18800604016695,98.0,487.3994140625,0.9,17935.7421875
1047,1774677195.9612756,0.26976147294044495,237.246628669355,100.0,487.3994140625,0.9,17935.6171875
1048,1774677196.2324853,0.26972671225667,237.2772035240546,98.0,487.3994140625,0.9,17935.27734375
1049,1774677196.503694,0.2698272354900837,237.18880669609808,98.0,487.3994140625,0.9,17934.5390625
1050,1774677196.7750673,0.26973087526857853,237.27354140038074,100.0,487.3994140625,0.9,17934.41015625
1051,1774677197.0462294,0.2698044292628765,237.20885596597589,98.0,487.3994140625,0.9,17936.74609375
1052,1774677197.3177176,0.2697615958750248,237.24652055235444,98.0,487.3994140625,0.9,17939.03515625
1053,1774677197.5891557,0.26968973129987717,237.30973994273526,100.0,487.3994140625,0.9,17938.6484375
1054,1774677197.8601792,0.2696526013314724,237.34241644243417,98.0,487.3994140625,0.9,17938.1875
1055,1774677198.1314487,0.26978630386292934,237.2247926733766,100.0,487.3994140625,0.9,17937.140625
1056,1774677198.4025936,0.26983264833688736,237.18404868522688,98.0,487.3994140625,0.9,17936.5859375
1057,1774677198.6740284,0.2697007954120636,237.30000463000974,97.0,487.3994140625,0.9,17936.4609375
1058,1774677198.9452233,0.26985062658786774,237.16824677878063,100.0,487.3994140625,0.9,17935.875
1059,1774677199.2167742,0.26978676579892635,237.2243864908465,97.0,487.3994140625,0.9,17935.25390625
1060,1774677199.4882264,0.2698350641876459,237.1819251611191,98.0,487.3994140625,0.9,17935.07421875
1061,1774677199.7594614,0.26973914355039597,237.2662682827965,100.0,487.3994140625,0.9,17934.94921875
1062,1774677200.0315213,0.2706859316676855,236.43637334862024,98.0,487.3994140625,0.9,17934.0859375
1063,1774677200.302967,0.2700553201138973,236.9884806305895,97.0,487.3994140625,0.9,17933.9609375
1064,1774677200.5744336,0.26972646266222,237.2774230912136,100.0,487.3994140625,0.9,17935.91015625
1065,1774677200.8456602,0.26986824721097946,237.15276125081007,98.0,487.3994140625,0.9,17935.078125
1066,1774677201.1172314,0.2698198463767767,237.1953021966751,98.0,487.3994140625,0.9,17935.19921875
1067,1774677201.3883755,0.26975674740970135,237.25078469602852,100.0,487.3994140625,0.9,17937.08203125
1068,1774677201.6596143,0.2698643859475851,237.15615447097386,98.0,487.3994140625,0.9,17936.25
1069,1774677201.930984,0.26965974271297455,237.33613091859067,100.0,487.3994140625,0.9,17935.87890625
1070,1774677202.202196,0.2698502764105797,237.16855454549696,98.0,487.3994140625,0.9,17936.0
1071,1774677202.4737282,0.2697955947369337,237.21662343080027,97.0,487.3994140625,0.9,17935.015625
1072,1774677202.7449322,0.26986042596399784,237.15963454581615,100.0,487.3994140625,1.0,17936.84375
1073,1774677203.0163941,0.2697040047496557,237.29718088319078,97.0,487.3994140625,0.9,17936.9375
1074,1774677203.2876618,0.2697511650621891,237.2556944665847,98.0,487.3994140625,0.9,17936.51953125
1075,1774677203.5589087,0.2698777262121439,237.14443165899232,100.0,487.3994140625,0.9,17934.765625
1076,1774677203.8302388,0.2696774024516344,237.32058903777877,97.0,487.3994140625,1.0,17935.33203125
1077,1774677204.1015098,0.26989772729575634,237.1268577962801,98.0,487.3994140625,0.9,17934.74609375
1078,1774677204.3729303,0.2697710543870926,237.23820239130197,100.0,487.3994140625,0.9,17934.06640625
1079,1774677204.6442375,0.2698070853948593,237.2065207492116,98.0,487.3994140625,0.9,17928.7734375
1080,1774677204.9156752,0.26977134495973587,237.237946860339,98.0,487.3994140625,0.9,17928.46484375
1081,1774677205.1870432,0.26972515508532524,237.27857336759766,100.0,487.3994140625,0.9,17928.09375
1082,1774677205.4581952,0.26979146525263786,237.22025431779016,98.0,487.3994140625,0.9,17929.8125
1083,1774677205.7293253,0.2697051167488098,237.29620250255198,100.0,487.3994140625,0.9,17930.671875
1084,1774677206.0004826,0.26984771713614464,237.17080388606908,98.0,487.3994140625,0.9,17930.30078125
1085,1774677206.2719212,0.2697227317839861,237.28070517710734,97.0,487.3994140625,0.9,17932.63671875
1086,1774677206.5431921,0.269907109439373,237.11861511515977,100.0,487.3994140625,0.9,17931.8515625
1087,1774677206.8145974,0.2697609644383192,237.24707588163145,97.0,487.3994140625,0.9,17931.265625
1088,1774677207.0861797,0.2698552682995796,237.1641673081974,97.0,487.3994140625,0.9,17930.43359375
