step,wall_timestamp,duration_sec,throughput_samples_sec,gpu_util_pct,gpu_mem_mb,cpu_util_pct,ram_mb
0,1775488136.7791147,0.44584598019719124,143.54732989112904,64.0,12356.0,0.5,19447.30078125
1,1775488137.2397656,0.2699470575898886,237.08352508598432,99.0,12356.0,0.8,19585.1875
2,1775488137.6537144,0.2696454990655184,237.34866786873124,99.0,12356.0,0.8,19583.9765625
3,1775488138.070698,0.2694585267454386,237.51335974779428,99.0,12356.0,0.8,19593.94140625
4,1775488138.490506,0.2695920206606388,237.39575022720314,99.0,12356.0,0.8,19580.671875
5,1775488138.8988283,0.2696980610489845,237.30241052187563,100.0,12356.0,0.8,19580.69140625
6,1775488139.3173442,0.26991990581154823,237.10737378770168,94.0,12356.0,0.8,19590.5546875
7,1775488139.7270808,0.27013755962252617,236.9163328839933,89.0,12356.0,0.8,19590.57421875
8,1775488140.1460419,0.26981283724308014,237.20146399980604,80.0,12356.0,0.8,19587.71875
9,1775488140.5672915,0.26996790803968906,237.06521439796876,69.0,12356.0,0.9,19588.30859375
10,1775488140.9827275,0.2695098090916872,237.46816568827447,62.0,12356.0,0.8,19590.54296875
11,1775488141.405225,0.2697688043117523,237.2401811368813,50.0,12356.0,0.9,19596.078125
12,1775488141.8319044,0.26973540522158146,237.2695566139175,37.0,12356.0,0.9,19606.04296875
13,1775488142.2373056,0.270055640488863,236.98819948417014,35.0,12356.0,0.8,19608.1328125
14,1775488142.6532936,0.2697152141481638,237.2873187822568,99.0,12356.0,0.9,19578.71875
15,1775488143.0657876,0.26962278224527836,237.36866546306388,99.0,12356.0,0.9,19579.1953125
16,1775488143.4851325,0.26938075572252274,237.58193055900244,100.0,12356.0,0.8,19592.75
17,1775488143.8927696,0.26980301551520824,237.21009892268032,99.0,12356.0,0.8,19608.375
18,1775488144.2988117,0.26949992775917053,237.47687256224955,99.0,12356.0,0.9,19608.25
19,1775488144.7147439,0.2699217852205038,237.10572285863213,95.0,12356.0,0.8,19608.8359375
20,1775488145.1347406,0.2720654234290123,235.23753659457196,86.0,12356.0,0.8,19576.59765625
21,1775488145.5471723,0.26981808617711067,237.1968495766066,79.0,12356.0,0.8,19587.1953125
22,1775488145.9572842,0.27060690708458424,236.50541920570922,73.0,12356.0,0.9,19589.921875
23,1775488146.3763847,0.26972916163504124,237.27504883804744,64.0,12356.0,0.8,19594.2265625
24,1775488146.783655,0.27001150883734226,237.0269336873128,60.0,12356.0,0.9,19587.35546875
25,1775488147.2007873,0.2696651313453913,237.33138830629093,52.0,12356.0,0.8,19593.13671875
26,1775488147.6174293,0.2694841492921114,237.4907769830508,43.0,12356.0,0.8,19575.26953125
27,1775488148.0416372,0.2696628626435995,237.33338500001662,99.0,12356.0,0.8,19588.33203125
28,1775488148.4624512,0.26955509185791016,237.428273229341,99.0,12356.0,0.8,19585.4765625
29,1775488148.8818064,0.26962958090007305,237.36268026066074,99.0,12356.0,0.8,19585.57421875
30,1775488149.2919562,0.2700857874006033,236.96174691736869,99.0,12356.0,0.8,19577.96484375
31,1775488149.7094836,0.26937642879784107,237.58574677679047,97.0,12356.0,0.8,19606.38671875
32,1775488150.1268795,0.2694463562220335,237.52408790142144,88.0,12356.0,0.8,19606.5078125
33,1775488150.531131,0.2700434383004904,236.99890803783984,86.0,12356.0,0.8,19606.62890625
34,1775488150.9478827,0.2696708105504513,237.326390162003,77.0,12356.0,0.8,19608.96484375
35,1775488151.3583763,0.2696486208587885,237.34592002054399,72.0,12356.0,0.8,19608.83984375
36,1775488151.7760942,0.2698340956121683,237.18277653090584,63.0,12356.0,0.8,19608.46875
37,1775488152.194114,0.2696814741939306,237.3170058910942,54.0,12356.0,0.9,19608.58984375
38,1775488152.6124072,0.26952748000621796,237.45259666481329,45.0,12356.0,0.9,19587.96484375
39,1775488153.0308762,0.2694237884134054,237.543983687877,36.0,12356.0,0.8,19600.61328125
40,1775488153.4474165,0.27011363953351974,236.93731316392086,99.0,12356.0,0.8,19600.2421875
41,1775488153.8641286,0.26970511116087437,237.29620741901743,99.0,12356.0,0.8,19600.1171875
42,1775488154.277994,0.2698261346668005,237.18977436722915,99.0,12356.0,0.8,19599.74609375
43,1775488154.685799,0.2698340155184269,237.18284693291181,99.0,12356.0,0.8,19599.8671875
44,1775488155.1023202,0.26948762871325016,237.48771068114434,99.0,12356.0,0.8,19602.203125
45,1775488155.5179083,0.26958324015140533,237.40348236802794,92.0,12356.0,0.8,19602.81640625
46,1775488155.9308517,0.26960830949246883,237.38140757040634,85.0,12356.0,0.8,19603.18359375
47,1775488156.3366032,0.2697240151464939,237.27957618175003,82.0,12356.0,0.8,19602.8125
48,1775488156.7451124,0.26931560784578323,237.63940200839744,78.0,12356.0,0.8,19602.93359375
49,1775488157.1495194,0.26941467076539993,237.5520227542832,76.0,12356.0,0.8,19603.546875
50,1775488157.5536275,0.2698157038539648,237.19894389334505,74.0,12356.0,0.8,19603.17578125
51,1775488157.969665,0.26983557641506195,237.1814749199527,65.0,12356.0,0.8,19603.54296875
52,1775488158.3762276,0.27073446847498417,236.39398544450054,63.0,12356.0,0.8,19603.41796875
53,1775488158.7941976,0.269766254350543,237.2424236459032,53.0,12356.0,0.8,19603.29296875
54,1775488159.2013853,0.26959948241710663,237.38917977959395,49.0,12356.0,0.8,19603.046875
55,1775488159.6070006,0.2693871147930622,237.57632227199701,46.0,12356.0,0.8,19603.53515625
56,1775488160.0123496,0.2701268885284662,236.92569202808411,44.0,12356.0,0.8,19603.1640625
57,1775488160.428792,0.26977414451539516,237.23548494599237,36.0,12356.0,0.8,19603.28515625
58,1775488160.8374376,0.2696031630039215,237.38593897382833,99.0,12356.0,0.8,19603.16015625
59,1775488161.2416747,0.26958747021853924,237.3997572962825,99.0,12356.0,0.8,19603.7734375
60,1775488161.6598825,0.26933022774755955,237.62650236195003,100.0,12356.0,0.8,19602.91015625
61,1775488162.0854547,0.26986126601696014,237.1588962899839,99.0,12356.0,0.8,19603.27734375
62,1775488162.500976,0.26939703710377216,237.56757196756809,99.0,12356.0,0.8,19603.15234375
63,1775488162.9172125,0.26947104930877686,237.50232228718855,91.0,12356.0,0.9,19603.2734375
64,1775488163.3196733,0.26952441968023777,237.45529282997524,90.0,12356.0,0.8,19603.1484375
65,1775488163.7289674,0.2699559684842825,237.07569926806875,85.0,12356.0,0.8,19603.515625
66,1775488164.1437974,0.26963995210826397,237.35355053876867,77.0,12356.0,0.8,19603.14453125
67,1775488164.5553014,0.26995695754885674,237.07483067339464,72.0,12356.0,0.8,19603.51171875
68,1775488164.9693644,0.2695985399186611,237.39000967627288,64.0,12356.0,0.8,19603.38671875
69,1775488165.3855608,0.26979339495301247,237.2185575971803,56.0,12356.0,0.8,19603.75390625
70,1775488165.8046036,0.2696801908314228,237.31813524266758,47.0,12356.0,0.8,19603.13671875
71,1775488166.2190936,0.2694785390049219,237.49572131542195,40.0,12356.0,0.8,19603.2578125
72,1775488166.6376653,0.2694421373307705,237.52780702386136,99.0,12356.0,0.8,19603.625
73,1775488167.0449295,0.2697077412158251,237.293893425128,99.0,12356.0,0.8,19603.5
74,1775488167.450601,0.2702009901404381,236.86071604229036,100.0,12356.0,1.5,19605.953125
75,1775488167.8633435,0.26956090331077576,237.42315452257793,99.0,12356.0,0.8,19605.3359375
76,1775488168.2671444,0.2697866838425398,237.22445855538746,99.0,12356.0,0.8,19604.96484375
77,1775488168.678991,0.2693760097026825,237.5861164126624,100.0,12356.0,0.8,19606.0703125
78,1775488169.0820374,0.269423408433795,237.54431870654116,100.0,12356.0,0.8,19605.453125
79,1775488169.4966953,0.2695708516985178,237.41439253074813,99.0,12356.0,0.8,19606.06640625
80,1775488169.9014628,0.2698611058294773,237.1590370656859,98.0,12356.0,0.8,19605.94140625
81,1775488170.3133225,0.26998149789869785,237.053281421581,92.0,12356.0,0.8,19606.18359375
82,1775488170.7207105,0.26954557187855244,237.43665886982592,88.0,12356.0,0.8,19605.93359375
83,1775488171.126293,0.26954612880945206,237.43616828288035,85.0,12356.0,0.8,19605.31640625
84,1775488171.5314932,0.26987541653215885,237.14646121675793,82.0,12356.0,0.8,19605.9296875
85,1775488171.9463012,0.26986684650182724,237.153992161711,75.0,12356.0,0.8,19605.3125
86,1775488172.3740623,0.2697214148938656,237.28186367843196,61.0,12356.0,0.8,19606.171875
87,1775488172.7794673,0.2697865441441536,237.22458139277407,58.0,12356.0,0.9,19605.80078125
88,1775488173.1922684,0.26963769271969795,237.35553940721204,52.0,12356.0,0.8,19605.67578125
89,1775488173.5983503,0.2694771084934473,237.49698205462317,49.0,12356.0,0.8,19606.04296875
90,1775488174.0150645,0.26950493082404137,237.4724640633211,41.0,12356.0,0.8,19605.671875
91,1775488174.4280605,0.2700451873242855,236.99737304758995,98.0,12356.0,0.8,19605.546875
92,1775488174.8374922,0.26952197030186653,237.4574507908188,100.0,12356.0,0.8,19605.66796875
93,1775488175.2408934,0.26942469738423824,237.54318227451444,99.0,12356.0,0.8,19605.54296875
94,1775488175.6604726,0.2694364693015814,237.53280380305358,100.0,12356.0,0.8,19605.6640625
95,1775488176.0650437,0.2696646638214588,237.33179977326768,99.0,12356.0,0.8,19603.5703125
96,1775488176.4784906,0.26962171122431755,237.36960836493554,100.0,12356.0,0.8,19603.6875
97,1775488176.8941588,0.2698292229324579,237.1870596685523,99.0,12356.0,0.8,19603.5625
98,1775488177.2994611,0.2697329241782427,237.27173905439903,98.0,12356.0,0.8,19603.4375
99,1775488177.7050505,0.26971735432744026,237.28543593195414,95.0,12356.0,0.8,19603.8046875
100,1775488178.1204934,0.2694656774401665,237.5070569579715,87.0,12356.0,0.8,19604.05078125
101,1775488178.5353801,0.26947654969990253,237.4974745345092,79.0,12356.0,0.8,19603.5546875
102,1775488178.9381707,0.2695968598127365,237.39148907170045,78.0,12356.0,0.8,19603.18359375
103,1775488179.348679,0.2695668525993824,237.4179146392075,73.0,12356.0,0.8,19603.53515625
104,1775488179.752938,0.27016025967895985,236.89642612889574,70.0,12356.0,0.8,19602.671875
105,1775488180.1587648,0.269412187859416,237.55421203659992,67.0,12356.0,0.8,19602.79296875
106,1775488180.57443,0.26968742348253727,237.3117706919845,60.0,12356.0,0.8,19603.65234375
107,1775488180.9797144,0.2695058807730675,237.47162702505196,57.0,12356.0,0.9,19603.7734375
108,1775488181.3947613,0.269353736191988,237.60576298218692,49.0,12356.0,0.8,19604.1328125
109,1775488181.8011076,0.269655492156744,237.3398720275217,46.0,12356.0,0.8,19604.0078125
110,1775488182.203299,0.2696136236190796,237.37672874580568,45.0,12356.0,0.8,19603.14453125
111,1775488182.620756,0.2700097691267729,237.02846088487718,37.0,12356.0,0.9,19604.00390625
112,1775488183.0275097,0.26957641169428825,237.40949587450876,99.0,12356.0,0.8,19603.87890625
113,1775488183.4418423,0.26966308057308197,237.33319319792915,100.0,12356.0,0.8,19604.0
114,1775488183.860939,0.2694913502782583,237.48443107327185,99.0,12356.0,0.8,19603.3828125
115,1775488184.2674444,0.26963799074292183,237.35527706486604,100.0,12356.0,0.8,19603.50390625
116,1775488184.68055,0.2694684900343418,237.5045779632478,99.0,12356.0,0.8,19603.87109375
117,1775488185.081544,0.26978403329849243,237.22678921176035,99.0,12356.0,0.8,19603.9921875
118,1775488185.4935565,0.2698140349239111,237.2004110833164,99.0,12356.0,0.8,19603.8671875
119,1775488185.9215393,0.26985121332108974,237.16773110761548,85.0,12356.0,0.8,19603.49609375
120,1775488186.3289273,0.2695980202406645,237.39046727000647,81.0,12356.0,0.8,19603.7421875
121,1775488186.7345355,0.26940564811229706,237.55997859897397,79.0,12356.0,0.8,19603.73828125
122,1775488187.1378877,0.26955663971602917,237.42690985991783,77.0,12356.0,0.8,19603.61328125
123,1775488187.5463464,0.26993084885179996,237.09776141643556,73.0,12356.0,0.8,19603.671875
124,1775488187.9521294,0.26952684111893177,237.45315952320783,70.0,12356.0,0.8,19604.0390625
125,1775488188.3700058,0.2699512653052807,237.0798296782351,61.0,12356.0,0.8,19603.66796875
126,1775488188.7854996,0.26960708014667034,237.38248997460687,53.0,12356.0,0.8,19603.54296875
127,1775488189.1979713,0.2694842293858528,237.490706398123,46.0,12356.0,0.8,19603.6640625
128,1775488189.6098437,0.26960604451596737,237.38340182580592,41.0,12356.0,0.8,19603.78515625
129,1775488190.0141268,0.26948399282991886,237.4909148700076,39.0,12356.0,0.8,19603.4140625
130,1775488190.427503,0.2699921168386936,237.043957984287,99.0,12356.0,0.8,19603.78125
131,1775488190.8336775,0.26951777935028076,237.4611432102293,100.0,12356.0,0.8,19603.41015625
132,1775488191.2413206,0.2698637843132019,237.15668318695953,99.0,12356.0,0.8,19603.53125
133,1775488191.645705,0.2696476224809885,237.34679880039482,99.0,12356.0,0.8,19603.8984375
134,1775488192.0524187,0.2695329003036022,237.44782150123535,99.0,12356.0,0.9,19602.69921875
135,1775488192.459719,0.2699881065636873,237.04747892256907,99.0,12356.0,0.8,19602.796875
136,1775488192.8654475,0.26968052238225937,237.31784347882206,99.0,12356.0,0.9,19602.91796875
137,1775488193.2822652,0.26966836117208004,237.32854578057265,99.0,12356.0,0.8,19602.546875
138,1775488193.6885407,0.26956347189843655,237.42089219014542,99.0,12356.0,0.8,19602.421875
139,1775488194.094778,0.26955386996269226,237.42934949833202,97.0,12356.0,0.8,19602.9140625
140,1775488194.5006702,0.2696703914552927,237.32675899130084,94.0,12356.0,0.8,19603.15234375
141,1775488194.9166896,0.27064970694482327,236.4680188367894,87.0,12356.0,0.8,19603.2734375
142,1775488195.3257084,0.2702631726861,236.80621878265845,82.0,12356.0,0.8,19603.1484375
143,1775488195.7413692,0.26965699158608913,237.33855229771683,74.0,12356.0,0.8,19603.0234375
144,1775488196.14978,0.26969549246132374,237.3046705968883,69.0,12356.0,0.8,19602.65234375
145,1775488196.5553215,0.2699027955532074,237.12240500815167,67.0,12356.0,0.8,19603.265625
146,1775488196.9579566,0.26962326280772686,237.3682423895283,65.0,12356.0,0.8,19602.89453125
147,1775488197.3723543,0.26956346072256565,237.4209020334129,58.0,12356.0,0.8,19603.5078125
148,1775488197.7880197,0.2695110198110342,237.46709891444573,50.0,12356.0,0.8,19603.13671875
149,1775488198.2007825,0.26964656077325344,237.3477333308834,44.0,12356.0,0.8,19602.765625
150,1775488198.6133814,0.2695326190441847,237.44806927991314,38.0,12356.0,0.8,19603.1328125
151,1775488199.0277205,0.27017562091350555,236.882957032193,99.0,12356.0,0.8,19603.25390625
152,1775488199.442133,0.2696910612285137,237.3085696962412,100.0,12356.0,0.8,19603.12890625
153,1775488199.8473055,0.26948764733970165,237.48769426646498,100.0,12356.0,0.8,19603.25
154,1775488200.250786,0.26969158463180065,237.30810914021174,99.0,12356.0,0.8,19602.38671875
155,1775488200.6569853,0.26991854421794415,237.10856986663197,99.0,12356.0,0.8,19603.24609375
156,1775488201.0752234,0.2695493120700121,237.43336426463145,99.0,12356.0,0.8,19603.10546875
157,1775488201.4817262,0.2695157676935196,237.46291561233528,100.0,12356.0,0.8,19603.2265625
158,1775488201.8894002,0.2695702388882637,237.41493224156642,99.0,12356.0,0.8,19602.85546875
159,1775488202.292038,0.26957873068749905,237.4074536102407,97.0,12356.0,0.8,19603.59375
160,1775488202.7064598,0.2698098737746477,237.20406931235763,90.0,12356.0,0.9,19602.8515625
161,1775488203.1311605,0.2696948815137148,237.3052081700164,78.0,12356.0,0.8,19602.97265625
162,1775488203.5472643,0.2698821257799864,237.14056577490484,70.0,12356.0,0.8,19603.33984375
163,1775488203.9525409,0.2695860806852579,237.4009809309112,67.0,12356.0,0.8,19602.96875
164,1775488204.3580773,0.2698292639106512,237.18702364763658,64.0,12356.0,0.8,19603.08984375
165,1775488204.773847,0.26962918415665627,237.36302952582312,56.0,12356.0,0.8,19602.71875
166,1775488205.1814036,0.2696595508605242,237.3362997741648,52.0,12356.0,0.8,19602.83984375
167,1775488205.5893757,0.2698369026184082,237.1803092125841,48.0,12356.0,0.8,19602.71484375
168,1775488205.9939766,0.2696864604949951,237.31261807704922,46.0,12356.0,0.8,19603.08203125
169,1775488206.3994448,0.2700276952236891,237.01272547981733,43.0,12356.0,0.8,19602.921875
170,1775488206.805115,0.2695939112454653,237.39408543885102,41.0,12356.0,0.8,19603.04296875
171,1775488207.2219455,0.26963463239371777,237.3582333687308,100.0,12356.0,0.8,19603.2890625
172,1775488207.634814,0.26971870101988316,237.28425117723683,99.0,12356.0,0.8,19603.0390625
173,1775488208.0477405,0.2696210406720638,237.37019870731186,99.0,12356.0,0.8,19602.66796875
174,1775488208.4638617,0.26989295706152916,237.13104890473124,99.0,12356.0,0.8,19603.5234375
175,1775488208.8717704,0.2695806324481964,237.40577881572582,99.0,12356.0,0.8,19603.15234375
176,1775488209.2783244,0.2696004305034876,237.38834496843316,100.0,12356.0,0.8,19603.3984375
177,1775488209.6942472,0.26980510726571083,237.20825987541886,95.0,12356.0,0.8,19603.39453125
178,1775488210.1120365,0.26966623216867447,237.33041947932293,86.0,12356.0,0.8,19602.77734375
179,1775488210.5275636,0.26961925998330116,237.37176640854156,78.0,12356.0,0.8,19603.14453125
180,1775488210.93437,0.26956683211028576,237.4179326847458,75.0,12356.0,0.8,19603.01953125
181,1775488211.3386717,0.2695945017039776,237.39356550481068,73.0,12356.0,0.8,19603.7578125
182,1775488211.7532141,0.26967028342187405,237.32685406748342,65.0,12356.0,0.8,19603.75390625
183,1775488212.1610773,0.2697676457464695,237.24120000716425,61.0,12356.0,0.8,19603.13671875
184,1775488212.5668085,0.26965626515448093,237.33919166808758,58.0,12356.0,0.9,19603.2578125
185,1775488212.9709015,0.26956173963844776,237.42241790634162,56.0,12356.0,0.8,19603.625
186,1775488213.3778062,0.2695327699184418,237.44793636545876,53.0,12356.0,0.8,19603.0078125
187,1775488213.7923415,0.2696318719536066,237.36066339743385,46.0,12356.0,0.8,19603.12890625
188,1775488214.195981,0.2697798144072294,237.23049902982274,44.0,12356.0,0.8,19603.375
189,1775488214.6120992,0.26967738196253777,237.32060706852516,36.0,12356.0,0.8,19603.86328125
190,1775488215.0167673,0.26968787238001823,237.31137568476697,99.0,12356.0,0.8,19603.4921875
191,1775488215.4385848,0.2707136105746031,236.41219909171474,99.0,12356.0,0.8,19603.61328125
192,1775488215.8525765,0.2695927005261183,237.39515155678203,100.0,12356.0,0.8,19602.99609375
193,1775488216.2664673,0.26959051191806793,237.3970787942657,100.0,12356.0,0.8,19603.48828125
194,1775488216.6705084,0.2695573605597019,237.42627493870714,100.0,12356.0,0.8,19602.9921875
195,1775488217.0834947,0.2695739418268204,237.4116710476225,99.0,12356.0,0.8,19603.60546875
196,1775488217.5016448,0.26947796903550625,237.49622363959332,90.0,12356.0,0.9,19605.6875
197,1775488217.9035828,0.26953203044831753,237.4485878117997,89.0,12356.0,0.9,19606.99609375
198,1775488218.3062599,0.2694796100258827,237.4947774113707,88.0,12356.0,0.8,19607.21484375
199,1775488218.710474,0.26952083967626095,237.4584469122112,86.0,12356.0,0.8,19607.546875
200,1775488219.127303,0.2694801203906536,237.49432762321015,77.0,12356.0,0.8,19607.17578125
201,1775488219.5324838,0.269976906478405,237.05731291916723,75.0,12356.0,0.9,19607.17578125
202,1775488219.9361186,0.2696332298219204,237.3594680532102,73.0,12356.0,0.8,19607.296875
203,1775488220.3496873,0.2700469382107258,236.99583644254787,66.0,12356.0,0.8,19607.1640625
204,1775488220.7544827,0.2697465941309929,237.25971483043327,63.0,12356.0,0.8,19607.0390625
205,1775488221.1652622,0.26968991197645664,237.30958095899067,58.0,12356.0,0.8,19606.9140625
206,1775488221.5803316,0.269901555031538,237.12349487027444,50.0,12356.0,0.8,19607.03125
207,1775488221.9920611,0.2696212027221918,237.3700560409685,44.0,12356.0,0.8,19606.90625
208,1775488222.3989737,0.26954803988337517,237.43448487954413,41.0,12356.0,0.8,19607.02734375
209,1775488222.8138306,0.26960908249020576,237.38072697281984,99.0,12356.0,0.8,19606.90234375
210,1775488223.222458,0.269492669031024,237.48326895167722,100.0,12356.0,0.8,19607.39453125
211,1775488223.6269803,0.26957017183303833,237.41499129821827,100.0,12356.0,0.8,19607.14453125
212,1775488224.0429013,0.2695330586284399,237.44768202339915,100.0,12356.0,0.8,19607.01953125
213,1775488224.4598835,0.26944540813565254,237.52492366757699,100.0,12356.0,0.8,19606.6484375
214,1775488224.8643858,0.2696566116064787,237.3388867371734,99.0,12356.0,0.8,19606.76953125
215,1775488225.2696946,0.2696554437279701,237.33991465257992,99.0,12356.0,0.8,19606.76953125
216,1775488225.6885326,0.2698018327355385,237.21113882400206,96.0,12356.0,0.8,19607.75
217,1775488226.0908685,0.2696798723191023,237.31841553332964,94.0,12356.0,0.8,19607.1328125
218,1775488226.4955828,0.27001320011913776,237.02544902160827,92.0,12356.0,0.8,19607.5
219,1775488226.9026368,0.26978773437440395,237.22353482231543,88.0,12356.0,0.8,19606.69921875
220,1775488227.3192477,0.2696463130414486,237.3479513890563,80.0,12356.0,0.8,19607.4375
221,1775488227.7259655,0.2696333322674036,237.35937786997806,77.0,12356.0,0.8,19606.94140625
222,1775488228.1428974,0.2695424184203148,237.4394367130768,68.0,12356.0,0.8,19607.0625
223,1775488228.5578518,0.26988953724503517,237.13405363281578,60.0,12356.0,0.8,19606.9375
224,1775488228.9605377,0.26954295858740807,237.43896088179918,59.0,12356.0,0.8,19607.05859375
225,1775488229.3754969,0.26971978321671486,237.28329912150784,52.0,12356.0,0.8,19606.93359375
226,1775488229.7916753,0.26966081373393536,237.33518828266423,43.0,12356.0,0.8,19606.80859375
227,1775488230.197567,0.2700632382184267,236.98153225962915,41.0,12356.0,0.8,19606.68359375
228,1775488230.6129315,0.2700684703886509,236.97694109904313,99.0,12356.0,0.8,19606.8046875
229,1775488231.0205941,0.2697797454893589,237.2305596326704,99.0,12356.0,0.8,19607.171875
230,1775488231.4250984,0.26966356113553047,237.33277025083183,100.0,12356.0,0.8,19607.046875
231,1775488231.8393595,0.26966001093387604,237.33589484906454,99.0,12356.0,0.8,19606.921875
232,1775488232.2522593,0.26961760222911835,237.37322589796432,100.0,12356.0,0.8,19606.921875
233,1775488232.668781,0.26957895047962666,237.4072600480607,100.0,12356.0,0.9,19606.91796875
234,1775488233.0868943,0.26988547667860985,237.13762143716127,95.0,12356.0,0.8,19606.79296875
235,1775488233.5030932,0.2695831824094057,237.40353321746028,87.0,12356.0,0.8,19606.9140625
236,1775488233.9151082,0.2696479707956314,237.3464922104167,81.0,12356.0,0.8,19607.03515625
237,1775488234.321264,0.26947842724621296,237.49581981019006,78.0,12356.0,0.8,19607.52734375
238,1775488234.7246728,0.2700239159166813,237.0160427558123,76.0,12356.0,0.8,19606.5390625
239,1775488235.1386974,0.2697820048779249,237.2285728581478,69.0,12356.0,0.8,19606.4140625
240,1775488235.5471346,0.2700138967484236,237.02483750171518,65.0,12356.0,0.8,19606.78125
241,1775488235.9617991,0.2697106208652258,237.29135988300868,57.0,12356.0,0.9,19605.91796875
242,1775488236.3742433,0.26968166045844555,237.31684198029316,51.0,12356.0,0.8,19606.0390625
243,1775488236.7808688,0.2696474604308605,237.34694143878298,48.0,12356.0,0.8,19606.16015625
244,1775488237.1974626,0.26964242570102215,237.35137315135566,40.0,12356.0,0.8,19606.28125
245,1775488237.6097617,0.26988673582673073,237.1365150790088,99.0,12356.0,0.8,19606.15625
246,1775488238.0168607,0.26972522400319576,237.27851274021637,99.0,12356.0,0.8,19606.27734375
247,1775488238.430143,0.26950789988040924,237.46984792801695,100.0,12356.0,0.8,19606.12890625
248,1775488238.8464208,0.26953776739537716,237.44353386336488,100.0,12356.0,0.8,19605.7578125
249,1775488239.249547,0.26963761262595654,237.3556099118164,99.0,12356.0,0.8,19605.7578125
250,1775488239.666996,0.2697515431791544,237.25536189980073,99.0,12356.0,0.8,19606.4921875
251,1775488240.0812051,0.2696082051843405,237.38149941037952,97.0,12356.0,0.8,19606.3671875
252,1775488240.4857864,0.26977111399173737,237.2381499746493,95.0,12356.0,0.8,19606.7265625
253,1775488240.8909495,0.2696771118789911,237.32084474680198,92.0,12356.0,0.8,19606.35546875
254,1775488241.3043847,0.2700485195964575,236.99444861107676,85.0,12356.0,0.8,19606.84765625
255,1775488241.713005,0.270279660820961,236.79177266096602,81.0,12356.0,0.8,19606.10546875
256,1775488242.1192856,0.2696401234716177,237.35339969437686,78.0,12356.0,0.8,19605.734375
257,1775488242.526319,0.2700083591043949,237.0296986814964,74.0,12356.0,0.9,19606.34765625
258,1775488242.944105,0.2696097306907177,237.38015625785215,65.0,12356.0,0.8,19606.7109375
259,1775488243.3500082,0.26961734145879745,237.3734554822038,62.0,12356.0,0.8,19606.58203125
260,1775488243.7616165,0.26944383792579174,237.52630786689735,56.0,12356.0,0.8,19606.2109375
261,1775488244.1765654,0.2696498613804579,237.34482811285517,49.0,12356.0,0.8,19606.33203125
262,1775488244.5891778,0.2696750592440367,237.32265111726394,42.0,12356.0,0.8,19606.6953125
263,1775488245.0033364,0.2696409299969673,237.35268974454218,36.0,12356.0,0.8,19606.81640625
264,1775488245.4068427,0.2697179149836302,237.28494269238405,99.0,12356.0,0.8,19606.9375
265,1775488245.8262336,0.2699711490422487,237.0623684310223,99.0,12356.0,0.8,19606.8125
266,1775488246.2392151,0.2697632145136595,237.24509702103714,99.0,12356.0,0.8,19606.56640625
267,1775488246.6453302,0.2696651127189398,237.33140469937027,100.0,12356.0,0.8,19606.31640625
268,1775488247.0550687,0.2696098517626524,237.38004965909624,99.0,12356.0,0.8,19606.4375
269,1775488247.4676948,0.269656540825963,237.33894903482334,100.0,12356.0,0.8,19606.3125
270,1775488247.8696704,0.27036177180707455,236.71985714633237,99.0,12356.0,0.8,19606.6796875
271,1775488248.2740972,0.269775765016675,237.23405990914017,99.0,12356.0,0.8,19606.6796875
272,1775488248.6901586,0.26987347565591335,237.14816672683875,91.0,12356.0,0.8,19606.4296875
273,1775488249.1046457,0.2697153314948082,237.28721554425965,84.0,12356.0,0.8,19606.3046875
274,1775488249.5088181,0.2697693929076195,237.2396635148166,82.0,12356.0,0.8,19606.42578125
275,1775488249.9140644,0.26962461322546005,237.36705352817035,79.0,12356.0,0.8,19606.30078125
276,1775488250.3302867,0.26986532658338547,237.1553278454418,71.0,12356.0,0.8,19606.0546875
277,1775488250.7411687,0.2696541529148817,237.34105077996728,65.0,12356.0,0.8,19606.54296875
278,1775488251.145439,0.2697638440877199,237.24454333913232,63.0,12356.0,0.8,19606.171875
279,1775488251.5568705,0.26985578425228596,237.16371386046305,57.0,12356.0,0.8,19606.5390625
280,1775488251.9614031,0.2695454079657793,237.4368032570054,55.0,12356.0,0.8,19606.4140625
281,1775488252.3674023,0.2700505703687668,236.99264886796936,52.0,12356.0,0.8,19606.53515625
282,1775488252.7752948,0.2696654424071312,237.3311145422004,48.0,12356.0,0.9,19606.41015625
283,1775488253.1777332,0.2696786243468523,237.3195137545836,47.0,12356.0,0.8,19606.28515625
284,1775488253.583588,0.27017614990472794,236.8824932273566,44.0,12356.0,0.8,19606.65234375
285,1775488253.990168,0.26961424201726913,237.37618428888752,41.0,12356.0,0.8,19606.28125
286,1775488254.4057384,0.26997427828609943,237.05962066570422,99.0,12356.0,0.8,19606.6484375
287,1775488254.837439,0.2698806244879961,237.14188494049014,99.0,12356.0,0.8,19606.5234375
288,1775488255.2421992,0.26983058638870716,237.18586116032137,99.0,12356.0,0.8,19606.76953125
289,1775488255.6482706,0.26962157897651196,237.3697247933384,100.0,12356.0,0.8,19606.765625
290,1775488256.064287,0.26982337422668934,237.1922009478358,99.0,12356.0,0.8,19606.1484375
291,1775488256.4789019,0.2696089092642069,237.3808794919397,96.0,12356.0,0.8,19606.76171875
292,1775488256.8836236,0.2700157184153795,237.0232384084596,93.0,12356.0,0.8,19606.390625
293,1775488257.2998567,0.26968866400420666,237.3106790984797,85.0,12356.0,0.9,19607.12890625
294,1775488257.7135987,0.2696896344423294,237.30982517122214,78.0,12356.0,0.9,19606.140625
295,1775488258.1144516,0.26956117898225784,237.42291171761195,78.0,12356.0,0.8,19606.26171875
296,1775488258.5179863,0.26968786492943764,237.31138224089264,76.0,12356.0,0.8,19607.3671875
297,1775488258.9293425,0.26977527514100075,237.2344906943372,70.0,12356.0,0.8,19606.99609375
298,1775488259.345524,0.26971171237528324,237.29039957652594,62.0,12356.0,0.8,19607.609375
299,1775488259.7611208,0.2697410434484482,237.26459711805563,54.0,12356.0,0.8,19606.9921875
300,1775488260.1753843,0.26960401237010956,237.38519110814076,47.0,12356.0,0.8,19606.8671875
301,1775488260.5785036,0.26978219114243984,237.22840906948235,45.0,12356.0,0.8,19606.98828125
302,1775488260.9969666,0.2699237745255232,237.10397541861713,37.0,12356.0,0.8,19607.35546875
303,1775488261.4139647,0.26965077221393585,237.34402640324578,100.0,12356.0,0.8,19606.73828125
304,1775488261.8192866,0.26973299495875835,237.27167679202714,99.0,12356.0,0.8,19607.10546875
305,1775488262.2257235,0.26981361396610737,237.2007811586533,100.0,12356.0,0.8,19606.98046875
306,1775488262.6312776,0.2698488049209118,237.16984782925883,99.0,12356.0,0.9,19607.34765625
307,1775488263.0456831,0.26970086246728897,237.29994563054956,100.0,12356.0,0.8,19607.22265625
308,1775488263.451036,0.2695738673210144,237.41173666432368,100.0,12356.0,0.8,19607.09765625
309,1775488263.8639007,0.26983262225985527,237.18407160705152,100.0,12356.0,0.8,19606.97265625
310,1775488264.2713993,0.26974672451615334,237.25960014824005,98.0,12356.0,0.8,19606.84765625
311,1775488264.6853688,0.2698699161410332,237.15129465024845,91.0,12356.0,0.8,19606.96875
312,1775488265.101559,0.26969826221466064,237.3022335199941,83.0,12356.0,0.8,19606.59765625
313,1775488265.5139449,0.2695458400994539,237.43642260027465,77.0,12356.0,0.8,19606.96484375
314,1775488265.930443,0.26968878135085106,237.31057584015457,68.0,12356.0,0.8,19606.83984375
315,1775488266.3330946,0.26964505203068256,237.34906136055307,67.0,12356.0,0.8,19606.9609375
316,1775488266.7511966,0.2696408424526453,237.3527668058661,58.0,12356.0,0.8,19606.58984375
317,1775488267.1572287,0.2698051929473877,237.20818454550675,55.0,12356.0,0.8,19606.46484375
318,1775488267.575469,0.26993028447031975,237.09825715030925,46.0,12356.0,0.8,19606.83203125
319,1775488267.9793606,0.26974100433290005,237.26463152415118,44.0,12356.0,0.8,19606.953125
320,1775488268.3841457,0.26971115358173847,237.29089120003414,42.0,12356.0,0.8,19607.07421875
321,1775488268.7867415,0.2696871645748615,237.311998518322,40.0,12356.0,0.8,19606.94921875
322,1775488269.1991603,0.2696600314229727,237.33587681599505,99.0,12356.0,0.8,19606.82421875
323,1775488269.6159282,0.269689342007041,237.3100824960636,100.0,12356.0,0.8,19606.9453125
324,1775488270.0321934,0.26962256990373135,237.3688524030135,100.0,12356.0,0.8,19606.8203125
325,1775488270.4452722,0.26958128809928894,237.40520141898085,99.0,12356.0,0.8,19607.1875
326,1775488270.8497305,0.2698067333549261,237.2068302528577,99.0,12356.0,0.8,19606.81640625
327,1775488271.252931,0.2695465423166752,237.43580403569032,99.0,12356.0,0.8,19606.4453125
328,1775488271.663818,0.26968985237181187,237.30963340721274,100.0,12356.0,0.8,19606.8125
329,1775488272.0691593,0.26958114095032215,237.40533100493772,98.0,12356.0,0.8,19606.6875
330,1775488272.475024,0.26973242312669754,237.27217980738712,95.0,12356.0,0.8,19606.80859375
331,1775488272.890259,0.26966680213809013,237.32991785628502,88.0,12356.0,0.9,19606.9296875
332,1775488273.2930067,0.2695817928761244,237.40475689101402,86.0,12356.0,0.8,19606.8046875
333,1775488273.7113836,0.2696753032505512,237.32243638394493,77.0,12356.0,0.8,19606.6796875
334,1775488274.115843,0.26969202421605587,237.3077223400877,75.0,12356.0,0.8,19607.046875
335,1775488274.529125,0.26965123042464256,237.3436230912568,68.0,12356.0,0.8,19606.62890625
336,1775488274.942838,0.2697070315480232,237.29451780571895,61.0,12356.0,0.8,19606.75
337,1775488275.3591738,0.2696552611887455,237.34007531639864,53.0,12356.0,0.8,19606.625
338,1775488275.7650485,0.26994428783655167,237.0859576726858,50.0,12356.0,0.8,19606.74609375
339,1775488276.1818697,0.2695968020707369,237.39153991599522,42.0,12356.0,0.8,19606.62109375
340,1775488276.591696,0.26995176263153553,237.07939291122665,37.0,12356.0,0.8,19606.7421875
341,1775488277.0054915,0.2695667985826731,237.41796221381443,99.0,12356.0,0.8,19606.86328125
342,1775488277.4224026,0.2696795631200075,237.31868762899165,100.0,12356.0,0.8,19607.23046875
343,1775488277.8372512,0.2696768529713154,237.32107259056255,100.0,12356.0,0.8,19606.61328125
344,1775488278.2417626,0.26963240280747414,237.3601960803575,99.0,12356.0,0.8,19606.48828125
345,1775488278.6476696,0.2695786729454994,237.40750446137423,99.0,12356.0,0.8,19606.85546875
346,1775488279.0508852,0.2697852123528719,237.22575244891368,99.0,12356.0,0.8,19606.73046875
347,1775488279.4573803,0.2695111073553562,237.4670217788635,100.0,12356.0,0.9,19606.8515625
348,1775488279.8607752,0.2697851434350014,237.22581304933624,99.0,12356.0,0.8,19606.7265625
349,1775488280.2757168,0.26976039074361324,237.24758043083924,94.0,12356.0,0.8,19606.35546875
350,1775488280.6900907,0.26973533257842064,237.2696205136313,86.0,12356.0,0.8,19606.72265625
351,1775488281.103938,0.26973317191004753,237.27152113624038,79.0,12356.0,0.8,19606.59765625
352,1775488281.5056596,0.2696844730526209,237.3143669547201,78.0,12356.0,0.8,19606.71875
353,1775488281.9197822,0.26975248381495476,237.25453458253537,71.0,12356.0,0.8,19606.83984375
354,1775488282.3350582,0.2696221526712179,237.369219724474,64.0,12356.0,0.8,19606.22265625
355,1775488282.7494054,0.269588278606534,237.39904542885728,56.0,12356.0,0.9,19606.34375
356,1775488283.1532147,0.2695222795009613,237.4571783768686,54.0,12356.0,0.8,19606.46484375
357,1775488283.5660307,0.26999131590127945,237.04466118236624,48.0,12356.0,0.8,19606.5859375
358,1775488283.9819887,0.27010348811745644,236.94621808130498,41.0,12356.0,0.8,19606.70703125
359,1775488284.3945298,0.26975242421031,237.2545870064285,99.0,12356.0,0.8,19607.07421875
360,1775488284.8004525,0.26951137743890285,237.4667838077023,100.0,12356.0,0.8,19606.94921875
361,1775488285.2100046,0.26948991045355797,237.48569989980874,100.0,12356.0,0.8,19606.82421875
362,1775488285.6144812,0.26961202174425125,237.37813909762957,100.0,12356.0,0.8,19606.9453125
363,1775488286.0286674,0.26967152021825314,237.32576561367293,100.0,12356.0,0.8,19607.06640625
364,1775488286.4339414,0.2697745021432638,237.23517045362865,99.0,12356.0,0.8,19606.6953125
365,1775488286.8501518,0.2698123827576637,237.2018635537666,99.0,12356.0,0.8,19607.0625
366,1775488287.2540514,0.2695375196635723,237.44375209760278,100.0,12356.0,0.8,19606.9375
367,1775488287.6671894,0.26956009306013584,237.4238681751839,97.0,12356.0,0.8,19607.0078125
368,1775488288.0811458,0.2696721591055393,237.32520335906406,90.0,12356.0,0.8,19606.63671875
369,1775488288.4936275,0.26981496438384056,237.19959397416213,84.0,12356.0,0.8,19607.00390625
370,1775488288.9085147,0.2695759106427431,237.40993713943652,76.0,12356.0,0.8,19606.87890625
371,1775488289.3175542,0.2696985024958849,237.3020221014261,71.0,12356.0,0.9,19606.75390625
372,1775488289.7293143,0.26986243575811386,237.1578683050397,65.0,12356.0,0.8,19606.62890625
373,1775488290.1331487,0.26954185962677,237.43992895433644,63.0,12356.0,0.8,19606.75
374,1775488290.5397422,0.26988390646874905,237.13900112606686,60.0,12356.0,0.8,19606.625
375,1775488290.9425814,0.26949601992964745,237.48031609783087,58.0,12356.0,0.8,19606.74609375
376,1775488291.3584192,0.2696492727845907,237.34534619392943,51.0,12356.0,0.8,19606.62109375
377,1775488291.7624044,0.26968937180936337,237.31005627185039,49.0,12356.0,0.8,19606.25
378,1775488292.1753912,0.2697315737605095,237.27292696117442,42.0,12356.0,0.8,19606.125
379,1775488292.6052475,0.27014381997287273,236.9108425520404,99.0,12356.0,0.9,19606.984375
380,1775488293.0120158,0.2697735335677862,237.23602220570933,99.0,12356.0,0.8,19606.859375
381,1775488293.421496,0.26956633292138577,237.4183723405269,100.0,12356.0,0.9,19606.98046875
382,1775488293.8272822,0.2698250710964203,237.1907092989517,99.0,12356.0,0.8,19606.85546875
383,1775488294.2322161,0.2699845880270004,237.05056821095113,99.0,12356.0,0.8,19606.484375
384,1775488294.6472979,0.2696882039308548,237.3110839375419,99.0,12356.0,0.8,19606.60546875
385,1775488295.0600197,0.2697226218879223,237.28080185500306,99.0,12356.0,0.8,19606.7265625
386,1775488295.4761205,0.26979038305580616,237.22120586767392,91.0,12356.0,0.8,19606.35546875
387,1775488295.880909,0.2694927975535393,237.4831556946724,89.0,12356.0,0.8,19606.4765625
388,1775488296.2955976,0.26967412419617176,237.3234739920536,81.0,12356.0,0.8,19606.3515625
389,1775488296.7006948,0.26983778551220894,237.17953317217797,79.0,12356.0,0.8,19606.2265625
390,1775488297.1146336,0.26966400258243084,237.33238173098945,72.0,12356.0,0.8,19605.609375
391,1775488297.5275652,0.2697726748883724,237.23677732180315,65.0,12356.0,0.8,19605.9765625
392,1775488297.9309158,0.26976938359439373,237.23967170502158,63.0,12356.0,0.8,19605.60546875
393,1775488298.3464937,0.2698058243840933,237.20762939828217,55.0,12356.0,0.8,19606.7109375
394,1775488298.7498803,0.26968252286314964,237.3160830762355,54.0,12356.0,0.8,19606.5859375
395,1775488299.154309,0.26973024383187294,237.27409685616195,51.0,12356.0,0.8,19606.4609375
396,1775488299.5585065,0.26977793127298355,237.2321549728229,49.0,12356.0,0.8,19606.08984375
397,1775488299.9678502,0.269676610827446,237.32128568224533,45.0,12356.0,0.8,19606.2109375
398,1775488300.381316,0.2696669716387987,237.3297686812155,38.0,12356.0,0.8,19606.33203125
399,1775488300.7913036,0.2702478710561991,236.81962692202285,99.0,12356.0,0.9,19606.20703125
400,1775488301.209812,0.2698865756392479,237.13665582814147,100.0,12356.0,0.8,19606.328125
401,1775488301.6240103,0.2695032674819231,237.47392971512969,100.0,12356.0,0.8,19606.44921875
402,1775488302.0276177,0.26975493505597115,237.25237866999805,100.0,12356.0,0.8,19605.83203125
403,1775488302.4420536,0.26952221989631653,237.45723089035252,100.0,12356.0,0.8,19606.4453125
404,1775488302.8456738,0.2695276793092489,237.452421079796,100.0,12356.0,0.9,19606.07421875
405,1775488303.2597535,0.2696832325309515,237.31545858215242,98.0,12356.0,0.8,19606.56640625
406,1775488303.6621444,0.26960467360913754,237.38460889140495,97.0,12356.0,0.9,19606.0703125
407,1775488304.065872,0.2696017809212208,237.38715590569922,95.0,12356.0,0.8,19606.4375
408,1775488304.4721205,0.2697971146553755,237.2152870565358,92.0,12356.0,0.8,19606.30078125
409,1775488304.8865178,0.2699067834764719,237.11890148021774,84.0,12356.0,0.8,19606.421875
410,1775488305.2896879,0.2699264157563448,237.10165535547677,83.0,12356.0,0.8,19606.421875
411,1775488305.6927323,0.26969959400594234,237.30106170864266,81.0,12356.0,0.8,19606.171875
412,1775488306.0975711,0.2696213908493519,237.3698904170379,79.0,12356.0,0.8,19606.046875
413,1775488306.5017571,0.2696221601217985,237.36921316515225,77.0,12356.0,0.8,19605.921875
414,1775488306.9078448,0.2697361335158348,237.26891598022738,73.0,12356.0,0.8,19606.2890625
415,1775488307.312753,0.26975367590785027,237.25348610953813,71.0,12356.0,0.8,19606.53515625
416,1775488307.730716,0.2696995120495558,237.30113381977628,62.0,12356.0,0.8,19605.79296875
417,1775488308.135639,0.26985563710331917,237.16384318292535,59.0,12356.0,0.8,19605.66796875
418,1775488308.5406234,0.26988982409238815,237.13380159932095,57.0,12356.0,0.8,19606.52734375
419,1775488308.9548383,0.26992812380194664,237.10015502852337,50.0,12356.0,0.9,19605.91015625
420,1775488309.3602479,0.26986271515488625,237.15762276855307,47.0,12356.0,0.8,19606.89453125
421,1775488309.773747,0.26958243176341057,237.40419426206276,41.0,12356.0,0.8,19605.90625
422,1775488310.188931,0.2697244342416525,237.27920749909106,99.0,12356.0,0.8,19603.56640625
423,1775488310.6028576,0.26978952437639236,237.2219608894505,99.0,12356.0,0.8,19603.83984375
424,1775488311.0166864,0.2695957627147436,237.39245511702538,99.0,12356.0,0.8,19603.71484375
425,1775488311.4217796,0.2697478048503399,237.25864992861815,100.0,12356.0,0.8,19603.58984375
426,1775488311.8271518,0.26968182250857353,237.31669937808047,100.0,12356.0,0.8,19603.46484375
427,1775488312.2423325,0.26955792121589184,237.42578111344653,100.0,12356.0,0.8,19604.4453125
428,1775488312.6451612,0.26968237198889256,237.31621584311776,100.0,12356.0,0.8,19604.44140625
429,1775488313.056918,0.2696395106613636,237.3539391279221,98.0,12356.0,0.8,19604.0703125
430,1775488313.4613655,0.26962944120168686,237.36280324123447,96.0,12356.0,0.8,19604.19140625
431,1775488313.8648229,0.2698588240891695,237.1610423191219,94.0,12356.0,0.8,19603.57421875
432,1775488314.281073,0.2698326054960489,237.18408634251256,86.0,12356.0,0.8,19603.57421875
433,1775488314.6959832,0.2698921449482441,237.13176243892897,78.0,12356.0,0.9,19603.81640625
434,1775488315.1049104,0.26966495253145695,237.3315456799462,74.0,12356.0,0.9,19603.9375
435,1775488315.5091655,0.2697299625724554,237.27434427240613,71.0,12356.0,0.8,19604.28125
436,1775488315.912809,0.26973356306552887,237.2711770557522,70.0,12356.0,0.8,19604.40234375
437,1775488316.3191545,0.2697018440812826,237.29908194736595,66.0,12356.0,0.8,19603.91015625
438,1775488316.7317493,0.2695272695273161,237.4527820960013,60.0,12356.0,0.8,19603.8984375
439,1775488317.1355038,0.26966565288603306,237.33092930098843,58.0,12356.0,0.8,19604.01953125
440,1775488317.5418887,0.269533921033144,237.44692228229803,55.0,12356.0,0.9,19604.140625
441,1775488317.945941,0.26966973952949047,237.32733272804273,53.0,12356.0,0.8,19604.26171875
442,1775488318.3530974,0.2701807413250208,236.8784676736436,49.0,12356.0,0.8,19604.19921875
443,1775488318.7689335,0.26970391161739826,237.29726282498396,42.0,12356.0,0.8,19604.2578125
444,1775488319.1722376,0.2694897800683975,237.48581480068208,40.0,12356.0,0.8,19603.88671875
445,1775488319.5864146,0.2697081193327904,237.29356075124676,99.0,12356.0,0.8,19604.25390625
446,1775488320.0018692,0.2698015235364437,237.21141067372488,99.0,12356.0,0.8,19603.8828125
447,1775488320.4162505,0.2696302719414234,237.36207191863033,100.0,12356.0,0.8,19604.00390625
448,1775488320.8218176,0.2697491329163313,237.2574818242364,99.0,12356.0,0.8,19604.37109375
449,1775488321.2401118,0.26947818137705326,237.4960364989674,100.0,12356.0,0.8,19604.86328125
450,1775488321.6539772,0.26968109235167503,237.31734190894412,98.0,12356.0,0.8,19603.875
451,1775488322.0579515,0.2697307635098696,237.27363971094906,96.0,12356.0,0.8,19603.99609375
452,1775488322.4634042,0.26954912953078747,237.43352505499382,93.0,12356.0,0.8,19604.1171875
453,1775488322.8689523,0.2695208992809057,237.45839439818943,90.0,12356.0,0.9,19603.9921875
454,1775488323.2716563,0.26949127204716206,237.48450001304585,89.0,12356.0,0.8,19604.484375
455,1775488323.6771863,0.269806332886219,237.20718233470697,86.0,12356.0,0.8,19604.234375
456,1775488324.0847006,0.26975810341537,237.24959209641847,82.0,12356.0,0.8,19604.109375
457,1775488324.4895422,0.2695094496011734,237.46848243988754,80.0,12356.0,0.8,19603.984375
458,1775488324.8942742,0.2695428691804409,237.4390396399479,77.0,12356.0,0.8,19604.10546875
459,1775488325.2976422,0.2696612123399973,237.3348374600749,76.0,12356.0,0.8,19603.859375
460,1775488325.7005446,0.2696058005094528,237.38361666946426,74.0,12356.0,0.8,19603.85546875
461,1775488326.1181476,0.26985378563404083,237.1654703662111,65.0,12356.0,0.8,19603.73046875
462,1775488326.533089,0.26955761946737766,237.42604689289962,58.0,12356.0,0.8,19604.01171875
463,1775488326.946344,0.2696186099201441,237.37233872304137,51.0,12356.0,0.8,19603.88671875
464,1775488327.358971,0.270171320065856,236.8867279635736,45.0,12356.0,0.8,19604.0078125
465,1775488327.7703104,0.26964979246258736,237.34488877412988,39.0,12356.0,0.8,19603.390625
466,1775488328.1771617,0.2695809807628393,237.40547207335536,36.0,12356.0,0.8,19603.51171875
467,1775488328.593296,0.2695670109242201,237.41777519650392,100.0,12356.0,0.8,19603.5859375
468,1775488329.0056648,0.2696532513946295,237.3418442722128,100.0,12356.0,0.8,19603.70703125
469,1775488329.4194982,0.26971724443137646,237.28553261370493,100.0,12356.0,0.8,19603.58203125
470,1775488329.8296223,0.2695297095924616,237.45063242479003,100.0,12356.0,0.8,19603.703125
471,1775488330.2337542,0.2695053592324257,237.4720865747437,100.0,12356.0,0.8,19603.2109375
472,1775488330.6450164,0.26969900354743004,237.30158123756203,99.0,12356.0,0.8,19603.9453125
473,1775488331.0465517,0.26957731880247593,237.40869700871954,100.0,12356.0,0.8,19603.57421875
474,1775488331.4584856,0.26954447105526924,237.43762856436777,94.0,12356.0,0.8,19603.6953125
475,1775488331.8670828,0.2695946004241705,237.3934785759978,90.0,12356.0,0.8,19603.5703125
476,1775488332.2714894,0.26959140971302986,237.39628821306155,88.0,12356.0,0.8,19603.078125
477,1775488332.6752923,0.26978014409542084,237.23020911933125,86.0,12356.0,0.9,19603.3203125
478,1775488333.0865145,0.26951634138822556,237.46241014681564,80.0,12356.0,0.8,19602.94921875
479,1775488333.4990768,0.2697393037378788,237.2661273797625,74.0,12356.0,0.8,19603.5625
480,1775488333.905476,0.2695245612412691,237.45516811252463,70.0,12356.0,0.8,19602.9453125
481,1775488334.3204925,0.269969817250967,237.06353788618105,63.0,12356.0,0.8,19603.68359375
482,1775488334.7369452,0.2698983736336231,237.12628993784745,55.0,12356.0,0.8,19603.171875
483,1775488335.1498408,0.26946939900517464,237.50377681575267,48.0,12356.0,0.8,19603.78515625
484,1775488335.5535512,0.2698714043945074,237.14998683759237,46.0,12356.0,0.8,19603.4140625
485,1775488335.9694526,0.2695997916162014,237.3889075222637,39.0,12356.0,0.8,19603.78125
486,1775488336.375037,0.26988269574940205,237.140064954097,36.0,12356.0,0.8,19603.1640625
487,1775488336.7902918,0.27017076686024666,236.8872130162986,99.0,12356.0,0.8,19603.28515625
488,1775488337.2025878,0.26954215951263905,237.4396647846067,100.0,12356.0,0.8,19602.9140625
489,1775488337.6170437,0.269728584215045,237.27555678331476,100.0,12356.0,0.8,19604.4921875
490,1775488338.0234153,0.2696009427309036,237.3878939432353,100.0,12356.0,0.8,19603.875
491,1775488338.4384766,0.26957790181040764,237.40818357214894,100.0,12356.0,0.8,19604.48828125
492,1775488338.8439717,0.26964001171290874,237.35349807113238,100.0,12356.0,0.8,19604.1171875
493,1775488339.248463,0.2695674002170563,237.41743233219987,98.0,12356.0,0.8,19604.609375
494,1775488339.6605253,0.26966824382543564,237.32864905453653,92.0,12356.0,0.8,19603.8671875
495,1775488340.0629508,0.2695431001484394,237.4388361815039,91.0,12356.0,0.8,19604.234375
496,1775488340.46809,0.269541772082448,237.4400060723187,88.0,12356.0,1.0,19605.6328125
497,1775488340.8718276,0.2696147635579109,237.37572511029558,86.0,12356.0,0.8,19605.5078125
498,1775488341.289159,0.26956564001739025,237.41898261169794,77.0,12356.0,0.8,19606.0
499,1775488341.6938858,0.2696321923285723,237.36038136725884,75.0,12356.0,0.8,19605.99609375
500,1775488342.09841,0.2697083540260792,237.29335426447926,73.0,12356.0,0.8,19605.625
501,1775488342.509969,0.2695383820682764,237.44299238164993,67.0,12356.0,0.8,19605.74609375
502,1775488342.9234407,0.26948617957532406,237.48898775015422,60.0,12356.0,0.8,19606.11328125
503,1775488343.3298514,0.26948288083076477,237.49189485692042,57.0,12356.0,0.8,19606.359375
504,1775488343.7448041,0.2694899793714285,237.4856391665349,49.0,12356.0,0.8,19605.86328125
505,1775488344.1574457,0.26971957460045815,237.28348264972865,43.0,12356.0,0.9,19607.953125
506,1775488344.5620787,0.2700251620262861,237.0149489763839,41.0,12356.0,1.5,19639.00390625
507,1775488344.967813,0.26953806914389133,237.44326804475983,38.0,12356.0,1.2,19641.3125
508,1775488345.3742206,0.2699453607201576,237.08501538704508,35.0,12356.0,1.2,19648.39453125
509,1775488345.7838743,0.2702328860759735,236.83275906695894,99.0,12356.0,0.8,19648.76171875
510,1775488346.1959395,0.2699536196887493,237.07776200145275,99.0,12356.0,0.8,19648.390625
511,1775488346.600896,0.26969981379806995,237.30086831990982,99.0,12356.0,1.0,19648.98828125
512,1775488347.0064025,0.2695513814687729,237.43154144218067,99.0,12356.0,1.2,19643.1875
513,1775488347.4208353,0.2698961477726698,237.12824554245367,99.0,12356.0,0.8,19643.6875
514,1775488347.8359017,0.2696307320147753,237.36166690558449,100.0,12356.0,0.8,19643.31640625
515,1775488348.2501202,0.269658325240016,237.33737848826004,96.0,12356.0,0.8,19643.19140625
516,1775488348.6540902,0.26977951638400555,237.23076109641354,94.0,12356.0,0.9,19643.796875
517,1775488349.0597072,0.2695800010114908,237.40633489081412,91.0,12356.0,0.9,19643.42578125
518,1775488349.4784276,0.2697134129703045,237.2889034148495,82.0,12356.0,1.0,19643.2734375
519,1775488349.8948288,0.26981389708817005,237.20053225829957,73.0,12356.0,0.8,19643.39453125
520,1775488350.3087769,0.26964002288877964,237.35348823345316,66.0,12356.0,0.8,19643.0234375
521,1775488350.7218592,0.26944403909146786,237.52613053085207,60.0,12356.0,0.8,19643.14453125
522,1775488351.1392372,0.2695733606815338,237.41218285885358,51.0,12356.0,0.8,19643.01953125
523,1775488351.5555727,0.2700143698602915,237.02442219321264,43.0,12356.0,0.8,19643.6328125
524,1775488351.973543,0.2696745228022337,237.32312320409488,99.0,12356.0,0.8,19643.26171875
525,1775488352.3821332,0.2694195695221424,237.54770343339933,100.0,12356.0,0.8,19643.3828125
526,1775488352.7959805,0.26994405686855316,237.08616052682436,99.0,12356.0,0.9,19642.765625
527,1775488353.202857,0.2697443254292011,237.26171031834315,99.0,12356.0,0.8,19642.640625
528,1775488353.6189826,0.2695421800017357,237.43964673576463,100.0,12356.0,0.8,19643.25390625
529,1775488354.0358317,0.2697923369705677,237.21948784253985,99.0,12356.0,0.8,19643.375
530,1775488354.4401116,0.26951995864510536,237.45922313780483,99.0,12356.0,0.8,19643.25
531,1775488354.846052,0.27027044631540775,236.7998457563928,97.0,12356.0,0.8,19643.125
532,1775488355.2608607,0.26960078068077564,237.38803663102163,89.0,12356.0,0.8,19642.75390625
533,1775488355.6656392,0.2696253415197134,237.36641236788458,87.0,12356.0,0.8,19643.3671875
534,1775488356.070313,0.26963008008897305,237.36224081111854,85.0,12356.0,0.8,19637.58203125
535,1775488356.473559,0.2696241922676563,237.36742412367474,83.0,12356.0,0.8,19636.96484375
536,1775488356.8778863,0.2694637384265661,237.50876601692065,81.0,12356.0,0.8,19637.578125
537,1775488357.2968874,0.2697839252650738,237.22688420786145,71.0,12356.0,0.8,19636.71484375
538,1775488357.7008545,0.2695782408118248,237.40788502538777,69.0,12356.0,0.8,19637.328125
539,1775488358.1140249,0.26963698491454124,237.356162472608,63.0,12356.0,0.8,19636.95703125
540,1775488358.5304499,0.26964024268090725,237.35329475926082,54.0,12356.0,0.8,19637.32421875
541,1775488358.9383152,0.26950438134372234,237.47294823520974,50.0,12356.0,0.8,19636.70703125
542,1775488359.3532326,0.2696765437722206,237.32134469231744,43.0,12356.0,0.8,19637.3203125
543,1775488359.768742,0.26956341974437237,237.4209381254005,35.0,12356.0,0.8,19637.1953125
544,1775488360.1834764,0.26953315176069736,237.44759997768972,100.0,12356.0,0.8,19637.5625
545,1775488360.5901508,0.26985487900674343,237.16450944139015,99.0,12356.0,0.8,19637.19140625
546,1775488360.9922893,0.2697310075163841,237.27342506631345,100.0,12356.0,0.8,19637.55859375
547,1775488361.4083822,0.269844276830554,237.17382763017855,99.0,12356.0,0.8,19636.94140625
548,1775488361.8132784,0.26965746469795704,237.33813588912258,100.0,12356.0,0.8,19637.0625
549,1775488362.2264838,0.2694690804928541,237.50405754509998,100.0,12356.0,0.8,19637.171875
550,1775488362.6312869,0.2694713603705168,237.5020481286082,100.0,12356.0,0.9,19637.29296875
551,1775488363.038239,0.2694709412753582,237.5024175040891,99.0,12356.0,0.8,19637.16796875
552,1775488363.4437876,0.26964634470641613,237.34792351693667,97.0,12356.0,0.8,19637.2890625
553,1775488363.8558428,0.2703582551330328,236.72293627027622,91.0,12356.0,0.8,19617.41796875
554,1775488364.2646055,0.26973856426775455,237.26677782888598,86.0,12356.0,0.9,19617.29296875
555,1775488364.6788025,0.2696153614670038,237.37519869702408,79.0,12356.0,0.8,19617.66015625
556,1775488365.0913303,0.26956103183329105,237.42304132290363,73.0,12356.0,0.8,19617.53515625
557,1775488365.4994338,0.2698373384773731,237.17992610339448,69.0,12356.0,0.8,19617.65625
558,1775488365.9048388,0.2695616316050291,237.42251305918413,66.0,12356.0,0.8,19617.28515625
559,1775488366.3109727,0.2697210442274809,237.2821897650034,63.0,12356.0,0.8,19617.40625
560,1775488366.7164562,0.2697394974529743,237.2659569856194,60.0,12356.0,0.8,19617.03125
561,1775488367.1304235,0.2698629070073366,237.15745416712667,53.0,12356.0,0.8,19617.15234375
562,1775488367.5356753,0.26976280845701694,237.2454541308556,50.0,12356.0,0.8,19617.51953125
563,1775488367.9393356,0.26949639059603214,237.47998946647965,48.0,12356.0,0.8,19617.88671875
564,1775488368.3555453,0.2694936115294695,237.48243840281725,41.0,12356.0,0.8,19617.76171875
565,1775488368.7594054,0.26950300112366676,237.47416441805166,39.0,12356.0,0.8,19617.8828125
566,1775488369.1774302,0.26947731897234917,237.49679655439567,100.0,12356.0,0.8,19617.01953125
567,1775488369.5837133,0.2700246889144182,237.0153642516896,99.0,12356.0,0.8,19617.6328125
568,1775488369.995621,0.2695534732192755,237.42969895972178,100.0,12356.0,0.8,19617.75390625
569,1775488370.4094138,0.2698663268238306,237.1544488459998,99.0,12356.0,0.8,19617.875
570,1775488370.8245037,0.26958899199962616,237.39841721760192,99.0,12356.0,0.8,19617.75
571,1775488371.2384646,0.2695435415953398,237.43844731431886,98.0,12356.0,0.8,19617.87109375
572,1775488371.641684,0.2694387100636959,237.53082838345782,97.0,12356.0,0.8,19617.74609375
573,1775488372.044815,0.2696146331727505,237.37583990477702,95.0,12356.0,0.8,19617.62109375
574,1775488372.4568088,0.2695830836892128,237.40362015363695,89.0,12356.0,0.8,19617.49609375
575,1775488372.8585157,0.2697927374392748,237.21913572416005,88.0,12356.0,0.9,19617.37109375
576,1775488373.2638295,0.2700590696185827,236.98519027852035,85.0,12356.0,0.8,19617.73828125
577,1775488373.684373,0.2697050739079714,237.296240195459,75.0,12356.0,0.8,19617.859375
578,1775488374.0896018,0.2697131671011448,237.28911972621432,72.0,12356.0,0.8,19617.2421875
579,1775488374.4961731,0.2696907240897417,237.3088663542744,69.0,12356.0,0.8,19617.36328125
580,1775488374.9022725,0.2695569209754467,237.42666212539802,66.0,12356.0,0.8,19617.73046875
581,1775488375.3158057,0.2695729900151491,237.4125093037081,59.0,12356.0,1.0,19617.11328125
582,1775488375.7271442,0.2695825733244419,237.40406959828286,53.0,12356.0,0.9,19617.48046875
583,1775488376.142342,0.26970005594193935,237.3006552648911,46.0,12356.0,0.8,19617.109375
584,1775488376.5496354,0.27002060785889626,237.01894647035334,42.0,12356.0,0.8,19617.72265625
585,1775488376.955121,0.26953394152224064,237.4469042323526,40.0,12356.0,0.8,19617.3515625
586,1775488377.3712866,0.26971060410141945,237.29137463180365,99.0,12356.0,0.8,19617.47265625
587,1775488377.786703,0.26960729248821735,237.38230301317606,100.0,12356.0,0.8,19616.85546875
588,1775488378.1988554,0.2695713508874178,237.41395288970668,100.0,12356.0,0.8,19616.9765625
589,1775488378.6141498,0.26944590732455254,237.52448361708025,100.0,12356.0,0.8,19617.34375
590,1775488379.0170584,0.26944740675389767,237.5231618334149,100.0,12356.0,0.8,19617.95703125
591,1775488379.4208748,0.26980661787092686,237.20693178333025,99.0,12356.0,0.8,19617.33984375
592,1775488379.823697,0.2697376161813736,237.2676117852466,99.0,12356.0,0.8,19617.4609375
593,1775488380.236071,0.2696157619357109,237.37484611623194,98.0,12356.0,0.8,19616.84375
594,1775488380.6374323,0.26962738297879696,237.36461516979102,97.0,12356.0,0.8,19617.2109375
595,1775488381.043266,0.2697394546121359,237.26599466891844,94.0,12356.0,0.8,19617.33203125
596,1775488381.458461,0.2697766087949276,237.23331791397084,87.0,12356.0,0.8,19617.453125
597,1775488381.8646975,0.26955921947956085,237.42463761234015,83.0,12356.0,0.8,19617.08203125
598,1775488382.285057,0.2700278516858816,237.0125881475738,73.0,12356.0,0.8,19616.95703125
599,1775488382.7089612,0.26959138363599777,237.39631117592685,61.0,12356.0,0.9,19617.5703125
600,1775488383.1152763,0.26952965185046196,237.4506832944225,58.0,12356.0,0.8,19617.4453125
601,1775488383.533441,0.2698007747530937,237.21206901117742,49.0,12356.0,0.8,19617.56640625
602,1775488383.9393582,0.26972269639372826,237.28073631065837,46.0,12356.0,0.8,19617.1953125
603,1775488384.3527038,0.2695908732712269,237.39676059289891,40.0,12356.0,0.8,19617.5625
604,1775488384.7534015,0.2696379031985998,237.35535412787004,39.0,12356.0,0.8,19617.19140625
605,1775488385.1631596,0.26967643201351166,237.32144304250286,99.0,12356.0,0.8,19617.8046875
606,1775488385.5726168,0.26985839754343033,237.1614171825059,99.0,12356.0,0.8,19617.43359375
607,1775488385.9852161,0.2696284241974354,237.36369854365208,100.0,12356.0,0.8,19617.30859375
608,1775488386.3909154,0.2694482896476984,237.5223835478025,100.0,12356.0,0.8,19616.9375
609,1775488386.797703,0.26947652734816074,237.4974942337471,100.0,12356.0,0.8,19617.05859375
610,1775488387.2028081,0.2695483323186636,237.43422728484313,100.0,12356.0,0.8,19616.1953125
611,1775488387.6150627,0.26944293826818466,237.52710095634006,100.0,12356.0,0.8,19617.30078125
612,1775488388.0200007,0.2697123344987631,237.28985223808334,99.0,12356.0,0.8,19616.9296875
613,1775488388.431795,0.26959567330777645,237.39253384432536,99.0,12356.0,0.8,19617.296875
614,1775488388.8471048,0.26977904699742794,237.23117385246815,91.0,12356.0,0.8,19616.43359375
615,1775488389.2553375,0.2695299815386534,237.4503928455237,87.0,12356.0,0.8,19616.5546875
616,1775488389.6581395,0.2694626096636057,237.50976092711687,86.0,12356.0,0.8,19616.921875
617,1775488390.0653744,0.26968226209282875,237.31631254995267,82.0,12356.0,0.8,19616.796875
618,1775488390.4792776,0.2696424834430218,237.3513223242652,75.0,12356.0,0.8,19617.1640625
619,1775488390.885094,0.26975989528000355,237.24801617960932,72.0,12356.0,0.9,19616.79296875
620,1775488391.2980177,0.2701509930193424,236.9045520977141,66.0,12356.0,0.8,19616.66796875
621,1775488391.7120914,0.26954419165849686,237.43787468099399,58.0,12356.0,0.8,19616.7890625
622,1775488392.1290908,0.26951477117836475,237.46379361762266,50.0,12356.0,0.8,19616.6640625
623,1775488392.5338147,0.26959729194641113,237.3911085602504,47.0,12356.0,0.9,19616.78515625
624,1775488392.9363914,0.26959858275949955,237.38997195357067,46.0,12356.0,0.8,19616.90625
625,1775488393.351626,0.2695411127060652,237.44058692000746,39.0,12356.0,0.8,19616.53515625
626,1775488393.756463,0.2696110736578703,237.37897383701085,36.0,12356.0,0.8,19617.1484375
627,1775488394.1616433,0.26974742487072945,237.25898414292777,99.0,12356.0,0.8,19616.77734375
628,1775488394.5781817,0.2699513863772154,237.07972334903988,99.0,12356.0,0.8,19616.8984375
629,1775488394.983889,0.2697711233049631,237.2381417845494,99.0,12356.0,0.8,19616.52734375
630,1775488395.397296,0.269647853448987,237.3465955,100.0,12356.0,0.8,19616.89453125
631,1775488395.8091545,0.26974655501544476,237.25974923511288,99.0,12356.0,0.8,19616.5234375
632,1775488396.2142615,0.2697405833750963,237.2650017999063,99.0,12356.0,0.8,19617.13671875
633,1775488396.6313488,0.26984943449497223,237.16929449853055,98.0,12356.0,0.8,19617.01171875
634,1775488397.0462475,0.26964663341641426,237.3476693890891,90.0,12356.0,0.8,19616.640625
635,1775488397.459245,0.2700719702988863,236.9738700731207,84.0,12356.0,0.8,19617.0078125
636,1775488397.8644173,0.2698660083115101,237.15472875014297,81.0,12356.0,0.8,19616.8828125
637,1775488398.2775865,0.2695324197411537,237.44824485849455,75.0,12356.0,0.8,19616.51171875
638,1775488398.6831982,0.26965742371976376,237.33817195595088,72.0,12356.0,0.8,19617.125
639,1775488399.0899196,0.2694020289927721,237.56316995562452,68.0,12356.0,0.9,19617.0
640,1775488399.4948409,0.2698207590728998,237.1944998594736,66.0,12356.0,0.8,19616.875
641,1775488399.8992214,0.2695962227880955,237.39205000028673,64.0,12356.0,0.8,19617.2421875
642,1775488400.3040087,0.2697215564548969,237.28173914309343,61.0,12356.0,0.8,19616.87109375
643,1775488400.7223792,0.2699216194450855,237.10586847979602,52.0,12356.0,0.9,19616.984375
644,1775488401.126636,0.2694382704794407,237.53121591122846,50.0,12356.0,0.8,19616.12109375
645,1775488401.53028,0.26954916305840015,237.4334955220538,48.0,12356.0,0.8,19617.2265625
646,1775488401.9424992,0.2696711830794811,237.3260623147007,42.0,12356.0,0.8,19617.1015625
647,1775488402.3489048,0.2695457488298416,237.43650299749973,39.0,12356.0,0.8,19616.9765625
648,1775488402.7633235,0.26969405449926853,237.30593586435026,100.0,12356.0,0.9,19616.359375
649,1775488403.1673937,0.26956012286245823,237.42384192581665,100.0,12356.0,0.8,19616.97265625
650,1775488403.582928,0.269669434055686,237.32760156564194,99.0,12356.0,0.8,19616.84765625
651,1775488403.9878912,0.2695553321391344,237.4280615861295,100.0,12356.0,0.8,19616.72265625
652,1775488404.3938768,0.26950734853744507,237.47033373046563,100.0,12356.0,0.8,19617.08984375
653,1775488404.7975419,0.2699255384504795,237.10242597790142,99.0,12356.0,0.8,19617.2109375
654,1775488405.2149563,0.2695205006748438,237.45874558615185,100.0,12356.0,0.8,19616.34765625
655,1775488405.630442,0.26952657103538513,237.45339746706338,97.0,12356.0,0.8,19616.9609375
656,1775488406.0318518,0.26959807239472866,237.39042134654136,96.0,12356.0,0.8,19616.8359375
657,1775488406.436615,0.26972625590860844,237.27760497177988,94.0,12356.0,0.8,19616.95703125
658,1775488406.8435664,0.2698807679116726,237.14175891535226,90.0,12356.0,0.8,19616.5859375
659,1775488407.256815,0.2696863953024149,237.3126754437617,84.0,12356.0,0.8,19616.21484375
660,1775488407.668813,0.2696348521858454,237.35803988680257,78.0,12356.0,0.8,19616.828125
661,1775488408.0715952,0.269544942304492,237.4372134488143,76.0,12356.0,0.8,19616.94921875
662,1775488408.484833,0.26943885907530785,237.5306970183988,69.0,12356.0,0.8,19617.0703125
663,1775488408.8887541,0.2697067856788635,237.29473412732,67.0,12356.0,0.8,19616.453125
664,1775488409.2993004,0.26977529749274254,237.23447103870478,62.0,12356.0,0.8,19616.8203125
665,1775488409.708911,0.27014996483922005,236.9054537471054,57.0,12356.0,0.8,19616.44921875
666,1775488410.121768,0.2695087194442749,237.46912579291518,51.0,12356.0,0.8,19617.0625
667,1775488410.5228243,0.2696065530180931,237.38295409943171,50.0,12356.0,0.8,19616.69140625
668,1775488410.93671,0.26995551958680153,237.07609349110356,43.0,12356.0,0.8,19617.05859375
669,1775488411.3534975,0.2696381341665983,237.35515081281875,35.0,12356.0,0.8,19616.6875
670,1775488411.7573967,0.2697075717151165,237.2940425551017,99.0,12356.0,0.8,19617.0546875
671,1775488412.1657226,0.2695234715938568,237.45612811206732,100.0,12356.0,0.8,19616.68359375
672,1775488412.5767927,0.26978335343301296,237.2273870333188,99.0,12356.0,0.9,19617.296875
673,1775488412.9889169,0.26952157355844975,237.45780033493554,100.0,12356.0,0.8,19616.6796875
674,1775488413.3950863,0.2695901822298765,237.39736911275173,99.0,12356.0,0.8,19617.29296875
675,1775488413.8006868,0.26959151215851307,237.39619800184806,99.0,12356.0,0.8,19616.921875
676,1775488414.2048068,0.26959334313869476,237.39458569299543,99.0,12356.0,0.8,19617.04296875
677,1775488414.6152399,0.2694956995546818,237.48059841308947,99.0,12356.0,0.8,19616.91796875
678,1775488415.0315468,0.2697017453610897,237.29916880706023,95.0,12356.0,0.8,19616.30078125
679,1775488415.4388146,0.26945333927869797,237.51793231185098,91.0,12356.0,0.9,19617.16015625
680,1775488415.8417234,0.2697573658078909,237.25024081669721,90.0,12356.0,0.8,19617.03515625
681,1775488416.2607982,0.2695007994771004,237.47610442780194,80.0,12356.0,0.8,19616.91015625
682,1775488416.6786783,0.26977352425456047,237.23603039566285,71.0,12356.0,0.8,19617.03125
683,1775488417.082317,0.269550321623683,237.4324749994173,69.0,12356.0,0.8,19616.66015625
684,1775488417.4971926,0.26997979916632175,237.05477297793172,62.0,12356.0,0.9,19617.02734375
685,1775488417.9151428,0.26947797276079655,237.49622035642193,53.0,12356.0,0.8,19616.90234375
686,1775488418.329799,0.26974548399448395,237.26069127188333,45.0,12356.0,0.8,19616.77734375
687,1775488418.7330225,0.27008397318422794,236.96333864410656,44.0,12356.0,0.8,19616.8984375
688,1775488419.150025,0.26949992030858994,237.47687912752266,36.0,12356.0,0.8,19616.52734375
689,1775488419.5519412,0.2699881512671709,237.04743967326115,35.0,12356.0,0.8,19617.140625
690,1775488419.9668465,0.2693935167044401,237.5706764696062,100.0,12356.0,0.8,19617.015625
691,1775488420.3694527,0.2695408519357443,237.4408166345669,99.0,12356.0,0.8,19617.13671875
692,1775488420.7744894,0.2696074414998293,237.38217181234785,99.0,12356.0,0.8,19616.2734375
693,1775488421.1787457,0.269539050757885,237.44240331798295,99.0,12356.0,0.8,19616.88671875
694,1775488421.584964,0.26982441917061806,237.1912823780819,99.0,12356.0,0.8,19617.0078125
695,1775488421.9899752,0.2693976555019617,237.56702663484748,100.0,12356.0,0.8,19617.12890625
696,1775488422.3961473,0.2694961205124855,237.48022746410905,100.0,12356.0,0.8,19616.7578125
697,1775488422.8151119,0.2695619910955429,237.42219643019328,100.0,12356.0,0.9,19617.125
698,1775488423.219812,0.2698049247264862,237.20842036104335,99.0,12356.0,0.8,19616.26171875
699,1775488423.637654,0.2696433234959841,237.35058287454012,91.0,12356.0,0.8,19617.35546875
700,1775488424.0516791,0.26970276422798634,237.2982723525193,84.0,12356.0,0.8,19617.23046875
701,1775488424.463528,0.2696051113307476,237.38422348189732,78.0,12356.0,0.8,19617.10546875
702,1775488424.8740904,0.2698668073862791,237.15402653573602,72.0,12356.0,0.8,19616.734375
703,1775488425.2836373,0.26953501999378204,237.44595415273469,67.0,12356.0,0.8,19616.36328125
704,1775488425.6881545,0.2696314509958029,237.36103397298498,65.0,12356.0,0.8,19617.22265625
705,1775488426.096704,0.2696230448782444,237.36843424827035,61.0,12356.0,0.9,19616.8515625
706,1775488426.50251,0.2695810440927744,237.40541630210043,58.0,12356.0,0.8,19617.21484375
707,1775488426.9089098,0.26959241181612015,237.395405786318,55.0,12356.0,0.8,19617.08984375
708,1775488427.325012,0.26971704699099064,237.2857063133195,46.0,12356.0,0.8,19617.45703125
709,1775488427.7281313,0.2699598576873541,237.07228381383902,45.0,12356.0,0.8,19617.33203125
710,1775488428.1445236,0.26975810527801514,237.24959045824045,37.0,12356.0,0.9,19617.19921875
711,1775488428.5593185,0.2697379235178232,237.2673414451162,99.0,12356.0,0.8,19617.234375
712,1775488428.9740148,0.2699458207935095,237.08461131893472,99.0,12356.0,0.8,19617.375
713,1775488429.3795621,0.2695152722299099,237.46335215247032,100.0,12356.0,0.8,19617.46875
714,1775488429.7924066,0.2697316166013479,237.27288927567335,100.0,12356.0,0.8,19617.34375
715,1775488430.1958456,0.2699663396924734,237.0665916088068,99.0,12356.0,0.8,19618.6953125
716,1775488430.601857,0.2696811854839325,237.31725995328324,99.0,12356.0,0.8,19619.55078125
717,1775488431.0151825,0.269885640591383,237.13747741362204,99.0,12356.0,0.8,19618.93359375
718,1775488431.4311478,0.27001878060400486,237.02055041074712,93.0,12356.0,0.8,19619.30078125
719,1775488431.8451774,0.2696965429931879,237.3037462390333,86.0,12356.0,0.8,19618.9296875
720,1775488432.2623208,0.2694839593023062,237.49094441723346,77.0,12356.0,0.8,19619.05078125
721,1775488432.6661358,0.26971225067973137,237.2899259811395,75.0,12356.0,0.9,19618.92578125
722,1775488433.0783393,0.26983431726694107,237.18258169766534,69.0,12356.0,0.8,19619.046875
723,1775488433.4924817,0.26965743117034435,237.33816539834493,62.0,12356.0,0.8,19619.16796875
724,1775488433.9081395,0.26965857297182083,237.33716044951393,54.0,12356.0,0.8,19618.796875
725,1775488434.3218257,0.26954273134469986,237.43916105886288,47.0,12356.0,0.8,19619.1640625
726,1775488434.7344375,0.2695985212922096,237.39002607745147,41.0,12356.0,0.8,19619.0390625
727,1775488435.1469119,0.26951938308775425,237.45973023083798,35.0,12356.0,0.8,19618.9140625
728,1775488435.5520742,0.26999864913523197,237.03822298734855,99.0,12356.0,0.8,19618.7890625
729,1775488435.9679792,0.26968667283654213,237.3124312256638,100.0,12356.0,0.8,19619.15625
730,1775488436.37945,0.269381619989872,237.58116831581245,100.0,12356.0,0.8,19618.78515625
731,1775488436.787542,0.27013202384114265,236.92118798042497,99.0,12356.0,0.8,19618.66015625
732,1775488437.2035255,0.26963870227336884,237.3546507248601,99.0,12356.0,0.8,19618.2890625
733,1775488437.6090288,0.2696859445422888,237.31307209436093,99.0,12356.0,0.8,19619.1484375
734,1775488438.019881,0.26954847015440464,237.43410587097404,97.0,12356.0,0.8,19619.0234375
735,1775488438.437789,0.26959515921771526,237.39298652731344,88.0,12356.0,0.8,19619.390625
736,1775488438.8534946,0.2696710526943207,237.3261770611535,80.0,12356.0,0.8,19618.7734375
737,1775488439.2598536,0.2695652712136507,237.4193074347296,77.0,12356.0,0.8,19618.6484375
738,1775488439.662634,0.26959408074617386,237.3939361831048,76.0,12356.0,0.8,19618.76953125
739,1775488440.06915,0.26971318386495113,237.28910497769965,72.0,12356.0,0.8,19619.13671875
740,1775488440.475565,0.2697033230215311,237.29778069842587,69.0,12356.0,0.8,19618.515625
741,1775488440.8804076,0.2695040423423052,237.47324694563088,67.0,12356.0,0.8,19619.375
742,1775488441.286648,0.2699279673397541,237.10029246226347,64.0,12356.0,0.8,19619.00390625
743,1775488441.705789,0.2694694586098194,237.50372428167952,54.0,12356.0,0.8,19619.5703125
744,1775488442.121403,0.26973119378089905,237.27326121570795,46.0,12356.0,0.8,19619.19921875
745,1775488442.537032,0.26951535046100616,237.46328322497388,39.0,12356.0,0.9,19619.07421875
746,1775488442.951508,0.26957360096275806,237.411971244327,100.0,12356.0,0.8,19618.94921875
747,1775488443.3679743,0.26970992423594,237.2919727789228,100.0,12356.0,0.8,19619.0703125
748,1775488443.7825556,0.26973801478743553,237.26726116240823,99.0,12356.0,0.8,19619.19140625
749,1775488444.1857414,0.26967110484838486,237.32613116255905,100.0,12356.0,0.8,19618.8203125
750,1775488444.5908856,0.2695964314043522,237.39186630408352,100.0,12356.0,0.8,19618.94140625
751,1775488444.9936335,0.2694806680083275,237.49384500569175,100.0,12356.0,0.8,19618.81640625
752,1775488445.4096377,0.2696013115346432,237.38756920615404,100.0,12356.0,0.8,19619.18359375
753,1775488445.8259935,0.2696143314242363,237.3761055724313,93.0,12356.0,0.8,19618.8125
754,1775488446.248164,0.26979152485728264,237.22020190906827,82.0,12356.0,0.8,19617.2109375
755,1775488446.665567,0.2696265932172537,237.3653104329791,73.0,12356.0,0.8,19616.83984375
756,1775488447.0739138,0.2695670407265425,237.4177489484839,69.0,12356.0,0.8,19616.9609375
757,1775488447.4785898,0.26975406892597675,237.25314044312802,67.0,12356.0,0.8,19617.08203125
758,1775488447.8833077,0.26969535276293755,237.3047935173583,64.0,12356.0,0.8,19617.203125
759,1775488448.3011968,0.2695411890745163,237.44051964654207,55.0,12356.0,0.8,19616.5859375
760,1775488448.7068896,0.26974577456712723,237.2604356924722,52.0,12356.0,0.8,19617.19921875
761,1775488449.1241944,0.2695684600621462,237.41649889325134,44.0,12356.0,0.8,19617.07421875
762,1775488449.5395746,0.2696716021746397,237.32569348756832,36.0,12356.0,0.8,19617.1953125
763,1775488449.951037,0.2694924585521221,237.48345443077346,100.0,12356.0,0.8,19617.0703125
764,1775488450.3686242,0.2697211466729641,237.2820996404845,99.0,12356.0,0.8,19616.9453125
765,1775488450.7741585,0.2694886811077595,237.48678325531804,100.0,12356.0,0.8,19616.57421875
766,1775488451.1867013,0.2696190644055605,237.37193859456215,100.0,12356.0,0.8,19616.6953125
767,1775488451.6002386,0.26986162923276424,237.1585770898832,99.0,12356.0,0.8,19617.30859375
768,1775488452.0189128,0.2696480229496956,237.3464463039641,96.0,12356.0,0.8,19616.69140625
769,1775488452.4327264,0.2695483509451151,237.43421087755627,89.0,12356.0,0.8,19617.3046875
770,1775488452.8350923,0.2695924621075392,237.3953615011339,87.0,12356.0,0.9,19616.6875
771,1775488453.2411323,0.2695765532553196,237.4093712051609,84.0,12356.0,0.8,19616.80859375
772,1775488453.6469343,0.2695990651845932,237.3895471639692,81.0,12356.0,0.8,19616.68359375
773,1775488454.0512958,0.26940531842410564,237.56026931602497,79.0,12356.0,0.8,19616.8046875
774,1775488454.4658005,0.2697864081710577,237.2247009546192,72.0,12356.0,0.8,19616.92578125
775,1775488454.8817894,0.26962531358003616,237.36643696476258,64.0,12356.0,0.8,19617.29296875
776,1775488455.2862875,0.27019428461790085,236.8665943119653,62.0,12356.0,0.8,19616.18359375
777,1775488455.6988485,0.26938531920313835,237.57790583880637,55.0,12356.0,0.8,19616.796875
778,1775488456.1105356,0.2694461401551962,237.52427837020466,49.0,12356.0,0.8,19616.91796875
779,1775488456.5139432,0.26944637298583984,237.5240731236838,47.0,12356.0,0.8,19617.53125
780,1775488456.9160898,0.2697803359478712,237.2300404146821,46.0,12356.0,0.8,19616.9140625
781,1775488457.3215494,0.2696140520274639,237.37635156153033,44.0,12356.0,0.8,19617.28125
782,1775488457.72536,0.2696305625140667,237.36181612075634,42.0,12356.0,0.8,19616.91015625
783,1775488458.1396604,0.26963563449680805,237.3573512248717,35.0,12356.0,0.8,19616.78515625
784,1775488458.5441368,0.2698982786387205,237.12637339813824,99.0,12356.0,0.8,19617.15234375
785,1775488458.9608846,0.2697633970528841,237.24493648578095,99.0,12356.0,0.8,19616.78125
786,1775488459.374087,0.2694964800029993,237.4799106811626,100.0,12356.0,0.8,19616.90234375
787,1775488459.779153,0.269737146794796,237.26802466954376,99.0,12356.0,0.8,19617.0234375
788,1775488460.183464,0.2697024643421173,237.29853620772283,100.0,12356.0,0.8,19617.390625
789,1775488460.5876482,0.2696943748742342,237.3056539642139,99.0,12356.0,0.8,19617.265625
790,1775488460.9912715,0.26955228112637997,237.43074899074406,100.0,12356.0,0.8,19617.140625
791,1775488461.3970394,0.2697077337652445,237.29389998028773,99.0,12356.0,0.8,19616.76953125
792,1775488461.8113036,0.2697369456291199,237.26820162039672,98.0,12356.0,0.8,19616.890625
793,1775488462.2162864,0.26950882002711296,237.46903716754616,95.0,12356.0,0.8,19616.51953125
794,1775488462.6234517,0.26960509084165096,237.38424152231445,92.0,12356.0,0.9,19617.16015625
795,1775488463.0279024,0.2695403788238764,237.4412334035451,89.0,12356.0,0.8,19616.7890625
796,1775488463.4451003,0.2695334814488888,237.44730953633388,81.0,12356.0,0.8,19617.15625
797,1775488463.8498707,0.2696256432682276,237.36614672192678,78.0,12356.0,0.8,19616.78515625
798,1775488464.2632258,0.27021501399576664,236.8484232375136,72.0,12356.0,0.8,19616.90625
799,1775488464.6679401,0.26955268904566765,237.43038968220833,69.0,12356.0,0.8,19616.78125
800,1775488465.0854647,0.2693829070776701,237.58003317392047,60.0,12356.0,0.8,19617.1484375
801,1775488465.4876566,0.26953245140612125,237.44821696281474,59.0,12356.0,0.8,19617.0234375
802,1775488465.891943,0.26931576803326607,237.63926066183646,57.0,12356.0,0.8,19617.390625
803,1775488466.2932827,0.269432969391346,237.5358893329839,56.0,12356.0,0.8,19616.7734375
804,1775488466.6991885,0.269623851403594,237.367724208493,53.0,12356.0,0.8,19616.89453125
805,1775488467.105261,0.26946303993463516,237.5093816781877,50.0,12356.0,0.8,19616.26953125
806,1775488467.5095155,0.2698092460632324,237.20462116780453,48.0,12356.0,0.8,19617.12890625
807,1775488467.9096875,0.2694140076637268,237.55260743488356,48.0,12356.0,0.8,19616.7578125
808,1775488468.3226087,0.26962612196803093,237.3657252971519,42.0,12356.0,0.8,19617.37109375
809,1775488468.7340055,0.26956714503467083,237.4176570804596,36.0,12356.0,0.8,19617.24609375
810,1775488469.1373167,0.2697688639163971,237.24012871935423,99.0,12356.0,0.8,19616.62890625
811,1775488469.55369,0.26989330910146236,237.13073959880998,99.0,12356.0,0.8,19617.2421875
812,1775488469.9591951,0.269697155803442,237.3032070336101,99.0,12356.0,0.8,19617.1171875
813,1775488470.3633828,0.26959121227264404,237.3964620748664,99.0,12356.0,0.8,19616.9921875
814,1775488470.776848,0.2694540787488222,237.51728048495812,100.0,12356.0,0.8,19616.62109375
815,1775488471.183116,0.26938859932124615,237.57501305272368,100.0,12356.0,0.8,19617.234375
816,1775488471.588074,0.2694324888288975,237.53631300434247,99.0,12356.0,0.8,19617.56640625
817,1775488471.991014,0.2694242373108864,237.54358790724137,100.0,12356.0,0.8,19617.44140625
818,1775488472.3966439,0.26948269084095955,237.4920622926793,100.0,12356.0,0.8,19617.31640625
819,1775488472.8036685,0.26946477964520454,237.50784827711698,99.0,12356.0,0.9,19617.4375
820,1775488473.2088974,0.26987855695188046,237.14370168138717,97.0,12356.0,0.8,19616.8203125
821,1775488473.6262188,0.270223755389452,236.84076149323695,89.0,12356.0,0.8,19617.1875
822,1775488474.0302896,0.26989920809865,237.12555679899427,87.0,12356.0,0.8,19617.30859375
823,1775488474.4344878,0.2699333168566227,237.09559362764443,85.0,12356.0,0.8,19617.4296875
824,1775488474.8385851,0.2699414286762476,237.08846883505962,82.0,12356.0,0.8,19617.05859375
825,1775488475.2426016,0.2698229681700468,237.19255789842978,80.0,12356.0,0.8,19617.1796875
826,1775488475.6450472,0.26976473443210125,237.24376032593895,79.0,12356.0,0.8,19617.30078125
827,1775488476.0487285,0.26985185593366623,237.16716632748376,77.0,12356.0,0.8,19617.17578125
828,1775488476.4635167,0.2697911448776722,237.220536015067,70.0,12356.0,0.8,19617.29296875
829,1775488476.8814316,0.2695159185677767,237.46278268125954,61.0,12356.0,0.8,19616.67578125
830,1775488477.2975717,0.2695393655449152,237.44212601604286,53.0,12356.0,0.8,19617.66015625
831,1775488477.709276,0.26948850974440575,237.48693426929518,47.0,12356.0,0.8,19617.1640625
832,1775488478.1234307,0.2695155218243599,237.46313224107385,40.0,12356.0,0.8,19617.0390625
833,1775488478.536715,0.2695429027080536,237.43901010563602,99.0,12356.0,0.8,19617.16015625
834,1775488478.9561067,0.2695689518004656,237.41606580631984,100.0,12356.0,0.9,19617.28125
835,1775488479.3611152,0.2697272915393114,237.27669393318442,99.0,12356.0,0.8,19616.91015625
836,1775488479.7650533,0.26963916420936584,237.35424409751593,99.0,12356.0,0.9,19617.5234375
837,1775488480.1797373,0.2695329487323761,237.44777883740923,99.0,12356.0,0.8,19617.15234375
838,1775488480.5862672,0.26964170299470425,237.35200931161955,99.0,12356.0,0.8,19617.51953125
839,1775488480.9918768,0.26981691643595695,237.1978778995159,99.0,12356.0,0.8,19616.90234375
840,1775488481.3979325,0.2695821523666382,237.40444030938096,100.0,12356.0,0.8,19617.0234375
841,1775488481.8036633,0.26935307495296,237.6063462842479,99.0,12356.0,0.8,19616.65234375
842,1775488482.2088838,0.2701184991747141,236.9330504779847,96.0,12356.0,0.8,19617.390625
843,1775488482.625828,0.2697170842438936,237.28567353978787,88.0,12356.0,1.0,19619.22265625
844,1775488483.030273,0.2695469204336405,237.43547096378757,85.0,12356.0,0.9,19619.09765625
845,1775488483.434349,0.2696455419063568,237.34863015916682,83.0,12356.0,0.8,19618.97265625
846,1775488483.8407347,0.2694792188704014,237.49512214067624,80.0,12356.0,0.8,19618.84765625
847,1775488484.2517214,0.26974157616496086,237.2641285407953,74.0,12356.0,0.8,19618.83203125
848,1775488484.6575615,0.2696118149906397,237.3783211326326,71.0,12356.0,0.8,19618.828125
849,1775488485.0624516,0.26958703994750977,237.40013619520133,69.0,12356.0,0.8,19618.94921875
850,1775488485.4645953,0.2695986833423376,237.3898833872735,68.0,12356.0,0.8,19618.578125
851,1775488485.880423,0.26960195414721966,237.38700337851395,60.0,12356.0,0.8,19618.9453125
852,1775488486.2943592,0.26950734853744507,237.47033373046563,53.0,12356.0,0.8,19618.69921875
853,1775488486.7074068,0.26958655938506126,237.40055938243657,46.0,12356.0,0.8,19618.94140625
854,1775488487.1131322,0.2695943620055914,237.3936885173906,43.0,12356.0,0.8,19618.5703125
855,1775488487.528408,0.2695511318743229,237.43176129506938,36.0,12356.0,0.8,19618.9375
856,1775488487.940428,0.2695454005151987,237.4368098200632,100.0,12356.0,0.8,19618.56640625
857,1775488488.3572674,0.26947947032749653,237.49490052886495,100.0,12356.0,0.8,19619.109375
858,1775488488.7606604,0.26959801092743874,237.39047547062708,99.0,12356.0,0.8,19618.4921875
859,1775488489.176924,0.2698444165289402,237.17370484534797,99.0,12356.0,0.8,19618.61328125
860,1775488489.582932,0.26978851668536663,237.22284694065843,99.0,12356.0,0.8,19618.48828125
861,1775488489.9953203,0.269656453281641,237.33902608722514,100.0,12356.0,0.8,19619.1015625
862,1775488490.400414,0.2694933395832777,237.48267804675368,99.0,12356.0,0.8,19618.73046875
863,1775488490.8050473,0.2698226757347584,237.19281496901843,97.0,12356.0,0.8,19619.33203125
864,1775488491.2069452,0.2694353386759758,237.5338005567514,96.0,12356.0,0.8,19619.33203125
865,1775488491.6238754,0.2699781730771065,237.0562007682059,87.0,12356.0,0.8,19619.328125
866,1775488492.0400076,0.26951933838427067,237.45976961679528,79.0,12356.0,0.8,19618.7109375
867,1775488492.442925,0.2694993596524,237.47737316536532,78.0,12356.0,0.8,19618.83203125
868,1775488492.8462398,0.2695615440607071,237.4225901658538,76.0,12356.0,0.9,19618.4609375
869,1775488493.2498927,0.26953613199293613,237.444974544924,74.0,12356.0,0.8,19619.19921875
870,1775488493.666821,0.2698551155626774,237.16430154215536,65.0,12356.0,0.8,19619.1953125
871,1775488494.0704005,0.26955071091651917,237.43213209265485,64.0,12356.0,0.8,19619.0703125
872,1775488494.483172,0.269379960373044,237.58263202419073,57.0,12356.0,0.8,19618.9453125
873,1775488494.8971825,0.2694629989564419,237.50941779708117,50.0,12356.0,0.8,19618.57421875
874,1775488495.3030553,0.26940543577075005,237.5601658403829,47.0,12356.0,0.8,19619.06640625
875,1775488495.715954,0.26943952962756157,237.53010587743134,41.0,12356.0,0.8,19618.5703125
876,1775488496.119371,0.2695260997861624,237.45381263920845,39.0,12356.0,0.8,19619.18359375
877,1775488496.5244267,0.2698763981461525,237.14559865046286,37.0,12356.0,0.8,19606.75390625
878,1775488496.940341,0.2694859802722931,237.4891633892544,100.0,12356.0,0.8,19606.875
879,1775488497.3558352,0.26955319941043854,237.4299401379006,100.0,12356.0,0.8,19607.12109375
880,1775488497.7601678,0.26934196613729,237.61614618710283,100.0,12356.0,0.8,19606.87109375
881,1775488498.166167,0.26952970027923584,237.450640629568,100.0,12356.0,0.9,19606.5
882,1775488498.5807421,0.2695325203239918,237.44815624871075,99.0,12356.0,0.8,19606.8671875
883,1775488498.9950044,0.2694579903036356,237.51383259365346,99.0,12356.0,0.8,19606.7421875
884,1775488499.4116993,0.2694889400154352,237.4865550932604,92.0,12356.0,0.8,19606.86328125
885,1775488499.8281627,0.2696138136088848,237.3765614726313,84.0,12356.0,0.8,19606.73828125
886,1775488500.2441063,0.2694341577589512,237.5348416560364,76.0,12356.0,0.8,19606.24609375
887,1775488500.6634383,0.27021392434835434,236.84937833733724,66.0,12356.0,0.8,19606.48828125
888,1775488501.0788887,0.2694310750812292,237.5375593951255,58.0,12356.0,0.8,19606.85546875
889,1775488501.4928203,0.2695243302732706,237.4553715989589,51.0,12356.0,0.8,19606.73046875
890,1775488501.9058564,0.26949961856007576,237.4771450213885,45.0,12356.0,0.8,19606.8515625
891,1775488502.3163328,0.26951723359525204,237.46162405374088,40.0,12356.0,0.8,19607.34375
892,1775488502.7317302,0.2696509603410959,237.34386081563727,100.0,12356.0,0.9,19606.83203125
893,1775488503.1348732,0.2694753911346197,237.4984956159801,100.0,12356.0,0.8,19606.4609375
894,1775488503.5516672,0.26991170085966587,237.1145815322592,99.0,12356.0,0.8,19606.3359375
895,1775488503.9580078,0.269399655982852,237.56526253349696,100.0,12356.0,0.8,19606.703125
896,1775488504.3640587,0.2698465194553137,237.17185653972587,99.0,12356.0,0.8,19606.33203125
897,1775488504.7808359,0.26958652026951313,237.4005938279756,100.0,12356.0,0.8,19607.19140625
898,1775488505.1846852,0.2694654408842325,237.50726545856253,100.0,12356.0,0.8,19606.328125
899,1775488505.5902689,0.26966606453061104,237.3305670159141,99.0,12356.0,0.8,19606.94140625
900,1775488505.9962654,0.26937825605273247,237.58413517782816,99.0,12356.0,0.8,19604.6015625
901,1775488506.4099455,0.269575372338295,237.41041121399343,92.0,12356.0,0.9,19604.72265625
902,1775488506.8136868,0.2695330400019884,237.44769843254784,90.0,12356.0,0.8,19604.10546875
903,1775488507.2190762,0.2695121504366398,237.46610272046308,87.0,12356.0,0.8,19603.734375
904,1775488507.6218376,0.2696426436305046,237.3511813201927,86.0,12356.0,0.8,19604.59375
905,1775488508.0342693,0.26943025924265385,237.5382786621618,79.0,12356.0,0.8,19604.9609375
906,1775488508.4393895,0.2696186937391758,237.37226492875317,77.0,12356.0,0.8,19604.58984375
907,1775488508.8425496,0.26988051645457745,237.14197986860452,75.0,12356.0,0.8,19604.7109375
908,1775488509.255881,0.27014635503292084,236.90861937485985,69.0,12356.0,0.8,19604.09375
909,1775488509.6613123,0.26972466707229614,237.2790026758867,66.0,12356.0,0.8,19604.70703125
910,1775488510.075317,0.2694791294634342,237.49520093608658,59.0,12356.0,0.8,19604.828125
911,1775488510.478738,0.2694005165249109,237.56450368231586,57.0,12356.0,0.8,19605.1953125
912,1775488510.8849988,0.2695438824594021,237.4381470506551,54.0,12356.0,0.8,19604.578125
913,1775488511.289849,0.2696215994656086,237.36970675512768,51.0,12356.0,0.8,19604.453125
914,1775488511.696686,0.26981630735099316,237.1984133514398,48.0,12356.0,0.8,19604.8203125
915,1775488512.1090999,0.269486078992486,237.4890763904153,42.0,12356.0,0.8,19604.203125
916,1775488512.5245378,0.26977911591529846,237.23111324930667,99.0,12356.0,0.8,19605.0625
917,1775488512.9485788,0.2695618309080601,237.42233751865484,99.0,12356.0,0.8,19604.4453125
918,1775488513.3640902,0.26986352168023586,237.1569139894138,99.0,12356.0,0.8,19605.05859375
919,1775488513.776783,0.2694775518029928,237.49659135536652,99.0,12356.0,0.8,19604.6875
920,1775488514.1934834,0.2693752758204937,237.58676368891525,99.0,12356.0,0.8,19604.5625
921,1775488514.6068673,0.2695415709167719,237.4401832797869,92.0,12356.0,0.8,19604.4375
922,1775488515.0200956,0.2693757191300392,237.58637269420876,85.0,12356.0,0.8,19604.8046875
923,1775488515.4324026,0.26943840831518173,237.53109439814733,79.0,12356.0,0.8,19604.6796875
924,1775488515.8365037,0.26958769001066685,237.39956374665215,77.0,12356.0,0.8,19605.046875
925,1775488516.2399976,0.269619295373559,237.37173525109785,75.0,12356.0,0.8,19604.921875
926,1775488516.6554763,0.26951421052217484,237.46428760102157,68.0,12356.0,0.8,19604.796875
927,1775488517.063721,0.26953529939055443,237.44570801935865,63.0,12356.0,0.8,19604.42578125
928,1775488517.46892,0.26944654807448387,237.52391877853375,61.0,12356.0,0.8,19604.79296875
929,1775488517.87248,0.2697374150156975,237.26778873548372,59.0,12356.0,0.8,19604.421875
930,1775488518.2759311,0.27054058015346527,236.56340192549203,57.0,12356.0,0.8,19604.54296875
931,1775488518.693942,0.2693663351237774,237.5946495711543,48.0,12356.0,0.9,19604.41796875
932,1775488519.1107614,0.2694252282381058,237.54271423847402,40.0,12356.0,0.8,19604.78515625
933,1775488519.5221486,0.26940571889281273,237.55991618523657,99.0,12356.0,0.8,19604.90625
934,1775488519.9335642,0.2694601006805897,237.51197241577438,99.0,12356.0,0.9,19604.53515625
935,1775488520.347267,0.26957252994179726,237.41291449027867,99.0,12356.0,0.8,19604.65625
936,1775488520.760835,0.2697181459516287,237.2847394979416,99.0,12356.0,0.8,19604.53125
937,1775488521.1674042,0.26955469138920307,237.42862596886525,99.0,12356.0,0.8,19604.16015625
938,1775488521.57869,0.26979753747582436,237.21491529823479,99.0,12356.0,0.8,19604.7734375
939,1775488521.9838524,0.26965597085654736,237.33945069603882,100.0,12356.0,0.8,19604.6484375
940,1775488522.3886583,0.26962232403457165,237.36906886016516,99.0,12356.0,0.8,19604.5234375
941,1775488522.8021667,0.2696056328713894,237.383764272203,93.0,12356.0,0.9,19604.64453125
942,1775488523.2057676,0.2695957012474537,237.3925092420385,91.0,12356.0,0.8,19604.2734375
943,1775488523.6122763,0.2696564607322216,237.33901952957197,88.0,12356.0,0.8,19604.640625
944,1775488524.0151007,0.2694968320429325,237.4796004644849,87.0,12356.0,0.9,19604.515625
945,1775488524.4214685,0.2696201726794243,237.37096287708178,83.0,12356.0,0.8,19605.12890625
946,1775488524.8337653,0.26980546675622463,237.2079438176301,77.0,12356.0,0.8,19604.51171875
947,1775488525.2371244,0.26969621516764164,237.30403469035693,75.0,12356.0,0.8,19604.38671875
948,1775488525.6431725,0.2695545367896557,237.42876214300853,72.0,12356.0,0.8,19604.75390625
949,1775488526.0560555,0.2695254422724247,237.45439191344155,66.0,12356.0,0.8,19604.62890625
950,1775488526.4705553,0.2694913800805807,237.48440481051134,59.0,12356.0,0.8,19604.9921875
951,1775488526.8834267,0.2697125542908907,237.2896588676204,52.0,12356.0,0.8,19604.62109375
952,1775488527.2870176,0.26976895704865456,237.24004681701456,50.0,12356.0,0.8,19604.7421875
953,1775488527.7034833,0.2696516327559948,237.34326896478686,42.0,12356.0,0.8,19604.86328125
954,1775488528.114974,0.2696295939385891,237.36266878248037,37.0,12356.0,0.8,19604.73828125
955,1775488528.528212,0.269822696223855,237.19279695768515,99.0,12356.0,0.8,19604.61328125
956,1775488528.9314523,0.2695083897560835,237.469416287644,100.0,12356.0,0.8,19604.98046875
957,1775488529.344619,0.2698687557131052,237.15231439403,99.0,12356.0,0.8,19603.87109375
958,1775488529.7475295,0.26978021673858166,237.23014524084363,99.0,12356.0,0.8,19604.484375
959,1775488530.1642685,0.26980250515043736,237.21054763488823,99.0,12356.0,0.8,19604.8515625
960,1775488530.5840187,0.26971251517534256,237.28969328098484,99.0,12356.0,0.8,19604.97265625
961,1775488530.9958985,0.2696424424648285,237.35135839510133,95.0,12356.0,0.8,19604.6015625
962,1775488531.3999414,0.26955012045800686,237.4326521956444,93.0,12356.0,0.8,19604.72265625
963,1775488531.804441,0.26956271938979626,237.42155497197655,91.0,12356.0,0.8,19604.3515625
964,1775488532.2079024,0.2694943603128195,237.48177856379286,89.0,12356.0,0.9,19604.96484375
965,1775488532.6193156,0.26957335136830807,237.41219106097464,83.0,12356.0,0.8,19604.34765625
966,1775488533.0372114,0.26962530240416527,237.36644680351523,74.0,12356.0,0.8,19604.71484375
967,1775488533.441512,0.2695833444595337,237.40339051104414,72.0,12356.0,0.8,19604.58984375
968,1775488533.85492,0.2698220182210207,237.19339297052974,65.0,12356.0,0.8,19604.7109375
969,1775488534.2680259,0.2693930994719267,237.57104441596658,59.0,12356.0,0.8,19603.35546875
970,1775488534.682545,0.26951242983341217,237.46585654531378,51.0,12356.0,0.8,19603.87890625
971,1775488535.0961473,0.26952607929706573,237.4538306902042,44.0,12356.0,0.8,19603.75390625
972,1775488535.5104785,0.2693867776542902,237.57661959984006,38.0,12356.0,0.8,19604.12109375
973,1775488535.9243042,0.2696896642446518,237.30979894706581,99.0,12356.0,0.8,19603.75
974,1775488536.3401573,0.2699329871684313,237.09588320921162,99.0,12356.0,0.9,19604.359375
975,1775488536.7583609,0.2697463259100914,237.25995074843655,99.0,12356.0,0.9,19604.234375
976,1775488537.1709712,0.2694762069731951,237.49777658984976,99.0,12356.0,0.8,19603.6171875
977,1775488537.5762694,0.2697438132017851,237.26216086418276,99.0,12356.0,0.8,19604.96484375
978,1775488537.980823,0.26961716264486313,237.37361291165325,99.0,12356.0,0.8,19604.34765625
979,1775488538.3952389,0.2697214335203171,237.28184729219572,94.0,12356.0,0.8,19604.9609375
980,1775488538.8094902,0.26977354660630226,237.2360107397753,87.0,12356.0,0.8,19604.58984375
981,1775488539.2134247,0.2695686686784029,237.41631515920864,85.0,12356.0,0.8,19604.95703125
982,1775488539.6204944,0.26955969259142876,237.4242209016194,82.0,12356.0,0.8,19604.83203125
983,1775488540.0366886,0.26961647160351276,237.37422131284268,73.0,12356.0,0.8,19605.19921875
984,1775488540.442806,0.26947855949401855,237.49570325805666,70.0,12356.0,0.8,19604.58203125
985,1775488540.8558939,0.2695396635681391,237.44186348225864,64.0,12356.0,0.8,19604.45703125
986,1775488541.2600262,0.2695539314299822,237.4292953565186,62.0,12356.0,0.8,19604.578125
987,1775488541.667688,0.26936205476522446,237.59842512258194,58.0,12356.0,0.8,19605.19140625
988,1775488542.0727677,0.26947164721786976,237.50179531227468,55.0,12356.0,0.8,19604.8203125
989,1775488542.4775236,0.26945601031184196,237.51557787088393,53.0,12356.0,0.9,19604.78515625
990,1775488542.8795474,0.26962277106940746,237.36867530200126,52.0,12356.0,0.9,19604.4140625
991,1775488543.2922645,0.26950650848448277,237.47107392653152,45.0,12356.0,0.8,19604.2890625
992,1775488543.6973028,0.269690103828907,237.30941214143317,43.0,12356.0,0.8,19604.65625
993,1775488544.112449,0.2696795929223299,237.3186614028766,35.0,12356.0,0.8,19604.53125
994,1775488544.5184495,0.2694429699331522,237.52707304212896,100.0,12356.0,0.8,19604.65234375
995,1775488544.923674,0.26937123760581017,237.59032541423628,100.0,12356.0,0.8,19605.01953125
996,1775488545.3400645,0.269575621932745,237.41019140064165,100.0,12356.0,0.8,19604.40234375
997,1775488545.7463477,0.27048168890178204,236.61490823964735,99.0,12356.0,0.8,19604.5234375
998,1775488546.1596115,0.26968763396143913,237.31158548096772,99.0,12356.0,0.8,19604.3984375
999,1775488546.578596,0.26986598782241344,237.15474675569524,99.0,12356.0,0.8,19604.51953125
1000,1775488546.9820726,0.26953299902379513,237.44773453268294,99.0,12356.0,0.8,19604.88671875
1001,1775488547.3857481,0.2695777639746666,237.4083049595083,98.0,12356.0,0.8,19604.76171875
1002,1775488547.7983074,0.2697826027870178,237.22804709733396,91.0,12356.0,0.8,19604.63671875
1003,1775488548.2022305,0.26945533975958824,237.5161689395418,89.0,12356.0,0.8,19604.265625
1004,1775488548.619082,0.26952291280031204,237.45662042253613,81.0,12356.0,0.9,19604.87890625
1005,1775488549.0338562,0.2695629484951496,237.42135318404704,73.0,12356.0,0.8,19604.75390625
1006,1775488549.4386394,0.26945469714701176,237.51673538309947,71.0,12356.0,0.8,19605.12109375
1007,1775488549.8513055,0.26950819231569767,237.46959025657893,65.0,12356.0,0.8,19604.2578125
1008,1775488550.2560518,0.2696604933589697,237.33547025297383,62.0,12356.0,0.8,19604.1328125
1009,1775488550.6606665,0.2693768870085478,237.5853426428867,60.0,12356.0,0.8,19604.74609375
1010,1775488551.071078,0.26945237070322037,237.51878609556098,54.0,12356.0,0.8,19604.375
1011,1775488551.47708,0.2699577212333679,237.07416001142823,52.0,12356.0,0.8,19604.49609375
1012,1775488551.8953164,0.26953940093517303,237.44209484012563,42.0,12356.0,0.9,19604.6171875
1013,1775488552.3127725,0.26977917551994324,237.2310608357866,99.0,12356.0,0.8,19604.4921875
1014,1775488552.7198234,0.26943222992122173,237.53654126201872,100.0,12356.0,0.8,19605.10546875
1015,1775488553.136796,0.26950337924063206,237.47383123851736,100.0,12356.0,0.8,19605.47265625
1016,1775488553.5408266,0.2694399580359459,237.52972820557588,100.0,12356.0,0.8,19605.1015625
1017,1775488553.9545221,0.26965368539094925,237.34146228044884,100.0,12356.0,0.8,19604.73046875
1018,1775488554.3572237,0.26954943127930164,237.43325925879807,100.0,12356.0,0.8,19604.8515625
1019,1775488554.762071,0.2700010184198618,237.03614295438538,99.0,12356.0,0.8,19604.48046875
1020,1775488555.1666431,0.26949026994407177,237.48538310226243,100.0,12356.0,0.8,19604.35546875
1021,1775488555.5729086,0.26980983652174473,237.20410206335106,99.0,12356.0,0.8,19604.72265625
1022,1775488555.9893677,0.26950323954224586,237.4739543342955,95.0,12356.0,0.8,19604.59765625
1023,1775488556.4007752,0.2695176899433136,237.4612219830944,89.0,12356.0,0.8,19605.2109375
1024,1775488556.8161047,0.26962065137922764,237.3705414352053,81.0,12356.0,0.8,19604.59375
1025,1775488557.2283993,0.2699037380516529,237.12157698146433,75.0,12356.0,0.8,19604.71484375
1026,1775488557.6339283,0.26981022767722607,237.20375817837117,72.0,12356.0,0.8,19604.58984375
1027,1775488558.040139,0.2695229910314083,237.4565514989476,69.0,12356.0,0.8,19604.95703125
1028,1775488558.4569764,0.2694605402648449,237.51158495079193,60.0,12356.0,0.8,19604.83203125
1029,1775488558.8649948,0.26956770196557045,237.41716657203304,56.0,12356.0,0.8,19604.4609375
1030,1775488559.277551,0.2695242501795292,237.45544216288448,50.0,12356.0,0.8,19604.08984375
1031,1775488559.6941433,0.26954461075365543,237.437505506246,42.0,12356.0,0.8,19604.94921875
1032,1775488560.0974786,0.26943035051226616,237.5381981959984,40.0,12356.0,0.8,19604.82421875
1033,1775488560.5020514,0.2694246582686901,237.54321676145355,38.0,12356.0,0.8,19604.69921875
1034,1775488560.914728,0.26963287219405174,237.35978287521235,100.0,12356.0,0.8,19604.57421875
1035,1775488561.3179467,0.269413597881794,237.55296875579455,99.0,12356.0,0.8,19604.6953125
1036,1775488561.7231727,0.2694904301315546,237.48524193886115,100.0,12356.0,0.8,19604.5703125
1037,1775488562.1283462,0.26986347883939743,237.1569516380837,99.0,12356.0,0.8,19604.19921875
1038,1775488562.532281,0.2698884792625904,237.13498321553263,99.0,12356.0,0.9,19604.5625
1039,1775488562.9349902,0.2695728912949562,237.41259624645892,99.0,12356.0,0.8,19603.9453125
1040,1775488563.3383353,0.2695715632289648,237.41376587871252,100.0,12356.0,0.8,19604.9296875
1041,1775488563.7451775,0.27029105462133884,236.78179098327936,99.0,12356.0,0.8,19604.6796875
1042,1775488564.1612406,0.26937639713287354,237.58577470479398,100.0,12356.0,0.8,19604.5546875
1043,1775488564.5665886,0.26955545879900455,237.42795002241797,99.0,12356.0,0.8,19604.4296875
1044,1775488564.9815946,0.2694854997098446,237.4895868939475,97.0,12356.0,0.8,19604.796875
1045,1775488565.3944252,0.2694908920675516,237.48483486394605,91.0,12356.0,0.8,19604.42578125
1046,1775488565.8063865,0.2699027359485626,237.1224573736702,85.0,12356.0,0.8,19604.30078125
1047,1775488566.2112703,0.269869526848197,237.151636746302,82.0,12356.0,0.8,19604.421875
1048,1775488566.6290336,0.2697328273206949,237.2718242555925,73.0,12356.0,0.8,19604.54296875
1049,1775488567.0444567,0.2695017270743847,237.47528705942383,65.0,12356.0,0.8,19604.41796875
1050,1775488567.4574752,0.26957279071211815,237.41268482970452,59.0,12356.0,0.8,19604.78515625
1051,1775488567.8617713,0.2694571800529957,237.5145467914893,57.0,12356.0,0.8,19604.66015625
1052,1775488568.2693975,0.2694970928132534,237.47937067487575,53.0,12356.0,0.8,19604.53515625
1053,1775488568.6741457,0.2696354016661644,237.35755618336202,50.0,12356.0,0.8,19604.41015625
1054,1775488569.082818,0.2695338688790798,237.4469682276261,46.0,12356.0,0.8,19604.53125
1055,1775488569.4867523,0.26963500306010246,237.35790707311915,44.0,12356.0,0.8,19604.40625
1056,1775488569.8982885,0.26943674124777317,237.53256405794266,38.0,12356.0,0.8,19604.52734375
1057,1775488570.3134346,0.26950810104608536,237.46967067626707,100.0,12356.0,0.8,19604.15625
1058,1775488570.716569,0.2696018051356077,237.38713458468303,99.0,12356.0,0.8,19604.5234375
1059,1775488571.1204915,0.269572239369154,237.413170398299,100.0,12356.0,0.8,19604.3984375
1060,1775488571.5245216,0.2695355210453272,237.44551275390995,100.0,12356.0,0.8,19604.51953125
1061,1775488571.9291353,0.26960952393710613,237.38033829594895,99.0,12356.0,0.8,19604.640625
1062,1775488572.3349268,0.2693533431738615,237.6061096768695,99.0,12356.0,0.8,19604.640625
1063,1775488572.7509227,0.27029446698725224,236.77880170228715,99.0,12356.0,0.9,19604.63671875
1064,1775488573.165975,0.26962188072502613,237.36945913996647,99.0,12356.0,0.9,19603.7734375
1065,1775488573.5715835,0.2699260991066694,237.10193349887396,99.0,12356.0,0.8,19604.38671875
1066,1775488573.9774776,0.2698192074894905,237.1958638359458,98.0,12356.0,0.8,19604.015625
1067,1775488574.3879678,0.26969081722199917,237.3087844044673,93.0,12356.0,0.8,19604.62890625
1068,1775488574.7942438,0.26966471411287785,237.33175551181125,89.0,12356.0,0.8,19604.75
1069,1775488575.2082741,0.2696049641817808,237.38435304495388,82.0,12356.0,0.8,19604.625
1070,1775488575.6137488,0.2693976201117039,237.56705784358022,79.0,12356.0,0.8,19604.5
1071,1775488576.0324311,0.2695630006492138,237.42130724863136,70.0,12356.0,0.9,19607.57421875
1072,1775488576.443118,0.26962539181113243,237.36636809351697,65.0,12356.0,0.8,19607.67578125
1073,1775488576.847454,0.26985429786145687,237.1650201875146,62.0,12356.0,0.8,19607.55078125
1074,1775488577.2633653,0.26968508400022984,237.31382934009602,54.0,12356.0,0.9,19606.93359375
1075,1775488577.675674,0.2694627195596695,237.5096640625566,48.0,12356.0,0.8,19607.546875
1076,1775488578.0804017,0.2696962542831898,237.3040002728326,46.0,12356.0,0.8,19607.9140625
1077,1775488578.4850123,0.2695712223649025,237.41406608071472,43.0,12356.0,0.8,19607.7890625
1078,1775488578.9009857,0.26954849995672703,237.434079619343,36.0,12356.0,0.8,19607.41796875
1079,1775488579.3055577,0.26963079907000065,237.36160787545836,99.0,12356.0,0.8,19607.046875
1080,1775488579.7116783,0.2694945000112057,237.4816554599031,100.0,12356.0,0.8,19607.4140625
1081,1775488580.1174133,0.2696044910699129,237.3847696157396,99.0,12356.0,0.8,19607.53515625
1082,1775488580.529974,0.26982699520885944,237.189017912981,99.0,12356.0,0.8,19607.90234375
1083,1775488580.9350271,0.2694580089300871,237.5138161753629,100.0,12356.0,0.8,19607.53125
1084,1775488581.335964,0.2693446557968855,237.61377336650335,100.0,12356.0,0.8,19607.8984375
1085,1775488581.7524076,0.26976112462580204,237.24693500139176,100.0,12356.0,0.8,19607.52734375
1086,1775488582.1658585,0.2697697561234236,237.23934409726445,99.0,12356.0,0.8,19607.6484375
1087,1775488582.5703835,0.2698209770023823,237.19430828180174,99.0,12356.0,0.9,19607.5234375
1088,1775488582.9808638,0.269527830183506,237.45228816046966,95.0,12356.0,0.8,19607.890625
1089,1775488583.3853872,0.26957933977246284,237.40691721412662,92.0,12356.0,0.8,19607.765625
1090,1775488583.79639,0.2695282995700836,237.45187463462815,87.0,12356.0,0.8,19607.640625
1091,1775488584.2101197,0.2694658972322941,237.50686323334102,80.0,12356.0,0.9,19607.515625
1092,1775488584.615332,0.26949476078152657,237.48142566631705,77.0,12356.0,0.8,19607.63671875
1093,1775488585.0194972,0.2695820424705744,237.40453708813254,75.0,12356.0,0.8,19607.51171875
1094,1775488585.424027,0.2695670612156391,237.41773090297352,73.0,12356.0,0.8,19607.6328125
1095,1775488585.829362,0.26947429962456226,237.4994576075205,70.0,12356.0,0.8,19607.5078125
1096,1775488586.2309191,0.2696822974830866,237.31628140706502,69.0,12356.0,0.8,19607.3828125
1097,1775488586.6462517,0.2695378288626671,237.44347971508225,62.0,12356.0,0.8,19607.75
1098,1775488587.0502708,0.2693502251058817,237.60886026674592,59.0,12356.0,0.8,19607.37890625
1099,1775488587.4677348,0.2694757077842951,237.49821654139427,51.0,12356.0,0.8,19607.74609375
1100,1775488587.87274,0.26994371972978115,237.086456629053,48.0,12356.0,0.8,19607.375
1101,1775488588.2879384,0.2697434648871422,237.2624672363311,41.0,12356.0,0.8,19607.25
1102,1775488588.6901352,0.2694875802844763,237.4877533593213,40.0,12356.0,0.8,19607.37109375
1103,1775488589.094992,0.2696423642337322,237.35142725763717,37.0,12356.0,0.8,19607.73828125
1104,1775488589.5072732,0.2694512903690338,237.51973840001725,100.0,12356.0,0.8,19607.61328125
1105,1775488589.9192812,0.2696276232600212,237.36440364005367,100.0,12356.0,0.8,19607.98046875
1106,1775488590.3223379,0.26957371830940247,237.41186789783484,100.0,12356.0,0.8,19607.1171875
1107,1775488590.7265234,0.26945129968225956,237.51973019046343,100.0,12356.0,0.8,19607.484375
1108,1775488591.1302738,0.2701141219586134,236.93688999276392,99.0,12356.0,0.8,19606.8671875
1109,1775488591.5376947,0.2698950804769993,237.12918326221268,99.0,12356.0,0.8,19607.7265625
1110,1775488591.951924,0.2697012647986412,237.2995916344047,99.0,12356.0,0.8,19607.109375
