step,wall_timestamp,phase,duration_sec,gpu_mem_mb
0,1774675978.150115,forward,0.35708043724298477,21933.97412109375
0,1774675978.664441,backward,0.514078127220273,554.212890625
0,1774675978.676366,optimizer,0.011563749983906746,554.212890625
1,1774675978.8757117,forward,0.19390866719186306,21945.849609375
1,1774675979.2779033,backward,0.4018808286637068,555.96337890625
1,1774675979.2806058,optimizer,0.0022338684648275375,555.96337890625
2,1774675979.4790485,forward,0.19367608428001404,21945.849609375
2,1774675979.8808146,backward,0.4015703834593296,555.96337890625
2,1774675979.883694,optimizer,0.0022298190742731094,555.96337890625
3,1774675980.0821238,forward,0.19368203356862068,21945.849609375
3,1774675980.484203,backward,0.40188282914459705,555.96337890625
3,1774675980.4870834,optimizer,0.002359829843044281,555.96337890625
4,1774675980.6855981,forward,0.19367708452045918,21945.849609375
4,1774675981.0876374,backward,0.4018389377743006,555.96337890625
4,1774675981.0905578,optimizer,0.0023127328604459763,555.96337890625
5,1774675981.2894068,forward,0.19363455474376678,21945.849609375
5,1774675981.6913452,backward,0.40172944590449333,555.96337890625
5,1774675981.6940813,optimizer,0.0022091176360845566,555.96337890625
6,1774675981.8934448,forward,0.19420024380087852,21945.849609375
6,1774675982.295265,backward,0.40159304253757,555.96337890625
6,1774675982.2980156,optimizer,0.0022411178797483444,555.96337890625
7,1774675982.497212,forward,0.19357692264020443,21945.849609375
7,1774675982.8990862,backward,0.4016763959079981,555.96337890625
7,1774675982.9022846,optimizer,0.0023497790098190308,555.96337890625
8,1774675983.1005502,forward,0.19358684308826923,21945.849609375
8,1774675983.5023434,backward,0.40158684365451336,555.96337890625
8,1774675983.505267,optimizer,0.002251056954264641,555.96337890625
9,1774675983.7038321,forward,0.1937925759702921,21945.849609375
9,1774675984.1053798,backward,0.4013427123427391,555.96337890625
9,1774675984.108111,optimizer,0.002213139086961746,555.96337890625
10,1774675984.306457,forward,0.1937051061540842,21945.849609375
10,1774675984.7087705,backward,0.401978412643075,555.96337890625
10,1774675984.711641,optimizer,0.002362089231610298,555.96337890625
11,1774675984.9101918,forward,0.19371459633111954,21945.849609375
11,1774675985.3120148,backward,0.401623273268342,555.96337890625
11,1774675985.3148973,optimizer,0.0022974181920289993,555.96337890625
12,1774675985.5138044,forward,0.19367491640150547,21945.849609375
12,1774675985.9156344,backward,0.4016243852674961,555.96337890625
12,1774675985.9183543,optimizer,0.002212001010775566,555.96337890625
13,1774675986.1165628,forward,0.19354127161204815,21945.849609375
13,1774675986.5182128,backward,0.4014540631324053,555.96337890625
13,1774675986.5215366,optimizer,0.0027005858719348907,555.96337890625
14,1774675986.720288,forward,0.19378763623535633,21945.849609375
14,1774675987.1222205,backward,0.4017335269600153,555.96337890625
14,1774675987.1249447,optimizer,0.002217959612607956,555.96337890625
15,1774675987.3233743,forward,0.19376134686172009,21945.849609375
15,1774675987.7254145,backward,0.40180747769773006,555.96337890625
15,1774675987.7281528,optimizer,0.0022320281714200974,555.96337890625
16,1774675987.9266424,forward,0.1936946827918291,21945.849609375
16,1774675988.32825,backward,0.40140339359641075,555.96337890625
16,1774675988.3309677,optimizer,0.0022099874913692474,555.96337890625
17,1774675988.5294428,forward,0.1937985084950924,21945.849609375
17,1774675988.9315183,backward,0.40182009898126125,555.96337890625
17,1774675988.934241,optimizer,0.002216467633843422,555.96337890625
18,1774675989.132882,forward,0.1935663651674986,21945.849609375
18,1774675989.535031,backward,0.4019470512866974,555.96337890625
18,1774675989.5380185,optimizer,0.00236344151198864,555.96337890625
19,1774675989.7366548,forward,0.19363265484571457,21945.849609375
19,1774675990.1383338,backward,0.40147375501692295,555.96337890625
19,1774675990.141045,optimizer,0.00222695991396904,555.96337890625
20,1774675990.339476,forward,0.1937558650970459,21945.849609375
20,1774675990.7414458,backward,0.401761407032609,555.96337890625
20,1774675990.7443252,optimizer,0.002294819802045822,555.96337890625
21,1774675990.942978,forward,0.19371739588677883,21945.849609375
21,1774675991.3450875,backward,0.40190884098410606,555.96337890625
21,1774675991.348092,optimizer,0.0022079087793827057,555.96337890625
22,1774675991.5464694,forward,0.19370308332145214,21945.849609375
22,1774675991.948152,backward,0.4014714118093252,555.96337890625
22,1774675991.9508576,optimizer,0.0022021476179361343,555.96337890625
23,1774675992.1496568,forward,0.19377433508634567,21945.849609375
23,1774675992.551842,backward,0.40189411863684654,555.96337890625
23,1774675992.5546618,optimizer,0.002284100279211998,555.96337890625
24,1774675992.7536585,forward,0.19373959675431252,21945.849609375
24,1774675993.1555746,backward,0.4017057977616787,555.96337890625
24,1774675993.1582935,optimizer,0.0022021178156137466,555.96337890625
25,1774675993.3567095,forward,0.1937437355518341,21945.849609375
25,1774675993.7588167,backward,0.40189494006335735,555.96337890625
25,1774675993.76201,optimizer,0.00236482173204422,555.96337890625
26,1774675993.960526,forward,0.19374930672347546,21945.849609375
26,1774675994.3625953,backward,0.40186566673219204,555.96337890625
26,1774675994.365313,optimizer,0.0022077281028032303,555.96337890625
27,1774675994.56363,forward,0.19362767226994038,21945.849609375
27,1774675994.965445,backward,0.40161068364977837,555.96337890625
27,1774675994.9683852,optimizer,0.002228880301117897,555.96337890625
28,1774675995.1670651,forward,0.19393767789006233,21945.849609375
28,1774675995.56913,backward,0.4018582608550787,555.96337890625
28,1774675995.5718567,optimizer,0.0021996181458234787,555.96337890625
29,1774675995.7707784,forward,0.19375753588974476,21945.849609375
29,1774675996.1726878,backward,0.4017001874744892,555.96337890625
29,1774675996.1754093,optimizer,0.002206595614552498,555.96337890625
30,1774675996.3738973,forward,0.19379175454378128,21945.849609375
30,1774675996.7762487,backward,0.4019968006759882,555.96337890625
30,1774675996.779126,optimizer,0.0023575201630592346,555.96337890625
31,1774675996.977828,forward,0.1938519887626171,21945.849609375
31,1774675997.379671,backward,0.40163368731737137,555.96337890625
31,1774675997.3823876,optimizer,0.0022044889628887177,555.96337890625
32,1774675997.5808632,forward,0.19371668435633183,21945.849609375
32,1774675997.983074,backward,0.402009891346097,555.96337890625
32,1774675997.9859474,optimizer,0.002300448715686798,555.96337890625
33,1774675998.1845095,forward,0.19372680597007275,21945.849609375
33,1774675998.5864952,backward,0.4017776492983103,555.96337890625
33,1774675998.5891974,optimizer,0.002200767397880554,555.96337890625
34,1774675998.7880552,forward,0.1936884317547083,21945.849609375
34,1774675999.1899393,backward,0.4016828443855047,555.96337890625
34,1774675999.1926415,optimizer,0.0022011976689100266,555.96337890625
35,1774675999.3914158,forward,0.19379223883152008,21945.849609375
35,1774675999.7931035,backward,0.4014815613627434,555.96337890625
35,1774675999.7964988,optimizer,0.0027252081781625748,555.96337890625
36,1774675999.995123,forward,0.19376623630523682,21945.849609375
36,1774676000.3971825,backward,0.40185726806521416,555.96337890625
36,1774676000.3999224,optimizer,0.002218427136540413,555.96337890625
37,1774676000.598383,forward,0.19377627596259117,21945.849609375
37,1774676001.0002925,backward,0.40170938707888126,555.96337890625
37,1774676001.0030162,optimizer,0.002213718369603157,555.96337890625
38,1774676001.2014174,forward,0.193721704185009,21945.849609375
38,1774676001.603239,backward,0.4016047343611717,555.96337890625
38,1774676001.6064339,optimizer,0.0023548994213342667,555.96337890625
39,1774676001.805023,forward,0.19383251667022705,21945.849609375
39,1774676002.2068381,backward,0.40160842426121235,555.96337890625
39,1774676002.2095442,optimizer,0.002199079841375351,555.96337890625
40,1774676002.4083664,forward,0.19383383728563786,21945.849609375
40,1774676002.8104446,backward,0.40185817144811153,555.96337890625
40,1774676002.8131528,optimizer,0.0022021476179361343,555.96337890625
41,1774676003.0116458,forward,0.19371170550584793,21945.849609375
41,1774676003.4137795,backward,0.40193086862564087,555.96337890625
41,1774676003.416731,optimizer,0.002262188121676445,555.96337890625
42,1774676003.6153529,forward,0.1938935276120901,21945.849609375
42,1774676004.0174332,backward,0.40187758952379227,555.96337890625
42,1774676004.0201538,optimizer,0.0021978672593832016,555.96337890625
43,1774676004.2186787,forward,0.1938383560627699,21945.849609375
43,1774676004.6206067,backward,0.40172138810157776,555.96337890625
43,1774676004.6233268,optimizer,0.0021994877606630325,555.96337890625
44,1774676004.8217645,forward,0.19375350885093212,21945.849609375
44,1774676005.2235632,backward,0.40158928371965885,555.96337890625
44,1774676005.2265735,optimizer,0.0023753810673952103,555.96337890625
45,1774676005.4257112,forward,0.1937730759382248,21945.849609375
45,1774676005.8279724,backward,0.402056323364377,555.96337890625
45,1774676005.8306837,optimizer,0.002212557941675186,555.96337890625
46,1774676006.0296016,forward,0.19374039769172668,21945.849609375
46,1774676006.43158,backward,0.4017750285565853,555.96337890625
46,1774676006.4343152,optimizer,0.0022054556757211685,555.96337890625
47,1774676006.6327178,forward,0.19372515380382538,21945.849609375
47,1774676007.0345826,backward,0.4016565065830946,555.96337890625
47,1774676007.0374331,optimizer,0.0022860411554574966,555.96337890625
48,1774676007.2363753,forward,0.1938979271799326,21945.849609375
48,1774676007.6381462,backward,0.4015679135918617,555.96337890625
48,1774676007.6408517,optimizer,0.0022010095417499542,555.96337890625
49,1774676007.8392618,forward,0.19367079623043537,21945.849609375
49,1774676008.2410753,backward,0.4016110673546791,555.96337890625
49,1774676008.2437985,optimizer,0.0022060181945562363,555.96337890625
50,1774676008.442288,forward,0.1937898639589548,21945.849609375
50,1774676008.8441763,backward,0.40168705582618713,555.96337890625
50,1774676008.8468733,optimizer,0.0022024493664503098,555.96337890625
51,1774676009.0457366,forward,0.19381802715361118,21945.849609375
51,1774676009.447856,backward,0.40191464126110077,555.96337890625
51,1774676009.451269,optimizer,0.002731636166572571,555.96337890625
52,1774676009.6499705,forward,0.19388037733733654,21945.849609375
52,1774676010.0521758,backward,0.40198903903365135,555.96337890625
52,1774676010.0548842,optimizer,0.00221116840839386,555.96337890625
53,1774676010.253362,forward,0.19378666579723358,21945.849609375
53,1774676010.65506,backward,0.4014802910387516,555.96337890625
53,1774676010.6577783,optimizer,0.0022068675607442856,555.96337890625
54,1774676010.8562982,forward,0.193839767947793,21945.849609375
54,1774676011.2582293,backward,0.40172064676880836,555.96337890625
54,1774676011.2609313,optimizer,0.00219716876745224,555.96337890625
55,1774676011.4595656,forward,0.19386320747435093,21945.849609375
55,1774676011.861746,backward,0.4019764009863138,555.96337890625
55,1774676011.8649154,optimizer,0.002341192215681076,555.96337890625
56,1774676012.064089,forward,0.1939233597368002,21945.849609375
56,1774676012.466212,backward,0.4019217900931835,555.96337890625
56,1774676012.4689333,optimizer,0.00220346637070179,555.96337890625
57,1774676012.6678584,forward,0.19381415843963623,21945.849609375
57,1774676013.0700278,backward,0.40196168050169945,555.96337890625
57,1774676013.0727406,optimizer,0.002204837277531624,555.96337890625
58,1774676013.2712548,forward,0.19382628612220287,21945.849609375
58,1774676013.6732235,backward,0.4017683416604996,555.96337890625
58,1774676013.6759512,optimizer,0.0022158101201057434,555.96337890625
59,1774676013.874437,forward,0.19379264675080776,21945.849609375
59,1774676014.2762518,backward,0.401607446372509,555.96337890625
59,1774676014.2792327,optimizer,0.0022559985518455505,555.96337890625
60,1774676014.4779775,forward,0.19401532970368862,21945.849609375
60,1774676014.8800538,backward,0.4018624983727932,555.96337890625
60,1774676014.8827648,optimizer,0.002203958109021187,555.96337890625
61,1774676015.0812976,forward,0.19388392940163612,21945.849609375
61,1774676015.483381,backward,0.4018719494342804,555.96337890625
61,1774676015.486036,optimizer,0.002210920676589012,555.96337890625
62,1774676015.6873746,forward,0.19391784816980362,21945.849609375
62,1774676016.0895383,backward,0.4019608926028013,555.96337890625
62,1774676016.0922842,optimizer,0.0022118575870990753,555.96337890625
63,1774676016.2908263,forward,0.19387961737811565,21945.849609375
63,1774676016.693062,backward,0.4020154643803835,555.96337890625
63,1774676016.6961155,optimizer,0.0023683402687311172,555.96337890625
64,1774676016.8949418,forward,0.19382205791771412,21945.849609375
64,1774676017.2970343,backward,0.4018816817551851,555.96337890625
64,1774676017.2997768,optimizer,0.0022303201258182526,555.96337890625
65,1774676017.498278,forward,0.1938666868954897,21945.849609375
65,1774676017.9003344,backward,0.4018475878983736,555.96337890625
65,1774676017.9030678,optimizer,0.002216380089521408,555.96337890625
66,1774676018.1019416,forward,0.19385677576065063,21945.849609375
66,1774676018.5039463,backward,0.40178269892930984,555.96337890625
66,1774676018.5066702,optimizer,0.0021984968334436417,555.96337890625
67,1774676018.705542,forward,0.19378011487424374,21945.849609375
67,1774676019.1075017,backward,0.4017576854676008,555.96337890625
67,1774676019.110382,optimizer,0.0023020710796117783,555.96337890625
68,1774676019.309083,forward,0.19387541711330414,21945.849609375
68,1774676019.7113085,backward,0.40201209113001823,555.96337890625
68,1774676019.7140195,optimizer,0.0021924059838056564,555.96337890625
69,1774676019.9125357,forward,0.19383656792342663,21945.849609375
69,1774676020.3145375,backward,0.40180400758981705,555.96337890625
69,1774676020.3172488,optimizer,0.00219583697617054,555.96337890625
70,1774676020.5157933,forward,0.19383706897497177,21945.849609375
70,1774676020.9177003,backward,0.4017008859664202,555.96337890625
70,1774676020.9204187,optimizer,0.002202337607741356,555.96337890625
71,1774676021.1189747,forward,0.19386991672217846,21945.849609375
71,1774676021.5209973,backward,0.40180590748786926,555.96337890625
71,1774676021.5237176,optimizer,0.0022163577377796173,555.96337890625
72,1774676021.722552,forward,0.19375806488096714,21945.849609375
72,1774676022.1247795,backward,0.40202067978680134,555.96337890625
72,1774676022.1280584,optimizer,0.002651875838637352,555.96337890625
73,1774676022.326768,forward,0.19388760812580585,21945.849609375
73,1774676022.7289593,backward,0.4019799306988716,555.96337890625
73,1774676022.7317076,optimizer,0.0022404398769140244,555.96337890625
74,1774676022.9303167,forward,0.19391926005482674,21945.849609375
74,1774676023.3322494,backward,0.4017321281135082,555.96337890625
74,1774676023.3349695,optimizer,0.0022123996168375015,555.96337890625
75,1774676023.5334363,forward,0.1938126292079687,21945.849609375
75,1774676023.9356756,backward,0.40203373320400715,555.96337890625
75,1774676023.9383945,optimizer,0.0022227801382541656,555.96337890625
76,1774676024.136918,forward,0.1938712764531374,21945.849609375
76,1774676024.5391188,backward,0.40200125239789486,555.96337890625
76,1774676024.5418196,optimizer,0.0022026672959327698,555.96337890625
77,1774676024.7407851,forward,0.19388781674206257,21945.849609375
77,1774676025.1425352,backward,0.4015513341873884,555.96337890625
77,1774676025.1452413,optimizer,0.002212977036833763,555.96337890625
78,1774676025.3440592,forward,0.19383279792964458,21945.849609375
78,1774676025.7467499,backward,0.40246583707630634,555.96337890625
78,1774676025.7494676,optimizer,0.0022088810801506042,555.96337890625
79,1774676025.94823,forward,0.19394077733159065,21945.849609375
79,1774676026.3502789,backward,0.4018450006842613,555.96337890625
79,1774676026.3529916,optimizer,0.0022111348807811737,555.96337890625
80,1774676026.5517566,forward,0.19386783801019192,21945.849609375
80,1774676026.9539924,backward,0.4020309243351221,555.96337890625
80,1774676026.9567015,optimizer,0.002182578667998314,555.96337890625
81,1774676027.1552935,forward,0.1939257699996233,21945.849609375
81,1774676027.5572948,backward,0.40179965645074844,555.96337890625
81,1774676027.56001,optimizer,0.0022057481110095978,555.96337890625
82,1774676027.7590194,forward,0.1938524078577757,21945.849609375
82,1774676028.161487,backward,0.40226326510310173,555.96337890625
82,1774676028.1642072,optimizer,0.0022201593965291977,555.96337890625
83,1774676028.363079,forward,0.19386876747012138,21945.849609375
83,1774676028.765312,backward,0.40198020078241825,555.96337890625
83,1774676028.7680616,optimizer,0.0022156890481710434,555.96337890625
84,1774676028.9667692,forward,0.19398943148553371,21945.849609375
84,1774676029.3688416,backward,0.40186300687491894,555.96337890625
84,1774676029.3715692,optimizer,0.002216959372162819,555.96337890625
85,1774676029.5700436,forward,0.19382305815815926,21945.849609375
85,1774676029.972192,backward,0.40194481052458286,555.96337890625
85,1774676029.9749167,optimizer,0.002219187095761299,555.96337890625
86,1774676030.1734653,forward,0.19386463798582554,21945.849609375
86,1774676030.5754778,backward,0.4018082972615957,555.96337890625
86,1774676030.578213,optimizer,0.0022181812673807144,555.96337890625
87,1774676030.7769387,forward,0.19395767711102962,21945.849609375
87,1774676031.179116,backward,0.401968652382493,555.96337890625
87,1774676031.1818328,optimizer,0.0022058673202991486,555.96337890625
88,1774676031.3806484,forward,0.19378078542649746,21945.849609375
88,1774676031.7827747,backward,0.4019142407923937,555.96337890625
88,1774676031.785752,optimizer,0.0023685209453105927,555.96337890625
89,1774676031.9847953,forward,0.1940019465982914,21945.849609375
89,1774676032.38694,backward,0.40194336883723736,555.96337890625
89,1774676032.389684,optimizer,0.002218477427959442,555.96337890625
90,1774676032.588109,forward,0.19374626502394676,21945.849609375
90,1774676032.9902596,backward,0.4019429497420788,555.96337890625
90,1774676032.9929767,optimizer,0.0022094808518886566,555.96337890625
91,1774676033.1915195,forward,0.19387837871909142,21945.849609375
91,1774676033.5935543,backward,0.4018337670713663,555.96337890625
91,1774676033.5962799,optimizer,0.0022192299365997314,555.96337890625
92,1774676033.7949133,forward,0.1938410270959139,21945.849609375
92,1774676034.1971848,backward,0.4020627122372389,555.96337890625
92,1774676034.1999042,optimizer,0.0022078268229961395,555.96337890625
93,1774676034.398734,forward,0.19382254406809807,21945.849609375
93,1774676034.8008285,backward,0.40188631787896156,555.96337890625
93,1774676034.8037128,optimizer,0.0023062601685523987,555.96337890625
94,1774676035.002466,forward,0.19382263720035553,21945.849609375
94,1774676035.4044678,backward,0.4017915893346071,555.96337890625
94,1774676035.4071975,optimizer,0.0022297892719507217,555.96337890625
95,1774676035.605759,forward,0.19388723745942116,21945.849609375
95,1774676036.0078514,backward,0.4018949307501316,555.96337890625
95,1774676036.0105698,optimizer,0.0022141672670841217,555.96337890625
96,1774676036.2093508,forward,0.19387113861739635,21945.849609375
96,1774676036.6115346,backward,0.40192450024187565,555.96337890625
96,1774676036.6142712,optimizer,0.00222034752368927,555.96337890625
97,1774676036.8127608,forward,0.1938145887106657,21945.849609375
97,1774676037.2150486,backward,0.40208309330046177,555.96337890625
97,1774676037.2177823,optimizer,0.0022245198488235474,555.96337890625
98,1774676037.4167213,forward,0.19390641897916794,21945.849609375
98,1774676037.8189769,backward,0.4020519722253084,555.96337890625
98,1774676037.821702,optimizer,0.0022109951823949814,555.96337890625
99,1774676038.020755,forward,0.19390040822327137,21945.849609375
99,1774676038.4228227,backward,0.40186135843396187,555.96337890625
99,1774676038.425546,optimizer,0.0022196266800165176,555.96337890625
100,1774676038.6241844,forward,0.19395291060209274,21945.849609375
100,1774676039.0263112,backward,0.4019219409674406,555.96337890625
100,1774676039.0296478,optimizer,0.0027293767780065536,555.96337890625
101,1774676039.2284386,forward,0.19400416128337383,21945.849609375
101,1774676039.6305552,backward,0.4019039701670408,555.96337890625
101,1774676039.6332731,optimizer,0.00220552459359169,555.96337890625
102,1774676039.8319933,forward,0.1939535290002823,21945.849609375
102,1774676040.2339623,backward,0.40176080726087093,555.96337890625
102,1774676040.236663,optimizer,0.0021976176649332047,555.96337890625
103,1774676040.4357052,forward,0.19387114606797695,21945.849609375
103,1774676040.8379934,backward,0.40208013355731964,555.96337890625
103,1774676040.8407235,optimizer,0.002226797863841057,555.96337890625
104,1774676041.0395725,forward,0.19386067613959312,21945.849609375
104,1774676041.441728,backward,0.4019549321383238,555.96337890625
104,1774676041.4444473,optimizer,0.00220438651740551,555.96337890625
105,1774676041.6430779,forward,0.19392220862209797,21945.849609375
105,1774676042.0452862,backward,0.4020097702741623,555.96337890625
105,1774676042.048023,optimizer,0.0022268667817115784,555.96337890625
106,1774676042.2466207,forward,0.1938980482518673,21945.849609375
106,1774676042.6489284,backward,0.40209819190204144,555.96337890625
106,1774676042.6516466,optimizer,0.0022062379866838455,555.96337890625
107,1774676042.8504472,forward,0.19401006773114204,21945.849609375
107,1774676043.2529411,backward,0.40226447582244873,555.96337890625
107,1774676043.2556708,optimizer,0.002216590568423271,555.96337890625
108,1774676043.4547307,forward,0.19394195824861526,21945.849609375
108,1774676043.8566928,backward,0.4017507564276457,555.96337890625
108,1774676043.8594048,optimizer,0.0022117774933576584,555.96337890625
109,1774676044.0583007,forward,0.1939521785825491,21945.849609375
109,1774676044.4604275,backward,0.40192381851375103,555.96337890625
109,1774676044.4631495,optimizer,0.0022099483758211136,555.96337890625
110,1774676044.6617613,forward,0.1939125992357731,21945.849609375
110,1774676045.0638223,backward,0.40186076052486897,555.96337890625
110,1774676045.0665443,optimizer,0.002212999388575554,555.96337890625
111,1774676045.2650383,forward,0.193818137049675,21945.849609375
111,1774676045.6673112,backward,0.4020770341157913,555.96337890625
111,1774676045.6700509,optimizer,0.0022185277193784714,555.96337890625
112,1774676045.8685372,forward,0.19382510893046856,21945.849609375
112,1774676046.2709284,backward,0.40218232572078705,555.96337890625
112,1774676046.273641,optimizer,0.00220443494617939,555.96337890625
113,1774676046.4722998,forward,0.19387932866811752,21945.849609375
113,1774676046.8746111,backward,0.40210218355059624,555.96337890625
113,1774676046.8775916,optimizer,0.002246059477329254,555.96337890625
114,1774676047.0779603,forward,0.19403693079948425,21945.849609375
114,1774676047.4803407,backward,0.4021814242005348,555.96337890625
114,1774676047.4830706,optimizer,0.002213388681411743,555.96337890625
115,1774676047.6816537,forward,0.1939325500279665,21945.849609375
115,1774676048.0837908,backward,0.4019343387335539,555.96337890625
115,1774676048.0865002,optimizer,0.0022000186145305634,555.96337890625
116,1774676048.285153,forward,0.1940114013850689,21945.849609375
116,1774676048.6871412,backward,0.4017812069505453,555.96337890625
116,1774676048.689864,optimizer,0.0022061485797166824,555.96337890625
117,1774676048.8883913,forward,0.1939067393541336,21945.849609375
117,1774676049.2904332,backward,0.40183376893401146,555.96337890625
117,1774676049.2931545,optimizer,0.0022062472999095917,555.96337890625
118,1774676049.4920824,forward,0.1938855480402708,21945.849609375
118,1774676049.8942888,backward,0.402005510404706,555.96337890625
118,1774676049.8970194,optimizer,0.0022160280495882034,555.96337890625
119,1774676050.0958917,forward,0.19386987946927547,21945.849609375
119,1774676050.49806,backward,0.4019640330225229,555.96337890625
119,1774676050.5007854,optimizer,0.002211621031165123,555.96337890625
120,1774676050.6992354,forward,0.19375099427998066,21945.849609375
120,1774676051.1015112,backward,0.40206626430153847,555.96337890625
120,1774676051.1045163,optimizer,0.002363281324505806,555.96337890625
121,1774676051.3034747,forward,0.1938959676772356,21945.849609375
121,1774676051.7055495,backward,0.4018703196197748,555.96337890625
121,1774676051.708257,optimizer,0.0021989475935697556,555.96337890625
122,1774676051.906893,forward,0.19388813711702824,21945.849609375
122,1774676052.3090835,backward,0.4019832219928503,555.96337890625
122,1774676052.3118055,optimizer,0.0022074785083532333,555.96337890625
123,1774676052.510521,forward,0.1938618291169405,21945.849609375
123,1774676052.9126196,backward,0.401885561645031,555.96337890625
123,1774676052.915369,optimizer,0.002230307087302208,555.96337890625
124,1774676053.1142826,forward,0.19382892549037933,21945.849609375
124,1774676053.5165112,backward,0.402026180177927,555.96337890625
124,1774676053.5192564,optimizer,0.002217547968029976,555.96337890625
125,1774676053.7178104,forward,0.19387454725801945,21945.849609375
125,1774676054.119837,backward,0.40182212740182877,555.96337890625
125,1774676054.1225648,optimizer,0.0022091884166002274,555.96337890625
126,1774676054.3210704,forward,0.19383852556347847,21945.849609375
126,1774676054.7230556,backward,0.401777196675539,555.96337890625
126,1774676054.7258124,optimizer,0.002216517925262451,555.96337890625
127,1774676054.924425,forward,0.19394095800817013,21945.849609375
127,1774676055.3264227,backward,0.4017803259193897,555.96337890625
127,1774676055.3292336,optimizer,0.0022549182176589966,555.96337890625
128,1774676055.5279894,forward,0.19384006969630718,21945.849609375
128,1774676055.930236,backward,0.4020202234387398,555.96337890625
128,1774676055.9329593,optimizer,0.0022076070308685303,555.96337890625
129,1774676056.1319368,forward,0.19392848014831543,21945.849609375
129,1774676056.5340257,backward,0.4018802475184202,555.96337890625
129,1774676056.5367498,optimizer,0.002208517864346504,555.96337890625
130,1774676056.7354136,forward,0.1939936075359583,21945.849609375
130,1774676057.1375966,backward,0.40196987241506577,555.96337890625
130,1774676057.1402977,optimizer,0.0021926891058683395,555.96337890625
131,1774676057.338877,forward,0.19387606717646122,21945.849609375
131,1774676057.7412255,backward,0.40214315243065357,555.96337890625
131,1774676057.7439349,optimizer,0.002197079360485077,555.96337890625
132,1774676057.94248,forward,0.1938597783446312,21945.849609375
132,1774676058.3447585,backward,0.40207117423415184,555.96337890625
132,1774676058.3474813,optimizer,0.0022129956632852554,555.96337890625
133,1774676058.5461223,forward,0.19395622797310352,21945.849609375
133,1774676058.9482565,backward,0.40190389193594456,555.96337890625
133,1774676058.950975,optimizer,0.0022071581333875656,555.96337890625
134,1774676059.1498554,forward,0.19385405629873276,21945.849609375
134,1774676059.551796,backward,0.4017305951565504,555.96337890625
134,1774676059.554521,optimizer,0.002213088795542717,555.96337890625
135,1774676059.7534235,forward,0.19392994791269302,21945.849609375
135,1774676060.1556768,backward,0.40204527229070663,555.96337890625
135,1774676060.1583781,optimizer,0.00220412015914917,555.96337890625
136,1774676060.3569374,forward,0.19388663582503796,21945.849609375
136,1774676060.759185,backward,0.40195106342434883,555.96337890625
136,1774676060.7619987,optimizer,0.002298319712281227,555.96337890625
137,1774676060.9606745,forward,0.1938733570277691,21945.849609375
137,1774676061.3626328,backward,0.40175529569387436,555.96337890625
137,1774676061.365342,optimizer,0.0022056568413972855,555.96337890625
138,1774676061.5642219,forward,0.1939989011734724,21945.849609375
138,1774676061.9661653,backward,0.4017360471189022,555.96337890625
138,1774676061.9688709,optimizer,0.002204546704888344,555.96337890625
139,1774676062.1676085,forward,0.19397065043449402,21945.849609375
139,1774676062.5694885,backward,0.40167111344635487,555.96337890625
139,1774676062.572206,optimizer,0.0022059474140405655,555.96337890625
140,1774676062.7710729,forward,0.19385892525315285,21945.849609375
140,1774676063.1732194,backward,0.40193895995616913,555.96337890625
140,1774676063.1759293,optimizer,0.0021985378116369247,555.96337890625
141,1774676063.3745682,forward,0.19394621811807156,21945.849609375
141,1774676063.776666,backward,0.40188962034881115,555.96337890625
141,1774676063.7794192,optimizer,0.0022435076534748077,555.96337890625
142,1774676063.978024,forward,0.1939162276685238,21945.849609375
142,1774676064.3801794,backward,0.4019495006650686,555.96337890625
142,1774676064.3828864,optimizer,0.002203388139605522,555.96337890625
143,1774676064.581448,forward,0.19387701898813248,21945.849609375
143,1774676064.9837177,backward,0.4020611811429262,555.96337890625
143,1774676064.986453,optimizer,0.0022288765758275986,555.96337890625
144,1774676065.1848922,forward,0.19375304505228996,21945.849609375
144,1774676065.58688,backward,0.4017739351838827,555.96337890625
144,1774676065.5900528,optimizer,0.002359103411436081,555.96337890625
145,1774676065.7891858,forward,0.1939782276749611,21945.849609375
145,1774676066.1913052,backward,0.4019180703908205,555.96337890625
145,1774676066.1940172,optimizer,0.0021954569965600967,555.96337890625
146,1774676066.392596,forward,0.19386442564427853,21945.849609375
146,1774676066.794869,backward,0.4020534623414278,555.96337890625
146,1774676066.797578,optimizer,0.0022019483149051666,555.96337890625
147,1774676066.9963338,forward,0.1939285285770893,21945.849609375
147,1774676067.3984637,backward,0.4019277226179838,555.96337890625
147,1774676067.4011772,optimizer,0.0022031571716070175,555.96337890625
148,1774676067.599775,forward,0.19390710815787315,21945.849609375
148,1774676068.0021148,backward,0.4021327756345272,555.96337890625
148,1774676068.0048327,optimizer,0.002195917069911957,555.96337890625
149,1774676068.2034335,forward,0.19392847642302513,21945.849609375
149,1774676068.6055872,backward,0.40195726975798607,555.96337890625
149,1774676068.608303,optimizer,0.002198450267314911,555.96337890625
150,1774676068.8072503,forward,0.19391833804547787,21945.849609375
150,1774676069.2093258,backward,0.40187130868434906,555.96337890625
150,1774676069.212034,optimizer,0.002190748229622841,555.96337890625
151,1774676069.4110236,forward,0.19385450892150402,21945.849609375
151,1774676069.8133464,backward,0.402120653539896,555.96337890625
151,1774676069.8160756,optimizer,0.0022181663662195206,555.96337890625
152,1774676070.0147626,forward,0.19388661533594131,21945.849609375
152,1774676070.4168725,backward,0.40191479213535786,555.96337890625
152,1774676070.4196322,optimizer,0.0022440869361162186,555.96337890625
153,1774676070.6181507,forward,0.19384128786623478,21945.849609375
153,1774676071.020291,backward,0.40193883888423443,555.96337890625
153,1774676071.0233378,optimizer,0.0022818073630332947,555.96337890625
154,1774676071.222236,forward,0.19400139153003693,21945.849609375
154,1774676071.6244545,backward,0.4020156115293503,555.96337890625
154,1774676071.6271944,optimizer,0.0022329874336719513,555.96337890625
155,1774676071.8261597,forward,0.1938679087907076,21945.849609375
155,1774676072.2284563,backward,0.40210428088903427,555.96337890625
155,1774676072.2311902,optimizer,0.002218155190348625,555.96337890625
156,1774676072.4301498,forward,0.19391381926834583,21945.849609375
156,1774676072.8324933,backward,0.40214207395911217,555.96337890625
156,1774676072.8352253,optimizer,0.0022174473851919174,555.96337890625
157,1774676073.0337887,forward,0.1938932090997696,21945.849609375
157,1774676073.4360325,backward,0.4020500220358372,555.96337890625
157,1774676073.4387655,optimizer,0.002223266288638115,555.96337890625
158,1774676073.6374214,forward,0.19395669922232628,21945.849609375
158,1774676074.0396905,backward,0.4020631145685911,555.96337890625
158,1774676074.042409,optimizer,0.0022071879357099533,555.96337890625
159,1774676074.2408986,forward,0.19382783770561218,21945.849609375
159,1774676074.6431003,backward,0.4020040016621351,555.96337890625
159,1774676074.6458156,optimizer,0.0022041872143745422,555.96337890625
160,1774676074.8447235,forward,0.19395177997648716,21945.849609375
160,1774676075.2470121,backward,0.4020768441259861,555.96337890625
160,1774676075.2497227,optimizer,0.0022031068801879883,555.96337890625
161,1774676075.448577,forward,0.1938966978341341,21945.849609375
161,1774676075.8507676,backward,0.4019885528832674,555.96337890625
161,1774676075.8534858,optimizer,0.0022101346403360367,555.96337890625
162,1774676076.0520456,forward,0.1938670091331005,21945.849609375
162,1774676076.4541478,backward,0.4019001107662916,555.96337890625
162,1774676076.4571054,optimizer,0.002359120175242424,555.96337890625
163,1774676076.6559567,forward,0.19398256950080395,21945.849609375
163,1774676077.058211,backward,0.4020461831241846,555.96337890625
163,1774676077.0609388,optimizer,0.002209378406405449,555.96337890625
164,1774676077.2598798,forward,0.19386784546077251,21945.849609375
164,1774676077.6619475,backward,0.4018633384257555,555.96337890625
164,1774676077.664661,optimizer,0.002199709415435791,555.96337890625
165,1774676077.8635707,forward,0.19383623637259007,21945.849609375
165,1774676078.2657225,backward,0.4019481912255287,555.96337890625
165,1774676078.2684405,optimizer,0.00220382958650589,555.96337890625
166,1774676078.468273,forward,0.19393500871956348,21945.849609375
166,1774676078.8702788,backward,0.40179935470223427,555.96337890625
166,1774676078.8730316,optimizer,0.0022457893937826157,555.96337890625
167,1774676079.071472,forward,0.19382171891629696,21945.849609375
167,1774676079.4737847,backward,0.40211328491568565,555.96337890625
167,1774676079.476505,optimizer,0.0022129975259304047,555.96337890625
168,1774676079.6750174,forward,0.19386068731546402,21945.849609375
168,1774676080.0771978,backward,0.4019670095294714,555.96337890625
168,1774676080.079935,optimizer,0.0022210683673620224,555.96337890625
169,1774676080.2785404,forward,0.19388971664011478,21945.849609375
169,1774676080.6802974,backward,0.4015795327723026,555.96337890625
169,1774676080.6830387,optimizer,0.0022247880697250366,555.96337890625
170,1774676080.8817163,forward,0.19398765824735165,21945.849609375
170,1774676081.2839224,backward,0.4020019415766001,555.96337890625
170,1774676081.286653,optimizer,0.002222258597612381,555.96337890625
171,1774676081.4854507,forward,0.19377614744007587,21945.849609375
171,1774676081.8878698,backward,0.40213884226977825,555.96337890625
171,1774676081.8906367,optimizer,0.0022523067891597748,555.96337890625
172,1774676082.0893195,forward,0.19381742738187313,21945.849609375
172,1774676082.491464,backward,0.4019404109567404,555.96337890625
172,1774676082.4941905,optimizer,0.002214040607213974,555.96337890625
173,1774676082.6927903,forward,0.19391428865492344,21945.849609375
173,1774676083.0945592,backward,0.4015637431293726,555.96337890625
173,1774676083.097279,optimizer,0.0022187083959579468,555.96337890625
174,1774676083.2959082,forward,0.19393195025622845,21945.849609375
174,1774676083.6980853,backward,0.4019750002771616,555.96337890625
174,1774676083.7008033,optimizer,0.0022125504910945892,555.96337890625
175,1774676083.8993618,forward,0.1938717681914568,21945.849609375
175,1774676084.3016038,backward,0.4020349122583866,555.96337890625
175,1774676084.3043242,optimizer,0.0022076480090618134,555.96337890625
176,1774676084.503182,forward,0.19382673874497414,21945.849609375
176,1774676084.9053252,backward,0.40192083828151226,555.96337890625
176,1774676084.9080582,optimizer,0.002213500440120697,555.96337890625
177,1774676085.1067493,forward,0.19383460842072964,21945.849609375
177,1774676085.508703,backward,0.401746416464448,555.96337890625
177,1774676085.5114343,optimizer,0.00221996009349823,555.96337890625
178,1774676085.7099915,forward,0.1938630286604166,21945.849609375
178,1774676086.1121998,backward,0.402004212141037,555.96337890625
178,1774676086.1149359,optimizer,0.0022211577743291855,555.96337890625
179,1774676086.3134987,forward,0.1938602179288864,21945.849609375
179,1774676086.7157652,backward,0.4020536635071039,555.96337890625
179,1774676086.7184892,optimizer,0.002204500138759613,555.96337890625
180,1774676086.917173,forward,0.19398503005504608,21945.849609375
180,1774676087.3193917,backward,0.40201621130108833,555.96337890625
180,1774676087.3221061,optimizer,0.0022059399634599686,555.96337890625
181,1774676087.5210779,forward,0.19394515827298164,21945.849609375
181,1774676087.9230294,backward,0.40174557641148567,555.96337890625
181,1774676087.9257581,optimizer,0.0022094473242759705,555.96337890625
182,1774676088.1246603,forward,0.19388940744102,21945.849609375
182,1774676088.5270169,backward,0.4021442364901304,555.96337890625
182,1774676088.5303845,optimizer,0.0027091987431049347,555.96337890625
183,1774676088.729159,forward,0.19394158758223057,21945.849609375
183,1774676089.131452,backward,0.402093144133687,555.96337890625
183,1774676089.134177,optimizer,0.0022048670798540115,555.96337890625
184,1774676089.3327472,forward,0.19387796893715858,21945.849609375
184,1774676089.735188,backward,0.4022419638931751,555.96337890625
184,1774676089.73792,optimizer,0.002214929088950157,555.96337890625
185,1774676089.9364846,forward,0.19386988505721092,21945.849609375
185,1774676090.338658,backward,0.40197331085801125,555.96337890625
185,1774676090.3413773,optimizer,0.002209128811955452,555.96337890625
186,1774676090.540479,forward,0.19393506087362766,21945.849609375
186,1774676090.9425585,backward,0.401868699118495,555.96337890625
186,1774676090.945287,optimizer,0.002218889072537422,555.96337890625
187,1774676091.1443048,forward,0.19396203942596912,21945.849609375
187,1774676091.5465488,backward,0.4020407907664776,555.96337890625
187,1774676091.5492728,optimizer,0.002215169370174408,555.96337890625
188,1774676091.7477798,forward,0.19381059519946575,21945.849609375
188,1774676092.1498148,backward,0.4018393699079752,555.96337890625
188,1774676092.1525197,optimizer,0.0021982695907354355,555.96337890625
189,1774676092.351145,forward,0.19393201917409897,21945.849609375
189,1774676092.7535677,backward,0.40220424719154835,555.96337890625
189,1774676092.7562842,optimizer,0.002214629203081131,555.96337890625
190,1774676092.9553115,forward,0.19404922984540462,21945.849609375
190,1774676093.3572557,backward,0.40174116753041744,555.96337890625
190,1774676093.3600159,optimizer,0.0022064950317144394,555.96337890625
191,1774676093.5591977,forward,0.19394643791019917,21945.849609375
191,1774676093.961284,backward,0.4018743075430393,555.96337890625
191,1774676093.964032,optimizer,0.002218058332800865,555.96337890625
192,1774676094.1628861,forward,0.1938963271677494,21945.849609375
192,1774676094.5650017,backward,0.40189669094979763,555.96337890625
192,1774676094.5677276,optimizer,0.002208128571510315,555.96337890625
193,1774676094.7662218,forward,0.1938137151300907,21945.849609375
193,1774676095.1681354,backward,0.401703916490078,555.96337890625
193,1774676095.171326,optimizer,0.002373330295085907,555.96337890625
194,1774676095.3701203,forward,0.19399862922728062,21945.849609375
194,1774676095.7726095,backward,0.4022757578641176,555.96337890625
194,1774676095.7753844,optimizer,0.0022628381848335266,555.96337890625
195,1774676095.973917,forward,0.19384280778467655,21945.849609375
195,1774676096.3759892,backward,0.4018653593957424,555.96337890625
195,1774676096.3787005,optimizer,0.0022055767476558685,555.96337890625
196,1774676096.577588,forward,0.19391919672489166,21945.849609375
196,1774676096.9797647,backward,0.40197086334228516,555.96337890625
196,1774676096.982499,optimizer,0.0022225994616746902,555.96337890625
197,1774676097.1813772,forward,0.1939153578132391,21945.849609375
197,1774676097.5834274,backward,0.4018386881798506,555.96337890625
197,1774676097.5861578,optimizer,0.002211855724453926,555.96337890625
198,1774676097.7848349,forward,0.1939732190221548,21945.849609375
198,1774676098.1869905,backward,0.4019573424011469,555.96337890625
198,1774676098.1897123,optimizer,0.002204667776823044,555.96337890625
199,1774676098.3883488,forward,0.19395611062645912,21945.849609375
199,1774676098.7906942,backward,0.4021400026977062,555.96337890625
199,1774676098.7934453,optimizer,0.002236688509583473,555.96337890625
200,1774676098.992255,forward,0.19396944902837276,21945.849609375
200,1774676099.3942738,backward,0.40183803997933865,555.96337890625
200,1774676099.3969886,optimizer,0.0022021178156137466,555.96337890625
201,1774676099.5955827,forward,0.19390507973730564,21945.849609375
201,1774676099.9977431,backward,0.401956208050251,555.96337890625
201,1774676100.0004616,optimizer,0.0022047776728868484,555.96337890625
202,1774676100.199515,forward,0.19390246830880642,21945.849609375
202,1774676100.6018474,backward,0.40213072299957275,555.96337890625
202,1774676100.604587,optimizer,0.0022101067006587982,555.96337890625
203,1774676100.80315,forward,0.19388177059590816,21945.849609375
203,1774676101.205578,backward,0.40221921540796757,555.96337890625
203,1774676101.2082968,optimizer,0.002201138064265251,555.96337890625
204,1774676101.4069252,forward,0.19393664970993996,21945.849609375
204,1774676101.8090858,backward,0.40195247158408165,555.96337890625
204,1774676101.811822,optimizer,0.002215227112174034,555.96337890625
205,1774676102.010352,forward,0.19384430721402168,21945.849609375
205,1774676102.4128242,backward,0.4022046662867069,555.96337890625
205,1774676102.4155838,optimizer,0.0022187288850545883,555.96337890625
206,1774676102.6142244,forward,0.19392397813498974,21945.849609375
206,1774676103.0163853,backward,0.40195260010659695,555.96337890625
206,1774676103.0191221,optimizer,0.002214048057794571,555.96337890625
207,1774676103.218043,forward,0.19384567812085152,21945.849609375
207,1774676103.6202612,backward,0.40201788023114204,555.96337890625
207,1774676103.6230114,optimizer,0.0022160597145557404,555.96337890625
208,1774676103.8216064,forward,0.19390818662941456,21945.849609375
208,1774676104.2239358,backward,0.4021231569349766,555.96337890625
208,1774676104.2266667,optimizer,0.0022070668637752533,555.96337890625
209,1774676104.425296,forward,0.19391709007322788,21945.849609375
209,1774676104.827636,backward,0.40212221443653107,555.96337890625
209,1774676104.8303723,optimizer,0.002208961173892021,555.96337890625
210,1774676105.028929,forward,0.19386385940015316,21945.849609375
210,1774676105.4314997,backward,0.40236565843224525,555.96337890625
210,1774676105.434223,optimizer,0.0022018570452928543,555.96337890625
211,1774676105.632627,forward,0.19371987506747246,21945.849609375
211,1774676106.0347376,backward,0.40190757997334003,555.96337890625
211,1774676106.0374644,optimizer,0.0022040773183107376,555.96337890625
212,1774676106.2365084,forward,0.19396655820310116,21945.849609375
212,1774676106.6387947,backward,0.4020807817578316,555.96337890625
212,1774676106.6415095,optimizer,0.0022016484290361404,555.96337890625
213,1774676106.8401444,forward,0.19383604638278484,21945.849609375
213,1774676107.242194,backward,0.40184006839990616,555.96337890625
213,1774676107.2449331,optimizer,0.002222200855612755,555.96337890625
214,1774676107.443519,forward,0.19389734789729118,21945.849609375
214,1774676107.84578,backward,0.4020480439066887,555.96337890625
214,1774676107.8484945,optimizer,0.002198588103055954,555.96337890625
215,1774676108.0470781,forward,0.19388082809746265,21945.849609375
215,1774676108.449169,backward,0.4018864296376705,555.96337890625
215,1774676108.451913,optimizer,0.0022123679518699646,555.96337890625
216,1774676108.6507006,forward,0.19389996863901615,21945.849609375
216,1774676109.0529017,backward,0.40198368951678276,555.96337890625
216,1774676109.055917,optimizer,0.0023958720266819,555.96337890625
217,1774676109.259112,forward,0.19403379037976265,21945.849609375
217,1774676109.6611922,backward,0.40185128152370453,555.96337890625
217,1774676109.6639132,optimizer,0.002201780676841736,555.96337890625
218,1774676109.8626173,forward,0.1939054485410452,21945.849609375
218,1774676110.2647204,backward,0.4018927998840809,555.96337890625
218,1774676110.2674596,optimizer,0.0022297296673059464,555.96337890625
219,1774676110.4660363,forward,0.19393158704042435,21945.849609375
219,1774676110.868312,backward,0.40205596201121807,555.96337890625
219,1774676110.8710406,optimizer,0.0022148769348859787,555.96337890625
220,1774676111.0694797,forward,0.19380047731101513,21945.849609375
220,1774676111.4714556,backward,0.4017565678805113,555.96337890625
220,1774676111.4741805,optimizer,0.002204097807407379,555.96337890625
221,1774676111.673054,forward,0.1938774287700653,21945.849609375
221,1774676112.0752223,backward,0.4019595831632614,555.96337890625
221,1774676112.0779545,optimizer,0.002205178141593933,555.96337890625
222,1774676112.2768307,forward,0.1938039381057024,21945.849609375
222,1774676112.6791456,backward,0.4021077733486891,555.96337890625
222,1774676112.6818666,optimizer,0.002205006778240204,555.96337890625
223,1774676112.8804102,forward,0.19382811710238457,21945.849609375
223,1774676113.2828047,backward,0.40218604542315006,555.96337890625
223,1774676113.2855208,optimizer,0.0021965354681015015,555.96337890625
224,1774676113.4840758,forward,0.19385107792913914,21945.849609375
224,1774676113.886389,backward,0.40210037492215633,555.96337890625
224,1774676113.8891602,optimizer,0.002249259501695633,555.96337890625
225,1774676114.087775,forward,0.1939068678766489,21945.849609375
225,1774676114.4901524,backward,0.40216725692152977,555.96337890625
225,1774676114.4928622,optimizer,0.0021958407014608383,555.96337890625
226,1774676114.691717,forward,0.19396847672760487,21945.849609375
226,1774676115.0936093,backward,0.40168422646820545,555.96337890625
226,1774676115.096333,optimizer,0.002199048176407814,555.96337890625
227,1774676115.2953985,forward,0.19397366046905518,21945.849609375
227,1774676115.6976492,backward,0.40204458497464657,555.96337890625
227,1774676115.7003872,optimizer,0.002216476947069168,555.96337890625
228,1774676115.899008,forward,0.1939326599240303,21945.849609375
228,1774676116.3014867,backward,0.40220038406550884,555.96337890625
228,1774676116.3042705,optimizer,0.0022504106163978577,555.96337890625
229,1774676116.50308,forward,0.19395788945257664,21945.849609375
229,1774676116.905312,backward,0.40202402137219906,555.96337890625
229,1774676116.908045,optimizer,0.0022129472345113754,555.96337890625
230,1774676117.1067846,forward,0.19390771724283695,21945.849609375
230,1774676117.5089605,backward,0.40196465142071247,555.96337890625
230,1774676117.51169,optimizer,0.0022119898349046707,555.96337890625
231,1774676117.7103236,forward,0.19395730830729008,21945.849609375
231,1774676118.112796,backward,0.4022679962217808,555.96337890625
231,1774676118.1155186,optimizer,0.002204006537795067,555.96337890625
232,1774676118.3143964,forward,0.19388489611446857,21945.849609375
232,1774676118.7167153,backward,0.4021066650748253,555.96337890625
232,1774676118.7194364,optimizer,0.00221242755651474,555.96337890625
233,1774676118.9180007,forward,0.19387664645910263,21945.849609375
233,1774676119.3200397,backward,0.4018339477479458,555.96337890625
233,1774676119.3227618,optimizer,0.0022059809416532516,555.96337890625
234,1774676119.5212748,forward,0.1938458476215601,21945.849609375
234,1774676119.9235325,backward,0.4020578507333994,555.96337890625
234,1774676119.9262562,optimizer,0.002200838178396225,555.96337890625
235,1774676120.1247911,forward,0.19386693835258484,21945.849609375
235,1774676120.5270758,backward,0.4020802043378353,555.96337890625
235,1774676120.529802,optimizer,0.0022137705236673355,555.96337890625
236,1774676120.7284167,forward,0.1939235869795084,21945.849609375
236,1774676121.1307242,backward,0.402106374502182,555.96337890625
236,1774676121.133439,optimizer,0.0022014081478118896,555.96337890625
237,1774676121.3324718,forward,0.19397147931158543,21945.849609375
237,1774676121.7344694,backward,0.4017964955419302,555.96337890625
237,1774676121.73721,optimizer,0.0022296011447906494,555.96337890625
238,1774676121.9369051,forward,0.19379566796123981,21945.849609375
238,1774676122.3392794,backward,0.40217485651373863,555.96337890625
238,1774676122.34199,optimizer,0.002216009423136711,555.96337890625
239,1774676122.5405226,forward,0.19390030018985271,21945.849609375
239,1774676122.9424148,backward,0.4017112459987402,555.96337890625
239,1774676122.9451532,optimizer,0.0022276602685451508,555.96337890625
240,1774676123.6370597,forward,0.194511029869318,21945.849609375
240,1774676124.0393364,backward,0.40202672220766544,555.96337890625
240,1774676124.0424724,optimizer,0.002633344382047653,555.96337890625
241,1774676124.2420592,forward,0.19427848607301712,21945.849609375
241,1774676124.6445172,backward,0.4022220354527235,555.96337890625
241,1774676124.6472738,optimizer,0.0022473689168691635,555.96337890625
242,1774676124.8459406,forward,0.19384550862014294,21945.849609375
242,1774676125.2483366,backward,0.4021075442433357,555.96337890625
242,1774676125.2511928,optimizer,0.0023198798298835754,555.96337890625
243,1774676125.45393,forward,0.19394299946725368,21945.849609375
243,1774676125.8561304,backward,0.40199267119169235,555.96337890625
243,1774676125.8588762,optimizer,0.0022275205701589584,555.96337890625
244,1774676126.057436,forward,0.19392377883195877,21945.849609375
244,1774676126.4595792,backward,0.40193369053304195,555.96337890625
244,1774676126.4623244,optimizer,0.002222619950771332,555.96337890625
245,1774676126.6609323,forward,0.1939710881561041,21945.849609375
245,1774676127.063179,backward,0.4020374622195959,555.96337890625
245,1774676127.065935,optimizer,0.002240346744656563,555.96337890625
246,1774676127.2644475,forward,0.19385965913534164,21945.849609375
246,1774676127.6664593,backward,0.40180750750005245,555.96337890625
246,1774676127.6692011,optimizer,0.00222119502723217,555.96337890625
247,1774676127.868244,forward,0.19388474710285664,21945.849609375
247,1774676128.2705224,backward,0.4020738359540701,555.96337890625
247,1774676128.273274,optimizer,0.0022251885384321213,555.96337890625
248,1774676128.4721177,forward,0.1937866471707821,21945.849609375
248,1774676128.8745112,backward,0.40217946469783783,555.96337890625
248,1774676128.8772519,optimizer,0.002222588285803795,555.96337890625
249,1774676129.0758362,forward,0.19389670714735985,21945.849609375
249,1774676129.4781685,backward,0.4021217841655016,555.96337890625
249,1774676129.4809113,optimizer,0.002220509573817253,555.96337890625
250,1774676129.6794968,forward,0.19390075094997883,21945.849609375
250,1774676130.0817287,backward,0.4020227398723364,555.96337890625
250,1774676130.0844665,optimizer,0.002219241112470627,555.96337890625
251,1774676130.28313,forward,0.19388837926089764,21945.849609375
251,1774676130.6852846,backward,0.4019424691796303,555.96337890625
251,1774676130.6880481,optimizer,0.002223750576376915,555.96337890625
252,1774676130.8869252,forward,0.19387920014560223,21945.849609375
252,1774676131.2890234,backward,0.4018947407603264,555.96337890625
252,1774676131.2917683,optimizer,0.002229059115052223,555.96337890625
253,1774676131.4906027,forward,0.19378207623958588,21945.849609375
253,1774676131.8928394,backward,0.4020331222563982,555.96337890625
253,1774676131.8955884,optimizer,0.002227509394288063,555.96337890625
254,1774676132.0940733,forward,0.1937891636043787,21945.849609375
254,1774676132.4964328,backward,0.40215948410332203,555.96337890625
254,1774676132.4992251,optimizer,0.0022450685501098633,555.96337890625
255,1774676132.697999,forward,0.1939257401973009,21945.849609375
255,1774676133.100415,backward,0.4022015128284693,555.96337890625
255,1774676133.103169,optimizer,0.0022235680371522903,555.96337890625
256,1774676133.301824,forward,0.1938578076660633,21945.849609375
256,1774676133.7043264,backward,0.40227268636226654,555.96337890625
256,1774676133.7070947,optimizer,0.0022289492189884186,555.96337890625
257,1774676133.9059405,forward,0.19383192621171474,21945.849609375
257,1774676134.3081686,backward,0.40202367305755615,555.96337890625
257,1774676134.3109162,optimizer,0.0022314470261335373,555.96337890625
258,1774676134.5098872,forward,0.19390819780528545,21945.849609375
258,1774676134.9120047,backward,0.4019074998795986,555.96337890625
258,1774676134.9147422,optimizer,0.0022172480821609497,555.96337890625
259,1774676135.1133263,forward,0.19390655681490898,21945.849609375
259,1774676135.5153503,backward,0.4018067494034767,555.96337890625
259,1774676135.5180938,optimizer,0.0022164806723594666,555.96337890625
260,1774676135.7166445,forward,0.1938528884202242,21945.849609375
260,1774676136.1188803,backward,0.4020314011722803,555.96337890625
260,1774676136.1216059,optimizer,0.002211298793554306,555.96337890625
261,1774676136.3201284,forward,0.19384250789880753,21945.849609375
261,1774676136.7223203,backward,0.40199486166238785,555.96337890625
261,1774676136.725064,optimizer,0.002209041267633438,555.96337890625
262,1774676136.923767,forward,0.19398930110037327,21945.849609375
262,1774676137.326091,backward,0.4021143242716789,555.96337890625
262,1774676137.3288422,optimizer,0.002227840945124626,555.96337890625
263,1774676137.527792,forward,0.19394106790423393,21945.849609375
263,1774676137.9300349,backward,0.4020319748669863,555.96337890625
263,1774676137.9327893,optimizer,0.0022258758544921875,555.96337890625
264,1774676138.131399,forward,0.19394541904330254,21945.849609375
264,1774676138.5335524,backward,0.40194644033908844,555.96337890625
264,1774676138.5362937,optimizer,0.0022219400852918625,555.96337890625
265,1774676138.734877,forward,0.19390108808875084,21945.849609375
265,1774676139.136985,backward,0.40189338847994804,555.96337890625
265,1774676139.1397278,optimizer,0.0022240672260522842,555.96337890625
266,1774676139.3382475,forward,0.19381721690297127,21945.849609375
266,1774676139.7402225,backward,0.40177072770893574,555.96337890625
266,1774676139.7429726,optimizer,0.0022350680083036423,555.96337890625
267,1774676139.9415712,forward,0.19386536814272404,21945.849609375
267,1774676140.3437235,backward,0.40193261951208115,555.96337890625
267,1774676140.3464637,optimizer,0.002214636653661728,555.96337890625
268,1774676140.5453343,forward,0.193982670083642,21945.849609375
268,1774676140.9473722,backward,0.40182190015912056,555.96337890625
268,1774676140.9501126,optimizer,0.002218378707766533,555.96337890625
269,1774676141.149052,forward,0.19394649751484394,21945.849609375
269,1774676141.5511792,backward,0.40192143991589546,555.96337890625
269,1774676141.5539112,optimizer,0.002214718610048294,555.96337890625
270,1774676141.7525182,forward,0.1939285770058632,21945.849609375
270,1774676142.1551628,backward,0.40239677019417286,555.96337890625
270,1774676142.1579323,optimizer,0.0022354573011398315,555.96337890625
271,1774676142.3566043,forward,0.19395380839705467,21945.849609375
271,1774676142.7589316,backward,0.4021204747259617,555.96337890625
271,1774676142.7616806,optimizer,0.002227896824479103,555.96337890625
272,1774676142.9601846,forward,0.19380282796919346,21945.849609375
272,1774676143.3623254,backward,0.4019391406327486,555.96337890625
272,1774676143.365058,optimizer,0.002216717228293419,555.96337890625
273,1774676143.5641253,forward,0.19390065968036652,21945.849609375
273,1774676143.9662395,backward,0.4019169081002474,555.96337890625
273,1774676143.9689906,optimizer,0.0022244080901145935,555.96337890625
274,1774676144.167994,forward,0.19392959773540497,21945.849609375
274,1774676144.5702448,backward,0.40203871950507164,555.96337890625
274,1774676144.572986,optimizer,0.00221884623169899,555.96337890625
275,1774676144.771672,forward,0.19390608742833138,21945.849609375
275,1774676145.1737423,backward,0.4018637277185917,555.96337890625
275,1774676145.1764708,optimizer,0.002213340252637863,555.96337890625
276,1774676145.3750653,forward,0.19390134699642658,21945.849609375
276,1774676145.777242,backward,0.4019762612879276,555.96337890625
276,1774676145.7799933,optimizer,0.00221879780292511,555.96337890625
277,1774676145.9786956,forward,0.19399487972259521,21945.849609375
277,1774676146.380988,backward,0.4020838625729084,555.96337890625
277,1774676146.3837404,optimizer,0.0022304970771074295,555.96337890625
278,1774676146.5828013,forward,0.19392976723611355,21945.849609375
278,1774676146.9847834,backward,0.40177635848522186,555.96337890625
278,1774676146.9875348,optimizer,0.0022320207208395004,555.96337890625
279,1774676147.186494,forward,0.19386744685471058,21945.849609375
279,1774676147.5885687,backward,0.40185659006237984,555.96337890625
279,1774676147.5913198,optimizer,0.002229088917374611,555.96337890625
280,1774676147.789928,forward,0.1939075794070959,21945.849609375
280,1774676148.1921341,backward,0.40200074948370457,555.96337890625
280,1774676148.194874,optimizer,0.002219017595052719,555.96337890625
281,1774676148.3934407,forward,0.19388560764491558,21945.849609375
281,1774676148.7958379,backward,0.4021866973489523,555.96337890625
281,1774676148.7985694,optimizer,0.002211388200521469,555.96337890625
282,1774676148.9972718,forward,0.19388005696237087,21945.849609375
282,1774676149.3993778,backward,0.40190122835338116,555.96337890625
282,1774676149.4021199,optimizer,0.002222420647740364,555.96337890625
283,1774676149.6008515,forward,0.1938673872500658,21945.849609375
283,1774676150.0031211,backward,0.40205799229443073,555.96337890625
283,1774676150.0058534,optimizer,0.0022170506417751312,555.96337890625
284,1774676150.2049365,forward,0.1939172688871622,21945.849609375
284,1774676150.6069853,backward,0.4018378108739853,555.96337890625
284,1774676150.6099594,optimizer,0.0023656804114580154,555.96337890625
285,1774676150.808769,forward,0.19383301585912704,21945.849609375
285,1774676151.2108319,backward,0.40185678005218506,555.96337890625
285,1774676151.2135668,optimizer,0.002212679013609886,555.96337890625
286,1774676151.4121687,forward,0.1939023844897747,21945.849609375
286,1774676151.8142653,backward,0.4018838703632355,555.96337890625
286,1774676151.8169997,optimizer,0.0022091474384069443,555.96337890625
287,1774676152.0154703,forward,0.19377343356609344,21945.849609375
287,1774676152.4175973,backward,0.40191945992410183,555.96337890625
287,1774676152.42034,optimizer,0.0022008176892995834,555.96337890625
288,1774676152.619077,forward,0.19402828812599182,21945.849609375
288,1774676153.0210302,backward,0.40173082798719406,555.96337890625
288,1774676153.023772,optimizer,0.002211598679423332,555.96337890625
289,1774676153.222775,forward,0.19393059238791466,21945.849609375
289,1774676153.6248717,backward,0.40189067274332047,555.96337890625
289,1774676153.627619,optimizer,0.00222080759704113,555.96337890625
290,1774676153.8261952,forward,0.1938802432268858,21945.849609375
290,1774676154.2282913,backward,0.40188825130462646,555.96337890625
290,1774676154.231028,optimizer,0.0022157281637191772,555.96337890625
291,1774676154.429635,forward,0.19395561516284943,21945.849609375
291,1774676154.8318534,backward,0.40201618149876595,555.96337890625
291,1774676154.8345795,optimizer,0.002191668376326561,555.96337890625
292,1774676155.0333192,forward,0.19387113116681576,21945.849609375
292,1774676155.4355674,backward,0.40204295329749584,555.96337890625
292,1774676155.4382958,optimizer,0.002196267247200012,555.96337890625
293,1774676155.636827,forward,0.19386310502886772,21945.849609375
293,1774676156.0390468,backward,0.40200276486575603,555.96337890625
293,1774676156.0417676,optimizer,0.002196207642555237,555.96337890625
294,1774676156.2443395,forward,0.19385174475610256,21945.849609375
294,1774676156.6466684,backward,0.40212326496839523,555.96337890625
294,1774676156.649397,optimizer,0.002206128090620041,555.96337890625
295,1774676156.8478584,forward,0.19382121413946152,21945.849609375
295,1774676157.2501645,backward,0.4020973462611437,555.96337890625
295,1774676157.2528868,optimizer,0.0021939966827630997,555.96337890625
296,1774676157.4513881,forward,0.19384676404297352,21945.849609375
296,1774676157.85365,backward,0.40204930305480957,555.96337890625
296,1774676157.8563743,optimizer,0.0021971073001623154,555.96337890625
297,1774676158.0549808,forward,0.19385937228798866,21945.849609375
297,1774676158.457206,backward,0.4020172003656626,555.96337890625
297,1774676158.4599411,optimizer,0.0022010579705238342,555.96337890625
298,1774676158.6588855,forward,0.19387923553586006,21945.849609375
298,1774676159.0609388,backward,0.40184780210256577,555.96337890625
298,1774676159.063839,optimizer,0.0022925008088350296,555.96337890625
299,1774676159.2628844,forward,0.19386177137494087,21945.849609375
299,1774676159.6652014,backward,0.4021096248179674,555.96337890625
299,1774676159.667938,optimizer,0.002202097326517105,555.96337890625
300,1774676159.8664396,forward,0.19380813278257847,21945.849609375
300,1774676160.2686303,backward,0.4019796345382929,555.96337890625
300,1774676160.2713668,optimizer,0.0022141188383102417,555.96337890625
301,1774676160.4698849,forward,0.19383698515594006,21945.849609375
301,1774676160.8722472,backward,0.40215834602713585,555.96337890625
301,1774676160.874989,optimizer,0.002208476886153221,555.96337890625
302,1774676161.073626,forward,0.19386628456413746,21945.849609375
302,1774676161.4756472,backward,0.40180546045303345,555.96337890625
302,1774676161.4783676,optimizer,0.002199709415435791,555.96337890625
303,1774676161.6771271,forward,0.19386026449501514,21945.849609375
303,1774676162.0792034,backward,0.4018695782870054,555.96337890625
303,1774676162.081915,optimizer,0.002196807414293289,555.96337890625
304,1774676162.2807357,forward,0.19382596388459206,21945.849609375
304,1774676162.6827486,backward,0.40181380324065685,555.96337890625
304,1774676162.685485,optimizer,0.0021917279809713364,555.96337890625
305,1774676162.8840659,forward,0.1938911136239767,21945.849609375
305,1774676163.28608,backward,0.4018085412681103,555.96337890625
305,1774676163.2888105,optimizer,0.002205587923526764,555.96337890625
306,1774676163.487299,forward,0.1938071120530367,21945.849609375
306,1774676163.8892972,backward,0.4017957393079996,555.96337890625
306,1774676163.8920157,optimizer,0.0021977070719003677,555.96337890625
307,1774676164.090633,forward,0.1939130537211895,21945.849609375
307,1774676164.492809,backward,0.4019726403057575,555.96337890625
307,1774676164.495539,optimizer,0.0022031888365745544,555.96337890625
308,1774676164.694079,forward,0.19385852478444576,21945.849609375
308,1774676165.0960457,backward,0.4017593991011381,555.96337890625
308,1774676165.0987737,optimizer,0.002200428396463394,555.96337890625
309,1774676165.2977943,forward,0.19393179565668106,21945.849609375
309,1774676165.7000632,backward,0.4020694438368082,555.96337890625
309,1774676165.702782,optimizer,0.0022054072469472885,555.96337890625
310,1774676165.9016044,forward,0.19382842257618904,21945.849609375
310,1774676166.303575,backward,0.4017664398998022,555.96337890625
310,1774676166.3062842,optimizer,0.002188596874475479,555.96337890625
311,1774676166.5049286,forward,0.19395653530955315,21945.849609375
311,1774676166.907056,backward,0.401928324252367,555.96337890625
311,1774676166.9097726,optimizer,0.0021915175020694733,555.96337890625
312,1774676167.1084151,forward,0.193940794095397,21945.849609375
312,1774676167.5106142,backward,0.40199495293200016,555.96337890625
312,1774676167.5140336,optimizer,0.002703925594687462,555.96337890625
313,1774676167.7130234,forward,0.19397870637476444,21945.849609375
313,1774676168.115132,backward,0.40190468914806843,555.96337890625
313,1774676168.117862,optimizer,0.00220622681081295,555.96337890625
314,1774676168.316699,forward,0.1937626600265503,21945.849609375
314,1774676168.7188113,backward,0.40191008895635605,555.96337890625
314,1774676168.721515,optimizer,0.002190088853240013,555.96337890625
315,1774676168.9204702,forward,0.19386293552815914,21945.849609375
315,1774676169.3225977,backward,0.4019221402704716,555.96337890625
315,1774676169.3253074,optimizer,0.002192635089159012,555.96337890625
316,1774676169.5239909,forward,0.19399126805365086,21945.849609375
316,1774676169.92649,backward,0.40229970775544643,555.96337890625
316,1774676169.9292064,optimizer,0.002195354551076889,555.96337890625
317,1774676170.1278524,forward,0.19389647245407104,21945.849609375
317,1774676170.5302987,backward,0.4022465366870165,555.96337890625
317,1774676170.5330272,optimizer,0.002202296629548073,555.96337890625
318,1774676170.7315564,forward,0.19383525289595127,21945.849609375
318,1774676171.1337445,backward,0.40198658406734467,555.96337890625
318,1774676171.1365018,optimizer,0.0021967869251966476,555.96337890625
319,1774676171.3354418,forward,0.19383158534765244,21945.849609375
319,1774676171.7375145,backward,0.40185905061662197,555.96337890625
319,1774676171.7402463,optimizer,0.0021959152072668076,555.96337890625
320,1774676171.939267,forward,0.19390647485852242,21945.849609375
320,1774676172.3415725,backward,0.40209590271115303,555.96337890625
320,1774676172.3443034,optimizer,0.0022039804607629776,555.96337890625
321,1774676172.5429265,forward,0.19381413236260414,21945.849609375
321,1774676172.94485,backward,0.4017124082893133,555.96337890625
321,1774676172.9475849,optimizer,0.002203008159995079,555.96337890625
322,1774676173.1460407,forward,0.19377818331122398,21945.849609375
322,1774676173.5483577,backward,0.4021045658737421,555.96337890625
322,1774676173.5511088,optimizer,0.0022281985729932785,555.96337890625
323,1774676173.7497988,forward,0.19393682666122913,21945.849609375
323,1774676174.1519437,backward,0.40194038301706314,555.96337890625
323,1774676174.1546903,optimizer,0.002212958410382271,555.96337890625
324,1774676174.3535023,forward,0.19381648302078247,21945.849609375
324,1774676174.7558548,backward,0.40204094536602497,555.96337890625
324,1774676174.7586193,optimizer,0.002221588045358658,555.96337890625
325,1774676174.9575527,forward,0.1938552651554346,21945.849609375
325,1774676175.3599596,backward,0.4022029172629118,555.96337890625
325,1774676175.3626773,optimizer,0.002187458798289299,555.96337890625
326,1774676175.5612726,forward,0.19380619376897812,21945.849609375
326,1774676175.963531,backward,0.40205415338277817,555.96337890625
326,1774676175.9667194,optimizer,0.002356460317969322,555.96337890625
327,1774676176.1653538,forward,0.19389005191624165,21945.849609375
327,1774676176.567623,backward,0.4020595755428076,555.96337890625
327,1774676176.570349,optimizer,0.002194967120885849,555.96337890625
328,1774676176.768981,forward,0.19389335624873638,21945.849609375
328,1774676177.1711369,backward,0.40194382332265377,555.96337890625
328,1774676177.173863,optimizer,0.002205628901720047,555.96337890625
329,1774676177.372747,forward,0.19390352442860603,21945.849609375
329,1774676177.774663,backward,0.4016919247806072,555.96337890625
329,1774676177.7774065,optimizer,0.0022009070962667465,555.96337890625
330,1774676177.9763148,forward,0.1938245128840208,21945.849609375
330,1774676178.3783216,backward,0.40180437080562115,555.96337890625
330,1774676178.3810427,optimizer,0.002202717587351799,555.96337890625
331,1774676178.5798,forward,0.19397773779928684,21945.849609375
331,1774676178.9817631,backward,0.40176169015467167,555.96337890625
331,1774676178.9844964,optimizer,0.002213718369603157,555.96337890625
332,1774676179.18299,forward,0.19378737173974514,21945.849609375
332,1774676179.5851607,backward,0.4019716717302799,555.96337890625
332,1774676179.58791,optimizer,0.0021994486451148987,555.96337890625
333,1774676179.7864623,forward,0.19385605119168758,21945.849609375
333,1774676180.1885016,backward,0.4018337409943342,555.96337890625
333,1774676180.191252,optimizer,0.0022310689091682434,555.96337890625
334,1774676180.3898299,forward,0.19388146698474884,21945.849609375
334,1774676180.791928,backward,0.40189296193420887,555.96337890625
334,1774676180.7946665,optimizer,0.002199629321694374,555.96337890625
335,1774676180.993704,forward,0.19393679685890675,21945.849609375
335,1774676181.3959694,backward,0.4020640626549721,555.96337890625
335,1774676181.398708,optimizer,0.002209588885307312,555.96337890625
336,1774676181.5973227,forward,0.1938138511031866,21945.849609375
336,1774676181.999503,backward,0.4019824042916298,555.96337890625
336,1774676182.0022357,optimizer,0.0022009778767824173,555.96337890625
337,1774676182.200813,forward,0.19389406591653824,21945.849609375
337,1774676182.6030571,backward,0.4020324908196926,555.96337890625
337,1774676182.6058004,optimizer,0.0022133812308311462,555.96337890625
338,1774676182.804436,forward,0.19392581470310688,21945.849609375
338,1774676183.2066677,backward,0.4020268749445677,555.96337890625
338,1774676183.2094042,optimizer,0.002207638695836067,555.96337890625
339,1774676183.407995,forward,0.19390800409018993,21945.849609375
339,1774676183.8101568,backward,0.4019565526396036,555.96337890625
339,1774676183.8129,optimizer,0.002216598019003868,555.96337890625
340,1774676184.0118861,forward,0.19379094056785107,21945.849609375
340,1774676184.4140139,backward,0.4019234124571085,555.96337890625
340,1774676184.4170933,optimizer,0.0022642500698566437,555.96337890625
341,1774676184.6161997,forward,0.1939974259585142,21945.849609375
341,1774676185.0182402,backward,0.4018365703523159,555.96337890625
341,1774676185.0209754,optimizer,0.0022114962339401245,555.96337890625
342,1774676185.2197204,forward,0.19394734501838684,21945.849609375
342,1774676185.6217725,backward,0.40184113942086697,555.96337890625
342,1774676185.624536,optimizer,0.00223446823656559,555.96337890625
343,1774676185.823076,forward,0.19380121305584908,21945.849609375
343,1774676186.2252045,backward,0.40192776173353195,555.96337890625
343,1774676186.2279315,optimizer,0.0022047758102416992,555.96337890625
344,1774676186.426717,forward,0.19383499212563038,21945.849609375
344,1774676186.8289113,backward,0.40198785439133644,555.96337890625
344,1774676186.8316438,optimizer,0.002201208844780922,555.96337890625
345,1774676187.0349262,forward,0.19391616433858871,21945.849609375
345,1774676187.4372396,backward,0.4021071270108223,555.96337890625
345,1774676187.439977,optimizer,0.0021976176649332047,555.96337890625
346,1774676187.6384091,forward,0.19377436116337776,21945.849609375
346,1774676188.0407274,backward,0.4021150562912226,555.96337890625
346,1774676188.0434525,optimizer,0.0022042877972126007,555.96337890625
347,1774676188.2420347,forward,0.19394253380596638,21945.849609375
347,1774676188.6441069,backward,0.4018536526709795,555.96337890625
347,1774676188.6467707,optimizer,0.002194635570049286,555.96337890625
348,1774676188.8453805,forward,0.19394666701555252,21945.849609375
348,1774676189.247627,backward,0.4020339362323284,555.96337890625
348,1774676189.2503529,optimizer,0.0022076573222875595,555.96337890625
349,1774676189.4493318,forward,0.19395345635712147,21945.849609375
349,1774676189.8516846,backward,0.4021435771137476,555.96337890625
349,1774676189.854348,optimizer,0.002202387899160385,555.96337890625
350,1774676190.0534039,forward,0.1938933152705431,21945.849609375
350,1774676190.4556077,backward,0.40198372304439545,555.96337890625
350,1774676190.4582858,optimizer,0.0022078771144151688,555.96337890625
351,1774676190.6569939,forward,0.19390646368265152,21945.849609375
351,1774676191.059128,backward,0.4019081238657236,555.96337890625
351,1774676191.0617926,optimizer,0.002196475863456726,555.96337890625
352,1774676191.2605295,forward,0.19390402548015118,21945.849609375
352,1774676191.66281,backward,0.40207492373883724,555.96337890625
352,1774676191.6655617,optimizer,0.002202507108449936,555.96337890625
353,1774676191.864209,forward,0.19383383356034756,21945.849609375
353,1774676192.2664788,backward,0.40205555222928524,555.96337890625
353,1774676192.2692127,optimizer,0.0022117886692285538,555.96337890625
354,1774676192.4681237,forward,0.19392608478665352,21945.849609375
354,1774676192.8703399,backward,0.4020098950713873,555.96337890625
354,1774676192.8730643,optimizer,0.0022014696151018143,555.96337890625
355,1774676193.0722198,forward,0.19397022761404514,21945.849609375
355,1774676193.4747949,backward,0.4022671077400446,555.96337890625
355,1774676193.4776723,optimizer,0.0023453496396541595,555.96337890625
356,1774676193.6765244,forward,0.1939887460321188,21945.849609375
356,1774676194.0785081,backward,0.40177944116294384,555.96337890625
356,1774676194.0812347,optimizer,0.0021970178931951523,555.96337890625
357,1774676194.2798507,forward,0.1939309537410736,21945.849609375
357,1774676194.6822042,backward,0.40214927680790424,555.96337890625
357,1774676194.6849325,optimizer,0.002209749072790146,555.96337890625
358,1774676194.8834953,forward,0.1938737127929926,21945.849609375
358,1774676195.2857175,backward,0.40202577225863934,555.96337890625
358,1774676195.2884538,optimizer,0.0021932050585746765,555.96337890625
359,1774676195.4873855,forward,0.1938825510442257,21945.849609375
359,1774676195.8894563,backward,0.40186349861323833,555.96337890625
359,1774676195.8921983,optimizer,0.002213427796959877,555.96337890625
360,1774676196.0910866,forward,0.19392715394496918,21945.849609375
360,1774676196.4930398,backward,0.4017541501671076,555.96337890625
360,1774676196.4957712,optimizer,0.0022116675972938538,555.96337890625
361,1774676196.6942372,forward,0.19377068243920803,21945.849609375
361,1774676197.0962465,backward,0.4018111526966095,555.96337890625
361,1774676197.0989845,optimizer,0.0022178180515766144,555.96337890625
362,1774676197.2975898,forward,0.1938969511538744,21945.849609375
362,1774676197.6999536,backward,0.40216196328401566,555.96337890625
362,1774676197.702689,optimizer,0.0022032875567674637,555.96337890625
363,1774676197.9013054,forward,0.19392653554677963,21945.849609375
363,1774676198.3036563,backward,0.4021482951939106,555.96337890625
363,1774676198.3063762,optimizer,0.002202307805418968,555.96337890625
364,1774676198.5050051,forward,0.19392339512705803,21945.849609375
364,1774676198.9072938,backward,0.40208967216312885,555.96337890625
364,1774676198.910032,optimizer,0.002212388440966606,555.96337890625
365,1774676199.108971,forward,0.1938669327646494,21945.849609375
365,1774676199.5113165,backward,0.4021427668631077,555.96337890625
365,1774676199.5140533,optimizer,0.0022058188915252686,555.96337890625
366,1774676199.7125778,forward,0.1938330940902233,21945.849609375
366,1774676200.1147602,backward,0.4019853640347719,555.96337890625
366,1774676200.1174881,optimizer,0.0022065266966819763,555.96337890625
367,1774676200.3160493,forward,0.19387531280517578,21945.849609375
367,1774676200.7181215,backward,0.4018649309873581,555.96337890625
367,1774676200.720873,optimizer,0.0022095683962106705,555.96337890625
368,1774676200.9195132,forward,0.19393656589090824,21945.849609375
368,1774676201.3214211,backward,0.40171133540570736,555.96337890625
368,1774676201.324176,optimizer,0.002218058332800865,555.96337890625
369,1774676201.5227349,forward,0.1938809473067522,21945.849609375
369,1774676201.9252918,backward,0.40228314884006977,555.96337890625
369,1774676201.92808,optimizer,0.0022508297115564346,555.96337890625
370,1774676202.127104,forward,0.19385085441172123,21945.849609375
370,1774676202.5291848,backward,0.40187974087893963,555.96337890625
370,1774676202.5319226,optimizer,0.0022026486694812775,555.96337890625
371,1774676202.73054,forward,0.1938292421400547,21945.849609375
371,1774676203.1327343,backward,0.40198009461164474,555.96337890625
371,1774676203.135473,optimizer,0.002222195267677307,555.96337890625
372,1774676203.334048,forward,0.19388126395642757,21945.849609375
372,1774676203.7360404,backward,0.4017907101660967,555.96337890625
372,1774676203.7387748,optimizer,0.0022091884166002274,555.96337890625
373,1774676203.9372816,forward,0.19382697343826294,21945.849609375
373,1774676204.3397465,backward,0.4022616483271122,555.96337890625
373,1774676204.342468,optimizer,0.0022011883556842804,555.96337890625
374,1774676204.5410714,forward,0.19391019456088543,21945.849609375
374,1774676204.9431105,backward,0.4018354117870331,555.96337890625
374,1774676204.945829,optimizer,0.0022032689303159714,555.96337890625
375,1774676205.1448424,forward,0.1938686240464449,21945.849609375
375,1774676205.5468233,backward,0.401780528947711,555.96337890625
375,1774676205.5495512,optimizer,0.0022078976035118103,555.96337890625
376,1774676205.7484176,forward,0.19388296455144882,21945.849609375
376,1774676206.1507723,backward,0.4021479357033968,555.96337890625
376,1774676206.1534915,optimizer,0.0021987073123455048,555.96337890625
377,1774676206.352101,forward,0.19391376338899136,21945.849609375
377,1774676206.75465,backward,0.40234528854489326,555.96337890625
377,1774676206.7573864,optimizer,0.0021997280418872833,555.96337890625
378,1774676206.95606,forward,0.19395586661994457,21945.849609375
378,1774676207.358133,backward,0.401876961812377,555.96337890625
378,1774676207.360871,optimizer,0.0022075362503528595,555.96337890625
379,1774676207.5595067,forward,0.1938671749085188,21945.849609375
379,1774676207.96177,backward,0.4020574726164341,555.96337890625
379,1774676207.9645004,optimizer,0.002214370295405388,555.96337890625
380,1774676208.1634774,forward,0.19391675665974617,21945.849609375
380,1774676208.565689,backward,0.40200954489409924,555.96337890625
380,1774676208.5684204,optimizer,0.00220290943980217,555.96337890625
381,1774676208.7675517,forward,0.19393207505345345,21945.849609375
381,1774676209.169545,backward,0.40176603756845,555.96337890625
381,1774676209.1722765,optimizer,0.0022016167640686035,555.96337890625
382,1774676209.3710182,forward,0.19392882473766804,21945.849609375
382,1774676209.7731974,backward,0.40195104107260704,555.96337890625
382,1774676209.775972,optimizer,0.0022047962993383408,555.96337890625
383,1774676209.974534,forward,0.19383899122476578,21945.849609375
383,1774676210.3767285,backward,0.4018890801817179,555.96337890625
383,1774676210.3795724,optimizer,0.0023030582815408707,555.96337890625
384,1774676210.5783577,forward,0.1939135566353798,21945.849609375
384,1774676210.9802802,backward,0.4017080571502447,555.96337890625
384,1774676210.9830372,optimizer,0.0022259671241045,555.96337890625
385,1774676211.1817005,forward,0.19389930739998817,21945.849609375
385,1774676211.5836678,backward,0.40175729990005493,555.96337890625
385,1774676211.586415,optimizer,0.0022078286856412888,555.96337890625
386,1774676211.7853057,forward,0.19383337534964085,21945.849609375
386,1774676212.187265,backward,0.4017496593296528,555.96337890625
386,1774676212.190009,optimizer,0.002216419205069542,555.96337890625
387,1774676212.3885474,forward,0.19385614432394505,21945.849609375
387,1774676212.790801,backward,0.4020439423620701,555.96337890625
387,1774676212.7935503,optimizer,0.0022057481110095978,555.96337890625
388,1774676212.992029,forward,0.19378244131803513,21945.849609375
388,1774676213.3941793,backward,0.40194165147840977,555.96337890625
388,1774676213.3969202,optimizer,0.002209378406405449,555.96337890625
389,1774676213.5955095,forward,0.19389740377664566,21945.849609375
389,1774676213.9973984,backward,0.4016772676259279,555.96337890625
389,1774676214.0001223,optimizer,0.002207748591899872,555.96337890625
390,1774676214.1986322,forward,0.19380509480834007,21945.849609375
390,1774676214.600819,backward,0.4019871726632118,555.96337890625
390,1774676214.6035833,optimizer,0.002227798104286194,555.96337890625
391,1774676214.8025424,forward,0.19378079287707806,21945.849609375
391,1774676215.2047951,backward,0.40204283222556114,555.96337890625
391,1774676215.207541,optimizer,0.002225160598754883,555.96337890625
392,1774676215.4065094,forward,0.1938614919781685,21945.849609375
392,1774676215.8086753,backward,0.40195563435554504,555.96337890625
392,1774676215.8114176,optimizer,0.002215348184108734,555.96337890625
393,1774676216.009988,forward,0.19387477450072765,21945.849609375
393,1774676216.4122822,backward,0.4020822551101446,555.96337890625
393,1774676216.415034,optimizer,0.00222918763756752,555.96337890625
394,1774676216.6135433,forward,0.19380755349993706,21945.849609375
394,1774676217.015557,backward,0.4018127005547285,555.96337890625
394,1774676217.0182927,optimizer,0.002207387238740921,555.96337890625
395,1774676217.2171538,forward,0.19387803226709366,21945.849609375
395,1774676217.6190782,backward,0.4017248898744583,555.96337890625
395,1774676217.6218028,optimizer,0.0021995194256305695,555.96337890625
396,1774676217.82075,forward,0.1938506532460451,21945.849609375
396,1774676218.2227838,backward,0.40182538889348507,555.96337890625
396,1774676218.225512,optimizer,0.0022004079073667526,555.96337890625
397,1774676218.4252403,forward,0.19386439211666584,21945.849609375
397,1774676218.8274243,backward,0.4019845128059387,555.96337890625
397,1774676218.83062,optimizer,0.002348819747567177,555.96337890625
398,1774676219.029313,forward,0.19397293403744698,21945.849609375
398,1774676219.4311707,backward,0.4016550276428461,555.96337890625
398,1774676219.4339132,optimizer,0.0021898485720157623,555.96337890625
399,1774676219.6324246,forward,0.19386044517159462,21945.849609375
399,1774676220.0346496,backward,0.4020248744636774,555.96337890625
399,1774676220.0373776,optimizer,0.0022088177502155304,555.96337890625
400,1774676220.2359204,forward,0.1938844546675682,21945.849609375
400,1774676220.6376028,backward,0.40147912316024303,555.96337890625
400,1774676220.6403267,optimizer,0.002198338508605957,555.96337890625
401,1774676220.839277,forward,0.19401922449469566,21945.849609375
401,1774676221.2413445,backward,0.4018591232597828,555.96337890625
401,1774676221.2440884,optimizer,0.0021988674998283386,555.96337890625
402,1774676221.4430444,forward,0.19392512552440166,21945.849609375
402,1774676221.844813,backward,0.4015678148716688,555.96337890625
402,1774676221.8475275,optimizer,0.0021981168538331985,555.96337890625
403,1774676222.0462058,forward,0.1938826832920313,21945.849609375
403,1774676222.448343,backward,0.40193563140928745,555.96337890625
403,1774676222.45107,optimizer,0.002202257513999939,555.96337890625
404,1774676222.649667,forward,0.1938797440379858,21945.849609375
404,1774676223.0519645,backward,0.40208047442138195,555.96337890625
404,1774676223.0547023,optimizer,0.002208799123764038,555.96337890625
405,1774676223.2532973,forward,0.1938597932457924,21945.849609375
405,1774676223.6554883,backward,0.40199899300932884,555.96337890625
405,1774676223.6582165,optimizer,0.0021979771554470062,555.96337890625
406,1774676223.8568048,forward,0.1939027551561594,21945.849609375
406,1774676224.258985,backward,0.4019779935479164,555.96337890625
406,1774676224.2617183,optimizer,0.002215387299656868,555.96337890625
407,1774676224.460603,forward,0.1938155945390463,21945.849609375
407,1774676224.8626153,backward,0.4018148500472307,555.96337890625
407,1774676224.865355,optimizer,0.0022106971591711044,555.96337890625
408,1774676225.0641153,forward,0.1939422432333231,21945.849609375
408,1774676225.4662857,backward,0.4019698314368725,555.96337890625
408,1774676225.4690087,optimizer,0.002208087593317032,555.96337890625
409,1774676225.6675718,forward,0.19387180358171463,21945.849609375
409,1774676226.069753,backward,0.4019852429628372,555.96337890625
409,1774676226.0724938,optimizer,0.0022160615772008896,555.96337890625
410,1774676226.2713945,forward,0.19391516596078873,21945.849609375
410,1774676226.6734798,backward,0.40188712254166603,555.96337890625
410,1774676226.6762261,optimizer,0.0022067781537771225,555.96337890625
411,1774676226.8748538,forward,0.19385813176631927,21945.849609375
411,1774676227.2769072,backward,0.40185254998505116,555.96337890625
411,1774676227.2800732,optimizer,0.002284737303853035,555.96337890625
412,1774676227.4793718,forward,0.19394139386713505,21945.849609375
412,1774676227.881552,backward,0.40197502449154854,555.96337890625
412,1774676227.8842976,optimizer,0.0022189803421497345,555.96337890625
413,1774676228.0830948,forward,0.19389737583696842,21945.849609375
413,1774676228.4853823,backward,0.4020838439464569,555.96337890625
413,1774676228.4881248,optimizer,0.0022093690931797028,555.96337890625
414,1774676228.6867983,forward,0.19398620538413525,21945.849609375
414,1774676229.0890625,backward,0.4020370543003082,555.96337890625
414,1774676229.0917974,optimizer,0.0022022686898708344,555.96337890625
415,1774676229.2905927,forward,0.19392108358442783,21945.849609375
415,1774676229.6929288,backward,0.4021353367716074,555.96337890625
415,1774676229.695664,optimizer,0.00221213698387146,555.96337890625
416,1774676229.8941855,forward,0.193811671808362,21945.849609375
416,1774676230.2962668,backward,0.4018832501024008,555.96337890625
416,1774676230.2990189,optimizer,0.0022245794534683228,555.96337890625
417,1774676230.4981804,forward,0.19393214397132397,21945.849609375
417,1774676230.900306,backward,0.40192362293601036,555.96337890625
417,1774676230.9030638,optimizer,0.0022301003336906433,555.96337890625
418,1774676231.1018522,forward,0.19371095299720764,21945.849609375
418,1774676231.504021,backward,0.4019547123461962,555.96337890625
418,1774676231.50675,optimizer,0.002208428457379341,555.96337890625
419,1774676231.705308,forward,0.1938629448413849,21945.849609375
419,1774676232.1075714,backward,0.40205864422023296,555.96337890625
419,1774676232.110303,optimizer,0.002200968563556671,555.96337890625
420,1774676232.308808,forward,0.19380666129291058,21945.849609375
420,1774676232.7112176,backward,0.40221191570162773,555.96337890625
420,1774676232.7139714,optimizer,0.0022217873483896255,555.96337890625
421,1774676232.9125142,forward,0.19386227242648602,21945.849609375
421,1774676233.3146307,backward,0.40190902166068554,555.96337890625
421,1774676233.3173716,optimizer,0.0022209584712982178,555.96337890625
422,1774676233.5163348,forward,0.19382676482200623,21945.849609375
422,1774676233.9181635,backward,0.40162222646176815,555.96337890625
422,1774676233.9209042,optimizer,0.002223297953605652,555.96337890625
423,1774676234.1197493,forward,0.19380245171487331,21945.849609375
423,1774676234.5216649,backward,0.4017163682729006,555.96337890625
423,1774676234.524394,optimizer,0.0022045280784368515,555.96337890625
424,1774676234.7228897,forward,0.19380266405642033,21945.849609375
424,1774676235.1251707,backward,0.4020557124167681,555.96337890625
424,1774676235.1279154,optimizer,0.0022167284041643143,555.96337890625
425,1774676235.3265047,forward,0.19387603364884853,21945.849609375
425,1774676235.728526,backward,0.40181810036301613,555.96337890625
425,1774676235.7315497,optimizer,0.0023848209530115128,555.96337890625
426,1774676235.9305725,forward,0.19395404495298862,21945.849609375
426,1774676236.332716,backward,0.40193847194314003,555.96337890625
426,1774676236.3354728,optimizer,0.0022377800196409225,555.96337890625
427,1774676236.5346227,forward,0.19393340498209,21945.849609375
427,1774676236.9365072,backward,0.40167723782360554,555.96337890625
427,1774676236.939258,optimizer,0.002222161740064621,555.96337890625
428,1774676237.1383755,forward,0.19393078610301018,21945.849609375
428,1774676237.5405283,backward,0.40195036120712757,555.96337890625
428,1774676237.5432603,optimizer,0.0022073276340961456,555.96337890625
429,1774676237.741817,forward,0.1938613448292017,21945.849609375
429,1774676238.144023,backward,0.40200018510222435,555.96337890625
429,1774676238.1467578,optimizer,0.002212308347225189,555.96337890625
430,1774676238.3453357,forward,0.1938798949122429,21945.849609375
430,1774676238.747199,backward,0.40164633840322495,555.96337890625
430,1774676238.749936,optimizer,0.0022046882659196854,555.96337890625
431,1774676238.948641,forward,0.19392229616641998,21945.849609375
431,1774676239.3510058,backward,0.4021670650690794,555.96337890625
431,1774676239.3537483,optimizer,0.0022049080580472946,555.96337890625
432,1774676239.552385,forward,0.1939202230423689,21945.849609375
432,1774676239.9546046,backward,0.4020062144845724,555.96337890625
432,1774676239.9573298,optimizer,0.002202315255999565,555.96337890625
433,1774676240.1562917,forward,0.19388079270720482,21945.849609375
433,1774676240.5588555,backward,0.4023635406047106,555.96337890625
433,1774676240.5615838,optimizer,0.0022017862647771835,555.96337890625
434,1774676240.760096,forward,0.19381444342434406,21945.849609375
434,1774676241.1622875,backward,0.40197900123894215,555.96337890625
434,1774676241.1650198,optimizer,0.0022050756961107254,555.96337890625
435,1774676241.3635514,forward,0.1938367523252964,21945.849609375
435,1774676241.7657096,backward,0.4019564129412174,555.96337890625
435,1774676241.768424,optimizer,0.002203216776251793,555.96337890625
436,1774676241.9672415,forward,0.1938689835369587,21945.849609375
436,1774676242.3692396,backward,0.4018010701984167,555.96337890625
436,1774676242.3719623,optimizer,0.0022038575261831284,555.96337890625
437,1774676242.5704806,forward,0.1937114205211401,21945.849609375
437,1774676242.9729853,backward,0.40230480767786503,555.96337890625
437,1774676242.975723,optimizer,0.002218298614025116,555.96337890625
438,1774676243.174761,forward,0.19391611590981483,21945.849609375
438,1774676243.5771267,backward,0.4021571557968855,555.96337890625
438,1774676243.579863,optimizer,0.002193596214056015,555.96337890625
439,1774676243.7785206,forward,0.19382542185485363,21945.849609375
439,1774676244.1808093,backward,0.40208328515291214,555.96337890625
439,1774676244.1837072,optimizer,0.002304650843143463,555.96337890625
440,1774676244.3825014,forward,0.1939666047692299,21945.849609375
440,1774676244.7847457,backward,0.40204815566539764,555.96337890625
440,1774676244.78752,optimizer,0.002224477007985115,555.96337890625
441,1774676244.9860804,forward,0.19386065565049648,21945.849609375
441,1774676245.3884118,backward,0.40213619731366634,555.96337890625
441,1774676245.391205,optimizer,0.0022549089044332504,555.96337890625
442,1774676245.5899394,forward,0.19392609409987926,21945.849609375
442,1774676245.992075,backward,0.40193413384258747,555.96337890625
442,1774676245.9948297,optimizer,0.002228967845439911,555.96337890625
443,1774676246.1937566,forward,0.19394073635339737,21945.849609375
443,1774676246.5959454,backward,0.4019896611571312,555.96337890625
443,1774676246.5986888,optimizer,0.0022111069411039352,555.96337890625
444,1774676246.797296,forward,0.19392469339072704,21945.849609375
444,1774676247.1996725,backward,0.40216879546642303,555.96337890625
444,1774676247.2024095,optimizer,0.002206968143582344,555.96337890625
445,1774676247.400959,forward,0.19386663474142551,21945.849609375
445,1774676247.8030646,backward,0.40189739130437374,555.96337890625
445,1774676247.8058097,optimizer,0.002217395231127739,555.96337890625
446,1774676248.0046067,forward,0.193931195884943,21945.849609375
446,1774676248.4068437,backward,0.40203823149204254,555.96337890625
446,1774676248.4096353,optimizer,0.002213018015027046,555.96337890625
447,1774676248.6082132,forward,0.19383575394749641,21945.849609375
447,1774676249.010199,backward,0.4017770793288946,555.96337890625
447,1774676249.0128822,optimizer,0.0022036079317331314,555.96337890625
448,1774676249.2160466,forward,0.19387426413595676,21945.849609375
448,1774676249.6182454,backward,0.4019939750432968,555.96337890625
448,1774676249.620989,optimizer,0.0022110994905233383,555.96337890625
449,1774676249.8195791,forward,0.19392205402255058,21945.849609375
449,1774676250.221798,backward,0.40201361104846,555.96337890625
449,1774676250.2245347,optimizer,0.002199118956923485,555.96337890625
450,1774676250.4230907,forward,0.19390985555946827,21945.849609375
450,1774676250.8252726,backward,0.40197026170790195,555.96337890625
450,1774676250.828025,optimizer,0.0022197961807250977,555.96337890625
451,1774676251.026747,forward,0.19389081560075283,21945.849609375
451,1774676251.4289196,backward,0.4019638728350401,555.96337890625
451,1774676251.4316657,optimizer,0.002228258177638054,555.96337890625
452,1774676251.6305702,forward,0.19386493600904942,21945.849609375
452,1774676252.0327392,backward,0.4019630327820778,555.96337890625
452,1774676252.0354893,optimizer,0.002209637314081192,555.96337890625
453,1774676252.2344677,forward,0.19387935288250446,21945.849609375
453,1774676252.6366572,backward,0.401985302567482,555.96337890625
453,1774676252.6400635,optimizer,0.0027058757841587067,555.96337890625
454,1774676252.8391078,forward,0.19401034899055958,21945.849609375
454,1774676253.241344,backward,0.40202716551721096,555.96337890625
454,1774676253.2440908,optimizer,0.0022095870226621628,555.96337890625
455,1774676253.4426997,forward,0.19388724491000175,21945.849609375
455,1774676253.8446248,backward,0.4017197787761688,555.96337890625
455,1774676253.8473935,optimizer,0.0022112280130386353,555.96337890625
456,1774676254.0459516,forward,0.19387421384453773,21945.849609375
456,1774676254.4480424,backward,0.4018845595419407,555.96337890625
456,1774676254.4507694,optimizer,0.00220286101102829,555.96337890625
457,1774676254.6496365,forward,0.19386015459895134,21945.849609375
457,1774676255.051916,backward,0.40207365341484547,555.96337890625
457,1774676255.0546584,optimizer,0.0021985284984111786,555.96337890625
458,1774676255.253768,forward,0.19395226798951626,21945.849609375
458,1774676255.6560647,backward,0.4020921029150486,555.96337890625
458,1774676255.6588008,optimizer,0.0022070277482271194,555.96337890625
459,1774676255.8574536,forward,0.19385703466832638,21945.849609375
459,1774676256.2597833,backward,0.40211894549429417,555.96337890625
459,1774676256.262516,optimizer,0.0021983180195093155,555.96337890625
460,1774676256.4611492,forward,0.19395624659955502,21945.849609375
460,1774676256.8632529,backward,0.4018923230469227,555.96337890625
460,1774676256.865994,optimizer,0.002199428156018257,555.96337890625
461,1774676257.0645924,forward,0.19390659593045712,21945.849609375
461,1774676257.466687,backward,0.4018882717937231,555.96337890625
461,1774676257.4694347,optimizer,0.0022166594862937927,555.96337890625
462,1774676257.6683977,forward,0.1939009428024292,21945.849609375
462,1774676258.0706017,backward,0.40199635177850723,555.96337890625
462,1774676258.0733306,optimizer,0.002206668257713318,555.96337890625
463,1774676258.272356,forward,0.19386382400989532,21945.849609375
463,1774676258.674675,backward,0.40211631543934345,555.96337890625
463,1774676258.6774065,optimizer,0.0022029802203178406,555.96337890625
464,1774676258.8759904,forward,0.19386077299714088,21945.849609375
464,1774676259.2781043,backward,0.40191194228827953,555.96337890625
464,1774676259.2808466,optimizer,0.0022194087505340576,555.96337890625
465,1774676259.4794688,forward,0.19391912408173084,21945.849609375
465,1774676259.881637,backward,0.40195887349545956,555.96337890625
465,1774676259.8843725,optimizer,0.0022092685103416443,555.96337890625
466,1774676260.0830257,forward,0.1939617432653904,21945.849609375
466,1774676260.4853046,backward,0.4020741656422615,555.96337890625
466,1774676260.488065,optimizer,0.002230161800980568,555.96337890625
467,1774676260.6869483,forward,0.1939077116549015,21945.849609375
467,1774676261.0889773,backward,0.4018262308090925,555.96337890625
467,1774676261.0921543,optimizer,0.0023494884371757507,555.96337890625
468,1774676261.2913258,forward,0.19383815489709377,21945.849609375
468,1774676261.693445,backward,0.4019164387136698,555.96337890625
468,1774676261.6961145,optimizer,0.002201886847615242,555.96337890625
469,1774676261.8946853,forward,0.19384601339697838,21945.849609375
469,1774676262.2970183,backward,0.4021309223026037,555.96337890625
469,1774676262.2997644,optimizer,0.0022103488445281982,555.96337890625
470,1774676262.49836,forward,0.19386697374284267,21945.849609375
470,1774676262.9005504,backward,0.40198928490281105,555.96337890625
470,1774676262.903307,optimizer,0.0022096000611782074,555.96337890625
471,1774676263.1019192,forward,0.19393051601946354,21945.849609375
471,1774676263.5042052,backward,0.40208019502460957,555.96337890625
471,1774676263.506987,optimizer,0.0022430066019296646,555.96337890625
472,1774676263.705638,forward,0.19386271573603153,21945.849609375
472,1774676264.1079443,backward,0.40210162475705147,555.96337890625
472,1774676264.110617,optimizer,0.0022053997963666916,555.96337890625
473,1774676264.3096457,forward,0.1938509438186884,21945.849609375
473,1774676264.7117405,backward,0.4018912687897682,555.96337890625
473,1774676264.714488,optimizer,0.002200936898589134,555.96337890625
474,1774676264.9129782,forward,0.19380908086895943,21945.849609375
474,1774676265.3154197,backward,0.4022153876721859,555.96337890625
474,1774676265.3181682,optimizer,0.002210346981883049,555.96337890625
475,1774676265.5168378,forward,0.19386526383459568,21945.849609375
475,1774676265.9190028,backward,0.40195385180413723,555.96337890625
475,1774676265.9217436,optimizer,0.002208668738603592,555.96337890625
476,1774676266.120344,forward,0.19388620369136333,21945.849609375
476,1774676266.5225768,backward,0.40203410387039185,555.96337890625
476,1774676266.525309,optimizer,0.002196734771132469,555.96337890625
477,1774676266.7239704,forward,0.19395481422543526,21945.849609375
477,1774676267.1259413,backward,0.4017668981105089,555.96337890625
477,1774676267.12866,optimizer,0.0021916087716817856,555.96337890625
478,1774676267.328803,forward,0.19385194219648838,21945.849609375
478,1774676267.7310724,backward,0.40207162499427795,555.96337890625
478,1774676267.7338235,optimizer,0.00223475880920887,555.96337890625
479,1774676267.9323385,forward,0.19386140257120132,21945.849609375
479,1774676268.3345573,backward,0.4020472839474678,555.96337890625
479,1774676268.337294,optimizer,0.002243559807538986,555.96337890625
480,1774676269.0561557,forward,0.1940548550337553,21945.849609375
480,1774676269.458331,backward,0.40198933333158493,555.96337890625
480,1774676269.4609785,optimizer,0.0022072959691286087,555.96337890625
481,1774676269.6627789,forward,0.19424191117286682,21945.849609375
481,1774676270.06477,backward,0.40176406875252724,555.96337890625
481,1774676270.06756,optimizer,0.0022375360131263733,555.96337890625
482,1774676270.266927,forward,0.1940808966755867,21945.849609375
482,1774676270.6698318,backward,0.40256711281836033,555.96337890625
482,1774676270.672637,optimizer,0.002246817573904991,555.96337890625
483,1774676270.8715556,forward,0.1940645482391119,21945.849609375
483,1774676271.2738662,backward,0.4020504839718342,555.96337890625
483,1774676271.27667,optimizer,0.002246599644422531,555.96337890625
484,1774676271.4752874,forward,0.19390184432268143,21945.849609375
484,1774676271.8776484,backward,0.4021569285541773,555.96337890625
484,1774676271.8804295,optimizer,0.002239687368273735,555.96337890625
485,1774676272.079153,forward,0.19389725476503372,21945.849609375
485,1774676272.4816427,backward,0.402291277423501,555.96337890625
485,1774676272.484414,optimizer,0.0022252388298511505,555.96337890625
486,1774676272.6833315,forward,0.19385224394500256,21945.849609375
486,1774676273.085752,backward,0.4022173974663019,555.96337890625
486,1774676273.0885427,optimizer,0.00224192813038826,555.96337890625
487,1774676273.2875857,forward,0.193956995382905,21945.849609375
487,1774676273.689754,backward,0.40196612291038036,555.96337890625
487,1774676273.6925516,optimizer,0.0022408701479434967,555.96337890625
488,1774676273.8913631,forward,0.19393814727663994,21945.849609375
488,1774676274.2935433,backward,0.40197679214179516,555.96337890625
488,1774676274.296331,optimizer,0.002232687547802925,555.96337890625
