step,wall_timestamp,phase,duration_sec,gpu_mem_mb
0,1775623437.6925488,forward,0.23851687461137772,12333.25
0,1775623437.971199,backward,0.2783765699714422,13317.25
0,1775623437.984771,optimizer,0.013357434421777725,13317.25
1,1775623438.0722947,forward,0.08424385450780392,13317.25
1,1775623438.2532878,backward,0.18079566210508347,13317.25
1,1775623438.2562652,optimizer,0.002791590988636017,13317.25
2,1775623438.3435597,forward,0.08370525389909744,13317.25
2,1775623438.5245447,backward,0.18082686327397823,13317.25
2,1775623438.527269,optimizer,0.0025425758212804794,13317.25
3,1775623438.6142068,forward,0.08384712040424347,13317.25
3,1775623438.7951648,backward,0.18080518394708633,13317.25
3,1775623438.7978702,optimizer,0.0025234930217266083,13317.25
4,1775623438.8850513,forward,0.08371247537434101,13317.25
4,1775623439.0665054,backward,0.18127433955669403,13317.25
4,1775623439.0692332,optimizer,0.002546524628996849,13317.25
5,1775623439.1561282,forward,0.08381758630275726,13317.25
5,1775623439.3369954,backward,0.1807106826454401,13317.25
5,1775623439.3396938,optimizer,0.0025229528546333313,13317.25
6,1775623439.4268394,forward,0.08376737497746944,13317.25
6,1775623439.6075735,backward,0.1805768385529518,13317.25
6,1775623439.6105328,optimizer,0.0027047377079725266,13317.25
7,1775623439.6977105,forward,0.08384360931813717,13317.25
7,1775623439.8784525,backward,0.1805876400321722,13317.25
7,1775623439.8811755,optimizer,0.0025420840829610825,13317.25
8,1775623439.9680517,forward,0.08379196561872959,13317.25
8,1775623440.148786,backward,0.18057170696556568,13317.25
8,1775623440.151655,optimizer,0.0026211347430944443,13317.25
9,1775623440.2385383,forward,0.08375235460698605,13317.25
9,1775623440.4192393,backward,0.18054652772843838,13317.25
9,1775623440.4219446,optimizer,0.0025281962007284164,13317.25
10,1775623440.508866,forward,0.08383554592728615,13317.25
10,1775623440.6895745,backward,0.18055018782615662,13317.25
10,1775623440.692269,optimizer,0.0025132130831480026,13317.25
11,1775623440.7791748,forward,0.08378196507692337,13317.25
11,1775623440.9599276,backward,0.1805927287787199,13317.25
11,1775623440.9634728,optimizer,0.0033065974712371826,13317.25
12,1775623441.0506337,forward,0.08386559784412384,13317.25
12,1775623441.2314095,backward,0.1806202083826065,13317.25
12,1775623441.2340884,optimizer,0.002513345330953598,13317.25
13,1775623441.3212655,forward,0.08371826447546482,13317.25
13,1775623441.5019524,backward,0.18052953109145164,13317.25
13,1775623441.5046434,optimizer,0.002523064613342285,13317.25
14,1775623441.5915594,forward,0.08382253721356392,13317.25
14,1775623441.7722745,backward,0.18055878020823002,13317.25
14,1775623441.7752745,optimizer,0.0028138477355241776,13317.25
15,1775623441.8626745,forward,0.08376709558069706,13317.25
15,1775623442.0434227,backward,0.1805922668427229,13317.25
15,1775623442.0461092,optimizer,0.0025201942771673203,13317.25
16,1775623442.1331081,forward,0.08388598822057247,13317.25
16,1775623442.3138936,backward,0.1806286722421646,13317.25
16,1775623442.316638,optimizer,0.0025757327675819397,13317.25
17,1775623442.403819,forward,0.08371997252106667,13317.25
17,1775623442.5845373,backward,0.18055617809295654,13317.25
17,1775623442.5875037,optimizer,0.0027734674513339996,13317.25
18,1775623442.6745946,forward,0.083930728957057,13317.25
18,1775623442.8554442,backward,0.18069074302911758,13317.25
18,1775623442.8581364,optimizer,0.0025287438184022903,13317.25
19,1775623442.9453616,forward,0.08374073728919029,13317.25
19,1775623443.126163,backward,0.18064535036683083,13317.25
19,1775623443.1288538,optimizer,0.002527402713894844,13317.25
20,1775623443.215749,forward,0.08380909636616707,13317.25
20,1775623443.3966095,backward,0.18064657971262932,13317.25
20,1775623443.3994143,optimizer,0.00263296440243721,13317.25
21,1775623443.4868257,forward,0.0838244054466486,13317.25
21,1775623443.667638,backward,0.18065845221281052,13317.25
21,1775623443.6703403,optimizer,0.0025339554995298386,13317.25
22,1775623443.7572298,forward,0.08380910567939281,13317.25
22,1775623443.9379866,backward,0.1806008405983448,13317.25
22,1775623443.9406154,optimizer,0.0024614445865154266,13317.25
23,1775623444.02756,forward,0.08387690596282482,13317.25
23,1775623444.2085583,backward,0.1807762235403061,13317.25
23,1775623444.211339,optimizer,0.0026092156767845154,13317.25
24,1775623444.2982783,forward,0.08378828689455986,13317.25
24,1775623444.4791882,backward,0.1807519607245922,13317.25
24,1775623444.4818084,optimizer,0.002451164647936821,13317.25
25,1775623444.5687475,forward,0.0838322564959526,13317.25
25,1775623444.749518,backward,0.1806074194610119,13317.25
25,1775623444.7521582,optimizer,0.0024637430906295776,13317.25
26,1775623444.8389623,forward,0.08373081497848034,13317.25
26,1775623445.0197067,backward,0.18058943003416061,13317.25
26,1775623445.0231225,optimizer,0.003178536891937256,13317.25
27,1775623445.1102858,forward,0.0839097872376442,13317.25
27,1775623445.291138,backward,0.18069897964596748,13317.25
27,1775623445.293834,optimizer,0.002529684454202652,13317.25
28,1775623445.3812091,forward,0.08378856256604195,13317.25
28,1775623445.5620015,backward,0.18063372001051903,13317.25
28,1775623445.5646853,optimizer,0.0025169234722852707,13317.25
29,1775623445.651595,forward,0.08380495570600033,13317.25
29,1775623445.8323338,backward,0.18058570846915245,13317.25
29,1775623445.8349671,optimizer,0.002466803416609764,13317.25
30,1775623445.9221318,forward,0.08378868363797665,13317.25
30,1775623446.1030188,backward,0.1807357408106327,13317.25
30,1775623446.105941,optimizer,0.0027326662093400955,13317.25
31,1775623446.1930563,forward,0.08394801989197731,13317.25
31,1775623446.3739686,backward,0.1807532925158739,13317.25
31,1775623446.3766198,optimizer,0.0024887435138225555,13317.25
32,1775623446.463949,forward,0.0838136151432991,13317.25
32,1775623446.644755,backward,0.18065061047673225,13317.25
32,1775623446.647471,optimizer,0.0025482773780822754,13317.25
33,1775623446.7343948,forward,0.08383437618613243,13317.25
33,1775623446.9151924,backward,0.18064279109239578,13317.25
33,1775623446.9178185,optimizer,0.0024573933333158493,13317.25
34,1775623447.005177,forward,0.08384033851325512,13317.25
34,1775623447.1859853,backward,0.18065002001821995,13317.25
34,1775623447.188872,optimizer,0.0026933979243040085,13317.25
35,1775623447.275957,forward,0.08394236862659454,13317.25
35,1775623447.4567485,backward,0.18063375912606716,13317.25
35,1775623447.459364,optimizer,0.0024505313485860825,13317.25
36,1775623447.5462527,forward,0.0837986059486866,13317.25
36,1775623447.7270412,backward,0.1806317400187254,13317.25
36,1775623447.7296643,optimizer,0.002456292510032654,13317.25
37,1775623447.8165543,forward,0.0838179849088192,13317.25
37,1775623447.9973614,backward,0.18064654059708118,13317.25
37,1775623448.0000043,optimizer,0.0024598445743322372,13317.25
38,1775623448.086987,forward,0.08386596851050854,13317.25
38,1775623448.2679691,backward,0.18076291121542454,13317.25
38,1775623448.2707026,optimizer,0.0025677960366010666,13317.25
39,1775623448.357789,forward,0.08383357524871826,13317.25
39,1775623448.5386093,backward,0.18066255003213882,13317.25
39,1775623448.5412326,optimizer,0.0024587437510490417,13317.25
40,1775623448.6281836,forward,0.0838765986263752,13317.25
40,1775623448.8090208,backward,0.18068058043718338,13317.25
40,1775623448.8117034,optimizer,0.002514224499464035,13317.25
41,1775623448.8989563,forward,0.0837840661406517,13317.25
41,1775623449.079859,backward,0.18074409291148186,13317.25
41,1775623449.082708,optimizer,0.002617424353957176,13317.25
42,1775623449.1698782,forward,0.08397718891501427,13317.25
42,1775623449.3507128,backward,0.18067840114235878,13317.25
42,1775623449.353372,optimizer,0.0022181402891874313,13317.25
43,1775623449.4405863,forward,0.08377496525645256,13317.25
43,1775623449.6214607,backward,0.18072606064379215,13317.25
43,1775623449.6241078,optimizer,0.0024717822670936584,13317.25
44,1775623449.7111478,forward,0.08391617797315121,13317.25
44,1775623449.8919368,backward,0.18063241988420486,13317.25
44,1775623449.8945842,optimizer,0.0022126585245132446,13317.25
45,1775623449.9817805,forward,0.08380833640694618,13317.25
45,1775623450.162613,backward,0.1806763205677271,13317.25
45,1775623450.1652215,optimizer,0.002443535253405571,13317.25
46,1775623450.2522087,forward,0.0838684756308794,13317.25
46,1775623450.4330723,backward,0.18070608004927635,13317.25
46,1775623450.4365473,optimizer,0.0032286960631608963,13317.25
47,1775623450.5240743,forward,0.08387214504182339,13317.25
47,1775623450.7049108,backward,0.1806854922324419,13317.25
47,1775623450.7075465,optimizer,0.0024695731699466705,13317.25
48,1775623450.7945166,forward,0.08384416438639164,13317.25
48,1775623450.9753182,backward,0.18064942955970764,13317.25
48,1775623450.9780076,optimizer,0.002525763586163521,13317.25
49,1775623451.06492,forward,0.08383154310286045,13317.25
49,1775623451.2457929,backward,0.18071589060127735,13317.25
49,1775623451.2484741,optimizer,0.0025130435824394226,13317.25
50,1775623451.3354015,forward,0.08382073789834976,13317.25
50,1775623451.516215,backward,0.1806581113487482,13317.25
50,1775623451.5188832,optimizer,0.002500692382454872,13317.25
51,1775623451.60582,forward,0.08383951522409916,13317.25
51,1775623451.786652,backward,0.18067683093249798,13317.25
51,1775623451.7896414,optimizer,0.0028037074953317642,13317.25
52,1775623451.8766196,forward,0.08383610658347607,13317.25
52,1775623452.0574727,backward,0.18069601990282536,13317.25
52,1775623452.0601447,optimizer,0.0025009941309690475,13317.25
53,1775623452.1471741,forward,0.08389497734606266,13317.25
53,1775623452.328091,backward,0.1807587519288063,13317.25
53,1775623452.330804,optimizer,0.002546904608607292,13317.25
54,1775623452.4181607,forward,0.08381013572216034,13317.25
54,1775623452.5989602,backward,0.18063943088054657,13317.25
54,1775623452.601602,optimizer,0.0024586040526628494,13317.25
55,1775623452.6885724,forward,0.08387024886906147,13317.25
55,1775623452.8694308,backward,0.1806989535689354,13317.25
55,1775623452.8720648,optimizer,0.002459891140460968,13317.25
56,1775623452.9594324,forward,0.08378663659095764,13317.25
56,1775623453.1403358,backward,0.18073593266308308,13317.25
56,1775623453.143242,optimizer,0.002713007852435112,13317.25
57,1775623453.2303603,forward,0.08400828763842583,13317.25
57,1775623453.4112813,backward,0.1807640716433525,13317.25
57,1775623453.4139147,optimizer,0.0024619121104478836,13317.25
58,1775623453.5012074,forward,0.08380871452391148,13317.25
58,1775623453.6820872,backward,0.18072447925806046,13317.25
58,1775623453.6847165,optimizer,0.0024627316743135452,13317.25
59,1775623453.7717018,forward,0.08387846872210503,13317.25
59,1775623453.95255,backward,0.1806904599070549,13317.25
59,1775623453.95524,optimizer,0.0025237519294023514,13317.25
60,1775623454.0422375,forward,0.08363047242164612,13317.25
60,1775623454.2225587,backward,0.18016728200018406,13317.25
60,1775623454.2252517,optimizer,0.002523234114050865,13317.25
61,1775623454.312179,forward,0.08383370563387871,13317.25
61,1775623454.493101,backward,0.18076259084045887,13317.25
61,1775623454.4959788,optimizer,0.0026497263461351395,13317.25
62,1775623454.5831177,forward,0.08388079702854156,13317.25
62,1775623454.764067,backward,0.18078942224383354,13317.25
62,1775623454.7667525,optimizer,0.002519136294722557,13317.25
63,1775623454.8537,forward,0.08384744264185429,13317.25
63,1775623455.034473,backward,0.1806187704205513,13317.25
63,1775623455.0371618,optimizer,0.002523394301533699,13317.25
64,1775623455.1240973,forward,0.08384402841329575,13317.25
64,1775623455.305023,backward,0.18076959252357483,13317.25
64,1775623455.3077147,optimizer,0.0025235842913389206,13317.25
65,1775623455.3946831,forward,0.08387436717748642,13317.25
65,1775623455.5755498,backward,0.18070605024695396,13317.25
65,1775623455.5782444,optimizer,0.002526644617319107,13317.25
66,1775623455.665198,forward,0.0838768370449543,13317.25
66,1775623455.846274,backward,0.1808474026620388,13317.25
66,1775623455.8490012,optimizer,0.002562316134572029,13317.25
67,1775623455.936088,forward,0.08383077569305897,13317.25
67,1775623456.1169255,backward,0.18068759329617023,13317.25
67,1775623456.1196039,optimizer,0.002507813274860382,13317.25
68,1775623456.2066162,forward,0.08389104902744293,13317.25
68,1775623456.3875587,backward,0.18078632093966007,13317.25
68,1775623456.3901968,optimizer,0.002468980848789215,13317.25
69,1775623456.4773676,forward,0.08375115320086479,13317.25
69,1775623456.6582623,backward,0.18073639273643494,13317.25
69,1775623456.6609426,optimizer,0.002513064071536064,13317.25
70,1775623456.7479146,forward,0.083876246586442,13317.25
70,1775623456.9287984,backward,0.18072857148945332,13317.25
70,1775623456.9315128,optimizer,0.002546224743127823,13317.25
71,1775623457.0214243,forward,0.0838069561868906,13317.25
71,1775623457.2023234,backward,0.18073446117341518,13317.25
71,1775623457.2050207,optimizer,0.002529403194785118,13317.25
72,1775623457.2921185,forward,0.08392304927110672,13317.25
72,1775623457.4729311,backward,0.18065435998141766,13317.25
72,1775623457.4764595,optimizer,0.0033145807683467865,13317.25
73,1775623457.5635805,forward,0.08389778807759285,13317.25
73,1775623457.744533,backward,0.18079409562051296,13317.25
73,1775623457.7472441,optimizer,0.002545783296227455,13317.25
74,1775623457.8341148,forward,0.0838205274194479,13317.25
74,1775623458.015056,backward,0.1807870715856552,13317.25
74,1775623458.017737,optimizer,0.0025108233094215393,13317.25
75,1775623458.1047359,forward,0.08389883860945702,13317.25
75,1775623458.2856562,backward,0.18075939267873764,13317.25
75,1775623458.288356,optimizer,0.0024275220930576324,13317.25
76,1775623458.375395,forward,0.08374864608049393,13317.25
76,1775623458.5563197,backward,0.18076609261333942,13317.25
76,1775623458.5590262,optimizer,0.002531943842768669,13317.25
77,1775623458.646036,forward,0.08393017016351223,13317.25
77,1775623458.8269746,backward,0.18078369088470936,13317.25
77,1775623458.8296773,optimizer,0.00253288634121418,13317.25
78,1775623458.916822,forward,0.08379011414945126,13317.25
78,1775623459.0977325,backward,0.1807539127767086,13317.25
78,1775623459.100714,optimizer,0.00279947929084301,13317.25
79,1775623459.1878319,forward,0.08396326936781406,13317.25
79,1775623459.3687632,backward,0.18077491968870163,13317.25
79,1775623459.3714714,optimizer,0.0025453343987464905,13317.25
80,1775623459.4588048,forward,0.08385567553341389,13317.25
80,1775623459.6396952,backward,0.1807360928505659,13317.25
80,1775623459.6424108,optimizer,0.002548033371567726,13317.25
81,1775623459.7294285,forward,0.08394003845751286,13317.25
81,1775623459.9103892,backward,0.18080072291195393,13317.25
81,1775623459.9130924,optimizer,0.002535603940486908,13317.25
82,1775623460.0002868,forward,0.08383916690945625,13317.25
82,1775623460.181247,backward,0.18079820089042187,13317.25
82,1775623460.1839333,optimizer,0.0025199037045240402,13317.25
83,1775623460.270944,forward,0.08390402793884277,13317.25
83,1775623460.4518113,backward,0.1807114314287901,13317.25
83,1775623460.454504,optimizer,0.002526434138417244,13317.25
84,1775623460.5414188,forward,0.08382276631891727,13317.25
84,1775623460.7224312,backward,0.1808380614966154,13317.25
84,1775623460.7251287,optimizer,0.0025354232639074326,13317.25
85,1775623460.8120766,forward,0.08382752723991871,13317.25
85,1775623460.9934685,backward,0.18118705973029137,13317.25
85,1775623460.996228,optimizer,0.0025825239717960358,13317.25
86,1775623461.083286,forward,0.08389411680400372,13317.25
86,1775623461.2642698,backward,0.1808295752853155,13317.25
86,1775623461.26696,optimizer,0.0025231242179870605,13317.25
87,1775623461.3538613,forward,0.08380008488893509,13317.25
87,1775623461.5347652,backward,0.18075381964445114,13317.25
87,1775623461.5374649,optimizer,0.0025285743176937103,13317.25
88,1775623461.6244528,forward,0.08392838016152382,13317.25
88,1775623461.8054092,backward,0.18080081976950169,13317.25
88,1775623461.808103,optimizer,0.002526184543967247,13317.25
89,1775623461.8953419,forward,0.08384901657700539,13317.25
89,1775623462.0762703,backward,0.18077221885323524,13317.25
89,1775623462.078944,optimizer,0.0022101979702711105,13317.25
90,1775623462.1659322,forward,0.08391240797936916,13317.25
90,1775623462.3468266,backward,0.18073944188654423,13317.25
90,1775623462.3495152,optimizer,0.002521796151995659,13317.25
91,1775623462.4369533,forward,0.08396155014634132,13317.25
91,1775623462.6179745,backward,0.18085874430835247,13317.25
91,1775623462.620832,optimizer,0.002629375085234642,13317.25
92,1775623462.7080822,forward,0.08399707823991776,13317.25
92,1775623462.8890517,backward,0.18081288412213326,13317.25
92,1775623462.8917391,optimizer,0.0025236736983060837,13317.25
93,1775623462.9790134,forward,0.08383546583354473,13317.25
93,1775623463.1599672,backward,0.18079243414103985,13317.25
93,1775623463.162656,optimizer,0.002522682771086693,13317.25
94,1775623463.2496533,forward,0.08389168791472912,13317.25
94,1775623463.43055,backward,0.18074233084917068,13317.25
94,1775623463.433268,optimizer,0.002538522705435753,13317.25
95,1775623463.5203047,forward,0.08387351781129837,13317.25
95,1775623463.7012813,backward,0.18082318268716335,13317.25
95,1775623463.7039726,optimizer,0.0025227349251508713,13317.25
96,1775623463.7909553,forward,0.08386986888945103,13317.25
96,1775623463.971801,backward,0.18068808130919933,13317.25
96,1775623463.9744864,optimizer,0.0025186315178871155,13317.25
97,1775623464.061447,forward,0.08386815525591373,13317.25
97,1775623464.242529,backward,0.18091821484267712,13317.25
97,1775623464.245387,optimizer,0.00261809304356575,13317.25
98,1775623464.3325372,forward,0.08390087820589542,13317.25
98,1775623464.5135546,backward,0.1808598656207323,13317.25
98,1775623464.5162659,optimizer,0.0025315135717391968,13317.25
99,1775623464.6032956,forward,0.083889564499259,13317.25
99,1775623464.7842267,backward,0.1807736922055483,13317.25
99,1775623464.7869263,optimizer,0.002530982717871666,13317.25
100,1775623464.874218,forward,0.08385457843542099,13317.25
100,1775623465.0551543,backward,0.1807820424437523,13317.25
100,1775623465.0578532,optimizer,0.0025321152061223984,13317.25
101,1775623465.1449332,forward,0.08398392051458359,13317.25
101,1775623465.325975,backward,0.18088430352509022,13317.25
101,1775623465.3286405,optimizer,0.0024988632649183273,13317.25
102,1775623465.4189813,forward,0.08379013650119305,13317.25
102,1775623465.599947,backward,0.1808044519275427,13317.25
102,1775623465.6026373,optimizer,0.0025203749537467957,13317.25
103,1775623465.6897585,forward,0.08396253734827042,13317.25
103,1775623465.8707573,backward,0.18084128387272358,13317.25
103,1775623465.8734481,optimizer,0.0025236308574676514,13317.25
104,1775623465.9604487,forward,0.08388815820217133,13317.25
104,1775623466.141345,backward,0.18074142932891846,13317.25
104,1775623466.144033,optimizer,0.002519644796848297,13317.25
105,1775623466.2309325,forward,0.0838621947914362,13317.25
105,1775623466.412017,backward,0.18092748522758484,13317.25
105,1775623466.415501,optimizer,0.0032413359731435776,13317.25
106,1775623466.5027418,forward,0.08397380076348782,13317.25
106,1775623466.683799,backward,0.1808990929275751,13317.25
106,1775623466.6864893,optimizer,0.0025233253836631775,13317.25
107,1775623466.7737036,forward,0.08380746468901634,13317.25
107,1775623466.954675,backward,0.18081571348011494,13317.25
107,1775623466.9573615,optimizer,0.0025193747133016586,13317.25
108,1775623467.044412,forward,0.08394948020577431,13317.25
108,1775623467.2253058,backward,0.18073449097573757,13317.25
108,1775623467.2280066,optimizer,0.0025324728339910507,13317.25
109,1775623467.3151581,forward,0.0838135052472353,13317.25
109,1775623467.4961774,backward,0.18086035177111626,13317.25
109,1775623467.4988523,optimizer,0.0025084950029850006,13317.25
110,1775623467.5858622,forward,0.0838989969342947,13317.25
110,1775623467.7668183,backward,0.18079992569983006,13317.25
110,1775623467.769509,optimizer,0.0025240927934646606,13317.25
111,1775623467.856756,forward,0.08385936729609966,13317.25
111,1775623468.0376866,backward,0.1807715706527233,13317.25
111,1775623468.0403702,optimizer,0.002514304593205452,13317.25
112,1775623468.1273673,forward,0.08389190770685673,13317.25
112,1775623468.3082626,backward,0.18074153922498226,13317.25
112,1775623468.310968,optimizer,0.002536725252866745,13317.25
113,1775623468.3982425,forward,0.08388800919055939,13317.25
113,1775623468.5792737,backward,0.1808705646544695,13317.25
113,1775623468.5819678,optimizer,0.002521263435482979,13317.25
114,1775623468.668979,forward,0.08392852731049061,13317.25
114,1775623468.8501816,backward,0.18102392554283142,13317.25
114,1775623468.85287,optimizer,0.0025199037045240402,13317.25
115,1775623468.9398596,forward,0.08388793841004372,13317.25
115,1775623469.1208596,backward,0.18083923310041428,13317.25
115,1775623469.1235576,optimizer,0.002530336380004883,13317.25
116,1775623469.2104747,forward,0.08383368514478207,13317.25
116,1775623469.3914788,backward,0.18084378354251385,13317.25
116,1775623469.3941724,optimizer,0.002524282783269882,13317.25
117,1775623469.481127,forward,0.08386415801942348,13317.25
117,1775623469.6620626,backward,0.18078080378472805,13317.25
117,1775623469.6647506,optimizer,0.0025230124592781067,13317.25
118,1775623469.7516901,forward,0.08378653600811958,13317.25
118,1775623469.9326005,backward,0.18075556494295597,13317.25
118,1775623469.9353156,optimizer,0.002544516697525978,13317.25
119,1775623470.0222554,forward,0.08388998545706272,13317.25
119,1775623470.2032404,backward,0.18082592263817787,13317.25
119,1775623470.2059186,optimizer,0.002511264756321907,13317.25
120,1775623470.2931736,forward,0.08379468880593777,13317.25
120,1775623470.4740963,backward,0.18076311983168125,13317.25
120,1775623470.4767823,optimizer,0.0024160239845514297,13317.25
121,1775623470.5638258,forward,0.083963168784976,13317.25
121,1775623470.7448637,backward,0.180881105363369,13317.25
121,1775623470.747567,optimizer,0.002537183463573456,13317.25
122,1775623470.8349142,forward,0.08385592699050903,13317.25
122,1775623471.0159662,backward,0.18089893646538258,13317.25
122,1775623471.018936,optimizer,0.002772558480501175,13317.25
123,1775623471.1061711,forward,0.0840569194406271,13317.25
123,1775623471.2872853,backward,0.18095451593399048,13317.25
123,1775623471.289968,optimizer,0.0025176629424095154,13317.25
124,1775623471.3772526,forward,0.08389425836503506,13317.25
124,1775623471.5582156,backward,0.18080459348857403,13317.25
124,1775623471.5608995,optimizer,0.0025150347501039505,13317.25
125,1775623471.6480443,forward,0.08399821817874908,13317.25
125,1775623471.8290732,backward,0.18087426386773586,13317.25
125,1775623471.8317745,optimizer,0.0025296229869127274,13317.25
126,1775623471.918718,forward,0.08383940532803535,13317.25
126,1775623472.0998273,backward,0.18094630539417267,13317.25
126,1775623472.102519,optimizer,0.0025237761437892914,13317.25
127,1775623472.1894822,forward,0.08388574048876762,13317.25
127,1775623472.3704321,backward,0.18078882433474064,13317.25
127,1775623472.3731248,optimizer,0.0025264304131269455,13317.25
128,1775623472.46015,forward,0.08394498005509377,13317.25
128,1775623472.6411324,backward,0.18082808144390583,13317.25
128,1775623472.6438346,optimizer,0.0025239046663045883,13317.25
129,1775623472.7308004,forward,0.08381842821836472,13317.25
129,1775623472.9119337,backward,0.18097436428070068,13317.25
129,1775623472.9146142,optimizer,0.00251210480928421,13317.25
130,1775623473.0017247,forward,0.08400137908756733,13317.25
130,1775623473.182753,backward,0.18086988292634487,13317.25
130,1775623473.1856055,optimizer,0.002628697082400322,13317.25
131,1775623473.27331,forward,0.08393271639943123,13317.25
131,1775623473.4545298,backward,0.18106678687036037,13317.25
131,1775623473.457209,optimizer,0.002510424703359604,13317.25
132,1775623473.5443003,forward,0.08396444842219353,13317.25
132,1775623473.7252705,backward,0.18081657215952873,13317.25
132,1775623473.7279465,optimizer,0.0022287070751190186,13317.25
133,1775623473.8164642,forward,0.08390166610479355,13317.25
133,1775623473.9975119,backward,0.18088890612125397,13317.25
133,1775623474.0002,optimizer,0.0025088638067245483,13317.25
134,1775623474.0872889,forward,0.08397317864000797,13317.25
134,1775623474.268317,backward,0.18087216280400753,13317.25
134,1775623474.2709985,optimizer,0.0025187842547893524,13317.25
135,1775623474.357997,forward,0.08393880724906921,13317.25
135,1775623474.5389981,backward,0.18084514327347279,13317.25
135,1775623474.5416782,optimizer,0.002512305974960327,13317.25
136,1775623474.6286194,forward,0.08389020524919033,13317.25
136,1775623474.809692,backward,0.1809121761471033,13317.25
136,1775623474.8123765,optimizer,0.0025177914649248123,13317.25
137,1775623474.8993828,forward,0.08390000462532043,13317.25
137,1775623475.0804148,backward,0.180877935141325,13317.25
137,1775623475.0830927,optimizer,0.0025118347257375717,13317.25
138,1775623475.1701293,forward,0.08380483649671078,13317.25
138,1775623475.3511941,backward,0.18091286532580853,13317.25
138,1775623475.3540416,optimizer,0.0026103053241968155,13317.25
139,1775623475.4412603,forward,0.0840330496430397,13317.25
139,1775623475.6223803,backward,0.1809633243829012,13317.25
139,1775623475.6250672,optimizer,0.0025214925408363342,13317.25
140,1775623475.7123325,forward,0.08381535671651363,13317.25
140,1775623475.8932867,backward,0.18079878203570843,13317.25
140,1775623475.8959694,optimizer,0.002516314387321472,13317.25
141,1775623475.9830766,forward,0.08399095945060253,13317.25
141,1775623476.164076,backward,0.1808490138500929,13317.25
141,1775623476.1667736,optimizer,0.002528976649045944,13317.25
142,1775623476.254003,forward,0.08385937474668026,13317.25
142,1775623476.435002,backward,0.18084281496703625,13317.25
142,1775623476.4377103,optimizer,0.0025402847677469254,13317.25
143,1775623476.5247858,forward,0.08401004038751125,13317.25
143,1775623476.7058284,backward,0.18088623322546482,13317.25
143,1775623476.7085156,optimizer,0.0025217439979314804,13317.25
144,1775623476.79581,forward,0.08387818746268749,13317.25
144,1775623476.976795,backward,0.18082960322499275,13317.25
144,1775623476.9795234,optimizer,0.002566453069448471,13317.25
145,1775623477.0665145,forward,0.08390195854008198,13317.25
145,1775623477.2474775,backward,0.18079186230897903,13317.25
145,1775623477.2501724,optimizer,0.002512725070118904,13317.25
146,1775623477.3372498,forward,0.08397231809794903,13317.25
146,1775623477.5183635,backward,0.1809579748660326,13317.25
146,1775623477.521043,optimizer,0.002503853291273117,13317.25
147,1775623477.6080487,forward,0.08392676897346973,13317.25
147,1775623477.78905,backward,0.18084601312875748,13317.25
147,1775623477.79173,optimizer,0.0025100335478782654,13317.25
148,1775623477.8787723,forward,0.0839396882802248,13317.25
148,1775623478.0597107,backward,0.18078024312853813,13317.25
148,1775623478.0623994,optimizer,0.002519683912396431,13317.25
149,1775623478.1496532,forward,0.08378883451223373,13317.25
149,1775623478.330652,backward,0.18084118328988552,13317.25
149,1775623478.3341677,optimizer,0.003294607624411583,13317.25
150,1775623478.4214869,forward,0.08410421200096607,13317.25
150,1775623478.6026227,backward,0.1809698361903429,13317.25
150,1775623478.6053095,optimizer,0.002517854794859886,13317.25
151,1775623478.692585,forward,0.08388028852641582,13317.25
151,1775623478.8735678,backward,0.18082609213888645,13317.25
151,1775623478.8762603,optimizer,0.0025253035128116608,13317.25
152,1775623478.9633644,forward,0.08399337716400623,13317.25
152,1775623479.1443992,backward,0.18087911419570446,13317.25
152,1775623479.1470969,optimizer,0.002525564283132553,13317.25
153,1775623479.2343423,forward,0.08387178741395473,13317.25
153,1775623479.4154356,backward,0.1809362042695284,13317.25
153,1775623479.418126,optimizer,0.0025237835943698883,13317.25
154,1775623479.5052662,forward,0.08397942967712879,13317.25
154,1775623479.6863515,backward,0.180931456387043,13317.25
154,1775623479.6890535,optimizer,0.002537023276090622,13317.25
155,1775623479.776079,forward,0.08392561785876751,13317.25
155,1775623479.9571083,backward,0.18087565153837204,13317.25
155,1775623479.9598272,optimizer,0.0025462545454502106,13317.25
156,1775623480.0468447,forward,0.08391584642231464,13317.25
156,1775623480.22801,backward,0.1810086276382208,13317.25
156,1775623480.2306767,optimizer,0.0025005023926496506,13317.25
157,1775623480.3177671,forward,0.08397980779409409,13317.25
157,1775623480.4988487,backward,0.18092652410268784,13317.25
157,1775623480.5015123,optimizer,0.002499673515558243,13317.25
158,1775623480.588644,forward,0.08383867517113686,13317.25
158,1775623480.7697625,backward,0.18096259608864784,13317.25
158,1775623480.7724276,optimizer,0.0024944711476564407,13317.25
159,1775623480.8595533,forward,0.08401787281036377,13317.25
159,1775623481.0405836,backward,0.18087359331548214,13317.25
159,1775623481.04328,optimizer,0.002424543723464012,13317.25
160,1775623481.1306167,forward,0.08383483625948429,13317.25
160,1775623481.3119063,backward,0.1811062078922987,13317.25
160,1775623481.3146021,optimizer,0.0025301557034254074,13317.25
161,1775623481.4017794,forward,0.0840696208178997,13317.25
161,1775623481.5827916,backward,0.18085574358701706,13317.25
161,1775623481.5854812,optimizer,0.0025256313383579254,13317.25
162,1775623481.6728146,forward,0.08384009823203087,13317.25
162,1775623481.8538387,backward,0.180866165086627,13317.25
162,1775623481.8565218,optimizer,0.002514343708753586,13317.25
163,1775623481.9436107,forward,0.08396966755390167,13317.25
163,1775623482.1247907,backward,0.18102056719362736,13317.25
163,1775623482.1274831,optimizer,0.0025259647518396378,13317.25
164,1775623482.214659,forward,0.08391665853559971,13317.25
164,1775623482.3957465,backward,0.18093148432672024,13317.25
164,1775623482.3984458,optimizer,0.002524804323911667,13317.25
165,1775623482.485476,forward,0.0839181412011385,13317.25
165,1775623482.6665776,backward,0.1809416338801384,13317.25
165,1775623482.669212,optimizer,0.002461083233356476,13317.25
166,1775623482.7562685,forward,0.08393695764243603,13317.25
166,1775623482.9373605,backward,0.18093343265354633,13317.25
166,1775623482.9399786,optimizer,0.002441082149744034,13317.25
167,1775623483.026966,forward,0.08390822634100914,13317.25
167,1775623483.208092,backward,0.18097032606601715,13317.25
167,1775623483.2107005,optimizer,0.0024399813264608383,13317.25
168,1775623483.297761,forward,0.08392445743083954,13317.25
168,1775623483.4788055,backward,0.18088909424841404,13317.25
168,1775623483.4814224,optimizer,0.002446891739964485,13317.25
169,1775623483.5688112,forward,0.08391193859279156,13317.25
169,1775623483.7499008,backward,0.18093161471188068,13317.25
169,1775623483.7525113,optimizer,0.0024399105459451675,13317.25
170,1775623483.8396418,forward,0.08398705162107944,13317.25
170,1775623484.0207903,backward,0.18098758533596992,13317.25
170,1775623484.023735,optimizer,0.0027299784123897552,13317.25
171,1775623484.1112928,forward,0.0840527806431055,13317.25
171,1775623484.292416,backward,0.18096663616597652,13317.25
171,1775623484.2950883,optimizer,0.0025031156837940216,13317.25
172,1775623484.382209,forward,0.08401723764836788,13317.25
172,1775623484.563309,backward,0.18094375357031822,13317.25
172,1775623484.5659404,optimizer,0.0024652723222970963,13317.25
173,1775623484.6534069,forward,0.08392367884516716,13317.25
173,1775623484.8344858,backward,0.18090965412557125,13317.25
173,1775623484.8371098,optimizer,0.002453913912177086,13317.25
174,1775623484.9240966,forward,0.08387117460370064,13317.25
174,1775623485.1052144,backward,0.18095991760492325,13317.25
174,1775623485.107899,optimizer,0.002518635243177414,13317.25
175,1775623485.1948788,forward,0.08385885879397392,13317.25
175,1775623485.376014,backward,0.18097715638577938,13317.25
175,1775623485.3786995,optimizer,0.0025201942771673203,13317.25
176,1775623485.4657083,forward,0.08391997776925564,13317.25
176,1775623485.6467743,backward,0.18090894632041454,13317.25
176,1775623485.6494758,optimizer,0.0025338754057884216,13317.25
177,1775623485.736519,forward,0.0839471872895956,13317.25
177,1775623485.9175627,backward,0.18088344484567642,13317.25
177,1775623485.9202495,optimizer,0.0025188159197568893,13317.25
178,1775623486.0075986,forward,0.08386645838618279,13317.25
178,1775623486.1886866,backward,0.18092887476086617,13317.25
178,1775623486.1913786,optimizer,0.0025262925773859024,13317.25
179,1775623486.2784398,forward,0.08397258818149567,13317.25
179,1775623486.4595487,backward,0.18095258437097073,13317.25
179,1775623486.4622245,optimizer,0.0025081653147935867,13317.25
180,1775623486.5495465,forward,0.08392633683979511,13317.25
180,1775623486.7306776,backward,0.18096991628408432,13317.25
180,1775623486.7333522,optimizer,0.002506423741579056,13317.25
181,1775623486.8204153,forward,0.08400407992303371,13317.25
181,1775623487.0015388,backward,0.18094964511692524,13317.25
181,1775623487.004389,optimizer,0.002625836059451103,13317.25
182,1775623487.091829,forward,0.08391132764518261,13317.25
182,1775623487.2729423,backward,0.18095774576067924,13317.25
182,1775623487.2756343,optimizer,0.0025236234068870544,13317.25
183,1775623487.3628497,forward,0.0839733574539423,13317.25
183,1775623487.54383,backward,0.18082481250166893,13317.25
183,1775623487.5465293,optimizer,0.0025343168526887894,13317.25
184,1775623487.633565,forward,0.08393996953964233,13317.25
184,1775623487.8146427,backward,0.1809204053133726,13317.25
184,1775623487.8173535,optimizer,0.002546515315771103,13317.25
185,1775623487.9043572,forward,0.0839121863245964,13317.25
185,1775623488.0853865,backward,0.18087410368025303,13317.25
185,1775623488.088066,optimizer,0.002506755292415619,13317.25
186,1775623488.1751513,forward,0.08394859731197357,13317.25
186,1775623488.3562872,backward,0.1809794344007969,13317.25
186,1775623488.3589778,optimizer,0.002519354224205017,13317.25
187,1775623488.446079,forward,0.08393803983926773,13317.25
187,1775623488.627212,backward,0.18097648583352566,13317.25
187,1775623488.6298866,optimizer,0.002502633258700371,13317.25
188,1775623488.7169793,forward,0.08400262892246246,13317.25
188,1775623488.898105,backward,0.180969825014472,13317.25
188,1775623488.900791,optimizer,0.0025194529443979263,13317.25
189,1775623488.9881063,forward,0.08385241590440273,13317.25
189,1775623489.1690695,backward,0.18081270344555378,13317.25
189,1775623489.1717649,optimizer,0.0025266744196414948,13317.25
190,1775623489.2588556,forward,0.0839984193444252,13317.25
190,1775623489.4400315,backward,0.18101906590163708,13317.25
190,1775623489.4427052,optimizer,0.002501232549548149,13317.25
191,1775623489.5301504,forward,0.08391103893518448,13317.25
191,1775623489.711172,backward,0.18086969293653965,13317.25
191,1775623489.7138445,optimizer,0.0025054719299077988,13317.25
192,1775623489.8009317,forward,0.08398654870688915,13317.25
192,1775623489.9821835,backward,0.1810800675302744,13317.25
192,1775623489.9849157,optimizer,0.0025642458349466324,13317.25
193,1775623490.0722601,forward,0.08394495770335197,13317.25
193,1775623490.2533965,backward,0.180978175252676,13317.25
193,1775623490.2561116,optimizer,0.002543944865465164,13317.25
194,1775623490.3431623,forward,0.08390872739255428,13317.25
194,1775623490.5243335,backward,0.1810095850378275,13317.25
194,1775623490.527067,optimizer,0.002567855641245842,13317.25
195,1775623490.6141033,forward,0.08401188999414444,13317.25
195,1775623490.7951994,backward,0.1809228230267763,13317.25
195,1775623490.7978845,optimizer,0.002522403374314308,13317.25
196,1775623490.8849323,forward,0.08393407799303532,13317.25
196,1775623491.0660791,backward,0.18099087849259377,13317.25
196,1775623491.0687575,optimizer,0.0025104526430368423,13317.25
197,1775623491.1557858,forward,0.08391602709889412,13317.25
197,1775623491.3368201,backward,0.1808752827346325,13317.25
197,1775623491.3394969,optimizer,0.002513093873858452,13317.25
198,1775623491.4268153,forward,0.08384700678288937,13317.25
198,1775623491.6080217,backward,0.18091760389506817,13317.25
198,1775623491.6106954,optimizer,0.002509184181690216,13317.25
199,1775623491.6977885,forward,0.08400745876133442,13317.25
199,1775623491.8789883,backward,0.18104885704815388,13317.25
199,1775623491.881679,optimizer,0.0025188643485307693,13317.25
200,1775623491.9690497,forward,0.08389676734805107,13317.25
200,1775623492.150096,backward,0.18089020252227783,13317.25
200,1775623492.1527715,optimizer,0.002508053556084633,13317.25
201,1775623492.2398765,forward,0.08399664051830769,13317.25
201,1775623492.4209301,backward,0.1808974165469408,13317.25
201,1775623492.423611,optimizer,0.002514064311981201,13317.25
202,1775623492.5109155,forward,0.08387688919901848,13317.25
202,1775623492.6919153,backward,0.18084541335701942,13317.25
202,1775623492.6945982,optimizer,0.00251743383705616,13317.25
203,1775623492.7816079,forward,0.08393919840455055,13317.25
203,1775623492.962666,backward,0.1809007115662098,13317.25
203,1775623492.965353,optimizer,0.002414841204881668,13317.25
204,1775623493.052399,forward,0.08394893631339073,13317.25
204,1775623493.2336347,backward,0.18107685819268227,13317.25
204,1775623493.2362468,optimizer,0.0024471133947372437,13317.25
205,1775623493.3232923,forward,0.08391976729035378,13317.25
205,1775623493.5043976,backward,0.1809502448886633,13317.25
205,1775623493.5078156,optimizer,0.0031790360808372498,13317.25
206,1775623493.5951953,forward,0.08408492244780064,13317.25
206,1775623493.77634,backward,0.18099374510347843,13317.25
206,1775623493.7790413,optimizer,0.0025346949696540833,13317.25
207,1775623493.8664484,forward,0.08391096815466881,13317.25
207,1775623494.0475953,backward,0.18099269643425941,13317.25
207,1775623494.0502312,optimizer,0.0024689417332410812,13317.25
208,1775623494.1373575,forward,0.0840273592621088,13317.25
208,1775623494.3185086,backward,0.18099616467952728,13317.25
208,1775623494.3211184,optimizer,0.002446752041578293,13317.25
209,1775623494.4099987,forward,0.08392567560076714,13317.25
209,1775623494.5912063,backward,0.1810486651957035,13317.25
209,1775623494.5938544,optimizer,0.002477182075381279,13317.25
210,1775623494.6809914,forward,0.08401914872229099,13317.25
210,1775623494.862132,backward,0.18098175711929798,13317.25
210,1775623494.8648236,optimizer,0.0025273356586694717,13317.25
211,1775623494.9518297,forward,0.08391626551747322,13317.25
211,1775623495.132873,backward,0.18088746443390846,13317.25
211,1775623495.1355653,optimizer,0.00252472423017025,13317.25
212,1775623495.222517,forward,0.08389158919453621,13317.25
212,1775623495.4036021,backward,0.1809296440333128,13317.25
212,1775623495.4062757,optimizer,0.0025080908089876175,13317.25
213,1775623495.4933975,forward,0.08402412943542004,13317.25
213,1775623495.67443,backward,0.18086828291416168,13317.25
213,1775623495.6771026,optimizer,0.002504691481590271,13317.25
214,1775623495.7644248,forward,0.08390997722744942,13317.25
214,1775623495.9455338,backward,0.18095092475414276,13317.25
214,1775623495.948232,optimizer,0.0025320742279291153,13317.25
215,1775623496.035328,forward,0.08399702049791813,13317.25
215,1775623496.2164674,backward,0.18098452500998974,13317.25
215,1775623496.2191687,optimizer,0.0025353431701660156,13317.25
216,1775623496.3063643,forward,0.08390780724585056,13317.25
216,1775623496.487454,backward,0.18093497306108475,13317.25
216,1775623496.4901333,optimizer,0.0025140047073364258,13317.25
217,1775623496.5772498,forward,0.08402218855917454,13317.25
217,1775623496.7584062,backward,0.18098757602274418,13317.25
217,1775623496.7610736,optimizer,0.002495924010872841,13317.25
218,1775623496.8484116,forward,0.0839486587792635,13317.25
218,1775623497.0295444,backward,0.18097137659788132,13317.25
218,1775623497.0322134,optimizer,0.0025047939270734787,13317.25
219,1775623497.1193166,forward,0.08400110714137554,13317.25
219,1775623497.300478,backward,0.18100826628506184,13317.25
219,1775623497.3034818,optimizer,0.0028209276497364044,13317.25
220,1775623497.3906457,forward,0.08398344926536083,13317.25
220,1775623497.5719242,backward,0.18112018145620823,13317.25
220,1775623497.5746152,optimizer,0.0025226734578609467,13317.25
221,1775623497.661606,forward,0.08391416817903519,13317.25
221,1775623497.8426936,backward,0.18093081377446651,13317.25
221,1775623497.8453789,optimizer,0.002521233633160591,13317.25
222,1775623497.932505,forward,0.08401102758944035,13317.25
222,1775623498.1135862,backward,0.18092886544764042,13317.25
222,1775623498.1162608,optimizer,0.0025064125657081604,13317.25
223,1775623498.2035694,forward,0.08382777497172356,13317.25
223,1775623498.3847048,backward,0.18098146468400955,13317.25
223,1775623498.3874087,optimizer,0.002532104030251503,13317.25
224,1775623498.4745166,forward,0.08399666845798492,13317.25
224,1775623498.655705,backward,0.18103348836302757,13317.25
224,1775623498.658404,optimizer,0.002528194338083267,13317.25
225,1775623498.7457128,forward,0.0839010588824749,13317.25
225,1775623498.926895,backward,0.18102627620100975,13317.25
225,1775623498.9295378,optimizer,0.0024736355990171432,13317.25
226,1775623499.016629,forward,0.08402504026889801,13317.25
226,1775623499.1977088,backward,0.18092850409448147,13317.25
226,1775623499.200333,optimizer,0.002454722300171852,13317.25
227,1775623499.2876616,forward,0.08389140851795673,13317.25
227,1775623499.468718,backward,0.18089793249964714,13317.25
227,1775623499.4714003,optimizer,0.0025142040103673935,13317.25
228,1775623499.558526,forward,0.08401396125555038,13317.25
228,1775623499.7396798,backward,0.1809977274388075,13317.25
228,1775623499.7422848,optimizer,0.002435922622680664,13317.25
229,1775623499.8293195,forward,0.08394082821905613,13317.25
229,1775623500.0104601,backward,0.1809843648225069,13317.25
229,1775623500.0130944,optimizer,0.0024679042398929596,13317.25
230,1775623500.1001337,forward,0.0839074682444334,13317.25
230,1775623500.2812111,backward,0.1809217929840088,13317.25
230,1775623500.283896,optimizer,0.0025169644504785538,13317.25
231,1775623500.3709273,forward,0.08393348753452301,13317.25
231,1775623500.55207,backward,0.1809812355786562,13317.25
231,1775623500.5547404,optimizer,0.002509456127882004,13317.25
232,1775623500.6417649,forward,0.08392148837447166,13317.25
232,1775623500.8229325,backward,0.1810092944651842,13317.25
232,1775623500.8255668,optimizer,0.0024669039994478226,13317.25
233,1775623500.9126997,forward,0.0840225201100111,13317.25
233,1775623501.0938544,backward,0.18099690787494183,13317.25
233,1775623501.0967817,optimizer,0.0027122683823108673,13317.25
234,1775623501.1843357,forward,0.0840256605297327,13317.25
234,1775623501.3654144,backward,0.18091962486505508,13317.25
234,1775623501.3680356,optimizer,0.002444883808493614,13317.25
235,1775623501.4552286,forward,0.08406039327383041,13317.25
235,1775623501.6363802,backward,0.18099330738186836,13317.25
235,1775623501.6390474,optimizer,0.0025029927492141724,13317.25
236,1775623501.7264283,forward,0.08390245586633682,13317.25
236,1775623501.9074805,backward,0.18089600279927254,13317.25
236,1775623501.9101717,optimizer,0.002523643895983696,13317.25
237,1775623501.9972641,forward,0.08401080034673214,13317.25
237,1775623502.1784325,backward,0.18100894801318645,13317.25
237,1775623502.1811204,optimizer,0.0025196559727191925,13317.25
238,1775623502.2684703,forward,0.08391360007226467,13317.25
238,1775623502.4495676,backward,0.1809380240738392,13317.25
238,1775623502.4522386,optimizer,0.0024998337030410767,13317.25
239,1775623502.5392632,forward,0.0839062575250864,13317.25
239,1775623502.72036,backward,0.18094425648450851,13317.25
239,1775623502.7230573,optimizer,0.002531183883547783,13317.25
240,1775623502.8100288,forward,0.08393756859004498,13317.25
240,1775623502.9911857,backward,0.18100369721651077,13317.25
240,1775623502.9938576,optimizer,0.002501973882317543,13317.25
241,1775623503.0808315,forward,0.08389666490256786,13317.25
241,1775623503.2619326,backward,0.1809464953839779,13317.25
241,1775623503.2646039,optimizer,0.00250278040766716,13317.25
242,1775623503.3516798,forward,0.08396779000759125,13317.25
242,1775623503.5328534,backward,0.18101430498063564,13317.25
242,1775623503.535556,optimizer,0.002538815140724182,13317.25
243,1775623503.6228402,forward,0.08385592699050903,13317.25
243,1775623503.8039172,backward,0.18091966398060322,13317.25
243,1775623503.8066185,optimizer,0.002533223479986191,13317.25
244,1775623503.8937287,forward,0.0840128306299448,13317.25
244,1775623504.074982,backward,0.1810950767248869,13317.25
244,1775623504.0776703,optimizer,0.0025200918316841125,13317.25
245,1775623504.1649277,forward,0.08387459814548492,13317.25
245,1775623504.3459935,backward,0.1809101141989231,13317.25
245,1775623504.3486905,optimizer,0.0025300346314907074,13317.25
246,1775623504.4358299,forward,0.0840283390134573,13317.25
246,1775623504.617042,backward,0.1810562051832676,13317.25
246,1775623504.619738,optimizer,0.002520611509680748,13317.25
247,1775623504.7071626,forward,0.08392173796892166,13317.25
247,1775623504.8882022,backward,0.18086683377623558,13317.25
247,1775623504.8910766,optimizer,0.0025410838425159454,13317.25
248,1775623504.9782786,forward,0.08395487628877163,13317.25
248,1775623505.1593945,backward,0.18095960654318333,13317.25
248,1775623505.16207,optimizer,0.002508183941245079,13317.25
249,1775623505.2491114,forward,0.083948889747262,13317.25
249,1775623505.4302952,backward,0.1810285560786724,13317.25
249,1775623505.4329798,optimizer,0.00251692533493042,13317.25
250,1775623505.5199864,forward,0.08391749672591686,13317.25
250,1775623505.7010224,backward,0.18088082410395145,13317.25
250,1775623505.7037184,optimizer,0.0025253556668758392,13317.25
251,1775623505.790811,forward,0.08400063961744308,13317.25
251,1775623505.9719102,backward,0.18094195611774921,13317.25
251,1775623505.9745893,optimizer,0.0025083106011152267,13317.25
252,1775623506.0619316,forward,0.08388200774788857,13317.25
252,1775623506.2429996,backward,0.18091560527682304,13317.25
252,1775623506.2456706,optimizer,0.0025079939514398575,13317.25
253,1775623506.332732,forward,0.08396955952048302,13317.25
253,1775623506.514006,backward,0.1811204757541418,13317.25
253,1775623506.516698,optimizer,0.00252547487616539,13317.25
254,1775623506.6064117,forward,0.08393927849829197,13317.25
254,1775623506.7874625,backward,0.18089179694652557,13317.25
254,1775623506.7901566,optimizer,0.002525642514228821,13317.25
255,1775623506.8772693,forward,0.08402404934167862,13317.25
255,1775623507.0584502,backward,0.1810189075767994,13317.25
255,1775623507.0611274,optimizer,0.0025086142122745514,13317.25
256,1775623507.148129,forward,0.08389871567487717,13317.25
256,1775623507.3293242,backward,0.18103769607841969,13317.25
256,1775623507.3320227,optimizer,0.0025314725935459137,13317.25
257,1775623507.4190102,forward,0.083927808329463,13317.25
257,1775623507.6001072,backward,0.1809467375278473,13317.25
257,1775623507.6027822,optimizer,0.00250980444252491,13317.25
258,1775623507.6899767,forward,0.08405407145619392,13317.25
258,1775623507.871143,backward,0.18100802600383759,13317.25
258,1775623507.873833,optimizer,0.00252460315823555,13317.25
259,1775623507.961179,forward,0.08393927849829197,13317.25
259,1775623508.1423874,backward,0.181053027510643,13317.25
259,1775623508.1450877,optimizer,0.002536555752158165,13317.25
260,1775623508.2322128,forward,0.08402423933148384,13317.25
260,1775623508.4133883,backward,0.18101979605853558,13317.25
260,1775623508.41607,optimizer,0.0025111157447099686,13317.25
261,1775623508.5034022,forward,0.08391780778765678,13317.25
261,1775623508.68468,backward,0.18105430714786053,13317.25
261,1775623508.6874566,optimizer,0.0025968868285417557,13317.25
262,1775623508.7746506,forward,0.08402857929468155,13317.25
262,1775623508.9559147,backward,0.18110643699765205,13317.25
262,1775623508.958606,optimizer,0.0025236941874027252,13317.25
263,1775623509.0461473,forward,0.08391571789979935,13317.25
263,1775623509.2271788,backward,0.1808775868266821,13317.25
263,1775623509.2298715,optimizer,0.0025242529809474945,13317.25
264,1775623509.316981,forward,0.08401321992278099,13317.25
264,1775623509.4981225,backward,0.18098519556224346,13317.25
264,1775623509.5008242,optimizer,0.0025286953896284103,13317.25
265,1775623509.5878587,forward,0.08393780887126923,13317.25
265,1775623509.7690494,backward,0.18103739619255066,13317.25
265,1775623509.771761,optimizer,0.0025453753769397736,13317.25
266,1775623509.8587544,forward,0.08389545977115631,13317.25
266,1775623510.0399,backward,0.1809730250388384,13317.25
266,1775623510.0425212,optimizer,0.002453673630952835,13317.25
267,1775623510.1296434,forward,0.08399640023708344,13317.25
267,1775623510.3108356,backward,0.18103865534067154,13317.25
267,1775623510.3134496,optimizer,0.002447735518217087,13317.25
268,1775623510.4052746,forward,0.0840123388916254,13317.25
268,1775623510.5864115,backward,0.18097864277660847,13317.25
268,1775623510.5890362,optimizer,0.002460714429616928,13317.25
269,1775623510.6761208,forward,0.08400133810937405,13317.25
269,1775623510.8572578,backward,0.1809803992509842,13317.25
269,1775623510.8599594,optimizer,0.0025309957563877106,13317.25
270,1775623510.9470158,forward,0.08394799008965492,13317.25
270,1775623511.1280828,backward,0.18091219663619995,13317.25
270,1775623511.1307714,optimizer,0.0025267042219638824,13317.25
271,1775623511.217736,forward,0.08392611891031265,13317.25
271,1775623511.398796,backward,0.18090686574578285,13317.25
271,1775623511.40148,optimizer,0.002513263374567032,13317.25
272,1775623511.4885776,forward,0.08395721018314362,13317.25
272,1775623511.6697695,backward,0.18102890625596046,13317.25
272,1775623511.6724012,optimizer,0.0024623647332191467,13317.25
273,1775623511.7597618,forward,0.08389807678759098,13317.25
273,1775623511.9408603,backward,0.18093978613615036,13317.25
273,1775623511.9435306,optimizer,0.002507545053958893,13317.25
274,1775623512.0306613,forward,0.08401985839009285,13317.25
274,1775623512.2117789,backward,0.18096401542425156,13317.25
274,1775623512.2144775,optimizer,0.002529032528400421,13317.25
275,1775623512.3017213,forward,0.08387034945189953,13317.25
275,1775623512.4827335,backward,0.18085303343832493,13317.25
275,1775623512.485346,optimizer,0.00244351290166378,13317.25
276,1775623512.5725007,forward,0.08400467969477177,13317.25
276,1775623512.7536874,backward,0.18102461658418179,13317.25
276,1775623512.7563639,optimizer,0.0025110747665166855,13317.25
277,1775623512.8437023,forward,0.08390035666525364,13317.25
277,1775623513.0248504,backward,0.18098998256027699,13317.25
277,1775623513.027549,optimizer,0.0025307927280664444,13317.25
278,1775623513.114657,forward,0.08401197008788586,13317.25
278,1775623513.295749,backward,0.18093444593250751,13317.25
278,1775623513.2984326,optimizer,0.0025164447724819183,13317.25
279,1775623513.38552,forward,0.08399265073239803,13317.25
279,1775623513.5671275,backward,0.18136177211999893,13317.25
279,1775623513.5698597,optimizer,0.002571454271674156,13317.25
280,1775623513.657051,forward,0.08399234712123871,13317.25
280,1775623513.8381965,backward,0.18099011667072773,13317.25
280,1775623513.8408284,optimizer,0.002464182674884796,13317.25
281,1775623513.9279482,forward,0.08400154113769531,13317.25
281,1775623514.10905,backward,0.18094641715288162,13317.25
281,1775623514.1117518,optimizer,0.00253361277282238,13317.25
282,1775623514.1990974,forward,0.08392655849456787,13317.25
282,1775623514.3802586,backward,0.18100491911172867,13317.25
282,1775623514.3829494,optimizer,0.002525392919778824,13317.25
283,1775623514.470077,forward,0.08404747024178505,13317.25
283,1775623514.6512568,backward,0.1810209546238184,13317.25
283,1775623514.6539454,optimizer,0.002512942999601364,13317.25
284,1775623514.7412758,forward,0.08384519629180431,13317.25
284,1775623514.9223309,backward,0.18089784495532513,13317.25
284,1775623514.92501,optimizer,0.002512255683541298,13317.25
285,1775623515.012119,forward,0.08404910005629063,13317.25
285,1775623515.193151,backward,0.1808718852698803,13317.25
285,1775623515.1958506,optimizer,0.002530433237552643,13317.25
286,1775623515.283166,forward,0.08388780616223812,13317.25
286,1775623515.4642866,backward,0.18096065521240234,13317.25
286,1775623515.466968,optimizer,0.002516312524676323,13317.25
287,1775623515.554051,forward,0.08398606814444065,13317.25
287,1775623515.7351649,backward,0.18095775693655014,13317.25
287,1775623515.7378051,optimizer,0.002473011612892151,13317.25
288,1775623515.8247902,forward,0.08388189785182476,13317.25
288,1775623516.0059097,backward,0.18096456490457058,13317.25
288,1775623516.0085242,optimizer,0.0024447310715913773,13317.25
289,1775623516.0956619,forward,0.08395467884838581,13317.25
289,1775623516.2768106,backward,0.18099098652601242,13317.25
289,1775623516.2794428,optimizer,0.0024643223732709885,13317.25
290,1775623516.3665314,forward,0.08396312035620213,13317.25
290,1775623516.5477247,backward,0.1810357477515936,13317.25
290,1775623516.5503354,optimizer,0.0024436041712760925,13317.25
291,1775623516.6374345,forward,0.08392666839063168,13317.25
291,1775623516.8186247,backward,0.18102561682462692,13317.25
291,1775623516.821248,optimizer,0.0024570655077695847,13317.25
292,1775623516.9083896,forward,0.08399508148431778,13317.25
292,1775623517.0896018,backward,0.18105437606573105,13317.25
292,1775623517.0922785,optimizer,0.0025082342326641083,13317.25
293,1775623517.179638,forward,0.0838744267821312,13317.25
293,1775623517.3607705,backward,0.18097832426428795,13317.25
293,1775623517.3635647,optimizer,0.0026234257966279984,13317.25
294,1775623517.450663,forward,0.08400910906493664,13317.25
294,1775623517.6317837,backward,0.1809638161212206,13317.25
294,1775623517.6344643,optimizer,0.002517642453312874,13317.25
295,1775623517.7218363,forward,0.08390763588249683,13317.25
295,1775623517.9028618,backward,0.18086902610957623,13317.25
295,1775623517.9055383,optimizer,0.0025092847645282745,13317.25
296,1775623517.992646,forward,0.08400079980492592,13317.25
296,1775623518.17378,backward,0.18097735568881035,13317.25
296,1775623518.1764684,optimizer,0.0025243237614631653,13317.25
297,1775623518.2635021,forward,0.08390934951603413,13317.25
297,1775623518.444843,backward,0.18115835823118687,13317.25
297,1775623518.447556,optimizer,0.00254160538315773,13317.25
298,1775623518.534583,forward,0.0839005783200264,13317.25
298,1775623518.7158172,backward,0.18108062632381916,13317.25
298,1775623518.718511,optimizer,0.0025240760296583176,13317.25
299,1775623518.805538,forward,0.08396202884614468,13317.25
299,1775623518.9866502,backward,0.18094984628260136,13317.25
299,1775623518.9893446,optimizer,0.002527216449379921,13317.25
300,1775623519.0763533,forward,0.08388370648026466,13317.25
300,1775623519.2575908,backward,0.18108018673956394,13317.25
300,1775623519.2602642,optimizer,0.002509232610464096,13317.25
301,1775623519.347354,forward,0.08398081921041012,13317.25
301,1775623519.5285845,backward,0.18107295781373978,13317.25
301,1775623519.5312994,optimizer,0.002546103671193123,13317.25
302,1775623519.6187325,forward,0.08383689634501934,13317.25
302,1775623519.7998145,backward,0.18092695623636246,13317.25
302,1775623519.802484,optimizer,0.00222666934132576,13317.25
303,1775623519.8896363,forward,0.0840576309710741,13317.25
303,1775623520.0707347,backward,0.1809328030794859,13317.25
303,1775623520.073364,optimizer,0.002461204305291176,13317.25
304,1775623520.1607504,forward,0.08391153626143932,13317.25
304,1775623520.3418007,backward,0.18089714646339417,13317.25
304,1775623520.344485,optimizer,0.002516152337193489,13317.25
305,1775623520.4315827,forward,0.08398811891674995,13317.25
305,1775623520.612725,backward,0.18098844587802887,13317.25
305,1775623520.615433,optimizer,0.00253426656126976,13317.25
306,1775623520.702828,forward,0.08388879522681236,13317.25
306,1775623520.8840666,backward,0.18108350783586502,13317.25
306,1775623520.886689,optimizer,0.0024502314627170563,13317.25
307,1775623520.9737155,forward,0.08389058709144592,13317.25
307,1775623521.154782,backward,0.18090872466564178,13317.25
307,1775623521.1574013,optimizer,0.002453971654176712,13317.25
308,1775623521.2445111,forward,0.08400268107652664,13317.25
308,1775623521.4256096,backward,0.18094579502940178,13317.25
308,1775623521.4282413,optimizer,0.0024627111852169037,13317.25
309,1775623521.5153136,forward,0.08393497951328754,13317.25
309,1775623521.6964862,backward,0.18101665563881397,13317.25
309,1775623521.6991093,optimizer,0.0024594832211732864,13317.25
310,1775623521.786255,forward,0.08402165211737156,13317.25
310,1775623521.9674253,backward,0.1810129750519991,13317.25
310,1775623521.970065,optimizer,0.002213750034570694,13317.25
311,1775623522.05737,forward,0.08385486528277397,13317.25
311,1775623522.2384331,backward,0.1809080559760332,13317.25
311,1775623522.2410684,optimizer,0.0024695824831724167,13317.25
312,1775623522.3281703,forward,0.0839977078139782,13317.25
312,1775623522.5093927,backward,0.18106628581881523,13317.25
312,1775623522.5120344,optimizer,0.0024666041135787964,13317.25
313,1775623522.6014001,forward,0.08392058871686459,13317.25
313,1775623522.7824717,backward,0.1809040866792202,13317.25
313,1775623522.785085,optimizer,0.00244775228202343,13317.25
314,1775623522.8722627,forward,0.0839757788926363,13317.25
314,1775623523.0533757,backward,0.18095758743584156,13317.25
314,1775623523.0560188,optimizer,0.0024677515029907227,13317.25
315,1775623523.1431067,forward,0.0839717872440815,13317.25
315,1775623523.3245842,backward,0.1812846790999174,13317.25
315,1775623523.3272812,optimizer,0.002528475597500801,13317.25
316,1775623523.4143286,forward,0.08394608832895756,13317.25
316,1775623523.5953643,backward,0.18087812513113022,13317.25
316,1775623523.5980031,optimizer,0.0024749543517827988,13317.25
317,1775623523.685102,forward,0.08400909975171089,13317.25
317,1775623523.8662274,backward,0.1809694953262806,13317.25
317,1775623523.8688428,optimizer,0.0024516526609659195,13317.25
318,1775623523.9562216,forward,0.0839203279465437,13317.25
318,1775623524.1373968,backward,0.18101965636014938,13317.25
318,1775623524.14002,optimizer,0.0024511832743883133,13317.25
319,1775623524.2272706,forward,0.08404185809195042,13317.25
319,1775623524.4084635,backward,0.18103757873177528,13317.25
319,1775623524.4111004,optimizer,0.0024703722447156906,13317.25
320,1775623524.4984207,forward,0.0839061476290226,13317.25
320,1775623524.679518,backward,0.1809353344142437,13317.25
320,1775623524.6821449,optimizer,0.002447841688990593,13317.25
321,1775623524.769291,forward,0.08402571827173233,13317.25
321,1775623524.9504163,backward,0.18096958473324776,13317.25
321,1775623524.9530356,optimizer,0.00245085172355175,13317.25
322,1775623525.0403497,forward,0.0838573481887579,13317.25
322,1775623525.2214625,backward,0.1809589434415102,13317.25
322,1775623525.2240908,optimizer,0.002445342019200325,13317.25
323,1775623525.3112602,forward,0.08398468978703022,13317.25
323,1775623525.4923618,backward,0.18094372563064098,13317.25
323,1775623525.4949894,optimizer,0.0024564526975154877,13317.25
324,1775623525.582045,forward,0.08395692706108093,13317.25
324,1775623525.763184,backward,0.18098582699894905,13317.25
324,1775623525.7658126,optimizer,0.002460503950715065,13317.25
325,1775623525.852824,forward,0.08392692916095257,13317.25
325,1775623526.0339198,backward,0.1809395458549261,13317.25
325,1775623526.0366032,optimizer,0.002514805644750595,13317.25
326,1775623526.1236749,forward,0.08392073959112167,13317.25
326,1775623526.30484,backward,0.18100854568183422,13317.25
326,1775623526.3075268,optimizer,0.002517523244023323,13317.25
327,1775623526.3946748,forward,0.0838444884866476,13317.25
327,1775623526.5758257,backward,0.18099120818078518,13317.25
327,1775623526.5785131,optimizer,0.0025280341506004333,13317.25
328,1775623526.665656,forward,0.0840392205864191,13317.25
328,1775623526.846885,backward,0.18106920458376408,13317.25
328,1775623526.849578,optimizer,0.00252547487616539,13317.25
329,1775623526.9370272,forward,0.08394046872854233,13317.25
329,1775623527.1180816,backward,0.18089650385081768,13317.25
329,1775623527.120762,optimizer,0.002511102706193924,13317.25
330,1775623527.2078257,forward,0.0840025395154953,13317.25
330,1775623527.3889997,backward,0.18101582676172256,13317.25
330,1775623527.3916929,optimizer,0.0025200936943292618,13317.25
331,1775623527.479087,forward,0.08389105834066868,13317.25
331,1775623527.6602118,backward,0.1809697449207306,13317.25
331,1775623527.6628795,optimizer,0.0025031231343746185,13317.25
332,1775623527.7499545,forward,0.08396976813673973,13317.25
332,1775623527.9311159,backward,0.1810109168291092,13317.25
332,1775623527.9337902,optimizer,0.0025043245404958725,13317.25
333,1775623528.0208316,forward,0.08395297825336456,13317.25
333,1775623528.2020793,backward,0.18103459477424622,13317.25
333,1775623528.204824,optimizer,0.0025757253170013428,13317.25
334,1775623528.2920246,forward,0.08392087928950787,13317.25
334,1775623528.473127,backward,0.18094338476657867,13317.25
334,1775623528.4757464,optimizer,0.0024504438042640686,13317.25
335,1775623528.5628066,forward,0.08395511656999588,13317.25
335,1775623528.7438881,backward,0.18092630431056023,13317.25
335,1775623528.7464943,optimizer,0.002440342679619789,13317.25
336,1775623528.83355,forward,0.08393744006752968,13317.25
336,1775623529.0147707,backward,0.18105791881680489,13317.25
336,1775623529.017466,optimizer,0.002527724951505661,13317.25
337,1775623529.104627,forward,0.08406799100339413,13317.25
337,1775623529.285899,backward,0.18111196160316467,13317.25
337,1775623529.2885203,optimizer,0.002452140673995018,13317.25
338,1775623529.3759704,forward,0.08388832584023476,13317.25
338,1775623529.5570602,backward,0.18093123473227024,13317.25
338,1775623529.559697,optimizer,0.0024697650223970413,13317.25
339,1775623529.646822,forward,0.08400043658912182,13317.25
339,1775623529.8278894,backward,0.1809147521853447,13317.25
339,1775623529.830512,optimizer,0.0024535711854696274,13317.25
340,1775623529.9178662,forward,0.0839668083935976,13317.25
340,1775623530.0989587,backward,0.1809385661035776,13317.25
340,1775623530.101582,optimizer,0.0024531353265047073,13317.25
341,1775623530.188672,forward,0.08398543670773506,13317.25
341,1775623530.3698785,backward,0.1810523271560669,13317.25
341,1775623530.372498,optimizer,0.002205256372690201,13317.25
342,1775623530.4598138,forward,0.08394642733037472,13317.25
342,1775623530.6409328,backward,0.1809602752327919,13317.25
342,1775623530.6435785,optimizer,0.0024794042110443115,13317.25
343,1775623530.7305987,forward,0.0839100070297718,13317.25
343,1775623530.9118557,backward,0.18109864927828312,13317.25
343,1775623530.9144769,optimizer,0.002441631630063057,13317.25
344,1775623531.0015717,forward,0.08400283940136433,13317.25
344,1775623531.1827111,backward,0.18097809702157974,13317.25
344,1775623531.185334,optimizer,0.00245538167655468,13317.25
345,1775623531.2724335,forward,0.08393112942576408,13317.25
345,1775623531.4535499,backward,0.18095905520021915,13317.25
345,1775623531.456178,optimizer,0.0024513546377420425,13317.25
346,1775623531.5432932,forward,0.08398916944861412,13317.25
346,1775623531.7245166,backward,0.181067718192935,13317.25
346,1775623531.7271495,optimizer,0.0024629533290863037,13317.25
347,1775623531.814654,forward,0.08388513885438442,13317.25
347,1775623531.99596,backward,0.18114896677434444,13317.25
347,1775623531.9985826,optimizer,0.002455972135066986,13317.25
348,1775623532.0857491,forward,0.08405816741287708,13317.25
348,1775623532.2669244,backward,0.18101907521486282,13317.25
348,1775623532.2695494,optimizer,0.002461222931742668,13317.25
349,1775623532.3570237,forward,0.08396877162158489,13317.25
349,1775623532.538107,backward,0.18092884309589863,13317.25
349,1775623532.5407207,optimizer,0.0024446342140436172,13317.25
350,1775623532.6278949,forward,0.08399309776723385,13317.25
350,1775623532.8091033,backward,0.1810503602027893,13317.25
350,1775623532.8117304,optimizer,0.0024582426995038986,13317.25
351,1775623532.8991275,forward,0.08396856114268303,13317.25
351,1775623533.080461,backward,0.18110892735421658,13317.25
351,1775623533.0831382,optimizer,0.0025134533643722534,13317.25
352,1775623533.170267,forward,0.08396348915994167,13317.25
352,1775623533.3515193,backward,0.18109763599932194,13317.25
352,1775623533.354156,optimizer,0.0024714041501283646,13317.25
353,1775623533.441238,forward,0.08399108052253723,13317.25
353,1775623533.62238,backward,0.18098617531359196,13317.25
353,1775623533.6249945,optimizer,0.002206338569521904,13317.25
354,1775623533.7120543,forward,0.08394188806414604,13317.25
354,1775623533.893248,backward,0.1810318361967802,13317.25
354,1775623533.8958735,optimizer,0.0024529211223125458,13317.25
355,1775623533.9830174,forward,0.08399589918553829,13317.25
355,1775623534.1641521,backward,0.18097678571939468,13317.25
355,1775623534.166778,optimizer,0.0024620722979307175,13317.25
356,1775623534.2542243,forward,0.0838731974363327,13317.25
356,1775623534.4352922,backward,0.18091457709670067,13317.25
356,1775623534.4379063,optimizer,0.00244351290166378,13317.25
357,1775623534.525046,forward,0.08401759900152683,13317.25
357,1775623534.7061942,backward,0.18099132552742958,13317.25
357,1775623534.7088199,optimizer,0.002457253634929657,13317.25
358,1775623534.7977488,forward,0.0839345883578062,13317.25
358,1775623534.9788098,backward,0.18090481497347355,13317.25
358,1775623534.9814243,optimizer,0.0024461522698402405,13317.25
359,1775623535.068559,forward,0.08398943766951561,13317.25
359,1775623535.2496545,backward,0.18093850649893284,13317.25
359,1775623535.252271,optimizer,0.002446291968226433,13317.25
360,1775623535.3393173,forward,0.08392282761633396,13317.25
360,1775623535.5205705,backward,0.1810959093272686,13317.25
360,1775623535.5231993,optimizer,0.002458132803440094,13317.25
361,1775623535.6102233,forward,0.08395496755838394,13317.25
361,1775623535.791349,backward,0.18096939474344254,13317.25
361,1775623535.7940345,optimizer,0.00251692533493042,13317.25
362,1775623535.8811388,forward,0.08401352725923061,13317.25
362,1775623536.0622787,backward,0.18098309636116028,13317.25
362,1775623536.0649526,optimizer,0.0025091636925935745,13317.25
363,1775623536.1523356,forward,0.08394231647253036,13317.25
363,1775623536.333471,backward,0.18097509630024433,13317.25
363,1775623536.3361843,optimizer,0.002539815381169319,13317.25
364,1775623536.4233992,forward,0.08404343947768211,13317.25
364,1775623536.6045728,backward,0.18101582676172256,13317.25
364,1775623536.6072335,optimizer,0.0024994928389787674,13317.25
365,1775623536.694565,forward,0.08392257802188396,13317.25
365,1775623536.8756354,backward,0.18091112561523914,13317.25
365,1775623536.878265,optimizer,0.0024636033922433853,13317.25
366,1775623536.965463,forward,0.08407439291477203,13317.25
366,1775623537.14655,backward,0.18092531338334084,13317.25
366,1775623537.1491795,optimizer,0.0024661030620336533,13317.25
367,1775623537.2365808,forward,0.08392510935664177,13317.25
367,1775623537.4178655,backward,0.1811245810240507,13317.25
367,1775623537.4205058,optimizer,0.0024691224098205566,13317.25
368,1775623537.507683,forward,0.08397486060857773,13317.25
368,1775623537.6887913,backward,0.18095008470118046,13317.25
368,1775623537.6914136,optimizer,0.0024554431438446045,13317.25
369,1775623537.7784467,forward,0.08391427993774414,13317.25
369,1775623537.9596229,backward,0.18102456629276276,13317.25
369,1775623537.9622471,optimizer,0.0024569928646087646,13317.25
370,1775623538.0492957,forward,0.0839403085410595,13317.25
370,1775623538.2303712,backward,0.18091947585344315,13317.25
370,1775623538.233053,optimizer,0.002514917403459549,13317.25
371,1775623538.3200908,forward,0.08392169885337353,13317.25
371,1775623538.5012388,backward,0.18099012784659863,13317.25
371,1775623538.5038576,optimizer,0.002455083653330803,13317.25
372,1775623538.5910974,forward,0.08389311842620373,13317.25
372,1775623538.7721756,backward,0.1809187550097704,13317.25
372,1775623538.7748134,optimizer,0.002468271180987358,13317.25
373,1775623538.8619537,forward,0.08402431011199951,13317.25
373,1775623539.043103,backward,0.18099749647080898,13317.25
373,1775623539.0457335,optimizer,0.002458471804857254,13317.25
374,1775623539.133068,forward,0.08389535918831825,13317.25
374,1775623539.314233,backward,0.181008106097579,13317.25
374,1775623539.317727,optimizer,0.003245946019887924,13317.25
375,1775623539.4050448,forward,0.08409257233142853,13317.25
375,1775623539.5862293,backward,0.1810116469860077,13317.25
375,1775623539.5888586,optimizer,0.002460954710841179,13317.25
376,1775623539.6762435,forward,0.08389548771083355,13317.25
376,1775623539.8573115,backward,0.18091334588825703,13317.25
376,1775623539.8600173,optimizer,0.002535315230488777,13317.25
377,1775623539.947055,forward,0.08396736904978752,13317.25
377,1775623540.1281297,backward,0.18091865256428719,13317.25
377,1775623540.130757,optimizer,0.0024603046476840973,13317.25
378,1775623540.2178462,forward,0.08396443724632263,13317.25
378,1775623540.3990107,backward,0.18100516684353352,13317.25
378,1775623540.4016907,optimizer,0.0025107767432928085,13317.25
379,1775623540.4887319,forward,0.08395554684102535,13317.25
379,1775623540.6699028,backward,0.18101799674332142,13317.25
379,1775623540.6725895,optimizer,0.0025224238634109497,13317.25
380,1775623540.759655,forward,0.08394729904830456,13317.25
380,1775623540.9407616,backward,0.18094712495803833,13317.25
380,1775623540.9434812,optimizer,0.002444962039589882,13317.25
381,1775623541.0308795,forward,0.08392943628132343,13317.25
381,1775623541.2120872,backward,0.18104753643274307,13317.25
381,1775623541.214762,optimizer,0.0025037042796611786,13317.25
382,1775623541.3018446,forward,0.08397027850151062,13317.25
382,1775623541.4829593,backward,0.180958466604352,13317.25
382,1775623541.4856567,optimizer,0.002526296302676201,13317.25
383,1775623541.5730066,forward,0.08393814787268639,13317.25
383,1775623541.754071,backward,0.18091193586587906,13317.25
383,1775623541.756756,optimizer,0.002516070380806923,13317.25
384,1775623541.843935,forward,0.08405687101185322,13317.25
384,1775623542.0249388,backward,0.18084831349551678,13317.25
384,1775623542.027629,optimizer,0.0025199726223945618,13317.25
385,1775623542.114892,forward,0.08386358805000782,13317.25
385,1775623542.2960398,backward,0.1809933055192232,13317.25
385,1775623542.2987378,optimizer,0.0025285445153713226,13317.25
386,1775623542.3858657,forward,0.08403152227401733,13317.25
386,1775623542.5669293,backward,0.18090801127254963,13317.25
386,1775623542.569611,optimizer,0.002515295520424843,13317.25
387,1775623542.6566715,forward,0.0839415192604065,13317.25
387,1775623542.8378108,backward,0.1809761580079794,13317.25
387,1775623542.8404806,optimizer,0.002500563859939575,13317.25
388,1775623542.9275305,forward,0.08390608802437782,13317.25
388,1775623543.1086643,backward,0.1809750646352768,13317.25
388,1775623543.1113582,optimizer,0.002521974965929985,13317.25
389,1775623543.1983562,forward,0.08394435793161392,13317.25
389,1775623543.3794968,backward,0.1809845957905054,13317.25
389,1775623543.382175,optimizer,0.0025088638067245483,13317.25
390,1775623543.4693856,forward,0.08396231010556221,13317.25
390,1775623543.6505969,backward,0.18105128407478333,13317.25
390,1775623543.6532917,optimizer,0.002529863268136978,13317.25
391,1775623543.7404118,forward,0.08400428108870983,13317.25
391,1775623543.9215617,backward,0.18099338561296463,13317.25
391,1775623543.924255,optimizer,0.002525564283132553,13317.25
392,1775623544.011603,forward,0.08391288667917252,13317.25
392,1775623544.1927102,backward,0.18095020577311516,13317.25
392,1775623544.1953974,optimizer,0.0025181975215673447,13317.25
393,1775623544.2824743,forward,0.0839559305459261,13317.25
393,1775623544.463572,backward,0.18094343692064285,13317.25
393,1775623544.4662704,optimizer,0.00252484530210495,13317.25
394,1775623544.5536728,forward,0.0839439183473587,13317.25
394,1775623544.734812,backward,0.18097763508558273,13317.25
394,1775623544.7375169,optimizer,0.002535853534936905,13317.25
395,1775623544.8246279,forward,0.08399984054267406,13317.25
395,1775623545.005815,backward,0.18102887831628323,13317.25
395,1775623545.0085063,optimizer,0.0025253035128116608,13317.25
396,1775623545.095656,forward,0.08396394737064838,13317.25
396,1775623545.2767751,backward,0.18096675537526608,13317.25
396,1775623545.2794752,optimizer,0.0025323349982500076,13317.25
397,1775623545.3664954,forward,0.08392445743083954,13317.25
397,1775623545.5477042,backward,0.1810522861778736,13317.25
397,1775623545.550414,optimizer,0.0025389734655618668,13317.25
398,1775623545.6374657,forward,0.0839669369161129,13317.25
398,1775623545.8189278,backward,0.18126909993588924,13317.25
398,1775623545.8216274,optimizer,0.002527475357055664,13317.25
399,1775623545.9088297,forward,0.08385847881436348,13317.25
399,1775623546.0901642,backward,0.18116233870387077,13317.25
399,1775623546.092842,optimizer,0.0025120340287685394,13317.25
400,1775623546.1800032,forward,0.08403770998120308,13317.25
400,1775623546.3611917,backward,0.18103212676942348,13317.25
400,1775623546.3639004,optimizer,0.0025392118841409683,13317.25
401,1775623546.4512827,forward,0.0838946383446455,13317.25
401,1775623546.632441,backward,0.18100137636065483,13317.25
401,1775623546.6351733,optimizer,0.002569233998656273,13317.25
402,1775623546.7222958,forward,0.08404001034796238,13317.25
402,1775623546.9034514,backward,0.18099676445126534,13317.25
402,1775623546.9061468,optimizer,0.0025273244827985764,13317.25
403,1775623546.9939911,forward,0.08391259983181953,13317.25
403,1775623547.1750948,backward,0.18094640411436558,13317.25
403,1775623547.17776,optimizer,0.0025016628205776215,13317.25
404,1775623547.2648606,forward,0.08401091769337654,13317.25
404,1775623547.4459913,backward,0.18097172677516937,13317.25
404,1775623547.448697,optimizer,0.0025269314646720886,13317.25
405,1775623547.5357625,forward,0.08395044878125191,13317.25
405,1775623547.7170162,backward,0.18109392747282982,13317.25
405,1775623547.7196953,optimizer,0.0025148149579763412,13317.25
406,1775623547.8067248,forward,0.0839628092944622,13317.25
406,1775623547.9878688,backward,0.1809882689267397,13317.25
406,1775623547.9905455,optimizer,0.0025040730834007263,13317.25
407,1775623548.077623,forward,0.08396203815937042,13317.25
407,1775623548.258817,backward,0.18104111589491367,13317.25
407,1775623548.2615085,optimizer,0.002517612650990486,13317.25
408,1775623548.3488677,forward,0.08395477011799812,13317.25
408,1775623548.530047,backward,0.18102478608489037,13317.25
408,1775623548.5327406,optimizer,0.0025233644992113113,13317.25
409,1775623548.6198428,forward,0.08399122022092342,13317.25
409,1775623548.8010733,backward,0.18107889592647552,13317.25
409,1775623548.8037536,optimizer,0.002513304352760315,13317.25
410,1775623548.891046,forward,0.08388122729957104,13317.25
410,1775623549.072213,backward,0.18101307563483715,13317.25
410,1775623549.0749285,optimizer,0.0025455746799707413,13317.25
411,1775623549.162022,forward,0.08400320820510387,13317.25
411,1775623549.343279,backward,0.18110140971839428,13317.25
411,1775623549.3459475,optimizer,0.002498982474207878,13317.25
412,1775623549.4334292,forward,0.08394841104745865,13317.25
412,1775623549.6145556,backward,0.1809553373605013,13317.25
412,1775623549.6172287,optimizer,0.002511894330382347,13317.25
413,1775623549.7043338,forward,0.0839935801923275,13317.25
413,1775623549.885466,backward,0.18097858503460884,13317.25
413,1775623549.8881254,optimizer,0.0024878736585378647,13317.25
414,1775623549.9751525,forward,0.08392594754695892,13317.25
414,1775623550.1564043,backward,0.18109894916415215,13317.25
414,1775623550.1590993,optimizer,0.002524174749851227,13317.25
415,1775623550.2460957,forward,0.08391367830336094,13317.25
415,1775623550.4272165,backward,0.18095973692834377,13317.25
415,1775623550.4298835,optimizer,0.002499151974916458,13317.25
416,1775623550.5169928,forward,0.08400300145149231,13317.25
416,1775623550.6982968,backward,0.18114805035293102,13317.25
416,1775623550.700993,optimizer,0.0025287438184022903,13317.25
417,1775623550.7928658,forward,0.08392229676246643,13317.25
417,1775623550.9739704,backward,0.18095050379633904,13317.25
417,1775623550.9766583,optimizer,0.0025177747011184692,13317.25
418,1775623551.06373,forward,0.08393117971718311,13317.25
418,1775623551.2449236,backward,0.18103764578700066,13317.25
418,1775623551.2476292,optimizer,0.0025392137467861176,13317.25
419,1775623551.3346503,forward,0.08393480069935322,13317.25
419,1775623551.515828,backward,0.18101876601576805,13317.25
419,1775623551.5185075,optimizer,0.002512263134121895,13317.25
420,1775623551.6055095,forward,0.08396021835505962,13317.25
420,1775623551.786631,backward,0.18095885403454304,13317.25
420,1775623551.7893143,optimizer,0.002517182379961014,13317.25
421,1775623551.876415,forward,0.0839883703738451,13317.25
421,1775623552.0577154,backward,0.1811404787003994,13317.25
421,1775623552.0606756,optimizer,0.0027689486742019653,13317.25
422,1775623552.1481671,forward,0.08397906087338924,13317.25
422,1775623552.329412,backward,0.1810887958854437,13317.25
422,1775623552.3321052,optimizer,0.0025226622819900513,13317.25
423,1775623552.4192684,forward,0.08404395915567875,13317.25
423,1775623552.6004393,backward,0.181014034897089,13317.25
423,1775623552.6031246,optimizer,0.0025177039206027985,13317.25
424,1775623552.690511,forward,0.08394800871610641,13317.25
424,1775623552.8715608,backward,0.18088560178875923,13317.25
424,1775623552.8742535,optimizer,0.002524610608816147,13317.25
425,1775623552.9614298,forward,0.08405491337180138,13317.25
425,1775623553.1425867,backward,0.18098766542971134,13317.25
425,1775623553.1452687,optimizer,0.0025108829140663147,13317.25
426,1775623553.2330143,forward,0.08398237079381943,13317.25
426,1775623553.4141233,backward,0.1809472255408764,13317.25
426,1775623553.416807,optimizer,0.0025167521089315414,13317.25
427,1775623553.5038369,forward,0.08393064886331558,13317.25
427,1775623553.6850665,backward,0.1810762882232666,13317.25
427,1775623553.687746,optimizer,0.0025123637169599533,13317.25
428,1775623553.7748046,forward,0.08396069705486298,13317.25
428,1775623553.9558835,backward,0.18092472478747368,13317.25
428,1775623553.9585848,optimizer,0.0025313030928373337,13317.25
429,1775623554.0455613,forward,0.08389669843018055,13317.25
429,1775623554.2266765,backward,0.18095662631094456,13317.25
429,1775623554.2293537,optimizer,0.0025099236518144608,13317.25
430,1775623554.316465,forward,0.0840032696723938,13317.25
430,1775623554.4976125,backward,0.1809863355010748,13317.25
430,1775623554.5002913,optimizer,0.002513645216822624,13317.25
431,1775623554.5916257,forward,0.08393140695989132,13317.25
431,1775623554.772735,backward,0.18095418438315392,13317.25
431,1775623554.7754395,optimizer,0.0025315042585134506,13317.25
432,1775623554.8625462,forward,0.08399389870464802,13317.25
432,1775623555.0436778,backward,0.18097042478621006,13317.25
432,1775623555.0463533,optimizer,0.002504764124751091,13317.25
433,1775623555.1333575,forward,0.08391488716006279,13317.25
433,1775623555.3144495,backward,0.18093431554734707,13317.25
433,1775623555.3171186,optimizer,0.0025039948523044586,13317.25
434,1775623555.4040606,forward,0.08388576656579971,13317.25
434,1775623555.5851548,backward,0.18093606643378735,13317.25
434,1775623555.5879061,optimizer,0.0025878939777612686,13317.25
435,1775623555.6749504,forward,0.08396336622536182,13317.25
435,1775623555.856016,backward,0.18091040290892124,13317.25
435,1775623555.8587034,optimizer,0.0025181062519550323,13317.25
436,1775623555.9459383,forward,0.083847776055336,13317.25
436,1775623556.1270466,backward,0.1809534039348364,13317.25
436,1775623556.1297288,optimizer,0.0025150831788778305,13317.25
437,1775623556.2168489,forward,0.08402414992451668,13317.25
437,1775623556.398155,backward,0.181150009855628,13317.25
437,1775623556.4008312,optimizer,0.002511013299226761,13317.25
438,1775623556.4880738,forward,0.08393587730824947,13317.25
438,1775623556.669195,backward,0.18096493557095528,13317.25
438,1775623556.6718934,optimizer,0.002532193437218666,13317.25
439,1775623556.7590158,forward,0.08399739861488342,13317.25
439,1775623556.9401636,backward,0.18099268712103367,13317.25
439,1775623556.9428792,optimizer,0.002537975087761879,13317.25
440,1775623557.0302045,forward,0.08392013609409332,13317.25
440,1775623557.2114453,backward,0.18108472786843777,13317.25
440,1775623557.2141383,optimizer,0.002524271607398987,13317.25
441,1775623557.3012562,forward,0.084018399938941,13317.25
441,1775623557.4823687,backward,0.1809540055692196,13317.25
441,1775623557.4850717,optimizer,0.0025247540324926376,13317.25
442,1775623557.5721004,forward,0.0839236956089735,13317.25
442,1775623557.7533314,backward,0.18106996826827526,13317.25
442,1775623557.756023,optimizer,0.0025214236229658127,13317.25
443,1775623557.8430161,forward,0.08388293720781803,13317.25
443,1775623558.024116,backward,0.18092084303498268,13317.25
443,1775623558.0267942,optimizer,0.0025115348398685455,13317.25
444,1775623558.113861,forward,0.08396161906421185,13317.25
444,1775623558.2949517,backward,0.18093225546181202,13317.25
444,1775623558.2977898,optimizer,0.002619503065943718,13317.25
445,1775623558.3852134,forward,0.08395793847739697,13317.25
445,1775623558.5663188,backward,0.18094544298946857,13317.25
445,1775623558.5690126,optimizer,0.002521023154258728,13317.25
446,1775623558.6560667,forward,0.08396189659833908,13317.25
446,1775623558.83722,backward,0.18099472858011723,13317.25
446,1775623558.8399198,optimizer,0.0025276169180870056,13317.25
447,1775623558.9272177,forward,0.08386539854109287,13317.25
447,1775623559.1084146,backward,0.18103728629648685,13317.25
447,1775623559.1111066,optimizer,0.002526475116610527,13317.25
448,1775623559.198153,forward,0.08399779908359051,13317.25
448,1775623559.3793058,backward,0.18099885620176792,13317.25
448,1775623559.3820007,optimizer,0.0025249626487493515,13317.25
449,1775623559.4694817,forward,0.08396919816732407,13317.25
449,1775623559.6508,backward,0.1811526082456112,13317.25
449,1775623559.6534786,optimizer,0.0025150030851364136,13317.25
450,1775623559.7405803,forward,0.08399447984993458,13317.25
450,1775623559.921675,backward,0.18093499168753624,13317.25
450,1775623559.924361,optimizer,0.00251864455640316,13317.25
451,1775623560.0114503,forward,0.08393043652176857,13317.25
451,1775623560.1925485,backward,0.18094240501523018,13317.25
451,1775623560.1952713,optimizer,0.0025566518306732178,13317.25
452,1775623560.2822688,forward,0.08391951769590378,13317.25
452,1775623560.463347,backward,0.18091857619583607,13317.25
452,1775623560.4660287,optimizer,0.0025164447724819183,13317.25
453,1775623560.5530968,forward,0.08398042991757393,13317.25
453,1775623560.734353,backward,0.18109999783337116,13317.25
453,1775623560.7370396,optimizer,0.002516956999897957,13317.25
454,1775623560.824276,forward,0.08388775773346424,13317.25
454,1775623561.0053666,backward,0.18092832528054714,13317.25
454,1775623561.008056,optimizer,0.0025147665292024612,13317.25
455,1775623561.0951815,forward,0.08398102037608624,13317.25
455,1775623561.2763114,backward,0.1809793170541525,13317.25
455,1775623561.2790184,optimizer,0.0025410503149032593,13317.25
456,1775623561.3663325,forward,0.08388577587902546,13317.25
456,1775623561.5475163,backward,0.18102895841002464,13317.25
456,1775623561.5501966,optimizer,0.0025102514773607254,13317.25
457,1775623561.6373158,forward,0.08401746116578579,13317.25
457,1775623561.8184552,backward,0.18098695576190948,13317.25
457,1775623561.8211493,optimizer,0.0025255735963582993,13317.25
458,1775623561.9085913,forward,0.08394690044224262,13317.25
458,1775623562.0898707,backward,0.18112624809145927,13317.25
458,1775623562.0925634,optimizer,0.002522135153412819,13317.25
459,1775623562.179669,forward,0.08401397988200188,13317.25
459,1775623562.3608012,backward,0.18097321689128876,13317.25
459,1775623562.3635108,optimizer,0.002537183463573456,13317.25
460,1775623562.4505544,forward,0.08396526798605919,13317.25
460,1775623562.6317668,backward,0.1810531448572874,13317.25
460,1775623562.6344485,optimizer,0.002517532557249069,13317.25
461,1775623562.7215466,forward,0.0839714091271162,13317.25
461,1775623562.90265,backward,0.18094351515173912,13317.25
461,1775623562.9053268,optimizer,0.0025092754513025284,13317.25
462,1775623562.9923563,forward,0.0839870497584343,13317.25
462,1775623563.1735606,backward,0.18104707822203636,13317.25
462,1775623563.1762407,optimizer,0.0025117751210927963,13317.25
463,1775623563.2634737,forward,0.08387267589569092,13317.25
463,1775623563.444655,backward,0.18102319911122322,13317.25
463,1775623563.4473307,optimizer,0.002502923831343651,13317.25
464,1775623563.53443,forward,0.08401449210941792,13317.25
464,1775623563.715601,backward,0.18101626634597778,13317.25
464,1775623563.7182765,optimizer,0.002509351819753647,13317.25
465,1775623563.8055387,forward,0.08387141674757004,13317.25
465,1775623563.9866037,backward,0.18090889602899551,13317.25
465,1775623563.9892836,optimizer,0.0025120526552200317,13317.25
466,1775623564.076388,forward,0.08397700637578964,13317.25
466,1775623564.2574694,backward,0.18092332407832146,13317.25
466,1775623564.2601483,optimizer,0.002504393458366394,13317.25
467,1775623564.3474414,forward,0.08388031646609306,13317.25
467,1775623564.528477,backward,0.1808792520314455,13317.25
467,1775623564.5311813,optimizer,0.0025365836918354034,13317.25
468,1775623564.6182666,forward,0.08397763967514038,13317.25
468,1775623564.799601,backward,0.18111136741936207,13317.25
468,1775623564.8023226,optimizer,0.0025532934814691544,13317.25
469,1775623564.8895392,forward,0.08405110239982605,13317.25
469,1775623565.070677,backward,0.1809782050549984,13317.25
469,1775623565.0733614,optimizer,0.0025124363601207733,13317.25
470,1775623565.1604297,forward,0.08395648747682571,13317.25
470,1775623565.3416214,backward,0.18103455565869808,13317.25
470,1775623565.344322,optimizer,0.0025323033332824707,13317.25
471,1775623565.4313512,forward,0.08394381031394005,13317.25
471,1775623565.6124468,backward,0.18093559332191944,13317.25
471,1775623565.6151671,optimizer,0.0025511570274829865,13317.25
472,1775623565.7021766,forward,0.08392754755914211,13317.25
472,1775623565.8833175,backward,0.1809886060655117,13317.25
472,1775623565.885998,optimizer,0.002509716898202896,13317.25
473,1775623565.9730756,forward,0.0839887298643589,13317.25
473,1775623566.15425,backward,0.1810217872262001,13317.25
473,1775623566.1569335,optimizer,0.0025130342692136765,13317.25
474,1775623566.2442114,forward,0.08385376818478107,13317.25
474,1775623566.4252858,backward,0.18091679364442825,13317.25
474,1775623566.4279864,optimizer,0.002531297504901886,13317.25
475,1775623566.5150666,forward,0.0839697103947401,13317.25
475,1775623566.6962094,backward,0.18098473735153675,13317.25
475,1775623566.6988993,optimizer,0.002513475716114044,13317.25
476,1775623566.787925,forward,0.08394953794777393,13317.25
476,1775623566.9690242,backward,0.18094411492347717,13317.25
476,1775623566.9717157,optimizer,0.0025224722921848297,13317.25
477,1775623567.0588198,forward,0.08399238809943199,13317.25
477,1775623567.2399006,backward,0.1809227243065834,13317.25
477,1775623567.242555,optimizer,0.0024886038154363632,13317.25
478,1775623567.3307993,forward,0.08399191871285439,13317.25
478,1775623567.5118237,backward,0.18086924403905869,13317.25
478,1775623567.5145237,optimizer,0.0025359541177749634,13317.25
479,1775623567.6014438,forward,0.08388444036245346,13317.25
479,1775623567.7825418,backward,0.18093584664165974,13317.25
479,1775623567.785213,optimizer,0.002510935068130493,13317.25
480,1775623568.1841793,forward,0.08458521962165833,13317.25
480,1775623568.3655376,backward,0.18115883134305477,13317.25
480,1775623568.3688266,optimizer,0.003092210739850998,13317.25
481,1775623568.4570112,forward,0.08442802913486958,13317.25
481,1775623568.6384847,backward,0.18128937110304832,13317.25
481,1775623568.641157,optimizer,0.0025133639574050903,13317.25
482,1775623568.7285256,forward,0.084221962839365,13317.25
482,1775623568.9097319,backward,0.1810143981128931,13317.25
482,1775623568.9124131,optimizer,0.0025137513875961304,13317.25
483,1775623569.0036063,forward,0.08418952487409115,13317.25
483,1775623569.1848264,backward,0.18103483691811562,13317.25
483,1775623569.1875448,optimizer,0.0025427639484405518,13317.25
484,1775623569.275038,forward,0.08430676348507404,13317.25
484,1775623569.4561899,backward,0.1809588149189949,13317.25
484,1775623569.4588614,optimizer,0.00250222347676754,13317.25
485,1775623569.546578,forward,0.08416959270834923,13317.25
485,1775623569.7278328,backward,0.18107416853308678,13317.25
485,1775623569.7305162,optimizer,0.002520812675356865,13317.25
486,1775623569.8180194,forward,0.08425765112042427,13317.25
486,1775623569.9991815,backward,0.18098559603095055,13317.25
486,1775623570.001885,optimizer,0.0025342050939798355,13317.25
487,1775623570.0893116,forward,0.08429916389286518,13317.25
487,1775623570.2705398,backward,0.1810128279030323,13317.25
487,1775623570.2732308,optimizer,0.00252707302570343,13317.25
488,1775623570.3605795,forward,0.08416145294904709,13317.25
488,1775623570.541731,backward,0.18097195588052273,13317.25
488,1775623570.5444124,optimizer,0.0025159213691949844,13317.25
489,1775623570.6314049,forward,0.08394026942551136,13317.25
489,1775623570.8125517,backward,0.1809904258698225,13317.25
489,1775623570.815257,optimizer,0.0025295745581388474,13317.25
490,1775623570.9025595,forward,0.08388249576091766,13317.25
490,1775623571.0836902,backward,0.18097373470664024,13317.25
490,1775623571.0864005,optimizer,0.0025278255343437195,13317.25
491,1775623571.173501,forward,0.0839895885437727,13317.25
491,1775623571.3547032,backward,0.18103580549359322,13317.25
491,1775623571.3574195,optimizer,0.002538943663239479,13317.25
492,1775623571.4447234,forward,0.08391120843589306,13317.25
492,1775623571.625804,backward,0.18092223443090916,13317.25
492,1775623571.6285112,optimizer,0.0025298036634922028,13317.25
493,1775623571.7155974,forward,0.08398653008043766,13317.25
493,1775623571.896737,backward,0.18098724447190762,13317.25
493,1775623571.899459,optimizer,0.0025385767221450806,13317.25
494,1775623571.986608,forward,0.08387026563286781,13317.25
494,1775623572.1677046,backward,0.18093683384358883,13317.25
494,1775623572.17041,optimizer,0.002529304474592209,13317.25
495,1775623572.257495,forward,0.08399864844977856,13317.25
495,1775623572.438665,backward,0.18100054562091827,13317.25
495,1775623572.4413824,optimizer,0.002536242827773094,13317.25
496,1775623572.528468,forward,0.08397428877651691,13317.25
496,1775623572.7096105,backward,0.18098526448011398,13317.25
496,1775623572.7123234,optimizer,0.002534683793783188,13317.25
497,1775623572.7992792,forward,0.08390696719288826,13317.25
497,1775623572.9803922,backward,0.18095633573830128,13317.25
497,1775623572.9831138,optimizer,0.0025408267974853516,13317.25
498,1775623573.0701923,forward,0.08397616073489189,13317.25
498,1775623573.2512908,backward,0.18093564733862877,13317.25
498,1775623573.2548606,optimizer,0.003313465043902397,13317.25
499,1775623573.3425167,forward,0.08388111740350723,13317.25
499,1775623573.5236108,backward,0.18094144389033318,13317.25
499,1775623573.5262718,optimizer,0.0024823322892189026,13317.25
500,1775623573.6134384,forward,0.08403929881751537,13317.25
500,1775623573.7945652,backward,0.1809660755097866,13317.25
500,1775623573.7972386,optimizer,0.0024951137602329254,13317.25
501,1775623573.884535,forward,0.08388191647827625,13317.25
501,1775623574.0655766,backward,0.1808815933763981,13317.25
501,1775623574.0682323,optimizer,0.0024753324687480927,13317.25
502,1775623574.1553767,forward,0.08399748057126999,13317.25
502,1775623574.3365304,backward,0.1809984240680933,13317.25
502,1775623574.3392217,optimizer,0.0025109127163887024,13317.25
503,1775623574.426478,forward,0.08391204848885536,13317.25
503,1775623574.6075299,backward,0.1808983627706766,13317.25
503,1775623574.610205,optimizer,0.002493603155016899,13317.25
504,1775623574.6972544,forward,0.08392523601651192,13317.25
504,1775623574.8783922,backward,0.18097464554011822,13317.25
504,1775623574.8811328,optimizer,0.0025614164769649506,13317.25
505,1775623574.968219,forward,0.083987757563591,13317.25
505,1775623575.1493094,backward,0.18093344382941723,13317.25
505,1775623575.151985,optimizer,0.0024992525577545166,13317.25
506,1775623575.2390504,forward,0.08392844907939434,13317.25
506,1775623575.4202445,backward,0.18103827722370625,13317.25
506,1775623575.4229217,optimizer,0.002499481663107872,13317.25
507,1775623575.5100174,forward,0.08398704044520855,13317.25
507,1775623575.6911573,backward,0.18098226748406887,13317.25
507,1775623575.69381,optimizer,0.002477124333381653,13317.25
508,1775623575.7853942,forward,0.08394982852041721,13317.25
508,1775623575.966485,backward,0.18092668242752552,13317.25
508,1775623575.9692078,optimizer,0.002555364742875099,13317.25
509,1775623576.0562985,forward,0.08399534784257412,13317.25
509,1775623576.237452,backward,0.1809979360550642,13317.25
509,1775623576.2401528,optimizer,0.002532854676246643,13317.25
510,1775623576.327227,forward,0.083965377882123,13317.25
510,1775623576.508372,backward,0.18098790757358074,13317.25
510,1775623576.5111086,optimizer,0.0025646965950727463,13317.25
511,1775623576.5980914,forward,0.08393626846373081,13317.25
511,1775623576.7792695,backward,0.18102123588323593,13317.25
511,1775623576.7819803,optimizer,0.002539154142141342,13317.25
512,1775623576.869046,forward,0.08398245088756084,13317.25
512,1775623577.0502915,backward,0.18108703568577766,13317.25
512,1775623577.0530012,optimizer,0.002542264759540558,13317.25
513,1775623577.1403415,forward,0.08386508375406265,13317.25
513,1775623577.3213809,backward,0.18088439665734768,13317.25
513,1775623577.324038,optimizer,0.0024832040071487427,13317.25
514,1775623577.4112236,forward,0.08407202176749706,13317.25
514,1775623577.5925057,backward,0.18111969716846943,13317.25
514,1775623577.5951693,optimizer,0.0024949032813310623,13317.25
515,1775623577.6825104,forward,0.08394110761582851,13317.25
515,1775623577.8635738,backward,0.18090928345918655,13317.25
515,1775623577.866241,optimizer,0.0024986248463392258,13317.25
516,1775623577.953302,forward,0.08395585790276527,13317.25
516,1775623578.134499,backward,0.18103738501667976,13317.25
516,1775623578.137165,optimizer,0.0024984516203403473,13317.25
517,1775623578.22458,forward,0.08392426930367947,13317.25
517,1775623578.4055634,backward,0.18083327263593674,13317.25
517,1775623578.4082289,optimizer,0.0024962443858385086,13317.25
518,1775623578.495438,forward,0.08397531136870384,13317.25
518,1775623578.6766062,backward,0.18101290427148342,13317.25
518,1775623578.6792734,optimizer,0.002504514530301094,13317.25
519,1775623578.766284,forward,0.08391920663416386,13317.25
519,1775623578.9474173,backward,0.18097450397908688,13317.25
519,1775623578.950086,optimizer,0.0025022923946380615,13317.25
520,1775623579.0370848,forward,0.08390694856643677,13317.25
520,1775623579.218162,backward,0.1809193640947342,13317.25
520,1775623579.220806,optimizer,0.002474932000041008,13317.25
521,1775623579.3078673,forward,0.08393717743456364,13317.25
521,1775623579.4889584,backward,0.18093391694128513,13317.25
521,1775623579.4916434,optimizer,0.002512950450181961,13317.25
522,1775623579.5790813,forward,0.08398464694619179,13317.25
522,1775623579.7603,backward,0.18105901777744293,13317.25
522,1775623579.762951,optimizer,0.0024833157658576965,13317.25
523,1775623579.8500605,forward,0.08399357087910175,13317.25
523,1775623580.0312402,backward,0.1810227856040001,13317.25
523,1775623580.033882,optimizer,0.002234477549791336,13317.25
524,1775623580.1213062,forward,0.08392509631812572,13317.25
524,1775623580.302372,backward,0.18090965412557125,13317.25
524,1775623580.3050194,optimizer,0.002478254958987236,13317.25
525,1775623580.392124,forward,0.08402075245976448,13317.25
525,1775623580.5731661,backward,0.18088363111019135,13317.25
525,1775623580.575829,optimizer,0.002496335655450821,13317.25
526,1775623580.6632226,forward,0.08390936069190502,13317.25
526,1775623580.8443198,backward,0.1809377744793892,13317.25
526,1775623580.8469944,optimizer,0.0025077927857637405,13317.25
527,1775623580.9340456,forward,0.08397126011550426,13317.25
527,1775623581.1150372,backward,0.1808383036404848,13317.25
527,1775623581.1176903,optimizer,0.0024844426661729813,13317.25
528,1775623581.2047415,forward,0.0839332602918148,13317.25
528,1775623581.3859327,backward,0.18103555589914322,13317.25
528,1775623581.3885753,optimizer,0.0024718232452869415,13317.25
529,1775623581.4756477,forward,0.08397168852388859,13317.25
529,1775623581.6569452,backward,0.18111489713191986,13317.25
529,1775623581.6596625,optimizer,0.002552047371864319,13317.25
530,1775623581.7467422,forward,0.08396665751934052,13317.25
530,1775623581.927777,backward,0.18087921477854252,13317.25
530,1775623581.930503,optimizer,0.002561355009675026,13317.25
531,1775623582.0178053,forward,0.08388291858136654,13317.25
531,1775623582.1989102,backward,0.18094998598098755,13317.25
531,1775623582.2015822,optimizer,0.0022383108735084534,13317.25
532,1775623582.2887673,forward,0.08407671004533768,13317.25
532,1775623582.4699473,backward,0.1810227483510971,13317.25
532,1775623582.4726102,optimizer,0.002494335174560547,13317.25
533,1775623582.5600295,forward,0.08391875587403774,13317.25
533,1775623582.7411456,backward,0.180953836068511,13317.25
533,1775623582.7438002,optimizer,0.0024928823113441467,13317.25
534,1775623582.8308926,forward,0.08398764953017235,13317.25
534,1775623583.0120535,backward,0.18100741505622864,13317.25
534,1775623583.0146995,optimizer,0.0024821534752845764,13317.25
535,1775623583.1021376,forward,0.08392169512808323,13317.25
535,1775623583.2832432,backward,0.18094819597899914,13317.25
535,1775623583.2858834,optimizer,0.002473941072821617,13317.25
536,1775623583.372999,forward,0.08400901965796947,13317.25
536,1775623583.5541286,backward,0.18097117729485035,13317.25
536,1775623583.5567904,optimizer,0.002493053674697876,13317.25
537,1775623583.643804,forward,0.08390435762703419,13317.25
537,1775623583.8248801,backward,0.18092426657676697,13317.25
537,1775623583.8275337,optimizer,0.0024836938828229904,13317.25
538,1775623583.9146109,forward,0.08397060073912144,13317.25
538,1775623584.0958116,backward,0.1810457482933998,13317.25
538,1775623584.09847,optimizer,0.002490190789103508,13317.25
539,1775623584.1855066,forward,0.08396864868700504,13317.25
539,1775623584.366694,backward,0.1810202468186617,13317.25
539,1775623584.3693354,optimizer,0.0024762433022260666,13317.25
540,1775623584.4563913,forward,0.08391495980322361,13317.25
540,1775623584.6375515,backward,0.1810050681233406,13317.25
540,1775623584.6402261,optimizer,0.002502763643860817,13317.25
541,1775623584.7273102,forward,0.08397378958761692,13317.25
541,1775623584.9085054,backward,0.18102104403078556,13317.25
541,1775623584.9111536,optimizer,0.002481503412127495,13317.25
542,1775623584.9986458,forward,0.08384839817881584,13317.25
542,1775623585.1797225,backward,0.1809167042374611,13317.25
542,1775623585.1823642,optimizer,0.0024759043008089066,13317.25
543,1775623585.2695475,forward,0.08408564887940884,13317.25
543,1775623585.4507215,backward,0.18101999536156654,13317.25
543,1775623585.453365,optimizer,0.0024782326072454453,13317.25
544,1775623585.5407581,forward,0.08389642089605331,13317.25
544,1775623585.7218065,backward,0.18089287355542183,13317.25
544,1775623585.724446,optimizer,0.0024727433919906616,13317.25
545,1775623585.8115668,forward,0.0839987900108099,13317.25
545,1775623585.9927516,backward,0.181030735373497,13317.25
545,1775623585.9954112,optimizer,0.0024921558797359467,13317.25
546,1775623586.082731,forward,0.08391839824616909,13317.25
546,1775623586.263747,backward,0.18085901252925396,13317.25
546,1775623586.2663937,optimizer,0.0024800822138786316,13317.25
547,1775623586.3536606,forward,0.08406699262559414,13317.25
547,1775623586.5347943,backward,0.18097625486552715,13317.25
547,1775623586.5374372,optimizer,0.0024778731167316437,13317.25
548,1775623586.624509,forward,0.08396294713020325,13317.25
548,1775623586.8056495,backward,0.18098534643650055,13317.25
548,1775623586.80831,optimizer,0.002490393817424774,13317.25
549,1775623586.8953226,forward,0.08390311896800995,13317.25
549,1775623587.0765042,backward,0.18102214485406876,13317.25
549,1775623587.079177,optimizer,0.0025065653026103973,13317.25
550,1775623587.166247,forward,0.0839709285646677,13317.25
550,1775623587.3474307,backward,0.1810271181166172,13317.25
550,1775623587.3500628,optimizer,0.0024691931903362274,13317.25
551,1775623587.4374113,forward,0.08386394754052162,13317.25
551,1775623587.618605,backward,0.18103566579520702,13317.25
551,1775623587.6212575,optimizer,0.002487344667315483,13317.25
552,1775623587.7083406,forward,0.08395294845104218,13317.25
552,1775623587.8895643,backward,0.18106926791369915,13317.25
552,1775623587.8922071,optimizer,0.0024731140583753586,13317.25
553,1775623587.9813623,forward,0.08391345106065273,13317.25
553,1775623588.1624556,backward,0.1809342261403799,13317.25
553,1775623588.1651042,optimizer,0.0024856850504875183,13317.25
554,1775623588.252254,forward,0.08399520814418793,13317.25
554,1775623588.433343,backward,0.18093229457736015,13317.25
554,1775623588.436006,optimizer,0.00249532051384449,13317.25
555,1775623588.5231013,forward,0.08398079872131348,13317.25
555,1775623588.7042685,backward,0.18101400509476662,13317.25
555,1775623588.7069194,optimizer,0.0024887416511774063,13317.25
556,1775623588.7939177,forward,0.08395075798034668,13317.25
556,1775623588.9750319,backward,0.18093868345022202,13317.25
556,1775623588.9776807,optimizer,0.0024832431226968765,13317.25
557,1775623589.0647795,forward,0.08399922773241997,13317.25
557,1775623589.245859,backward,0.18092172592878342,13317.25
557,1775623589.2484915,optimizer,0.0024678651243448257,13317.25
558,1775623589.3357635,forward,0.08386989869177341,13317.25
558,1775623589.51681,backward,0.18089020624756813,13317.25
558,1775623589.5195076,optimizer,0.002520604059100151,13317.25
559,1775623589.6066697,forward,0.08405051194131374,13317.25
559,1775623589.7878404,backward,0.18100932613015175,13317.25
559,1775623589.790761,optimizer,0.0027153287082910538,13317.25
560,1775623589.878232,forward,0.0840033795684576,13317.25
560,1775623590.0593908,backward,0.18100469559431076,13317.25
560,1775623590.0620315,optimizer,0.002474842593073845,13317.25
561,1775623590.149201,forward,0.08405488915741444,13317.25
561,1775623590.3302474,backward,0.1808895245194435,13317.25
561,1775623590.3328965,optimizer,0.002476932480931282,13317.25
562,1775623590.4203575,forward,0.08389317616820335,13317.25
562,1775623590.6014593,backward,0.18093841522932053,13317.25
562,1775623590.6041222,optimizer,0.002233250066637993,13317.25
563,1775623590.691321,forward,0.08400672115385532,13317.25
563,1775623590.8724403,backward,0.18096387572586536,13317.25
563,1775623590.8751216,optimizer,0.0025115106254816055,13317.25
564,1775623590.9621935,forward,0.08394400961697102,13317.25
564,1775623591.1432488,backward,0.18090082332491875,13317.25
564,1775623591.145899,optimizer,0.0024817176163196564,13317.25
565,1775623591.2329216,forward,0.0839079562574625,13317.25
565,1775623591.4140253,backward,0.1809482965618372,13317.25
565,1775623591.4166846,optimizer,0.002489972859621048,13317.25
566,1775623591.5037017,forward,0.0839071273803711,13317.25
566,1775623591.6847777,backward,0.18091782368719578,13317.25
566,1775623591.687429,optimizer,0.002487344667315483,13317.25
567,1775623591.774482,forward,0.08387553878128529,13317.25
567,1775623591.9556167,backward,0.18097756430506706,13317.25
567,1775623591.958258,optimizer,0.002472592517733574,13317.25
568,1775623592.0454633,forward,0.0840659998357296,13317.25
568,1775623592.226652,backward,0.18102861754596233,13317.25
568,1775623592.2293022,optimizer,0.0024790745228528976,13317.25
569,1775623592.3167613,forward,0.08388927765190601,13317.25
569,1775623592.497806,backward,0.18088584206998348,13317.25
569,1775623592.5004747,optimizer,0.002496415749192238,13317.25
570,1775623592.5876193,forward,0.0840128194540739,13317.25
570,1775623592.7686622,backward,0.18088559433817863,13317.25
570,1775623592.771325,optimizer,0.0024936124682426453,13317.25
571,1775623592.858598,forward,0.08388512767851353,13317.25
571,1775623593.0396729,backward,0.18091900646686554,13317.25
571,1775623593.042362,optimizer,0.002519223839044571,13317.25
572,1775623593.129524,forward,0.0839746966958046,13317.25
572,1775623593.3106456,backward,0.18096019513905048,13317.25
572,1775623593.3133187,optimizer,0.0025031715631484985,13317.25
573,1775623593.4006112,forward,0.08396119810640812,13317.25
573,1775623593.5817692,backward,0.18099504336714745,13317.25
573,1775623593.5844045,optimizer,0.0024677645415067673,13317.25
574,1775623593.6715338,forward,0.08390131965279579,13317.25
574,1775623593.852733,backward,0.18104127794504166,13317.25
574,1775623593.8554,optimizer,0.002258559688925743,13317.25
575,1775623593.942494,forward,0.08397752046585083,13317.25
575,1775623594.123635,backward,0.18098696507513523,13317.25
575,1775623594.1262822,optimizer,0.0024799704551696777,13317.25
576,1775623594.213336,forward,0.08393770828843117,13317.25
576,1775623594.3945394,backward,0.18104490637779236,13317.25
576,1775623594.3971887,optimizer,0.0024794843047857285,13317.25
577,1775623594.4842906,forward,0.08398864790797234,13317.25
577,1775623594.6654634,backward,0.18101866729557514,13317.25
577,1775623594.6681123,optimizer,0.0024787522852420807,13317.25
578,1775623594.7555795,forward,0.08394668996334076,13317.25
578,1775623594.9367645,backward,0.18101490661501884,13317.25
578,1775623594.9394493,optimizer,0.0025158319622278214,13317.25
579,1775623595.0265963,forward,0.08402923122048378,13317.25
579,1775623595.2077954,backward,0.18103990703821182,13317.25
579,1775623595.2104611,optimizer,0.002497933804988861,13317.25
580,1775623595.2977512,forward,0.083876708522439,13317.25
580,1775623595.4788337,backward,0.18092445470392704,13317.25
580,1775623595.4815392,optimizer,0.0025384146720170975,13317.25
581,1775623595.5686224,forward,0.08399116806685925,13317.25
581,1775623595.749772,backward,0.180991405621171,13317.25
581,1775623595.752481,optimizer,0.0025425944477319717,13317.25
582,1775623595.8395386,forward,0.08388728834688663,13317.25
582,1775623596.020551,backward,0.1808546967804432,13317.25
582,1775623596.0232587,optimizer,0.0025419238954782486,13317.25
583,1775623596.1103268,forward,0.08395627699792385,13317.25
583,1775623596.2914312,backward,0.18094526417553425,13317.25
583,1775623596.2941597,optimizer,0.002559402957558632,13317.25
584,1775623596.3811324,forward,0.08393141627311707,13317.25
584,1775623596.562273,backward,0.18098598718643188,13317.25
584,1775623596.5649846,optimizer,0.0025458261370658875,13317.25
585,1775623596.6519654,forward,0.08389124646782875,13317.25
585,1775623596.8330452,backward,0.18092861585319042,13317.25
585,1775623596.8357525,optimizer,0.0025372449308633804,13317.25
586,1775623596.9227996,forward,0.08393128030002117,13317.25
586,1775623597.1040082,backward,0.18105617724359035,13317.25
586,1775623597.1067371,optimizer,0.0025582239031791687,13317.25
587,1775623597.194063,forward,0.08388614654541016,13317.25
587,1775623597.3751488,backward,0.1809320840984583,13317.25
587,1775623597.3778574,optimizer,0.002545645460486412,13317.25
588,1775623597.464975,forward,0.08401750959455967,13317.25
588,1775623597.6461802,backward,0.18105106614530087,13317.25
588,1775623597.6488829,optimizer,0.0025349967181682587,13317.25
589,1775623597.7361672,forward,0.08391010761260986,13317.25
589,1775623597.9172373,backward,0.18091952614486217,13317.25
589,1775623597.9199653,optimizer,0.002561412751674652,13317.25
590,1775623598.0070748,forward,0.08401556871831417,13317.25
590,1775623598.1883328,backward,0.18105161748826504,13317.25
590,1775623598.1911967,optimizer,0.002695934846997261,13317.25
591,1775623598.278656,forward,0.08392702043056488,13317.25
591,1775623598.4597025,backward,0.18089208379387856,13317.25
591,1775623598.4624295,optimizer,0.002560984343290329,13317.25
592,1775623598.5495038,forward,0.08396537974476814,13317.25
592,1775623598.7306027,backward,0.18093948438763618,13317.25
592,1775623598.7332582,optimizer,0.002492142841219902,13317.25
593,1775623598.8203413,forward,0.08398677967488766,13317.25
593,1775623599.0014634,backward,0.18096041306853294,13317.25
593,1775623599.0041485,optimizer,0.002494851127266884,13317.25
594,1775623599.0911608,forward,0.08388021774590015,13317.25
594,1775623599.27223,backward,0.18090998753905296,13317.25
594,1775623599.274879,optimizer,0.002482052892446518,13317.25
595,1775623599.361996,forward,0.08400511369109154,13317.25
595,1775623599.5430279,backward,0.1808764562010765,13317.25
595,1775623599.545686,optimizer,0.0024895835667848587,13317.25
596,1775623599.6330554,forward,0.08394712768495083,13317.25
596,1775623599.814184,backward,0.180971534922719,13317.25
596,1775623599.8168454,optimizer,0.00249406136572361,13317.25
597,1775623599.9039025,forward,0.08397370763123035,13317.25
597,1775623600.0850859,backward,0.18102646432816982,13317.25
597,1775623600.0877695,optimizer,0.0025116242468357086,13317.25
598,1775623600.1776989,forward,0.08391737937927246,13317.25
598,1775623600.358731,backward,0.1808801330626011,13317.25
598,1775623600.3613706,optimizer,0.0024772007018327713,13317.25
599,1775623600.4485228,forward,0.08398913219571114,13317.25
599,1775623600.6296575,backward,0.18097618594765663,13317.25
599,1775623600.6323028,optimizer,0.0024756640195846558,13317.25
600,1775623600.7193482,forward,0.08391479589045048,13317.25
600,1775623600.9003835,backward,0.18088238313794136,13317.25
600,1775623600.9030488,optimizer,0.002495463937520981,13317.25
601,1775623600.9900742,forward,0.08396334946155548,13317.25
601,1775623601.17114,backward,0.1809105146676302,13317.25
601,1775623601.173802,optimizer,0.00225268118083477,13317.25
602,1775623601.2608514,forward,0.08394398912787437,13317.25
602,1775623601.4419353,backward,0.1809291560202837,13317.25
602,1775623601.4445856,optimizer,0.002478361129760742,13317.25
603,1775623601.5319073,forward,0.08386947773396969,13317.25
603,1775623601.7130172,backward,0.18095306307077408,13317.25
603,1775623601.7156901,optimizer,0.0025074854493141174,13317.25
604,1775623601.802751,forward,0.08396485075354576,13317.25
604,1775623601.9838424,backward,0.18093539401888847,13317.25
604,1775623601.9864993,optimizer,0.002490215003490448,13317.25
605,1775623602.073811,forward,0.08386246673762798,13317.25
605,1775623602.2548652,backward,0.18089814484119415,13317.25
605,1775623602.2575014,optimizer,0.0024708732962608337,13317.25
606,1775623602.3445914,forward,0.08397179655730724,13317.25
606,1775623602.5256493,backward,0.1808985434472561,13317.25
606,1775623602.528306,optimizer,0.0024884026497602463,13317.25
607,1775623602.6157315,forward,0.08386051468551159,13317.25
607,1775623602.796778,backward,0.18088841438293457,13317.25
607,1775623602.7994428,optimizer,0.0024970322847366333,13317.25
608,1775623602.8864942,forward,0.08394110016524792,13317.25
608,1775623603.0675972,backward,0.18094935454428196,13317.25
608,1775623603.0702548,optimizer,0.002491135150194168,13317.25
609,1775623603.157343,forward,0.08388364873826504,13317.25
609,1775623603.3384178,backward,0.1809198260307312,13317.25
609,1775623603.3410654,optimizer,0.0024768225848674774,13317.25
610,1775623603.4281242,forward,0.0839458592236042,13317.25
610,1775623603.6092372,backward,0.1809554547071457,13317.25
610,1775623603.6119115,optimizer,0.002499133348464966,13317.25
611,1775623603.698943,forward,0.0839070975780487,13317.25
611,1775623603.880106,backward,0.1810048557817936,13317.25
611,1775623603.882764,optimizer,0.0024904534220695496,13317.25
612,1775623603.9697866,forward,0.08391906693577766,13317.25
612,1775623604.1508946,backward,0.18095355480909348,13317.25
612,1775623604.1535559,optimizer,0.0024919137358665466,13317.25
613,1775623604.2406354,forward,0.08394739776849747,13317.25
613,1775623604.4217815,backward,0.1809893362224102,13317.25
613,1775623604.424444,optimizer,0.0024896934628486633,13317.25
614,1775623604.5117476,forward,0.08387999795377254,13317.25
614,1775623604.692823,backward,0.18091369606554508,13317.25
614,1775623604.6954849,optimizer,0.002490570768713951,13317.25
615,1775623604.782578,forward,0.08403288014233112,13317.25
615,1775623604.963808,backward,0.1810743287205696,13317.25
615,1775623604.9664788,optimizer,0.0025070160627365112,13317.25
616,1775623605.0538414,forward,0.08388802595436573,13317.25
616,1775623605.2350082,backward,0.18101376481354237,13317.25
616,1775623605.2376597,optimizer,0.002484222874045372,13317.25
617,1775623605.324803,forward,0.08404804952442646,13317.25
617,1775623605.5060618,backward,0.18109987676143646,13317.25
617,1775623605.5087097,optimizer,0.00248047336935997,13317.25
618,1775623605.5960689,forward,0.08394199796020985,13317.25
618,1775623605.777164,backward,0.18093754351139069,13317.25
618,1775623605.7798228,optimizer,0.002490852028131485,13317.25
619,1775623605.8672264,forward,0.08400839008390903,13317.25
619,1775623606.0483453,backward,0.18096639588475227,13317.25
619,1775623606.0509946,optimizer,0.002479640766978264,13317.25
620,1775623606.138083,forward,0.08396192826330662,13317.25
620,1775623606.3192444,backward,0.18100365810096264,13317.25
620,1775623606.3219786,optimizer,0.0025219134986400604,13317.25
621,1775623606.4090998,forward,0.08396205864846706,13317.25
621,1775623606.5902874,backward,0.1810248550027609,13317.25
621,1775623606.592926,optimizer,0.002472471445798874,13317.25
622,1775623606.6800284,forward,0.08399926871061325,13317.25
622,1775623606.8611784,backward,0.18099721521139145,13317.25
622,1775623606.863846,optimizer,0.002494851127266884,13317.25
623,1775623606.9511647,forward,0.08387611992657185,13317.25
623,1775623607.132347,backward,0.1810252070426941,13317.25
623,1775623607.1350088,optimizer,0.0024902038276195526,13317.25
624,1775623607.2221014,forward,0.0839659571647644,13317.25
624,1775623607.4033265,backward,0.18106530793011189,13317.25
624,1775623607.4059818,optimizer,0.002486562356352806,13317.25
625,1775623607.4932547,forward,0.08386129513382912,13317.25
625,1775623607.674331,backward,0.18091878481209278,13317.25
625,1775623607.6769745,optimizer,0.0024785250425338745,13317.25
626,1775623607.7640984,forward,0.08400369063019753,13317.25
626,1775623607.945326,backward,0.18107443861663342,13317.25
626,1775623607.9479969,optimizer,0.0025041531771421432,13317.25
627,1775623608.0353265,forward,0.08392808772623539,13317.25
627,1775623608.21639,backward,0.18090548366308212,13317.25
627,1775623608.21905,optimizer,0.002491343766450882,13317.25
628,1775623608.3061619,forward,0.08399979956448078,13317.25
628,1775623608.4872365,backward,0.18091677501797676,13317.25
628,1775623608.4898791,optimizer,0.002475595101714134,13317.25
629,1775623608.5768995,forward,0.08396650850772858,13317.25
629,1775623608.7580683,backward,0.18101751431822777,13317.25
629,1775623608.760724,optimizer,0.002482190728187561,13317.25
630,1775623608.847797,forward,0.08393109031021595,13317.25
630,1775623609.0289392,backward,0.18097989447414875,13317.25
630,1775623609.0315938,optimizer,0.0024849511682987213,13317.25
631,1775623609.1186383,forward,0.08393607661128044,13317.25
631,1775623609.299696,backward,0.18089895509183407,13317.25
631,1775623609.3023627,optimizer,0.0024963244795799255,13317.25
632,1775623609.389793,forward,0.08397915959358215,13317.25
632,1775623609.5709827,backward,0.18102984316647053,13317.25
632,1775623609.573624,optimizer,0.002474682405591011,13317.25
633,1775623609.6607394,forward,0.08399689942598343,13317.25
633,1775623609.8419104,backward,0.1810111068189144,13317.25
633,1775623609.8446112,optimizer,0.0025321152061223984,13317.25
634,1775623609.931999,forward,0.08389848843216896,13317.25
634,1775623610.1131005,backward,0.1809394359588623,13317.25
634,1775623610.115805,optimizer,0.0025394149124622345,13317.25
635,1775623610.202891,forward,0.0839770007878542,13317.25
635,1775623610.3839507,backward,0.18090365268290043,13317.25
635,1775623610.3866575,optimizer,0.002540756016969681,13317.25
636,1775623610.473962,forward,0.08388289622962475,13317.25
636,1775623610.655134,backward,0.18101811781525612,13317.25
636,1775623610.6577744,optimizer,0.002476844936609268,13317.25
637,1775623610.7448082,forward,0.08402169309556484,13317.25
637,1775623610.9259684,backward,0.18100100755691528,13317.25
637,1775623610.9286337,optimizer,0.0024874433875083923,13317.25
638,1775623611.0156887,forward,0.0839302558451891,13317.25
638,1775623611.19693,backward,0.1810835264623165,13317.25
638,1775623611.1996033,optimizer,0.002504054456949234,13317.25
639,1775623611.2866883,forward,0.08397574909031391,13317.25
639,1775623611.4677913,backward,0.18094994686543941,13317.25
639,1775623611.4704506,optimizer,0.0024818219244480133,13317.25
640,1775623611.5575912,forward,0.08401698805391788,13317.25
640,1775623611.738842,backward,0.1810961291193962,13317.25
640,1775623611.7414823,optimizer,0.002476554363965988,13317.25
641,1775623611.828959,forward,0.08391364850103855,13317.25
641,1775623612.010169,backward,0.18105500750243664,13317.25
641,1775623612.0128217,optimizer,0.0024833939969539642,13317.25
642,1775623612.099958,forward,0.08402919955551624,13317.25
642,1775623612.281145,backward,0.18103241920471191,13317.25
642,1775623612.2838151,optimizer,0.0024957023561000824,13317.25
643,1775623612.3740318,forward,0.08394527807831764,13317.25
643,1775623612.5551655,backward,0.18098043650388718,13317.25
643,1775623612.5578082,optimizer,0.002472391352057457,13317.25
644,1775623612.6449337,forward,0.08397185057401657,13317.25
644,1775623612.8261008,backward,0.1810192745178938,13317.25
644,1775623612.8287592,optimizer,0.00248907133936882,13317.25
645,1775623612.9158297,forward,0.08394261822104454,13317.25
645,1775623613.096999,backward,0.18100890517234802,13317.25
645,1775623613.0996766,optimizer,0.002261389046907425,13317.25
646,1775623613.1866038,forward,0.08388441801071167,13317.25
646,1775623613.3677514,backward,0.18099782429635525,13317.25
646,1775623613.3704145,optimizer,0.002488253638148308,13317.25
647,1775623613.457538,forward,0.08399050123989582,13317.25
647,1775623613.6386673,backward,0.180972745642066,13317.25
647,1775623613.6413116,optimizer,0.0024753715842962265,13317.25
648,1775623613.7287023,forward,0.08391509763896465,13317.25
648,1775623613.909818,backward,0.18096348643302917,13317.25
648,1775623613.91247,optimizer,0.0024827346205711365,13317.25
649,1775623613.9996228,forward,0.08402987010776997,13317.25
649,1775623614.1808355,backward,0.18105515837669373,13317.25
649,1775623614.1835108,optimizer,0.0025093834847211838,13317.25
650,1775623614.2708054,forward,0.08389834687113762,13317.25
650,1775623614.4518654,backward,0.1809058729559183,13317.25
650,1775623614.4545197,optimizer,0.0024826936423778534,13317.25
651,1775623614.5417166,forward,0.08407226763665676,13317.25
651,1775623614.7229161,backward,0.1810348555445671,13317.25
651,1775623614.725565,optimizer,0.0024873241782188416,13317.25
652,1775623614.8130465,forward,0.08395189978182316,13317.25
652,1775623614.9941063,backward,0.18089991249144077,13317.25
652,1775623614.99675,optimizer,0.0024758148938417435,13317.25
653,1775623615.0839455,forward,0.08400044031441212,13317.25
653,1775623615.2651565,backward,0.18105340749025345,13317.25
653,1775623615.2687213,optimizer,0.0033113546669483185,13317.25
654,1775623615.3561277,forward,0.08411014080047607,13317.25
654,1775623615.537371,backward,0.18108386918902397,13317.25
654,1775623615.540034,optimizer,0.002487221732735634,13317.25
655,1775623615.627229,forward,0.08389267511665821,13317.25
655,1775623615.8084652,backward,0.18108315579593182,13317.25
655,1775623615.8111668,optimizer,0.002533845603466034,13317.25
656,1775623615.8983018,forward,0.08401862904429436,13317.25
656,1775623616.0795407,backward,0.18108120560646057,13317.25
656,1775623616.0821908,optimizer,0.002481004223227501,13317.25
657,1775623616.172934,forward,0.08394842967391014,13317.25
657,1775623616.3540926,backward,0.18100144527852535,13317.25
657,1775623616.3567536,optimizer,0.0024933330714702606,13317.25
658,1775623616.4438417,forward,0.08396119438111782,13317.25
658,1775623616.6249275,backward,0.18092196621000767,13317.25
658,1775623616.6275947,optimizer,0.002499684691429138,13317.25
659,1775623616.7146149,forward,0.08392212726175785,13317.25
659,1775623616.895815,backward,0.18104643560945988,13317.25
659,1775623616.8984559,optimizer,0.0024734139442443848,13317.25
660,1775623616.9854596,forward,0.08394733816385269,13317.25
660,1775623617.1665614,backward,0.18094203621149063,13317.25
660,1775623617.1692135,optimizer,0.0024822521954774857,13317.25
661,1775623617.256388,forward,0.08401367999613285,13317.25
661,1775623617.4375362,backward,0.1809867061674595,13317.25
661,1775623617.4401958,optimizer,0.0024749524891376495,13317.25
662,1775623617.5275662,forward,0.08391754701733589,13317.25
662,1775623617.7087045,backward,0.18097561597824097,13317.25
662,1775623617.7113554,optimizer,0.0024836547672748566,13317.25
663,1775623617.7985454,forward,0.0840663593262434,13317.25
663,1775623617.9797537,backward,0.1810519564896822,13317.25
663,1775623617.9824016,optimizer,0.0024817325174808502,13317.25
664,1775623618.06976,forward,0.0839381292462349,13317.25
664,1775623618.2509112,backward,0.18099513463675976,13317.25
664,1775623618.2535563,optimizer,0.002476342022418976,13317.25
665,1775623618.3407028,forward,0.08402862958610058,13317.25
665,1775623618.5219638,backward,0.18110188841819763,13317.25
665,1775623618.524613,optimizer,0.002480464056134224,13317.25
666,1775623618.6120856,forward,0.08393033966422081,13317.25
666,1775623618.7931354,backward,0.1808912232518196,13317.25
666,1775623618.7957997,optimizer,0.002495093271136284,13317.25
667,1775623618.8829343,forward,0.08399979025125504,13317.25
667,1775623619.0640783,backward,0.18099230714142323,13317.25
667,1775623619.0667315,optimizer,0.002483222633600235,13317.25
668,1775623619.153751,forward,0.08390272781252861,13317.25
668,1775623619.3349967,backward,0.1810862272977829,13317.25
668,1775623619.3376548,optimizer,0.0024916641414165497,13317.25
669,1775623619.4246461,forward,0.0838918462395668,13317.25
669,1775623619.6057546,backward,0.18095383420586586,13317.25
669,1775623619.608396,optimizer,0.0024761445820331573,13317.25
670,1775623619.6954875,forward,0.0839697103947401,13317.25
670,1775623619.876541,backward,0.18089980632066727,13317.25
670,1775623619.8792088,optimizer,0.002501644194126129,13317.25
671,1775623619.9665563,forward,0.08388838544487953,13317.25
671,1775623620.14769,backward,0.1809798777103424,13317.25
671,1775623620.1503506,optimizer,0.0024951230734586716,13317.25
672,1775623620.2374983,forward,0.08403329737484455,13317.25
672,1775623620.4186952,backward,0.18103336542844772,13317.25
672,1775623620.4213393,optimizer,0.0024774037301540375,13317.25
673,1775623620.5086408,forward,0.08386820927262306,13317.25
673,1775623620.689784,backward,0.18098803609609604,13317.25
673,1775623620.6924453,optimizer,0.0024963635951280594,13317.25
674,1775623620.7794995,forward,0.08398955687880516,13317.25
674,1775623620.9605775,backward,0.18091806583106518,13317.25
674,1775623620.96324,optimizer,0.002489933744072914,13317.25
675,1775623621.0506837,forward,0.08391963876783848,13317.25
675,1775623621.2318487,backward,0.18100558780133724,13317.25
675,1775623621.2345498,optimizer,0.0025352444499731064,13317.25
676,1775623621.3216357,forward,0.08399966731667519,13317.25
676,1775623621.5027366,backward,0.18094309605658054,13317.25
676,1775623621.505458,optimizer,0.002556474879384041,13317.25
677,1775623621.5924826,forward,0.08393328823149204,13317.25
677,1775623621.7735336,backward,0.18089989572763443,13317.25
677,1775623621.7762568,optimizer,0.002558603882789612,13317.25
678,1775623621.8632648,forward,0.08392313681542873,13317.25
678,1775623622.0443938,backward,0.18097439594566822,13317.25
678,1775623622.0471256,optimizer,0.0025619622319936752,13317.25
679,1775623622.1342013,forward,0.08397788740694523,13317.25
679,1775623622.31524,backward,0.180878022685647,13317.25
679,1775623622.3179612,optimizer,0.002557104453444481,13317.25
680,1775623622.4051447,forward,0.0839798878878355,13317.25
680,1775623622.5862498,backward,0.1809353232383728,13317.25
680,1775623622.5888932,optimizer,0.0024766530841588974,13317.25
681,1775623622.676006,forward,0.08397874049842358,13317.25
681,1775623622.8571439,backward,0.18098175711929798,13317.25
681,1775623622.8598502,optimizer,0.0025357939302921295,13317.25
682,1775623622.9471912,forward,0.08389034494757652,13317.25
682,1775623623.1282864,backward,0.18093390576541424,13317.25
682,1775623623.130988,optimizer,0.002533046528697014,13317.25
683,1775623623.2180948,forward,0.08399776928126812,13317.25
683,1775623623.3991895,backward,0.18093709647655487,13317.25
683,1775623623.401908,optimizer,0.002549983561038971,13317.25
684,1775623623.4892356,forward,0.08384883590042591,13317.25
684,1775623623.6703544,backward,0.18096371553838253,13317.25
684,1775623623.6730607,optimizer,0.0025263745337724686,13317.25
685,1775623623.7601163,forward,0.08397365733981133,13317.25
685,1775623623.9411824,backward,0.1809128951281309,13317.25
685,1775623623.9438996,optimizer,0.0025501232594251633,13317.25
686,1775623624.0312276,forward,0.08390538953244686,13317.25
686,1775623624.2123454,backward,0.18095973506569862,13317.25
686,1775623624.2153447,optimizer,0.002817239612340927,13317.25
687,1775623624.3024468,forward,0.08396111987531185,13317.25
687,1775623624.483665,backward,0.18106554821133614,13317.25
687,1775623624.4863703,optimizer,0.0025394633412361145,13317.25
688,1775623624.5733693,forward,0.0839448980987072,13317.25
688,1775623624.75458,backward,0.1810541581362486,13317.25
688,1775623624.7572806,optimizer,0.002535151317715645,13317.25
689,1775623624.8444188,forward,0.08385227620601654,13317.25
689,1775623625.0255578,backward,0.18096362240612507,13317.25
689,1775623625.028219,optimizer,0.002278050407767296,13317.25
690,1775623625.115349,forward,0.08400815911591053,13317.25
690,1775623625.2964692,backward,0.1809645462781191,13317.25
690,1775623625.2991176,optimizer,0.0024833548814058304,13317.25
691,1775623625.3864872,forward,0.08386006765067577,13317.25
691,1775623625.5675435,backward,0.1808923427015543,13317.25
691,1775623625.5701852,optimizer,0.00247238390147686,13317.25
692,1775623625.6573675,forward,0.08406161144375801,13317.25
692,1775623625.83847,backward,0.1809325572103262,13317.25
692,1775623625.841124,optimizer,0.0024863630533218384,13317.25
693,1775623625.9285016,forward,0.08389563672244549,13317.25
693,1775623626.1095524,backward,0.18089227192103863,13317.25
693,1775623626.112204,optimizer,0.0024841148406267166,13317.25
694,1775623626.1992702,forward,0.08394563756883144,13317.25
694,1775623626.3804467,backward,0.18102235533297062,13317.25
694,1775623626.3831122,optimizer,0.002498513087630272,13317.25
695,1775623626.4703517,forward,0.08396463096141815,13317.25
695,1775623626.651406,backward,0.18089989572763443,13317.25
695,1775623626.6540418,optimizer,0.002468254417181015,13317.25
696,1775623626.7411253,forward,0.08397740870714188,13317.25
696,1775623626.9223137,backward,0.1810305267572403,13317.25
696,1775623626.9250205,optimizer,0.0025369636714458466,13317.25
697,1775623627.0120883,forward,0.08396823704242706,13317.25
697,1775623627.193241,backward,0.18099871464073658,13317.25
697,1775623627.1958973,optimizer,0.0024867039173841476,13317.25
698,1775623627.2829962,forward,0.08397134020924568,13317.25
698,1775623627.4640963,backward,0.18094616569578648,13317.25
698,1775623627.4667554,optimizer,0.0024874247610569,13317.25
699,1775623627.553854,forward,0.08398815989494324,13317.25
699,1775623627.7349641,backward,0.1809509452432394,13317.25
699,1775623627.737652,optimizer,0.0025194361805915833,13317.25
700,1775623627.824994,forward,0.08386242762207985,13317.25
700,1775623628.006137,backward,0.18093940615653992,13317.25
700,1775623628.0088398,optimizer,0.0025388654321432114,13317.25
701,1775623628.0959022,forward,0.08396456763148308,13317.25
701,1775623628.2770703,backward,0.1810152865946293,13317.25
701,1775623628.2797403,optimizer,0.0025024134665727615,13317.25
702,1775623628.369079,forward,0.08394578844308853,13317.25
702,1775623628.5502002,backward,0.18096223659813404,13317.25
702,1775623628.5528412,optimizer,0.0024690330028533936,13317.25
703,1775623628.6399493,forward,0.08398834057152271,13317.25
703,1775623628.8210108,backward,0.180903485044837,13317.25
703,1775623628.823681,optimizer,0.00250130333006382,13317.25
704,1775623628.9106665,forward,0.08388100564479828,13317.25
704,1775623629.091757,backward,0.18093656562268734,13317.25
704,1775623629.0944064,optimizer,0.0024802032858133316,13317.25
705,1775623629.1813633,forward,0.08390869572758675,13317.25
705,1775623629.36243,backward,0.18091117590665817,13317.25
705,1775623629.3650818,optimizer,0.0024823732674121857,13317.25
706,1775623629.45222,forward,0.0840159896761179,13317.25
706,1775623629.6332746,backward,0.18089193291962147,13317.25
706,1775623629.635936,optimizer,0.0024927835911512375,13317.25
707,1775623629.7232869,forward,0.08386056497693062,13317.25
707,1775623629.9044018,backward,0.18095984682440758,13317.25
707,1775623629.907056,optimizer,0.0024858508259058,13317.25
708,1775623629.994133,forward,0.08396526984870434,13317.25
708,1775623630.1752956,backward,0.1809880156069994,13317.25
708,1775623630.1780121,optimizer,0.0025484226644039154,13317.25
709,1775623630.2653294,forward,0.08389202505350113,13317.25
709,1775623630.4464366,backward,0.18094494752585888,13317.25
709,1775623630.4491584,optimizer,0.0025491639971733093,13317.25
710,1775623630.5363398,forward,0.08402645960450172,13317.25
710,1775623630.7174351,backward,0.18094131536781788,13317.25
710,1775623630.7201138,optimizer,0.002500765025615692,13317.25
711,1775623630.8074775,forward,0.08388843759894371,13317.25
711,1775623630.9885793,backward,0.18094626255333424,13317.25
711,1775623630.991247,optimizer,0.0024989843368530273,13317.25
712,1775623631.078357,forward,0.08400795795023441,13317.25
712,1775623631.2594438,backward,0.1809285655617714,13317.25
712,1775623631.2620912,optimizer,0.0024808719754219055,13317.25
713,1775623631.349156,forward,0.08393527567386627,13317.25
713,1775623631.530283,backward,0.18096531555056572,13317.25
713,1775623631.5329368,optimizer,0.002485642209649086,13317.25
714,1775623631.6199586,forward,0.08391055651009083,13317.25
714,1775623631.8011248,backward,0.18100862577557564,13317.25
714,1775623631.8037763,optimizer,0.0024869125336408615,13317.25
715,1775623631.8908591,forward,0.0839763879776001,13317.25
715,1775623632.0720296,backward,0.1810105573385954,13317.25
715,1775623632.0746944,optimizer,0.0024953559041023254,13317.25
716,1775623632.1616664,forward,0.0838842149823904,13317.25
716,1775623632.3427422,backward,0.1809192132204771,13317.25
716,1775623632.345396,optimizer,0.002489224076271057,13317.25
717,1775623632.4324434,forward,0.08393478766083717,13317.25
717,1775623632.6135952,backward,0.18099654838442802,13317.25
717,1775623632.6162446,optimizer,0.002481263130903244,13317.25
718,1775623632.703619,forward,0.08387521468102932,13317.25
718,1775623632.884649,backward,0.1808763239532709,13317.25
718,1775623632.8873203,optimizer,0.0025010034441947937,13317.25
719,1775623632.9743795,forward,0.08399499952793121,13317.25
719,1775623633.1555777,backward,0.18104402720928192,13317.25
719,1775623633.1584961,optimizer,0.0027229804545640945,13317.25
720,1775623633.2460396,forward,0.08399169147014618,13317.25
720,1775623633.42719,backward,0.1809913944453001,13317.25
720,1775623633.4298496,optimizer,0.0024885330349206924,13317.25
721,1775623633.5169547,forward,0.08399558998644352,13317.25
721,1775623633.6980116,backward,0.1809003632515669,13317.25
721,1775623633.7006662,optimizer,0.0024862028658390045,13317.25
722,1775623633.7880073,forward,0.08391477912664413,13317.25
722,1775623633.9690058,backward,0.18084407411515713,13317.25
722,1775623633.9716547,optimizer,0.0024775732308626175,13317.25
723,1775623634.0589683,forward,0.08392811566591263,13317.25
723,1775623634.240099,backward,0.18097641319036484,13317.25
723,1775623634.242729,optimizer,0.002460971474647522,13317.25
724,1775623634.329726,forward,0.08389854617416859,13317.25
724,1775623634.5108364,backward,0.18095596507191658,13317.25
724,1775623634.5135005,optimizer,0.002496352419257164,13317.25
725,1775623634.6005323,forward,0.08390986546874046,13317.25
725,1775623634.7816525,backward,0.1809634156525135,13317.25
725,1775623634.784295,optimizer,0.002478713169693947,13317.25
726,1775623634.8713818,forward,0.08393295854330063,13317.25
726,1775623635.0525904,backward,0.18104550801217556,13317.25
726,1775623635.055256,optimizer,0.0024978723376989365,13317.25
727,1775623635.1425838,forward,0.08383398503065109,13317.25
727,1775623635.3236687,backward,0.18092789500951767,13317.25
727,1775623635.326309,optimizer,0.002477981150150299,13317.25
728,1775623635.4134634,forward,0.08406302332878113,13317.25
728,1775623635.5946426,backward,0.18101834692060947,13317.25
728,1775623635.5973046,optimizer,0.0024924632161855698,13317.25
729,1775623635.684707,forward,0.0839008279144764,13317.25
729,1775623635.8656962,backward,0.18082929402589798,13317.25
729,1775623635.8683567,optimizer,0.0024906545877456665,13317.25
730,1775623635.955459,forward,0.08398903906345367,13317.25
730,1775623636.1365395,backward,0.18092073500156403,13317.25
730,1775623636.1391969,optimizer,0.002490634098649025,13317.25
731,1775623636.2265239,forward,0.08392081782221794,13317.25
731,1775623636.4075496,backward,0.18086901493370533,13317.25
731,1775623636.4102113,optimizer,0.0024996157735586166,13317.25
732,1775623636.4973452,forward,0.08395983837544918,13317.25
732,1775623636.678415,backward,0.1809141244739294,13317.25
732,1775623636.6810715,optimizer,0.0024859439581632614,13317.25
733,1775623636.7680554,forward,0.08392680063843727,13317.25
733,1775623636.949198,backward,0.18098527565598488,13317.25
733,1775623636.9518468,optimizer,0.0024804435670375824,13317.25
734,1775623637.038908,forward,0.08395354822278023,13317.25
734,1775623637.2200387,backward,0.18097521550953388,13317.25
734,1775623637.2226832,optimizer,0.002476183697581291,13317.25
735,1775623637.3097568,forward,0.08396290801465511,13317.25
735,1775623637.4907997,backward,0.18088898435235023,13317.25
735,1775623637.4934602,optimizer,0.0024862904101610184,13317.25
736,1775623637.5806346,forward,0.08382475562393665,13317.25
736,1775623637.7617629,backward,0.1809697262942791,13317.25
736,1775623637.764467,optimizer,0.0025350749492645264,13317.25
737,1775623637.8516119,forward,0.08400704897940159,13317.25
737,1775623638.0327377,backward,0.1809700559824705,13317.25
737,1775623638.0354514,optimizer,0.0025456957519054413,13317.25
738,1775623638.1227894,forward,0.08388842642307281,13317.25
738,1775623638.3039024,backward,0.1809570249170065,13317.25
738,1775623638.3065984,optimizer,0.0025308430194854736,13317.25
739,1775623638.393703,forward,0.08399470895528793,13317.25
739,1775623638.5748017,backward,0.1809363029897213,13317.25
739,1775623638.57751,optimizer,0.0025386251509189606,13317.25
740,1775623638.6647758,forward,0.08387225866317749,13317.25
740,1775623638.8458505,backward,0.1809145137667656,13317.25
740,1775623638.848587,optimizer,0.002565646544098854,13317.25
741,1775623638.935635,forward,0.08394606783986092,13317.25
741,1775623639.1167212,backward,0.1809315960854292,13317.25
741,1775623639.1193802,optimizer,0.002492165192961693,13317.25
742,1775623639.2063954,forward,0.0838903971016407,13317.25
742,1775623639.3874218,backward,0.18086893297731876,13317.25
742,1775623639.3900666,optimizer,0.0024752039462327957,13317.25
743,1775623639.47726,forward,0.08390224725008011,13317.25
743,1775623639.6583955,backward,0.1809778641909361,13317.25
743,1775623639.6610427,optimizer,0.0024771932512521744,13317.25
744,1775623639.7481976,forward,0.08402935974299908,13317.25
744,1775623639.9293091,backward,0.1809596549719572,13317.25
744,1775623639.9319692,optimizer,0.00223681703209877,13317.25
745,1775623640.0190072,forward,0.08391731977462769,13317.25
745,1775623640.200066,backward,0.18090501427650452,13317.25
745,1775623640.202708,optimizer,0.0024705808609724045,13317.25
746,1775623640.2897573,forward,0.08392269909381866,13317.25
746,1775623640.4708836,backward,0.18096857517957687,13317.25
746,1775623640.4736001,optimizer,0.0025453343987464905,13317.25
747,1775623640.5653844,forward,0.0839238166809082,13317.25
747,1775623640.7463875,backward,0.1808373723179102,13317.25
747,1775623640.7490287,optimizer,0.0024732835590839386,13317.25
748,1775623640.8361456,forward,0.08398793824017048,13317.25
748,1775623641.0172613,backward,0.18095779605209827,13317.25
748,1775623641.0199034,optimizer,0.0024750418961048126,13317.25
749,1775623641.1069372,forward,0.0839009266346693,13317.25
749,1775623641.2879896,backward,0.18088768422603607,13317.25
749,1775623641.2906463,optimizer,0.0024918243288993835,13317.25
750,1775623641.3775816,forward,0.08388598822057247,13317.25
750,1775623641.558643,backward,0.18090291321277618,13317.25
750,1775623641.5613,optimizer,0.0024880245327949524,13317.25
751,1775623641.6484168,forward,0.08398625068366528,13317.25
751,1775623641.8294718,backward,0.18089285492897034,13317.25
751,1775623641.8321826,optimizer,0.0025434065610170364,13317.25
752,1775623641.919451,forward,0.08386390842497349,13317.25
752,1775623642.100554,backward,0.18093039467930794,13317.25
752,1775623642.1033294,optimizer,0.0026076752692461014,13317.25
753,1775623642.1903536,forward,0.08393464796245098,13317.25
753,1775623642.3714957,backward,0.18090875633060932,13317.25
753,1775623642.3743362,optimizer,0.0026743244379758835,13317.25
754,1775623642.4618056,forward,0.08393879793584347,13317.25
754,1775623642.6428607,backward,0.1808967050164938,13317.25
754,1775623642.645565,optimizer,0.0025397446006536484,13317.25
755,1775623642.7326903,forward,0.0840048398822546,13317.25
755,1775623642.9136353,backward,0.18078747391700745,13317.25
755,1775623642.9163663,optimizer,0.0025584734976291656,13317.25
756,1775623643.0036166,forward,0.08382608741521835,13317.25
756,1775623643.1846466,backward,0.18087424337863922,13317.25
756,1775623643.1875873,optimizer,0.0027751289308071136,13317.25
757,1775623643.274629,forward,0.0839595552533865,13317.25
757,1775623643.4557068,backward,0.18091845512390137,13317.25
757,1775623643.458408,optimizer,0.002527983859181404,13317.25
758,1775623643.545388,forward,0.08389119803905487,13317.25
758,1775623643.7263737,backward,0.1808199118822813,13317.25
758,1775623643.7290652,optimizer,0.00252644345164299,13317.25
759,1775623643.8161001,forward,0.08392160013318062,13317.25
759,1775623643.9971619,backward,0.1809061449021101,13317.25
759,1775623643.9998806,optimizer,0.00254744291305542,13317.25
760,1775623644.0869107,forward,0.08392622694373131,13317.25
760,1775623644.2680182,backward,0.1809455957263708,13317.25
760,1775623644.2707279,optimizer,0.002543807029724121,13317.25
761,1775623644.3576646,forward,0.08386941440403461,13317.25
761,1775623644.5386941,backward,0.18087374232709408,13317.25
761,1775623644.5413935,optimizer,0.002529975026845932,13317.25
762,1775623644.6284359,forward,0.08393499627709389,13317.25
762,1775623644.8094833,backward,0.18089157342910767,13317.25
762,1775623644.812201,optimizer,0.0025289449840784073,13317.25
763,1775623644.8995268,forward,0.08387756906449795,13317.25
763,1775623645.0805793,backward,0.18089318461716175,13317.25
763,1775623645.0833042,optimizer,0.0025547724217176437,13317.25
764,1775623645.1703198,forward,0.0839539784938097,13317.25
764,1775623645.3513105,backward,0.18083294481039047,13317.25
764,1775623645.3540096,optimizer,0.002535654231905937,13317.25
765,1775623645.441408,forward,0.08392607793211937,13317.25
765,1775623645.6224189,backward,0.1808473225682974,13317.25
765,1775623645.6251125,optimizer,0.0025265738368034363,13317.25
766,1775623645.71221,forward,0.08399854972958565,13317.25
766,1775623645.893318,backward,0.18095242604613304,13317.25
766,1775623645.8959813,optimizer,0.0024909228086471558,13317.25
767,1775623645.983379,forward,0.08390130661427975,13317.25
767,1775623646.1644318,backward,0.18089379370212555,13317.25
767,1775623646.167097,optimizer,0.002498144283890724,13317.25
768,1775623646.254365,forward,0.08393814787268639,13317.25
768,1775623646.4353802,backward,0.1808618139475584,13317.25
768,1775623646.4380357,optimizer,0.002487003803253174,13317.25
769,1775623646.5250711,forward,0.08393385633826256,13317.25
769,1775623646.7061744,backward,0.18095040507614613,13317.25
769,1775623646.7088106,optimizer,0.0024699531495571136,13317.25
770,1775623646.7958696,forward,0.08393538743257523,13317.25
770,1775623646.9769943,backward,0.18096916750073433,13317.25
770,1775623646.979691,optimizer,0.002525944262742996,13317.25
771,1775623647.0667431,forward,0.08394268900156021,13317.25
771,1775623647.2478204,backward,0.18091758526861668,13317.25
771,1775623647.2504764,optimizer,0.002489471808075905,13317.25
772,1775623647.3377357,forward,0.08386358618736267,13317.25
772,1775623647.518821,backward,0.18093428388237953,13317.25
772,1775623647.5214715,optimizer,0.002481311559677124,13317.25
773,1775623647.6085382,forward,0.08394786901772022,13317.25
773,1775623647.7896516,backward,0.1809510663151741,13317.25
773,1775623647.7923017,optimizer,0.0024840515106916428,13317.25
774,1775623647.8797097,forward,0.08385604433715343,13317.25
774,1775623648.0607777,backward,0.18090785667300224,13317.25
774,1775623648.0634444,optimizer,0.002499014139175415,13317.25
775,1775623648.150553,forward,0.08400947973132133,13317.25
775,1775623648.33166,backward,0.18095191568136215,13317.25
775,1775623648.33432,optimizer,0.0024937931448221207,13317.25
776,1775623648.4216845,forward,0.08388409949839115,13317.25
776,1775623648.602798,backward,0.18095593340694904,13317.25
776,1775623648.6054602,optimizer,0.0024962443858385086,13317.25
777,1775623648.6925635,forward,0.08398319967091084,13317.25
777,1775623648.87373,backward,0.18100077658891678,13317.25
777,1775623648.8764024,optimizer,0.0024987105280160904,13317.25
778,1775623648.9636009,forward,0.08388550765812397,13317.25
778,1775623649.1447198,backward,0.1809646263718605,13317.25
778,1775623649.1473835,optimizer,0.0024941544979810715,13317.25
779,1775623649.2343829,forward,0.08389596827328205,13317.25
779,1775623649.4154947,backward,0.1809556968510151,13317.25
779,1775623649.4181461,optimizer,0.0024800430983304977,13317.25
780,1775623649.5052028,forward,0.08393880724906921,13317.25
780,1775623649.6863253,backward,0.18096763640642166,13317.25
780,1775623649.6889985,optimizer,0.0025055650621652603,13317.25
781,1775623649.7759526,forward,0.08392420783638954,13317.25
781,1775623649.957007,backward,0.18089841678738594,13317.25
781,1775623649.959649,optimizer,0.0024754218757152557,13317.25
782,1775623650.0467517,forward,0.0839756689965725,13317.25
782,1775623650.2278364,backward,0.1809291858226061,13317.25
782,1775623650.230539,optimizer,0.002538563683629036,13317.25
783,1775623650.3178396,forward,0.0838911384344101,13317.25
783,1775623650.4988372,backward,0.1808374747633934,13317.25
783,1775623650.501487,optimizer,0.0024804938584566116,13317.25
784,1775623650.588668,forward,0.08405039273202419,13317.25
784,1775623650.7697754,backward,0.18094881437718868,13317.25
784,1775623650.7724202,optimizer,0.002474674955010414,13317.25
785,1775623650.8597193,forward,0.08388352766633034,13317.25
785,1775623651.0407076,backward,0.1808286216109991,13317.25
785,1775623651.0433645,optimizer,0.0024913642555475235,13317.25
786,1775623651.1305573,forward,0.08403855003416538,13317.25
786,1775623651.311885,backward,0.1811103280633688,13317.25
786,1775623651.3145947,optimizer,0.0025441348552703857,13317.25
787,1775623651.4021544,forward,0.08396098017692566,13317.25
787,1775623651.5832498,backward,0.1809385661035776,13317.25
787,1775623651.585901,optimizer,0.0024893339723348618,13317.25
788,1775623651.6730185,forward,0.08399827778339386,13317.25
788,1775623651.854124,backward,0.18094645626842976,13317.25
788,1775623651.8567972,optimizer,0.0022611692547798157,13317.25
789,1775623651.9438686,forward,0.08395974896848202,13317.25
789,1775623652.124994,backward,0.1809746865183115,13317.25
789,1775623652.1276598,optimizer,0.0025001652538776398,13317.25
790,1775623652.2146666,forward,0.08389908634126186,13317.25
790,1775623652.3957462,backward,0.18092655576765537,13317.25
790,1775623652.3983808,optimizer,0.0024643316864967346,13317.25
791,1775623652.485494,forward,0.08399675786495209,13317.25
791,1775623652.6665769,backward,0.18092124536633492,13317.25
791,1775623652.6692252,optimizer,0.0024821441620588303,13317.25
792,1775623652.7565458,forward,0.0838859174400568,13317.25
792,1775623652.9377296,backward,0.18102804757654667,13317.25
792,1775623652.940363,optimizer,0.002466881647706032,13317.25
793,1775623653.0275073,forward,0.08400853909552097,13317.25
793,1775623653.208746,backward,0.18108203820884228,13317.25
793,1775623653.2114124,optimizer,0.0025000441819429398,13317.25
794,1775623653.2987134,forward,0.08386854827404022,13317.25
794,1775623653.4798455,backward,0.18097452633082867,13317.25
794,1775623653.4825072,optimizer,0.0024959444999694824,13317.25
795,1775623653.5695636,forward,0.08398318849503994,13317.25
795,1775623653.7506545,backward,0.1809335146099329,13317.25
795,1775623653.7533102,optimizer,0.0024788249284029007,13317.25
796,1775623653.8406448,forward,0.08390411920845509,13317.25
796,1775623654.0218334,backward,0.181008854880929,13317.25
796,1775623654.0244935,optimizer,0.0024904049932956696,13317.25
797,1775623654.1116328,forward,0.0840228907763958,13317.25
797,1775623654.2927377,backward,0.18094751611351967,13317.25
797,1775623654.2953923,optimizer,0.0024873334914445877,13317.25
798,1775623654.3824084,forward,0.08388758637011051,13317.25
798,1775623654.563505,backward,0.18093556351959705,13317.25
798,1775623654.5661538,optimizer,0.002482593059539795,13317.25
799,1775623654.6531968,forward,0.0839445274323225,13317.25
799,1775623654.8342023,backward,0.18085097521543503,13317.25
799,1775623654.8368537,optimizer,0.002484094351530075,13317.25
800,1775623654.9238994,forward,0.08393608964979649,13317.25
800,1775623655.1049976,backward,0.18093897588551044,13317.25
800,1775623655.1076581,optimizer,0.0024909134954214096,13317.25
801,1775623655.1947575,forward,0.08396565727889538,13317.25
801,1775623655.3759372,backward,0.18102095648646355,13317.25
801,1775623655.3785853,optimizer,0.0024784039705991745,13317.25
802,1775623655.465695,forward,0.08399938978254795,13317.25
802,1775623655.6468241,backward,0.18096924759447575,13317.25
802,1775623655.649474,optimizer,0.002479642629623413,13317.25
803,1775623655.73682,forward,0.0838729590177536,13317.25
803,1775623655.9179184,backward,0.18094781413674355,13317.25
803,1775623655.9205718,optimizer,0.0024865828454494476,13317.25
804,1775623656.0077932,forward,0.08409567922353745,13317.25
804,1775623656.1889307,backward,0.1809770856052637,13317.25
804,1775623656.1915894,optimizer,0.0024894345551729202,13317.25
805,1775623656.2788992,forward,0.08392415940761566,13317.25
805,1775623656.4599931,backward,0.18093449622392654,13317.25
805,1775623656.4627154,optimizer,0.002555474638938904,13317.25
806,1775623656.5497847,forward,0.0839832704514265,13317.25
806,1775623656.730832,backward,0.18088984489440918,13317.25
806,1775623656.733486,optimizer,0.00248105451464653,13317.25
807,1775623656.8208003,forward,0.0838806964457035,13317.25
807,1775623657.0018835,backward,0.1809237040579319,13317.25
807,1775623657.004544,optimizer,0.0024910718202590942,13317.25
808,1775623657.091656,forward,0.08397669717669487,13317.25
808,1775623657.2727692,backward,0.1809553038328886,13317.25
808,1775623657.2754242,optimizer,0.002486875280737877,13317.25
809,1775623657.3623857,forward,0.08389803767204285,13317.25
809,1775623657.5434253,backward,0.1808818355202675,13317.25
809,1775623657.546079,optimizer,0.002488294616341591,13317.25
810,1775623657.633083,forward,0.0838899090886116,13317.25
810,1775623657.8141747,backward,0.18093279376626015,13317.25
810,1775623657.81684,optimizer,0.0024951640516519547,13317.25
811,1775623657.9038904,forward,0.08394734933972359,13317.25
811,1775623658.0848951,backward,0.18084980361163616,13317.25
811,1775623658.0875754,optimizer,0.0025132037699222565,13317.25
812,1775623658.1749952,forward,0.0839307103306055,13317.25
812,1775623658.356058,backward,0.18090796284377575,13317.25
812,1775623658.3587008,optimizer,0.002477683126926422,13317.25
813,1775623658.445786,forward,0.08397752791643143,13317.25
813,1775623658.62698,backward,0.18104172684252262,13317.25
813,1775623658.629631,optimizer,0.002485496923327446,13317.25
814,1775623658.7169583,forward,0.08391858823597431,13317.25
814,1775623658.8980608,backward,0.18094810470938683,13317.25
814,1775623658.900699,optimizer,0.0024652034044265747,13317.25
815,1775623658.9879105,forward,0.08400515094399452,13317.25
815,1775623659.169033,backward,0.1809634156525135,13317.25
815,1775623659.1716797,optimizer,0.0024764370173215866,13317.25
816,1775623659.259028,forward,0.08390531875193119,13317.25
816,1775623659.4401767,backward,0.1809928249567747,13317.25
816,1775623659.4428096,optimizer,0.0024665948003530502,13317.25
817,1775623659.5298717,forward,0.08394694700837135,13317.25
817,1775623659.7108822,backward,0.1808534972369671,13317.25
817,1775623659.713519,optimizer,0.0024685822427272797,13317.25
818,1775623659.8005776,forward,0.08391834795475006,13317.25
818,1775623659.9816804,backward,0.1809451263397932,13317.25
818,1775623659.984331,optimizer,0.0024833139032125473,13317.25
819,1775623660.0713453,forward,0.0839097648859024,13317.25
819,1775623660.2524428,backward,0.18093985319137573,13317.25
819,1775623660.2559206,optimizer,0.003265637904405594,13317.25
820,1775623660.343226,forward,0.08399059623479843,13317.25
820,1775623660.5243134,backward,0.18093373626470566,13317.25
820,1775623660.5269876,optimizer,0.0025023557245731354,13317.25
821,1775623660.6143382,forward,0.08388163894414902,13317.25
821,1775623660.7954094,backward,0.1809179149568081,13317.25
821,1775623660.7980697,optimizer,0.0024937130510807037,13317.25
822,1775623660.8852065,forward,0.0839961376041174,13317.25
822,1775623661.066375,backward,0.18100565671920776,13317.25
822,1775623661.0690372,optimizer,0.0024896450340747833,13317.25
823,1775623661.1589906,forward,0.08389575593173504,13317.25
823,1775623661.3400824,backward,0.18093622475862503,13317.25
823,1775623661.3427653,optimizer,0.0025110114365816116,13317.25
824,1775623661.4297786,forward,0.08390190824866295,13317.25
824,1775623661.6108923,backward,0.18095513619482517,13317.25
824,1775623661.6136024,optimizer,0.002543315291404724,13317.25
825,1775623661.7006133,forward,0.08392590843141079,13317.25
825,1775623661.8817918,backward,0.18102037906646729,13317.25
825,1775623661.8844168,optimizer,0.002460010349750519,13317.25
826,1775623661.9714324,forward,0.08393355831503868,13317.25
826,1775623662.1525533,backward,0.18096303567290306,13317.25
826,1775623662.1552036,optimizer,0.002482570707798004,13317.25
827,1775623662.2422633,forward,0.08394524827599525,13317.25
827,1775623662.4232724,backward,0.18085148185491562,13317.25
827,1775623662.4259152,optimizer,0.0024714041501283646,13317.25
828,1775623662.5133255,forward,0.08391899801790714,13317.25
828,1775623662.694647,backward,0.1811652686446905,13317.25
828,1775623662.6973538,optimizer,0.002541443333029747,13317.25
829,1775623662.7844677,forward,0.08402176015079021,13317.25
829,1775623662.9656982,backward,0.1810757778584957,13317.25
829,1775623662.9684181,optimizer,0.0025529060512781143,13317.25
830,1775623663.0556695,forward,0.08388196863234043,13317.25
830,1775623663.2367713,backward,0.18094628490507603,13317.25
830,1775623663.2394426,optimizer,0.002500385046005249,13317.25
831,1775623663.3266,forward,0.08405139110982418,13317.25
831,1775623663.507682,backward,0.1809236966073513,13317.25
831,1775623663.5103478,optimizer,0.002492843195796013,13317.25
832,1775623663.5978005,forward,0.08399469777941704,13317.25
832,1775623663.778988,backward,0.18103378638625145,13317.25
832,1775623663.781681,optimizer,0.002254767343401909,13317.25
833,1775623663.868851,forward,0.08398888818919659,13317.25
833,1775623664.0499604,backward,0.18095573596656322,13317.25
833,1775623664.0526571,optimizer,0.0025316160172224045,13317.25
834,1775623664.1397164,forward,0.0839319285005331,13317.25
834,1775623664.3209636,backward,0.18108824081718922,13317.25
834,1775623664.3236973,optimizer,0.002567773684859276,13317.25
835,1775623664.4106336,forward,0.08386132679879665,13317.25
835,1775623664.5917017,backward,0.18090959452092648,13317.25
835,1775623664.5944157,optimizer,0.0025472957640886307,13317.25
836,1775623664.6814275,forward,0.08391537703573704,13317.25
836,1775623664.862556,backward,0.18095982819795609,13317.25
836,1775623664.8652074,optimizer,0.002487530931830406,13317.25
837,1775623664.9524796,forward,0.083822937682271,13317.25
837,1775623665.1335554,backward,0.18092181533575058,13317.25
837,1775623665.1362166,optimizer,0.0024911127984523773,13317.25
838,1775623665.2233396,forward,0.08399027027189732,13317.25
838,1775623665.4044678,backward,0.18096976540982723,13317.25
838,1775623665.4071217,optimizer,0.0024891644716262817,13317.25
839,1775623665.4944327,forward,0.08390447683632374,13317.25
839,1775623665.67548,backward,0.18088606372475624,13317.25
839,1775623665.6781447,optimizer,0.0024978332221508026,13317.25
840,1775623665.7652225,forward,0.08400169014930725,13317.25
840,1775623665.9462762,backward,0.18089709430933,13317.25
840,1775623665.9489582,optimizer,0.002245299518108368,13317.25
841,1775623666.0362496,forward,0.08389357849955559,13317.25
841,1775623666.2173052,backward,0.18089913576841354,13317.25
841,1775623666.2199676,optimizer,0.002492513507604599,13317.25
842,1775623666.307161,forward,0.08396987058222294,13317.25
842,1775623666.488292,backward,0.18097479455173016,13317.25
842,1775623666.4909446,optimizer,0.00248667411506176,13317.25
843,1775623666.5780935,forward,0.08397909812629223,13317.25
843,1775623666.7592332,backward,0.18098807521164417,13317.25
843,1775623666.7618852,optimizer,0.002486191689968109,13317.25
844,1775623666.8489323,forward,0.08395837992429733,13317.25
844,1775623667.0299933,backward,0.18090165220201015,13317.25
844,1775623667.0326698,optimizer,0.0025043636560440063,13317.25
845,1775623667.119734,forward,0.0839538611471653,13317.25
845,1775623667.3008885,backward,0.18099020421504974,13317.25
845,1775623667.3035583,optimizer,0.002501875162124634,13317.25
846,1775623667.3906324,forward,0.08393652737140656,13317.25
846,1775623667.5717652,backward,0.18097174540162086,13317.25
846,1775623667.5744064,optimizer,0.002472890540957451,13317.25
847,1775623667.6615515,forward,0.08403918147087097,13317.25
847,1775623667.8426626,backward,0.18095561489462852,13317.25
847,1775623667.845308,optimizer,0.002476254478096962,13317.25
848,1775623667.9327035,forward,0.0838860273361206,13317.25
848,1775623668.1137881,backward,0.18092892691493034,13317.25
848,1775623668.1164343,optimizer,0.0024755243211984634,13317.25
849,1775623668.2036955,forward,0.08400936797261238,13317.25
849,1775623668.3848803,backward,0.1810244768857956,13317.25
849,1775623668.3875337,optimizer,0.00248696468770504,13317.25
850,1775623668.4749322,forward,0.08389483764767647,13317.25
850,1775623668.6559682,backward,0.18088043294847012,13317.25
850,1775623668.6586154,optimizer,0.002477101981639862,13317.25
851,1775623668.7456753,forward,0.08396516926586628,13317.25
851,1775623668.9267693,backward,0.1809313241392374,13317.25
851,1775623668.9294121,optimizer,0.002475714311003685,13317.25
852,1775623669.016833,forward,0.08389267511665821,13317.25
852,1775623669.1978843,backward,0.18089221604168415,13317.25
852,1775623669.2008405,optimizer,0.002772696316242218,13317.25
853,1775623669.2879808,forward,0.08396986871957779,13317.25
853,1775623669.4690542,backward,0.18091415241360664,13317.25
853,1775623669.471717,optimizer,0.002495594322681427,13317.25
854,1775623669.5587208,forward,0.08393897861242294,13317.25
854,1775623669.739748,backward,0.18087464570999146,13317.25
854,1775623669.7424192,optimizer,0.002497401088476181,13317.25
855,1775623669.829476,forward,0.08395086787641048,13317.25
855,1775623670.010581,backward,0.18092421256005764,13317.25
855,1775623670.0132287,optimizer,0.002479223534464836,13317.25
856,1775623670.1002867,forward,0.08394084870815277,13317.25
856,1775623670.281356,backward,0.18091090396046638,13317.25
856,1775623670.2840033,optimizer,0.0024785418063402176,13317.25
857,1775623670.371346,forward,0.08388932794332504,13317.25
857,1775623670.5524786,backward,0.18097861297428608,13317.25
857,1775623670.5552185,optimizer,0.0025667455047369003,13317.25
858,1775623670.6422997,forward,0.08400223962962627,13317.25
858,1775623670.82356,backward,0.18110590800642967,13317.25
858,1775623670.826211,optimizer,0.002486223354935646,13317.25
859,1775623670.913539,forward,0.08391986787319183,13317.25
859,1775623671.0946047,backward,0.18090284429490566,13317.25
859,1775623671.0972664,optimizer,0.0024931710213422775,13317.25
860,1775623671.1844354,forward,0.08404677920043468,13317.25
860,1775623671.3655405,backward,0.18094797618687153,13317.25
860,1775623671.368179,optimizer,0.0024734847247600555,13317.25
861,1775623671.455555,forward,0.08397021889686584,13317.25
861,1775623671.6367688,backward,0.1810575369745493,13317.25
861,1775623671.6394396,optimizer,0.002501094713807106,13317.25
862,1775623671.7266092,forward,0.08398122154176235,13317.25
862,1775623671.9077947,backward,0.1810271479189396,13317.25
862,1775623671.9104643,optimizer,0.0024989843368530273,13317.25
863,1775623671.9975407,forward,0.08396691828966141,13317.25
863,1775623672.1787512,backward,0.18105563893914223,13317.25
863,1775623672.181411,optimizer,0.00249367393553257,13317.25
864,1775623672.2684767,forward,0.08394608087837696,13317.25
864,1775623672.4496243,backward,0.18099498562514782,13317.25
864,1775623672.452286,optimizer,0.0024899840354919434,13317.25
865,1775623672.5394046,forward,0.08398219011723995,13317.25
865,1775623672.7204845,backward,0.1809208858758211,13317.25
865,1775623672.7231538,optimizer,0.0024999845772981644,13317.25
866,1775623672.81054,forward,0.08393657021224499,13317.25
866,1775623672.9916425,backward,0.1809398364275694,13317.25
866,1775623672.994293,optimizer,0.0024804137647151947,13317.25
867,1775623673.0814474,forward,0.08405436016619205,13317.25
867,1775623673.2625794,backward,0.18096946366131306,13317.25
867,1775623673.2652378,optimizer,0.0024817325174808502,13317.25
868,1775623673.3552525,forward,0.08392097800970078,13317.25
868,1775623673.5363765,backward,0.1809661090373993,13317.25
868,1775623673.5390248,optimizer,0.002481633797287941,13317.25
869,1775623673.6261384,forward,0.08398802764713764,13317.25
869,1775623673.8072503,backward,0.18095493502914906,13317.25
869,1775623673.8098974,optimizer,0.002484181895852089,13317.25
870,1775623673.8969312,forward,0.08393535017967224,13317.25
870,1775623674.078125,backward,0.18103456497192383,13317.25
870,1775623674.080787,optimizer,0.0024947840720415115,13317.25
871,1775623674.1678069,forward,0.08395301923155785,13317.25
871,1775623674.3489594,backward,0.18099498748779297,13317.25
871,1775623674.351629,optimizer,0.002256089821457863,13317.25
872,1775623674.438727,forward,0.08397803828120232,13317.25
872,1775623674.6198199,backward,0.18093707412481308,13317.25
872,1775623674.6224623,optimizer,0.0024777930229902267,13317.25
873,1775623674.7098527,forward,0.08391661942005157,13317.25
873,1775623674.890964,backward,0.18096287362277508,13317.25
873,1775623674.8936052,optimizer,0.002476036548614502,13317.25
874,1775623674.9806838,forward,0.08395560644567013,13317.25
874,1775623675.1618183,backward,0.18097518384456635,13317.25
874,1775623675.1644583,optimizer,0.002469722181558609,13317.25
875,1775623675.2517664,forward,0.08388955891132355,13317.25
875,1775623675.432818,backward,0.1808922439813614,13317.25
875,1775623675.4354713,optimizer,0.0024794116616249084,13317.25
876,1775623675.52278,forward,0.08406421169638634,13317.25
876,1775623675.7037892,backward,0.18085282482206821,13317.25
876,1775623675.7064612,optimizer,0.00250188447535038,13317.25
877,1775623675.793756,forward,0.08390803076326847,13317.25
877,1775623675.9748037,backward,0.18089336529374123,13317.25
877,1775623675.977441,optimizer,0.0024703219532966614,13317.25
878,1775623676.064553,forward,0.08398571610450745,13317.25
878,1775623676.2456505,backward,0.18094203621149063,13317.25
878,1775623676.2482872,optimizer,0.0024646036326885223,13317.25
879,1775623676.335369,forward,0.08394558727741241,13317.25
879,1775623676.5164642,backward,0.1809366662055254,13317.25
879,1775623676.5191293,optimizer,0.0024975109845399857,13317.25
880,1775623676.6061652,forward,0.08393689803779125,13317.25
880,1775623676.78729,backward,0.1809712965041399,13317.25
880,1775623676.7899387,optimizer,0.002479312941431999,13317.25
881,1775623676.8770444,forward,0.08399142697453499,13317.25
881,1775623677.058212,backward,0.18101190589368343,13317.25
881,1775623677.0608754,optimizer,0.0024924837052822113,13317.25
882,1775623677.1479006,forward,0.0839403010904789,13317.25
882,1775623677.329047,backward,0.18097172491252422,13317.25
882,1775623677.3317084,optimizer,0.0024929139763116837,13317.25
883,1775623677.418822,forward,0.08399312011897564,13317.25
883,1775623677.6000528,backward,0.18106915801763535,13317.25
883,1775623677.6026962,optimizer,0.0022409316152334213,13317.25
884,1775623677.6901913,forward,0.08387795835733414,13317.25
884,1775623677.871317,backward,0.18097096867859364,13317.25
884,1775623677.8739517,optimizer,0.002468254417181015,13317.25
885,1775623677.9610503,forward,0.08402271196246147,13317.25
885,1775623678.1421807,backward,0.18097166903316975,13317.25
885,1775623678.1450777,optimizer,0.002701427787542343,13317.25
886,1775623678.2326732,forward,0.08403475023806095,13317.25
886,1775623678.4139094,backward,0.18107807636260986,13317.25
886,1775623678.416571,optimizer,0.0024926606565713882,13317.25
887,1775623678.5036895,forward,0.08399675786495209,13317.25
887,1775623678.6847718,backward,0.18092796579003334,13317.25
887,1775623678.687439,optimizer,0.0025005824863910675,13317.25
888,1775623678.7745101,forward,0.08395401947200298,13317.25
888,1775623678.9556496,backward,0.18098582327365875,13317.25
888,1775623678.9583006,optimizer,0.0024748239666223526,13317.25
889,1775623679.045512,forward,0.08393734879791737,13317.25
889,1775623679.2265916,backward,0.18090922571718693,13317.25
889,1775623679.2292335,optimizer,0.002471962943673134,13317.25
890,1775623679.3163302,forward,0.08395760878920555,13317.25
890,1775623679.4974887,backward,0.18099678680300713,13317.25
890,1775623679.500149,optimizer,0.0024744030088186264,13317.25
891,1775623679.5871985,forward,0.08390936069190502,13317.25
891,1775623679.768303,backward,0.1809484362602234,13317.25
891,1775623679.7709765,optimizer,0.002502813935279846,13317.25
892,1775623679.8581173,forward,0.08401641063392162,13317.25
892,1775623680.0393286,backward,0.18104860745370388,13317.25
892,1775623680.0419698,optimizer,0.0024728327989578247,13317.25
893,1775623680.1294022,forward,0.08391324803233147,13317.25
893,1775623680.3104987,backward,0.18093296699225903,13317.25
893,1775623680.313138,optimizer,0.002472933381795883,13317.25
894,1775623680.400308,forward,0.08405449986457825,13317.25
894,1775623680.5814736,backward,0.18100885674357414,13317.25
894,1775623680.5841193,optimizer,0.0024744439870119095,13317.25
895,1775623680.67151,forward,0.08389581553637981,13317.25
895,1775623680.8524897,backward,0.18082582391798496,13317.25
895,1775623680.855168,optimizer,0.002507021650671959,13317.25
896,1775623680.9422202,forward,0.0839420985430479,13317.25
896,1775623681.1234536,backward,0.18106895498931408,13317.25
896,1775623681.1261263,optimizer,0.0025003310292959213,13317.25
897,1775623681.213563,forward,0.08391310833394527,13317.25
897,1775623681.3946269,backward,0.18090486340224743,13317.25
897,1775623681.3972852,optimizer,0.002490084618330002,13317.25
898,1775623681.4843507,forward,0.0839406494051218,13317.25
898,1775623681.6654863,backward,0.18098468519747257,13317.25
898,1775623681.6681597,optimizer,0.0024988222867250443,13317.25
899,1775623681.7551885,forward,0.08396526053547859,13317.25
899,1775623681.9363153,backward,0.18097001686692238,13317.25
899,1775623681.9389822,optimizer,0.00249435193836689,13317.25
900,1775623682.0260127,forward,0.08389778807759285,13317.25
900,1775623682.2071366,backward,0.18096688389778137,13317.25
900,1775623682.209783,optimizer,0.0024777017533779144,13317.25
901,1775623682.296913,forward,0.08403238095343113,13317.25
901,1775623682.478041,backward,0.1809716746211052,13317.25
901,1775623682.4806798,optimizer,0.0024764128029346466,13317.25
902,1775623682.5679965,forward,0.08387580886483192,13317.25
902,1775623682.7490993,backward,0.18094860576093197,13317.25
902,1775623682.7517772,optimizer,0.0025090929120779037,13317.25
903,1775623682.8388698,forward,0.08397927694022655,13317.25
903,1775623683.020119,backward,0.18108877912163734,13317.25
903,1775623683.0227692,optimizer,0.0024809706956148148,13317.25
904,1775623683.110201,forward,0.08394631743431091,13317.25
904,1775623683.291249,backward,0.18089470453560352,13317.25
904,1775623683.2939117,optimizer,0.0024985037744045258,13317.25
905,1775623683.3809865,forward,0.08395595662295818,13317.25
905,1775623683.5621045,backward,0.1809603050351143,13317.25
905,1775623683.5647628,optimizer,0.0024754442274570465,13317.25
906,1775623683.6521099,forward,0.08393013849854469,13317.25
906,1775623683.833223,backward,0.1809608768671751,13317.25
906,1775623683.8358893,optimizer,0.002498231828212738,13317.25
907,1775623683.923013,forward,0.0840294323861599,13317.25
907,1775623684.1041,backward,0.18092859536409378,13317.25
907,1775623684.1067586,optimizer,0.002490350976586342,13317.25
908,1775623684.1937785,forward,0.0839098859578371,13317.25
908,1775623684.3748267,backward,0.18089193291962147,13317.25
908,1775623684.3774998,optimizer,0.002504352480173111,13317.25
909,1775623684.464537,forward,0.08392215520143509,13317.25
909,1775623684.6456628,backward,0.18096759729087353,13317.25
909,1775623684.6483185,optimizer,0.0024895239621400833,13317.25
910,1775623684.7353864,forward,0.08396477065980434,13317.25
910,1775623684.9164476,backward,0.18090534396469593,13317.25
910,1775623684.9191263,optimizer,0.002260880544781685,13317.25
911,1775623685.006441,forward,0.08391216024756432,13317.25
911,1775623685.1875122,backward,0.1809174958616495,13317.25
911,1775623685.1901603,optimizer,0.002481972798705101,13317.25
912,1775623685.277316,forward,0.08403978869318962,13317.25
912,1775623685.458496,backward,0.18102531880140305,13317.25
912,1775623685.461149,optimizer,0.0024801529943943024,13317.25
913,1775623685.5516238,forward,0.0839107595384121,13317.25
913,1775623685.732702,backward,0.18091723695397377,13317.25
913,1775623685.7353835,optimizer,0.0025122035294771194,13317.25
914,1775623685.8224533,forward,0.08395875804126263,13317.25
914,1775623686.0035346,backward,0.18092252500355244,13317.25
914,1775623686.0061936,optimizer,0.002491302788257599,13317.25
915,1775623686.0932045,forward,0.08391647785902023,13317.25
915,1775623686.2742543,backward,0.18089524656534195,13317.25
915,1775623686.2769234,optimizer,0.002495875582098961,13317.25
916,1775623686.3638866,forward,0.0838800948113203,13317.25
916,1775623686.5449092,backward,0.18086366169154644,13317.25
916,1775623686.5475686,optimizer,0.0024881232529878616,13317.25
917,1775623686.6346521,forward,0.08398028090596199,13317.25
917,1775623686.8157208,backward,0.1809158157557249,13317.25
917,1775623686.818373,optimizer,0.0024851150810718536,13317.25
918,1775623686.9056683,forward,0.08385736495256424,13317.25
918,1775623687.086778,backward,0.18095211684703827,13317.25
918,1775623687.08942,optimizer,0.002475254237651825,13317.25
919,1775623687.1772928,forward,0.08406037278473377,13317.25
919,1775623687.3583715,backward,0.18089880235493183,13317.25
919,1775623687.3611047,optimizer,0.0025676432996988297,13317.25
920,1775623687.4484131,forward,0.08389203809201717,13317.25
920,1775623687.629513,backward,0.18093973584473133,13317.25
920,1775623687.6321638,optimizer,0.0024850554764270782,13317.25
921,1775623687.7193072,forward,0.08399177901446819,13317.25
921,1775623687.900455,backward,0.18098926544189453,13317.25
921,1775623687.9031193,optimizer,0.002496303990483284,13317.25
922,1775623687.9905262,forward,0.08386904746294022,13317.25
922,1775623688.1715965,backward,0.18091560527682304,13317.25
922,1775623688.174258,optimizer,0.002496272325515747,13317.25
923,1775623688.2614784,forward,0.08403952047228813,13317.25
923,1775623688.442605,backward,0.18096977658569813,13317.25
923,1775623688.4452813,optimizer,0.0025059934705495834,13317.25
924,1775623688.5323565,forward,0.08393622748553753,13317.25
924,1775623688.7135634,backward,0.1810521688312292,13317.25
924,1775623688.716204,optimizer,0.0024738814681768417,13317.25
925,1775623688.80322,forward,0.0838931966573,13317.25
925,1775623688.9842286,backward,0.18085727281868458,13317.25
925,1775623688.986884,optimizer,0.0024913959205150604,13317.25
926,1775623689.0739243,forward,0.0839237067848444,13317.25
926,1775623689.2549694,backward,0.1808888427913189,13317.25
926,1775623689.2576125,optimizer,0.0024742819368839264,13317.25
927,1775623689.3448865,forward,0.0839321706444025,13317.25
927,1775623689.5259826,backward,0.180938096717,13317.25
927,1775623689.528628,optimizer,0.0024786721915006638,13317.25
928,1775623689.6157455,forward,0.08397654816508293,13317.25
928,1775623689.7968895,backward,0.18099694699048996,13317.25
928,1775623689.799608,optimizer,0.002551436424255371,13317.25
929,1775623689.8868947,forward,0.08387209847569466,13317.25
929,1775623690.0679724,backward,0.1808990128338337,13317.25
929,1775623690.0706375,optimizer,0.0024968720972537994,13317.25
930,1775623690.1577096,forward,0.08399930968880653,13317.25
930,1775623690.338785,backward,0.18091710656881332,13317.25
930,1775623690.3414319,optimizer,0.00247996486723423,13317.25
931,1775623690.4287221,forward,0.08387034945189953,13317.25
931,1775623690.6097603,backward,0.18088151142001152,13317.25
931,1775623690.6124198,optimizer,0.0024922043085098267,13317.25
932,1775623690.6996155,forward,0.08398558758199215,13317.25
932,1775623690.88075,backward,0.18098136596381664,13317.25
932,1775623690.8834074,optimizer,0.00248832069337368,13317.25
933,1775623690.9705174,forward,0.08399118855595589,13317.25
933,1775623691.1516461,backward,0.18097180500626564,13317.25
933,1775623691.154311,optimizer,0.002496642991900444,13317.25
934,1775623691.2413335,forward,0.08387929759919643,13317.25
934,1775623691.4223738,backward,0.1808821428567171,13317.25
934,1775623691.4250302,optimizer,0.002484044060111046,13317.25
935,1775623691.5120986,forward,0.08395584113895893,13317.25
935,1775623691.693221,backward,0.1809645164757967,13317.25
935,1775623691.6958835,optimizer,0.0024955961853265762,13317.25
936,1775623691.782842,forward,0.08384541794657707,13317.25
936,1775623691.9640186,backward,0.18101958744227886,13317.25
936,1775623691.9667087,optimizer,0.0025184638798236847,13317.25
937,1775623692.0537705,forward,0.0839625671505928,13317.25
937,1775623692.235018,backward,0.18108675815165043,13317.25
937,1775623692.2377152,optimizer,0.002527795732021332,13317.25
938,1775623692.3251188,forward,0.08393003977835178,13317.25
938,1775623692.5062048,backward,0.1809251829981804,13317.25
938,1775623692.5089161,optimizer,0.0025433246046304703,13317.25
939,1775623692.5960395,forward,0.083999278023839,13317.25
939,1775623692.777261,backward,0.1810662355273962,13317.25
939,1775623692.7800086,optimizer,0.002578865736722946,13317.25
940,1775623692.8673406,forward,0.08391960710287094,13317.25
940,1775623693.0484133,backward,0.18091417290270329,13317.25
940,1775623693.0511146,optimizer,0.0025338642299175262,13317.25
941,1775623693.138176,forward,0.083954568952322,13317.25
941,1775623693.319328,backward,0.18099622428417206,13317.25
941,1775623693.3219671,optimizer,0.0024716202169656754,13317.25
942,1775623693.4093084,forward,0.08393020927906036,13317.25
942,1775623693.5903313,backward,0.1808642316609621,13317.25
942,1775623693.5929596,optimizer,0.002461763098835945,13317.25
943,1775623693.6800425,forward,0.08396955020725727,13317.25
943,1775623693.8611174,backward,0.18092083558440208,13317.25
943,1775623693.8637598,optimizer,0.00247347354888916,13317.25
944,1775623693.950791,forward,0.08394402824342251,13317.25
944,1775623694.132006,backward,0.181055948138237,13317.25
944,1775623694.1347153,optimizer,0.0025413837283849716,13317.25
945,1775623694.2216744,forward,0.08387266844511032,13317.25
945,1775623694.4027855,backward,0.1809534654021263,13317.25
945,1775623694.405485,optimizer,0.0025318562984466553,13317.25
946,1775623694.4925718,forward,0.083966800943017,13317.25
946,1775623694.6736343,backward,0.1809045746922493,13317.25
946,1775623694.6763306,optimizer,0.0025292951613664627,13317.25
947,1775623694.763708,forward,0.08393082767724991,13317.25
947,1775623694.944818,backward,0.18095134384930134,13317.25
947,1775623694.9475358,optimizer,0.0025483258068561554,13317.25
948,1775623695.0347114,forward,0.08405479975044727,13317.25
948,1775623695.215926,backward,0.18105477839708328,13317.25
948,1775623695.2186291,optimizer,0.00252426415681839,13317.25
949,1775623695.3059247,forward,0.08389052748680115,13317.25
949,1775623695.4870033,backward,0.1809227131307125,13317.25
949,1775623695.4897125,optimizer,0.0025381166487932205,13317.25
950,1775623695.5769124,forward,0.08407286740839481,13317.25
950,1775623695.7580497,backward,0.18097765557467937,13317.25
950,1775623695.7607481,optimizer,0.0025286320596933365,13317.25
951,1775623695.8480422,forward,0.08390555903315544,13317.25
951,1775623696.0292473,backward,0.18104496411979198,13317.25
951,1775623696.031906,optimizer,0.002494923770427704,13317.25
952,1775623696.119113,forward,0.08401587978005409,13317.25
952,1775623696.3004055,backward,0.18106821551918983,13317.25
952,1775623696.3031228,optimizer,0.0025498848408460617,13317.25
953,1775623696.3902593,forward,0.08398447930812836,13317.25
953,1775623696.5713415,backward,0.18092223443090916,13317.25
953,1775623696.5739894,optimizer,0.0024802647531032562,13317.25
954,1775623696.661084,forward,0.08398067951202393,13317.25
954,1775623696.8422058,backward,0.18096977472305298,13317.25
954,1775623696.844846,optimizer,0.0024766530841588974,13317.25
955,1775623696.9319582,forward,0.08399144001305103,13317.25
955,1775623697.113066,backward,0.18095298297703266,13317.25
955,1775623697.1157458,optimizer,0.0025046225637197495,13317.25
956,1775623697.2031605,forward,0.08394313044846058,13317.25
956,1775623697.3842986,backward,0.18098150566220284,13317.25
956,1775623697.3869529,optimizer,0.002483084797859192,13317.25
957,1775623697.4740543,forward,0.0839932095259428,13317.25
957,1775623697.655233,backward,0.1810176968574524,13317.25
957,1775623697.6579492,optimizer,0.0025490839034318924,13317.25
958,1775623697.748763,forward,0.08391514793038368,13317.25
958,1775623697.9299293,backward,0.1810078863054514,13317.25
958,1775623697.9325624,optimizer,0.002470174804329872,13317.25
959,1775623698.0195842,forward,0.0839238278567791,13317.25
959,1775623698.2006788,backward,0.18093822710216045,13317.25
959,1775623698.203321,optimizer,0.0024829842150211334,13317.25
960,1775623698.5965896,forward,0.08466478064656258,13317.25
960,1775623698.7783258,backward,0.18153500743210316,13317.25
960,1775623698.7815125,optimizer,0.0029903240501880646,13317.25
961,1775623698.869695,forward,0.08442754670977592,13317.25
961,1775623699.0512311,backward,0.18134691193699837,13317.25
961,1775623699.053902,optimizer,0.0025000236928462982,13317.25
962,1775623699.141001,forward,0.08399404771625996,13317.25
962,1775623699.3223739,backward,0.181209160014987,13317.25
962,1775623699.325056,optimizer,0.0025118160992860794,13317.25
963,1775623699.412187,forward,0.08399884030222893,13317.25
963,1775623699.5935996,backward,0.18125411868095398,13317.25
963,1775623699.5962634,optimizer,0.002494676038622856,13317.25
964,1775623699.6837702,forward,0.08388246595859528,13317.25
964,1775623699.8650277,backward,0.1811035294085741,13317.25
964,1775623699.8676987,optimizer,0.002501063048839569,13317.25
965,1775623699.9547994,forward,0.08402460813522339,13317.25
965,1775623700.1359735,backward,0.18101668544113636,13317.25
965,1775623700.1386538,optimizer,0.0022632386535406113,13317.25
966,1775623700.226099,forward,0.0838594064116478,13317.25
966,1775623700.407377,backward,0.18111656047403812,13317.25
966,1775623700.4100559,optimizer,0.002506885677576065,13317.25
967,1775623700.4971526,forward,0.08399301208555698,13317.25
967,1775623700.6782985,backward,0.18098670803010464,13317.25
967,1775623700.6809719,optimizer,0.0025015845894813538,13317.25
968,1775623700.7679834,forward,0.08386528678238392,13317.25
968,1775623700.949149,backward,0.1810060665011406,13317.25
968,1775623700.951839,optimizer,0.0025186631828546524,13317.25
969,1775623701.0389018,forward,0.08392650075256824,13317.25
969,1775623701.22012,backward,0.18106266483664513,13317.25
969,1775623701.2227964,optimizer,0.0025033243000507355,13317.25
970,1775623701.3098934,forward,0.08395041711628437,13317.25
970,1775623701.4910927,backward,0.18103887885808945,13317.25
970,1775623701.493779,optimizer,0.0025146733969449997,13317.25
971,1775623701.5809844,forward,0.08389975503087044,13317.25
971,1775623701.7622073,backward,0.18106351979076862,13317.25
971,1775623701.7648714,optimizer,0.002497514709830284,13317.25
972,1775623701.8519707,forward,0.08398705907166004,13317.25
972,1775623702.0332553,backward,0.18112344853579998,13317.25
972,1775623702.035923,optimizer,0.0025001242756843567,13317.25
973,1775623702.1233244,forward,0.08384948596358299,13317.25
973,1775623702.304566,backward,0.18108147755265236,13317.25
973,1775623702.307273,optimizer,0.0022654198110103607,13317.25
974,1775623702.3944142,forward,0.08401085995137691,13317.25
974,1775623702.5756578,backward,0.18108567595481873,13317.25
974,1775623702.5783255,optimizer,0.0024985335767269135,13317.25
975,1775623702.6656451,forward,0.08387989923357964,13317.25
975,1775623702.8469372,backward,0.18113291077315807,13317.25
975,1775623702.8495955,optimizer,0.002491401508450508,13317.25
976,1775623702.936741,forward,0.08397177048027515,13317.25
976,1775623703.1180494,backward,0.18114662915468216,13317.25
976,1775623703.1207128,optimizer,0.0024934150278568268,13317.25
977,1775623703.2077763,forward,0.08392555639147758,13317.25
977,1775623703.389106,backward,0.18117335252463818,13317.25
977,1775623703.3917956,optimizer,0.0025196243077516556,13317.25
978,1775623703.4788308,forward,0.08389903604984283,13317.25
978,1775623703.660102,backward,0.18111186102032661,13317.25
978,1775623703.6627843,optimizer,0.002509424462914467,13317.25
979,1775623703.7497988,forward,0.08394165895879269,13317.25
979,1775623703.9312232,backward,0.18126831948757172,13317.25
979,1775623703.9339123,optimizer,0.0025120843201875687,13317.25
980,1775623704.0212634,forward,0.08389357663691044,13317.25
980,1775623704.2024724,backward,0.18104814924299717,13317.25
980,1775623704.2051592,optimizer,0.0025147944688796997,13317.25
981,1775623704.2922518,forward,0.08395336009562016,13317.25
981,1775623704.4734662,backward,0.18105639703571796,13317.25
981,1775623704.476202,optimizer,0.002558443695306778,13317.25
982,1775623704.5635853,forward,0.08389831893146038,13317.25
982,1775623704.7447114,backward,0.1809680461883545,13317.25
982,1775623704.7474654,optimizer,0.002582097426056862,13317.25
983,1775623704.834586,forward,0.08399888873100281,13317.25
983,1775623705.0159395,backward,0.18119807913899422,13317.25
983,1775623705.0186644,optimizer,0.0025520864874124527,13317.25
984,1775623705.1059666,forward,0.08384422399103642,13317.25
984,1775623705.2871807,backward,0.18105584755539894,13317.25
984,1775623705.289848,optimizer,0.002494165673851967,13317.25
985,1775623705.3769388,forward,0.08396779000759125,13317.25
985,1775623705.5583107,backward,0.18121406063437462,13317.25
985,1775623705.561766,optimizer,0.003213096410036087,13317.25
986,1775623705.6491175,forward,0.08405289053916931,13317.25
986,1775623705.830461,backward,0.181185619905591,13317.25
986,1775623705.833127,optimizer,0.002498982474207878,13317.25
987,1775623705.9204786,forward,0.08391358703374863,13317.25
987,1775623706.1017745,backward,0.1811354197561741,13317.25
987,1775623706.1044548,optimizer,0.0025105737149715424,13317.25
988,1775623706.191579,forward,0.08396835997700691,13317.25
988,1775623706.3729534,backward,0.18121368810534477,13317.25
988,1775623706.3756306,optimizer,0.0025056935846805573,13317.25
989,1775623706.4631975,forward,0.08390221744775772,13317.25
989,1775623706.6443837,backward,0.18102882616221905,13317.25
989,1775623706.6470628,optimizer,0.0025101546198129654,13317.25
990,1775623706.734148,forward,0.08395557664334774,13317.25
990,1775623706.9155028,backward,0.18119951896369457,13317.25
990,1775623706.9181929,optimizer,0.0025178957730531693,13317.25
991,1775623707.0054817,forward,0.08385328762233257,13317.25
991,1775623707.1866963,backward,0.18104545585811138,13317.25
991,1775623707.189364,optimizer,0.0024978872388601303,13317.25
992,1775623707.2764428,forward,0.08391466923058033,13317.25
992,1775623707.457717,backward,0.1810652557760477,13317.25
992,1775623707.4603908,optimizer,0.0025050807744264603,13317.25
993,1775623707.5473647,forward,0.08389663510024548,13317.25
993,1775623707.7285721,backward,0.18104992620646954,13317.25
993,1775623707.7312555,optimizer,0.002508314326405525,13317.25
994,1775623707.8183112,forward,0.08390475809574127,13317.25
994,1775623707.9995723,backward,0.18110006675124168,13317.25
994,1775623708.0022447,optimizer,0.0024993736296892166,13317.25
995,1775623708.0893064,forward,0.08394880965352058,13317.25
995,1775623708.2706716,backward,0.1812046803534031,13317.25
995,1775623708.2733467,optimizer,0.002505732700228691,13317.25
996,1775623708.3606858,forward,0.08382191695272923,13317.25
996,1775623708.5420063,backward,0.18116317130625248,13317.25
996,1775623708.544681,optimizer,0.0025026053190231323,13317.25
997,1775623708.6317863,forward,0.08396819792687893,13317.25
997,1775623708.8131225,backward,0.18117597699165344,13317.25
997,1775623708.8158112,optimizer,0.002518223598599434,13317.25
998,1775623708.9031606,forward,0.0839162077754736,13317.25
998,1775623709.0844538,backward,0.1811351403594017,13317.25
998,1775623709.0871413,optimizer,0.002516563981771469,13317.25
999,1775623709.1742184,forward,0.08394755981862545,13317.25
999,1775623709.3554924,backward,0.18111070804297924,13317.25
999,1775623709.3581674,optimizer,0.0025056228041648865,13317.25
1000,1775623709.445233,forward,0.08393666706979275,13317.25
1000,1775623709.6266432,backward,0.18125141970813274,13317.25
1000,1775623709.6293218,optimizer,0.00251031294465065,13317.25
1001,1775623709.716413,forward,0.08393448777496815,13317.25
1001,1775623709.897648,backward,0.18107560649514198,13317.25
1001,1775623709.9003842,optimizer,0.002566225826740265,13317.25
1002,1775623709.9875028,forward,0.0840042307972908,13317.25
1002,1775623710.1687155,backward,0.1810548771172762,13317.25
1002,1775623710.171391,optimizer,0.002503151074051857,13317.25
1003,1775623710.2587597,forward,0.08391116745769978,13317.25
1003,1775623710.4400988,backward,0.18118146993219852,13317.25
1003,1775623710.4427567,optimizer,0.002487665042281151,13317.25
1004,1775623710.5299168,forward,0.08402960002422333,13317.25
1004,1775623710.7113082,backward,0.18123227171599865,13317.25
1004,1775623710.7139692,optimizer,0.002242838963866234,13317.25
1005,1775623710.8014429,forward,0.08392647840082645,13317.25
1005,1775623710.9826875,backward,0.1810758374631405,13317.25
1005,1775623710.9853354,optimizer,0.0024819746613502502,13317.25
1006,1775623711.072422,forward,0.08391743712127209,13317.25
1006,1775623711.2537172,backward,0.18113728053867817,13317.25
1006,1775623711.2564418,optimizer,0.0025531239807605743,13317.25
1007,1775623711.3436718,forward,0.08392160758376122,13317.25
1007,1775623711.524852,backward,0.18102298490703106,13317.25
1007,1775623711.5275285,optimizer,0.0025075171142816544,13317.25
1008,1775623711.6146393,forward,0.08398257941007614,13317.25
1008,1775623711.7959032,backward,0.18110692873597145,13317.25
1008,1775623711.798562,optimizer,0.002489931881427765,13317.25
1009,1775623711.8856757,forward,0.08398078009486198,13317.25
1009,1775623712.0669923,backward,0.18115953914821148,13317.25
1009,1775623712.0696607,optimizer,0.0025017336010932922,13317.25
1010,1775623712.156629,forward,0.08389800786972046,13317.25
1010,1775623712.337868,backward,0.1810778547078371,13317.25
1010,1775623712.340535,optimizer,0.002494584769010544,13317.25
1011,1775623712.4276466,forward,0.08396298997104168,13317.25
1011,1775623712.6089613,backward,0.1811542809009552,13317.25
1011,1775623712.6116185,optimizer,0.002488601952791214,13317.25
1012,1775623712.6990347,forward,0.08390546031296253,13317.25
1012,1775623712.8803043,backward,0.18111232854425907,13317.25
1012,1775623712.88298,optimizer,0.002504844218492508,13317.25
1013,1775623712.9701252,forward,0.08400760032236576,13317.25
1013,1775623713.151424,backward,0.1811380311846733,13317.25
1013,1775623713.1540928,optimizer,0.0024982523173093796,13317.25
1014,1775623713.2414005,forward,0.0839169379323721,13317.25
1014,1775623713.4226537,backward,0.18108532577753067,13317.25
1014,1775623713.4253,optimizer,0.002475183457136154,13317.25
1015,1775623713.5124168,forward,0.08397101797163486,13317.25
1015,1775623713.693667,backward,0.1810920499265194,13317.25
1015,1775623713.6963208,optimizer,0.0024838540703058243,13317.25
1016,1775623713.783986,forward,0.08397665992379189,13317.25
1016,1775623713.9652264,backward,0.18108284659683704,13317.25
1016,1775623713.9679124,optimizer,0.0022586211562156677,13317.25
1017,1775623714.0549803,forward,0.0839436985552311,13317.25
1017,1775623714.2361825,backward,0.18104223534464836,13317.25
1017,1775623714.2388575,optimizer,0.002237476408481598,13317.25
1018,1775623714.3259628,forward,0.08396463096141815,13317.25
1018,1775623714.5071816,backward,0.1810600385069847,13317.25
1018,1775623714.5098522,optimizer,0.002497844398021698,13317.25
1019,1775623714.5970647,forward,0.08382999710738659,13317.25
1019,1775623714.77842,backward,0.181195467710495,13317.25
1019,1775623714.7813642,optimizer,0.002759218215942383,13317.25
1020,1775623714.8686006,forward,0.0840586181730032,13317.25
1020,1775623715.0501401,backward,0.18138326331973076,13317.25
1020,1775623715.0527916,optimizer,0.0024818312376737595,13317.25
1021,1775623715.1425042,forward,0.08387226797640324,13317.25
1021,1775623715.3237846,backward,0.18112131021916866,13317.25
1021,1775623715.3264322,optimizer,0.0024722255766391754,13317.25
1022,1775623715.4135656,forward,0.08399318158626556,13317.25
1022,1775623715.594754,backward,0.18103121779859066,13317.25
1022,1775623715.597501,optimizer,0.0025747623294591904,13317.25
1023,1775623715.6845171,forward,0.08389896154403687,13317.25
1023,1775623715.8656986,backward,0.1810211893171072,13317.25
1023,1775623715.86842,optimizer,0.0025504734367132187,13317.25
1024,1775623715.9554162,forward,0.08391320705413818,13317.25
1024,1775623716.1366384,backward,0.18106534518301487,13317.25
1024,1775623716.1393886,optimizer,0.002579137682914734,13317.25
1025,1775623716.2264602,forward,0.08395599946379662,13317.25
1025,1775623716.4078083,backward,0.18118920736014843,13317.25
1025,1775623716.4105449,optimizer,0.002568894997239113,13317.25
1026,1775623716.4979632,forward,0.08384394645690918,13317.25
1026,1775623716.6792753,backward,0.18114987015724182,13317.25
1026,1775623716.6819973,optimizer,0.0025496650487184525,13317.25
1027,1775623716.7690985,forward,0.08399705030024052,13317.25
1027,1775623716.9504364,backward,0.18117989785969257,13317.25
1027,1775623716.9531555,optimizer,0.0025488846004009247,13317.25
1028,1775623717.0404503,forward,0.08389654755592346,13317.25
1028,1775623717.2216756,backward,0.1810675486922264,13317.25
1028,1775623717.224355,optimizer,0.002508902922272682,13317.25
1029,1775623717.3114207,forward,0.08394724875688553,13317.25
1029,1775623717.4926643,backward,0.18108662776648998,13317.25
1029,1775623717.495327,optimizer,0.0024902839213609695,13317.25
1030,1775623717.5827296,forward,0.08389492519199848,13317.25
1030,1775623717.7638617,backward,0.18097293563187122,13317.25
1030,1775623717.7665215,optimizer,0.0024900734424591064,13317.25
1031,1775623717.8536093,forward,0.08394103683531284,13317.25
1031,1775623718.0348647,backward,0.181096775457263,13317.25
1031,1775623718.0375378,optimizer,0.0025026146322488785,13317.25
1032,1775623718.124669,forward,0.08399419859051704,13317.25
1032,1775623718.3059697,backward,0.18114439956843853,13317.25
1032,1775623718.3086963,optimizer,0.0025560110807418823,13317.25
1033,1775623718.3959346,forward,0.08388075605034828,13317.25
1033,1775623718.577259,backward,0.1811688095331192,13317.25
1033,1775623718.5799954,optimizer,0.0025678277015686035,13317.25
1034,1775623718.6671002,forward,0.08396696671843529,13317.25
1034,1775623718.848432,backward,0.1811722069978714,13317.25
1034,1775623718.8511646,optimizer,0.002558615058660507,13317.25
1035,1775623718.94166,forward,0.0839018952101469,13317.25
1035,1775623719.1228728,backward,0.1810508370399475,13317.25
1035,1775623719.1255841,optimizer,0.0025390051305294037,13317.25
1036,1775623719.2126296,forward,0.08393382839858532,13317.25
1036,1775623719.393954,backward,0.1811670195311308,13317.25
1036,1775623719.3966758,optimizer,0.002549450844526291,13317.25
1037,1775623719.4837768,forward,0.08397946879267693,13317.25
1037,1775623719.6650176,backward,0.18108423613011837,13317.25
1037,1775623719.6677635,optimizer,0.0025749560445547104,13317.25
1038,1775623719.7547991,forward,0.08391995914280415,13317.25
1038,1775623719.936136,backward,0.18117769062519073,13317.25
1038,1775623719.9388642,optimizer,0.0025573354214429855,13317.25
1039,1775623720.025978,forward,0.08398470096290112,13317.25
1039,1775623720.207337,backward,0.18119770847260952,13317.25
1039,1775623720.2100625,optimizer,0.0025510843843221664,13317.25
1040,1775623720.2973738,forward,0.0838704090565443,13317.25
1040,1775623720.4786441,backward,0.18109884671866894,13317.25
1040,1775623720.4813793,optimizer,0.002562467008829117,13317.25
1041,1775623720.568485,forward,0.0839929599314928,13317.25
1041,1775623720.7498136,backward,0.18117176741361618,13317.25
1041,1775623720.7525587,optimizer,0.002574106678366661,13317.25
1042,1775623720.839827,forward,0.08388232812285423,13317.25
1042,1775623721.0211024,backward,0.18111283518373966,13317.25
1042,1775623721.0238345,optimizer,0.002563323825597763,13317.25
1043,1775623721.1109004,forward,0.08395097032189369,13317.25
1043,1775623721.2921352,backward,0.181076155975461,13317.25
1043,1775623721.2948062,optimizer,0.002497974783182144,13317.25
1044,1775623721.3818896,forward,0.08396914787590504,13317.25
1044,1775623721.5632033,backward,0.18115037865936756,13317.25
1044,1775623721.5658753,optimizer,0.0024892836809158325,13317.25
1045,1775623721.6529677,forward,0.08396106027066708,13317.25
1045,1775623721.834269,backward,0.18114152736961842,13317.25
1045,1775623721.8369308,optimizer,0.0024911127984523773,13317.25
1046,1775623721.9240584,forward,0.08398679085075855,13317.25
1046,1775623722.1053166,backward,0.1810978576540947,13317.25
1046,1775623722.1079981,optimizer,0.00251174159348011,13317.25
1047,1775623722.195434,forward,0.08394253067672253,13317.25
1047,1775623722.3767943,backward,0.1812028493732214,13317.25
1047,1775623722.3794706,optimizer,0.0025041718035936356,13317.25
1048,1775623722.4665852,forward,0.0839568879455328,13317.25
1048,1775623722.6478171,backward,0.18107331730425358,13317.25
1048,1775623722.650499,optimizer,0.002268310636281967,13317.25
1049,1775623722.740119,forward,0.08390083909034729,13317.25
1049,1775623722.9213176,backward,0.18103912472724915,13317.25
1049,1775623722.9239717,optimizer,0.0024858135730028152,13317.25
1050,1775623723.0111313,forward,0.08399962820112705,13317.25
1050,1775623723.192437,backward,0.18114507757127285,13317.25
1050,1775623723.195115,optimizer,0.002508683130145073,13317.25
1051,1775623723.282236,forward,0.08398310840129852,13317.25
1051,1775623723.46355,backward,0.18115336820483208,13317.25
1051,1775623723.4662306,optimizer,0.002509482204914093,13317.25
1052,1775623723.5532477,forward,0.0839225072413683,13317.25
1052,1775623723.7345226,backward,0.181115647777915,13317.25
1052,1775623723.7372048,optimizer,0.0025115646421909332,13317.25
1053,1775623723.8243048,forward,0.08397892862558365,13317.25
1053,1775623724.0056002,backward,0.1811338309198618,13317.25
1053,1775623724.0085363,optimizer,0.0027292780578136444,13317.25
1054,1775623724.0960798,forward,0.08398312889039516,13317.25
1054,1775623724.2775075,backward,0.18126762844622135,13317.25
1054,1775623724.280188,optimizer,0.0024999920278787613,13317.25
1055,1775623724.367269,forward,0.08391790837049484,13317.25
1055,1775623724.5484853,backward,0.18105671741068363,13317.25
1055,1775623724.551161,optimizer,0.002506764605641365,13317.25
1056,1775623724.6384692,forward,0.08389377780258656,13317.25
1056,1775623724.819769,backward,0.18114123679697514,13317.25
1056,1775623724.822423,optimizer,0.002484463155269623,13317.25
1057,1775623724.9095585,forward,0.08398949913680553,13317.25
1057,1775623725.0908675,backward,0.1811477281153202,13317.25
1057,1775623725.0935388,optimizer,0.0024982746690511703,13317.25
1058,1775623725.1806078,forward,0.0839463397860527,13317.25
1058,1775623725.361995,backward,0.18123064003884792,13317.25
1058,1775623725.3646858,optimizer,0.002521323040127754,13317.25
1059,1775623725.451743,forward,0.08392960764467716,13317.25
1059,1775623725.6329577,backward,0.18105794861912727,13317.25
1059,1775623725.635639,optimizer,0.0025130044668912888,13317.25
1060,1775623725.7227366,forward,0.08397494815289974,13317.25
1060,1775623725.904071,backward,0.18117601238191128,13317.25
1060,1775623725.9067512,optimizer,0.002261180430650711,13317.25
1061,1775623725.9941864,forward,0.08392543531954288,13317.25
1061,1775623726.1755085,backward,0.18116272054612637,13317.25
1061,1775623726.1781845,optimizer,0.0025046244263648987,13317.25
1062,1775623726.2653103,forward,0.08399266935884953,13317.25
1062,1775623726.446566,backward,0.1810949556529522,13317.25
1062,1775623726.4492419,optimizer,0.002506433054804802,13317.25
1063,1775623726.538916,forward,0.08391858823597431,13317.25
1063,1775623726.7201977,backward,0.18112721852958202,13317.25
1063,1775623726.7228742,optimizer,0.002496214583516121,13317.25
1064,1775623726.8099914,forward,0.08399798162281513,13317.25
1064,1775623726.9912622,backward,0.1811129879206419,13317.25
1064,1775623726.9939792,optimizer,0.0025445446372032166,13317.25
1065,1775623727.0810592,forward,0.08395911939442158,13317.25
1065,1775623727.2623606,backward,0.18114331737160683,13317.25
1065,1775623727.265092,optimizer,0.002560792490839958,13317.25
1066,1775623727.352072,forward,0.08389348909258842,13317.25
1066,1775623727.533387,backward,0.18115761876106262,13317.25
1066,1775623727.5361247,optimizer,0.0025611352175474167,13317.25
1067,1775623727.6232245,forward,0.08397705666720867,13317.25
1067,1775623727.804546,backward,0.18116610869765282,13317.25
1067,1775623727.8072834,optimizer,0.0025665834546089172,13317.25
1068,1775623727.8946457,forward,0.08383200690150261,13317.25
1068,1775623728.0759065,backward,0.18110144697129726,13317.25
1068,1775623728.0785859,optimizer,0.002509305253624916,13317.25
1069,1775623728.1657543,forward,0.08403792977333069,13317.25
1069,1775623728.347046,backward,0.18113240785896778,13317.25
1069,1775623728.3497107,optimizer,0.002492884173989296,13317.25
1070,1775623728.4370415,forward,0.08389762789011002,13317.25
1070,1775623728.618379,backward,0.18119041807949543,13317.25
1070,1775623728.6211572,optimizer,0.002609085291624069,13317.25
1071,1775623728.7082565,forward,0.0840033795684576,13317.25
1071,1775623728.889458,backward,0.18104813806712627,13317.25
1071,1775623728.8921764,optimizer,0.002539563924074173,13317.25
1072,1775623728.9792864,forward,0.08392824046313763,13317.25
1072,1775623729.1605487,backward,0.18110086768865585,13317.25
1072,1775623729.1632676,optimizer,0.0025493837893009186,13317.25
1073,1775623729.2503011,forward,0.08391589671373367,13317.25
1073,1775623729.4315689,backward,0.18111192993819714,13317.25
1073,1775623729.4342809,optimizer,0.0025407634675502777,13317.25
1074,1775623729.5214024,forward,0.08399799838662148,13317.25
1074,1775623729.7027419,backward,0.18116895854473114,13317.25
1074,1775623729.7054746,optimizer,0.0025617945939302444,13317.25
1075,1775623729.7928648,forward,0.08394072763621807,13317.25
1075,1775623729.9742599,backward,0.1812357921153307,13317.25
1075,1775623729.976917,optimizer,0.002488892525434494,13317.25
1076,1775623730.0640767,forward,0.0840364471077919,13317.25
1076,1775623730.2454517,backward,0.181216049939394,13317.25
1076,1775623730.2481232,optimizer,0.0024980641901493073,13317.25
1077,1775623730.3378034,forward,0.08389857783913612,13317.25
1077,1775623730.519063,backward,0.1810983382165432,13317.25
1077,1775623730.5217326,optimizer,0.002497723326086998,13317.25
1078,1775623730.6088552,forward,0.08397924713790417,13317.25
1078,1775623730.790147,backward,0.181131849065423,13317.25
1078,1775623730.7928038,optimizer,0.002485722303390503,13317.25
1079,1775623730.8798826,forward,0.08395660854876041,13317.25
1079,1775623731.0611978,backward,0.18115736916661263,13317.25
1079,1775623731.0638816,optimizer,0.002514265477657318,13317.25
1080,1775623731.1508794,forward,0.0839077290147543,13317.25
1080,1775623731.3321114,backward,0.18107642605900764,13317.25
1080,1775623731.3347692,optimizer,0.0024870913475751877,13317.25
1081,1775623731.421848,forward,0.08393710851669312,13317.25
1081,1775623731.603219,backward,0.18121285177767277,13317.25
1081,1775623731.6058671,optimizer,0.002482173964381218,13317.25
1082,1775623731.6932528,forward,0.08387396670877934,13317.25
1082,1775623731.8746824,backward,0.1811157986521721,13317.25
1082,1775623731.877366,optimizer,0.0025140922516584396,13317.25
1083,1775623731.9644914,forward,0.08397716842591763,13317.25
1083,1775623732.1457717,backward,0.18111989833414555,13317.25
1083,1775623732.1484265,optimizer,0.002485562115907669,13317.25
1084,1775623732.2357209,forward,0.08386280760169029,13317.25
1084,1775623732.416921,backward,0.1810424868017435,13317.25
1084,1775623732.4195843,optimizer,0.0024957843124866486,13317.25
1085,1775623732.5066526,forward,0.08393285982310772,13317.25
1085,1775623732.6879587,backward,0.18114838749170303,13317.25
1085,1775623732.6906378,optimizer,0.002507515251636505,13317.25
1086,1775623732.7780488,forward,0.08391497656702995,13317.25
1086,1775623732.9592505,backward,0.1810430847108364,13317.25
1086,1775623732.961906,optimizer,0.002240428701043129,13317.25
1087,1775623733.048992,forward,0.08394614979624748,13317.25
1087,1775623733.2302144,backward,0.181062376126647,13317.25
1087,1775623733.2330928,optimizer,0.0026317648589611053,13317.25
1088,1775623733.320467,forward,0.08406012132763863,13317.25
1088,1775623733.5017726,backward,0.18114648759365082,13317.25
1088,1775623733.5044308,optimizer,0.002489844337105751,13317.25
1089,1775623733.5918505,forward,0.08394151739776134,13317.25
1089,1775623733.7731733,backward,0.1811656393110752,13317.25
1089,1775623733.7758534,optimizer,0.002507975324988365,13317.25
1090,1775623733.8629315,forward,0.08394321799278259,13317.25
1090,1775623734.0442183,backward,0.18113397993147373,13317.25
1090,1775623734.046897,optimizer,0.002506522461771965,13317.25
1091,1775623734.1365204,forward,0.08387921750545502,13317.25
1091,1775623734.3178422,backward,0.18116048723459244,13317.25
1091,1775623734.3204985,optimizer,0.0024875421077013016,13317.25
1092,1775623734.4075663,forward,0.08391896821558475,13317.25
1092,1775623734.5888348,backward,0.1811101082712412,13317.25
1092,1775623734.5915146,optimizer,0.0025093834847211838,13317.25
1093,1775623734.6786284,forward,0.0839943215250969,13317.25
1093,1775623734.859912,backward,0.18112416937947273,13317.25
1093,1775623734.8625944,optimizer,0.002511722967028618,13317.25
1094,1775623734.9495163,forward,0.0838619265705347,13317.25
1094,1775623735.1308007,backward,0.18112014047801495,13317.25
1094,1775623735.1334798,optimizer,0.002506602555513382,13317.25
1095,1775623735.220616,forward,0.08400352112948895,13317.25
1095,1775623735.4019654,backward,0.1811885666102171,13317.25
1095,1775623735.4046407,optimizer,0.002503463998436928,13317.25
1096,1775623735.491954,forward,0.08387282490730286,13317.25
1096,1775623735.6732569,backward,0.18114499934017658,13317.25
1096,1775623735.675944,optimizer,0.002515764907002449,13317.25
1097,1775623735.7631009,forward,0.08400349132716656,13317.25
1097,1775623735.9444196,backward,0.18115791119635105,13317.25
1097,1775623735.9470866,optimizer,0.0024971943348646164,13317.25
1098,1775623736.0344415,forward,0.08393464796245098,13317.25
1098,1775623736.215729,backward,0.18112614750862122,13317.25
1098,1775623736.2184625,optimizer,0.002564717084169388,13317.25
1099,1775623736.3054833,forward,0.08390330709517002,13317.25
1099,1775623736.486769,backward,0.18111757934093475,13317.25
1099,1775623736.4894361,optimizer,0.0024947840720415115,13317.25
