step,wall_timestamp,duration_sec,throughput_samples_sec,gpu_util_pct,gpu_mem_mb,cpu_util_pct,ram_mb
0,1775447305.511736,0.4393184371292591,145.68020504263404,65.0,13317.25,0.9,21290.3515625
1,1775447305.975797,0.26816288009285927,238.66092122011116,57.0,13317.25,0.9,21409.890625
2,1775447306.3978882,0.26806131564080715,238.7513462992839,46.0,13317.25,0.8,21409.14453125
3,1775447306.827156,0.2680261954665184,238.78263051342242,100.0,13317.25,0.8,21410.86328125
4,1775447307.2406912,0.2677360810339451,239.04137146119547,99.0,13317.25,0.9,21429.41796875
5,1775447307.6599994,0.2678873408585787,238.90639921573023,99.0,13317.25,0.9,21435.09765625
6,1775447308.0649612,0.2677596528083086,239.02032785282307,100.0,13317.25,0.8,21434.1328125
7,1775447308.4810705,0.26843080297112465,238.42271189303315,99.0,13317.25,0.8,21429.30859375
8,1775447308.8867664,0.26767490059137344,239.096007352968,100.0,13317.25,0.8,21428.66796875
9,1775447309.305548,0.2682379521429539,238.59412692612582,91.0,13317.25,0.8,21453.15234375
10,1775447309.7176785,0.26791735365986824,238.8796362972835,85.0,13317.25,0.8,21452.04296875
11,1775447310.1348264,0.26771693117916584,239.05847014647307,76.0,13317.25,0.8,21451.91796875
12,1775447310.5439312,0.2682285811752081,238.6024625697696,72.0,13317.25,0.8,21451.92578125
13,1775447310.9468815,0.2678061816841364,238.97880025594296,70.0,13317.25,0.9,21451.80078125
14,1775447311.3478482,0.2678086031228304,238.97663948699366,70.0,13317.25,0.8,21451.921875
15,1775447311.760066,0.2677916716784239,238.9917490669913,64.0,13317.25,0.8,21451.546875
16,1775447312.1719613,0.2677280306816101,239.0485592302834,58.0,13317.25,0.8,21451.66796875
17,1775447312.57621,0.2684389427304268,238.41548230306668,56.0,13317.25,0.9,21448.34375
18,1775447312.9869645,0.2676891013979912,239.0833233992853,50.0,13317.25,0.8,21448.46484375
19,1775447313.4008994,0.2684467248618603,238.40857076179154,43.0,13317.25,0.8,21448.83203125
20,1775447313.8047628,0.26784287206828594,238.94606380894595,42.0,13317.25,0.9,21448.953125
21,1775447314.2171175,0.26777208037674427,239.00923468180343,35.0,13317.25,0.8,21448.58203125
22,1775447314.6331897,0.26799529418349266,238.81016342092965,99.0,13317.25,0.9,21448.703125
23,1775447315.0355406,0.2677969001233578,238.98708301148775,100.0,13317.25,0.8,21448.578125
24,1775447315.437757,0.26816962100565434,238.6549220601336,99.0,13317.25,0.8,21448.6953125
25,1775447315.850409,0.26766620948910713,239.10377078285828,100.0,13317.25,0.8,21448.32421875
26,1775447316.2587097,0.2680226545780897,238.7857851074051,100.0,13317.25,0.8,21448.69140625
27,1775447316.669889,0.2677098326385021,239.06480897330889,99.0,13317.25,0.8,21448.8125
28,1775447317.081118,0.2677424717694521,239.0356657912278,100.0,13317.25,0.8,21448.1953125
29,1775447317.4904718,0.2676357887685299,239.1309484224162,98.0,13317.25,0.8,21448.5625
30,1775447317.9046552,0.2683911919593811,238.45789995107552,90.0,13317.25,0.8,21448.68359375
31,1775447318.3185508,0.26771883852779865,239.05676698711116,83.0,13317.25,0.8,21448.3125
32,1775447318.7324986,0.2676851488649845,239.08685360905258,76.0,13317.25,0.8,21448.91796875
33,1775447319.1339948,0.26811628602445126,238.70239644511346,76.0,13317.25,0.8,21448.546875
34,1775447319.545912,0.2680227756500244,238.78567724247867,70.0,13317.25,0.8,21448.66796875
35,1775447319.94533,0.26777100190520287,239.0101973127676,70.0,13317.25,0.8,21448.54296875
36,1775447320.3453374,0.26811525970697403,238.70331017319293,70.0,13317.25,0.8,21448.6640625
37,1775447320.768394,0.26764694787561893,239.12097824385475,58.0,13317.25,0.8,21448.5390625
38,1775447321.170676,0.26766543090343475,239.1044662883239,57.0,13317.25,0.8,21448.4140625
39,1775447321.5843086,0.26848527044057846,238.3743431994515,50.0,13317.25,0.8,21448.78125
40,1775447321.988029,0.26787325367331505,238.91896306322255,48.0,13317.25,0.8,21448.65625
41,1775447322.4003935,0.2677824702113867,238.99996123524662,42.0,13317.25,0.8,21448.77734375
42,1775447322.8149252,0.267943674698472,238.85617032020562,35.0,13317.25,0.9,21448.16015625
43,1775447323.2262511,0.2677664887160063,239.01422581628032,99.0,13317.25,0.8,21447.7890625
44,1775447323.6382077,0.26772945933043957,239.04728362749697,100.0,13317.25,0.9,21448.6484375
45,1775447324.041573,0.26792167127132416,238.87578670404466,100.0,13317.25,0.8,21448.76953125
46,1775447324.4514258,0.2684046905487776,238.44590744351834,100.0,13317.25,0.8,21448.64453125
47,1775447324.8539119,0.2679484151303768,238.8519445761948,99.0,13317.25,0.8,21448.765625
48,1775447325.263073,0.26770818047225475,239.06628436643143,100.0,13317.25,0.8,21448.640625
49,1775447325.6648443,0.26768515072762966,239.0868519454042,100.0,13317.25,0.8,21448.26953125
50,1775447326.078764,0.2678297534584999,238.95776766234738,100.0,13317.25,0.8,21448.63671875
51,1775447326.492475,0.26826330088078976,238.57158168809747,95.0,13317.25,0.8,21448.51171875
52,1775447326.9053924,0.26778431236743927,238.9983170940299,89.0,13317.25,0.8,21448.38671875
53,1775447327.316406,0.26798201724886894,238.82199506157394,83.0,13317.25,0.8,21448.5078125
54,1775447327.7214024,0.2679194025695324,238.87780946880193,81.0,13317.25,0.8,21448.3828125
55,1775447328.133323,0.26813736744225025,238.68362925500833,75.0,13317.25,0.8,21448.50390625
56,1775447328.5435648,0.26776558347046375,239.01503386098761,69.0,13317.25,0.9,21448.62109375
57,1775447328.9567065,0.26785892248153687,238.931745887283,63.0,13317.25,0.9,21449.234375
58,1775447329.373992,0.2678864821791649,238.90716500280976,54.0,13317.25,0.8,21449.109375
59,1775447329.78113,0.2682031784206629,238.62506170459804,50.0,13317.25,0.8,21448.984375
60,1775447330.1922598,0.2679417356848717,238.85789885033398,45.0,13317.25,0.8,21448.859375
61,1775447330.6035085,0.2678717318922281,238.92032036343755,40.0,13317.25,0.8,21449.2265625
62,1775447331.018529,0.26785222440958023,238.93772075656102,99.0,13317.25,0.8,21448.85546875
63,1775447331.4327986,0.2681934591382742,238.63370943361866,99.0,13317.25,0.8,21449.22265625
64,1775447331.840352,0.2678633127361536,238.92782981833815,100.0,13317.25,0.8,21448.8515625
65,1775447332.2422953,0.26795107685029507,238.8495719155365,100.0,13317.25,0.8,21449.44921875
66,1775447332.643154,0.26776403933763504,239.01641220499997,100.0,13317.25,0.9,21449.31640625
67,1775447333.0451233,0.26780697144567966,238.97809550854566,100.0,13317.25,0.8,21449.19140625
68,1775447333.458139,0.26855281740427017,238.31438678841565,100.0,13317.25,0.8,21449.29296875
69,1775447333.8716083,0.2680927477777004,238.72335425152232,99.0,13317.25,0.8,21448.921875
70,1775447334.2824006,0.2679070122539997,238.8888572252909,99.0,13317.25,0.8,21449.2890625
71,1775447334.6933372,0.26801740750670433,238.79045990100127,94.0,13317.25,0.8,21449.1640625
72,1775447335.1038105,0.2679967023432255,238.8089086187139,88.0,13317.25,0.8,21448.79296875
73,1775447335.5136123,0.2680933866649866,238.7227853552961,83.0,13317.25,0.8,21448.66796875
74,1775447335.9273565,0.2683449536561966,238.4989884400687,76.0,13317.25,0.8,21449.03515625
75,1775447336.3390079,0.2679073940962553,238.88851674248943,71.0,13317.25,0.8,21448.91015625
76,1775447336.747588,0.2679767645895481,238.82667625317015,66.0,13317.25,0.8,21449.5234375
77,1775447337.1627889,0.2679079230874777,238.88804505084616,58.0,13317.25,0.8,21449.3984375
78,1775447337.5656898,0.26791979372501373,238.87746071381355,57.0,13317.25,0.8,21449.51953125
79,1775447337.9790373,0.26828121952712536,238.55564736438473,50.0,13317.25,0.8,21449.1484375
80,1775447338.3928099,0.26806010864675045,238.75242132479767,43.0,13317.25,1.2,21463.4921875
81,1775447338.8055737,0.26792977564036846,238.86856116322312,37.0,13317.25,1.0,21474.1953125
82,1775447339.2146735,0.2680122349411249,238.79506849401514,99.0,13317.25,1.0,21461.625
83,1775447339.6316175,0.2679921966046095,238.81292370025372,100.0,13317.25,1.3,21477.1328125
84,1775447340.0453906,0.26825034990906715,238.5830997860582,100.0,13317.25,2.2,21485.5546875
85,1775447340.4474401,0.2680546473711729,238.75728560445276,99.0,13317.25,1.6,21672.01953125
86,1775447340.850103,0.2679945155978203,238.81085721935028,100.0,13317.25,1.3,21709.9140625
87,1775447341.2610226,0.26798784360289574,238.81680280555997,100.0,13317.25,1.3,21764.66796875
88,1775447341.6643975,0.2680981159210205,238.7185742806707,100.0,13317.25,1.3,21800.21875
89,1775447342.0779421,0.2680849675089121,238.7302823977716,99.0,13317.25,1.2,21808.953125
90,1775447342.4912255,0.2682793587446213,238.55730198357324,94.0,13317.25,1.2,21841.3125
91,1775447342.9014974,0.26792166382074356,238.8757933468942,88.0,13317.25,1.3,21888.1796875
92,1775447343.3037655,0.26794578321278095,238.8542907173738,87.0,13317.25,1.3,21991.90625
93,1775447343.7048676,0.267953896895051,238.84705817533515,86.0,13317.25,1.3,22094.63671875
94,1775447344.1173916,0.2680600956082344,238.75243293778044,80.0,13317.25,1.3,22103.3671875
95,1775447344.5315614,0.2683061119168997,238.53351510614195,73.0,13317.25,1.3,22116.28515625
96,1775447344.933937,0.26800726540386677,238.79949636274532,72.0,13317.25,1.3,22127.234375
97,1775447345.3491037,0.2687048874795437,238.17951582615808,64.0,13317.25,1.3,22139.4140625
98,1775447345.7574909,0.2680928073823452,238.72330117654104,60.0,13317.25,1.3,22150.609375
99,1775447346.1600986,0.26812366768717766,238.69582477392257,59.0,13317.25,1.3,22162.05078125
100,1775447346.5621538,0.26814264990389347,238.67892714172328,57.0,13317.25,1.4,22174.4765625
101,1775447346.9628637,0.26794995553791523,238.8505714491299,57.0,13317.25,1.3,22185.671875
102,1775447347.374388,0.2681352589279413,238.68550617283557,51.0,13317.25,1.3,22277.3359375
103,1775447347.7874691,0.2679795026779175,238.8242360346534,45.0,13317.25,1.3,22541.26953125
104,1775447348.1940963,0.26840395107865334,238.44656437730822,42.0,13317.25,1.4,22959.75
105,1775447348.5958114,0.2679866962134838,238.81782530359737,41.0,13317.25,1.3,23370.35546875
106,1775447349.0086048,0.2679690271615982,238.83357221506395,34.0,13317.25,1.4,23794.25
107,1775447349.418757,0.2679842133074999,238.82003797948676,100.0,13317.25,1.3,24218.63671875
108,1775447349.8221335,0.2679517548531294,238.8489675504454,100.0,13317.25,1.3,24548.76953125
109,1775447350.224287,0.2681251373142004,238.69451645259986,100.0,13317.25,1.3,24548.15234375
110,1775447350.639753,0.2680082656443119,238.79860513308878,100.0,13317.25,1.4,24549.01171875
111,1775447351.0665228,0.26848949305713177,238.37059421309073,99.0,13317.25,1.3,24548.88671875
112,1775447351.4684277,0.26811467483639717,238.70383088524574,100.0,13317.25,1.3,24549.0
113,1775447351.8822348,0.2692326959222555,237.71258457583787,97.0,13317.25,1.3,24628.9453125
114,1775447352.2869563,0.268079686909914,238.73498487599576,94.0,13317.25,1.4,22392.0859375
115,1775447352.6917462,0.26789612136781216,238.89856886778216,92.0,13317.25,1.4,22663.6484375
116,1775447353.0922964,0.26796956546604633,238.8330924397803,91.0,13317.25,1.4,22731.0078125
117,1775447353.503321,0.26807742938399315,238.73699530416874,86.0,13317.25,1.4,22731.12890625
118,1775447353.9080558,0.26850920356810093,238.35309609328877,83.0,13317.25,1.4,22735.43359375
119,1775447354.3099003,0.26797654666006565,238.82687047678638,82.0,13317.25,1.5,22735.30859375
120,1775447354.7113082,0.26801491528749466,238.79268036761454,82.0,13317.25,1.4,22735.67578125
121,1775447355.11582,0.26810294575989246,238.71427379733865,79.0,13317.25,1.4,22735.3046875
122,1775447355.5163848,0.26807126589119434,238.74248434360933,79.0,13317.25,1.4,22735.671875
123,1775447355.9282134,0.26821967028081417,238.61038951019074,73.0,13317.25,1.4,22735.30078125
124,1775447356.3409634,0.26794050447642803,238.8589964218358,67.0,13317.25,1.4,22735.9140625
125,1775447356.7537546,0.2681272681802511,238.69261949506526,60.0,13317.25,1.4,22735.296875
126,1775447357.1623852,0.2681533582508564,238.6693958168827,56.0,13317.25,1.4,22735.41796875
127,1775447357.5746586,0.26807109639048576,238.74263529990716,50.0,13317.25,1.4,22735.5390625
128,1775447357.977958,0.2679006438702345,238.89453595714488,48.0,13317.25,1.4,22735.16796875
129,1775447358.3800607,0.26803739555180073,238.77265285407313,47.0,13317.25,1.4,22735.2890625
130,1775447358.7840931,0.2682515401393175,238.58204119447495,45.0,13317.25,1.4,22735.41015625
131,1775447359.1844666,0.2682219594717026,238.60835304482967,44.0,13317.25,1.4,22735.53125
132,1775447359.5884612,0.2680738680064678,238.74016693956858,42.0,13317.25,1.4,22735.65234375
133,1775447359.9929118,0.26804967783391476,238.76171207209882,40.0,13317.25,1.4,22735.52734375
134,1775447360.4076304,0.2688356786966324,238.06363913556578,99.0,13317.25,1.4,22735.40234375
135,1775447360.8148344,0.26813871785998344,238.6824271809172,100.0,13317.25,1.5,22735.5234375
136,1775447361.2146988,0.26799528673291206,238.81017006012988,100.0,13317.25,1.4,22735.64453125
137,1775447361.6244044,0.26813832856714725,238.68277370861998,100.0,13317.25,1.4,22735.765625
138,1775447362.0371747,0.26803237572312355,238.77712469374134,100.0,13317.25,1.4,22735.640625
139,1775447362.4519951,0.2680820245295763,238.73290315643362,100.0,13317.25,1.5,22735.76171875
140,1775447362.863163,0.2680063359439373,238.80032453183418,100.0,13317.25,1.4,22735.390625
141,1775447363.2741075,0.2680292148143053,238.77994062826386,99.0,13317.25,1.4,22735.265625
142,1775447363.6847234,0.2682296186685562,238.60153967218287,94.0,13317.25,1.4,22735.140625
143,1775447364.0875766,0.2687061186879873,238.1784244902688,92.0,13317.25,1.5,22735.5078125
144,1775447364.4890997,0.2680830769240856,238.7319659797966,91.0,13317.25,1.4,22735.3828125
145,1775447364.890112,0.2681060768663883,238.71148594626837,91.0,13317.25,1.4,22735.01171875
146,1775447365.2926052,0.26801528595387936,238.79235011622902,89.0,13317.25,1.4,22734.88671875
147,1775447365.6953518,0.26818703673779964,238.6394241067339,88.0,13317.25,1.6,22735.5
148,1775447366.1087015,0.26807301491498947,238.74092668482686,81.0,13317.25,1.4,22734.8828125
149,1775447366.5123415,0.2680890280753374,238.72666650876496,79.0,13317.25,1.4,22735.7421875
150,1775447366.9146974,0.2679218742996454,238.8756056865369,78.0,13317.25,1.4,22735.86328125
151,1775447367.3159847,0.2682816796004772,238.55523826788416,77.0,13317.25,1.4,22735.4921875
152,1775447367.7175727,0.2687267605215311,238.16012918025763,76.0,13317.25,1.5,22735.61328125
153,1775447368.137864,0.26801250502467155,238.79482785368003,66.0,13317.25,1.4,22735.48828125
154,1775447368.5405023,0.2683015801012516,238.53754411676476,65.0,13317.25,1.4,22735.609375
155,1775447368.9407747,0.2681438568979502,238.6778527779476,65.0,13317.25,1.4,22735.484375
156,1775447369.3552494,0.2681371681392193,238.6838066655892,57.0,13317.25,1.4,22735.359375
157,1775447369.756658,0.2679203040897846,238.8770056731218,57.0,13317.25,1.4,22735.48046875
158,1775447370.159823,0.26805054768919945,238.76093726250107,55.0,13317.25,1.4,22735.109375
159,1775447370.570133,0.2680715247988701,238.74225376238005,50.0,13317.25,1.4,22735.4765625
160,1775447370.9832373,0.2682002875953913,238.62763375015774,43.0,13317.25,1.5,22736.58203125
161,1775447371.3841236,0.2683891225606203,238.45973856688062,43.0,13317.25,1.4,22736.703125
162,1775447371.7941837,0.2681404575705528,238.68087859572773,38.0,13317.25,1.4,22736.82421875
163,1775447372.207667,0.26821462996304035,238.61487350193806,100.0,13317.25,1.4,22736.453125
164,1775447372.6165104,0.26820104010403156,238.62696421749618,100.0,13317.25,1.5,22734.359375
165,1775447373.0165706,0.26797646656632423,238.8269418581948,100.0,13317.25,1.4,22734.234375
166,1775447373.4257534,0.26809869706630707,238.71805682133288,100.0,13317.25,1.4,22733.86328125
167,1775447373.8404207,0.2681113891303539,238.70675620155635,100.0,13317.25,1.4,22733.984375
168,1775447374.25145,0.26817391999065876,238.651096281955,100.0,13317.25,1.5,22733.3671875
169,1775447374.6526124,0.2679841537028551,238.82009109749143,100.0,13317.25,1.5,22733.98046875
170,1775447375.0533526,0.2682568598538637,238.57730995160682,100.0,13317.25,1.5,22734.34765625
171,1775447375.4687612,0.26826464012265205,238.57039068115296,99.0,13317.25,1.4,22733.9765625
172,1775447375.87165,0.26814415864646435,238.67758418851494,98.0,13317.25,1.5,22733.8515625
173,1775447376.2746792,0.2680537961423397,238.7580437995933,97.0,13317.25,1.4,22733.97265625
174,1775447376.6837723,0.2681585010141134,238.66481859783227,92.0,13317.25,1.4,22733.84765625
175,1775447377.0861511,0.26822273060679436,238.60766705049275,91.0,13317.25,1.4,22733.96875
176,1775447377.490515,0.2681616600602865,238.6620070356512,89.0,13317.25,1.4,22734.08984375
177,1775447377.9030468,0.26815347000956535,238.66929634629395,82.0,13317.25,1.4,22733.71875
178,1775447378.3137505,0.2681088987737894,238.70897345335226,77.0,13317.25,1.4,22733.59375
179,1775447378.7167904,0.26830077916383743,238.53825620431203,75.0,13317.25,1.4,22734.453125
180,1775447379.1263523,0.26816766895353794,238.65665928240023,70.0,13317.25,1.4,22734.08203125
181,1775447379.5382767,0.26809594593942165,238.7205064803975,64.0,13317.25,1.4,22734.44921875
182,1775447379.9415114,0.26851243525743484,238.35022738757087,63.0,13317.25,1.4,22734.32421875
183,1775447380.3442965,0.268347904086113,238.49636619282992,61.0,13317.25,1.4,22734.19921875
184,1775447380.7468967,0.268201669678092,238.62640406681936,60.0,13317.25,1.4,22733.828125
185,1775447381.1463223,0.2681122478097677,238.70599169870667,60.0,13317.25,1.4,22734.1953125
186,1775447381.5465362,0.2680778671056032,238.73660549077945,60.0,13317.25,1.4,22734.0703125
187,1775447381.9608912,0.2681062761694193,238.7113084945378,53.0,13317.25,1.4,22733.9453125
188,1775447382.3645232,0.2681215573102236,238.69770354179445,51.0,13317.25,1.4,22733.57421875
189,1775447382.7679355,0.2682026084512472,238.62556881743998,49.0,13317.25,1.5,22733.94140625
190,1775447383.1794977,0.26828519254922867,238.55211460564078,43.0,13317.25,1.4,22734.0625
191,1775447383.591246,0.26816220954060555,238.6615180030019,38.0,13317.25,1.4,22734.4296875
192,1775447384.0049021,0.2681546378880739,238.66825688360163,100.0,13317.25,1.4,22734.05859375
193,1775447384.4067256,0.26804131641983986,238.76916012364,100.0,13317.25,1.4,22734.42578125
194,1775447384.8210757,0.2685714066028595,238.29789183268397,100.0,13317.25,1.4,22733.80859375
195,1775447385.223521,0.26828931272029877,238.5484511144963,100.0,13317.25,1.4,22733.9296875
196,1775447385.633338,0.2681328095495701,238.68768655172067,100.0,13317.25,1.4,22734.05078125
197,1775447386.04396,0.2682208400219679,238.60934890353136,100.0,13317.25,1.4,22734.171875
198,1775447386.4457493,0.2680706661194563,238.74301849752052,100.0,13317.25,1.4,22734.046875
199,1775447386.854691,0.2681320197880268,238.68838958732172,100.0,13317.25,1.5,22733.921875
200,1775447387.266869,0.26819393038749695,238.63329012528482,99.0,13317.25,1.4,22733.3046875
201,1775447387.677339,0.26836598478257656,238.48029791052397,94.0,13317.25,1.7,22733.671875
202,1775447388.0881944,0.26800999604165554,238.79706333808826,88.0,13317.25,1.6,22735.5
203,1775447388.5015633,0.268060564994812,238.75201487111184,81.0,13317.25,1.4,22736.7109375
204,1775447388.9147396,0.2681551780551672,238.66777611444581,75.0,13317.25,1.5,22736.0859375
205,1775447389.3278155,0.2680235840380192,238.78495703915962,68.0,13317.25,1.5,22735.71484375
206,1775447389.7422261,0.2684770468622446,238.38164471780098,61.0,13317.25,1.4,22736.08203125
207,1775447390.1549869,0.26814448833465576,238.6772907303814,54.0,13317.25,1.4,22736.6953125
208,1775447390.5650265,0.2682557497173548,238.57829726830838,49.0,13317.25,1.4,22736.5703125
209,1775447390.9664783,0.2682161498814821,238.61352132703408,48.0,13317.25,1.5,22736.69140625
210,1775447391.3681421,0.2681701183319092,238.65447947033527,48.0,13317.25,1.4,22736.56640625
211,1775447391.7692494,0.26812462881207466,238.694969140104,47.0,13317.25,1.4,22735.94921875
212,1775447392.1758018,0.2683629523962736,238.48299263564326,44.0,13317.25,1.4,22736.31640625
213,1775447392.5774338,0.2683438118547201,238.50000325198204,43.0,13317.25,1.6,22737.421875
214,1775447392.9888973,0.2680849153548479,238.73032884109514,37.0,13317.25,1.8,22738.7734375
215,1775447393.3898284,0.26805730909109116,238.75491482402197,37.0,13317.25,1.4,22738.328125
216,1775447393.8049638,0.26814528927206993,238.67657781249807,100.0,13317.25,1.6,22737.95703125
217,1775447394.218452,0.2684578597545624,238.3986822308425,100.0,13317.25,1.4,22737.828125
218,1775447394.6212957,0.26818731613457203,238.6391754928702,100.0,13317.25,1.5,22737.94921875
219,1775447395.022291,0.2680825926363468,238.73239724600768,100.0,13317.25,1.4,22737.578125
220,1775447395.4309912,0.2680738531053066,238.74018021018662,100.0,13317.25,1.4,22737.6875
221,1775447395.8356104,0.26832782849669456,238.51420986991812,100.0,13317.25,1.4,22738.0546875
222,1775447396.2361724,0.26821171678602695,238.61746521334004,100.0,13317.25,1.4,22737.4375
223,1775447396.6484075,0.2681570630520582,238.6660984110475,100.0,13317.25,1.4,22737.8046875
224,1775447397.0593388,0.26815793476998806,238.6653225640922,100.0,13317.25,1.4,22737.6796875
225,1775447397.4624155,0.26822252571582794,238.6078493191347,99.0,13317.25,1.4,22737.5546875
226,1775447397.8661506,0.2681329511106014,238.68756053634309,98.0,13317.25,1.9,22738.16796875
227,1775447398.2688024,0.26805211417376995,238.75954195425882,96.0,13317.25,1.4,22738.2890625
228,1775447398.6805649,0.2680932320654392,238.72292301798262,90.0,13317.25,1.4,22738.390625
229,1775447399.093202,0.26840624772012234,238.44452408848284,84.0,13317.25,1.6,22738.26171875
230,1775447399.497338,0.26824897713959217,238.5843207398159,82.0,13317.25,1.5,22737.8828125
231,1775447399.8981962,0.26805417239665985,238.75770866679292,81.0,13317.25,1.5,22738.00390625
232,1775447400.308013,0.26809425465762615,238.7220124568957,76.0,13317.25,1.4,22737.38671875
233,1775447400.7138808,0.2682290952652693,238.60200526235312,73.0,13317.25,1.5,22738.0
234,1775447401.1257775,0.26810305565595627,238.71417594780462,67.0,13317.25,1.5,22737.62890625
235,1775447401.538024,0.26809394359588623,238.72228943922346,61.0,13317.25,1.5,22737.75
236,1775447401.948747,0.2681122310459614,238.70600662387812,56.0,13317.25,1.4,22737.37890625
237,1775447402.359758,0.2682563476264477,238.57776550779434,50.0,13317.25,1.4,22737.9921875
238,1775447402.7686062,0.2680905628949404,238.7252997975926,46.0,13317.25,1.5,22737.12890625
239,1775447403.1810365,0.26795361191034317,238.84731220348056,40.0,13317.25,1.4,22737.49609375
240,1775447403.595444,0.26819936744868755,238.6284524412408,99.0,13317.25,1.4,22737.37109375
241,1775447403.998642,0.2681185845285654,238.7003501175855,100.0,13317.25,1.4,22737.24609375
242,1775447404.4038866,0.2681849468499422,238.64128375486334,100.0,13317.25,1.4,22737.12109375
243,1775447404.815324,0.2681839130818844,238.64220364499988,100.0,13317.25,1.5,22736.75
244,1775447405.21663,0.268130412325263,238.68982054285968,100.0,13317.25,1.4,22737.1171875
245,1775447405.6300616,0.2687134649604559,238.17191300561845,99.0,13317.25,1.4,22736.9921875
246,1775447406.0432744,0.26827414706349373,238.56193636449365,100.0,13317.25,1.7,22738.51953125
247,1775447406.4495947,0.2681399956345558,238.6812897812704,100.0,13317.25,1.5,22738.87109375
248,1775447406.858394,0.26804254204034805,238.76806835523212,99.0,13317.25,1.4,22738.9921875
249,1775447407.2691674,0.2681209556758404,238.69823915358683,95.0,13317.25,1.4,22738.36328125
250,1775447407.67322,0.2681963350623846,238.63115051558438,93.0,13317.25,1.4,22738.9765625
251,1775447408.0859864,0.26799448393285275,238.81088543611776,86.0,13317.25,1.5,22738.359375
252,1775447408.499375,0.2680666036903858,238.74663654081783,79.0,13317.25,1.4,22739.21875
253,1775447408.9023738,0.2680584639310837,238.7538862285432,78.0,13317.25,1.4,22738.84765625
254,1775447409.306712,0.2681672852486372,238.65700076227043,75.0,13317.25,1.4,22738.96875
255,1775447409.7213833,0.2679884023964405,238.81630483890694,68.0,13317.25,1.5,22738.59765625
256,1775447410.129393,0.2681421637535095,238.67935987430977,64.0,13317.25,1.4,22738.71875
257,1775447410.5315125,0.26821025274693966,238.61876771871562,63.0,13317.25,1.4,22738.59375
258,1775447410.9450595,0.26807110384106636,238.74262866446148,56.0,13317.25,1.7,22739.20703125
259,1775447411.3572006,0.2680557519197464,238.75630178292556,50.0,13317.25,1.5,22739.29296875
260,1775447411.761743,0.2685750015079975,238.29470218989923,48.0,13317.25,1.5,22739.66015625
261,1775447412.1729553,0.26818501576781273,238.6412224291064,42.0,13317.25,1.5,22738.765625
262,1775447412.573958,0.2682497464120388,238.58363654030927,42.0,13317.25,1.4,22739.1328125
263,1775447412.985616,0.2681318838149309,238.6885106292464,36.0,13317.25,1.5,22739.0078125
264,1775447413.3982964,0.2680687140673399,238.74475700257565,100.0,13317.25,1.4,22739.375
265,1775447413.812735,0.2680562846362591,238.75582729517149,100.0,13317.25,1.4,22739.00390625
266,1775447414.2163365,0.268169516697526,238.65501488816471,100.0,13317.25,1.4,22738.87890625
267,1775447414.6305954,0.26806494034826756,238.74811796295248,100.0,13317.25,1.5,22739.24609375
268,1775447415.0308404,0.2681304235011339,238.6898105940945,100.0,13317.25,1.6,22740.59765625
269,1775447415.4301202,0.2682077456265688,238.62099825076837,100.0,13317.25,1.4,22740.64453125
270,1775447415.8319538,0.2682539373636246,238.57990913008103,100.0,13317.25,1.6,22740.02734375
271,1775447416.2347548,0.2680079825222492,238.79885739853628,100.0,13317.25,1.5,22740.640625
272,1775447416.6465478,0.26815473288297653,238.66817233440284,100.0,13317.25,1.5,22741.4609375
273,1775447417.0552287,0.268073633313179,238.74037595197407,99.0,13317.25,1.5,22741.81640625
274,1775447417.4589703,0.26809303276240826,238.72310048698145,98.0,13317.25,1.4,22741.69140625
275,1775447417.859508,0.2684237901121378,238.4289409417217,98.0,13317.25,1.4,22741.8125
276,1775447418.2810633,0.2681947760283947,238.6325376942618,87.0,13317.25,1.4,22741.44140625
277,1775447418.6899862,0.2680960837751627,238.72038374746737,82.0,13317.25,1.4,22741.31640625
278,1775447419.1041124,0.26815949380397797,238.6639350042307,75.0,13317.25,1.4,22741.68359375
279,1775447419.5061023,0.26808998361229897,238.72581562970382,74.0,13317.25,1.4,22741.8046875
280,1775447419.9067857,0.26823329366743565,238.59827065073168,74.0,13317.25,1.4,22741.92578125
281,1775447420.3159964,0.2680681925266981,238.74522149294512,69.0,13317.25,1.4,22741.5546875
282,1775447420.7314866,0.26812057197093964,238.6985807524559,61.0,13317.25,1.4,22741.67578125
283,1775447421.133384,0.26812923327088356,238.6908701422443,60.0,13317.25,1.4,22741.796875
284,1775447421.5348268,0.2681587152183056,238.6646279532559,60.0,13317.25,1.4,22742.1640625
285,1775447421.9392395,0.2679538633674383,238.84708806097126,57.0,13317.25,1.4,22741.79296875
286,1775447422.3497689,0.2681518141180277,238.67077017733783,52.0,13317.25,1.4,22742.28515625
287,1775447422.7538433,0.2681238539516926,238.69565895293587,50.0,13317.25,1.5,22741.05078125
288,1775447423.166698,0.2681774739176035,238.64793364286726,43.0,13317.25,1.5,22741.6640625
289,1775447423.573948,0.268081896007061,238.7330176085979,40.0,13317.25,1.5,22742.0234375
290,1775447423.9900644,0.26804419234395027,238.76659829986602,100.0,13317.25,1.5,22741.40625
291,1775447424.3926024,0.26850963197648525,238.3527157997997,99.0,13317.25,1.4,22740.921875
292,1775447424.8075511,0.26821323297917843,238.61611632327015,100.0,13317.25,1.5,22741.04296875
293,1775447425.222726,0.2680627517402172,238.75006723061307,100.0,13317.25,1.4,22740.42578125
294,1775447425.6368525,0.26792520098388195,238.8726396956222,100.0,13317.25,1.4,22741.28515625
295,1775447426.0509996,0.2682229243218899,238.60749472403285,100.0,13317.25,1.4,22741.16015625
296,1775447426.451994,0.26819042302668095,238.63641094161275,99.0,13317.25,1.4,22741.52734375
297,1775447426.8685338,0.2680797819048166,238.73490027951303,92.0,13317.25,1.4,22741.15625
298,1775447427.2819712,0.26807156205177307,238.7422205852614,85.0,13317.25,1.4,22741.27734375
299,1775447427.68447,0.26810973323881626,238.7082304952823,84.0,13317.25,1.4,22740.90625
300,1775447428.0929875,0.2681259047240019,238.69383327910464,79.0,13317.25,1.4,22741.02734375
301,1775447428.4938555,0.2679457888007164,238.85428573613353,79.0,13317.25,1.4,22740.90234375
302,1775447428.8931174,0.2678621206432581,238.9288931421399,79.0,13317.25,1.4,22740.53125
303,1775447429.2938893,0.26797248236835003,238.8304927221101,79.0,13317.25,1.4,22740.65234375
304,1775447429.7053776,0.2684186175465584,238.43353559072304,73.0,13317.25,1.4,22740.52734375
305,1775447430.1173704,0.2680626008659601,238.75020160683306,67.0,13317.25,1.4,22740.40234375
306,1775447430.5316093,0.2682375553995371,238.59447982469365,60.0,13317.25,1.4,22740.7578125
307,1775447430.9418166,0.2680213022977114,238.7869898822833,55.0,13317.25,1.4,22740.6328125
308,1775447431.3459826,0.2681645043194294,238.65947569170135,52.0,13317.25,1.4,22740.75390625
309,1775447431.7599823,0.2680649794638157,238.7480831252668,45.0,13317.25,1.4,22741.12109375
310,1775447432.1761315,0.26805656403303146,238.75557843871175,38.0,13317.25,1.4,22740.50390625
311,1775447432.5784826,0.2680902052670717,238.72561825316646,36.0,13317.25,1.5,22738.65625
312,1775447432.9802372,0.2681785337626934,238.6469905030971,36.0,13317.25,1.4,22738.28515625
313,1775447433.382231,0.26823409646749496,238.59755654798204,35.0,13317.25,1.5,22738.40625
314,1775447433.7840188,0.2681308835744858,238.6894010373148,99.0,13317.25,1.4,22738.74609375
315,1775447434.1985512,0.2680831141769886,238.7319328055372,100.0,13317.25,1.4,22739.11328125
316,1775447434.5993695,0.2681913860142231,238.6355540763187,100.0,13317.25,1.4,22738.7421875
317,1775447435.011402,0.26812964491546154,238.69050369338507,100.0,13317.25,1.4,22738.86328125
318,1775447435.4127908,0.2678894679993391,238.90450221118022,100.0,13317.25,1.4,22738.4921875
319,1775447435.8129716,0.2678923923522234,238.90189429438206,100.0,13317.25,1.4,22738.61328125
320,1775447436.2152395,0.2681140620261431,238.7043764745153,100.0,13317.25,1.4,22738.48828125
321,1775447436.6175702,0.2681538313627243,238.66897472529104,100.0,13317.25,1.4,22739.1015625
322,1775447437.0188386,0.2681715749204159,238.65318320553922,100.0,13317.25,1.4,22738.73046875
323,1775447437.4298327,0.2680001687258482,238.8058198033041,100.0,13317.25,1.4,22738.7890625
324,1775447437.83139,0.26803469099104404,238.77506215096037,100.0,13317.25,1.4,22738.41796875
325,1775447438.2301643,0.2681294362992048,238.69068940488353,100.0,13317.25,1.4,22738.29296875
326,1775447438.6331027,0.2686897739768028,238.19291316060804,99.0,13317.25,1.5,22738.66015625
327,1775447439.0435193,0.2680583633482456,238.753975815539,100.0,13317.25,1.4,22738.78125
328,1775447439.4455488,0.2680500503629446,238.7613802472443,100.0,13317.25,1.5,22738.65625
329,1775447439.8583598,0.2682061158120632,238.6224482846839,95.0,13317.25,1.4,22738.28515625
330,1775447440.2723198,0.26797218061983585,238.83076165579624,88.0,13317.25,1.5,22738.16015625
331,1775447440.6720657,0.26789360865950584,238.9008096170907,88.0,13317.25,1.8,22738.96875
332,1775447441.0717266,0.2678500097244978,238.9396963839143,88.0,13317.25,1.4,22738.84375
333,1775447441.4861934,0.26811949349939823,238.69954088266857,81.0,13317.25,1.5,22739.93359375
334,1775447441.89769,0.2680554948747158,238.75653073223668,75.0,13317.25,1.5,22739.5390625
335,1775447442.3117313,0.26783316768705845,238.95472152567325,68.0,13317.25,1.4,22736.953125
336,1775447442.7223308,0.2680270727723837,238.78184893042743,63.0,13317.25,1.4,22737.3203125
337,1775447443.1251094,0.2681194841861725,238.69954917398212,61.0,13317.25,1.4,22736.703125
338,1775447443.5365396,0.26820664666593075,238.62197598598763,55.0,13317.25,1.4,22737.31640625
339,1775447443.9401283,0.2680284418165684,238.78062927291842,53.0,13317.25,1.5,22737.4375
340,1775447444.3535671,0.267951849848032,238.84888287316318,47.0,13317.25,1.4,22737.3125
341,1775447444.7558298,0.2682218961417675,238.60840938270408,46.0,13317.25,1.4,22737.43359375
342,1775447445.17072,0.26794925332069397,238.8511974071518,38.0,13317.25,1.4,22737.5546875
343,1775447445.5810115,0.2681750673800707,238.6500752111161,99.0,13317.25,1.8,22736.9375
344,1775447445.9851937,0.2679760828614235,238.82728382553398,100.0,13317.25,1.4,22736.8125
345,1775447446.3956218,0.2680581919848919,238.75412844539042,100.0,13317.25,1.4,22737.65234375
346,1775447446.8080087,0.2684288192540407,238.42447386184148,99.0,13317.25,1.5,22736.54296875
347,1775447447.2193902,0.26812063716351986,238.69852271374415,100.0,13317.25,1.5,22736.41796875
348,1775447447.6219478,0.2680535726249218,238.7582428888311,100.0,13317.25,1.4,22736.78515625
349,1775447448.0320199,0.2679502833634615,238.8502792258186,100.0,13317.25,1.4,22736.66015625
350,1775447448.4371002,0.26817864552140236,238.64689105118325,100.0,13317.25,1.4,22736.53515625
351,1775447448.8474047,0.2679886929690838,238.81604589706808,99.0,13317.25,1.4,22736.90234375
352,1775447449.2595732,0.26803257316350937,238.77694880374756,93.0,13317.25,1.4,22736.53125
353,1775447449.6601872,0.2678982503712177,238.89667032657854,92.0,13317.25,1.4,22737.14453125
354,1775447450.061401,0.2681421246379614,238.6793946919424,92.0,13317.25,1.4,22737.01953125
355,1775447450.4748957,0.26808428205549717,238.73089279718053,85.0,13317.25,1.4,22737.140625
356,1775447450.8836439,0.2680487520992756,238.76253666085603,81.0,13317.25,1.4,22737.015625
357,1775447451.2850404,0.26809939183294773,238.71743819500452,80.0,13317.25,1.4,22736.3984375
358,1775447451.6887584,0.26796727254986763,238.8351360634529,78.0,13317.25,1.4,22736.765625
359,1775447452.1003902,0.2680121995508671,238.79510002623292,72.0,13317.25,1.4,22736.88671875
360,1775447452.5125773,0.2679246608167887,238.87312129048195,66.0,13317.25,1.5,22736.76171875
361,1775447452.9145234,0.2678968198597431,238.8979459834838,65.0,13317.25,1.4,22736.63671875
362,1775447453.3160172,0.26795804873108864,238.84335739520066,64.0,13317.25,1.4,22736.265625
363,1775447453.716883,0.2681992147117853,238.62858833787513,63.0,13317.25,1.4,22736.38671875
364,1775447454.127363,0.2679968811571598,238.80874927969353,58.0,13317.25,1.5,22736.5078125
365,1775447454.5376651,0.26811537332832813,238.70320901601946,53.0,13317.25,1.4,22736.875
366,1775447454.9466982,0.26823082752525806,238.60046434809368,48.0,13317.25,1.4,22736.75
367,1775447455.3653543,0.268012460321188,238.79486768377097,39.0,13317.25,1.4,22736.625
368,1775447455.7775373,0.26815379224717617,238.66900953989384,99.0,13317.25,1.5,22736.74609375
369,1775447456.1838167,0.2678447999060154,238.94434397254338,100.0,13317.25,1.4,22736.375
370,1775447456.5941477,0.26804100163280964,238.76944053385472,100.0,13317.25,1.4,22736.98828125
371,1775447456.9942634,0.268073882907629,238.74015366895202,100.0,13317.25,1.4,22736.6171875
372,1775447457.4068196,0.2680122721940279,238.79503530221595,100.0,13317.25,1.4,22736.984375
373,1775447457.8160565,0.2678492069244385,238.94041253612784,100.0,13317.25,1.4,22736.859375
374,1775447458.219613,0.26795899122953415,238.84251730585703,100.0,13317.25,1.5,22736.734375
375,1775447458.628991,0.26804542168974876,238.76550323652717,100.0,13317.25,1.4,22736.85546875
376,1775447459.0315695,0.26811041682958603,238.7076218701309,100.0,13317.25,1.4,22737.22265625
377,1775447459.440913,0.2679192032665014,238.8779871681638,100.0,13317.25,1.4,22736.6015625
378,1775447459.84848,0.26785236969590187,238.93759115389003,97.0,13317.25,1.4,22736.72265625
379,1775447460.2578225,0.2680744845420122,238.7396178690405,92.0,13317.25,1.4,22736.59765625
380,1775447460.6590216,0.2679359596222639,238.8630480590481,91.0,13317.25,1.4,22736.96484375
381,1775447461.0620193,0.267798587679863,238.98557701322954,90.0,13317.25,1.5,22736.83984375
382,1775447461.4636798,0.26795339956879616,238.8475014797049,89.0,13317.25,1.4,22736.71484375
383,1775447461.8719158,0.26792529970407486,238.8725516802198,85.0,13317.25,1.4,22736.58984375
384,1775447462.2845562,0.2679199706763029,238.8773029440343,78.0,13317.25,1.4,22736.95703125
385,1775447462.6951265,0.2682988755404949,238.53994867131055,73.0,13317.25,1.5,22735.6015625
386,1775447463.1069343,0.26808902248740196,238.72667148468375,67.0,13317.25,1.4,22735.4765625
387,1775447463.5206866,0.2678661495447159,238.92529947803743,60.0,13317.25,1.4,22735.11328125
388,1775447463.9203522,0.2679944112896919,238.8109501687272,60.0,13317.25,1.4,22734.98828125
389,1775447464.327561,0.2680011447519064,238.8049501029034,56.0,13317.25,1.4,22735.109375
390,1775447464.7378454,0.2678352277725935,238.95288357788183,51.0,13317.25,1.4,22734.984375
391,1775447465.1501389,0.26799033023416996,238.8145868698949,45.0,13317.25,1.4,22735.3515625
392,1775447465.562598,0.2680143918842077,238.7931467040412,39.0,13317.25,1.4,22735.47265625
393,1775447465.962639,0.2678905799984932,238.90351053165057,39.0,13317.25,1.4,22735.59375
394,1775447466.3759115,0.26806990429759026,238.74369697596566,99.0,13317.25,1.4,22735.46875
395,1775447466.7897198,0.2680604122579098,238.7521509085179,100.0,13317.25,1.4,22735.58984375
396,1775447467.199853,0.26809947192668915,238.71736687903874,100.0,13317.25,1.4,22735.46484375
397,1775447467.6094415,0.2681104727089405,238.70757211889332,100.0,13317.25,1.4,22735.5859375
398,1775447468.0234265,0.2678334303200245,238.9544872106843,100.0,13317.25,1.4,22735.4609375
399,1775447468.4339216,0.2680518124252558,238.7598107281812,100.0,13317.25,1.4,22735.3359375
400,1775447468.8458889,0.268085103482008,238.73016131347723,97.0,13317.25,1.4,22734.71875
401,1775447469.246594,0.2679735813289881,238.82951327738513,96.0,13317.25,1.4,22735.33203125
402,1775447469.6609874,0.2677888460457325,238.9942708408034,89.0,13317.25,1.4,22735.453125
403,1775447470.0765352,0.267950052395463,238.85048511034987,81.0,13317.25,1.4,22735.08203125
404,1775447470.477712,0.2680219616740942,238.78640242855127,80.0,13317.25,1.4,22735.19921875
405,1775447470.8898497,0.26801691949367523,238.79089469763977,74.0,13317.25,1.4,22735.07421875
406,1775447471.2995322,0.2679305002093315,238.86791518695117,69.0,13317.25,1.4,22734.94921875
407,1775447471.7110865,0.26804888248443604,238.76242052124985,64.0,13317.25,1.4,22735.0703125
408,1775447472.1106806,0.2680201530456543,238.78801378453917,64.0,13317.25,1.4,22734.9453125
409,1775447472.520566,0.2679129894822836,238.88352753509236,59.0,13317.25,1.4,22735.55859375
410,1775447472.9210863,0.2678798921406269,238.9130422913654,58.0,13317.25,1.5,22735.1875
411,1775447473.3363323,0.2678615599870682,238.92939323988776,51.0,13317.25,1.4,22735.0625
412,1775447473.7485988,0.26802078261971474,238.78745287751565,45.0,13317.25,1.4,22735.4296875
413,1775447474.151719,0.26806865260005,238.74481174598955,43.0,13317.25,1.4,22735.05859375
414,1775447474.565331,0.26798276230692863,238.8213310776269,36.0,13317.25,1.4,22735.671875
415,1775447474.9658575,0.2679177690297365,238.8792659470696,36.0,13317.25,1.4,22735.546875
416,1775447475.3798406,0.26813460513949394,238.68608815600186,100.0,13317.25,1.4,22735.421875
417,1775447475.7927294,0.26814510487020016,238.6767419490287,100.0,13317.25,1.4,22735.05078125
418,1775447476.2039409,0.26795493997633457,238.8461284037249,100.0,13317.25,1.4,22734.92578125
419,1775447476.6186786,0.2677915673702955,238.99184215723415,100.0,13317.25,1.4,22735.29296875
420,1775447477.0205412,0.2679338902235031,238.86489292792695,100.0,13317.25,1.4,22735.4140625
421,1775447477.4250216,0.26803054101765156,238.77875915560378,100.0,13317.25,1.5,22735.2890625
422,1775447477.8366997,0.2679475490003824,238.85271665578347,99.0,13317.25,1.4,22734.91796875
423,1775447478.2360182,0.26786065101623535,238.9302040340404,99.0,13317.25,1.4,22734.546875
424,1775447478.6393254,0.26780242659151554,238.98215118722766,98.0,13317.25,1.4,22735.65234375
425,1775447479.053067,0.26798720099031925,238.81737546977823,91.0,13317.25,1.4,22735.52734375
426,1775447479.453156,0.26796902157366276,238.83357719544034,91.0,13317.25,1.4,22735.6484375
427,1775447479.8658652,0.268446059897542,238.4091613206278,85.0,13317.25,1.4,22735.02734375
428,1775447480.275915,0.2680402621626854,238.7700992515654,80.0,13317.25,1.4,22735.1484375
429,1775447480.6788979,0.26806882210075855,238.7446607869394,78.0,13317.25,1.4,22735.515625
430,1775447481.088691,0.2681084908545017,238.70933664212745,73.0,13317.25,1.4,22735.390625
431,1775447481.499383,0.2677770871669054,239.00476578158015,68.0,13317.25,1.4,22735.265625
432,1775447481.9005299,0.2678376082330942,238.95075983616894,67.0,13317.25,1.4,22735.140625
433,1775447482.3135414,0.2680264003574848,238.7824479776578,61.0,13317.25,1.4,22735.015625
434,1775447482.7278147,0.2680217921733856,238.7865534403928,54.0,13317.25,1.4,22734.890625
435,1775447483.1427166,0.2679418511688709,238.85779590163338,46.0,13317.25,1.4,22735.01171875
436,1775447483.543962,0.26802334003150463,238.7851744272613,45.0,13317.25,1.4,22735.37890625
437,1775447483.9455798,0.26801477186381817,238.79280815357163,44.0,13317.25,1.4,22735.25390625
438,1775447484.3451502,0.2679376509040594,238.86154030258524,45.0,13317.25,1.4,22735.375
439,1775447484.7547042,0.2678616736084223,238.92929189100562,40.0,13317.25,1.4,22735.49609375
440,1775447485.163499,0.26781330816447735,238.9724410584348,36.0,13317.25,1.4,22735.125
441,1775447485.5734134,0.268017191439867,238.7906524061879,100.0,13317.25,1.4,22735.4921875
442,1775447485.9840264,0.26807234436273575,238.74152386790007,100.0,13317.25,1.4,22735.3671875
443,1775447486.3933918,0.2678343281149864,238.95368622249038,100.0,13317.25,1.5,22735.734375
444,1775447486.7930102,0.2679036408662796,238.89186348141016,100.0,13317.25,1.4,22734.87109375
445,1775447487.201658,0.2678842507302761,238.90915507548635,100.0,13317.25,1.4,22735.23828125
446,1775447487.6124275,0.2678830996155739,238.91018168687503,100.0,13317.25,1.4,22735.359375
447,1775447488.0266516,0.2679897826164961,238.81507487017336,100.0,13317.25,1.5,22735.48046875
448,1775447488.42898,0.2678456474095583,238.94358791703146,100.0,13317.25,1.4,22735.34765625
449,1775447488.8294382,0.26862939447164536,238.246451494553,100.0,13317.25,1.4,22734.73046875
450,1775447489.237553,0.2679916322231293,238.8134266323425,98.0,13317.25,1.4,22734.8515625
451,1775447489.6398022,0.26801873929798603,238.78927334571233,96.0,13317.25,1.4,22735.46484375
452,1775447490.0558028,0.2678925599902868,238.90174479769237,88.0,13317.25,1.5,22735.5859375
453,1775447490.4577637,0.2678779885172844,238.9147400808951,87.0,13317.25,1.4,22735.4609375
454,1775447490.8719127,0.2679352406412363,238.86368902736322,80.0,13317.25,1.4,22735.3359375
455,1775447491.2736402,0.26786404848098755,238.9271735529025,79.0,13317.25,1.5,22735.2109375
456,1775447491.6871696,0.26812672428786755,238.6931036806611,73.0,13317.25,1.4,22735.0859375
457,1775447492.0971997,0.26793646812438965,238.86259473379326,67.0,13317.25,1.4,22734.9609375
458,1775447492.5070274,0.2680169530212879,238.79086482606434,62.0,13317.25,1.4,22735.5703125
459,1775447492.918754,0.2678393665701151,238.9491911497859,56.0,13317.25,1.5,22735.4453125
460,1775447493.3193626,0.26798514276742935,238.81920967365843,56.0,13317.25,1.5,22735.07421875
461,1775447493.7312825,0.2678964864462614,238.89824330651703,50.0,13317.25,1.4,22735.1953125
462,1775447494.131738,0.26783788949251175,238.95050891143362,50.0,13317.25,1.4,22735.5625
463,1775447494.5331182,0.26792198047041893,238.87551102611454,49.0,13317.25,1.4,22735.68359375
464,1775447494.9339821,0.26790506206452847,238.89059619405307,49.0,13317.25,1.4,22735.8046875
465,1775447495.3425589,0.26788091100752354,238.91213360179492,44.0,13317.25,1.4,22736.05078125
466,1775447495.7443976,0.26788423024117947,238.90917334842746,43.0,13317.25,1.4,22735.55078125
467,1775447496.1484334,0.2680121622979641,238.7951332180501,42.0,13317.25,1.5,22735.42578125
468,1775447496.5631459,0.2680677603930235,238.7456063577633,34.0,13317.25,1.4,22735.546875
469,1775447496.9652529,0.26796984300017357,238.83284508234215,99.0,13317.25,1.4,22735.421875
470,1775447497.373767,0.267869358882308,238.9224369186595,100.0,13317.25,1.4,22735.7890625
471,1775447497.7776825,0.268317848443985,238.5230813795858,99.0,13317.25,1.4,22735.6640625
472,1775447498.192842,0.26795061118900776,238.8499870032224,100.0,13317.25,1.4,22735.5390625
473,1775447498.6042855,0.2679796237498522,238.82412813498587,100.0,13317.25,1.4,22735.4140625
474,1775447499.0177312,0.2679019719362259,238.89335168923358,100.0,13317.25,1.4,22735.53515625
475,1775447499.430657,0.26786121912300587,238.92969728705015,99.0,13317.25,1.4,22735.41015625
476,1775447499.8317647,0.26791459880769253,238.88209259525576,99.0,13317.25,1.4,22735.0390625
477,1775447500.2468274,0.26781088672578335,238.97460175146207,91.0,13317.25,1.4,22735.40625
478,1775447500.6476316,0.2679258733987808,238.87204019576868,91.0,13317.25,1.4,22735.28125
479,1775447501.0484846,0.26782481744885445,238.96217165245284,90.0,13317.25,1.4,22735.6484375
480,1775447501.4603553,0.2680831030011177,238.73194275781404,84.0,13317.25,1.4,22735.76171875
481,1775447501.8713179,0.2679045516997576,238.89105128652398,79.0,13317.25,1.4,22735.63671875
482,1775447502.2713208,0.2677908893674612,238.99244724558028,79.0,13317.25,1.4,22735.265625
483,1775447502.6723337,0.2678338885307312,238.95407840691024,78.0,13317.25,1.4,22736.125
484,1775447503.0739186,0.26785026863217354,238.93946542158693,77.0,13317.25,1.4,22735.26171875
485,1775447503.474637,0.26776240579783916,239.01787037393163,77.0,13317.25,1.4,22735.875
486,1775447503.8755221,0.2679785620421171,238.82507433539172,76.0,13317.25,1.4,22735.75
487,1775447504.2768493,0.2678082790225744,238.9769286953419,76.0,13317.25,1.4,22735.1328125
488,1775447504.6774762,0.26791875064373016,238.87839072937888,75.0,13317.25,1.4,22735.5
489,1775447505.080252,0.2679036594927311,238.89184687205247,74.0,13317.25,1.4,22735.12890625
490,1775447505.4888241,0.2678717412054539,238.9203120567798,69.0,13317.25,1.4,22735.49609375
491,1775447505.9008904,0.26792499981820583,238.87281904796373,63.0,13317.25,1.4,22735.37109375
492,1775447506.3123868,0.26787769235670567,238.91500422057416,58.0,13317.25,1.4,22734.75390625
493,1775447506.7153327,0.26821551471948624,238.6140863884572,56.0,13317.25,1.4,22735.3671875
494,1775447507.1156971,0.26794946007430553,238.85101310617327,56.0,13317.25,1.4,22735.2421875
495,1775447507.5258212,0.26773545518517494,239.04193023570758,51.0,13317.25,1.4,22735.36328125
496,1775447507.9364648,0.2680249512195587,238.7837390093318,45.0,13317.25,1.4,22735.73046875
497,1775447508.3472362,0.26797011122107506,238.83260602597605,40.0,13317.25,1.4,22735.8515625
498,1775447508.7547467,0.2678859606385231,238.90763012534123,36.0,13317.25,1.4,22735.7265625
499,1775447509.1533847,0.26779169775545597,238.99172579444192,37.0,13317.25,1.4,22735.35546875
500,1775447509.5641422,0.26815844513475895,238.66486833125012,100.0,13317.25,1.4,22735.72265625
501,1775447509.9641285,0.2679167315363884,238.8801909943707,100.0,13317.25,1.4,22735.3515625
502,1775447510.3690314,0.26805493235588074,238.7570317677683,100.0,13317.25,1.4,22735.71875
503,1775447510.781092,0.26798214204609394,238.82188384400538,100.0,13317.25,1.5,22735.1015625
504,1775447511.1924334,0.2678425572812557,238.9463446348258,100.0,13317.25,1.4,22735.22265625
505,1775447511.605663,0.2678799908608198,238.91295424618687,100.0,13317.25,1.4,22735.34375
506,1775447512.0199254,0.2680889032781124,238.72677763766717,100.0,13317.25,1.4,22735.21875
507,1775447512.4209387,0.2679100017994642,238.886191520036,100.0,13317.25,1.5,22735.09375
508,1775447512.8242722,0.26793674007058144,238.86235229681733,100.0,13317.25,1.5,22734.96875
509,1775447513.234638,0.26794074289500713,238.8587838807272,95.0,13317.25,1.4,22735.4609375
510,1775447513.6434717,0.268133582547307,238.68699844305564,91.0,13317.25,1.4,22735.45703125
511,1775447514.0518541,0.2679298799484968,238.86846816899438,87.0,13317.25,1.5,22735.578125
512,1775447514.4546895,0.2677817400544882,239.00061291325275,85.0,13317.25,1.4,22735.20703125
513,1775447514.866112,0.26779472827911377,238.98902122260927,79.0,13317.25,1.4,22735.08203125
514,1775447515.276394,0.2682338859885931,238.59774377172337,74.0,13317.25,1.6,22736.30859375
515,1775447515.6893888,0.26807435415685177,238.73973398646424,68.0,13317.25,1.4,22736.5390625
516,1775447516.0904877,0.2678591087460518,238.93157973834764,67.0,13317.25,1.4,22736.90625
517,1775447516.503558,0.2680049017071724,238.80160247937442,60.0,13317.25,1.4,22737.02734375
518,1775447516.9166622,0.2679583914577961,238.84305190748285,54.0,13317.25,1.4,22736.65625
519,1775447517.3177965,0.2679418809711933,238.8577693342412,53.0,13317.25,1.4,22736.90234375
520,1775447517.721254,0.2678682003170252,238.92347028969934,51.0,13317.25,1.5,22736.65234375
521,1775447518.1226764,0.26781887002289295,238.9674782606966,51.0,13317.25,1.4,22736.52734375
522,1775447518.5336192,0.26795580983161926,238.8453530461495,45.0,13317.25,1.4,22736.89453125
523,1775447518.9481707,0.267801396548748,238.9830703827194,38.0,13317.25,1.4,22737.015625
524,1775447519.3596413,0.26786863803863525,238.92307986711435,99.0,13317.25,1.5,22737.12109375
525,1775447519.7629583,0.26777386851608753,239.00763862682498,100.0,13317.25,1.4,22736.75
526,1775447520.1739109,0.26792067661881447,238.876673527726,100.0,13317.25,1.4,22736.625
527,1775447520.5857797,0.2679051011800766,238.89056131477466,100.0,13317.25,1.4,22736.74609375
528,1775447520.9876313,0.26789222843945026,238.902040469104,100.0,13317.25,1.4,22736.8671875
529,1775447521.396679,0.2679664008319378,238.83591301485328,100.0,13317.25,1.4,22736.7421875
530,1775447521.8115325,0.2679336201399565,238.86513370949595,100.0,13317.25,1.4,22736.6171875
531,1775447522.222063,0.267931392416358,238.8671197608146,99.0,13317.25,1.4,22736.6171875
532,1775447522.6316257,0.26799580082297325,238.80971195617988,95.0,13317.25,1.5,22736.61328125
533,1775447523.0306711,0.2678110282868147,238.97447543294822,96.0,13317.25,1.4,22736.734375
534,1775447523.4441197,0.26787989400327206,238.91304063013501,89.0,13317.25,1.4,22737.34375
535,1775447523.859539,0.26804583705961704,238.76513324012387,81.0,13317.25,1.4,22736.48046875
536,1775447524.261765,0.26859534345567226,238.27665504767867,80.0,13317.25,1.7,22737.921875
537,1775447524.674204,0.26799765415489674,238.80806047283315,74.0,13317.25,1.4,22738.15234375
538,1775447525.0887413,0.2678223382681608,238.96438368004655,66.0,13317.25,1.4,22738.2734375
539,1775447525.499263,0.2679462917149067,238.85383742535848,61.0,13317.25,1.6,22738.1484375
540,1775447525.912172,0.268007755279541,238.79905987513632,55.0,13317.25,1.5,22738.515625
541,1775447526.325369,0.26785141229629517,238.93844520484998,48.0,13317.25,1.4,22738.76171875
542,1775447526.736455,0.26796243339776993,238.83944920367568,42.0,13317.25,1.5,22738.265625
543,1775447527.147488,0.2677587792277336,239.021107672316,37.0,13317.25,1.9,22737.89453125
544,1775447527.561604,0.2679134216159582,238.88314222548024,100.0,13317.25,2.0,22738.26171875
545,1775447527.9617383,0.2677757013589144,239.00600269259425,100.0,13317.25,1.8,22738.13671875
546,1775447528.3747818,0.2677774205803871,239.0044681933409,100.0,13317.25,1.4,22738.50390625
547,1775447528.7770932,0.2679882440716028,238.8164459292478,100.0,13317.25,1.4,22738.1328125
548,1775447529.188197,0.267876410856843,238.91614717132566,100.0,13317.25,1.5,22738.0078125
549,1775447529.6055558,0.26787422224879265,238.9180991837241,100.0,13317.25,1.6,22739.5
550,1775447530.0085409,0.2678320910781622,238.95568205575,100.0,13317.25,1.4,22736.87109375
551,1775447530.423229,0.2678996901959181,238.89538637837197,98.0,13317.25,1.6,22735.50390625
552,1775447530.8348296,0.2679986525326967,238.8071708390093,93.0,13317.25,1.4,22735.625
553,1775447531.2480676,0.267881840467453,238.9113046570092,86.0,13317.25,1.4,22735.5
554,1775447531.651382,0.26781789027154446,238.96835246931963,84.0,13317.25,1.5,22735.8671875
555,1775447532.0525346,0.2679954916238785,238.809987482258,83.0,13317.25,1.4,22735.984375
556,1775447532.4641008,0.2679072730243206,238.8886247003458,78.0,13317.25,1.4,22735.3671875
557,1775447532.8647213,0.26772713102400303,239.0493625177722,77.0,13317.25,1.5,22735.2421875
558,1775447533.2730124,0.2684100791811943,238.4411203753486,73.0,13317.25,1.4,22735.36328125
559,1775447533.6840358,0.267860671505332,238.93018575788207,67.0,13317.25,1.4,22735.484375
560,1775447534.0941474,0.26790889352560043,238.88717973404786,62.0,13317.25,1.4,22735.11328125
561,1775447534.5045707,0.26773661747574806,239.04089251369288,57.0,13317.25,1.4,22735.48046875
562,1775447534.904775,0.267790948972106,238.99239405087758,57.0,13317.25,1.4,22735.109375
563,1775447535.3155484,0.26802693493664265,238.7819717265677,52.0,13317.25,1.4,22734.984375
564,1775447535.7258117,0.2679669912904501,238.83538674593783,46.0,13317.25,1.3,22734.859375
565,1775447536.1274161,0.2679018806666136,238.89343307613368,45.0,13317.25,1.4,22734.98046875
566,1775447536.5295548,0.267937621101737,238.86156687081632,44.0,13317.25,1.4,22735.3203125
567,1775447536.9304683,0.26786880008876324,238.92293532801293,44.0,13317.25,1.6,22735.1953125
568,1775447537.3301103,0.2679995037615299,238.8064123318235,44.0,13317.25,1.4,22735.0703125
569,1775447537.7313044,0.26820981688797474,238.61915549023834,43.0,13317.25,1.4,22735.4375
570,1775447538.1457548,0.26777748949825764,239.0044066807805,36.0,13317.25,1.4,22735.06640625
571,1775447538.5602458,0.26779316924512386,238.99041256507087,100.0,13317.25,1.4,22735.6796875
572,1775447538.9641109,0.26784381084144115,238.94522632030083,100.0,13317.25,1.4,22735.80078125
573,1775447539.3774457,0.2679472118616104,238.85301718703747,100.0,13317.25,1.4,22735.4296875
574,1775447539.786176,0.267811082303524,238.97442723249787,100.0,13317.25,1.4,22735.55078125
575,1775447540.1885943,0.2679700627923012,238.83264918889563,100.0,13317.25,1.4,22735.42578125
576,1775447540.599886,0.2678333520889282,238.95455700659042,100.0,13317.25,1.4,22735.30078125
577,1775447541.011793,0.2680802922695875,238.73444578178905,100.0,13317.25,1.4,22735.421875
578,1775447541.4232066,0.2678140737116337,238.9717579551529,97.0,13317.25,1.4,22735.54296875
579,1775447541.8268824,0.2676763776689768,239.09468798604968,95.0,13317.25,1.7,22735.6015625
580,1775447542.240202,0.26822968758642673,238.60147836685098,88.0,13317.25,1.4,22735.23046875
581,1775447542.6449568,0.26800485141575336,238.80164729077018,86.0,13317.25,1.5,22734.95703125
582,1775447543.046808,0.26797512359917164,238.8281387481664,85.0,13317.25,1.5,22734.33203125
583,1775447543.4510837,0.2680440917611122,238.76668789640192,83.0,13317.25,1.4,22735.17578125
584,1775447543.8650372,0.2678224314004183,238.9643005828527,75.0,13317.25,1.4,22735.296875
585,1775447544.2755814,0.2679128237068653,238.88367534816135,70.0,13317.25,1.4,22735.296875
586,1775447544.686967,0.2679870333522558,238.81752486089556,64.0,13317.25,1.5,22735.29296875
587,1775447545.1009452,0.26775940135121346,239.02055232059908,57.0,13317.25,1.5,22735.4140625
588,1775447545.5127027,0.26799783296883106,238.8079011349446,51.0,13317.25,1.5,22735.53515625
589,1775447545.9158037,0.2679821737110615,238.8218556246388,50.0,13317.25,1.5,22735.65625
590,1775447546.3157306,0.2680949829518795,238.721363955876,50.0,13317.25,1.5,22736.1484375
591,1775447546.7163148,0.2678581029176712,238.93247694534378,49.0,13317.25,1.8,22735.39453125
592,1775447547.115946,0.26782193034887314,238.96474764643665,49.0,13317.25,1.5,22735.515625
593,1775447547.5158126,0.2678879611194134,238.90584605805202,49.0,13317.25,1.4,22735.87890625
594,1775447547.9179683,0.26784614101052284,238.9431475792128,48.0,13317.25,1.5,22735.75390625
595,1775447548.3302026,0.2679823040962219,238.82173942731723,42.0,13317.25,1.5,22735.75390625
596,1775447548.7428198,0.26791232265532017,238.88412211012235,36.0,13317.25,1.4,22735.50390625
597,1775447549.1514053,0.2679716031998396,238.83127628367419,100.0,13317.25,1.4,22735.1328125
598,1775447549.5567021,0.2681033965200186,238.71387244891278,99.0,13317.25,1.4,22735.5
599,1775447549.9608953,0.2678242214024067,238.96270346601628,100.0,13317.25,1.5,22735.62109375
600,1775447550.369587,0.26786080189049244,238.93006945512187,100.0,13317.25,1.4,22735.49609375
601,1775447550.7733495,0.2678866386413574,238.90702546640347,100.0,13317.25,1.4,22735.125
602,1775447551.1773398,0.26830871775746346,238.53119844526458,99.0,13317.25,1.4,22735.86328125
603,1775447551.589074,0.2680071424692869,238.7996058998102,99.0,13317.25,1.4,22735.609375
604,1775447552.001105,0.26778717897832394,238.99575866244322,100.0,13317.25,1.4,22735.73046875
605,1775447552.4008296,0.2677768003195524,239.00502180780921,100.0,13317.25,1.4,22735.58984375
606,1775447552.8108282,0.26814237609505653,238.67917086448128,100.0,13317.25,1.4,22733.49609375
607,1775447553.2128046,0.26791674457490444,238.88017936895622,99.0,13317.25,1.4,22733.7421875
608,1775447553.6140585,0.26778117939829826,239.0011133112767,99.0,13317.25,1.5,22733.984375
609,1775447554.0143657,0.267891351133585,238.90282283912245,99.0,13317.25,1.4,22734.10546875
610,1775447554.4164336,0.26792265102267265,238.8749131725487,98.0,13317.25,1.4,22733.98046875
611,1775447554.8181953,0.26793515123426914,238.86376873350818,97.0,13317.25,1.4,22733.85546875
612,1775447555.2199352,0.2678976710885763,238.89718689954333,96.0,13317.25,1.4,22733.85546875
613,1775447555.6293123,0.2678354326635599,238.95270078172692,91.0,13317.25,1.4,22734.09765625
614,1775447556.039118,0.2677895110100508,238.9936773796862,86.0,13317.25,1.4,22733.6875
615,1775447556.448936,0.2679463215172291,238.85381085884686,81.0,13317.25,1.4,22734.0546875
616,1775447556.8656058,0.2680231761187315,238.78532045918544,73.0,13317.25,1.5,22733.9296875
617,1775447557.265698,0.26786214113235474,238.92887486618213,73.0,13317.25,1.4,22734.421875
618,1775447557.6777492,0.26779442094266415,238.98929550030715,67.0,13317.25,1.4,22733.6796875
619,1775447558.080689,0.2679208926856518,238.87648088381968,65.0,13317.25,1.4,22733.80078125
620,1775447558.4908009,0.26797447353601456,238.82871810698302,60.0,13317.25,1.4,22733.921875
621,1775447558.8916423,0.2677709776908159,239.01021892633247,60.0,13317.25,1.5,22734.2890625
622,1775447559.3002894,0.2677386589348316,239.0390698699129,55.0,13317.25,1.4,22734.04296875
623,1775447559.703995,0.2681529428809881,238.66976551663106,54.0,13317.25,1.5,22734.0390625
624,1775447560.1139991,0.2678579203784466,238.93263977252104,48.0,13317.25,1.4,22733.421875
625,1775447560.5245678,0.26793249137699604,238.86614001565198,43.0,13317.25,1.5,22734.03515625
626,1775447560.9273052,0.26788139156997204,238.9117050083819,42.0,13317.25,1.4,22733.91015625
627,1775447561.3272758,0.26790173165500164,238.89356595282442,42.0,13317.25,1.5,22734.6484375
628,1775447561.7289202,0.26791221275925636,238.88422009902868,41.0,13317.25,1.4,22733.90625
629,1775447562.1432972,0.26800047419965267,238.80554760631443,34.0,13317.25,1.5,22733.78125
630,1775447562.5558984,0.2677318174391985,239.04517816428114,100.0,13317.25,1.5,22733.65625
631,1775447562.9580777,0.2677986193448305,238.9855487551655,100.0,13317.25,1.5,22734.01171875
632,1775447563.3579025,0.2679366022348404,238.86247517577104,100.0,13317.25,1.7,22734.09765625
633,1775447563.7598126,0.26800463534891605,238.80183981399503,100.0,13317.25,1.9,22733.984375
634,1775447564.1615431,0.2679233234375715,238.87431366128362,100.0,13317.25,2.0,22734.10546875
635,1775447564.563985,0.2679173108190298,238.87967449490452,100.0,13317.25,1.9,22734.47265625
636,1775447564.9754426,0.2678176499903202,238.9685668674681,100.0,13317.25,2.0,22734.1015625
637,1775447565.3858523,0.2680154833942652,238.7921742038036,100.0,13317.25,1.9,22734.22265625
638,1775447565.7918835,0.2678158823400736,238.97014411838566,100.0,13317.25,2.0,22734.09765625
639,1775447566.201336,0.2677791193127632,239.00295200108067,100.0,13317.25,1.9,22733.7265625
640,1775447566.6169076,0.2679270710796118,238.87097239600345,96.0,13317.25,2.0,22734.08984375
641,1775447567.0300224,0.2679658103734255,238.83643928608797,89.0,13317.25,2.0,22734.2109375
642,1775447567.4322217,0.2677880674600601,238.9949657093867,88.0,13317.25,2.1,22734.0859375
643,1775447567.8353822,0.2677894104272127,238.99376714672482,86.0,13317.25,2.0,22734.453125
644,1775447568.2373364,0.2678852044045925,238.9083045562288,85.0,13317.25,2.0,22734.08203125
645,1775447568.6523995,0.2685238029807806,238.34013703649487,78.0,13317.25,2.0,22734.203125
646,1775447569.0538595,0.2679987736046314,238.80706295476116,77.0,13317.25,2.1,22734.5703125
647,1775447569.4545994,0.2676797490566969,239.09167662303898,77.0,13317.25,2.0,22734.4453125
648,1775447569.8562949,0.26795291155576706,238.84793648409433,76.0,13317.25,2.1,22734.3203125
649,1775447570.2665966,0.2678076196461916,238.97751708690086,70.0,13317.25,2.0,22740.1015625
650,1775447570.664968,0.2679414842277765,238.8581230131342,71.0,13317.25,1.9,22747.35546875
651,1775447571.0798805,0.2676956094801426,239.07751092476346,64.0,13317.25,2.0,22754.859375
652,1775447571.4887757,0.267789788544178,238.99342968950344,59.0,13317.25,1.9,22762.36328125
653,1775447571.8985472,0.2680510841310024,238.76045943810396,54.0,13317.25,1.9,22770.359375
654,1775447572.2976909,0.2679510526359081,238.84959350006062,55.0,13317.25,1.9,22772.6953125
655,1775447572.7070937,0.26787034049630165,238.92156138459688,50.0,13317.25,2.5,22744.01171875
656,1775447573.1078498,0.26784404180943966,238.94502027240705,50.0,13317.25,2.8,22743.640625
657,1775447573.5108838,0.2677705604583025,239.0105913452952,48.0,13317.25,1.9,22744.6015625
658,1775447573.9237008,0.2679924014955759,238.81274111817132,42.0,13317.25,1.9,22744.23046875
659,1775447574.3252246,0.26793914288282394,238.8602102380715,41.0,13317.25,2.0,22744.3515625
660,1775447574.7264204,0.2677396312355995,239.03820179569425,40.0,13317.25,1.9,22744.47265625
661,1775447575.1284454,0.2678299192339182,238.9576197575726,39.0,13317.25,1.9,22744.83984375
662,1775447575.5412471,0.267880130559206,238.91282965406396,99.0,13317.25,1.9,22744.46875
663,1775447575.9463873,0.26794234476983547,238.85735587996174,100.0,13317.25,2.0,22744.58984375
664,1775447576.3483448,0.2677611205726862,239.01901763451357,100.0,13317.25,2.0,22744.7109375
665,1775447576.7608502,0.2678039688616991,238.98077490050662,100.0,13317.25,1.9,22744.83203125
666,1775447577.1751423,0.2679100316017866,238.88616494632672,100.0,13317.25,2.0,22744.4609375
667,1775447577.5884333,0.268218245357275,238.61165714043807,99.0,13317.25,1.9,22744.58203125
668,1775447577.990819,0.2677827011793852,238.99975509294376,100.0,13317.25,2.0,22744.2109375
669,1775447578.4030354,0.2678056191653013,238.9793022247842,100.0,13317.25,2.0,22744.82421875
670,1775447578.8063512,0.26787603087723255,238.9164860716156,99.0,13317.25,2.0,22744.453125
671,1775447579.2173026,0.26788303069770336,238.91024315094361,94.0,13317.25,2.0,22744.57421875
672,1775447579.6197858,0.2679695840924978,238.8330758385939,93.0,13317.25,2.0,22744.6953125
673,1775447580.022848,0.26779354736208916,238.9900751173227,91.0,13317.25,1.9,22744.5703125
674,1775447580.4221747,0.26782641001045704,238.96075072469955,91.0,13317.25,2.0,22743.19921875
675,1775447580.8350322,0.26799748465418816,238.80821151206962,85.0,13317.25,1.9,22742.58203125
676,1775447581.2375433,0.2678878530859947,238.9059424036496,83.0,13317.25,2.1,22742.45703125
677,1775447581.6388328,0.2679769527167082,238.82650859030252,83.0,13317.25,1.9,22742.57421875
678,1775447582.0408826,0.2677509505301714,239.02809634578006,81.0,13317.25,2.0,22742.94140625
679,1775447582.4552708,0.26789241284132004,238.9018760225544,74.0,13317.25,2.0,22742.81640625
680,1775447582.8568645,0.26783042028546333,238.95717272065843,73.0,13317.25,2.0,22742.4453125
681,1775447583.2689342,0.26779828034341335,238.98585128302193,67.0,13317.25,2.0,22742.3203125
682,1775447583.6715739,0.2678844705224037,238.90895905683922,66.0,13317.25,2.5,22742.93359375
683,1775447584.0875852,0.2678607124835253,238.9301492055738,58.0,13317.25,2.2,22742.5625
684,1775447584.4973629,0.2679805438965559,238.82330810069877,53.0,13317.25,2.6,22743.421875
685,1775447584.9079862,0.26786539144814014,238.92597567009946,48.0,13317.25,2.2,22743.05078125
686,1775447585.31128,0.2679291944950819,238.86907927525152,46.0,13317.25,1.9,22742.92578125
687,1775447585.720985,0.268144017085433,238.67771019335868,42.0,13317.25,1.9,22742.5546875
688,1775447586.1313117,0.26793490163981915,238.8639912467777,36.0,13317.25,1.9,22742.921875
689,1775447586.5497289,0.26806088350713253,238.75173118384913,100.0,13317.25,2.0,22742.796875
690,1775447586.970089,0.2676831353455782,239.0886520264946,100.0,13317.25,1.9,22742.671875
691,1775447587.3738406,0.2678106091916561,238.97484940262024,100.0,13317.25,2.0,22742.79296875
692,1775447587.7870996,0.26782687194645405,238.96033857571751,100.0,13317.25,1.9,22743.16015625
693,1775447588.1874702,0.26773180812597275,239.04518647962374,100.0,13317.25,2.0,22742.296875
694,1775447588.5966337,0.267781138420105,239.00114988530083,100.0,13317.25,1.9,22742.91015625
695,1775447589.001389,0.2678894642740488,238.90450553340352,100.0,13317.25,1.9,22742.5390625
696,1775447589.4128032,0.2679436933249235,238.8561537158108,94.0,13317.25,1.9,22742.90625
697,1775447589.8225024,0.2677474096417427,239.0312574289129,89.0,13317.25,2.0,22743.02734375
698,1775447590.2354622,0.26786802150309086,238.92362978184585,83.0,13317.25,1.9,22742.65625
699,1775447590.6477213,0.26766617596149445,239.10380073277105,77.0,13317.25,1.9,22742.77734375
700,1775447591.060824,0.2678831126540899,238.9101700585413,70.0,13317.25,1.9,22742.40625
701,1775447591.4605863,0.26780949905514717,238.97584001238567,70.0,13317.25,2.0,22743.01953125
702,1775447591.8717444,0.26780102029442787,238.9834061484778,65.0,13317.25,2.0,22743.140625
703,1775447592.2739818,0.26785016246140003,238.93956013270315,63.0,13317.25,1.9,22742.76953125
704,1775447592.6839094,0.26780322939157486,238.98143478479446,58.0,13317.25,2.0,22742.3984375
705,1775447593.091438,0.26795249059796333,238.84831171816117,55.0,13317.25,2.0,22742.51953125
706,1775447593.4942155,0.2679039854556322,238.89155620866674,53.0,13317.25,1.9,22742.88671875
707,1775447593.8959816,0.2678083200007677,238.9768921287305,52.0,13317.25,1.9,22743.0078125
708,1775447594.3116858,0.2679194826632738,238.8777380569833,44.0,13317.25,1.9,22742.390625
709,1775447594.7142935,0.26797420158982277,238.82896047568863,43.0,13317.25,2.0,22743.00390625
710,1775447595.1273966,0.2677329797297716,239.0441404140667,37.0,13317.25,2.0,22742.38671875
711,1775447595.5312185,0.2684268206357956,238.42624909243287,35.0,13317.25,1.9,22743.0
712,1775447595.9326334,0.26790084317326546,238.89435823316114,34.0,13317.25,1.9,22742.875
713,1775447596.3336668,0.26785673201084137,238.93369981610033,99.0,13317.25,2.0,22742.99609375
714,1775447596.74876,0.26777550019323826,239.00618224525718,100.0,13317.25,2.0,22742.625
715,1775447597.1494026,0.26783572882413864,238.9524365586882,100.0,13317.25,2.0,22742.74609375
716,1775447597.5601993,0.2680515944957733,238.76000484305703,99.0,13317.25,1.9,22743.5703125
717,1775447597.9714942,0.2679130919277668,238.8834361900288,100.0,13317.25,1.9,22743.69140625
718,1775447598.3735793,0.2678283918648958,238.95898248265016,100.0,13317.25,2.3,22743.3203125
719,1775447598.7863414,0.2677402775734663,239.0376247460145,100.0,13317.25,2.4,22742.94921875
720,1775447599.1990588,0.2678298596292734,238.95767293679637,99.0,13317.25,2.3,22743.80859375
721,1775447599.612158,0.2678138706833124,238.9719391184165,93.0,13317.25,2.3,22743.19140625
722,1775447600.0216858,0.26782769337296486,238.95960568527343,88.0,13317.25,1.9,22743.8046875
723,1775447600.4328692,0.2676931470632553,239.07971011628825,83.0,13317.25,1.9,22743.6796875
724,1775447600.8420923,0.2676529362797737,239.11562820705143,78.0,13317.25,1.9,22743.80078125
725,1775447601.2523699,0.2678457014262676,238.94353972904014,73.0,13317.25,1.9,22743.18359375
726,1775447601.664289,0.2678712010383606,238.9207938438849,67.0,13317.25,2.0,22743.55078125
727,1775447602.076548,0.26777710765600204,239.00474749401337,61.0,13317.25,1.9,22743.1796875
728,1775447602.4887846,0.2678460329771042,238.94324395489852,54.0,13317.25,1.9,22743.79296875
729,1775447602.89961,0.2677279897034168,239.0485958188301,49.0,13317.25,2.0,22743.421875
730,1775447603.301892,0.26773886010050774,239.03889026783315,48.0,13317.25,2.0,22743.54296875
731,1775447603.7163544,0.26777623035013676,239.00553053687918,41.0,13317.25,1.9,22743.171875
732,1775447604.1183484,0.26801364310085773,238.79381385042328,40.0,13317.25,2.0,22743.29296875
733,1775447604.5187228,0.2679538242518902,238.84712292755617,40.0,13317.25,1.9,22743.4140625
734,1775447604.918869,0.2678549326956272,238.93530485296458,39.0,13317.25,2.0,22743.2890625
735,1775447605.3304691,0.2677497901022434,239.02913229385106,34.0,13317.25,2.0,22743.65625
736,1775447605.733578,0.2678715791553259,238.92045659270732,99.0,13317.25,1.9,22743.77734375
737,1775447606.1485722,0.2678953018039465,238.8992997228337,100.0,13317.25,1.9,22743.16015625
738,1775447606.5590744,0.2680788952857256,238.73568984901667,99.0,13317.25,1.9,22743.52734375
739,1775447606.9738905,0.2678101807832718,238.97523168393914,100.0,13317.25,2.0,22743.40234375
740,1775447607.3793445,0.2678011506795883,238.98328979390024,100.0,13317.25,1.9,22743.27734375
741,1775447607.7846527,0.2676904480904341,239.08212062306694,100.0,13317.25,2.0,22743.64453125
742,1775447608.1967807,0.26774494908750057,239.0334541066709,99.0,13317.25,2.0,22743.2734375
743,1775447608.596486,0.26761237904429436,239.15186669824016,99.0,13317.25,2.0,22743.39453125
744,1775447609.0081666,0.2678105104714632,238.9749374934244,94.0,13317.25,2.0,22743.0234375
745,1775447609.4124713,0.2680092044174671,238.79776867778685,92.0,13317.25,2.0,22743.6328125
746,1775447609.8249917,0.2678032200783491,238.98144309570293,85.0,13317.25,1.9,22743.015625
747,1775447610.2274284,0.267957491800189,238.84385381440885,84.0,13317.25,2.0,22743.62890625
748,1775447610.627983,0.2679731138050556,238.82992995543034,84.0,13317.25,1.9,22743.50390625
749,1775447611.0370457,0.26777016930282116,239.01094048912682,79.0,13317.25,2.0,22743.87109375
750,1775447611.44644,0.2677848432213068,238.99784330627014,74.0,13317.25,1.9,22743.5
751,1775447611.8483734,0.26797580160200596,238.8275344915357,73.0,13317.25,2.0,22743.62109375
752,1775447612.2495837,0.2680147346109152,238.7928413447517,73.0,13317.25,1.9,22742.7578125
753,1775447612.6504564,0.26781107299029827,238.97443554291897,72.0,13317.25,2.0,22743.6171875
754,1775447613.0608628,0.2685789745301008,238.29117715551945,67.0,13317.25,2.0,22743.4921875
755,1775447613.4722373,0.2680920772254467,238.72395134668778,61.0,13317.25,2.7,22743.61328125
756,1775447613.8740995,0.2677481099963188,239.03063218963493,60.0,13317.25,2.0,22743.48828125
757,1775447614.2871592,0.26779830083251,238.98583299834954,53.0,13317.25,2.7,22743.1171875
758,1775447614.700003,0.2678071726113558,238.9779159980804,47.0,13317.25,2.0,22743.23828125
759,1775447615.1148558,0.26778535917401314,238.99738281961604,40.0,13317.25,2.0,22743.359375
760,1775447615.5153143,0.26780560053884983,238.97931884630506,40.0,13317.25,2.1,22743.48046875
761,1775447615.9276948,0.2678696718066931,238.9221578103299,99.0,13317.25,1.9,22743.35546875
762,1775447616.3348958,0.2679268214851618,238.87119492269431,100.0,13317.25,2.0,22743.35546875
763,1775447616.7480626,0.26790113374590874,238.89409912203246,100.0,13317.25,2.0,22743.59765625
764,1775447617.162747,0.26777688041329384,239.00495031991085,100.0,13317.25,2.0,22743.71875
765,1775447617.5632272,0.2678043805062771,238.9804075609581,100.0,13317.25,2.0,22743.83984375
766,1775447617.9754777,0.2677586581557989,239.0212157500459,100.0,13317.25,2.0,22743.71484375
767,1775447618.377218,0.2677358780056238,239.04155273002178,100.0,13317.25,2.0,22743.58984375
768,1775447618.7795658,0.2678496912121773,238.93998051803752,100.0,13317.25,2.0,22743.7109375
769,1775447619.19214,0.26775996945798397,239.02004519029748,99.0,13317.25,2.0,22743.33984375
770,1775447619.5925436,0.2678184490650892,238.96785387046197,99.0,13317.25,2.0,22743.70703125
771,1775447620.0058882,0.26801127567887306,238.79592318602224,93.0,13317.25,2.0,22743.3359375
772,1775447620.4184644,0.26785034127533436,238.9394006192875,87.0,13317.25,2.0,22743.703125
773,1775447620.822578,0.2679251432418823,238.87269117635935,85.0,13317.25,2.0,22743.0859375
774,1775447621.2325723,0.2677864208817482,238.99643525338337,80.0,13317.25,2.0,22743.20703125
775,1775447621.64337,0.26789444498717785,238.90006380335066,74.0,13317.25,2.1,22744.5546875
776,1775447622.0539727,0.26827695965766907,238.55943530024447,69.0,13317.25,2.0,22744.18359375
777,1775447622.4562924,0.2677001282572746,239.07347529730154,68.0,13317.25,2.0,22649.3125
778,1775447622.8642838,0.26792627200484276,238.87168481500464,64.0,13317.25,2.0,22649.6796875
779,1775447623.267739,0.26789181120693684,238.90241255102154,62.0,13317.25,2.0,22636.01953125
780,1775447623.6789083,0.2677322179079056,239.0448206050969,56.0,13317.25,1.7,21464.92578125
781,1775447624.0812213,0.2677881699055433,238.99487427907908,55.0,13317.25,1.4,21465.046875
782,1775447624.4812129,0.26775452122092247,239.02490874166799,55.0,13317.25,1.4,21464.90625
783,1775447624.8933609,0.2676935289055109,239.07936908923335,49.0,13317.25,2.1,21465.02734375
784,1775447625.309589,0.26771322824060917,239.06177673999562,41.0,13317.25,1.3,21465.1484375
785,1775447625.7219064,0.2680365741252899,238.7733845981933,35.0,13317.25,2.1,21465.26953125
786,1775447626.1231668,0.26778492890298367,238.99776683543936,34.0,13317.25,1.3,21465.14453125
787,1775447626.538226,0.26779150776565075,238.99189535169117,100.0,13317.25,1.4,21465.265625
788,1775447626.950181,0.2677194569259882,239.05621479612137,100.0,13317.25,1.3,21464.6484375
789,1775447627.3593645,0.267853781580925,238.93633168910137,100.0,13317.25,1.3,21465.5078125
790,1775447627.7594662,0.26782356947660446,238.9632851398117,100.0,13317.25,1.4,21465.13671875
791,1775447628.1723177,0.2677832990884781,238.9992214520212,100.0,13317.25,1.4,21465.2578125
792,1775447628.5753107,0.26788502000272274,238.90846901162863,100.0,13317.25,1.4,21465.37890625
793,1775447628.9841917,0.2676671091467142,239.10296712966775,100.0,13317.25,1.3,21465.0078125
794,1775447629.4006014,0.26778778061270714,238.99522171462013,94.0,13317.25,1.4,21465.12890625
795,1775447629.8032472,0.26798875629901886,238.8159894611008,93.0,13317.25,1.4,21465.49609375
796,1775447630.2149813,0.26778072863817215,239.00151562615773,87.0,13317.25,1.4,21464.87890625
797,1775447630.6169586,0.2677711807191372,239.01003770502484,86.0,13317.25,1.4,21465.4921875
798,1775447631.0414445,0.2683242801576853,238.51736399847724,74.0,13317.25,1.4,21465.12109375
799,1775447631.4456441,0.26788363978266716,238.90969994256807,72.0,13317.25,1.4,21464.99609375
800,1775447631.8567562,0.26774567924439907,239.0328022495579,66.0,13317.25,1.3,21464.87109375
801,1775447632.2594397,0.2676460947841406,239.12174041476928,64.0,13317.25,1.4,21464.5
802,1775447632.6597886,0.26783095113933086,238.95669909601284,64.0,13317.25,1.4,21464.8671875
803,1775447633.0713575,0.2677554599940777,239.02407070024108,58.0,13317.25,1.4,21464.98828125
804,1775447633.473679,0.26786835864186287,238.92332907287238,57.0,13317.25,1.4,21465.6015625
805,1775447633.8876,0.2676912881433964,239.08137034970147,50.0,13317.25,1.4,21465.23046875
806,1775447634.2895079,0.2676550969481468,239.11369792594985,49.0,13317.25,1.4,21465.3515625
807,1775447634.6882946,0.2679269313812256,238.87109694447338,50.0,13317.25,1.4,21465.2265625
808,1775447635.0919628,0.2678029425442219,238.98169076104077,48.0,13317.25,1.4,21464.85546875
809,1775447635.4975238,0.26788797974586487,238.90582944674995,45.0,13317.25,1.3,21465.22265625
810,1775447635.8998048,0.2678223233669996,238.96439697560294,44.0,13317.25,1.3,21465.34375
811,1775447636.302444,0.2679071184247732,238.88876255436577,42.0,13317.25,1.8,21464.7265625
812,1775447636.713822,0.2677324377000332,239.0446243637667,37.0,13317.25,1.7,21465.33984375
813,1775447637.114537,0.2678088005632162,238.9764633029407,37.0,13317.25,1.9,21464.4765625
814,1775447637.5171561,0.26780332066118717,238.981353337922,35.0,13317.25,1.6,21465.3359375
815,1775447637.9181142,0.2677955999970436,238.98824327474588,35.0,13317.25,1.3,21464.96484375
816,1775447638.3282733,0.2675672937184572,239.19216399947157,100.0,13317.25,1.3,21465.33203125
817,1775447638.7302303,0.26773248985409737,239.0445777980746,100.0,13317.25,1.3,21465.20703125
818,1775447639.1429405,0.2677407395094633,239.03721233181219,100.0,13317.25,1.3,21465.57421875
819,1775447639.5560508,0.2682801280170679,238.55661793902357,99.0,13317.25,1.3,21465.19140625
820,1775447639.959708,0.2680612951517105,238.75136454809302,99.0,13317.25,1.3,21465.06640625
821,1775447640.3707514,0.26769826747477055,239.0751371076084,100.0,13317.25,1.4,21464.94140625
822,1775447640.770109,0.26779336109757423,238.99024134762143,100.0,13317.25,1.3,21465.0625
823,1775447641.1821597,0.26775673776865005,239.02293004218606,100.0,13317.25,1.3,21465.18359375
824,1775447641.5855956,0.2678574528545141,238.93305681048713,99.0,13317.25,1.3,21465.55078125
825,1775447641.9871762,0.2676322069019079,239.1341488412759,99.0,13317.25,1.3,21465.1796875
826,1775447642.3886576,0.2677616197615862,239.01857203054468,98.0,13317.25,1.3,21465.0546875
827,1775447642.8022785,0.26774758845567703,239.03109779304162,91.0,13317.25,1.4,21463.453125
828,1775447643.2054696,0.26780974864959717,238.97561729068246,90.0,13317.25,1.4,21463.20703125
829,1775447643.618132,0.26775794848799706,239.02184925378216,83.0,13317.25,1.3,21463.203125
830,1775447644.0197494,0.2679506130516529,238.84998534286876,83.0,13317.25,1.3,21462.83203125
831,1775447644.4194632,0.26778133027255535,239.0009786524662,83.0,13317.25,1.3,21463.19921875
832,1775447644.8299334,0.2678584922105074,238.9321296922071,77.0,13317.25,1.3,21462.58203125
833,1775447645.2397096,0.2679240219295025,238.8736909034607,72.0,13317.25,1.3,21462.58203125
834,1775447645.6549754,0.2678512502461672,238.93858976271778,65.0,13317.25,1.3,21462.82421875
835,1775447646.0548713,0.26779436133801937,238.98934869363052,65.0,13317.25,1.3,21463.4375
836,1775447646.4638958,0.2678462993353605,238.94300633912417,60.0,13317.25,1.4,21463.3125
837,1775447646.8663247,0.26778347976505756,238.99906019651033,59.0,13317.25,1.4,21462.94140625
838,1775447647.2825205,0.26784249022603035,238.94640445580856,51.0,13317.25,1.4,21462.5703125
839,1775447647.68481,0.2678350117057562,238.9530763450391,49.0,13317.25,1.3,21462.69140625
840,1775447648.099974,0.2679616007953882,238.840191318567,42.0,13317.25,1.4,21462.96875
841,1775447648.5136957,0.2680714037269354,238.74236158807932,35.0,13317.25,1.3,21463.58203125
842,1775447648.9188693,0.26800807379186153,238.7987760760641,99.0,13317.25,1.3,21463.2109375
843,1775447649.3317368,0.2678715419024229,238.92048981938203,100.0,13317.25,1.3,21463.0859375
844,1775447649.7421358,0.2676386646926403,239.12837882933852,100.0,13317.25,1.3,21463.20703125
845,1775447650.145786,0.26785418950021267,238.93596780926657,100.0,13317.25,1.4,21463.5703125
846,1775447650.5464041,0.26775459945201874,239.02483890465797,100.0,13317.25,1.4,21463.4296875
847,1775447650.9598904,0.26783373951911926,238.95421135107352,100.0,13317.25,2.1,21463.55078125
848,1775447651.3721213,0.2678100783377886,238.97532309921834,100.0,13317.25,1.3,21463.671875
849,1775447651.7853715,0.2678147405385971,238.97116294379774,98.0,13317.25,1.4,21467.4453125
850,1775447652.186338,0.26771472580730915,239.06043945473795,98.0,13317.25,1.6,21468.26171875
851,1775447652.5969105,0.2678315192461014,238.95619223662973,93.0,13317.25,1.9,21469.08984375
852,1775447652.9997575,0.2678450606763363,238.9441113395686,91.0,13317.25,1.4,21468.96484375
853,1775447653.4127922,0.26784107834100723,238.94766402678948,85.0,13317.25,1.4,21469.33203125
854,1775447653.8253217,0.2677170857787132,239.05833209651942,78.0,13317.25,1.4,21469.20703125
855,1775447654.2303164,0.26786298863589764,238.92811890855998,76.0,13317.25,1.4,21468.9609375
856,1775447654.64159,0.2678502667695284,238.9394670831848,70.0,13317.25,1.4,21469.203125
857,1775447655.0508976,0.2678951118141413,238.89946914896137,65.0,13317.25,1.3,21468.83203125
858,1775447655.4535396,0.26790817081928253,238.88782415363957,64.0,13317.25,1.4,21468.66015625
859,1775447655.8642762,0.26778571866452694,238.99706197617311,58.0,13317.25,1.4,21468.78125
860,1775447656.267045,0.26783085614442825,238.95678384975886,57.0,13317.25,1.3,21468.88671875
861,1775447656.6721888,0.26792037673294544,238.87694090469714,54.0,13317.25,1.4,21468.76171875
862,1775447657.072848,0.26800871081650257,238.79820847994324,54.0,13317.25,1.4,21468.390625
863,1775447657.4739656,0.26839376986026764,238.45560958184672,53.0,13317.25,1.4,21469.0
864,1775447657.885561,0.26787580735981464,238.91668542517644,47.0,13317.25,1.3,21469.12109375
865,1775447658.2990232,0.26803867891430855,238.77150961656798,41.0,13317.25,1.3,21469.734375
866,1775447658.7020137,0.2678248006850481,238.96218660967696,40.0,13317.25,1.3,21469.8515625
867,1775447659.1050797,0.26777391508221626,239.00759706317805,38.0,13317.25,1.4,21469.97265625
868,1775447659.5146594,0.2680661231279373,238.74706454218887,99.0,13317.25,1.3,21469.84765625
869,1775447659.9194632,0.26794547960162163,238.85456136507506,100.0,13317.25,1.4,21469.72265625
870,1775447660.3235564,0.26784029603004456,238.94836194782619,100.0,13317.25,1.4,21469.3515625
871,1775447660.7367556,0.26787130907177925,238.92069748630843,100.0,13317.25,1.3,21469.2265625
872,1775447661.1369545,0.26795540004968643,238.845718310333,100.0,13317.25,1.4,21469.59375
873,1775447661.546989,0.26821730472147465,238.61249394948484,99.0,13317.25,1.3,21469.9921875
874,1775447661.9608307,0.26784087903797626,238.94784183009514,100.0,13317.25,1.3,21469.8671875
875,1775447662.3729346,0.26800362206995487,238.8027426856738,100.0,13317.25,1.4,21469.7421875
876,1775447662.7850251,0.2678439896553755,238.94506679931973,97.0,13317.25,1.4,21469.86328125
877,1775447663.1871564,0.26804990135133266,238.76151297707543,96.0,13317.25,1.4,21469.125
878,1775447663.5890143,0.2680142130702734,238.79330602224138,95.0,13317.25,1.3,21469.859375
879,1775447663.9984922,0.26781236566603184,238.97328206199958,90.0,13317.25,1.3,21469.48828125
880,1775447664.399983,0.26795241981744766,238.8483748107307,89.0,13317.25,1.3,21469.85546875
881,1775447664.8110638,0.2679247781634331,238.87301666798524,84.0,13317.25,1.3,21469.23828125
882,1775447665.223979,0.2679209280759096,238.876449330106,77.0,13317.25,1.4,21469.73046875
883,1775447665.6353474,0.26801010966300964,238.79696210143817,71.0,13317.25,1.4,21469.7265625
884,1775447666.0389786,0.26780272647738457,238.98188357467927,69.0,13317.25,1.5,21469.84765625
885,1775447666.452419,0.268458167091012,238.39840930711145,63.0,13317.25,1.4,21470.21484375
886,1775447666.8557422,0.26803259178996086,238.7769322103653,61.0,13317.25,1.4,21470.08984375
887,1775447667.2583063,0.26797157898545265,238.83129786489172,60.0,13317.25,1.4,21469.84375
888,1775447667.6598754,0.2679938618093729,238.81143981396085,59.0,13317.25,1.4,21469.83984375
889,1775447668.076449,0.26798765920102596,238.8169671350112,51.0,13317.25,1.4,21469.46875
890,1775447668.4882362,0.2680222913622856,238.78610870276916,45.0,13317.25,1.4,21469.58984375
891,1775447668.8874066,0.2679313477128744,238.86715961502523,45.0,13317.25,1.3,21469.7109375
892,1775447669.2872636,0.2679907511919737,238.8142117417849,45.0,13317.25,1.4,21470.203125
893,1775447669.6899502,0.268055472522974,238.7565506408932,44.0,13317.25,1.4,21469.953125
894,1775447670.0942178,0.2679527122527361,238.84811413901443,42.0,13317.25,1.3,21469.58203125
895,1775447670.4983494,0.26790813729166985,238.88785404947822,40.0,13317.25,1.3,21469.94921875
896,1775447670.9003165,0.26798586174845695,238.81856894403313,39.0,13317.25,1.4,21469.578125
897,1775447671.3114693,0.26808165200054646,238.73323490213923,99.0,13317.25,1.4,21470.5625
898,1775447671.726743,0.26807115226984024,238.74258553407358,99.0,13317.25,1.3,21470.06640625
899,1775447672.1442685,0.2679800186306238,238.82377621674777,100.0,13317.25,1.4,21470.1875
900,1775447672.5531178,0.26786847971379757,238.92322108364675,100.0,13317.25,1.4,21470.0625
901,1775447672.9551003,0.2679815795272589,238.82238515386453,100.0,13317.25,1.3,21470.4296875
902,1775447673.3659074,0.267890278249979,238.90377962980452,100.0,13317.25,1.3,21470.296875
903,1775447673.7668867,0.26799975149333477,238.80619158556084,100.0,13317.25,1.3,21470.41796875
904,1775447674.1775038,0.2680336218327284,238.77601459991632,99.0,13317.25,1.3,21470.046875
905,1775447674.5877497,0.26822503469884396,238.6056173759378,94.0,13317.25,2.1,21470.4140625
906,1775447674.9989889,0.2679377403110266,238.86146059792748,88.0,13317.25,1.4,21470.04296875
907,1775447675.4211419,0.26827353425323963,238.56248130531776,77.0,13317.25,2.1,21470.1640625
908,1775447675.832977,0.267908439040184,238.8875849871998,71.0,13317.25,1.3,21470.28515625
909,1775447676.241797,0.2678720075637102,238.92007448661224,67.0,13317.25,1.3,21469.79296875
910,1775447676.6432528,0.2680018600076437,238.80431276922724,66.0,13317.25,1.3,21470.52734375
911,1775447677.0582855,0.2677756566554308,239.00604259316268,58.0,13317.25,1.3,21470.40234375
912,1775447677.4697733,0.2682164739817381,238.61323299760303,53.0,13317.25,1.3,21470.27734375
913,1775447677.8865166,0.2680158820003271,238.79181906064017,44.0,13317.25,1.3,21469.90625
914,1775447678.2990513,0.26790235936641693,238.89300621076487,38.0,13317.25,1.3,21470.64453125
915,1775447678.6999266,0.2679714001715183,238.83145723400344,38.0,13317.25,1.3,21469.65625
916,1775447679.1035545,0.26795754954218864,238.84380234610074,36.0,13317.25,1.4,21469.77734375
917,1775447679.5172675,0.2678939513862133,238.9005039823891,100.0,13317.25,1.3,21470.14453125
918,1775447679.9288194,0.2680171523243189,238.79068725629796,100.0,13317.25,1.4,21470.265625
919,1775447680.3420434,0.26798547245562077,238.81891586715992,100.0,13317.25,1.4,21469.89453125
920,1775447680.7504292,0.2679015100002289,238.89376360717534,100.0,13317.25,1.4,21470.015625
921,1775447681.1596231,0.26798998937010765,238.8148906249359,100.0,13317.25,1.4,21469.890625
922,1775447681.5725942,0.2682047951966524,238.62362323937606,99.0,13317.25,1.3,21470.2578125
923,1775447681.9878466,0.2680841702967882,238.73099231911922,93.0,13317.25,1.3,21470.37890625
924,1775447682.4016793,0.26792915165424347,238.86911746949642,86.0,13317.25,1.4,21470.00390625
925,1775447682.8134406,0.267959201708436,238.84232969777923,80.0,13317.25,1.4,21469.87890625
926,1775447683.225047,0.26805628277361393,238.75582895421627,74.0,13317.25,1.4,21470.37109375
927,1775447683.6320283,0.2680414244532585,238.7690638883335,70.0,13317.25,1.4,21470.12109375
928,1775447684.0491579,0.2684067003428936,238.4441219918841,62.0,13317.25,1.4,21470.48828125
929,1775447684.4530237,0.26808725111186504,238.72824886139273,60.0,13317.25,1.4,21470.36328125
930,1775447684.8631105,0.2680696025490761,238.7439657142155,55.0,13317.25,1.3,21469.9921875
931,1775447685.2765334,0.2679210565984249,238.87633474037386,48.0,13317.25,1.4,21470.484375
932,1775447685.6793623,0.2680080607533455,238.7987876935567,46.0,13317.25,1.4,21469.7421875
933,1775447686.0824475,0.26796851120889187,238.83403207069173,45.0,13317.25,1.4,21469.86328125
934,1775447686.4824681,0.2680019121617079,238.8042662971131,45.0,13317.25,1.4,21469.984375
935,1775447686.8964527,0.26795532926917076,238.8457814015324,38.0,13317.25,1.3,21469.859375
936,1775447687.2978466,0.2679778393357992,238.8257184199568,37.0,13317.25,1.3,21470.3515625
937,1775447687.7107868,0.26831474527716637,238.52583999395435,99.0,13317.25,1.3,21470.34765625
938,1775447688.1242955,0.2679922506213188,238.81287556495036,100.0,13317.25,1.3,21469.73046875
939,1775447688.5260894,0.2681322544813156,238.68818066593232,100.0,13317.25,1.4,21470.34375
940,1775447688.9355593,0.2679571509361267,238.8441576439054,100.0,13317.25,1.3,21469.97265625
941,1775447689.3367293,0.26794583909213543,238.8542409049803,100.0,13317.25,1.4,21470.95703125
942,1775447689.7381163,0.26806212216615677,238.75062796201385,99.0,13317.25,1.3,21469.96875
943,1775447690.141783,0.2680975738912821,238.71905691303658,100.0,13317.25,1.4,21470.3359375
944,1775447690.5537872,0.2679557092487812,238.84544270180018,100.0,13317.25,1.3,21470.2109375
945,1775447690.966335,0.2679734993726015,238.82958632044333,100.0,13317.25,1.3,21469.83984375
946,1775447691.3807244,0.2680380120873451,238.7721036341085,95.0,13317.25,1.3,21469.9609375
947,1775447691.785376,0.2681012637913227,238.71577140275832,92.0,13317.25,1.4,21470.08203125
948,1775447692.1834543,0.2681105323135853,238.70751905092948,93.0,13317.25,1.3,21469.7109375
949,1775447692.5865102,0.2679490987211466,238.85133521797925,92.0,13317.25,1.4,21470.32421875
950,1775447692.998649,0.2683327477425337,238.50983727639627,86.0,13317.25,1.3,21470.19921875
951,1775447693.4130886,0.26806680113077164,238.74646069573805,78.0,13317.25,1.3,21470.3203125
952,1775447693.8152468,0.26805438101291656,238.75752285099222,77.0,13317.25,1.3,21470.1953125
953,1775447694.2161255,0.26797823049128056,238.82536981705468,77.0,13317.25,1.3,21470.1953125
954,1775447694.6282964,0.26812801510095596,238.691954572157,71.0,13317.25,1.3,21470.19140625
955,1775447695.0371656,0.2680600117892027,238.75250759269676,66.0,13317.25,1.4,21470.3125
956,1775447695.4483397,0.26808808371424675,238.72750744198373,60.0,13317.25,1.3,21469.95703125
957,1775447695.849147,0.2679884284734726,238.81628160051386,60.0,13317.25,1.4,21469.09375
958,1775447696.2600276,0.2681608647108078,238.66271489323915,54.0,13317.25,1.3,21469.5859375
959,1775447696.6626642,0.2681474629789591,238.67464300798525,53.0,13317.25,1.4,21469.828125
960,1775447697.0665548,0.2680172920227051,238.79056279166585,51.0,13317.25,1.4,21470.1953125
961,1775447697.4688056,0.26808299496769905,238.7320389631997,50.0,13317.25,2.1,21470.0703125
962,1775447697.88066,0.2680906616151333,238.7252118907349,44.0,13317.25,1.3,21470.19140625
963,1775447698.2954195,0.2680189646780491,238.7890725452147,37.0,13317.25,2.1,21469.9453125
964,1775447698.7083685,0.2683957889676094,238.45381571066176,99.0,13317.25,1.3,21470.1875
965,1775447699.1210573,0.26806281320750713,238.75001248478904,100.0,13317.25,1.3,21469.81640625
966,1775447699.5208437,0.26797681115567684,238.82663475243842,100.0,13317.25,1.3,21470.18359375
967,1775447699.93441,0.2679326720535755,238.8659789396742,100.0,13317.25,1.3,21469.8125
968,1775447700.3370564,0.2679495997726917,238.85088857864608,100.0,13317.25,1.4,21469.93359375
969,1775447700.749333,0.267913069576025,238.88345611985488,100.0,13317.25,1.4,21470.0546875
970,1775447701.1602635,0.26805409975349903,238.75777337057715,100.0,13317.25,1.3,21469.68359375
971,1775447701.562626,0.26822093315422535,238.60926605307276,99.0,13317.25,1.4,21469.8046875
972,1775447701.9748662,0.2687002941966057,238.18358737326784,96.0,13317.25,1.4,21469.92578125
973,1775447702.3795016,0.26811305433511734,238.70527363432936,94.0,13317.25,1.4,21470.046875
974,1775447702.7894173,0.2680429629981518,238.76769337324964,89.0,13317.25,1.4,21469.4296875
975,1775447703.1898286,0.2679701391607523,238.83258112429877,88.0,13317.25,1.4,21470.4140625
976,1775447703.6008537,0.268050841987133,238.76067512249085,83.0,13317.25,1.4,21469.91796875
977,1775447704.012395,0.2680045310407877,238.8019327563526,77.0,13317.25,1.4,21470.0390625
978,1775447704.4278014,0.2679809518158436,238.82294456503303,69.0,13317.25,1.4,21470.16015625
979,1775447704.839953,0.2680977024137974,238.71894247425786,63.0,13317.25,1.5,21469.7890625
980,1775447705.2427378,0.2681180238723755,238.70084925907136,62.0,13317.25,1.4,21469.54296875
981,1775447705.654167,0.2680583819746971,238.75395922534952,56.0,13317.25,1.4,21470.27734375
982,1775447706.0551772,0.2680996935814619,238.71716951647184,55.0,13317.25,1.4,21469.90625
983,1775447706.4543417,0.26814976520836353,238.67259384049558,56.0,13317.25,1.3,21470.2734375
984,1775447706.8672423,0.2679612711071968,238.84048517741604,49.0,13317.25,1.4,21469.90234375
985,1775447707.2760332,0.26807551085948944,238.73870386297727,45.0,13317.25,1.3,21470.39453125
986,1775447707.6934128,0.2679502200335264,238.85033567799348,36.0,13317.25,1.4,21469.65234375
987,1775447708.1074479,0.26801412366330624,238.7933856814212,100.0,13317.25,1.3,21470.01953125
988,1775447708.5090091,0.26787472143769264,238.91765395596065,100.0,13317.25,1.4,21469.89453125
989,1775447708.9172518,0.26802830398082733,238.78075206780423,100.0,13317.25,1.3,21470.015625
990,1775447709.32832,0.2679858114570379,238.81861376179666,100.0,13317.25,1.3,21469.76953125
991,1775447709.731064,0.26815623231232166,238.66683779125884,99.0,13317.25,1.3,21469.765625
992,1775447710.1357763,0.2680042590945959,238.8021750706965,100.0,13317.25,1.4,21469.88671875
993,1775447710.5388393,0.2684352081269026,238.41879925730174,99.0,13317.25,1.3,21470.0078125
994,1775447710.942069,0.26858343183994293,238.28722256456814,100.0,13317.25,1.3,21469.8828125
995,1775447711.3569152,0.2680437993258238,238.76694839041605,100.0,13317.25,1.4,21469.7578125
996,1775447711.7593036,0.26810557022690773,238.71193703970573,100.0,13317.25,1.3,21469.87890625
997,1775447712.172341,0.2681065518409014,238.7110630477192,96.0,13317.25,1.4,21469.75390625
998,1775447712.5749667,0.26814449578523636,238.67728409856753,94.0,13317.25,1.4,21470.12109375
999,1775447712.9756525,0.26804662309587,238.76443307069624,94.0,13317.25,1.3,21469.50390625
1000,1775447713.3773205,0.2681434843689203,238.6781843706736,93.0,13317.25,1.4,21469.87109375
1001,1775447713.7906032,0.2680653613060713,238.74774304363095,86.0,13317.25,1.3,21469.9921875
1002,1775447714.192007,0.2681282628327608,238.69173403744688,86.0,13317.25,1.3,21470.23828125
1003,1775447714.604544,0.26792007870972157,238.8772066215347,79.0,13317.25,1.3,21469.98828125
1004,1775447715.0171287,0.26808049343526363,238.73426663717623,73.0,13317.25,1.3,21470.35546875
1005,1775447715.4302652,0.26802245154976845,238.7859659888082,66.0,13317.25,1.3,21469.984375
1006,1775447715.8333902,0.268132783472538,238.6877097650942,65.0,13317.25,1.3,21470.10546875
1007,1775447716.2334168,0.26807775162160397,238.7367083350394,65.0,13317.25,1.3,21469.859375
1008,1775447716.645425,0.2679904494434595,238.8144806388061,59.0,13317.25,1.3,21470.1015625
1009,1775447717.0557568,0.26813538186252117,238.68539674042043,53.0,13317.25,1.3,21469.73046875
1010,1775447717.4663963,0.2679957915097475,238.80972025514887,48.0,13317.25,1.4,21470.34375
1011,1775447717.8670108,0.267996471375227,238.80911443192988,48.0,13317.25,1.3,21469.97265625
1012,1775447718.279807,0.2680656835436821,238.74745604866283,42.0,13317.25,1.3,21470.21875
1013,1775447718.6811116,0.26797858253121376,238.82505607531292,41.0,13317.25,1.4,21469.72265625
1014,1775447719.0918026,0.2682615965604782,238.57309738172503,36.0,13317.25,1.4,21469.84375
1015,1775447719.505888,0.2682383470237255,238.59377568539534,100.0,13317.25,1.4,21470.6875
1016,1775447719.918573,0.2681828737258911,238.64312851466497,100.0,13317.25,1.3,21470.80859375
1017,1775447720.319225,0.26807681284844875,238.73754436263374,100.0,13317.25,2.1,21471.0546875
1018,1775447720.733302,0.2680591531097889,238.75327239352853,100.0,13317.25,1.3,21470.3125
1019,1775447721.1359932,0.26812879368662834,238.6912614644404,100.0,13317.25,2.1,21470.43359375
1020,1775447721.546579,0.2681098133325577,238.70815918481793,100.0,13317.25,1.3,21470.5546875
1021,1775447721.952033,0.26800631172955036,238.80034610745835,100.0,13317.25,1.4,21470.67578125
1022,1775447722.3632536,0.2680811434984207,238.7336877365156,99.0,13317.25,1.4,21470.55078125
1023,1775447722.7658606,0.2680002488195896,238.80574843452118,97.0,13317.25,1.4,21470.671875
1024,1775447723.1686404,0.2680199723690748,238.78817475538463,96.0,13317.25,1.4,21470.546875
1025,1775447723.579311,0.26819864474236965,238.6290954657064,91.0,13317.25,1.3,21470.6640625
1026,1775447723.9790142,0.2679925411939621,238.81261663054795,91.0,13317.25,1.4,21470.29296875
1027,1775447724.3796763,0.26818922720849514,238.63747498793174,90.0,13317.25,1.4,21470.4140625
1028,1775447724.7815573,0.26806361228227615,238.7493007913613,89.0,13317.25,1.5,21471.02734375
1029,1775447725.193353,0.26815537363290787,238.66760204333252,83.0,13317.25,1.4,21471.02734375
1030,1775447725.603431,0.2680969722568989,238.71959262066267,78.0,13317.25,1.4,21470.77734375
1031,1775447726.0144384,0.26815344393253326,238.66931955609058,73.0,13317.25,1.3,21470.8984375
1032,1775447726.4134874,0.2681087329983711,238.70912105048376,73.0,13317.25,1.3,21470.7734375
1033,1775447726.8218093,0.2680070046335459,238.79972871421455,69.0,13317.25,1.4,21470.40234375
1034,1775447727.2318313,0.26807505264878273,238.73911193015525,64.0,13317.25,1.3,21470.89453125
1035,1775447727.6345134,0.26814008317887783,238.68121185486925,62.0,13317.25,1.4,21470.3984375
1036,1775447728.047391,0.2681281752884388,238.69181197071893,56.0,13317.25,1.4,21470.765625
1037,1775447728.460935,0.2684064693748951,238.4443271768103,49.0,13317.25,1.3,21470.640625
1038,1775447728.871869,0.26832697726786137,238.51496652202457,44.0,13317.25,1.3,21470.26953125
1039,1775447729.2838466,0.26806933246552944,238.74420625205101,38.0,13317.25,1.4,21470.515625
1040,1775447729.6876907,0.26809452287852764,238.72177362235072,36.0,13317.25,1.4,21471.00390625
1041,1775447730.090082,0.26799385249614716,238.81144811304992,35.0,13317.25,1.3,21470.38671875
1042,1775447730.4926262,0.2680217195302248,238.78661815981195,99.0,13317.25,1.3,21471.0
1043,1775447730.8993576,0.2679728101938963,238.83020054792763,100.0,13317.25,1.3,21470.62890625
1044,1775447731.299649,0.26808302477002144,238.73201242377522,100.0,13317.25,1.4,21470.875
1045,1775447731.7107797,0.26834552735090256,238.49847855414512,99.0,13317.25,1.3,21470.37890625
1046,1775447732.1150024,0.2679789997637272,238.82468423431604,100.0,13317.25,1.3,21470.74609375
1047,1775447732.5184486,0.26795361191034317,238.84731220348056,100.0,13317.25,1.4,21470.12890625
1048,1775447732.9287996,0.26808010414242744,238.73461331542023,100.0,13317.25,1.3,21470.25
1049,1775447733.3390417,0.2680816054344177,238.73327637041726,100.0,13317.25,1.3,21470.00390625
1050,1775447733.7502615,0.26809801533818245,238.71866384116845,100.0,13317.25,1.4,21469.75390625
1051,1775447734.1516368,0.2681643832474947,238.65958344264166,100.0,13317.25,1.3,21469.875
1052,1775447734.5540037,0.2680501826107502,238.76126244964277,100.0,13317.25,1.3,21469.99609375
1053,1775447734.965997,0.2681969664990902,238.6305886879489,96.0,13317.25,1.4,21470.36328125
1054,1775447735.369321,0.26803003065288067,238.77921382206938,94.0,13317.25,1.3,21470.73046875
1055,1775447735.7694223,0.26805175095796585,238.75986547849885,94.0,13317.25,1.4,21470.11328125
1056,1775447736.1805594,0.26793963834643364,238.85976854701482,88.0,13317.25,1.3,21470.48046875
1057,1775447736.5921276,0.26817210391163826,238.6527124427818,82.0,13317.25,1.4,21470.35546875
1058,1775447737.0066772,0.2679867520928383,238.81777550641223,75.0,13317.25,1.3,21469.73828125
1059,1775447737.416766,0.26832716539502144,238.5147992965287,70.0,13317.25,1.3,21470.3515625
1060,1775447737.8282566,0.268078813329339,238.73576283469666,64.0,13317.25,2.1,21469.98046875
1061,1775447738.2403932,0.2680060211569071,238.80060501525261,58.0,13317.25,1.4,21469.98046875
1062,1775447738.6491845,0.2681884728372097,238.63814623698602,53.0,13317.25,2.1,21469.73046875
1063,1775447739.0502126,0.26811391301453114,238.70450914097603,53.0,13317.25,1.3,21470.09765625
1064,1775447739.4551222,0.26808283291757107,238.73218327142357,50.0,13317.25,1.3,21469.97265625
1065,1775447739.858087,0.2680152915418148,238.7923451375719,49.0,13317.25,1.3,21470.33984375
1066,1775447740.25815,0.26790151931345463,238.8937553023641,49.0,13317.25,1.3,21469.96875
1067,1775447740.6691608,0.2681392449885607,238.6819579607989,43.0,13317.25,1.3,21470.3359375
1068,1775447741.071374,0.2682320065796375,238.59941554364255,42.0,13317.25,1.3,21469.47265625
1069,1775447741.4718423,0.26813042536377907,238.68980893596705,42.0,13317.25,1.3,21470.33203125
1070,1775447741.8757477,0.2681101821362972,238.70783082555508,40.0,13317.25,1.4,21469.9609375
1071,1775447742.2789173,0.2679526600986719,238.848160628196,38.0,13317.25,1.3,21470.08203125
1072,1775447742.6834726,0.2680766452103853,238.73769365389177,36.0,13317.25,1.4,21469.95703125
1073,1775447743.0936382,0.2681624758988619,238.66128094721856,100.0,13317.25,1.3,21470.078125
1074,1775447743.5090485,0.26813945546746254,238.6817706048713,100.0,13317.25,1.4,21470.19921875
1075,1775447743.9199188,0.2680802047252655,238.7345237429545,100.0,13317.25,1.3,21470.3203125
1076,1775447744.332431,0.2681761160492897,238.64914199979336,100.0,13317.25,1.3,21469.703125
1077,1775447744.7355323,0.26809230260550976,238.72375065603504,100.0,13317.25,1.4,21470.0703125
1078,1775447745.1382413,0.26804403215646744,238.76674099067716,100.0,13317.25,1.3,21469.9453125
1079,1775447745.5410278,0.26797457970678806,238.82862348371776,100.0,13317.25,1.3,21470.3125
1080,1775447745.9409854,0.2679459787905216,238.85411637408737,100.0,13317.25,1.4,21470.1875
1081,1775447746.3538032,0.2684032190591097,238.44721469568313,99.0,13317.25,1.3,21470.0625
1082,1775447746.7576942,0.26799600943922997,238.80952605942613,98.0,13317.25,1.4,21469.9375
1083,1775447747.1576688,0.26808727346360683,238.7282289574558,98.0,13317.25,1.3,21469.56640625
1084,1775447747.55723,0.2684844993054867,238.3750278528356,98.0,13317.25,1.3,21470.1796875
1085,1775447747.959172,0.2680420633405447,238.7684947742275,97.0,13317.25,1.3,21470.546875
1086,1775447748.374846,0.2680009286850691,238.8051426314538,89.0,13317.25,1.3,21470.421875
1087,1775447748.7867994,0.2680176515132189,238.7902425032758,83.0,13317.25,1.3,21469.8046875
1088,1775447749.196245,0.26800871081650257,238.79820847994324,78.0,13317.25,1.4,21469.92578125
1089,1775447749.6058104,0.26821366511285305,238.61573187582178,73.0,13317.25,1.4,21470.29296875
1090,1775447750.0079126,0.2681980859488249,238.62959265194718,72.0,13317.25,1.3,21470.4140625
1091,1775447750.423779,0.2680566720664501,238.75548221435307,64.0,13317.25,1.4,21470.2890625
1092,1775447750.8333817,0.26801800914108753,238.7899238752636,59.0,13317.25,1.4,21470.41015625
1093,1775447751.2372527,0.26811121217906475,238.70691374613608,57.0,13317.25,1.3,21469.546875
1094,1775447751.636397,0.2680415194481611,238.76897926769706,58.0,13317.25,1.3,21469.9140625
1095,1775447752.0382571,0.26798706129193306,238.81749996236303,57.0,13317.25,1.3,21470.03515625
1096,1775447752.439174,0.2680838629603386,238.73126600487853,56.0,13317.25,1.3,21470.15625
1097,1775447752.8439152,0.268067441880703,238.74589003047103,54.0,13317.25,1.4,21470.5234375
1098,1775447753.2469835,0.2682045269757509,238.6238618775678,52.0,13317.25,1.3,21470.15234375
1099,1775447753.647832,0.26816476322710514,238.65924527078622,52.0,13317.25,1.3,21470.2734375
1100,1775447754.0504658,0.2680365610867739,238.7733962132155,50.0,13317.25,1.4,21474.0859375
1101,1775447754.449837,0.2681173123419285,238.70148272402926,51.0,13317.25,1.4,21470.671875
1102,1775447754.8502681,0.26810931228101254,238.70860529051632,50.0,13317.25,1.3,21470.30078125
1103,1775447755.2514791,0.26850777119398117,238.3543676051139,50.0,13317.25,1.3,21470.9140625
1104,1775447755.654396,0.2679953221231699,238.81013852393207,48.0,13317.25,1.4,21470.296875
1105,1775447756.0648475,0.2681370638310909,238.6838995160918,43.0,13317.25,1.4,21472.3828125
1106,1775447756.4781485,0.2679953593760729,238.81010532794338,37.0,13317.25,1.3,21472.2578125
1107,1775447756.8867412,0.2680389117449522,238.771302208905,99.0,13317.25,1.3,21472.1328125
1108,1775447757.2906995,0.2681334614753723,238.68710621884958,100.0,13317.25,1.4,21472.0078125
1109,1775447757.694469,0.2679626401513815,238.83926492082685,100.0,13317.25,1.3,21472.375
1110,1775447758.0959842,0.26809619553387165,238.72028423437345,100.0,13317.25,1.3,21472.25
