step,wall_timestamp,phase,duration_sec,gpu_mem_mb
0,1775529963.368944,forward,0.17994001507759094,6743.25
0,1775529963.4943383,backward,0.12517112493515015,7523.25
0,1775529963.506496,optimizer,0.01204850897192955,7523.25
1,1775529963.6416917,forward,0.03587040305137634,7523.25
1,1775529963.72274,backward,0.08092792518436909,7523.25
1,1775529963.7257783,optimizer,0.0028581731021404266,7523.25
2,1775529963.831272,forward,0.03579799085855484,7523.25
2,1775529963.9120765,backward,0.0806717723608017,7523.25
2,1775529963.9146528,optimizer,0.002423912286758423,7523.25
3,1775529964.0198727,forward,0.03581540286540985,7523.25
3,1775529964.1008468,backward,0.08084497414529324,7523.25
3,1775529964.10351,optimizer,0.0025087855756282806,7523.25
4,1775529964.2160363,forward,0.03584043309092522,7523.25
4,1775529964.297017,backward,0.08085043355822563,7523.25
4,1775529964.2996836,optimizer,0.0025139134377241135,7523.25
5,1775529964.4111478,forward,0.03609819896519184,7523.25
5,1775529964.49199,backward,0.08071496337652206,7523.25
5,1775529964.494639,optimizer,0.002495713531970978,7523.25
6,1775529964.60247,forward,0.03582739271223545,7523.25
6,1775529964.6833808,backward,0.08078064396977425,7523.25
6,1775529964.686045,optimizer,0.0025086738169193268,7523.25
7,1775529964.7875607,forward,0.03582901321351528,7523.25
7,1775529964.8682055,backward,0.08051742985844612,7523.25
7,1775529964.8708518,optimizer,0.0024979636073112488,7523.25
8,1775529964.9778433,forward,0.0359457153826952,7523.25
8,1775529965.0590029,backward,0.08098755776882172,7523.25
8,1775529965.0617533,optimizer,0.0026002153754234314,7523.25
9,1775529965.1786482,forward,0.035843824967741966,7523.25
9,1775529965.2596552,backward,0.08087719604372978,7523.25
9,1775529965.262304,optimizer,0.0025024637579917908,7523.25
10,1775529965.3744543,forward,0.03581999987363815,7523.25
10,1775529965.4553301,backward,0.08074935339391232,7523.25
10,1775529965.4579895,optimizer,0.0025102123618125916,7523.25
11,1775529965.5659008,forward,0.03588186390697956,7523.25
11,1775529965.6466024,backward,0.08056429959833622,7523.25
11,1775529965.6493058,optimizer,0.00254618376493454,7523.25
12,1775529965.7549086,forward,0.035847773775458336,7523.25
12,1775529965.8358178,backward,0.08078337088227272,7523.25
12,1775529965.8384635,optimizer,0.0024983733892440796,7523.25
13,1775529965.9397717,forward,0.035816822201013565,7523.25
13,1775529966.0207698,backward,0.08086604438722134,7523.25
13,1775529966.0234215,optimizer,0.002497771754860878,7523.25
14,1775529966.1253288,forward,0.03586333431303501,7523.25
14,1775529966.2060099,backward,0.08055434003472328,7523.25
14,1775529966.2086656,optimizer,0.002499861642718315,7523.25
15,1775529966.311102,forward,0.03648132272064686,7523.25
15,1775529966.3919888,backward,0.08068295195698738,7523.25
15,1775529966.394727,optimizer,0.00258682481944561,7523.25
16,1775529966.496429,forward,0.03584130294620991,7523.25
16,1775529966.5774865,backward,0.08092965930700302,7523.25
16,1775529966.5801466,optimizer,0.0025040823966264725,7523.25
17,1775529966.682326,forward,0.03580662049353123,7523.25
17,1775529966.7631772,backward,0.08071890100836754,7523.25
17,1775529966.765824,optimizer,0.0024989228695631027,7523.25
18,1775529966.8679724,forward,0.035831622779369354,7523.25
18,1775529966.9485734,backward,0.0804711077362299,7523.25
18,1775529966.9512455,optimizer,0.002507055178284645,7523.25
19,1775529967.0558126,forward,0.03581446409225464,7523.25
19,1775529967.1368594,backward,0.08092101663351059,7523.25
19,1775529967.1399431,optimizer,0.002902589738368988,7523.25
20,1775529967.2444432,forward,0.03586837463080883,7523.25
20,1775529967.32516,backward,0.0805901512503624,7523.25
20,1775529967.3278105,optimizer,0.002499714493751526,7523.25
21,1775529967.4305558,forward,0.03578339144587517,7523.25
21,1775529967.511325,backward,0.08064041286706924,7523.25
21,1775529967.513944,optimizer,0.0024689435958862305,7523.25
22,1775529967.614891,forward,0.03580002300441265,7523.25
22,1775529967.6958213,backward,0.08079837448894978,7523.25
22,1775529967.6984594,optimizer,0.002488665282726288,7523.25
23,1775529967.8050702,forward,0.0358726941049099,7523.25
23,1775529967.8858094,backward,0.08061126060783863,7523.25
23,1775529967.8884482,optimizer,0.0024909544736146927,7523.25
24,1775529968.0002563,forward,0.036107296124100685,7523.25
24,1775529968.0813596,backward,0.08097752742469311,7523.25
24,1775529968.0840132,optimizer,0.0025021545588970184,7523.25
25,1775529968.188852,forward,0.03583071380853653,7523.25
25,1775529968.269605,backward,0.08062384277582169,7523.25
25,1775529968.2722356,optimizer,0.002483455464243889,7523.25
26,1775529968.4475505,forward,0.03580598160624504,7523.25
26,1775529968.5281758,backward,0.08049315586686134,7523.25
26,1775529968.5308332,optimizer,0.002506474032998085,7523.25
27,1775529968.636146,forward,0.03583361208438873,7523.25
27,1775529968.7172449,backward,0.08096850849688053,7523.25
27,1775529968.720153,optimizer,0.0026632845401763916,7523.25
28,1775529968.8314924,forward,0.03586663119494915,7523.25
28,1775529968.9124377,backward,0.08081874251365662,7523.25
28,1775529968.9150846,optimizer,0.0024930741637945175,7523.25
29,1775529969.0210786,forward,0.03584088198840618,7523.25
29,1775529969.101963,backward,0.08075717277824879,7523.25
29,1775529969.1045573,optimizer,0.0024449843913316727,7523.25
30,1775529969.2100816,forward,0.03581623174250126,7523.25
30,1775529969.2908835,backward,0.0806699525564909,7523.25
30,1775529969.2935379,optimizer,0.0024023614823818207,7523.25
31,1775529969.3975081,forward,0.03610605746507645,7523.25
31,1775529969.4784772,backward,0.08083366602659225,7523.25
31,1775529969.4811287,optimizer,0.002500021830201149,7523.25
32,1775529969.5912473,forward,0.03585316427052021,7523.25
32,1775529969.672179,backward,0.0807931236922741,7523.25
32,1775529969.6748345,optimizer,0.0025050919502973557,7523.25
33,1775529969.7766447,forward,0.03584348410367966,7523.25
33,1775529969.857666,backward,0.08089461363852024,7523.25
33,1775529969.8602972,optimizer,0.002483721822500229,7523.25
34,1775529969.9641411,forward,0.0358410757035017,7523.25
34,1775529970.0448482,backward,0.0805786419659853,7523.25
34,1775529970.0474966,optimizer,0.002493055537343025,7523.25
35,1775529970.154523,forward,0.035777702927589417,7523.25
35,1775529970.2354925,backward,0.08084276504814625,7523.25
35,1775529970.2381504,optimizer,0.0025039035826921463,7523.25
36,1775529970.3459847,forward,0.035829903557896614,7523.25
36,1775529970.426632,backward,0.08051931858062744,7523.25
36,1775529970.4292586,optimizer,0.0024737920612096786,7523.25
37,1775529970.536553,forward,0.03590717166662216,7523.25
37,1775529970.617931,backward,0.08117455989122391,7523.25
37,1775529970.6206658,optimizer,0.0025837551802396774,7523.25
38,1775529970.7314513,forward,0.03583766520023346,7523.25
38,1775529970.8124254,backward,0.08084356598556042,7523.25
38,1775529970.8150818,optimizer,0.0025052446871995926,7523.25
39,1775529970.9236035,forward,0.03587474301457405,7523.25
39,1775529971.0043428,backward,0.08060761913657188,7523.25
39,1775529971.006975,optimizer,0.0024888627231121063,7523.25
40,1775529971.1096232,forward,0.03579216077923775,7523.25
40,1775529971.1903434,backward,0.0805931817740202,7523.25
40,1775529971.1929986,optimizer,0.0025069843977689743,7523.25
41,1775529971.2930303,forward,0.03581233322620392,7523.25
41,1775529971.3739727,backward,0.08081414364278316,7523.25
41,1775529971.376603,optimizer,0.0024821534752845764,7523.25
42,1775529971.4784312,forward,0.0357812624424696,7523.25
42,1775529971.559417,backward,0.0808542538434267,7523.25
42,1775529971.5624685,optimizer,0.0028751399368047714,7523.25
43,1775529971.6682684,forward,0.035840632393956184,7523.25
43,1775529971.7490647,backward,0.08066894114017487,7523.25
43,1775529971.7517173,optimizer,0.002502063289284706,7523.25
44,1775529971.8533185,forward,0.03583752363920212,7523.25
44,1775529971.9342692,backward,0.08082102239131927,7523.25
44,1775529971.9369078,optimizer,0.0024888254702091217,7523.25
45,1775529972.0384254,forward,0.035833071917295456,7523.25
45,1775529972.1194105,backward,0.08083600550889969,7523.25
45,1775529972.1220598,optimizer,0.00249655544757843,7523.25
46,1775529972.2242358,forward,0.03584621287882328,7523.25
46,1775529972.304932,backward,0.08056030236184597,7523.25
46,1775529972.3076243,optimizer,0.0025399159640073776,7523.25
47,1775529972.4134817,forward,0.035838404670357704,7523.25
47,1775529972.4944582,backward,0.08083933405578136,7523.25
47,1775529972.4970868,optimizer,0.002476941794157028,7523.25
48,1775529972.5983253,forward,0.0357691515237093,7523.25
48,1775529972.679575,backward,0.0811206791549921,7523.25
48,1775529972.6822503,optimizer,0.002523023635149002,7523.25
49,1775529972.7944539,forward,0.03580458275973797,7523.25
49,1775529972.875498,backward,0.08091349713504314,7523.25
49,1775529972.878129,optimizer,0.002482151612639427,7523.25
50,1775529972.9864862,forward,0.03578643314540386,7523.25
50,1775529973.0671983,backward,0.08057977259159088,7523.25
50,1775529973.0697672,optimizer,0.0024171415716409683,7523.25
51,1775529973.1773236,forward,0.03585164248943329,7523.25
51,1775529973.2582715,backward,0.08082307502627373,7523.25
51,1775529973.2608387,optimizer,0.002416051924228668,7523.25
52,1775529973.3619835,forward,0.035833774134516716,7523.25
52,1775529973.4426773,backward,0.08056579902768135,7523.25
52,1775529973.4452572,optimizer,0.0024264249950647354,7523.25
53,1775529973.552302,forward,0.035810451954603195,7523.25
53,1775529973.633252,backward,0.08082217536866665,7523.25
53,1775529973.6361392,optimizer,0.0026445426046848297,7523.25
54,1775529973.7390778,forward,0.03588029555976391,7523.25
54,1775529973.8200712,backward,0.08085338398814201,7523.25
54,1775529973.8227162,optimizer,0.0024915337562561035,7523.25
55,1775529973.9246316,forward,0.03583328425884247,7523.25
55,1775529974.0053027,backward,0.08053946122527122,7523.25
55,1775529974.0079415,optimizer,0.0024900250136852264,7523.25
56,1775529974.113997,forward,0.03578096069395542,7523.25
56,1775529974.1950233,backward,0.08089381642639637,7523.25
56,1775529974.197595,optimizer,0.0024211425334215164,7523.25
57,1775529974.3003423,forward,0.03582541458308697,7523.25
57,1775529974.3811398,backward,0.08067052252590656,7523.25
57,1775529974.3837237,optimizer,0.0024339519441127777,7523.25
58,1775529974.4849267,forward,0.03585937060415745,7523.25
58,1775529974.5655897,backward,0.08053367026150227,7523.25
58,1775529974.5681608,optimizer,0.0024186931550502777,7523.25
59,1775529974.6774921,forward,0.03584466502070427,7523.25
59,1775529974.758519,backward,0.0808789674192667,7523.25
59,1775529974.7611105,optimizer,0.002439664676785469,7523.25
60,1775529974.8698723,forward,0.03579947166144848,7523.25
60,1775529974.9508028,backward,0.08080079406499863,7523.25
60,1775529974.9534729,optimizer,0.002517804503440857,7523.25
61,1775529975.0559168,forward,0.03580445982515812,7523.25
61,1775529975.136922,backward,0.08087815716862679,7523.25
61,1775529975.1395566,optimizer,0.0024861525744199753,7523.25
62,1775529975.2461758,forward,0.035786472260951996,7523.25
62,1775529975.3268878,backward,0.08057748898863792,7523.25
62,1775529975.3295448,optimizer,0.00250355526804924,7523.25
63,1775529975.4393396,forward,0.035796863958239555,7523.25
63,1775529975.5202284,backward,0.0807606652379036,7523.25
63,1775529975.522786,optimizer,0.002402922138571739,7523.25
64,1775529975.6242208,forward,0.03581933304667473,7523.25
64,1775529975.704919,backward,0.08056712709367275,7523.25
64,1775529975.7075055,optimizer,0.002436792477965355,7523.25
65,1775529975.8090856,forward,0.03580686263740063,7523.25
65,1775529975.8900099,backward,0.0807955339550972,7523.25
65,1775529975.8926508,optimizer,0.0024906639009714127,7523.25
66,1775529975.9939866,forward,0.03582669235765934,7523.25
66,1775529976.0751204,backward,0.08098540641367435,7523.25
66,1775529976.0778499,optimizer,0.0025801043957471848,7523.25
67,1775529976.1803849,forward,0.03586702421307564,7523.25
67,1775529976.2612462,backward,0.08072903379797935,7523.25
67,1775529976.2639701,optimizer,0.0025085750967264175,7523.25
68,1775529976.367075,forward,0.035790253430604935,7523.25
68,1775529976.4478037,backward,0.08059966005384922,7523.25
68,1775529976.450442,optimizer,0.002483164891600609,7523.25
69,1775529976.5578778,forward,0.035800160840153694,7523.25
69,1775529976.6388764,backward,0.08086958341300488,7523.25
69,1775529976.6415079,optimizer,0.002483522519469261,7523.25
70,1775529976.7439764,forward,0.03582368418574333,7523.25
70,1775529976.824638,backward,0.08053296990692616,7523.25
70,1775529976.8272758,optimizer,0.0024860911071300507,7523.25
71,1775529976.934051,forward,0.03581259213387966,7523.25
71,1775529977.0150974,backward,0.08091244660317898,7523.25
71,1775529977.0177357,optimizer,0.002489052712917328,7523.25
72,1775529977.1256034,forward,0.03585978411138058,7523.25
72,1775529977.2063165,backward,0.08058462105691433,7523.25
72,1775529977.2089424,optimizer,0.0024774856865406036,7523.25
73,1775529977.3183012,forward,0.03622657060623169,7523.25
73,1775529977.3992262,backward,0.08079606294631958,7523.25
73,1775529977.4019048,optimizer,0.002526862546801567,7523.25
74,1775529977.5111487,forward,0.03583613410592079,7523.25
74,1775529977.5920987,backward,0.08081688359379768,7523.25
74,1775529977.5947392,optimizer,0.0024917852133512497,7523.25
75,1775529977.6970928,forward,0.0358008723706007,7523.25
75,1775529977.7780948,backward,0.08087427727878094,7523.25
75,1775529977.780743,optimizer,0.002498714253306389,7523.25
76,1775529977.8810081,forward,0.03584582358598709,7523.25
76,1775529977.9617126,backward,0.08057543076574802,7523.25
76,1775529977.9643393,optimizer,0.0024785231798887253,7523.25
77,1775529978.0708492,forward,0.03580940514802933,7523.25
77,1775529978.1517491,backward,0.08077394403517246,7523.25
77,1775529978.1544006,optimizer,0.0025017149746418,7523.25
78,1775529978.2566166,forward,0.035816771909594536,7523.25
78,1775529978.3375673,backward,0.0808196235448122,7523.25
78,1775529978.3402057,optimizer,0.002487603574991226,7523.25
79,1775529978.4458532,forward,0.03582805395126343,7523.25
79,1775529978.5265648,backward,0.08058018051087856,7523.25
79,1775529978.529203,optimizer,0.0024818815290927887,7523.25
80,1775529978.6355703,forward,0.035821521654725075,7523.25
80,1775529978.7165997,backward,0.08090008795261383,7523.25
80,1775529978.7192426,optimizer,0.0024899207055568695,7523.25
81,1775529978.8268216,forward,0.03579132258892059,7523.25
81,1775529978.9076078,backward,0.08065533265471458,7523.25
81,1775529978.9102564,optimizer,0.0024948641657829285,7523.25
82,1775529979.0189605,forward,0.03583330288529396,7523.25
82,1775529979.0997684,backward,0.08067364431917667,7523.25
82,1775529979.1024122,optimizer,0.002495763823390007,7523.25
83,1775529979.204803,forward,0.03582310490310192,7523.25
83,1775529979.2855358,backward,0.08060433156788349,7523.25
83,1775529979.288189,optimizer,0.002504553645849228,7523.25
84,1775529979.390544,forward,0.03578757122159004,7523.25
84,1775529979.4714599,backward,0.0807882621884346,7523.25
84,1775529979.4740765,optimizer,0.0024695545434951782,7523.25
85,1775529979.5826933,forward,0.03583171404898167,7523.25
85,1775529979.6633475,backward,0.08052807115018368,7523.25
85,1775529979.6659808,optimizer,0.002484263852238655,7523.25
86,1775529979.7720764,forward,0.03578224405646324,7523.25
86,1775529979.853063,backward,0.08085593394935131,7523.25
86,1775529979.8557036,optimizer,0.0024922341108322144,7523.25
87,1775529979.962407,forward,0.035890454426407814,7523.25
87,1775529980.0432098,backward,0.08067241311073303,7523.25
87,1775529980.0458794,optimizer,0.0025174133479595184,7523.25
88,1775529980.1567838,forward,0.03584425337612629,7523.25
88,1775529980.236699,backward,0.07978528924286366,7523.25
88,1775529980.2393317,optimizer,0.0024805739521980286,7523.25
89,1775529980.343443,forward,0.03579963371157646,7523.25
89,1775529980.4241123,backward,0.08054274134337902,7523.25
89,1775529980.4267695,optimizer,0.00248931348323822,7523.25
90,1775529980.53248,forward,0.03583924472332001,7523.25
90,1775529980.6135697,backward,0.0809572171419859,7523.25
90,1775529980.61619,optimizer,0.002207048237323761,7523.25
91,1775529980.7245572,forward,0.03588598407804966,7523.25
91,1775529980.8053038,backward,0.08061558939516544,7523.25
91,1775529980.8079522,optimizer,0.0024973712861537933,7523.25
92,1775529980.9115925,forward,0.03584463335573673,7523.25
92,1775529980.9925873,backward,0.08086661621928215,7523.25
92,1775529980.9952438,optimizer,0.0025019925087690353,7523.25
93,1775529981.1032386,forward,0.03581824153661728,7523.25
93,1775529981.183891,backward,0.08052813075482845,7523.25
93,1775529981.1865294,optimizer,0.002490004524588585,7523.25
94,1775529981.3668752,forward,0.03585249185562134,7523.25
94,1775529981.447686,backward,0.0806772019714117,7523.25
94,1775529981.4503145,optimizer,0.0024819541722536087,7523.25
95,1775529981.5565124,forward,0.035840144380927086,7523.25
95,1775529981.637584,backward,0.08094094693660736,7523.25
95,1775529981.6402175,optimizer,0.0024791210889816284,7523.25
96,1775529981.7465408,forward,0.03582070209085941,7523.25
96,1775529981.8273888,backward,0.08071494475007057,7523.25
96,1775529981.8300483,optimizer,0.0025037433952093124,7523.25
97,1775529981.9300072,forward,0.035817913711071014,7523.25
97,1775529982.011044,backward,0.08091083727777004,7523.25
97,1775529982.013698,optimizer,0.0025031454861164093,7523.25
98,1775529982.112742,forward,0.03587392345070839,7523.25
98,1775529982.1938193,backward,0.0809487160295248,7523.25
98,1775529982.1964493,optimizer,0.002480901777744293,7523.25
99,1775529982.3019316,forward,0.03585949167609215,7523.25
99,1775529982.382569,backward,0.08050643652677536,7523.25
99,1775529982.3852026,optimizer,0.0024846047163009644,7523.25
100,1775529982.491366,forward,0.03583217225968838,7523.25
100,1775529982.572474,backward,0.0809800885617733,7523.25
100,1775529982.5751133,optimizer,0.002489732578396797,7523.25
101,1775529982.6803265,forward,0.035997552797198296,7523.25
101,1775529982.7611163,backward,0.08062426187098026,7523.25
101,1775529982.7638485,optimizer,0.002581115812063217,7523.25
102,1775529982.8651357,forward,0.0358540341258049,7523.25
102,1775529982.9459162,backward,0.08065088279545307,7523.25
102,1775529982.9484797,optimizer,0.0024153608828783035,7523.25
103,1775529983.05472,forward,0.03580864518880844,7523.25
103,1775529983.1356971,backward,0.0808450635522604,7523.25
103,1775529983.1383624,optimizer,0.002509012818336487,7523.25
104,1775529983.2451105,forward,0.0358386617153883,7523.25
104,1775529983.3258357,backward,0.08059828914701939,7523.25
104,1775529983.3284757,optimizer,0.002487272024154663,7523.25
105,1775529983.4289296,forward,0.03580373339354992,7523.25
105,1775529983.5099127,backward,0.08085525408387184,7523.25
105,1775529983.5125782,optimizer,0.002511013299226761,7523.25
106,1775529983.6177614,forward,0.035796960815787315,7523.25
106,1775529983.6985328,backward,0.08064461126923561,7523.25
106,1775529983.7011554,optimizer,0.0024732425808906555,7523.25
107,1775529983.8065724,forward,0.035804131999611855,7523.25
107,1775529983.8875005,backward,0.08079645223915577,7523.25
107,1775529983.8901443,optimizer,0.0024929046630859375,7523.25
108,1775529983.9957407,forward,0.03585360199213028,7523.25
108,1775529984.0768285,backward,0.08094810880720615,7523.25
108,1775529984.0795105,optimizer,0.0025305040180683136,7523.25
109,1775529984.181144,forward,0.03585292398929596,7523.25
109,1775529984.2618098,backward,0.08053776994347572,7523.25
109,1775529984.264462,optimizer,0.0024987440556287766,7523.25
110,1775529984.3711317,forward,0.03580513037741184,7523.25
110,1775529984.4521694,backward,0.08090669848024845,7523.25
110,1775529984.4548001,optimizer,0.002478973940014839,7523.25
111,1775529984.5609632,forward,0.03588150255382061,7523.25
111,1775529984.64159,backward,0.08049258962273598,7523.25
111,1775529984.6442184,optimizer,0.002472624182701111,7523.25
112,1775529984.7454243,forward,0.03581465221941471,7523.25
112,1775529984.826217,backward,0.08066107146441936,7523.25
112,1775529984.8288486,optimizer,0.002479374408721924,7523.25
113,1775529984.9307919,forward,0.03579595871269703,7523.25
113,1775529985.0118277,backward,0.0809059664607048,7523.25
113,1775529985.014478,optimizer,0.002499813213944435,7523.25
114,1775529985.1212132,forward,0.035902803763747215,7523.25
114,1775529985.201852,backward,0.08051038905978203,7523.25
114,1775529985.204479,optimizer,0.0024780426174402237,7523.25
115,1775529985.3118503,forward,0.03584006428718567,7523.25
115,1775529985.392842,backward,0.08086014539003372,7523.25
115,1775529985.3954709,optimizer,0.00248076394200325,7523.25
116,1775529985.497166,forward,0.035870252177119255,7523.25
116,1775529985.5780246,backward,0.08072715438902378,7523.25
116,1775529985.5806649,optimizer,0.0024859942495822906,7523.25
117,1775529985.6871107,forward,0.035818491131067276,7523.25
117,1775529985.7682753,backward,0.08095827512443066,7523.25
117,1775529985.7710245,optimizer,0.0025965049862861633,7523.25
118,1775529985.8793383,forward,0.03588874451816082,7523.25
118,1775529985.959961,backward,0.08049852028489113,7523.25
118,1775529985.962572,optimizer,0.002461884170770645,7523.25
119,1775529986.0693426,forward,0.03583962097764015,7523.25
119,1775529986.150309,backward,0.08083321712911129,7523.25
119,1775529986.152961,optimizer,0.002499602735042572,7523.25
120,1775529986.2566786,forward,0.03586193174123764,7523.25
120,1775529986.3374882,backward,0.08068087138235569,7523.25
120,1775529986.340136,optimizer,0.0024884436279535294,7523.25
121,1775529986.441039,forward,0.035845015197992325,7523.25
121,1775529986.521663,backward,0.08049516938626766,7523.25
121,1775529986.5243251,optimizer,0.0022394172847270966,7523.25
122,1775529986.6272607,forward,0.03583977557718754,7523.25
122,1775529986.7081506,backward,0.0807618610560894,7523.25
122,1775529986.7107928,optimizer,0.0024925842881202698,7523.25
123,1775529986.816213,forward,0.035848572850227356,7523.25
123,1775529986.8970213,backward,0.08067688345909119,7523.25
123,1775529986.8996649,optimizer,0.0024954620748758316,7523.25
124,1775529987.0014238,forward,0.03581697307527065,7523.25
124,1775529987.0820575,backward,0.08049635775387287,7523.25
124,1775529987.0847044,optimizer,0.0024982765316963196,7523.25
125,1775529987.1897845,forward,0.03584464080631733,7523.25
125,1775529987.270822,backward,0.08090905658900738,7523.25
125,1775529987.2734454,optimizer,0.002472342923283577,7523.25
126,1775529987.3752255,forward,0.03580811247229576,7523.25
126,1775529987.4561539,backward,0.0807998925447464,7523.25
126,1775529987.4592264,optimizer,0.002891968935728073,7523.25
127,1775529987.5589502,forward,0.035870663821697235,7523.25
127,1775529987.6396399,backward,0.08056380972266197,7523.25
127,1775529987.642262,optimizer,0.00247146375477314,7523.25
128,1775529987.7440865,forward,0.035825252532958984,7523.25
128,1775529987.8248336,backward,0.08061219938099384,7523.25
128,1775529987.8274908,optimizer,0.002505885437130928,7523.25
129,1775529987.9351676,forward,0.03580629266798496,7523.25
129,1775529988.0160294,backward,0.08073385246098042,7523.25
129,1775529988.018654,optimizer,0.0024749543517827988,7523.25
130,1775529988.1256833,forward,0.035838354378938675,7523.25
130,1775529988.206652,backward,0.0808411855250597,7523.25
130,1775529988.2092946,optimizer,0.002490472048521042,7523.25
131,1775529988.3147337,forward,0.035828590393066406,7523.25
131,1775529988.3956275,backward,0.08076668530702591,7523.25
131,1775529988.3982475,optimizer,0.002471441403031349,7523.25
132,1775529988.5056753,forward,0.035818152129650116,7523.25
132,1775529988.5865474,backward,0.08074169233441353,7523.25
132,1775529988.5891886,optimizer,0.002492094412446022,7523.25
133,1775529988.6934621,forward,0.035825902596116066,7523.25
133,1775529988.7744756,backward,0.08088079653680325,7523.25
133,1775529988.7771254,optimizer,0.002494344487786293,7523.25
134,1775529988.8848789,forward,0.03585481271147728,7523.25
134,1775529988.965756,backward,0.08075118251144886,7523.25
134,1775529988.9683897,optimizer,0.0024832524359226227,7523.25
135,1775529989.071369,forward,0.03583028353750706,7523.25
135,1775529989.1523662,backward,0.0808679461479187,7523.25
135,1775529989.1551936,optimizer,0.002236517146229744,7523.25
136,1775529989.2705946,forward,0.03596952557563782,7523.25
136,1775529989.3516924,backward,0.08096816763281822,7523.25
136,1775529989.3543532,optimizer,0.0025077443569898605,7523.25
137,1775529989.462709,forward,0.035846393555402756,7523.25
137,1775529989.5435271,backward,0.0806889720261097,7523.25
137,1775529989.5461862,optimizer,0.0025066323578357697,7523.25
138,1775529989.6498363,forward,0.03582441247999668,7523.25
138,1775529989.7309444,backward,0.08098047971725464,7523.25
138,1775529989.733603,optimizer,0.002503693103790283,7523.25
139,1775529989.8401952,forward,0.03587900102138519,7523.25
139,1775529989.9208527,backward,0.08052429929375648,7523.25
139,1775529989.9235008,optimizer,0.002499554306268692,7523.25
140,1775529990.0269964,forward,0.03581841476261616,7523.25
140,1775529990.1078846,backward,0.08076149225234985,7523.25
140,1775529990.1105387,optimizer,0.0025032535195350647,7523.25
141,1775529990.2172573,forward,0.03588877245783806,7523.25
141,1775529990.298026,backward,0.08063936233520508,7523.25
141,1775529990.3006554,optimizer,0.002479022368788719,7523.25
142,1775529990.4041374,forward,0.03583070449531078,7523.25
142,1775529990.4849331,backward,0.08066989295184612,7523.25
142,1775529990.4875748,optimizer,0.002495972439646721,7523.25
143,1775529990.588028,forward,0.03582323342561722,7523.25
143,1775529990.6689818,backward,0.08082751370966434,7523.25
143,1775529990.6716073,optimizer,0.002474430948495865,7523.25
144,1775529990.776833,forward,0.035894403234124184,7523.25
144,1775529990.8575783,backward,0.08061418123543262,7523.25
144,1775529990.8602228,optimizer,0.0024911854416131973,7523.25
145,1775529990.9680254,forward,0.036028455942869186,7523.25
145,1775529991.0490906,backward,0.08089449629187584,7523.25
145,1775529991.0518334,optimizer,0.002589777112007141,7523.25
146,1775529991.159692,forward,0.03584660217165947,7523.25
146,1775529991.2402763,backward,0.08045591786503792,7523.25
146,1775529991.2429345,optimizer,0.002504803240299225,7523.25
147,1775529991.3467689,forward,0.035798873752355576,7523.25
147,1775529991.427716,backward,0.08081350289285183,7523.25
147,1775529991.4303386,optimizer,0.0024733934551477432,7523.25
148,1775529991.5316482,forward,0.03577753156423569,7523.25
148,1775529991.612635,backward,0.08085556514561176,7523.25
148,1775529991.6152697,optimizer,0.0024830233305692673,7523.25
149,1775529991.7202826,forward,0.03583410196006298,7523.25
149,1775529991.8009982,backward,0.08058802038431168,7523.25
149,1775529991.8036451,optimizer,0.002500683069229126,7523.25
150,1775529991.908849,forward,0.035833751782774925,7523.25
150,1775529991.989899,backward,0.08092147670686245,7523.25
150,1775529991.9925325,optimizer,0.002485336735844612,7523.25
151,1775529992.0995538,forward,0.03583238460123539,7523.25
151,1775529992.1802106,backward,0.08052716962993145,7523.25
151,1775529992.1828253,optimizer,0.0024637654423713684,7523.25
152,1775529992.285913,forward,0.035820990800857544,7523.25
152,1775529992.366915,backward,0.08086437545716763,7523.25
152,1775529992.369545,optimizer,0.0024764128029346466,7523.25
153,1775529992.4761689,forward,0.03584420308470726,7523.25
153,1775529992.5568767,backward,0.08057970926165581,7523.25
153,1775529992.559513,optimizer,0.0024860836565494537,7523.25
154,1775529992.6678188,forward,0.03587419167160988,7523.25
154,1775529992.748896,backward,0.08093866519629955,7523.25
154,1775529992.7515686,optimizer,0.002518322318792343,7523.25
155,1775529992.8550923,forward,0.035852015018463135,7523.25
155,1775529992.935864,backward,0.08063866198062897,7523.25
155,1775529992.938492,optimizer,0.002476481720805168,7523.25
156,1775529993.0400326,forward,0.03581395372748375,7523.25
156,1775529993.120624,backward,0.08046118915081024,7523.25
156,1775529993.123268,optimizer,0.0024922117590904236,7523.25
157,1775529993.229782,forward,0.035890983417630196,7523.25
157,1775529993.3108218,backward,0.08091148547828197,7523.25
157,1775529993.3134527,optimizer,0.0024812817573547363,7523.25
158,1775529993.4197407,forward,0.03583366423845291,7523.25
158,1775529993.500431,backward,0.08056274987757206,7523.25
158,1775529993.5030932,optimizer,0.0025144927203655243,7523.25
159,1775529993.61015,forward,0.03581713326275349,7523.25
159,1775529993.691158,backward,0.08088068477809429,7523.25
159,1775529993.6937962,optimizer,0.0024914033710956573,7523.25
160,1775529993.8751938,forward,0.03583551198244095,7523.25
160,1775529993.9559944,backward,0.08066352270543575,7523.25
160,1775529993.95866,optimizer,0.0025107935070991516,7523.25
161,1775529994.058853,forward,0.035830823704600334,7523.25
161,1775529994.1394284,backward,0.0804460272192955,7523.25
161,1775529994.142072,optimizer,0.002492601051926613,7523.25
162,1775529994.2471511,forward,0.03580588102340698,7523.25
162,1775529994.3281164,backward,0.08083362318575382,7523.25
162,1775529994.3307636,optimizer,0.0024945735931396484,7523.25
163,1775529994.4352953,forward,0.03585883416235447,7523.25
163,1775529994.5161102,backward,0.08068347163498402,7523.25
163,1775529994.518782,optimizer,0.0024773143231868744,7523.25
164,1775529994.625346,forward,0.035850582644343376,7523.25
164,1775529994.7062795,backward,0.0808002632111311,7523.25
164,1775529994.708922,optimizer,0.0024964436888694763,7523.25
165,1775529994.8125582,forward,0.03582185134291649,7523.25
165,1775529994.8936365,backward,0.08095076866447926,7523.25
165,1775529994.8968942,optimizer,0.0030305031687021255,7523.25
166,1775529995.00293,forward,0.03589964471757412,7523.25
166,1775529995.083813,backward,0.08076198399066925,7523.25
166,1775529995.0864656,optimizer,0.002399461343884468,7523.25
167,1775529995.191587,forward,0.03584602102637291,7523.25
167,1775529995.2726057,backward,0.08089504390954971,7523.25
167,1775529995.2752576,optimizer,0.002498975023627281,7523.25
168,1775529995.3764567,forward,0.03585723415017128,7523.25
168,1775529995.4571238,backward,0.08053545840084553,7523.25
168,1775529995.459779,optimizer,0.0025023240596055984,7523.25
169,1775529995.5646918,forward,0.03583183512091637,7523.25
169,1775529995.6456573,backward,0.08083533681929111,7523.25
169,1775529995.648309,optimizer,0.002497464418411255,7523.25
170,1775529995.7479868,forward,0.03581059351563454,7523.25
170,1775529995.829089,backward,0.08097651600837708,7523.25
170,1775529995.8317463,optimizer,0.0025099515914916992,7523.25
171,1775529995.9328592,forward,0.035810381174087524,7523.25
171,1775529996.0137453,backward,0.08075790293514729,7523.25
171,1775529996.0163984,optimizer,0.0025023017078638077,7523.25
172,1775529996.12329,forward,0.035817861557006836,7523.25
172,1775529996.2042449,backward,0.0808287151157856,7523.25
172,1775529996.2068818,optimizer,0.0024893302470445633,7523.25
173,1775529996.311127,forward,0.03581378422677517,7523.25
173,1775529996.392094,backward,0.08083645440638065,7523.25
173,1775529996.3947468,optimizer,0.002505844458937645,7523.25
174,1775529996.4995196,forward,0.03585519455373287,7523.25
174,1775529996.580206,backward,0.08055826090276241,7523.25
174,1775529996.582844,optimizer,0.002486923709511757,7523.25
175,1775529996.6886065,forward,0.03582393936812878,7523.25
175,1775529996.7696764,backward,0.08094149455428123,7523.25
175,1775529996.7723358,optimizer,0.002506563439965248,7523.25
176,1775529996.8797548,forward,0.03582167252898216,7523.25
176,1775529996.960482,backward,0.08059464953839779,7523.25
176,1775529996.9631038,optimizer,0.0024733245372772217,7523.25
177,1775529997.0684874,forward,0.035843852907419205,7523.25
177,1775529997.1496222,backward,0.08100553788244724,7523.25
177,1775529997.1526926,optimizer,0.0028911083936691284,7523.25
178,1775529997.2549658,forward,0.03590865433216095,7523.25
178,1775529997.335728,backward,0.08063545264303684,7523.25
178,1775529997.3383389,optimizer,0.0022059790790081024,7523.25
179,1775529997.4391787,forward,0.03579395264387131,7523.25
179,1775529997.5198932,backward,0.08058650977909565,7523.25
179,1775529997.5225284,optimizer,0.0024826228618621826,7523.25
180,1775529997.629555,forward,0.03582436218857765,7523.25
180,1775529997.7105653,backward,0.08086851611733437,7523.25
180,1775529997.7131996,optimizer,0.0024888738989830017,7523.25
181,1775529997.8186264,forward,0.03582885302603245,7523.25
181,1775529997.8992755,backward,0.08051817864179611,7523.25
181,1775529997.9019096,optimizer,0.0024863313883543015,7523.25
182,1775529998.0047615,forward,0.035869237035512924,7523.25
182,1775529998.085715,backward,0.08082746341824532,7523.25
182,1775529998.0883605,optimizer,0.0024937447160482407,7523.25
183,1775529998.1966727,forward,0.03588153421878815,7523.25
183,1775529998.2773209,backward,0.08052252978086472,7523.25
183,1775529998.279954,optimizer,0.002482481300830841,7523.25
184,1775529998.3826897,forward,0.035812582820653915,7523.25
184,1775529998.4636378,backward,0.0808226466178894,7523.25
184,1775529998.4662805,optimizer,0.0024871826171875,7523.25
185,1775529998.566579,forward,0.03580506518483162,7523.25
185,1775529998.6476548,backward,0.08094135485589504,7523.25
185,1775529998.6502795,optimizer,0.00247076153755188,7523.25
186,1775529998.7514715,forward,0.035836873576045036,7523.25
186,1775529998.8325405,backward,0.08093884401023388,7523.25
186,1775529998.8351896,optimizer,0.0024975407868623734,7523.25
187,1775529998.9371707,forward,0.0358186811208725,7523.25
187,1775529999.017814,backward,0.08051310107111931,7523.25
187,1775529999.0204628,optimizer,0.002498265355825424,7523.25
188,1775529999.1251488,forward,0.03585100173950195,7523.25
188,1775529999.2061357,backward,0.08086061477661133,7523.25
188,1775529999.2087746,optimizer,0.002490563318133354,7523.25
189,1775529999.314559,forward,0.035858264192938805,7523.25
189,1775529999.3952932,backward,0.08060504123568535,7523.25
189,1775529999.3981953,optimizer,0.002713896334171295,7523.25
190,1775529999.5131214,forward,0.03603237681090832,7523.25
190,1775529999.5940077,backward,0.08076218515634537,7523.25
190,1775529999.5966597,optimizer,0.0025005731731653214,7523.25
191,1775529999.7044332,forward,0.03585510514676571,7523.25
191,1775529999.785414,backward,0.08085328340530396,7523.25
191,1775529999.7880309,optimizer,0.0024599209427833557,7523.25
192,1775529999.894134,forward,0.03588336519896984,7523.25
192,1775529999.9748392,backward,0.08057999238371849,7523.25
192,1775529999.9774687,optimizer,0.0024781711399555206,7523.25
193,1775530000.0838428,forward,0.03585702367126942,7523.25
193,1775530000.164787,backward,0.08081107400357723,7523.25
193,1775530000.1674492,optimizer,0.0025055035948753357,7523.25
194,1775530000.2709873,forward,0.03582293353974819,7523.25
194,1775530000.3518977,backward,0.08078275434672832,7523.25
194,1775530000.3545249,optimizer,0.002478044480085373,7523.25
195,1775530000.463256,forward,0.03581841476261616,7523.25
195,1775530000.5442572,backward,0.08087358437478542,7523.25
195,1775530000.5468962,optimizer,0.002485005185008049,7523.25
196,1775530000.648348,forward,0.03586243465542793,7523.25
196,1775530000.729336,backward,0.08086118660867214,7523.25
196,1775530000.7319777,optimizer,0.0024882834404706955,7523.25
197,1775530000.8358288,forward,0.03586958162486553,7523.25
197,1775530000.916489,backward,0.08052878826856613,7523.25
197,1775530000.9191332,optimizer,0.002492673695087433,7523.25
198,1775530001.02737,forward,0.03581455163657665,7523.25
198,1775530001.1084635,backward,0.08096946775913239,7523.25
198,1775530001.1111193,optimizer,0.0025068633258342743,7523.25
199,1775530001.2149875,forward,0.035900795832276344,7523.25
199,1775530001.295635,backward,0.08052068017423153,7523.25
199,1775530001.2982764,optimizer,0.0024901852011680603,7523.25
200,1775530001.406078,forward,0.035832082852721214,7523.25
200,1775530001.4871607,backward,0.08095665834844112,7523.25
200,1775530001.489796,optimizer,0.0024841148406267166,7523.25
201,1775530001.5967724,forward,0.035878341645002365,7523.25
201,1775530001.6774914,backward,0.08058146759867668,7523.25
201,1775530001.680421,optimizer,0.002665635198354721,7523.25
202,1775530001.7849338,forward,0.03593538701534271,7523.25
202,1775530001.8660781,backward,0.08101902715861797,7523.25
202,1775530001.8687263,optimizer,0.002494262531399727,7523.25
203,1775530001.9726348,forward,0.03585621155798435,7523.25
203,1775530002.0534456,backward,0.08063885197043419,7523.25
203,1775530002.0560892,optimizer,0.002485143020749092,7523.25
204,1775530002.1580112,forward,0.0358334518969059,7523.25
204,1775530002.2387435,backward,0.08060500025749207,7523.25
204,1775530002.241377,optimizer,0.0024856645613908768,7523.25
205,1775530002.3482423,forward,0.035794131457805634,7523.25
205,1775530002.4292622,backward,0.08088766410946846,7523.25
205,1775530002.4319177,optimizer,0.0025023743510246277,7523.25
206,1775530002.5343862,forward,0.035873543471097946,7523.25
206,1775530002.6150305,backward,0.08051923848688602,7523.25
206,1775530002.6176581,optimizer,0.002478804439306259,7523.25
207,1775530002.7183702,forward,0.035828722640872,7523.25
207,1775530002.7991595,backward,0.08065847121179104,7523.25
207,1775530002.8018076,optimizer,0.002495691180229187,7523.25
208,1775530002.9085982,forward,0.035816751420497894,7523.25
208,1775530002.9895332,backward,0.08081078343093395,7523.25
208,1775530002.992173,optimizer,0.002491762861609459,7523.25
209,1775530003.0927668,forward,0.03588591143488884,7523.25
209,1775530003.1735609,backward,0.08066133223474026,7523.25
209,1775530003.1761844,optimizer,0.002483513206243515,7523.25
210,1775530003.277146,forward,0.035871854051947594,7523.25
210,1775530003.357911,backward,0.08063233084976673,7523.25
210,1775530003.3605447,optimizer,0.0024811234325170517,7523.25
211,1775530003.462225,forward,0.03582790121436119,7523.25
211,1775530003.543204,backward,0.0808512344956398,7523.25
211,1775530003.5458362,optimizer,0.002483893185853958,7523.25
212,1775530003.648914,forward,0.035849492996931076,7523.25
212,1775530003.729908,backward,0.08086729608476162,7523.25
212,1775530003.7325406,optimizer,0.0024851933121681213,7523.25
213,1775530003.838026,forward,0.035832151770591736,7523.25
213,1775530003.9188113,backward,0.08065536245703697,7523.25
213,1775530003.9216108,optimizer,0.002573896199464798,7523.25
214,1775530004.025216,forward,0.03587896376848221,7523.25
214,1775530004.1063201,backward,0.08097637817263603,7523.25
214,1775530004.1089559,optimizer,0.0024879053235054016,7523.25
215,1775530004.2108254,forward,0.035803964361548424,7523.25
215,1775530004.2915914,backward,0.080638712272048,7523.25
215,1775530004.2942364,optimizer,0.002493022009730339,7523.25
216,1775530004.4017818,forward,0.03581407107412815,7523.25
216,1775530004.4826686,backward,0.08075640350580215,7523.25
216,1775530004.4852738,optimizer,0.0022044163197278976,7523.25
217,1775530004.5873435,forward,0.035813990980386734,7523.25
217,1775530004.668367,backward,0.08089708723127842,7523.25
217,1775530004.671027,optimizer,0.002507353201508522,7523.25
218,1775530004.7723246,forward,0.03584401123225689,7523.25
218,1775530004.8530197,backward,0.08056450076401234,7523.25
218,1775530004.8556771,optimizer,0.002505272626876831,7523.25
219,1775530004.9616365,forward,0.03581954352557659,7523.25
219,1775530005.0425687,backward,0.08080246299505234,7523.25
219,1775530005.045171,optimizer,0.0024490728974342346,7523.25
220,1775530005.1532047,forward,0.03584897331893444,7523.25
220,1775530005.2339296,backward,0.08059277012944221,7523.25
220,1775530005.2365665,optimizer,0.0024841316044330597,7523.25
221,1775530005.3438876,forward,0.03585049510002136,7523.25
221,1775530005.4249103,backward,0.08089410699903965,7523.25
221,1775530005.4275403,optimizer,0.0024806447327136993,7523.25
222,1775530005.5339096,forward,0.035869354382157326,7523.25
222,1775530005.6145587,backward,0.08051903918385506,7523.25
222,1775530005.6172001,optimizer,0.0024928711354732513,7523.25
223,1775530005.724849,forward,0.03586825169622898,7523.25
223,1775530005.8059516,backward,0.08097605779767036,7523.25
223,1775530005.8085814,optimizer,0.0024809110909700394,7523.25
224,1775530005.9157999,forward,0.03580745495855808,7523.25
224,1775530005.9964123,backward,0.08048737980425358,7523.25
224,1775530005.999051,optimizer,0.0024873819202184677,7523.25
225,1775530006.1436296,forward,0.03584643080830574,7523.25
225,1775530006.224691,backward,0.0809315275400877,7523.25
225,1775530006.22733,optimizer,0.0024920329451560974,7523.25
226,1775530006.3304121,forward,0.035815404728055,7523.25
226,1775530006.4112468,backward,0.08070489205420017,7523.25
226,1775530006.4138885,optimizer,0.0024900324642658234,7523.25
227,1775530006.5212348,forward,0.03584411181509495,7523.25
227,1775530006.6022077,backward,0.08084987662732601,7523.25
227,1775530006.6048384,optimizer,0.0024796631187200546,7523.25
228,1775530006.7082283,forward,0.03581414557993412,7523.25
228,1775530006.7892575,backward,0.08089752681553364,7523.25
228,1775530006.7925034,optimizer,0.0030185431241989136,7523.25
229,1775530006.896053,forward,0.03589840419590473,7523.25
229,1775530006.9767478,backward,0.08056808076798916,7523.25
229,1775530006.9794126,optimizer,0.0025151241570711136,7523.25
230,1775530007.0842743,forward,0.03582673333585262,7523.25
230,1775530007.1653557,backward,0.08095390535891056,7523.25
230,1775530007.1680214,optimizer,0.0025105737149715424,7523.25
231,1775530007.2736557,forward,0.03584807366132736,7523.25
231,1775530007.3543012,backward,0.08051858097314835,7523.25
231,1775530007.3569407,optimizer,0.002489933744072914,7523.25
232,1775530007.4567618,forward,0.035838812589645386,7523.25
232,1775530007.5375419,backward,0.08064881153404713,7523.25
232,1775530007.5401785,optimizer,0.002485601231455803,7523.25
233,1775530007.6431959,forward,0.035868773236870766,7523.25
233,1775530007.72428,backward,0.08095714636147022,7523.25
233,1775530007.7269404,optimizer,0.0025092922151088715,7523.25
234,1775530007.832909,forward,0.03593338467180729,7523.25
234,1775530007.9136136,backward,0.08057538792490959,7523.25
234,1775530007.9162498,optimizer,0.002484044060111046,7523.25
235,1775530008.016839,forward,0.03584296070039272,7523.25
235,1775530008.0976539,backward,0.08068864233791828,7523.25
235,1775530008.100274,optimizer,0.002473253756761551,7523.25
236,1775530008.2062414,forward,0.03585530444979668,7523.25
236,1775530008.287267,backward,0.08089287579059601,7523.25
236,1775530008.28992,optimizer,0.002504691481590271,7523.25
237,1775530008.3965762,forward,0.0358174629509449,7523.25
237,1775530008.4773433,backward,0.0806336309760809,7523.25
237,1775530008.4799833,optimizer,0.00248587504029274,7523.25
238,1775530008.5825763,forward,0.03580330312252045,7523.25
238,1775530008.663522,backward,0.08081632480025291,7523.25
238,1775530008.6661708,optimizer,0.002495892345905304,7523.25
239,1775530008.7675629,forward,0.03583238273859024,7523.25
239,1775530008.848653,backward,0.0809617880731821,7523.25
239,1775530008.851302,optimizer,0.002497810870409012,7523.25
240,1775530008.9576914,forward,0.03588142432272434,7523.25
240,1775530009.038472,backward,0.08065064437687397,7523.25
240,1775530009.041089,optimizer,0.0024690330028533936,7523.25
241,1775530009.1485782,forward,0.03585669584572315,7523.25
241,1775530009.229502,backward,0.08079474419355392,7523.25
241,1775530009.2321396,optimizer,0.002479763701558113,7523.25
242,1775530009.3351722,forward,0.0357999112457037,7523.25
242,1775530009.4158394,backward,0.08054213970899582,7523.25
242,1775530009.418461,optimizer,0.0024736225605010986,7523.25
243,1775530009.519411,forward,0.03577670082449913,7523.25
243,1775530009.6003568,backward,0.08081954345107079,7523.25
243,1775530009.6030269,optimizer,0.0025157444179058075,7523.25
244,1775530009.7032158,forward,0.0358001422137022,7523.25
244,1775530009.7846155,backward,0.08124914392828941,7523.25
244,1775530009.7872794,optimizer,0.002513345330953598,7523.25
245,1775530009.8910055,forward,0.035904763266444206,7523.25
245,1775530009.9717138,backward,0.08057652972638607,7523.25
245,1775530009.9743662,optimizer,0.0024976246058940887,7523.25
246,1775530010.0823445,forward,0.03584163263440132,7523.25
246,1775530010.1634126,backward,0.08094050735235214,7523.25
246,1775530010.1660619,optimizer,0.0024985242635011673,7523.25
247,1775530010.267218,forward,0.0358477421104908,7523.25
247,1775530010.348297,backward,0.08095086924731731,7523.25
247,1775530010.350966,optimizer,0.0025197044014930725,7523.25
248,1775530010.452542,forward,0.03590196371078491,7523.25
248,1775530010.5332243,backward,0.08055323921144009,7523.25
248,1775530010.5358708,optimizer,0.002498934045433998,7523.25
249,1775530010.6372006,forward,0.035883042961359024,7523.25
249,1775530010.717973,backward,0.0806424617767334,7523.25
249,1775530010.720603,optimizer,0.0024841222912073135,7523.25
250,1775530010.8279035,forward,0.03587077371776104,7523.25
250,1775530010.9088361,backward,0.08080419339239597,7523.25
250,1775530010.9114902,optimizer,0.0024051442742347717,7523.25
251,1775530011.0112107,forward,0.03589874505996704,7523.25
251,1775530011.091914,backward,0.08057492971420288,7523.25
251,1775530011.0945525,optimizer,0.002490544691681862,7523.25
252,1775530011.1986766,forward,0.035829273983836174,7523.25
252,1775530011.2796078,backward,0.08080350421369076,7523.25
252,1775530011.2822618,optimizer,0.00250077061355114,7523.25
253,1775530011.3877213,forward,0.03586091473698616,7523.25
253,1775530011.468629,backward,0.0807805135846138,7523.25
253,1775530011.4712646,optimizer,0.002483893185853958,7523.25
254,1775530011.5792344,forward,0.03584054112434387,7523.25
254,1775530011.6602082,backward,0.08084172569215298,7523.25
254,1775530011.6628473,optimizer,0.0024880729615688324,7523.25
255,1775530011.7650714,forward,0.035817621275782585,7523.25
255,1775530011.8461986,backward,0.08100224658846855,7523.25
255,1775530011.848826,optimizer,0.002476891502737999,7523.25
256,1775530011.9551082,forward,0.0358367245644331,7523.25
256,1775530012.0358255,backward,0.0805894285440445,7523.25
256,1775530012.03846,optimizer,0.002484140917658806,7523.25
257,1775530012.2228572,forward,0.03590625710785389,7523.25
257,1775530012.303934,backward,0.08095025829970837,7523.25
257,1775530012.3065596,optimizer,0.0024768728762865067,7523.25
258,1775530012.4072797,forward,0.035825273022055626,7523.25
258,1775530012.4883776,backward,0.0809645988047123,7523.25
258,1775530012.4910314,optimizer,0.0024986322969198227,7523.25
259,1775530012.5910873,forward,0.03587101586163044,7523.25
259,1775530012.6717713,backward,0.08055347949266434,7523.25
259,1775530012.6746585,optimizer,0.0027038566768169403,7523.25
260,1775530012.7810872,forward,0.035989975556731224,7523.25
260,1775530012.8622167,backward,0.08099949918687344,7523.25
260,1775530012.8648584,optimizer,0.0024926047772169113,7523.25
261,1775530012.9727376,forward,0.03589121252298355,7523.25
261,1775530013.0533817,backward,0.08051165007054806,7523.25
261,1775530013.0560076,optimizer,0.002471610903739929,7523.25
262,1775530013.1603782,forward,0.03581986390054226,7523.25
262,1775530013.241333,backward,0.08082328550517559,7523.25
262,1775530013.2439597,optimizer,0.0024787429720163345,7523.25
263,1775530013.3482723,forward,0.03581652417778969,7523.25
263,1775530013.429099,backward,0.08069956488907337,7523.25
263,1775530013.4317381,optimizer,0.0024871043860912323,7523.25
264,1775530013.5359042,forward,0.035790590569376945,7523.25
264,1775530013.6166928,backward,0.0806588027626276,7523.25
264,1775530013.6193275,optimizer,0.0024882014840841293,7523.25
265,1775530013.7255871,forward,0.035864923149347305,7523.25
265,1775530013.8065736,backward,0.08086062595248222,7523.25
265,1775530013.8092117,optimizer,0.002488592639565468,7523.25
266,1775530013.9128225,forward,0.03582162223756313,7523.25
266,1775530013.993483,backward,0.08052629791200161,7523.25
266,1775530013.9961152,optimizer,0.0024763718247413635,7523.25
267,1775530014.0999148,forward,0.035797951743006706,7523.25
267,1775530014.1808822,backward,0.08083588629961014,7523.25
267,1775530014.183547,optimizer,0.0025088638067245483,7523.25
268,1775530014.2897732,forward,0.035897284746170044,7523.25
268,1775530014.370522,backward,0.08061753213405609,7523.25
268,1775530014.373161,optimizer,0.0024868715554475784,7523.25
269,1775530014.4799483,forward,0.03581731393933296,7523.25
269,1775530014.5609636,backward,0.08088636584579945,7523.25
269,1775530014.563582,optimizer,0.002210717648267746,7523.25
270,1775530014.669405,forward,0.03589347191154957,7523.25
270,1775530014.7501454,backward,0.08060209080576897,7523.25
270,1775530014.7527812,optimizer,0.0024877525866031647,7523.25
271,1775530014.8564868,forward,0.03585808351635933,7523.25
271,1775530014.9372754,backward,0.08065708167850971,7523.25
271,1775530014.9399278,optimizer,0.0025012046098709106,7523.25
272,1775530015.043355,forward,0.03584386222064495,7523.25
272,1775530015.124392,backward,0.08090986497700214,7523.25
272,1775530015.1270263,optimizer,0.0024851523339748383,7523.25
273,1775530015.2346702,forward,0.03583437204360962,7523.25
273,1775530015.3154323,backward,0.0806350726634264,7523.25
273,1775530015.3180733,optimizer,0.0024920161813497543,7523.25
274,1775530015.4229412,forward,0.035817092284560204,7523.25
274,1775530015.503976,backward,0.08090540394186974,7523.25
274,1775530015.5066144,optimizer,0.002483842894434929,7523.25
275,1775530015.6151202,forward,0.035939184948801994,7523.25
275,1775530015.6960437,backward,0.08075466379523277,7523.25
275,1775530015.698774,optimizer,0.002578822895884514,7523.25
276,1775530015.8009226,forward,0.035788172855973244,7523.25
276,1775530015.8820024,backward,0.08094881474971771,7523.25
276,1775530015.8846393,optimizer,0.0024842340499162674,7523.25
277,1775530015.9904475,forward,0.035858405753970146,7523.25
277,1775530016.0711484,backward,0.08057202026247978,7523.25
277,1775530016.0737684,optimizer,0.002468174323439598,7523.25
278,1775530016.180963,forward,0.035897644236683846,7523.25
278,1775530016.2619967,backward,0.08090334758162498,7523.25
278,1775530016.2646236,optimizer,0.0024757832288742065,7523.25
279,1775530016.37042,forward,0.03587983548641205,7523.25
279,1775530016.451102,backward,0.08055409975349903,7523.25
279,1775530016.4537358,optimizer,0.0024828407913446426,7523.25
280,1775530016.5584655,forward,0.03584549389779568,7523.25
280,1775530016.6394475,backward,0.08085220493376255,7523.25
280,1775530016.6420908,optimizer,0.002488095313310623,7523.25
281,1775530016.7490559,forward,0.03589564375579357,7523.25
281,1775530016.8297718,backward,0.08059041947126389,7523.25
281,1775530016.832405,optimizer,0.002483835443854332,7523.25
282,1775530016.934378,forward,0.035787301138043404,7523.25
282,1775530017.0151503,backward,0.0806410200893879,7523.25
282,1775530017.0177817,optimizer,0.002482641488313675,7523.25
283,1775530017.1211696,forward,0.035811591893434525,7523.25
283,1775530017.2022166,backward,0.08090697601437569,7523.25
283,1775530017.2048535,optimizer,0.002481013536453247,7523.25
284,1775530017.3114336,forward,0.035852592438459396,7523.25
284,1775530017.392077,backward,0.08051233924925327,7523.25
284,1775530017.3947215,optimizer,0.0024904925376176834,7523.25
285,1775530017.4948037,forward,0.0358140729367733,7523.25
285,1775530017.5755749,backward,0.08064270205795765,7523.25
285,1775530017.5782118,optimizer,0.0024865642189979553,7523.25
286,1775530017.6811264,forward,0.03584536164999008,7523.25
286,1775530017.7622411,backward,0.08098962716758251,7523.25
286,1775530017.7648885,optimizer,0.0024988222867250443,7523.25
287,1775530017.8714933,forward,0.03586179204285145,7523.25
287,1775530017.9521008,backward,0.08047566004097462,7523.25
287,1775530017.954732,optimizer,0.00248018279671669,7523.25
288,1775530018.0588593,forward,0.03583507239818573,7523.25
288,1775530018.1398535,backward,0.08086603693664074,7523.25
288,1775530018.1425002,optimizer,0.0024953018873929977,7523.25
289,1775530018.2449667,forward,0.03583625145256519,7523.25
289,1775530018.3260071,backward,0.08091308549046516,7523.25
289,1775530018.328641,optimizer,0.0024886932224035263,7523.25
290,1775530018.4302943,forward,0.03586466424167156,7523.25
290,1775530018.5109394,backward,0.08051962964236736,7523.25
290,1775530018.5137432,optimizer,0.0025785770267248154,7523.25
291,1775530018.6146948,forward,0.03586936369538307,7523.25
291,1775530018.6955547,backward,0.08072662353515625,7523.25
291,1775530018.6982033,optimizer,0.0024967826902866364,7523.25
292,1775530018.8056133,forward,0.03584818169474602,7523.25
292,1775530018.8864598,backward,0.0807186421006918,7523.25
292,1775530018.88909,optimizer,0.0024788640439510345,7523.25
293,1775530018.9915388,forward,0.0358214620500803,7523.25
293,1775530019.0722024,backward,0.08053310960531235,7523.25
293,1775530019.0748546,optimizer,0.0025030821561813354,7523.25
294,1775530019.18189,forward,0.03582708165049553,7523.25
294,1775530019.2629302,backward,0.080911785364151,7523.25
294,1775530019.2655635,optimizer,0.002486264333128929,7523.25
295,1775530019.3714995,forward,0.03588167205452919,7523.25
295,1775530019.4521337,backward,0.08050237782299519,7523.25
295,1775530019.454772,optimizer,0.002490624785423279,7523.25
296,1775530019.5596302,forward,0.0358255710452795,7523.25
296,1775530019.6406791,backward,0.08092276938259602,7523.25
296,1775530019.6433287,optimizer,0.002500055357813835,7523.25
297,1775530019.7480648,forward,0.0358632430434227,7523.25
297,1775530019.8287685,backward,0.08057360723614693,7523.25
297,1775530019.8314369,optimizer,0.0025199446827173233,7523.25
298,1775530019.9345155,forward,0.03580336272716522,7523.25
298,1775530020.0152686,backward,0.08062435127794743,7523.25
298,1775530020.017911,optimizer,0.0024936646223068237,7523.25
299,1775530020.1239772,forward,0.03585398383438587,7523.25
299,1775530020.205023,backward,0.08091162331402302,7523.25
299,1775530020.207667,optimizer,0.0024951640516519547,7523.25
300,1775530020.3119917,forward,0.035819683223962784,7523.25
300,1775530020.3926814,backward,0.08055811934173107,7523.25
300,1775530020.395343,optimizer,0.002405218780040741,7523.25
301,1775530020.4956949,forward,0.035785652697086334,7523.25
301,1775530020.5766017,backward,0.08077755756676197,7523.25
301,1775530020.5792608,optimizer,0.0025082342326641083,7523.25
302,1775530020.6819391,forward,0.03582434356212616,7523.25
302,1775530020.7629263,backward,0.08086198382079601,7523.25
302,1775530020.765579,optimizer,0.0025002416223287582,7523.25
303,1775530020.870927,forward,0.035823192447423935,7523.25
303,1775530020.9515717,backward,0.08051561936736107,7523.25
303,1775530020.9542108,optimizer,0.0024913325905799866,7523.25
304,1775530021.055864,forward,0.03579813241958618,7523.25
304,1775530021.1368089,backward,0.08081510290503502,7523.25
304,1775530021.1394663,optimizer,0.0025093425065279007,7523.25
305,1775530021.2471719,forward,0.03584885410964489,7523.25
305,1775530021.3279812,backward,0.08068257197737694,7523.25
305,1775530021.3306115,optimizer,0.002481134608387947,7523.25
306,1775530021.436614,forward,0.03581672161817551,7523.25
306,1775530021.5175457,backward,0.08080650493502617,7523.25
306,1775530021.520179,optimizer,0.002484336495399475,7523.25
307,1775530021.6242254,forward,0.03580855205655098,7523.25
307,1775530021.7052853,backward,0.08092990517616272,7523.25
307,1775530021.707934,optimizer,0.002499472349882126,7523.25
308,1775530021.8094177,forward,0.03589651547372341,7523.25
308,1775530021.8900719,backward,0.08050619810819626,7523.25
308,1775530021.8927307,optimizer,0.002501383423805237,7523.25
309,1775530021.994989,forward,0.03579867258667946,7523.25
309,1775530022.0759313,backward,0.08081547729671001,7523.25
309,1775530022.0785751,optimizer,0.002493254840373993,7523.25
310,1775530022.187756,forward,0.03590233251452446,7523.25
310,1775530022.2685049,backward,0.08062046952545643,7523.25
310,1775530022.2711527,optimizer,0.002496723085641861,7523.25
311,1775530022.3749943,forward,0.03640609420835972,7523.25
311,1775530022.4559834,backward,0.08084274642169476,7523.25
311,1775530022.4586558,optimizer,0.002518145367503166,7523.25
312,1775530022.5601938,forward,0.03583543188869953,7523.25
312,1775530022.6412666,backward,0.08093995600938797,7523.25
312,1775530022.6438828,optimizer,0.002210007980465889,7523.25
313,1775530022.750273,forward,0.035831913352012634,7523.25
313,1775530022.8309712,backward,0.0805714800953865,7523.25
313,1775530022.8335943,optimizer,0.0024729520082473755,7523.25
314,1775530022.939688,forward,0.03583952225744724,7523.25
314,1775530023.0208008,backward,0.0809733048081398,7523.25
314,1775530023.023446,optimizer,0.0024898238480091095,7523.25
315,1775530023.1293404,forward,0.03591052442789078,7523.25
315,1775530023.2099786,backward,0.08050923980772495,7523.25
315,1775530023.2126086,optimizer,0.0024818144738674164,7523.25
316,1775530023.3194785,forward,0.035851115360856056,7523.25
316,1775530023.4005888,backward,0.08097589574754238,7523.25
316,1775530023.4032688,optimizer,0.00251072458922863,7523.25
317,1775530023.506752,forward,0.03584558144211769,7523.25
317,1775530023.5875275,backward,0.08064565248787403,7523.25
317,1775530023.59018,optimizer,0.0024990644305944443,7523.25
318,1775530023.6935296,forward,0.03584466129541397,7523.25
318,1775530023.7743506,backward,0.08069266192615032,7523.25
318,1775530023.7770016,optimizer,0.0024958718568086624,7523.25
319,1775530023.8815904,forward,0.03577527217566967,7523.25
319,1775530023.9625769,backward,0.08085878565907478,7523.25
319,1775530023.9652143,optimizer,0.0024849437177181244,7523.25
320,1775530024.0724022,forward,0.03588032349944115,7523.25
320,1775530024.1532242,backward,0.08069095201790333,7523.25
320,1775530024.1558764,optimizer,0.002501644194126129,7523.25
321,1775530024.2606819,forward,0.0358491912484169,7523.25
321,1775530024.3417,backward,0.08089123666286469,7523.25
321,1775530024.3443294,optimizer,0.002479182556271553,7523.25
322,1775530024.4497323,forward,0.03588925674557686,7523.25
322,1775530024.530406,backward,0.08054367266595364,7523.25
322,1775530024.533057,optimizer,0.002491094172000885,7523.25
323,1775530024.638824,forward,0.03581460565328598,7523.25
323,1775530024.719884,backward,0.08093700930476189,7523.25
323,1775530024.7225173,optimizer,0.0024855751544237137,7523.25
324,1775530024.8258884,forward,0.03585908189415932,7523.25
324,1775530024.9067256,backward,0.08070297166705132,7523.25
324,1775530024.9093919,optimizer,0.0024796705693006516,7523.25
325,1775530025.0146356,forward,0.03581022284924984,7523.25
325,1775530025.0955918,backward,0.08082730509340763,7523.25
325,1775530025.0982482,optimizer,0.0025007519870996475,7523.25
326,1775530025.204066,forward,0.03579990193247795,7523.25
326,1775530025.284921,backward,0.08072749339044094,7523.25
326,1775530025.2875695,optimizer,0.002492723986506462,7523.25
327,1775530025.3933082,forward,0.03584125079214573,7523.25
327,1775530025.4741554,backward,0.08072035387158394,7523.25
327,1775530025.476788,optimizer,0.0024843234568834305,7523.25
328,1775530025.578745,forward,0.0358403529971838,7523.25
328,1775530025.6598577,backward,0.08098083548247814,7523.25
328,1775530025.6624978,optimizer,0.0024870913475751877,7523.25
329,1775530025.764207,forward,0.03581463173031807,7523.25
329,1775530025.8450055,backward,0.08066987246274948,7523.25
329,1775530025.8476512,optimizer,0.0024948623031377792,7523.25
330,1775530025.953187,forward,0.03584151156246662,7523.25
330,1775530026.0340874,backward,0.08077116310596466,7523.25
330,1775530026.0367203,optimizer,0.002482352778315544,7523.25
331,1775530026.1442063,forward,0.036274952813982964,7523.25
331,1775530026.225053,backward,0.08071775175631046,7523.25
331,1775530026.2276978,optimizer,0.002495482563972473,7523.25
332,1775530026.329011,forward,0.03585609421133995,7523.25
332,1775530026.4096622,backward,0.08051774837076664,7523.25
332,1775530026.4122891,optimizer,0.002476673573255539,7523.25
333,1775530026.519667,forward,0.03581250458955765,7523.25
333,1775530026.6007557,backward,0.08095699548721313,7523.25
333,1775530026.6034133,optimizer,0.002503037452697754,7523.25
334,1775530026.7089686,forward,0.03582265228033066,7523.25
334,1775530026.7896578,backward,0.08055869117379189,7523.25
334,1775530026.792314,optimizer,0.0024999231100082397,7523.25
335,1775530026.893224,forward,0.03585171326994896,7523.25
335,1775530026.9741197,backward,0.0807665940374136,7523.25
335,1775530026.9767563,optimizer,0.00248735211789608,7523.25
336,1775530027.0797672,forward,0.035777563229203224,7523.25
336,1775530027.160764,backward,0.08086573518812656,7523.25
336,1775530027.1634,optimizer,0.002486901357769966,7523.25
337,1775530027.2700148,forward,0.03583033196628094,7523.25
337,1775530027.3507853,backward,0.08064096234738827,7523.25
337,1775530027.3534222,optimizer,0.002488093450665474,7523.25
338,1775530027.4537904,forward,0.03583536483347416,7523.25
338,1775530027.5336182,backward,0.07970154657959938,7523.25
338,1775530027.5362806,optimizer,0.002507353201508522,7523.25
339,1775530027.638252,forward,0.03578236326575279,7523.25
339,1775530027.7193608,backward,0.08098369836807251,7523.25
339,1775530027.7220042,optimizer,0.0024915728718042374,7523.25
340,1775530027.8231502,forward,0.03583693131804466,7523.25
340,1775530027.9040005,backward,0.08072210103273392,7523.25
340,1775530027.906631,optimizer,0.0024782754480838776,7523.25
341,1775530028.0100915,forward,0.03581754304468632,7523.25
341,1775530028.090845,backward,0.08062173053622246,7523.25
341,1775530028.093492,optimizer,0.0024967845529317856,7523.25
342,1775530028.200724,forward,0.03584955260157585,7523.25
342,1775530028.2817132,backward,0.08086136542260647,7523.25
342,1775530028.28436,optimizer,0.002494705840945244,7523.25
343,1775530028.3920565,forward,0.035831812769174576,7523.25
343,1775530028.472874,backward,0.08068746142089367,7523.25
343,1775530028.4755328,optimizer,0.002504222095012665,7523.25
344,1775530028.5806804,forward,0.035826193168759346,7523.25
344,1775530028.661715,backward,0.08090577647089958,7523.25
344,1775530028.6643274,optimizer,0.0024644341319799423,7523.25
345,1775530028.7658553,forward,0.03588973544538021,7523.25
345,1775530028.8466086,backward,0.080619091168046,7523.25
345,1775530028.849241,optimizer,0.002479875460267067,7523.25
346,1775530028.9562368,forward,0.03582322038710117,7523.25
346,1775530029.037257,backward,0.08089396730065346,7523.25
346,1775530029.0399137,optimizer,0.0025141648948192596,7523.25
347,1775530029.1436677,forward,0.03582221083343029,7523.25
347,1775530029.2245052,backward,0.08071152307093143,7523.25
347,1775530029.2272117,optimizer,0.002509811893105507,7523.25
348,1775530029.333228,forward,0.03583223558962345,7523.25
348,1775530029.4141622,backward,0.08080610260367393,7523.25
348,1775530029.4167888,optimizer,0.002474043518304825,7523.25
349,1775530029.5231063,forward,0.035819483920931816,7523.25
349,1775530029.6038952,backward,0.08065552078187466,7523.25
349,1775530029.6065447,optimizer,0.002496425062417984,7523.25
350,1775530029.7145054,forward,0.035803573206067085,7523.25
350,1775530029.7955172,backward,0.08088367618620396,7523.25
350,1775530029.7981224,optimizer,0.002206951379776001,7523.25
351,1775530029.9054887,forward,0.03587753511965275,7523.25
351,1775530029.9864733,backward,0.08084922656416893,7523.25
351,1775530029.9891336,optimizer,0.002511322498321533,7523.25
352,1775530030.105358,forward,0.035900505259633064,7523.25
352,1775530030.1861262,backward,0.08063573017716408,7523.25
352,1775530030.1887577,optimizer,0.0024793650954961777,7523.25
353,1775530030.2968297,forward,0.03588227182626724,7523.25
353,1775530030.3778338,backward,0.08087546937167645,7523.25
353,1775530030.3804615,optimizer,0.00247921422123909,7523.25
354,1775530030.4869928,forward,0.035809773951768875,7523.25
354,1775530030.567607,backward,0.08048323728144169,7523.25
354,1775530030.570245,optimizer,0.002483054995536804,7523.25
355,1775530030.6766891,forward,0.03587443567812443,7523.25
355,1775530030.7577457,backward,0.0809264462441206,7523.25
355,1775530030.7603874,optimizer,0.0024913735687732697,7523.25
356,1775530030.866674,forward,0.03590122424066067,7523.25
356,1775530030.9473639,backward,0.08056061901152134,7523.25
356,1775530030.9500148,optimizer,0.0025017540901899338,7523.25
357,1775530031.0517468,forward,0.03582921251654625,7523.25
357,1775530031.132624,backward,0.08075022511184216,7523.25
357,1775530031.1352823,optimizer,0.0025046654045581818,7523.25
358,1775530031.2401311,forward,0.03584794141352177,7523.25
358,1775530031.3211412,backward,0.08087795600295067,7523.25
358,1775530031.323798,optimizer,0.0025042425841093063,7523.25
359,1775530031.431035,forward,0.035803310573101044,7523.25
359,1775530031.5118573,backward,0.08069480210542679,7523.25
359,1775530031.5144725,optimizer,0.002464102581143379,7523.25
360,1775530031.6196244,forward,0.03583192452788353,7523.25
360,1775530031.7005973,backward,0.0808372963219881,7523.25
360,1775530031.7032526,optimizer,0.0024997908622026443,7523.25
361,1775530031.8041728,forward,0.03583291359245777,7523.25
361,1775530031.884885,backward,0.0805837195366621,7523.25
361,1775530031.8875217,optimizer,0.002484561875462532,7523.25
362,1775530031.9929492,forward,0.035865023732185364,7523.25
362,1775530032.073919,backward,0.08083980530500412,7523.25
362,1775530032.0765617,optimizer,0.0024931728839874268,7523.25
363,1775530032.1781566,forward,0.03583882190287113,7523.25
363,1775530032.2591987,backward,0.08091395534574986,7523.25
363,1775530032.261839,optimizer,0.0024922117590904236,7523.25
364,1775530032.3628662,forward,0.035818904638290405,7523.25
364,1775530032.443676,backward,0.08068311214447021,7523.25
364,1775530032.4464538,optimizer,0.0024844035506248474,7523.25
365,1775530032.5488124,forward,0.03587585128843784,7523.25
365,1775530032.6295462,backward,0.08060291968286037,7523.25
365,1775530032.6321838,optimizer,0.002482164651155472,7523.25
366,1775530032.732188,forward,0.035850731655955315,7523.25
366,1775530032.8131123,backward,0.08079477585852146,7523.25
366,1775530032.8157527,optimizer,0.0024886131286621094,7523.25
367,1775530032.9179354,forward,0.03583355247974396,7523.25
367,1775530032.9989712,backward,0.08090315572917461,7523.25
367,1775530033.0016084,optimizer,0.0024878308176994324,7523.25
368,1775530033.1078384,forward,0.035810843110084534,7523.25
368,1775530033.1885533,backward,0.08058497123420238,7523.25
368,1775530033.1911912,optimizer,0.0024937745183706284,7523.25
369,1775530033.29781,forward,0.035824863240122795,7523.25
369,1775530033.3788536,backward,0.08091049641370773,7523.25
369,1775530033.3814764,optimizer,0.0024566110223531723,7523.25
370,1775530033.4819605,forward,0.035809172317385674,7523.25
370,1775530033.5627985,backward,0.08070944435894489,7523.25
370,1775530033.5654428,optimizer,0.002495095133781433,7523.25
371,1775530033.6697404,forward,0.03580854460597038,7523.25
371,1775530033.7505856,backward,0.08071428537368774,7523.25
371,1775530033.7535102,optimizer,0.002669746056199074,7523.25
372,1775530033.8617978,forward,0.03594868443906307,7523.25
372,1775530033.9426749,backward,0.08075044304132462,7523.25
372,1775530033.945323,optimizer,0.002498231828212738,7523.25
373,1775530034.046197,forward,0.035855161026120186,7523.25
373,1775530034.1268158,backward,0.08048849739134312,7523.25
373,1775530034.1294444,optimizer,0.0024780333042144775,7523.25
374,1775530034.2326057,forward,0.035855554044246674,7523.25
374,1775530034.3135462,backward,0.08080966584384441,7523.25
374,1775530034.31618,optimizer,0.0024821721017360687,7523.25
375,1775530034.4243157,forward,0.03587213531136513,7523.25
375,1775530034.5050097,backward,0.08056377992033958,7523.25
375,1775530034.5076559,optimizer,0.0024886317551136017,7523.25
376,1775530034.608814,forward,0.03582447208464146,7523.25
376,1775530034.6896045,backward,0.08066271059215069,7523.25
376,1775530034.6922216,optimizer,0.002469385042786598,7523.25
377,1775530034.7939212,forward,0.03581659309566021,7523.25
377,1775530034.8748784,backward,0.08083025366067886,7523.25
377,1775530034.8775175,optimizer,0.002493182197213173,7523.25
378,1775530034.9801574,forward,0.03583897277712822,7523.25
378,1775530035.0612328,backward,0.0809429157525301,7523.25
378,1775530035.063899,optimizer,0.0025151055306196213,7523.25
379,1775530035.1632173,forward,0.035836100578308105,7523.25
379,1775530035.2439506,backward,0.08060843124985695,7523.25
379,1775530035.2465847,optimizer,0.0024830512702465057,7523.25
380,1775530035.348583,forward,0.0358629934489727,7523.25
380,1775530035.4293585,backward,0.0806476715952158,7523.25
380,1775530035.432011,optimizer,0.0024991240352392197,7523.25
381,1775530035.5345745,forward,0.0358231607824564,7523.25
381,1775530035.615683,backward,0.08097755536437035,7523.25
381,1775530035.6183195,optimizer,0.002485465258359909,7523.25
382,1775530035.7248197,forward,0.03590318374335766,7523.25
382,1775530035.8055184,backward,0.08056521229445934,7523.25
382,1775530035.8081775,optimizer,0.002493385225534439,7523.25
383,1775530035.9082296,forward,0.035811811685562134,7523.25
383,1775530035.989019,backward,0.08065741322934628,7523.25
383,1775530035.9916623,optimizer,0.0024928227066993713,7523.25
384,1775530036.0937786,forward,0.0358390137553215,7523.25
384,1775530036.17475,backward,0.08084638603031635,7523.25
384,1775530036.1773984,optimizer,0.0023963842540979385,7523.25
385,1775530036.2783353,forward,0.0357934795320034,7523.25
385,1775530036.3593242,backward,0.08086136355996132,7523.25
385,1775530036.3619866,optimizer,0.002509843558073044,7523.25
386,1775530036.4633367,forward,0.03584573231637478,7523.25
386,1775530036.5440717,backward,0.08061118982732296,7523.25
386,1775530036.5467193,optimizer,0.002497062087059021,7523.25
387,1775530036.648246,forward,0.035816941410303116,7523.25
387,1775530036.7290328,backward,0.08065271191298962,7523.25
387,1775530036.731676,optimizer,0.0024961624294519424,7523.25
388,1775530036.838211,forward,0.03580010496079922,7523.25
388,1775530036.9191473,backward,0.08080682344734669,7523.25
388,1775530036.9217963,optimizer,0.0024971123784780502,7523.25
389,1775530037.0254698,forward,0.03582403063774109,7523.25
389,1775530037.106062,backward,0.08045472763478756,7523.25
389,1775530037.1086802,optimizer,0.002468543127179146,7523.25
390,1775530037.2086892,forward,0.03585471399128437,7523.25
390,1775530037.2895098,backward,0.0806950107216835,7523.25
390,1775530037.2921772,optimizer,0.002510054036974907,7523.25
391,1775530037.3986838,forward,0.03583411127328873,7523.25
391,1775530037.479723,backward,0.08090570755302906,7523.25
391,1775530037.482341,optimizer,0.0024678725749254227,7523.25
392,1775530037.6614883,forward,0.03597560524940491,7523.25
392,1775530037.7424438,backward,0.08065500110387802,7523.25
392,1775530037.745108,optimizer,0.0025139637291431427,7523.25
393,1775530037.848193,forward,0.035818543285131454,7523.25
393,1775530037.9289463,backward,0.08062448911368847,7523.25
393,1775530037.9315867,optimizer,0.002491522580385208,7523.25
394,1775530038.0345497,forward,0.03580067120492458,7523.25
394,1775530038.1156354,backward,0.08095506764948368,7523.25
394,1775530038.118296,optimizer,0.0025032907724380493,7523.25
395,1775530038.2204802,forward,0.035857632756233215,7523.25
395,1775530038.3012738,backward,0.0806663017719984,7523.25
395,1775530038.3039174,optimizer,0.002491876482963562,7523.25
396,1775530038.4097455,forward,0.035819051787257195,7523.25
396,1775530038.490606,backward,0.0807272233068943,7523.25
396,1775530038.4932346,optimizer,0.002478044480085373,7523.25
397,1775530038.5991418,forward,0.03580452501773834,7523.25
397,1775530038.6801713,backward,0.08088599517941475,7523.25
397,1775530038.682807,optimizer,0.0024837926030158997,7523.25
398,1775530038.788275,forward,0.03583664260804653,7523.25
398,1775530038.8690321,backward,0.08062572218477726,7523.25
398,1775530038.871679,optimizer,0.0024950411170721054,7523.25
399,1775530038.9771645,forward,0.03581593185663223,7523.25
399,1775530039.058197,backward,0.08090577647089958,7523.25
399,1775530039.0608232,optimizer,0.0024787914007902145,7523.25
400,1775530039.1670356,forward,0.03584391251206398,7523.25
400,1775530039.2477994,backward,0.08063267171382904,7523.25
400,1775530039.2504373,optimizer,0.0024884119629859924,7523.25
401,1775530039.3561237,forward,0.03583069331943989,7523.25
401,1775530039.4370904,backward,0.08083749376237392,7523.25
401,1775530039.439743,optimizer,0.002499612048268318,7523.25
402,1775530039.5404892,forward,0.03582310304045677,7523.25
402,1775530039.621274,backward,0.0806561503559351,7523.25
402,1775530039.6239262,optimizer,0.002500222995877266,7523.25
403,1775530039.7282116,forward,0.03579484298825264,7523.25
403,1775530039.8090382,backward,0.08069638162851334,7523.25
403,1775530039.8116653,optimizer,0.0022246353328227997,7523.25
404,1775530039.9171815,forward,0.035844264551997185,7523.25
404,1775530039.9981747,backward,0.08085927553474903,7523.25
404,1775530040.00081,optimizer,0.0024835243821144104,7523.25
405,1775530040.1021519,forward,0.03580636344850063,7523.25
405,1775530040.1828601,backward,0.08057450130581856,7523.25
405,1775530040.1855066,optimizer,0.002497602254152298,7523.25
406,1775530040.2900052,forward,0.03584705479443073,7523.25
406,1775530040.3709524,backward,0.0808207355439663,7523.25
406,1775530040.3736029,optimizer,0.002483753487467766,7523.25
407,1775530040.4824896,forward,0.035848455503582954,7523.25
407,1775530040.563128,backward,0.0805095974355936,7523.25
407,1775530040.5657558,optimizer,0.002479841932654381,7523.25
408,1775530040.673848,forward,0.03582153469324112,7523.25
408,1775530040.754915,backward,0.08093645423650742,7523.25
408,1775530040.7575712,optimizer,0.002502305433154106,7523.25
409,1775530040.862003,forward,0.03587726131081581,7523.25
409,1775530040.9426918,backward,0.0805621799081564,7523.25
409,1775530040.945337,optimizer,0.0024930350482463837,7523.25
410,1775530041.0506573,forward,0.03581228293478489,7523.25
410,1775530041.131645,backward,0.08085580356419086,7523.25
410,1775530041.1342804,optimizer,0.002481931820511818,7523.25
411,1775530041.2397373,forward,0.03583730384707451,7523.25
411,1775530041.320559,backward,0.08069344237446785,7523.25
411,1775530041.3232243,optimizer,0.002514442428946495,7523.25
412,1775530041.425941,forward,0.03583761118352413,7523.25
412,1775530041.5066643,backward,0.08059151098132133,7523.25
412,1775530041.5092947,optimizer,0.0024770647287368774,7523.25
413,1775530041.617142,forward,0.035885682329535484,7523.25
413,1775530041.6981742,backward,0.0809039231389761,7523.25
413,1775530041.7008152,optimizer,0.0024881623685359955,7523.25
414,1775530041.804708,forward,0.035869134590029716,7523.25
414,1775530041.8853676,backward,0.0805332399904728,7523.25
414,1775530041.8880036,optimizer,0.0024869032204151154,7523.25
415,1775530041.9914138,forward,0.035800762474536896,7523.25
415,1775530042.0724375,backward,0.08089599758386612,7523.25
415,1775530042.075136,optimizer,0.0025523528456687927,7523.25
416,1775530042.1787527,forward,0.035849032923579216,7523.25
416,1775530042.2596102,backward,0.08072943426668644,7523.25
416,1775530042.2622387,optimizer,0.0024842023849487305,7523.25
417,1775530042.3633742,forward,0.03586648404598236,7523.25
417,1775530042.4440427,backward,0.08053614012897015,7523.25
417,1775530042.4472766,optimizer,0.0030064918100833893,7523.25
418,1775530042.6238232,forward,0.03593500331044197,7523.25
418,1775530042.704481,backward,0.08052722923457623,7523.25
418,1775530042.7071354,optimizer,0.002499004825949669,7523.25
419,1775530042.8115625,forward,0.035851093009114265,7523.25
419,1775530042.8925662,backward,0.08087211661040783,7523.25
419,1775530042.8952172,optimizer,0.0025009755045175552,7523.25
420,1775530043.0031285,forward,0.03586668334901333,7523.25
420,1775530043.0837433,backward,0.08048921823501587,7523.25
420,1775530043.086386,optimizer,0.002493191510438919,7523.25
421,1775530043.1880631,forward,0.03582574427127838,7523.25
421,1775530043.2690141,backward,0.08082189597189426,7523.25
421,1775530043.2716553,optimizer,0.0024925842881202698,7523.25
422,1775530043.376075,forward,0.035811832174658775,7523.25
422,1775530043.4571307,backward,0.0809271652251482,7523.25
422,1775530043.4597847,optimizer,0.0025031734257936478,7523.25
423,1775530043.5634217,forward,0.035848343744874,7523.25
423,1775530043.6440835,backward,0.08053576946258545,7523.25
423,1775530043.6467245,optimizer,0.0024919044226408005,7523.25
424,1775530043.750098,forward,0.035821713507175446,7523.25
424,1775530043.8311005,backward,0.08087453618645668,7523.25
424,1775530043.8337328,optimizer,0.002482062205672264,7523.25
425,1775530043.9372375,forward,0.03582961484789848,7523.25
425,1775530044.0182848,backward,0.08091714419424534,7523.25
425,1775530044.020894,optimizer,0.0024571511894464493,7523.25
426,1775530044.127159,forward,0.035877883434295654,7523.25
426,1775530044.2079945,backward,0.08070427365601063,7523.25
426,1775530044.210635,optimizer,0.0024906639009714127,7523.25
427,1775530044.313595,forward,0.0358200017362833,7523.25
427,1775530044.3945851,backward,0.08086672611534595,7523.25
427,1775530044.3972232,optimizer,0.002488294616341591,7523.25
428,1775530044.5013013,forward,0.035934872925281525,7523.25
428,1775530044.5820124,backward,0.08058036118745804,7523.25
428,1775530044.5846577,optimizer,0.0024941526353359222,7523.25
429,1775530044.685607,forward,0.03584921360015869,7523.25
429,1775530044.766392,backward,0.08066049218177795,7523.25
429,1775530044.7690136,optimizer,0.002474883571267128,7523.25
430,1775530044.8754363,forward,0.03584774397313595,7523.25
430,1775530044.9564288,backward,0.08086245507001877,7523.25
430,1775530044.9590693,optimizer,0.002489956095814705,7523.25
431,1775530045.0643651,forward,0.03586179204285145,7523.25
431,1775530045.1450932,backward,0.0806006621569395,7523.25
431,1775530045.1477375,optimizer,0.0024903640151023865,7523.25
432,1775530045.2530534,forward,0.035832492634654045,7523.25
432,1775530045.3341331,backward,0.08095028810203075,7523.25
432,1775530045.3367739,optimizer,0.002485070377588272,7523.25
433,1775530045.4385176,forward,0.03579021245241165,7523.25
433,1775530045.5193396,backward,0.08069384284317493,7523.25
433,1775530045.521969,optimizer,0.0024808719754219055,7523.25
434,1775530045.6283157,forward,0.03582867421209812,7523.25
434,1775530045.7092733,backward,0.08082527667284012,7523.25
434,1775530045.7119186,optimizer,0.0023844316601753235,7523.25
435,1775530045.8190475,forward,0.03588155284523964,7523.25
435,1775530045.899915,backward,0.0807421412318945,7523.25
435,1775530045.90256,optimizer,0.002492522820830345,7523.25
436,1775530046.0031915,forward,0.035823263227939606,7523.25
436,1775530046.0839393,backward,0.0806187205016613,7523.25
436,1775530046.0865748,optimizer,0.0024835243821144104,7523.25
437,1775530046.1888232,forward,0.03586967475712299,7523.25
437,1775530046.2697673,backward,0.08081544749438763,7523.25
437,1775530046.27241,optimizer,0.0024941135197877884,7523.25
438,1775530046.3742173,forward,0.035810561850667,7523.25
438,1775530046.4553165,backward,0.08096733689308167,7523.25
438,1775530046.4579628,optimizer,0.002498812973499298,7523.25
439,1775530046.5639899,forward,0.03583750128746033,7523.25
439,1775530046.6447055,backward,0.08058846183121204,7523.25
439,1775530046.647348,optimizer,0.002490853890776634,7523.25
440,1775530046.7486186,forward,0.03583618439733982,7523.25
440,1775530046.829586,backward,0.08084248378872871,7523.25
440,1775530046.8322363,optimizer,0.002486834302544594,7523.25
441,1775530046.933756,forward,0.03582298010587692,7523.25
441,1775530047.014757,backward,0.08087318576872349,7523.25
441,1775530047.0174015,optimizer,0.0024932920932769775,7523.25
442,1775530047.1199746,forward,0.0358494408428669,7523.25
442,1775530047.2006261,backward,0.08052534982562065,7523.25
442,1775530047.203274,optimizer,0.0024985242635011673,7523.25
443,1775530047.3044367,forward,0.03581890091300011,7523.25
443,1775530047.3852155,backward,0.08064667880535126,7523.25
443,1775530047.3878555,optimizer,0.002484465017914772,7523.25
444,1775530047.4955719,forward,0.03622397780418396,7523.25
444,1775530047.5765853,backward,0.08089065738022327,7523.25
444,1775530047.5792382,optimizer,0.0025042444467544556,7523.25
445,1775530047.6835117,forward,0.03581961244344711,7523.25
445,1775530047.7642167,backward,0.08057365193963051,7523.25
445,1775530047.766882,optimizer,0.0025109853595495224,7523.25
446,1775530047.867302,forward,0.0358035322278738,7523.25
446,1775530047.9482813,backward,0.08085388503968716,7523.25
446,1775530047.9509337,optimizer,0.002498313784599304,7523.25
447,1775530048.0577872,forward,0.0358809158205986,7523.25
447,1775530048.1385953,backward,0.08067508228123188,7523.25
447,1775530048.1412454,optimizer,0.002499762922525406,7523.25
448,1775530048.2443995,forward,0.03578787110745907,7523.25
448,1775530048.3252068,backward,0.08065720088779926,7523.25
448,1775530048.3278568,optimizer,0.002498762682080269,7523.25
449,1775530048.429298,forward,0.03581449203193188,7523.25
449,1775530048.5103116,backward,0.08088338561356068,7523.25
449,1775530048.5129519,optimizer,0.0024740751832723618,7523.25
450,1775530048.6157663,forward,0.03581627272069454,7523.25
450,1775530048.69682,backward,0.08092553727328777,7523.25
450,1775530048.6994627,optimizer,0.0024955030530691147,7523.25
451,1775530048.8009784,forward,0.03587568178772926,7523.25
451,1775530048.8816369,backward,0.0805332101881504,7523.25
451,1775530048.8842573,optimizer,0.002470133826136589,7523.25
452,1775530048.9895053,forward,0.035806603729724884,7523.25
452,1775530049.0704718,backward,0.08083000406622887,7523.25
452,1775530049.0731053,optimizer,0.002487119287252426,7523.25
453,1775530049.1747098,forward,0.03582712449133396,7523.25
453,1775530049.2557402,backward,0.08090472593903542,7523.25
453,1775530049.2583869,optimizer,0.0024917349219322205,7523.25
454,1775530049.3622622,forward,0.035830482840538025,7523.25
454,1775530049.44291,backward,0.08051706105470657,7523.25
454,1775530049.4455597,optimizer,0.0024974532425403595,7523.25
455,1775530049.5537698,forward,0.03583865240216255,7523.25
455,1775530049.634785,backward,0.08088942617177963,7523.25
455,1775530049.6374278,optimizer,0.0024925339967012405,7523.25
456,1775530049.7384825,forward,0.03582560271024704,7523.25
456,1775530049.8193107,backward,0.08069430105388165,7523.25
456,1775530049.821965,optimizer,0.002502523362636566,7523.25
457,1775530049.9235718,forward,0.03583418391644955,7523.25
457,1775530050.0129628,backward,0.07987063005566597,7523.25
457,1775530050.015604,optimizer,0.0024938154965639114,7523.25
458,1775530050.116497,forward,0.03586603328585625,7523.25
458,1775530050.1973958,backward,0.08076983317732811,7523.25
458,1775530050.2000566,optimizer,0.002501135692000389,7523.25
459,1775530050.3065383,forward,0.03583604283630848,7523.25
459,1775530050.3875177,backward,0.08084935508668423,7523.25
459,1775530050.3901627,optimizer,0.00248059444129467,7523.25
460,1775530050.4932954,forward,0.03583934344351292,7523.25
460,1775530050.5743105,backward,0.08088458515703678,7523.25
460,1775530050.576953,optimizer,0.0024934615939855576,7523.25
461,1775530050.6800613,forward,0.03588610328733921,7523.25
461,1775530050.7607312,backward,0.08054060116410255,7523.25
461,1775530050.7633784,optimizer,0.002497004345059395,7523.25
462,1775530050.8671074,forward,0.03582564368844032,7523.25
462,1775530050.9480932,backward,0.08085731416940689,7523.25
462,1775530050.9507287,optimizer,0.002481183037161827,7523.25
463,1775530051.058377,forward,0.035884782671928406,7523.25
463,1775530051.1391134,backward,0.08060906827449799,7523.25
463,1775530051.1417627,optimizer,0.002498401328921318,7523.25
464,1775530051.2435884,forward,0.035811783745884895,7523.25
464,1775530051.3243742,backward,0.08065163157880306,7523.25
464,1775530051.327021,optimizer,0.0024979840964078903,7523.25
465,1775530051.4278977,forward,0.03580181114375591,7523.25
465,1775530051.5087895,backward,0.0807605441659689,7523.25
465,1775530051.5114377,optimizer,0.002499891445040703,7523.25
466,1775530051.6160142,forward,0.03581594303250313,7523.25
466,1775530051.6969013,backward,0.08075954392552376,7523.25
466,1775530051.6995502,optimizer,0.002503674477338791,7523.25
467,1775530051.803036,forward,0.03583902306854725,7523.25
467,1775530051.8837824,backward,0.08062050305306911,7523.25
467,1775530051.8864202,optimizer,0.002485271543264389,7523.25
468,1775530051.9931931,forward,0.03580709174275398,7523.25
468,1775530052.0742154,backward,0.08089471608400345,7523.25
468,1775530052.0768447,optimizer,0.0024802442640066147,7523.25
469,1775530052.2549388,forward,0.0358278714120388,7523.25
469,1775530052.3360193,backward,0.08094596862792969,7523.25
469,1775530052.3386629,optimizer,0.0024916939437389374,7523.25
470,1775530052.4516559,forward,0.036120327189564705,7523.25
470,1775530052.532771,backward,0.08099001832306385,7523.25
470,1775530052.5354564,optimizer,0.0025333836674690247,7523.25
471,1775530052.6445992,forward,0.035823311656713486,7523.25
471,1775530052.7254055,backward,0.08068016543984413,7523.25
471,1775530052.7280478,optimizer,0.0024905335158109665,7523.25
472,1775530052.8334098,forward,0.03581393323838711,7523.25
472,1775530052.9144118,backward,0.08085888251662254,7523.25
472,1775530052.9170337,optimizer,0.0024695023894309998,7523.25
473,1775530053.022925,forward,0.0358069222420454,7523.25
473,1775530053.1037023,backward,0.08064686506986618,7523.25
473,1775530053.1063318,optimizer,0.0024777837097644806,7523.25
474,1775530053.2110217,forward,0.035834863781929016,7523.25
474,1775530053.292146,backward,0.08099343627691269,7523.25
474,1775530053.2947857,optimizer,0.002489915117621422,7523.25
475,1775530053.3983083,forward,0.03589002415537834,7523.25
475,1775530053.4790366,backward,0.08060322888195515,7523.25
475,1775530053.4816694,optimizer,0.0024859346449375153,7523.25
476,1775530053.5863345,forward,0.03584050387144089,7523.25
476,1775530053.6672912,backward,0.0808307845145464,7523.25
476,1775530053.669915,optimizer,0.0024751927703619003,7523.25
477,1775530053.7751834,forward,0.03580181300640106,7523.25
477,1775530053.8560348,backward,0.08072125166654587,7523.25
477,1775530053.8586679,optimizer,0.0024785418063402176,7523.25
478,1775530053.9606378,forward,0.03584764339029789,7523.25
478,1775530054.0413382,backward,0.08057253062725067,7523.25
478,1775530054.043972,optimizer,0.0024832915514707565,7523.25
479,1775530054.1498485,forward,0.0358099527657032,7523.25
479,1775530054.2309687,backward,0.08099042624235153,7523.25
479,1775530054.233614,optimizer,0.0024935640394687653,7523.25
480,1775530054.3388283,forward,0.03586571291089058,7523.25
480,1775530054.419547,backward,0.08059100061655045,7523.25
480,1775530054.4221878,optimizer,0.002485843375325203,7523.25
481,1775530054.5265021,forward,0.035871852189302444,7523.25
481,1775530054.6075013,backward,0.08086582645773888,7523.25
481,1775530054.6101391,optimizer,0.0024836640805006027,7523.25
482,1775530054.7167373,forward,0.03589819371700287,7523.25
482,1775530054.7975144,backward,0.08065087161958218,7523.25
482,1775530054.800141,optimizer,0.0024724919348955154,7523.25
483,1775530054.9015152,forward,0.035824110731482506,7523.25
483,1775530054.9822602,backward,0.0806124284863472,7523.25
483,1775530054.9849055,optimizer,0.0024934839457273483,7523.25
484,1775530055.092274,forward,0.03583844378590584,7523.25
484,1775530055.1732543,backward,0.08085565641522408,7523.25
484,1775530055.175867,optimizer,0.0022046566009521484,7523.25
485,1775530055.2798305,forward,0.03588046319782734,7523.25
485,1775530055.3604426,backward,0.08048448711633682,7523.25
485,1775530055.363087,optimizer,0.0024927332997322083,7523.25
486,1775530055.4675624,forward,0.0358253326267004,7523.25
486,1775530055.5484934,backward,0.08080200478434563,7523.25
486,1775530055.5511312,optimizer,0.002482334151864052,7523.25
487,1775530055.6544373,forward,0.035817934200167656,7523.25
487,1775530055.7353482,backward,0.08077976293861866,7523.25
487,1775530055.7380085,optimizer,0.002503814175724983,7523.25
488,1775530055.8431118,forward,0.035827772691845894,7523.25
488,1775530055.923945,backward,0.08070440404117107,7523.25
488,1775530055.9265733,optimizer,0.002475634217262268,7523.25
489,1775530056.0311987,forward,0.035792771726846695,7523.25
489,1775530056.1121845,backward,0.0808528233319521,7523.25
489,1775530056.114819,optimizer,0.002483764663338661,7523.25
490,1775530056.21852,forward,0.03588271513581276,7523.25
490,1775530056.2992175,backward,0.08057012036442757,7523.25
490,1775530056.3018394,optimizer,0.0024737846106290817,7523.25
491,1775530056.405359,forward,0.03587411344051361,7523.25
491,1775530056.48636,backward,0.08086942508816719,7523.25
491,1775530056.488997,optimizer,0.002483433112502098,7523.25
492,1775530056.6727605,forward,0.035860683768987656,7523.25
492,1775530056.753833,backward,0.0809401273727417,7523.25
492,1775530056.756474,optimizer,0.0024911928921937943,7523.25
493,1775530056.8628564,forward,0.035819943994283676,7523.25
493,1775530056.9437041,backward,0.08071405068039894,7523.25
493,1775530056.9463325,optimizer,0.0024764221161603928,7523.25
494,1775530057.049706,forward,0.03581811115145683,7523.25
494,1775530057.130832,backward,0.08099664747714996,7523.25
494,1775530057.1334774,optimizer,0.0024939030408859253,7523.25
495,1775530057.2392244,forward,0.03586435690522194,7523.25
495,1775530057.3199067,backward,0.08055346831679344,7523.25
495,1775530057.322563,optimizer,0.002503223717212677,7523.25
496,1775530057.4248202,forward,0.03596849553287029,7523.25
496,1775530057.5059183,backward,0.0809730663895607,7523.25
496,1775530057.5086358,optimizer,0.0025678761303424835,7523.25
497,1775530057.6164358,forward,0.03590851649641991,7523.25
497,1775530057.6971848,backward,0.08061812072992325,7523.25
497,1775530057.6998327,optimizer,0.002498263493180275,7523.25
498,1775530057.805496,forward,0.0358183104544878,7523.25
498,1775530057.8865068,backward,0.08087446354329586,7523.25
498,1775530057.8891473,optimizer,0.002491964027285576,7523.25
499,1775530057.993336,forward,0.0358720812946558,7523.25
499,1775530058.0742993,backward,0.08083564601838589,7523.25
499,1775530058.07693,optimizer,0.00247977115213871,7523.25
500,1775530058.176068,forward,0.035837672650814056,7523.25
500,1775530058.2568622,backward,0.08066421188414097,7523.25
500,1775530058.2595186,optimizer,0.002504725009202957,7523.25
501,1775530058.360061,forward,0.035799404606223106,7523.25
501,1775530058.4407856,backward,0.08059570007026196,7523.25
501,1775530058.4434338,optimizer,0.00249406136572361,7523.25
502,1775530058.5483792,forward,0.03584727272391319,7523.25
502,1775530058.6294794,backward,0.08096693828701973,7523.25
502,1775530058.6321208,optimizer,0.00248868390917778,7523.25
503,1775530058.7394931,forward,0.03585352376103401,7523.25
503,1775530058.8201451,backward,0.08052385970950127,7523.25
503,1775530058.82277,optimizer,0.0024745631963014603,7523.25
504,1775530058.9289932,forward,0.035872071981430054,7523.25
504,1775530059.0101476,backward,0.08102507889270782,7523.25
504,1775530059.0127957,optimizer,0.0024965517222881317,7523.25
505,1775530059.1159322,forward,0.035847004503011703,7523.25
505,1775530059.1966405,backward,0.08057999983429909,7523.25
505,1775530059.1992884,optimizer,0.002498842775821686,7523.25
506,1775530059.3052607,forward,0.03585221245884895,7523.25
506,1775530059.386174,backward,0.08078315667808056,7523.25
506,1775530059.3888187,optimizer,0.002496834844350815,7523.25
507,1775530059.4902453,forward,0.03580869175493717,7523.25
507,1775530059.5712361,backward,0.0808646846562624,7523.25
507,1775530059.573884,optimizer,0.002492804080247879,7523.25
508,1775530059.6778748,forward,0.03589428402483463,7523.25
508,1775530059.7585363,backward,0.08053145930171013,7523.25
508,1775530059.7611718,optimizer,0.0024855956435203552,7523.25
509,1775530059.8685153,forward,0.035869164392352104,7523.25
509,1775530059.9496422,backward,0.08099735714495182,7523.25
509,1775530059.9522977,optimizer,0.0024960730224847794,7523.25
510,1775530060.0607529,forward,0.03584503196179867,7523.25
510,1775530060.1414998,backward,0.08061379194259644,7523.25
510,1775530060.1441433,optimizer,0.0024869944900274277,7523.25
511,1775530060.2524366,forward,0.03587612323462963,7523.25
511,1775530060.333447,backward,0.08088418655097485,7523.25
511,1775530060.3360903,optimizer,0.002484092488884926,7523.25
512,1775530060.4375563,forward,0.03587804362177849,7523.25
512,1775530060.5182264,backward,0.08054194040596485,7523.25
512,1775530060.5208602,optimizer,0.002479013055562973,7523.25
513,1775530060.6277187,forward,0.03582654520869255,7523.25
513,1775530060.7087996,backward,0.08095284551382065,7523.25
513,1775530060.7114527,optimizer,0.0025047846138477325,7523.25
514,1775530060.812078,forward,0.03579888306558132,7523.25
514,1775530060.8930304,backward,0.08081975392997265,7523.25
514,1775530060.8956964,optimizer,0.002512814477086067,7523.25
515,1775530061.000748,forward,0.03583293966948986,7523.25
515,1775530061.0814927,backward,0.08061701990664005,7523.25
515,1775530061.0841472,optimizer,0.002483883872628212,7523.25
516,1775530061.1896706,forward,0.03581882268190384,7523.25
516,1775530061.2706885,backward,0.08088945597410202,7523.25
516,1775530061.2733345,optimizer,0.002492191269993782,7523.25
517,1775530061.3796158,forward,0.035835832357406616,7523.25
517,1775530061.4603596,backward,0.08061685226857662,7523.25
517,1775530061.4630163,optimizer,0.0025059953331947327,7523.25
518,1775530061.5677922,forward,0.03583340346813202,7523.25
518,1775530061.6488478,backward,0.08092265576124191,7523.25
518,1775530061.651537,optimizer,0.0024353619664907455,7523.25
519,1775530061.7563694,forward,0.03586467355489731,7523.25
519,1775530061.8370204,backward,0.08052404969930649,7523.25
519,1775530061.8396647,optimizer,0.002489134669303894,7523.25
520,1775530061.9417706,forward,0.035816121846437454,7523.25
520,1775530062.0225985,backward,0.08069642446935177,7523.25
520,1775530062.0252523,optimizer,0.0025019142776727676,7523.25
521,1775530062.1520078,forward,0.035858264192938805,7523.25
521,1775530062.232932,backward,0.08078953623771667,7523.25
521,1775530062.2355957,optimizer,0.0025112833827733994,7523.25
522,1775530062.3396595,forward,0.03586767427623272,7523.25
522,1775530062.4205055,backward,0.08070422150194645,7523.25
522,1775530062.4231668,optimizer,0.002507144585251808,7523.25
523,1775530062.5223827,forward,0.03579702228307724,7523.25
523,1775530062.603341,backward,0.08083118498325348,7523.25
523,1775530062.6059797,optimizer,0.0024869833141565323,7523.25
524,1775530062.7074294,forward,0.03580738417804241,7523.25
524,1775530062.7885363,backward,0.08097930625081062,7523.25
524,1775530062.7911897,optimizer,0.0025041140615940094,7523.25
525,1775530062.8964026,forward,0.03587351366877556,7523.25
525,1775530062.9771187,backward,0.0805916003882885,7523.25
525,1775530062.9797814,optimizer,0.002512836828827858,7523.25
526,1775530063.0853128,forward,0.035871950909495354,7523.25
526,1775530063.166276,backward,0.08083032257854939,7523.25
526,1775530063.1689136,optimizer,0.002493344247341156,7523.25
527,1775530063.2700684,forward,0.03586042299866676,7523.25
527,1775530063.3511188,backward,0.08092161640524864,7523.25
527,1775530063.3537586,optimizer,0.002485852688550949,7523.25
528,1775530063.4546034,forward,0.03585359454154968,7523.25
528,1775530063.5353305,backward,0.08059924095869064,7523.25
528,1775530063.537968,optimizer,0.0024887919425964355,7523.25
529,1775530063.6467786,forward,0.03585771471261978,7523.25
529,1775530063.72789,backward,0.08098060823976994,7523.25
529,1775530063.7305298,optimizer,0.0024897828698158264,7523.25
530,1775530063.8330863,forward,0.03586660139262676,7523.25
530,1775530063.9138992,backward,0.08068225160241127,7523.25
530,1775530063.916522,optimizer,0.002473995089530945,7523.25
531,1775530064.018554,forward,0.035827962681651115,7523.25
531,1775530064.0992966,backward,0.08061423152685165,7523.25
531,1775530064.1019323,optimizer,0.002485183998942375,7523.25
532,1775530064.2042875,forward,0.035797493532299995,7523.25
532,1775530064.2853134,backward,0.08089734613895416,7523.25
532,1775530064.2879713,optimizer,0.0025025922805070877,7523.25
533,1775530064.3948205,forward,0.03591473586857319,7523.25
533,1775530064.4755301,backward,0.08058413118124008,7523.25
533,1775530064.4781668,optimizer,0.002486603334546089,7523.25
534,1775530064.5841749,forward,0.03589599393308163,7523.25
534,1775530064.6651225,backward,0.08081448636949062,7523.25
534,1775530064.6677732,optimizer,0.002501595765352249,7523.25
535,1775530064.774702,forward,0.035890743136405945,7523.25
535,1775530064.8554032,backward,0.08057311177253723,7523.25
535,1775530064.8580418,optimizer,0.002479182556271553,7523.25
536,1775530064.9637609,forward,0.03581760264933109,7523.25
536,1775530065.0446985,backward,0.08080429397523403,7523.25
536,1775530065.0473566,optimizer,0.002503965049982071,7523.25
537,1775530065.1487503,forward,0.03582364320755005,7523.25
537,1775530065.229786,backward,0.08090766705572605,7523.25
537,1775530065.232401,optimizer,0.00220479816198349,7523.25
538,1775530065.3391185,forward,0.03584345430135727,7523.25
538,1775530065.4198928,backward,0.08064201287925243,7523.25
538,1775530065.422522,optimizer,0.0024800244718790054,7523.25
539,1775530065.5245528,forward,0.03585026226937771,7523.25
539,1775530065.605426,backward,0.08074401319026947,7523.25
539,1775530065.6080647,optimizer,0.0024813134223222733,7523.25
540,1775530065.7099657,forward,0.03579194284975529,7523.25
540,1775530065.7909968,backward,0.08090334385633469,7523.25
540,1775530065.7936301,optimizer,0.0024813245981931686,7523.25
541,1775530065.9000957,forward,0.03579779155552387,7523.25
541,1775530065.980911,backward,0.08069008216261864,7523.25
541,1775530065.9835637,optimizer,0.0025028735399246216,7523.25
542,1775530066.1601057,forward,0.03589147329330444,7523.25
542,1775530066.2409241,backward,0.08069009147584438,7523.25
542,1775530066.2435796,optimizer,0.0025021638721227646,7523.25
543,1775530066.3440979,forward,0.03580978326499462,7523.25
543,1775530066.4250386,backward,0.08080815337598324,7523.25
543,1775530066.4276817,optimizer,0.002495141699910164,7523.25
544,1775530066.53258,forward,0.035842522978782654,7523.25
544,1775530066.6134162,backward,0.08070758543908596,7523.25
544,1775530066.6160662,optimizer,0.0024924427270889282,7523.25
545,1775530066.7160518,forward,0.035865454003214836,7523.25
545,1775530066.7967231,backward,0.08054210059344769,7523.25
545,1775530066.7993646,optimizer,0.002496641129255295,7523.25
546,1775530066.9053907,forward,0.03587251342833042,7523.25
546,1775530066.9864736,backward,0.08095919527113438,7523.25
546,1775530066.9891224,optimizer,0.002498304471373558,7523.25
547,1775530067.0967298,forward,0.035855185240507126,7523.25
547,1775530067.1774015,backward,0.0805446207523346,7523.25
547,1775530067.180057,optimizer,0.002494731917977333,7523.25
548,1775530067.2849689,forward,0.03591706417500973,7523.25
548,1775530067.366042,backward,0.0809396468102932,7523.25
548,1775530067.3687134,optimizer,0.002505233511328697,7523.25
549,1775530067.474182,forward,0.03589259460568428,7523.25
549,1775530067.5548437,backward,0.08053382858633995,7523.25
549,1775530067.5574682,optimizer,0.002471594139933586,7523.25
550,1775530067.6609602,forward,0.035870570689439774,7523.25
550,1775530067.7418952,backward,0.08080757595598698,7523.25
550,1775530067.7445464,optimizer,0.0025009848177433014,7523.25
551,1775530067.8443456,forward,0.03581741079688072,7523.25
551,1775530067.92545,backward,0.08097695745527744,7523.25
551,1775530067.928101,optimizer,0.0024956129491329193,7523.25
552,1775530068.0294333,forward,0.03587295301258564,7523.25
552,1775530068.1104639,backward,0.08089322410523891,7523.25
552,1775530068.113098,optimizer,0.002485811710357666,7523.25
553,1775530068.2188249,forward,0.0358115341514349,7523.25
553,1775530068.2995691,backward,0.08061818033456802,7523.25
553,1775530068.3022223,optimizer,0.002504022791981697,7523.25
554,1775530068.4032242,forward,0.035832492634654045,7523.25
554,1775530068.4841967,backward,0.08084548637270927,7523.25
554,1775530068.4868343,optimizer,0.0024837814271450043,7523.25
555,1775530068.5910232,forward,0.03582757152616978,7523.25
555,1775530068.6718378,backward,0.08068712241947651,7523.25
555,1775530068.674479,optimizer,0.0024919435381889343,7523.25
556,1775530068.7769623,forward,0.03644212521612644,7523.25
556,1775530068.8577466,backward,0.0806320421397686,7523.25
556,1775530068.8604205,optimizer,0.0025235842913389206,7523.25
557,1775530068.961931,forward,0.035859597846865654,7523.25
557,1775530069.0429049,backward,0.08084113523364067,7523.25
557,1775530069.0455372,optimizer,0.0024842433631420135,7523.25
558,1775530069.1521566,forward,0.03586414270102978,7523.25
558,1775530069.232919,backward,0.08063242398202419,7523.25
558,1775530069.2355807,optimizer,0.0025112424045801163,7523.25
559,1775530069.3376408,forward,0.03585765324532986,7523.25
559,1775530069.418409,backward,0.0806388221681118,7523.25
559,1775530069.4210546,optimizer,0.0024948231875896454,7523.25
560,1775530069.5235832,forward,0.035834694281220436,7523.25
560,1775530069.6044998,backward,0.08079026453197002,7523.25
560,1775530069.6071482,optimizer,0.0025025121867656708,7523.25
561,1775530069.713925,forward,0.035878075286746025,7523.25
561,1775530069.7945716,backward,0.08051721751689911,7523.25
561,1775530069.79722,optimizer,0.0024982914328575134,7523.25
562,1775530069.8978739,forward,0.03580574505031109,7523.25
562,1775530069.978646,backward,0.08064628206193447,7523.25
562,1775530069.981293,optimizer,0.002496851608157158,7523.25
563,1775530070.087535,forward,0.035823604092001915,7523.25
563,1775530070.1685367,backward,0.08087267726659775,7523.25
563,1775530070.1711836,optimizer,0.002495972439646721,7523.25
564,1775530070.2750475,forward,0.03588722459971905,7523.25
564,1775530070.3556795,backward,0.08050424046814442,7523.25
564,1775530070.358318,optimizer,0.0024907030165195465,7523.25
565,1775530070.4661264,forward,0.03582904115319252,7523.25
565,1775530070.5471866,backward,0.08092720620334148,7523.25
565,1775530070.5498273,optimizer,0.0024854224175214767,7523.25
566,1775530070.65797,forward,0.035909513011574745,7523.25
566,1775530070.7387707,backward,0.0806762520223856,7523.25
566,1775530070.7414026,optimizer,0.0024820249527692795,7523.25
567,1775530070.8429184,forward,0.03579714149236679,7523.25
567,1775530070.9238617,backward,0.08081839606165886,7523.25
567,1775530070.9264965,optimizer,0.0024836119264364243,7523.25
568,1775530071.028951,forward,0.035859184339642525,7523.25
568,1775530071.1099896,backward,0.0809151753783226,7523.25
568,1775530071.112622,optimizer,0.002384249120950699,7523.25
569,1775530071.2187514,forward,0.03584061376750469,7523.25
569,1775530071.2995303,backward,0.08064747229218483,7523.25
569,1775530071.302169,optimizer,0.0024909526109695435,7523.25
570,1775530071.402163,forward,0.03582465276122093,7523.25
570,1775530071.4831421,backward,0.08085589297115803,7523.25
570,1775530071.4857836,optimizer,0.0024906136095523834,7523.25
571,1775530071.668444,forward,0.03585582226514816,7523.25
571,1775530071.7495549,backward,0.08098165690898895,7523.25
571,1775530071.7522035,optimizer,0.0024950746446847916,7523.25
572,1775530071.853684,forward,0.03590625338256359,7523.25
572,1775530071.9343865,backward,0.08057481981813908,7523.25
572,1775530071.9370284,optimizer,0.00248735211789608,7523.25
573,1775530072.041311,forward,0.03583187237381935,7523.25
573,1775530072.1223123,backward,0.08087516762316227,7523.25
573,1775530072.1249268,optimizer,0.002467051148414612,7523.25
574,1775530072.2289386,forward,0.03585241176187992,7523.25
574,1775530072.3098333,backward,0.08076680265367031,7523.25
574,1775530072.3124619,optimizer,0.002482375130057335,7523.25
575,1775530072.4180584,forward,0.03580951318144798,7523.25
575,1775530072.4988122,backward,0.08062706515192986,7523.25
575,1775530072.5014403,optimizer,0.0024760738015174866,7523.25
576,1775530072.6045291,forward,0.03584715351462364,7523.25
576,1775530072.6855795,backward,0.08092404529452324,7523.25
576,1775530072.6882355,optimizer,0.0025042612105607986,7523.25
577,1775530072.792238,forward,0.03588097169995308,7523.25
577,1775530072.872937,backward,0.08057156950235367,7523.25
577,1775530072.875579,optimizer,0.0024895016103982925,7523.25
578,1775530072.9792235,forward,0.03583463281393051,7523.25
578,1775530073.0601816,backward,0.08082512579858303,7523.25
578,1775530073.06283,optimizer,0.002496125176548958,7523.25
579,1775530073.164953,forward,0.0358178224414587,7523.25
579,1775530073.2460585,backward,0.08098016679286957,7523.25
579,1775530073.2487092,optimizer,0.0024984143674373627,7523.25
580,1775530073.3536904,forward,0.03587591275572777,7523.25
580,1775530073.434336,backward,0.08050571009516716,7523.25
580,1775530073.4369528,optimizer,0.002218669280409813,7523.25
581,1775530073.5359507,forward,0.03582977131009102,7523.25
581,1775530073.6166568,backward,0.08058000169694424,7523.25
581,1775530073.6193054,optimizer,0.0025013238191604614,7523.25
582,1775530073.7214026,forward,0.03581474348902702,7523.25
582,1775530073.8023448,backward,0.08078804425895214,7523.25
582,1775530073.8049781,optimizer,0.002478562295436859,7523.25
583,1775530073.91095,forward,0.03588026389479637,7523.25
583,1775530073.991757,backward,0.08067889139056206,7523.25
583,1775530073.994383,optimizer,0.0024753138422966003,7523.25
584,1775530074.1012392,forward,0.0358637236058712,7523.25
584,1775530074.1822608,backward,0.08089209347963333,7523.25
584,1775530074.184914,optimizer,0.0025031939148902893,7523.25
585,1775530074.2933724,forward,0.0358936432749033,7523.25
585,1775530074.3739989,backward,0.0804959163069725,7523.25
585,1775530074.3766315,optimizer,0.002480672672390938,7523.25
586,1775530074.483755,forward,0.03583325073122978,7523.25
586,1775530074.5647712,backward,0.0808833185583353,7523.25
586,1775530074.5674148,optimizer,0.0024928711354732513,7523.25
587,1775530074.675727,forward,0.03582736290991306,7523.25
587,1775530074.7564704,backward,0.08061632886528969,7523.25
587,1775530074.7591221,optimizer,0.0025031529366970062,7523.25
588,1775530074.8631,forward,0.03585692122578621,7523.25
588,1775530074.9441683,backward,0.08093887567520142,7523.25
588,1775530074.9468117,optimizer,0.0024887025356292725,7523.25
589,1775530075.051401,forward,0.035868093371391296,7523.25
589,1775530075.1320798,backward,0.08055066131055355,7523.25
589,1775530075.1347146,optimizer,0.0024831146001815796,7523.25
590,1775530075.2420194,forward,0.03623189032077789,7523.25
590,1775530075.3230863,backward,0.08093598671257496,7523.25
590,1775530075.325737,optimizer,0.0025027431547641754,7523.25
591,1775530075.4309058,forward,0.035860102623701096,7523.25
591,1775530075.5116274,backward,0.08059459179639816,7523.25
591,1775530075.5142813,optimizer,0.0025035422295331955,7523.25
592,1775530075.618406,forward,0.03584783151745796,7523.25
592,1775530075.6993318,backward,0.08079787530004978,7523.25
592,1775530075.7019806,optimizer,0.0024988725781440735,7523.25
593,1775530075.8082812,forward,0.03586965426802635,7523.25
593,1775530075.8891306,backward,0.08072406239807606,7523.25
593,1775530075.8917732,optimizer,0.0024930424988269806,7523.25
594,1775530075.9981937,forward,0.035824185237288475,7523.25
594,1775530076.0790765,backward,0.08074900135397911,7523.25
594,1775530076.0817134,optimizer,0.0024849623441696167,7523.25
595,1775530076.188267,forward,0.035840943455696106,7523.25
595,1775530076.2691534,backward,0.0807578731328249,7523.25
595,1775530076.2718089,optimizer,0.0025018732994794846,7523.25
596,1775530076.378313,forward,0.03584847413003445,7523.25
596,1775530076.4592404,backward,0.08079958334565163,7523.25
596,1775530076.4618783,optimizer,0.002481464296579361,7523.25
597,1775530076.5679762,forward,0.03581736236810684,7523.25
597,1775530076.648837,backward,0.08073383383452892,7523.25
597,1775530076.6514795,optimizer,0.0024868138134479523,7523.25
598,1775530076.7534926,forward,0.03585096262395382,7523.25
598,1775530076.8341646,backward,0.08053492940962315,7523.25
598,1775530076.8367968,optimizer,0.002484522759914398,7523.25
599,1775530076.942338,forward,0.035839712247252464,7523.25
599,1775530077.0233953,backward,0.08093093521893024,7523.25
599,1775530077.0260243,optimizer,0.0024800412356853485,7523.25
600,1775530077.1315212,forward,0.0358760841190815,7523.25
600,1775530077.2121954,backward,0.08054696768522263,7523.25
600,1775530077.2148554,optimizer,0.0025089923292398453,7523.25
601,1775530077.3189428,forward,0.03583551198244095,7523.25
601,1775530077.3998594,backward,0.08079435490071774,7523.25
601,1775530077.4024918,optimizer,0.0024770312011241913,7523.25
602,1775530077.507351,forward,0.03579569235444069,7523.25
602,1775530077.5883193,backward,0.0808338038623333,7523.25
602,1775530077.5909677,optimizer,0.002495754510164261,7523.25
603,1775530077.696372,forward,0.03586062416434288,7523.25
603,1775530077.777163,backward,0.08066391386091709,7523.25
603,1775530077.779811,optimizer,0.002495311200618744,7523.25
604,1775530077.884773,forward,0.03582253120839596,7523.25
604,1775530077.9658282,backward,0.0809248648583889,7523.25
604,1775530077.9684753,optimizer,0.0024906322360038757,7523.25
605,1775530078.0742607,forward,0.035780539736151695,7523.25
605,1775530078.1549566,backward,0.08056965284049511,7523.25
605,1775530078.1575873,optimizer,0.0024795830249786377,7523.25
606,1775530078.2653942,forward,0.035822514444589615,7523.25
606,1775530078.3464408,backward,0.08091419748961926,7523.25
606,1775530078.3490803,optimizer,0.0024891234934329987,7523.25
607,1775530078.4526088,forward,0.03589037247002125,7523.25
607,1775530078.5332468,backward,0.0805117916315794,7523.25
607,1775530078.5358965,optimizer,0.002499222755432129,7523.25
608,1775530078.6419816,forward,0.035814620554447174,7523.25
608,1775530078.72301,backward,0.08089954778552055,7523.25
608,1775530078.7256742,optimizer,0.0025087762624025345,7523.25
609,1775530078.831541,forward,0.03587109409272671,7523.25
609,1775530078.9122262,backward,0.08056096732616425,7523.25
609,1775530078.9148648,optimizer,0.0024880114942789078,7523.25
610,1775530079.0193908,forward,0.03580186329782009,7523.25
610,1775530079.100331,backward,0.08081182464957237,7523.25
610,1775530079.1029909,optimizer,0.0025094766169786453,7523.25
611,1775530079.2099957,forward,0.035851553082466125,7523.25
611,1775530079.290682,backward,0.0805593803524971,7523.25
611,1775530079.2933173,optimizer,0.002484116703271866,7523.25
612,1775530079.3990898,forward,0.03582853265106678,7523.25
612,1775530079.480072,backward,0.08085480891168118,7523.25
612,1775530079.4827106,optimizer,0.0024873651564121246,7523.25
613,1775530079.5931141,forward,0.0358895231038332,7523.25
613,1775530079.6737733,backward,0.08052883110940456,7523.25
613,1775530079.676408,optimizer,0.0024875011295080185,7523.25
614,1775530079.7800994,forward,0.03578390181064606,7523.25
614,1775530079.8610768,backward,0.08084623329341412,7523.25
614,1775530079.8637323,optimizer,0.0025036726146936417,7523.25
615,1775530079.9679632,forward,0.03583338297903538,7523.25
615,1775530080.0487907,backward,0.080703504383564,7523.25
615,1775530080.0514524,optimizer,0.0025087930262088776,7523.25
616,1775530080.2238584,forward,0.03587803430855274,7523.25
616,1775530080.3048933,backward,0.08090711571276188,7523.25
616,1775530080.3075597,optimizer,0.0025150515139102936,7523.25
617,1775530080.408028,forward,0.035850852727890015,7523.25
617,1775530080.4889266,backward,0.0806808415800333,7523.25
617,1775530080.4915795,optimizer,0.0024988949298858643,7523.25
618,1775530080.5952802,forward,0.03579763136804104,7523.25
618,1775530080.6760864,backward,0.08067553117871284,7523.25
618,1775530080.678686,optimizer,0.00219716876745224,7523.25
619,1775530080.7776663,forward,0.035830751061439514,7523.25
619,1775530080.8586028,backward,0.08080256544053555,7523.25
619,1775530080.8612442,optimizer,0.002485053613781929,7523.25
620,1775530080.96758,forward,0.035823892802000046,7523.25
620,1775530081.0483544,backward,0.08064564317464828,7523.25
620,1775530081.0510101,optimizer,0.002502763643860817,7523.25
621,1775530081.152884,forward,0.0358002707362175,7523.25
621,1775530081.2336195,backward,0.080606022849679,7523.25
621,1775530081.2362459,optimizer,0.0024739112704992294,7523.25
622,1775530081.3386962,forward,0.03579530119895935,7523.25
622,1775530081.4195843,backward,0.08076158352196217,7523.25
622,1775530081.422224,optimizer,0.0024895723909139633,7523.25
623,1775530081.526033,forward,0.035844480618834496,7523.25
623,1775530081.6069477,backward,0.08078804239630699,7523.25
623,1775530081.6097965,optimizer,0.0026764385402202606,7523.25
624,1775530081.724501,forward,0.03597275726497173,7523.25
624,1775530081.8055463,backward,0.08091702684760094,7523.25
624,1775530081.808198,optimizer,0.0024995729327201843,7523.25
625,1775530081.910382,forward,0.035900903865695,7523.25
625,1775530081.9910293,backward,0.0805168803781271,7523.25
625,1775530081.9936528,optimizer,0.0024704337120056152,7523.25
626,1775530082.0945716,forward,0.03580688498914242,7523.25
626,1775530082.1753912,backward,0.08068937249481678,7523.25
626,1775530082.1780195,optimizer,0.0024776794016361237,7523.25
627,1775530082.2778165,forward,0.03582155145704746,7523.25
627,1775530082.3587768,backward,0.08082943223416805,7523.25
627,1775530082.3614023,optimizer,0.002475392073392868,7523.25
628,1775530082.4671464,forward,0.03582625091075897,7523.25
628,1775530082.5479777,backward,0.08069837465882301,7523.25
628,1775530082.5506105,optimizer,0.0024833641946315765,7523.25
629,1775530082.6561458,forward,0.03585151210427284,7523.25
629,1775530082.7370367,backward,0.08076107501983643,7523.25
629,1775530082.7396834,optimizer,0.0024980921298265457,7523.25
630,1775530082.8462713,forward,0.03584100492298603,7523.25
630,1775530082.9271402,backward,0.0807401929050684,7523.25
630,1775530082.9297774,optimizer,0.0024880748242139816,7523.25
631,1775530083.0306866,forward,0.035871973261237144,7523.25
631,1775530083.111336,backward,0.08052247762680054,7523.25
631,1775530083.11396,optimizer,0.0024751145392656326,7523.25
632,1775530083.2213738,forward,0.03586900234222412,7523.25
632,1775530083.3024964,backward,0.08099525794386864,7523.25
632,1775530083.3051498,optimizer,0.0025014933198690414,7523.25
633,1775530083.409458,forward,0.035888444632291794,7523.25
633,1775530083.4901536,backward,0.08055869862437248,7523.25
633,1775530083.4927971,optimizer,0.0024939123541116714,7523.25
634,1775530083.5978558,forward,0.035843901336193085,7523.25
634,1775530083.6787448,backward,0.08076140284538269,7523.25
634,1775530083.6813915,optimizer,0.0024969372898340225,7523.25
635,1775530083.7869425,forward,0.035821083933115005,7523.25
635,1775530083.867748,backward,0.08067561127245426,7523.25
635,1775530083.8705409,optimizer,0.0024979636073112488,7523.25
636,1775530083.97818,forward,0.03585202433168888,7523.25
636,1775530084.0591934,backward,0.0808818843215704,7523.25
636,1775530084.061793,optimizer,0.002449590712785721,7523.25
637,1775530084.1669989,forward,0.03586226515471935,7523.25
637,1775530084.2479126,backward,0.0807830635458231,7523.25
637,1775530084.2505457,optimizer,0.002482755109667778,7523.25
638,1775530084.353223,forward,0.035841574892401695,7523.25
638,1775530084.4339979,backward,0.08064722083508968,7523.25
638,1775530084.4366295,optimizer,0.002483632415533066,7523.25
639,1775530084.5402598,forward,0.03583495505154133,7523.25
639,1775530084.6213095,backward,0.08092466555535793,7523.25
639,1775530084.6239433,optimizer,0.002486022189259529,7523.25
640,1775530084.731498,forward,0.03585362248122692,7523.25
640,1775530084.812156,backward,0.08052884973585606,7523.25
640,1775530084.8147907,optimizer,0.0024853628128767014,7523.25
641,1775530084.9158204,forward,0.03579029068350792,7523.25
641,1775530085.0021126,backward,0.08016609773039818,7523.25
641,1775530085.0047343,optimizer,0.0024724919348955154,7523.25
642,1775530085.1064608,forward,0.03588990494608879,7523.25
642,1775530085.1872737,backward,0.08068551123142242,7523.25
642,1775530085.1899197,optimizer,0.0024927426129579544,7523.25
643,1775530085.2903173,forward,0.03580560348927975,7523.25
643,1775530085.3709638,backward,0.08051743917167187,7523.25
643,1775530085.3735754,optimizer,0.002461325377225876,7523.25
644,1775530085.4749227,forward,0.03582020290195942,7523.25
644,1775530085.5558012,backward,0.08074608445167542,7523.25
644,1775530085.5584364,optimizer,0.002480713650584221,7523.25
645,1775530085.6658444,forward,0.03588884510099888,7523.25
645,1775530085.746627,backward,0.08065617270767689,7523.25
645,1775530085.7492537,optimizer,0.0024765711277723312,7523.25
646,1775530085.8506153,forward,0.03582306206226349,7523.25
646,1775530085.931234,backward,0.08049038797616959,7523.25
646,1775530085.9338672,optimizer,0.0024840906262397766,7523.25
647,1775530086.041397,forward,0.03581361100077629,7523.25
647,1775530086.122443,backward,0.08092177659273148,7523.25
647,1775530086.1250787,optimizer,0.002486223354935646,7523.25
648,1775530086.2293277,forward,0.035896556451916695,7523.25
648,1775530086.309999,backward,0.08054066821932793,7523.25
648,1775530086.312646,optimizer,0.0024979636073112488,7523.25
649,1775530086.4147127,forward,0.03582821227610111,7523.25
649,1775530086.4955602,backward,0.080718033015728,7523.25
649,1775530086.4982176,optimizer,0.0025056544691324234,7523.25
650,1775530086.603879,forward,0.03583546355366707,7523.25
650,1775530086.6849456,backward,0.0809366274625063,7523.25
650,1775530086.687629,optimizer,0.002530273050069809,7523.25
651,1775530086.787501,forward,0.035854874178767204,7523.25
651,1775530086.8682086,backward,0.08057950995862484,7523.25
651,1775530086.8708525,optimizer,0.0024979524314403534,7523.25
652,1775530086.9752867,forward,0.03584168292582035,7523.25
652,1775530087.056213,backward,0.08079623430967331,7523.25
652,1775530087.058842,optimizer,0.002386122941970825,7523.25
653,1775530087.1607375,forward,0.035819223150610924,7523.25
653,1775530087.241745,backward,0.08087578602135181,7523.25
653,1775530087.2443779,optimizer,0.002483641728758812,7523.25
654,1775530087.3493676,forward,0.03587503172457218,7523.25
654,1775530087.4300005,backward,0.0805038120597601,7523.25
654,1775530087.4326165,optimizer,0.0024665817618370056,7523.25
655,1775530087.537373,forward,0.0358242429792881,7523.25
655,1775530087.6183863,backward,0.0808858871459961,7523.25
655,1775530087.6210148,optimizer,0.0024802014231681824,7523.25
656,1775530087.7246537,forward,0.0358582716435194,7523.25
656,1775530087.8055441,backward,0.08076585456728935,7523.25
656,1775530087.8081708,optimizer,0.0024762433022260666,7523.25
657,1775530087.9848528,forward,0.035847920924425125,7523.25
657,1775530088.0660233,backward,0.08103384636342525,7523.25
657,1775530088.0689857,optimizer,0.0027207955718040466,7523.25
658,1775530088.169192,forward,0.035904085263609886,7523.25
658,1775530088.2501495,backward,0.08082711510360241,7523.25
658,1775530088.2527728,optimizer,0.0025119371712207794,7523.25
659,1775530088.3524652,forward,0.03587869741022587,7523.25
659,1775530088.433545,backward,0.08095557801425457,7523.25
659,1775530088.436305,optimizer,0.0025010835379362106,7523.25
660,1775530088.540451,forward,0.03594186529517174,7523.25
660,1775530088.6217654,backward,0.08118177205324173,7523.25
660,1775530088.6245081,optimizer,0.002587476745247841,7523.25
661,1775530088.7253153,forward,0.035873064771294594,7523.25
661,1775530088.8063545,backward,0.08090924471616745,7523.25
661,1775530088.8090267,optimizer,0.0025259237736463547,7523.25
662,1775530088.9140596,forward,0.03584210202097893,7523.25
662,1775530088.9951186,backward,0.08092421852052212,7523.25
662,1775530088.997821,optimizer,0.002554783597588539,7523.25
663,1775530089.0980034,forward,0.03583159111440182,7523.25
663,1775530089.179328,backward,0.08119010180234909,7523.25
663,1775530089.1820557,optimizer,0.0025717541575431824,7523.25
664,1775530089.2885802,forward,0.03590400330722332,7523.25
664,1775530089.369464,backward,0.08075147122144699,7523.25
664,1775530089.3721292,optimizer,0.002529473975300789,7523.25
665,1775530089.4724605,forward,0.03583204187452793,7523.25
665,1775530089.5536504,backward,0.08105862885713577,7523.25
665,1775530089.5563812,optimizer,0.0025813058018684387,7523.25
666,1775530089.6622891,forward,0.035853711888194084,7523.25
666,1775530089.7435622,backward,0.0811369027942419,7523.25
666,1775530089.7462971,optimizer,0.002582995221018791,7523.25
667,1775530089.8479054,forward,0.03592515364289284,7523.25
667,1775530089.9287872,backward,0.08074863068759441,7523.25
667,1775530089.9314613,optimizer,0.002549484372138977,7523.25
668,1775530090.0390737,forward,0.03583020344376564,7523.25
668,1775530090.120553,backward,0.08134710416197777,7523.25
668,1775530090.1232836,optimizer,0.0025778040289878845,7523.25
669,1775530090.2241693,forward,0.03584106266498566,7523.25
669,1775530090.3053904,backward,0.08109154924750328,7523.25
669,1775530090.30812,optimizer,0.002576936036348343,7523.25
670,1775530090.4150052,forward,0.035843564197421074,7523.25
670,1775530090.4962885,backward,0.08114993944764137,7523.25
670,1775530090.499027,optimizer,0.002592025324702263,7523.25
671,1775530090.6006312,forward,0.03584776259958744,7523.25
671,1775530090.6820283,backward,0.0812623929232359,7523.25
671,1775530090.6847239,optimizer,0.0022641103714704514,7523.25
672,1775530090.7851431,forward,0.03591499477624893,7523.25
672,1775530090.8662055,backward,0.08093369752168655,7523.25
672,1775530090.8689404,optimizer,0.002582397311925888,7523.25
673,1775530090.9748461,forward,0.03581974469125271,7523.25
673,1775530091.0560966,backward,0.08112738095223904,7523.25
673,1775530091.0587802,optimizer,0.002547474578022957,7523.25
674,1775530091.166502,forward,0.03588814288377762,7523.25
674,1775530091.2475123,backward,0.08087990619242191,7523.25
674,1775530091.2502356,optimizer,0.002573825418949127,7523.25
675,1775530091.3531804,forward,0.03583963215351105,7523.25
675,1775530091.4343748,backward,0.0810599997639656,7523.25
675,1775530091.4371223,optimizer,0.0025973841547966003,7523.25
676,1775530091.545708,forward,0.03588227182626724,7523.25
676,1775530091.627101,backward,0.08126325346529484,7523.25
676,1775530091.6298256,optimizer,0.002590395510196686,7523.25
677,1775530091.7315702,forward,0.03576657362282276,7523.25
677,1775530091.812737,backward,0.0810389555990696,7523.25
677,1775530091.8154604,optimizer,0.0025717634707689285,7523.25
678,1775530091.9218855,forward,0.035851722583174706,7523.25
678,1775530092.0032713,backward,0.08125462010502815,7523.25
678,1775530092.0060103,optimizer,0.002593083307147026,7523.25
679,1775530092.1074293,forward,0.03586433082818985,7523.25
679,1775530092.188461,backward,0.08089779689908028,7523.25
679,1775530092.1912022,optimizer,0.002588316798210144,7523.25
680,1775530092.2962399,forward,0.035866644233465195,7523.25
680,1775530092.3774717,backward,0.08110804110765457,7523.25
680,1775530092.3801925,optimizer,0.002565784379839897,7523.25
681,1775530092.4876418,forward,0.035845762118697166,7523.25
681,1775530092.5685983,backward,0.0808253139257431,7523.25
681,1775530092.571322,optimizer,0.0025710444897413254,7523.25
682,1775530092.6732862,forward,0.03583381511271,7523.25
682,1775530092.7543585,backward,0.08098055608570576,7523.25
682,1775530092.7570758,optimizer,0.00257316417992115,7523.25
683,1775530092.8582187,forward,0.03585175424814224,7523.25
683,1775530092.9397192,backward,0.08136509545147419,7523.25
683,1775530092.9424496,optimizer,0.0025810841470956802,7523.25
684,1775530093.0496655,forward,0.035847632214426994,7523.25
684,1775530093.1307802,backward,0.08098895661532879,7523.25
684,1775530093.1335404,optimizer,0.0026063770055770874,7523.25
685,1775530093.2403207,forward,0.03582790493965149,7523.25
685,1775530093.3219333,backward,0.08148883655667305,7523.25
685,1775530093.3245435,optimizer,0.0024323854595422745,7523.25
686,1775530093.4303286,forward,0.03590727597475052,7523.25
686,1775530093.511359,backward,0.08089917711913586,7523.25
686,1775530093.514094,optimizer,0.0025836843997240067,7523.25
687,1775530093.6155672,forward,0.03584791161119938,7523.25
687,1775530093.6967905,backward,0.08108817972242832,7523.25
687,1775530093.6994832,optimizer,0.002511361613869667,7523.25
688,1775530093.8063273,forward,0.035958774387836456,7523.25
688,1775530093.8871794,backward,0.08072448335587978,7523.25
688,1775530093.8899188,optimizer,0.0025826338678598404,7523.25
689,1775530093.995314,forward,0.035826923325657845,7523.25
689,1775530094.0765405,backward,0.08109464682638645,7523.25
689,1775530094.0801153,optimizer,0.003308327868580818,7523.25
690,1775530094.1899316,forward,0.03589261323213577,7523.25
690,1775530094.2708545,backward,0.08078749477863312,7523.25
690,1775530094.2736015,optimizer,0.002595076337456703,7523.25
691,1775530094.3794117,forward,0.03582596406340599,7523.25
691,1775530094.460696,backward,0.0811765193939209,7523.25
691,1775530094.4641662,optimizer,0.0032050050795078278,7523.25
692,1775530094.5722473,forward,0.035896385088562965,7523.25
692,1775530094.6532667,backward,0.08088996447622776,7523.25
692,1775530094.6560192,optimizer,0.002596074715256691,7523.25
693,1775530094.761502,forward,0.03590015321969986,7523.25
693,1775530094.842876,backward,0.08122478239238262,7523.25
693,1775530094.8455744,optimizer,0.0025202054530382156,7523.25
694,1775530094.9545836,forward,0.035797564312815666,7523.25
694,1775530095.0355172,backward,0.08080182410776615,7523.25
694,1775530095.038147,optimizer,0.0024819131940603256,7523.25
695,1775530095.143384,forward,0.03584341146051884,7523.25
695,1775530095.2241843,backward,0.08067343942821026,7523.25
695,1775530095.2268195,optimizer,0.0024837348610162735,7523.25
696,1775530095.3306131,forward,0.035792652517557144,7523.25
696,1775530095.4114075,backward,0.08066169172525406,7523.25
696,1775530095.414034,optimizer,0.0024713221937417984,7523.25
697,1775530095.5195768,forward,0.035795893520116806,7523.25
697,1775530095.6005921,backward,0.08088469319045544,7523.25
697,1775530095.603244,optimizer,0.00250130333006382,7523.25
698,1775530095.7064903,forward,0.035887353122234344,7523.25
698,1775530095.7871277,backward,0.08050381951034069,7523.25
698,1775530095.78976,optimizer,0.0024828147143125534,7523.25
699,1775530095.894425,forward,0.035839224234223366,7523.25
699,1775530095.975385,backward,0.08082899451255798,7523.25
699,1775530095.9780192,optimizer,0.002480883151292801,7523.25
700,1775530096.082503,forward,0.03580485284328461,7523.25
700,1775530096.1632562,backward,0.08062369003891945,7523.25
700,1775530096.1658947,optimizer,0.0024894047528505325,7523.25
701,1775530096.2723353,forward,0.035829681903123856,7523.25
701,1775530096.353279,backward,0.08081645146012306,7523.25
701,1775530096.3559208,optimizer,0.0024928729981184006,7523.25
702,1775530096.4633505,forward,0.035834021866321564,7523.25
702,1775530096.5440757,backward,0.08059321157634258,7523.25
702,1775530096.5467062,optimizer,0.0024803318083286285,7523.25
703,1775530096.6526172,forward,0.0358930341899395,7523.25
703,1775530096.7335536,backward,0.08080900460481644,7523.25
703,1775530096.7361922,optimizer,0.0024886708706617355,7523.25
704,1775530096.8446486,forward,0.03590690344572067,7523.25
704,1775530096.9253705,backward,0.08059482835233212,7523.25
704,1775530096.9280186,optimizer,0.002495022490620613,7523.25
705,1775530097.035216,forward,0.0358283706009388,7523.25
705,1775530097.116232,backward,0.08088714815676212,7523.25
705,1775530097.118859,optimizer,0.0024746637791395187,7523.25
706,1775530097.2269087,forward,0.03586995415389538,7523.25
706,1775530097.3075159,backward,0.08047494664788246,7523.25
706,1775530097.3101592,optimizer,0.0024903640151023865,7523.25
707,1775530097.416704,forward,0.03583378344774246,7523.25
707,1775530097.497802,backward,0.08097240887582302,7523.25
707,1775530097.500434,optimizer,0.002481425181031227,7523.25
708,1775530097.6080105,forward,0.035844674333930016,7523.25
708,1775530097.6887062,backward,0.08056730031967163,7523.25
708,1775530097.691349,optimizer,0.002493103966116905,7523.25
709,1775530097.7973402,forward,0.03584759309887886,7523.25
709,1775530097.87852,backward,0.08104605786502361,7523.25
709,1775530097.8811603,optimizer,0.0024897046387195587,7523.25
710,1775530097.982129,forward,0.035801904276013374,7523.25
710,1775530098.062972,backward,0.08071114122867584,7523.25
710,1775530098.0656161,optimizer,0.002495173364877701,7523.25
711,1775530098.166937,forward,0.03581064008176327,7523.25
711,1775530098.2476149,backward,0.0805531907826662,7523.25
711,1775530098.2502477,optimizer,0.0024834442883729935,7523.25
712,1775530098.3517585,forward,0.03581933118402958,7523.25
712,1775530098.4327369,backward,0.08084648288786411,7523.25
712,1775530098.435395,optimizer,0.0025065429508686066,7523.25
713,1775530098.5371537,forward,0.03584704361855984,7523.25
713,1775530098.6182878,backward,0.08100523799657822,7523.25
713,1775530098.6209333,optimizer,0.002493845298886299,7523.25
714,1775530098.725988,forward,0.03585818409919739,7523.25
714,1775530098.8066432,backward,0.08052434958517551,7523.25
714,1775530098.8092706,optimizer,0.0024744421243667603,7523.25
715,1775530098.9166892,forward,0.035853175446391106,7523.25
715,1775530098.997705,backward,0.08088631555438042,7523.25
715,1775530099.0003417,optimizer,0.0024836529046297073,7523.25
716,1775530099.107711,forward,0.035839883610606194,7523.25
716,1775530099.188427,backward,0.08057173900306225,7523.25
716,1775530099.1910577,optimizer,0.002478593960404396,7523.25
717,1775530099.2981358,forward,0.03579435311257839,7523.25
717,1775530099.3790941,backward,0.0808304026722908,7523.25
717,1775530099.3817356,optimizer,0.002492433413863182,7523.25
718,1775530099.4894469,forward,0.03585600480437279,7523.25
718,1775530099.5702655,backward,0.08067373186349869,7523.25
718,1775530099.5729058,optimizer,0.0024894140660762787,7523.25
719,1775530099.6794453,forward,0.03587016277015209,7523.25
719,1775530099.760465,backward,0.08089389652013779,7523.25
719,1775530099.7631102,optimizer,0.0024956949055194855,7523.25
720,1775530099.8679054,forward,0.035843633115291595,7523.25
720,1775530099.9486141,backward,0.08058223873376846,7523.25
720,1775530099.9512553,optimizer,0.0024920739233493805,7523.25
721,1775530100.0546098,forward,0.035829270258545876,7523.25
721,1775530100.135669,backward,0.0809324849396944,7523.25
721,1775530100.1382978,optimizer,0.0024769511073827744,7523.25
722,1775530100.2423882,forward,0.03584757260978222,7523.25
722,1775530100.3232064,backward,0.0806212518364191,7523.25
722,1775530100.325849,optimizer,0.0024907831102609634,7523.25
723,1775530100.4308105,forward,0.03580877371132374,7523.25
723,1775530100.5116532,backward,0.08071478269994259,7523.25
723,1775530100.514305,optimizer,0.00250188447535038,7523.25
724,1775530100.6208625,forward,0.035829974338412285,7523.25
724,1775530100.7017386,backward,0.08074695616960526,7523.25
724,1775530100.7043755,optimizer,0.0024833641946315765,7523.25
725,1775530100.808556,forward,0.03583437204360962,7523.25
725,1775530100.8893726,backward,0.08068797178566456,7523.25
725,1775530100.8920076,optimizer,0.002484891563653946,7523.25
726,1775530100.9937866,forward,0.03582698106765747,7523.25
726,1775530101.0747578,backward,0.08083781413733959,7523.25
726,1775530101.0774097,optimizer,0.002499924972653389,7523.25
727,1775530101.1830277,forward,0.03588903322815895,7523.25
727,1775530101.263823,backward,0.08066783286631107,7523.25
727,1775530101.266461,optimizer,0.002490384504199028,7523.25
728,1775530101.3728027,forward,0.03587045148015022,7523.25
728,1775530101.4537966,backward,0.08086642436683178,7523.25
728,1775530101.4564445,optimizer,0.002495843917131424,7523.25
729,1775530101.5603757,forward,0.03584476187825203,7523.25
729,1775530101.641238,backward,0.08073796331882477,7523.25
729,1775530101.643911,optimizer,0.002517094835639,7523.25
730,1775530101.752885,forward,0.035854244604706764,7523.25
730,1775530101.833916,backward,0.08090440556406975,7523.25
730,1775530101.8365653,optimizer,0.002499271184206009,7523.25
731,1775530101.94161,forward,0.03584383428096771,7523.25
731,1775530102.0225213,backward,0.08070892281830311,7523.25
731,1775530102.025162,optimizer,0.0024887211620807648,7523.25
732,1775530102.133719,forward,0.035826364532113075,7523.25
732,1775530102.2147267,backward,0.08088086359202862,7523.25
732,1775530102.2173507,optimizer,0.0024741124361753464,7523.25
733,1775530102.3197284,forward,0.03580298088490963,7523.25
733,1775530102.4006047,backward,0.080750972032547,7523.25
733,1775530102.4032373,optimizer,0.0024807024747133255,7523.25
734,1775530102.5060823,forward,0.03583963215351105,7523.25
734,1775530102.5867405,backward,0.08052803948521614,7523.25
734,1775530102.5893726,optimizer,0.0024837926030158997,7523.25
735,1775530102.6981795,forward,0.035812411457300186,7523.25
735,1775530102.7791932,backward,0.08088275417685509,7523.25
735,1775530102.7818356,optimizer,0.0024919211864471436,7523.25
736,1775530102.8902295,forward,0.035872021690011024,7523.25
736,1775530102.9711697,backward,0.0808140430599451,7523.25
736,1775530102.9738154,optimizer,0.0024930406361818314,7523.25
737,1775530103.0837383,forward,0.03648218512535095,7523.25
737,1775530103.1645064,backward,0.08061696961522102,7523.25
737,1775530103.1671896,optimizer,0.002536015585064888,7523.25
738,1775530103.2762005,forward,0.03581064008176327,7523.25
738,1775530103.3571584,backward,0.08082902431488037,7523.25
738,1775530103.3598125,optimizer,0.002500593662261963,7523.25
739,1775530103.5394464,forward,0.035878363996744156,7523.25
739,1775530103.6203008,backward,0.0807277113199234,7523.25
739,1775530103.622962,optimizer,0.002509120851755142,7523.25
740,1775530103.7282507,forward,0.03583284094929695,7523.25
740,1775530103.8090887,backward,0.08071248419582844,7523.25
740,1775530103.8117473,optimizer,0.0025050342082977295,7523.25
741,1775530103.9151473,forward,0.035835832357406616,7523.25
741,1775530103.9961965,backward,0.08092217706143856,7523.25
741,1775530103.998827,optimizer,0.002478383481502533,7523.25
742,1775530104.1056685,forward,0.035807054489851,7523.25
742,1775530104.186338,backward,0.08053573034703732,7523.25
742,1775530104.188957,optimizer,0.002464873716235161,7523.25
743,1775530104.2902274,forward,0.03580714389681816,7523.25
743,1775530104.3711827,backward,0.08082880638539791,7523.25
743,1775530104.373821,optimizer,0.0024904627352952957,7523.25
744,1775530104.4815662,forward,0.03591575473546982,7523.25
744,1775530104.5623977,backward,0.08065491169691086,7523.25
744,1775530104.5650406,optimizer,0.0024934932589530945,7523.25
745,1775530104.6669033,forward,0.03581363148987293,7523.25
745,1775530104.7476516,backward,0.08062138222157955,7523.25
745,1775530104.7502859,optimizer,0.0024859718978405,7523.25
746,1775530104.8546069,forward,0.035830214619636536,7523.25
746,1775530104.9357038,backward,0.08096697553992271,7523.25
746,1775530104.938347,optimizer,0.0024909432977437973,7523.25
747,1775530105.0427482,forward,0.03586907498538494,7523.25
747,1775530105.1234121,backward,0.0805361196398735,7523.25
747,1775530105.1260417,optimizer,0.002482593059539795,7523.25
748,1775530105.2346013,forward,0.035833634436130524,7523.25
748,1775530105.3156686,backward,0.08093791641294956,7523.25
748,1775530105.3183181,optimizer,0.0024987533688545227,7523.25
749,1775530105.4184356,forward,0.03581666201353073,7523.25
749,1775530105.499496,backward,0.08093411661684513,7523.25
749,1775530105.502141,optimizer,0.002495955675840378,7523.25
750,1775530105.605173,forward,0.03584359399974346,7523.25
750,1775530105.685846,backward,0.08054454997181892,7523.25
750,1775530105.688467,optimizer,0.002472393214702606,7523.25
751,1775530105.7878532,forward,0.035796014592051506,7523.25
751,1775530105.8686976,backward,0.08071418106555939,7523.25
751,1775530105.87135,optimizer,0.0025035329163074493,7523.25
752,1775530105.975496,forward,0.03582972101867199,7523.25
752,1775530106.0564847,backward,0.0808639470487833,7523.25
752,1775530106.0591068,optimizer,0.0022288691252470016,7523.25
753,1775530106.1666021,forward,0.03581428341567516,7523.25
753,1775530106.2474186,backward,0.08068778179585934,7523.25
753,1775530106.2500503,optimizer,0.002483375370502472,7523.25
754,1775530106.356017,forward,0.03583236411213875,7523.25
754,1775530106.4370337,backward,0.08088570460677147,7523.25
754,1775530106.4396873,optimizer,0.002502504736185074,7523.25
755,1775530106.5479112,forward,0.03586220555007458,7523.25
755,1775530106.6287189,backward,0.08067637123167515,7523.25
755,1775530106.6313803,optimizer,0.002509225159883499,7523.25
756,1775530106.7376637,forward,0.03586070239543915,7523.25
756,1775530106.8186865,backward,0.08089250884950161,7523.25
756,1775530106.8213403,optimizer,0.0024999044835567474,7523.25
757,1775530106.9273162,forward,0.0358374435454607,7523.25
757,1775530107.0081236,backward,0.08068003132939339,7523.25
757,1775530107.0107653,optimizer,0.002488473430275917,7523.25
758,1775530107.114136,forward,0.03581626154482365,7523.25
758,1775530107.1951225,backward,0.08085466548800468,7523.25
758,1775530107.1977503,optimizer,0.002478422597050667,7523.25
759,1775530107.2997026,forward,0.035821883007884026,7523.25
759,1775530107.3805473,backward,0.0807132925838232,7523.25
759,1775530107.3833363,optimizer,0.002500491216778755,7523.25
760,1775530107.485754,forward,0.035847341641783714,7523.25
760,1775530107.566511,backward,0.0806309413164854,7523.25
760,1775530107.5691495,optimizer,0.002489514648914337,7523.25
761,1775530107.6773763,forward,0.035803113132715225,7523.25
761,1775530107.7583916,backward,0.08088799566030502,7523.25
761,1775530107.7610369,optimizer,0.002499803900718689,7523.25
762,1775530107.8627083,forward,0.03588279150426388,7523.25
762,1775530107.9433308,backward,0.08049526996910572,7523.25
762,1775530107.9459507,optimizer,0.002472503110766411,7523.25
763,1775530108.0461767,forward,0.035830672830343246,7523.25
763,1775530108.1269395,backward,0.08063085004687309,7523.25
763,1775530108.129576,optimizer,0.0024854615330696106,7523.25
764,1775530108.2340202,forward,0.03581770323216915,7523.25
764,1775530108.3151224,backward,0.08097483776509762,7523.25
764,1775530108.3177683,optimizer,0.00249442458152771,7523.25
765,1775530108.4242218,forward,0.035836825147271156,7523.25
765,1775530108.50489,backward,0.08053996972739697,7523.25
765,1775530108.5075417,optimizer,0.0024996325373649597,7523.25
766,1775530108.607449,forward,0.035776181146502495,7523.25
766,1775530108.6882553,backward,0.08068071119487286,7523.25
766,1775530108.690892,optimizer,0.002482173964381218,7523.25
767,1775530108.7985253,forward,0.03584674187004566,7523.25
767,1775530108.8793867,backward,0.08073148131370544,7523.25
767,1775530108.8820133,optimizer,0.002477344125509262,7523.25
768,1775530108.9879477,forward,0.0358679611235857,7523.25
768,1775530109.0688393,backward,0.0807684026658535,7523.25
768,1775530109.0714588,optimizer,0.002471134066581726,7523.25
769,1775530109.1720333,forward,0.03584122285246849,7523.25
769,1775530109.2531073,backward,0.08094742521643639,7523.25
769,1775530109.2557604,optimizer,0.0024991650134325027,7523.25
770,1775530109.4374018,forward,0.0358490739017725,7523.25
770,1775530109.5183358,backward,0.08079914562404156,7523.25
770,1775530109.5209787,optimizer,0.0024932436645030975,7523.25
771,1775530109.6275742,forward,0.03584377095103264,7523.25
771,1775530109.7084615,backward,0.0807558037340641,7523.25
771,1775530109.7111266,optimizer,0.002513343468308449,7523.25
772,1775530109.8156714,forward,0.03582417964935303,7523.25
772,1775530109.896711,backward,0.08090893737971783,7523.25
772,1775530109.8993485,optimizer,0.0024837031960487366,7523.25
773,1775530110.000608,forward,0.03588803485035896,7523.25
773,1775530110.0812988,backward,0.08056382089853287,7523.25
773,1775530110.0839598,optimizer,0.002511763945221901,7523.25
774,1775530110.189167,forward,0.03585698455572128,7523.25
774,1775530110.270193,backward,0.08089929632842541,7523.25
774,1775530110.2728322,optimizer,0.0024889931082725525,7523.25
775,1775530110.3816764,forward,0.035921456292271614,7523.25
775,1775530110.462374,backward,0.08056947961449623,7523.25
775,1775530110.4650114,optimizer,0.0024884920567274094,7523.25
776,1775530110.5699837,forward,0.03581102006137371,7523.25
776,1775530110.6509044,backward,0.08079088293015957,7523.25
776,1775530110.6535554,optimizer,0.0024961046874523163,7523.25
777,1775530110.7563694,forward,0.03582459315657616,7523.25
777,1775530110.8374414,backward,0.08094426803290844,7523.25
777,1775530110.8401096,optimizer,0.0025101937353610992,7523.25
778,1775530110.945929,forward,0.035799622535705566,7523.25
778,1775530111.026756,backward,0.08069782145321369,7523.25
778,1775530111.0293987,optimizer,0.0024939142167568207,7523.25
779,1775530111.1337342,forward,0.035780392587184906,7523.25
779,1775530111.2147365,backward,0.08087386377155781,7523.25
779,1775530111.2173774,optimizer,0.0024877414107322693,7523.25
780,1775530111.3207042,forward,0.035881225019693375,7523.25
780,1775530111.401382,backward,0.08054242096841335,7523.25
780,1775530111.404029,optimizer,0.002484513446688652,7523.25
781,1775530111.5074828,forward,0.0361875481903553,7523.25
781,1775530111.588464,backward,0.08085678331553936,7523.25
781,1775530111.5911252,optimizer,0.002511395141482353,7523.25
782,1775530111.6941786,forward,0.03581969439983368,7523.25
782,1775530111.7751915,backward,0.08088478446006775,7523.25
782,1775530111.7778332,optimizer,0.0024878308176994324,7523.25
783,1775530111.883096,forward,0.03580555133521557,7523.25
783,1775530111.963721,backward,0.08049665950238705,7523.25
783,1775530111.9663405,optimizer,0.002471575513482094,7523.25
784,1775530112.0687973,forward,0.03585094399750233,7523.25
784,1775530112.1497805,backward,0.08085306361317635,7523.25
784,1775530112.1524217,optimizer,0.0024886634200811386,7523.25
785,1775530112.2530763,forward,0.03582383506000042,7523.25
785,1775530112.3341272,backward,0.08091972954571247,7523.25
785,1775530112.3367622,optimizer,0.0024819914251565933,7523.25
786,1775530112.4398599,forward,0.03591076470911503,7523.25
786,1775530112.5205595,backward,0.08057085238397121,7523.25
786,1775530112.5232246,optimizer,0.0024085920304059982,7523.25
787,1775530112.6314104,forward,0.035845063626766205,7523.25
787,1775530112.7125034,backward,0.08096457831561565,7523.25
787,1775530112.715144,optimizer,0.0024909023195505142,7523.25
788,1775530112.8170311,forward,0.03583538345992565,7523.25
788,1775530112.8979127,backward,0.08074856549501419,7523.25
788,1775530112.9005425,optimizer,0.002482343465089798,7523.25
789,1775530113.0021899,forward,0.035825833678245544,7523.25
789,1775530113.0827892,backward,0.08046931959688663,7523.25
789,1775530113.0854282,optimizer,0.0024879835546016693,7523.25
790,1775530113.1901925,forward,0.03582567162811756,7523.25
790,1775530113.2711678,backward,0.08085093647241592,7523.25
790,1775530113.273792,optimizer,0.0024763811379671097,7523.25
791,1775530113.3783605,forward,0.035863082855939865,7523.25
791,1775530113.459155,backward,0.08066556230187416,7523.25
791,1775530113.4618027,optimizer,0.0025001540780067444,7523.25
792,1775530113.5664716,forward,0.03580811060965061,7523.25
792,1775530113.647279,backward,0.08068188279867172,7523.25
792,1775530113.6499155,optimizer,0.0024878215044736862,7523.25
793,1775530113.7564726,forward,0.03582802228629589,7523.25
793,1775530113.8373435,backward,0.08073855563998222,7523.25
793,1775530113.839995,optimizer,0.0024992935359477997,7523.25
794,1775530113.9452288,forward,0.035861844196915627,7523.25
794,1775530114.0260365,backward,0.08068004064261913,7523.25
794,1775530114.0286975,optimizer,0.0025112833827733994,7523.25
795,1775530114.1340976,forward,0.03582325205206871,7523.25
795,1775530114.2150688,backward,0.08084478601813316,7523.25
795,1775530114.2177036,optimizer,0.0024850033223628998,7523.25
796,1775530114.3203032,forward,0.035904303193092346,7523.25
796,1775530114.4010096,backward,0.08057763241231441,7523.25
796,1775530114.4036424,optimizer,0.0024816319346427917,7523.25
797,1775530114.5118208,forward,0.035834671929478645,7523.25
797,1775530114.592913,backward,0.08096020855009556,7523.25
797,1775530114.595557,optimizer,0.0024925637990236282,7523.25
798,1775530114.6999214,forward,0.03588852472603321,7523.25
798,1775530114.7805908,backward,0.08054186031222343,7523.25
798,1775530114.7832458,optimizer,0.0025068558752536774,7523.25
799,1775530114.8853197,forward,0.03582001104950905,7523.25
799,1775530114.9661405,backward,0.08069436252117157,7523.25
799,1775530114.9687865,optimizer,0.0024946853518486023,7523.25
800,1775530115.0740356,forward,0.03582557290792465,7523.25
800,1775530115.154986,backward,0.08082482405006886,7523.25
800,1775530115.1576262,optimizer,0.0024909600615501404,7523.25
801,1775530115.264985,forward,0.035864584147930145,7523.25
801,1775530115.345763,backward,0.08064844273030758,7523.25
801,1775530115.3484287,optimizer,0.002506313845515251,7523.25
802,1775530115.456126,forward,0.03582580201327801,7523.25
802,1775530115.5370424,backward,0.08078893460333347,7523.25
802,1775530115.5396986,optimizer,0.002504173666238785,7523.25
803,1775530115.6436427,forward,0.03581841289997101,7523.25
803,1775530115.724471,backward,0.08070092275738716,7523.25
803,1775530115.7271183,optimizer,0.0025008637458086014,7523.25
804,1775530115.834884,forward,0.035839302465319633,7523.25
804,1775530115.915947,backward,0.08093349821865559,7523.25
804,1775530115.9186096,optimizer,0.0025087539106607437,7523.25
805,1775530116.0204315,forward,0.03588991425931454,7523.25
805,1775530116.1011088,backward,0.08054747059941292,7523.25
805,1775530116.1037369,optimizer,0.0022262204438447952,7523.25
806,1775530116.2087762,forward,0.03584411181509495,7523.25
806,1775530116.2897153,backward,0.0808117538690567,7523.25
806,1775530116.29235,optimizer,0.002487054094672203,7523.25
807,1775530116.399674,forward,0.035849763080477715,7523.25
807,1775530116.4803011,backward,0.08050080761313438,7523.25
807,1775530116.4829376,optimizer,0.002491263672709465,7523.25
808,1775530116.584416,forward,0.035865891724824905,7523.25
808,1775530116.6651988,backward,0.08065658248960972,7523.25
808,1775530116.6678464,optimizer,0.002486003562808037,7523.25
809,1775530116.7698913,forward,0.03581227362155914,7523.25
809,1775530116.8509445,backward,0.08092451468110085,7523.25
809,1775530116.8535912,optimizer,0.0024944953620433807,7523.25
810,1775530116.961474,forward,0.03583900071680546,7523.25
810,1775530117.0421412,backward,0.08052827790379524,7523.25
810,1775530117.0447783,optimizer,0.0024872440844774246,7523.25
811,1775530117.15153,forward,0.035838522017002106,7523.25
811,1775530117.2326748,backward,0.08101596869528294,7523.25
811,1775530117.235395,optimizer,0.0025634542107582092,7523.25
812,1775530117.3395605,forward,0.035869136452674866,7523.25
812,1775530117.4202738,backward,0.0805820394307375,7523.25
812,1775530117.422916,optimizer,0.0024866927415132523,7523.25
813,1775530117.5271177,forward,0.035809943452477455,7523.25
813,1775530117.6080782,backward,0.0808293242007494,7523.25
813,1775530117.610743,optimizer,0.0024984441697597504,7523.25
814,1775530117.716019,forward,0.03583689220249653,7523.25
814,1775530117.796832,backward,0.08068680204451084,7523.25
814,1775530117.7994742,optimizer,0.002492303028702736,7523.25
815,1775530117.9061108,forward,0.03586556389927864,7523.25
815,1775530117.9869864,backward,0.08074839599430561,7523.25
815,1775530117.9896226,optimizer,0.0024850647896528244,7523.25
816,1775530118.0977516,forward,0.03587198257446289,7523.25
816,1775530118.1783803,backward,0.0805012509226799,7523.25
816,1775530118.1810017,optimizer,0.0024749934673309326,7523.25
817,1775530118.2827528,forward,0.035796552896499634,7523.25
817,1775530118.3635297,backward,0.08064912259578705,7523.25
817,1775530118.366175,optimizer,0.0024916231632232666,7523.25
818,1775530118.472857,forward,0.0358328428119421,7523.25
818,1775530118.5538344,backward,0.08085092343389988,7523.25
818,1775530118.5564713,optimizer,0.002486851066350937,7523.25
819,1775530118.6616366,forward,0.03581610321998596,7523.25
819,1775530118.742379,backward,0.08061482198536396,7523.25
819,1775530118.745019,optimizer,0.0024894438683986664,7523.25
820,1775530118.8469253,forward,0.035818081349134445,7523.25
820,1775530118.927923,backward,0.08086811564862728,7523.25
820,1775530118.9305556,optimizer,0.0024806857109069824,7523.25
821,1775530119.0356438,forward,0.03584076277911663,7523.25
821,1775530119.1164327,backward,0.08065474405884743,7523.25
821,1775530119.1190736,optimizer,0.0024899132549762726,7523.25
822,1775530119.226165,forward,0.035864781588315964,7523.25
822,1775530119.3070967,backward,0.08080540597438812,7523.25
822,1775530119.3097339,optimizer,0.0024833958595991135,7523.25
823,1775530119.4165804,forward,0.035885702818632126,7523.25
823,1775530119.4973452,backward,0.08063473179936409,7523.25
823,1775530119.4999826,optimizer,0.0024844836443662643,7523.25
824,1775530119.6062553,forward,0.03583486191928387,7523.25
824,1775530119.6872296,backward,0.08084552548825741,7523.25
824,1775530119.6898496,optimizer,0.0024752020835876465,7523.25
825,1775530119.795212,forward,0.038121841847896576,7523.25
825,1775530119.8761156,backward,0.0807754434645176,7523.25
825,1775530119.878768,optimizer,0.0025031715631484985,7523.25
826,1775530119.991962,forward,0.035850172862410545,7523.25
826,1775530120.0729113,backward,0.08082079328596592,7523.25
826,1775530120.0755644,optimizer,0.0025009438395500183,7523.25
827,1775530120.1839805,forward,0.035850921645760536,7523.25
827,1775530120.2648175,backward,0.08071153424680233,7523.25
827,1775530120.267472,optimizer,0.002502182498574257,7523.25
828,1775530120.4431298,forward,0.03583719953894615,7523.25
828,1775530120.524189,backward,0.08092845603823662,7523.25
828,1775530120.5268881,optimizer,0.0025502052158117294,7523.25
829,1775530120.625956,forward,0.035843443125486374,7523.25
829,1775530120.70709,backward,0.08099920861423016,7523.25
829,1775530120.7097735,optimizer,0.0025387462228536606,7523.25
830,1775530120.8122509,forward,0.03581364266574383,7523.25
830,1775530120.893419,backward,0.08103763870894909,7523.25
830,1775530120.8961298,optimizer,0.0025603026151657104,7523.25
831,1775530121.0027404,forward,0.03580761142075062,7523.25
831,1775530121.0837684,backward,0.08089505694806576,7523.25
831,1775530121.0864766,optimizer,0.002552757039666176,7523.25
832,1775530121.1925545,forward,0.03582831285893917,7523.25
832,1775530121.2738008,backward,0.08111891895532608,7523.25
832,1775530121.2764287,optimizer,0.0025116335600614548,7523.25
833,1775530121.377467,forward,0.03589716553688049,7523.25
833,1775530121.458336,backward,0.08073275163769722,7523.25
833,1775530121.4610484,optimizer,0.002559525892138481,7523.25
834,1775530121.5679054,forward,0.03582541458308697,7523.25
834,1775530121.6491737,backward,0.08113914169371128,7523.25
834,1775530121.65192,optimizer,0.0025944337248802185,7523.25
835,1775530121.7524424,forward,0.035853102803230286,7523.25
835,1775530121.833683,backward,0.0811083409935236,7523.25
835,1775530121.836351,optimizer,0.002551153302192688,7523.25
836,1775530121.942665,forward,0.03585284203290939,7523.25
836,1775530122.023678,backward,0.08088138699531555,7523.25
836,1775530122.0264084,optimizer,0.0025764629244804382,7523.25
837,1775530122.1257122,forward,0.035821205005049706,7523.25
837,1775530122.206883,backward,0.08103787899017334,7523.25
837,1775530122.20963,optimizer,0.0025944840162992477,7523.25
838,1775530122.3148286,forward,0.03584764152765274,7523.25
838,1775530122.3958144,backward,0.08085138536989689,7523.25
838,1775530122.3985116,optimizer,0.0025493837893009186,7523.25
839,1775530122.5061505,forward,0.03578759916126728,7523.25
839,1775530122.58738,backward,0.08110043965280056,7523.25
839,1775530122.590123,optimizer,0.002593245357275009,7523.25
840,1775530122.692669,forward,0.03583991155028343,7523.25
840,1775530122.77404,backward,0.08124186098575592,7523.25
840,1775530122.7767713,optimizer,0.002580873668193817,7523.25
841,1775530122.8836167,forward,0.0358334444463253,7523.25
841,1775530122.9649537,backward,0.08120496943593025,7523.25
841,1775530122.9675899,optimizer,0.0024576950818300247,7523.25
842,1775530123.0742762,forward,0.0358856376260519,7523.25
842,1775530123.1552665,backward,0.08085483498871326,7523.25
842,1775530123.1580079,optimizer,0.002591146156191826,7523.25
843,1775530123.2645097,forward,0.035872792825102806,7523.25
843,1775530123.3457167,backward,0.0810723602771759,7523.25
843,1775530123.3484023,optimizer,0.0024883933365345,7523.25
844,1775530123.4559414,forward,0.03592291660606861,7523.25
844,1775530123.536882,backward,0.08081095106899738,7523.25
844,1775530123.5395782,optimizer,0.0025641433894634247,7523.25
845,1775530123.6387053,forward,0.03586189262568951,7523.25
845,1775530123.7196047,backward,0.08076541125774384,7523.25
845,1775530123.7222807,optimizer,0.0024952851235866547,7523.25
846,1775530123.829194,forward,0.035878464579582214,7523.25
846,1775530123.910491,backward,0.08116390369832516,7523.25
846,1775530123.9132075,optimizer,0.0025627128779888153,7523.25
847,1775530124.0132723,forward,0.03583821281790733,7523.25
847,1775530124.0943692,backward,0.08096782676875591,7523.25
847,1775530124.097103,optimizer,0.002585113048553467,7523.25
848,1775530124.2036896,forward,0.03587728552520275,7523.25
848,1775530124.2846053,backward,0.08078773692250252,7523.25
848,1775530124.2872167,optimizer,0.0022178981453180313,7523.25
849,1775530124.3901172,forward,0.035810912027955055,7523.25
849,1775530124.4711154,backward,0.08086799457669258,7523.25
849,1775530124.473759,optimizer,0.002494802698493004,7523.25
850,1775530124.5746799,forward,0.03586341254413128,7523.25
850,1775530124.655403,backward,0.08057428151369095,7523.25
850,1775530124.6580582,optimizer,0.0025016646832227707,7523.25
851,1775530124.7629945,forward,0.03579287230968475,7523.25
851,1775530124.8438854,backward,0.08076462522149086,7523.25
851,1775530124.8465185,optimizer,0.002480803057551384,7523.25
852,1775530124.9521394,forward,0.03583887405693531,7523.25
852,1775530125.033186,backward,0.08091946691274643,7523.25
852,1775530125.0358436,optimizer,0.0025046244263648987,7523.25
853,1775530125.1389508,forward,0.03581124171614647,7523.25
853,1775530125.2195835,backward,0.08050570823252201,7523.25
853,1775530125.2222245,optimizer,0.0024919621646404266,7523.25
854,1775530125.3241642,forward,0.035840392112731934,7523.25
854,1775530125.4051425,backward,0.08085426688194275,7523.25
854,1775530125.4077957,optimizer,0.002497602254152298,7523.25
855,1775530125.515865,forward,0.03587738424539566,7523.25
855,1775530125.596546,backward,0.0805535688996315,7523.25
855,1775530125.5991828,optimizer,0.0024892929941415787,7523.25
856,1775530125.7030902,forward,0.035797301679849625,7523.25
856,1775530125.7839732,backward,0.08075709268450737,7523.25
856,1775530125.7866104,optimizer,0.002487014979124069,7523.25
857,1775530125.8897612,forward,0.035794513300061226,7523.25
857,1775530125.9707983,backward,0.08091076649725437,7523.25
857,1775530125.973451,optimizer,0.0025029033422470093,7523.25
858,1775530126.0758352,forward,0.035837702453136444,7523.25
858,1775530126.1565225,backward,0.08055568858981133,7523.25
858,1775530126.1591644,optimizer,0.0024916715919971466,7523.25
859,1775530126.2636447,forward,0.03582150302827358,7523.25
859,1775530126.3445642,backward,0.08078419230878353,7523.25
859,1775530126.3472142,optimizer,0.002500513568520546,7523.25
860,1775530126.4535234,forward,0.03585639409720898,7523.25
860,1775530126.5343623,backward,0.08070246316492558,7523.25
860,1775530126.5370665,optimizer,0.0024977922439575195,7523.25
861,1775530126.6410658,forward,0.03582505136728287,7523.25
861,1775530126.7219021,backward,0.08070784248411655,7523.25
861,1775530126.724535,optimizer,0.002482432872056961,7523.25
862,1775530126.8319108,forward,0.03582962416112423,7523.25
862,1775530126.9127753,backward,0.08073246479034424,7523.25
862,1775530126.9154248,optimizer,0.0025005843490362167,7523.25
863,1775530127.0218563,forward,0.035798851400613785,7523.25
863,1775530127.1026483,backward,0.08066755160689354,7523.25
863,1775530127.1052957,optimizer,0.002499593421816826,7523.25
864,1775530127.2064629,forward,0.0358345415443182,7523.25
864,1775530127.2875395,backward,0.08094412833452225,7523.25
864,1775530127.2901917,optimizer,0.0024994835257530212,7523.25
865,1775530127.3950932,forward,0.03587396256625652,7523.25
865,1775530127.4757998,backward,0.08058151975274086,7523.25
865,1775530127.4784305,optimizer,0.0024820249527692795,7523.25
866,1775530127.583507,forward,0.0358270313590765,7523.25
866,1775530127.664377,backward,0.08074125088751316,7523.25
866,1775530127.6670244,optimizer,0.0024995319545269012,7523.25
867,1775530127.7730396,forward,0.035820262506604195,7523.25
867,1775530127.8538644,backward,0.08069265075027943,7523.25
867,1775530127.8564935,optimizer,0.002478592097759247,7523.25
868,1775530127.9591773,forward,0.03578593209385872,7523.25
868,1775530128.039926,backward,0.08061830140650272,7523.25
868,1775530128.0425622,optimizer,0.002483021467924118,7523.25
869,1775530128.1449618,forward,0.03579811193048954,7523.25
869,1775530128.225927,backward,0.0808351244777441,7523.25
869,1775530128.2288034,optimizer,0.002637464553117752,7523.25
870,1775530128.3351731,forward,0.03596038557589054,7523.25
870,1775530128.4159355,backward,0.08063087984919548,7523.25
870,1775530128.418574,optimizer,0.0024851132184267044,7523.25
871,1775530128.5190794,forward,0.03585071489214897,7523.25
871,1775530128.5997877,backward,0.08057667873799801,7523.25
871,1775530128.6024206,optimizer,0.0024831146001815796,7523.25
872,1775530128.7072606,forward,0.03579417057335377,7523.25
872,1775530128.788271,backward,0.0808836966753006,7523.25
872,1775530128.7909067,optimizer,0.002486070618033409,7523.25
873,1775530128.8916175,forward,0.03581579215824604,7523.25
873,1775530128.972449,backward,0.08070839382708073,7523.25
873,1775530128.9750896,optimizer,0.0024897921830415726,7523.25
874,1775530129.0814245,forward,0.03579053096473217,7523.25
874,1775530129.1622162,backward,0.08066101185977459,7523.25
874,1775530129.1648455,optimizer,0.002482552081346512,7523.25
875,1775530129.2662897,forward,0.035784902051091194,7523.25
875,1775530129.3472936,backward,0.08086966723203659,7523.25
875,1775530129.3499334,optimizer,0.00248655304312706,7523.25
876,1775530129.454404,forward,0.03585713356733322,7523.25
876,1775530129.5350733,backward,0.08054294809699059,7523.25
876,1775530129.537711,optimizer,0.00248643197119236,7523.25
877,1775530129.6471446,forward,0.0358103234320879,7523.25
877,1775530129.7282102,backward,0.08093746565282345,7523.25
877,1775530129.7308414,optimizer,0.0024802740663290024,7523.25
878,1775530129.8331966,forward,0.03587986342608929,7523.25
878,1775530129.9139783,backward,0.08065467141568661,7523.25
878,1775530129.916594,optimizer,0.0024664439260959625,7523.25
879,1775530130.0230136,forward,0.035811612382531166,7523.25
879,1775530130.103903,backward,0.08075833320617676,7523.25
879,1775530130.1065385,optimizer,0.0024858545511960983,7523.25
880,1775530130.2115998,forward,0.03580915927886963,7523.25
880,1775530130.2924535,backward,0.08072574436664581,7523.25
880,1775530130.295089,optimizer,0.0024905335158109665,7523.25
881,1775530130.3963509,forward,0.03585812263190746,7523.25
881,1775530130.4769812,backward,0.08050212077796459,7523.25
881,1775530130.4796329,optimizer,0.0025012213736772537,7523.25
882,1775530130.5854874,forward,0.03583446331322193,7523.25
882,1775530130.6665542,backward,0.08093097433447838,7523.25
882,1775530130.669194,optimizer,0.002488812431693077,7523.25
883,1775530130.7757936,forward,0.03585350327193737,7523.25
883,1775530130.8564088,backward,0.08047940954566002,7523.25
883,1775530130.8590484,optimizer,0.0024858638644218445,7523.25
884,1775530130.9636397,forward,0.03579934127628803,7523.25
884,1775530131.0445993,backward,0.08083311468362808,7523.25
884,1775530131.047241,optimizer,0.0024883933365345,7523.25
885,1775530131.1517031,forward,0.035832954570651054,7523.25
885,1775530131.232537,backward,0.08070082403719425,7523.25
885,1775530131.235197,optimizer,0.002509862184524536,7523.25
886,1775530131.3402612,forward,0.035796310752630234,7523.25
886,1775530131.4210355,backward,0.08064861223101616,7523.25
886,1775530131.4236605,optimizer,0.0022261179983615875,7523.25
887,1775530131.5245223,forward,0.035815995186567307,7523.25
887,1775530131.60544,backward,0.08078998513519764,7523.25
887,1775530131.6080706,optimizer,0.002472713589668274,7523.25
888,1775530131.7162879,forward,0.035859113559126854,7523.25
888,1775530131.7969394,backward,0.08052417822182178,7523.25
888,1775530131.7995634,optimizer,0.0024775248020887375,7523.25
889,1775530131.9029593,forward,0.035785872489213943,7523.25
889,1775530131.9838655,backward,0.08077777549624443,7523.25
889,1775530131.9865031,optimizer,0.0024854447692632675,7523.25
890,1775530132.0921772,forward,0.03586060367524624,7523.25
890,1775530132.1729696,backward,0.08066732063889503,7523.25
890,1775530132.1756115,optimizer,0.002489183098077774,7523.25
891,1775530132.282451,forward,0.035827333107590675,7523.25
891,1775530132.3633158,backward,0.08073144219815731,7523.25
891,1775530132.3659415,optimizer,0.0024769827723503113,7523.25
892,1775530132.4715793,forward,0.03583259508013725,7523.25
892,1775530132.5523508,backward,0.080640172585845,7523.25
892,1775530132.5549855,optimizer,0.002482343465089798,7523.25
893,1775530132.655968,forward,0.03579842485487461,7523.25
893,1775530132.7365031,backward,0.08040386810898781,7523.25
893,1775530132.7391858,optimizer,0.002527523785829544,7523.25
894,1775530132.8442132,forward,0.03581593185663223,7523.25
894,1775530132.925161,backward,0.08082015439867973,7523.25
894,1775530132.9278178,optimizer,0.002506151795387268,7523.25
895,1775530133.0295527,forward,0.03581869229674339,7523.25
895,1775530133.1106248,backward,0.08094535954296589,7523.25
895,1775530133.113256,optimizer,0.0024828240275382996,7523.25
896,1775530133.2184422,forward,0.035797152668237686,7523.25
896,1775530133.299195,backward,0.08062227256596088,7523.25
896,1775530133.301838,optimizer,0.0024945326149463654,7523.25
897,1775530133.4055831,forward,0.03582608327269554,7523.25
897,1775530133.4865565,backward,0.08084626495838165,7523.25
897,1775530133.4891858,optimizer,0.0024763941764831543,7523.25
898,1775530133.5953503,forward,0.03587852045893669,7523.25
898,1775530133.6759186,backward,0.08044329844415188,7523.25
898,1775530133.6785414,optimizer,0.0024727713316679,7523.25
899,1775530133.7849126,forward,0.03580434434115887,7523.25
899,1775530133.8659928,backward,0.08094745688140392,7523.25
899,1775530133.8686237,optimizer,0.002483682706952095,7523.25
900,1775530133.9723186,forward,0.035849595442414284,7523.25
900,1775530134.0531316,backward,0.08067870885133743,7523.25
900,1775530134.0557723,optimizer,0.0024858638644218445,7523.25
901,1775530134.1608322,forward,0.03582781180739403,7523.25
901,1775530134.2417357,backward,0.0807745847851038,7523.25
901,1775530134.2443662,optimizer,0.002483384683728218,7523.25
902,1775530134.3497338,forward,0.03581290319561958,7523.25
902,1775530134.430635,backward,0.08077300153672695,7523.25
902,1775530134.4332733,optimizer,0.0024884510785341263,7523.25
903,1775530134.537993,forward,0.03582821972668171,7523.25
903,1775530134.618789,backward,0.08066559210419655,7523.25
903,1775530134.6214156,optimizer,0.002478932961821556,7523.25
904,1775530134.7286942,forward,0.03583933226764202,7523.25
904,1775530134.8097277,backward,0.08090134337544441,7523.25
904,1775530134.8123555,optimizer,0.002480512484908104,7523.25
905,1775530134.919291,forward,0.03578489273786545,7523.25
905,1775530135.000131,backward,0.08071335218846798,7523.25
905,1775530135.0027702,optimizer,0.00248696468770504,7523.25
906,1775530135.1025026,forward,0.03581329062581062,7523.25
906,1775530135.1833787,backward,0.0807495042681694,7523.25
906,1775530135.1860292,optimizer,0.0024981126189231873,7523.25
907,1775530135.2924752,forward,0.0359110739082098,7523.25
907,1775530135.373179,backward,0.08057331293821335,7523.25
907,1775530135.3758073,optimizer,0.002479013055562973,7523.25
908,1775530135.4815426,forward,0.03581558167934418,7523.25
908,1775530135.5625353,backward,0.08085920475423336,7523.25
908,1775530135.5651739,optimizer,0.002485930919647217,7523.25
909,1775530135.671896,forward,0.035780202597379684,7523.25
909,1775530135.7526495,backward,0.08056889846920967,7523.25
909,1775530135.7552927,optimizer,0.0024943221360445023,7523.25
910,1775530135.8625717,forward,0.03583757393062115,7523.25
910,1775530135.9435093,backward,0.08081071451306343,7523.25
910,1775530135.9461634,optimizer,0.002505803480744362,7523.25
911,1775530136.0503113,forward,0.03580119088292122,7523.25
911,1775530136.1311564,backward,0.08071336336433887,7523.25
911,1775530136.1337774,optimizer,0.0024705156683921814,7523.25
912,1775530136.240085,forward,0.035821301862597466,7523.25
912,1775530136.3209813,backward,0.08076531440019608,7523.25
912,1775530136.323622,optimizer,0.002491343766450882,7523.25
913,1775530136.4251537,forward,0.0358236450701952,7523.25
913,1775530136.5062442,backward,0.08096484839916229,7523.25
913,1775530136.5088823,optimizer,0.002488924190402031,7523.25
914,1775530136.6120365,forward,0.035895055159926414,7523.25
914,1775530136.6928036,backward,0.08062869869172573,7523.25
914,1775530136.6954916,optimizer,0.0025376640260219574,7523.25
915,1775530136.7965043,forward,0.03581596352159977,7523.25
915,1775530136.877231,backward,0.0806036926805973,7523.25
915,1775530136.8798692,optimizer,0.0024862531572580338,7523.25
916,1775530136.9862297,forward,0.03581416420638561,7523.25
916,1775530137.0672395,backward,0.0808755848556757,7523.25
916,1775530137.0698757,optimizer,0.0024817753583192825,7523.25
917,1775530137.1720004,forward,0.03584948182106018,7523.25
917,1775530137.2526753,backward,0.08054749108850956,7523.25
917,1775530137.2553122,optimizer,0.002486070618033409,7523.25
918,1775530137.35697,forward,0.03581473231315613,7523.25
918,1775530137.4377317,backward,0.08063206262886524,7523.25
918,1775530137.4403667,optimizer,0.0024839434772729874,7523.25
919,1775530137.5408306,forward,0.03581674210727215,7523.25
919,1775530137.6217663,backward,0.08080462366342545,7523.25
919,1775530137.624413,optimizer,0.002496592700481415,7523.25
920,1775530137.7290478,forward,0.035849474370479584,7523.25
920,1775530137.8099945,backward,0.08081456460058689,7523.25
920,1775530137.8125498,optimizer,0.0022128988057374954,7523.25
921,1775530137.9161823,forward,0.03581124357879162,7523.25
921,1775530137.9969196,backward,0.0806071013212204,7523.25
921,1775530137.9994993,optimizer,0.0024321917444467545,7523.25
922,1775530138.1062343,forward,0.03583336062729359,7523.25
922,1775530138.18727,backward,0.08090785890817642,7523.25
922,1775530138.189833,optimizer,0.002413572743535042,7523.25
923,1775530138.2962263,forward,0.03587939590215683,7523.25
923,1775530138.3769636,backward,0.08060994930565357,7523.25
923,1775530138.3795502,optimizer,0.002436865121126175,7523.25
924,1775530138.4859247,forward,0.03583087958395481,7523.25
924,1775530138.566852,backward,0.08079230412840843,7523.25
924,1775530138.5694857,optimizer,0.0024836622178554535,7523.25
925,1775530138.676527,forward,0.03583034314215183,7523.25
925,1775530138.7572854,backward,0.0806261096149683,7523.25
925,1775530138.7598631,optimizer,0.002423841506242752,7523.25
926,1775530138.8638773,forward,0.03584968484938145,7523.25
926,1775530138.944925,backward,0.08091831766068935,7523.25
926,1775530138.9475772,optimizer,0.0024994537234306335,7523.25
927,1775530139.0503693,forward,0.03586934134364128,7523.25
927,1775530139.1311297,backward,0.08062905073165894,7523.25
927,1775530139.133771,optimizer,0.002491164952516556,7523.25
928,1775530139.239751,forward,0.035825831815600395,7523.25
928,1775530139.3207,backward,0.08081565611064434,7523.25
928,1775530139.323348,optimizer,0.0024992823600769043,7523.25
929,1775530139.4275255,forward,0.03581223078072071,7523.25
929,1775530139.5085921,backward,0.08093790896236897,7523.25
929,1775530139.511235,optimizer,0.002492183819413185,7523.25
930,1775530139.6167529,forward,0.03583586402237415,7523.25
930,1775530139.6975484,backward,0.08066430315375328,7523.25
930,1775530139.700189,optimizer,0.002486893907189369,7523.25
931,1775530139.805828,forward,0.03580782189965248,7523.25
931,1775530139.8867698,backward,0.08081510290503502,7523.25
931,1775530139.8894062,optimizer,0.0024842917919158936,7523.25
932,1775530139.9952729,forward,0.035815272480249405,7523.25
932,1775530140.0760248,backward,0.08061723038554192,7523.25
932,1775530140.0786633,optimizer,0.002485111355781555,7523.25
933,1775530140.1832118,forward,0.03580739162862301,7523.25
933,1775530140.264249,backward,0.08090667612850666,7523.25
933,1775530140.2669086,optimizer,0.002503013238310814,7523.25
934,1775530140.370031,forward,0.035861384123563766,7523.25
934,1775530140.4508224,backward,0.08063698187470436,7523.25
934,1775530140.4534645,optimizer,0.0024926327168941498,7523.25
935,1775530140.5589473,forward,0.0358211025595665,7523.25
935,1775530140.6398146,backward,0.08073978498578072,7523.25
935,1775530140.6424549,optimizer,0.002491794526576996,7523.25
936,1775530140.7447088,forward,0.035864923149347305,7523.25
936,1775530140.825651,backward,0.08081457391381264,7523.25
936,1775530140.828267,optimizer,0.0024678725749254227,7523.25
937,1775530140.9299676,forward,0.035833192989230156,7523.25
937,1775530141.0107026,backward,0.08060437254607677,7523.25
937,1775530141.0133448,optimizer,0.0024918317794799805,7523.25
938,1775530141.1151774,forward,0.03575033135712147,7523.25
938,1775530141.195896,backward,0.08059307001531124,7523.25
938,1775530141.1985347,optimizer,0.002488764002919197,7523.25
939,1775530141.3014107,forward,0.03580234386026859,7523.25
939,1775530141.382343,backward,0.08078392408788204,7523.25
939,1775530141.3849614,optimizer,0.0022030379623174667,7523.25
940,1775530141.4864306,forward,0.03579995036125183,7523.25
940,1775530141.5674696,backward,0.08090968430042267,7523.25
940,1775530141.5701118,optimizer,0.0024887342005968094,7523.25
941,1775530141.6700895,forward,0.03584766387939453,7523.25
941,1775530141.7507348,backward,0.08051185123622417,7523.25
941,1775530141.753368,optimizer,0.0024832766503095627,7523.25
942,1775530141.8588204,forward,0.035822151228785515,7523.25
942,1775530141.939751,backward,0.0807989239692688,7523.25
942,1775530141.9423723,optimizer,0.0024713147431612015,7523.25
943,1775530142.0434227,forward,0.03581139259040356,7523.25
943,1775530142.1244245,backward,0.08087456598877907,7523.25
943,1775530142.1270568,optimizer,0.0024821627885103226,7523.25
944,1775530142.228434,forward,0.035825151950120926,7523.25
944,1775530142.3092644,backward,0.08070188201963902,7523.25
944,1775530142.3119307,optimizer,0.002514636144042015,7523.25
945,1775530142.4132094,forward,0.0358466524630785,7523.25
945,1775530142.4938679,backward,0.08053215965628624,7523.25
945,1775530142.496509,optimizer,0.0024898238480091095,7523.25
946,1775530142.5996475,forward,0.03580339252948761,7523.25
946,1775530142.680562,backward,0.08078105375170708,7523.25
946,1775530142.683216,optimizer,0.002506174147129059,7523.25
947,1775530142.7873669,forward,0.03583717159926891,7523.25
947,1775530142.8682241,backward,0.08072718232870102,7523.25
947,1775530142.8708823,optimizer,0.0025034528225660324,7523.25
948,1775530142.977916,forward,0.035844480618834496,7523.25
948,1775530143.0588984,backward,0.08085088431835175,7523.25
948,1775530143.061553,optimizer,0.00250101275742054,7523.25
949,1775530143.1737132,forward,0.03583136200904846,7523.25
949,1775530143.2543461,backward,0.08051115088164806,7523.25
949,1775530143.2569773,optimizer,0.0024814438074827194,7523.25
950,1775530143.3640132,forward,0.03585629165172577,7523.25
950,1775530143.4450166,backward,0.08087300695478916,7523.25
950,1775530143.4476924,optimizer,0.002524370327591896,7523.25
951,1775530143.5534859,forward,0.03582283295691013,7523.25
951,1775530143.6341534,backward,0.08053570985794067,7523.25
951,1775530143.6367908,optimizer,0.002485191449522972,7523.25
952,1775530143.7370327,forward,0.03582307510077953,7523.25
952,1775530143.8178813,backward,0.0807208213955164,7523.25
952,1775530143.8205311,optimizer,0.0024975035339593887,7523.25
953,1775530143.9278889,forward,0.035848284140229225,7523.25
953,1775530144.008706,backward,0.08069145120680332,7523.25
953,1775530144.011356,optimizer,0.0025049112737178802,7523.25
954,1775530144.1131485,forward,0.035846443846821785,7523.25
954,1775530144.1937602,backward,0.08048086799681187,7523.25
954,1775530144.196397,optimizer,0.0024853702634572983,7523.25
955,1775530144.304439,forward,0.03585047274827957,7523.25
955,1775530144.3854692,backward,0.08089974522590637,7523.25
955,1775530144.3881147,optimizer,0.002488132566213608,7523.25
956,1775530144.4955058,forward,0.03582393191754818,7523.25
956,1775530144.5762992,backward,0.08066358231008053,7523.25
956,1775530144.5789464,optimizer,0.0024947132915258408,7523.25
957,1775530144.6849148,forward,0.03585685230791569,7523.25
957,1775530144.7659285,backward,0.08088413625955582,7523.25
957,1775530144.7685585,optimizer,0.002474812790751457,7523.25
958,1775530144.8731847,forward,0.0358299445360899,7523.25
958,1775530144.9538217,backward,0.08050088956952095,7523.25
958,1775530144.9564521,optimizer,0.0024779420346021652,7523.25
959,1775530145.0621722,forward,0.03583105467259884,7523.25
959,1775530145.1432223,backward,0.08092458918690681,7523.25
959,1775530145.1458645,optimizer,0.0024912524968385696,7523.25
960,1775530145.2490237,forward,0.035865914076566696,7523.25
960,1775530145.32971,backward,0.08055036142468452,7523.25
960,1775530145.3323584,optimizer,0.0024980828166007996,7523.25
961,1775530145.4386792,forward,0.03583276458084583,7523.25
961,1775530145.5196698,backward,0.08086298406124115,7523.25
961,1775530145.5223017,optimizer,0.0024836044758558273,7523.25
962,1775530145.629773,forward,0.03591322340071201,7523.25
962,1775530145.7105296,backward,0.08062483929097652,7523.25
962,1775530145.7137644,optimizer,0.0030055195093154907,7523.25
963,1775530145.8211663,forward,0.03589215502142906,7523.25
963,1775530145.902281,backward,0.08098771795630455,7523.25
963,1775530145.9049206,optimizer,0.0024900920689105988,7523.25
964,1775530146.012361,forward,0.03585559315979481,7523.25
964,1775530146.0929596,backward,0.08047489821910858,7523.25
964,1775530146.0956109,optimizer,0.002502813935279846,7523.25
965,1775530146.202367,forward,0.03582559898495674,7523.25
965,1775530146.2833624,backward,0.08086009323596954,7523.25
965,1775530146.2859871,optimizer,0.0024759527295827866,7523.25
966,1775530146.386565,forward,0.03582250326871872,7523.25
966,1775530146.4674242,backward,0.08072611317038536,7523.25
966,1775530146.4700687,optimizer,0.0024922844022512436,7523.25
967,1775530146.5765836,forward,0.03582961484789848,7523.25
967,1775530146.6574602,backward,0.08075126446783543,7523.25
967,1775530146.660109,optimizer,0.002490432932972908,7523.25
968,1775530146.767148,forward,0.03586737439036369,7523.25
968,1775530146.847951,backward,0.080675533041358,7523.25
968,1775530146.8505883,optimizer,0.0024902746081352234,7523.25
969,1775530146.9580438,forward,0.03583193197846413,7523.25
969,1775530147.0390089,backward,0.08082803525030613,7523.25
969,1775530147.0416384,optimizer,0.002480745315551758,7523.25
970,1775530147.1470776,forward,0.03581155464053154,7523.25
970,1775530147.2278643,backward,0.08065695315599442,7523.25
970,1775530147.230509,optimizer,0.002392251044511795,7523.25
971,1775530147.3344889,forward,0.03581546060740948,7523.25
971,1775530147.415301,backward,0.08068558387458324,7523.25
971,1775530147.4179456,optimizer,0.00249682180583477,7523.25
972,1775530147.5235012,forward,0.03583616204559803,7523.25
972,1775530147.604429,backward,0.08079911395907402,7523.25
972,1775530147.6070638,optimizer,0.002485673874616623,7523.25
973,1775530147.7140326,forward,0.03581497259438038,7523.25
973,1775530147.7948012,backward,0.08064174093306065,7523.25
973,1775530147.7974367,optimizer,0.002486772835254669,7523.25
974,1775530147.9029098,forward,0.03581173159182072,7523.25
974,1775530147.9839323,backward,0.08088964782655239,7523.25
974,1775530147.9865942,optimizer,0.0025094635784626007,7523.25
975,1775530148.0927687,forward,0.03585021197795868,7523.25
975,1775530148.1735234,backward,0.08062789030373096,7523.25
975,1775530148.176175,optimizer,0.0024863649159669876,7523.25
976,1775530148.2802372,forward,0.03582430258393288,7523.25
976,1775530148.3612704,backward,0.08090393617749214,7523.25
976,1775530148.3639107,optimizer,0.002491571009159088,7523.25
977,1775530148.4707315,forward,0.03586634248495102,7523.25
977,1775530148.5514104,backward,0.08054779842495918,7523.25
977,1775530148.554027,optimizer,0.002465510740876198,7523.25
978,1775530148.6596103,forward,0.0358054731041193,7523.25
978,1775530148.7406192,backward,0.08087991736829281,7523.25
978,1775530148.743276,optimizer,0.0025039538741111755,7523.25
979,1775530148.845874,forward,0.03582665137946606,7523.25
979,1775530148.9267766,backward,0.08077461458742619,7523.25
979,1775530148.9294193,optimizer,0.002491641789674759,7523.25
980,1775530149.029989,forward,0.03584696352481842,7523.25
980,1775530149.1106217,backward,0.08050579018890858,7523.25
980,1775530149.1132553,optimizer,0.002481505274772644,7523.25
981,1775530149.212812,forward,0.035804131999611855,7523.25
981,1775530149.293559,backward,0.08061756007373333,7523.25
981,1775530149.2961812,optimizer,0.0024713706225156784,7523.25
982,1775530149.3975403,forward,0.03612760826945305,7523.25
982,1775530149.4784305,backward,0.08075421303510666,7523.25
982,1775530149.4810264,optimizer,0.0022009480744600296,7523.25
983,1775530149.5863872,forward,0.03587155602872372,7523.25
983,1775530149.6672192,backward,0.08070355281233788,7523.25
983,1775530149.6698675,optimizer,0.0024970248341560364,7523.25
984,1775530149.771606,forward,0.03576623275876045,7523.25
984,1775530149.8522491,backward,0.0804973803460598,7523.25
984,1775530149.8548908,optimizer,0.0024905819445848465,7523.25
985,1775530149.9572423,forward,0.035862213000655174,7523.25
985,1775530150.038206,backward,0.08083444461226463,7523.25
985,1775530150.0408366,optimizer,0.0024795643985271454,7523.25
986,1775530150.1496074,forward,0.03587498143315315,7523.25
986,1775530150.2302728,backward,0.08053256012499332,7523.25
986,1775530150.2328787,optimizer,0.0024569127708673477,7523.25
987,1775530150.3375998,forward,0.03582504205405712,7523.25
987,1775530150.4185236,backward,0.08079498447477818,7523.25
987,1775530150.4211617,optimizer,0.0024865325540304184,7523.25
988,1775530150.5253055,forward,0.03586120344698429,7523.25
988,1775530150.6061594,backward,0.08072574436664581,7523.25
988,1775530150.6087983,optimizer,0.0024864748120307922,7523.25
989,1775530150.7123659,forward,0.035809751600027084,7523.25
989,1775530150.7930868,backward,0.0805883277207613,7523.25
989,1775530150.7957458,optimizer,0.0025086048990488052,7523.25
990,1775530150.897327,forward,0.03581470437347889,7523.25
990,1775530150.9782364,backward,0.08077780343592167,7523.25
990,1775530150.980862,optimizer,0.002475343644618988,7523.25
991,1775530151.0882652,forward,0.035890623927116394,7523.25
991,1775530151.1689153,backward,0.0805209781974554,7523.25
991,1775530151.1715696,optimizer,0.0025026146322488785,7523.25
992,1775530151.277456,forward,0.03582126274704933,7523.25
992,1775530151.3583696,backward,0.08077728375792503,7523.25
992,1775530151.3610184,optimizer,0.00249660387635231,7523.25
993,1775530151.4677734,forward,0.035840801894664764,7523.25
993,1775530151.5509512,backward,0.0802656039595604,7523.25
993,1775530151.553578,optimizer,0.002476433292031288,7523.25
994,1775530151.6591804,forward,0.03583214059472084,7523.25
994,1775530151.7401814,backward,0.08086840622127056,7523.25
994,1775530151.7428076,optimizer,0.0024791117757558823,7523.25
995,1775530151.8482783,forward,0.03587346337735653,7523.25
995,1775530151.9289396,backward,0.08053251169621944,7523.25
995,1775530151.9315846,optimizer,0.0024955235421657562,7523.25
996,1775530152.0373204,forward,0.03581535443663597,7523.25
996,1775530152.1182795,backward,0.0808308832347393,7523.25
996,1775530152.1209147,optimizer,0.0024853330105543137,7523.25
997,1775530152.2284122,forward,0.035876451060175896,7523.25
997,1775530152.309065,backward,0.0805286206305027,7523.25
997,1775530152.3116915,optimizer,0.002473834902048111,7523.25
998,1775530152.4180224,forward,0.03584728389978409,7523.25
998,1775530152.498962,backward,0.08081000484526157,7523.25
998,1775530152.5015984,optimizer,0.002484094351530075,7523.25
999,1775530152.6066787,forward,0.03587161377072334,7523.25
999,1775530152.6874523,backward,0.08064589276909828,7523.25
999,1775530152.6900914,optimizer,0.0024866145104169846,7523.25
1000,1775530152.7952433,forward,0.035813264548778534,7523.25
1000,1775530152.8762355,backward,0.08086324669420719,7523.25
1000,1775530152.8788743,optimizer,0.002487853169441223,7523.25
1001,1775530152.9840722,forward,0.035796863958239555,7523.25
1001,1775530153.0649774,backward,0.08077593520283699,7523.25
1001,1775530153.0676253,optimizer,0.0024935342371463776,7523.25
1002,1775530153.1715307,forward,0.0358629934489727,7523.25
1002,1775530153.2522604,backward,0.08060174994170666,7523.25
1002,1775530153.2549021,optimizer,0.002490393817424774,7523.25
1003,1775530153.361202,forward,0.03582317195832729,7523.25
1003,1775530153.4424474,backward,0.0811184011399746,7523.25
1003,1775530153.4451041,optimizer,0.002505563199520111,7523.25
1004,1775530153.551857,forward,0.03585377521812916,7523.25
1004,1775530153.6325989,backward,0.08061276189982891,7523.25
1004,1775530153.63524,optimizer,0.002490416169166565,7523.25
1005,1775530153.7429507,forward,0.03581392206251621,7523.25
1005,1775530153.8239696,backward,0.08089050464332104,7523.25
1005,1775530153.8266094,optimizer,0.0024912040680646896,7523.25
1006,1775530153.9333746,forward,0.03586707264184952,7523.25
1006,1775530154.014209,backward,0.08070358447730541,7523.25
1006,1775530154.0168743,optimizer,0.002511924132704735,7523.25
1007,1775530154.1201768,forward,0.035823624581098557,7523.25
1007,1775530154.201184,backward,0.08088045567274094,7523.25
1007,1775530154.2038262,optimizer,0.0024927128106355667,7523.25
1008,1775530154.3077781,forward,0.03586725518107414,7523.25
1008,1775530154.3884244,backward,0.08052199706435204,7523.25
1008,1775530154.3910637,optimizer,0.0024787019938230515,7523.25
1009,1775530154.4921331,forward,0.03581722266972065,7523.25
1009,1775530154.5728855,backward,0.08062327280640602,7523.25
1009,1775530154.5755277,optimizer,0.002486143261194229,7523.25
1010,1775530154.6777081,forward,0.03582334332168102,7523.25
1010,1775530154.7587342,backward,0.08089311420917511,7523.25
1010,1775530154.7613933,optimizer,0.0025062747299671173,7523.25
1011,1775530154.868999,forward,0.03625665232539177,7523.25
1011,1775530154.9497173,backward,0.08059013076126575,7523.25
1011,1775530154.9523597,optimizer,0.0024912413209676743,7523.25
1012,1775530155.0521226,forward,0.03580198250710964,7523.25
1012,1775530155.1329083,backward,0.08065953105688095,7523.25
1012,1775530155.135564,optimizer,0.0025066547095775604,7523.25
1013,1775530155.240215,forward,0.03580755367875099,7523.25
1013,1775530155.321211,backward,0.08086755499243736,7523.25
1013,1775530155.323866,optimizer,0.0025184229016304016,7523.25
1014,1775530155.4248464,forward,0.035854073241353035,7523.25
1014,1775530155.5056274,backward,0.08065562509000301,7523.25
1014,1775530155.508412,optimizer,0.0024883653968572617,7523.25
1015,1775530155.6088333,forward,0.035890351980924606,7523.25
1015,1775530155.6894994,backward,0.08052886091172695,7523.25
1015,1775530155.6921484,optimizer,0.0024868324398994446,7523.25
1016,1775530155.7983162,forward,0.035798750817775726,7523.25
1016,1775530155.879378,backward,0.08093230798840523,7523.25
1016,1775530155.8820243,optimizer,0.0024956315755844116,7523.25
1017,1775530155.9844673,forward,0.035857634618878365,7523.25
1017,1775530156.0652764,backward,0.08067863248288631,7523.25
1017,1775530156.0679343,optimizer,0.002505982294678688,7523.25
1018,1775530156.1687145,forward,0.03584714233875275,7523.25
1018,1775530156.2492876,backward,0.08044381812214851,7523.25
1018,1775530156.2519433,optimizer,0.0025026537477970123,7523.25
1019,1775530156.3571057,forward,0.03586391359567642,7523.25
1019,1775530156.438174,backward,0.08093669824302197,7523.25
1019,1775530156.4407966,optimizer,0.002475513145327568,7523.25
1020,1775530156.545266,forward,0.03584744222462177,7523.25
1020,1775530156.6260173,backward,0.08062110096216202,7523.25
1020,1775530156.6286225,optimizer,0.002206427976489067,7523.25
1021,1775530156.7307386,forward,0.03582046367228031,7523.25
1021,1775530156.8115382,backward,0.0806695930659771,7523.25
1021,1775530156.814205,optimizer,0.002511143684387207,7523.25
1022,1775530156.9155161,forward,0.03582778200507164,7523.25
1022,1775530156.9963968,backward,0.08075218461453915,7523.25
1022,1775530156.999039,optimizer,0.0024909041821956635,7523.25
1023,1775530157.1004512,forward,0.03580485098063946,7523.25
1023,1775530157.181444,backward,0.080861896276474,7523.25
1023,1775530157.1840851,optimizer,0.002485474571585655,7523.25
1024,1775530157.2916124,forward,0.03580955043435097,7523.25
1024,1775530157.3723736,backward,0.08062887005507946,7523.25
1024,1775530157.3750346,optimizer,0.002497933804988861,7523.25
1025,1775530157.4755092,forward,0.03579845279455185,7523.25
1025,1775530157.5563927,backward,0.08075450174510479,7523.25
1025,1775530157.5590436,optimizer,0.002498755231499672,7523.25
1026,1775530157.6674168,forward,0.03586760349571705,7523.25
1026,1775530157.748074,backward,0.08052804134786129,7523.25
1026,1775530157.7507079,optimizer,0.002482254058122635,7523.25
1027,1775530157.8591409,forward,0.03584594093263149,7523.25
1027,1775530157.9401636,backward,0.08089316450059414,7523.25
1027,1775530157.9427917,optimizer,0.0024834610521793365,7523.25
1028,1775530158.0507195,forward,0.035826852545142174,7523.25
1028,1775530158.1314118,backward,0.08056233264505863,7523.25
1028,1775530158.1340284,optimizer,0.0022053681313991547,7523.25
1029,1775530158.2407072,forward,0.03586084395647049,7523.25
1029,1775530158.321727,backward,0.08089242316782475,7523.25
1029,1775530158.3243704,optimizer,0.002490844577550888,7523.25
1030,1775530158.4299853,forward,0.03583553060889244,7523.25
1030,1775530158.5107596,backward,0.0806513000279665,7523.25
1030,1775530158.5134103,optimizer,0.0024986770004034042,7523.25
1031,1775530158.6196582,forward,0.03583481162786484,7523.25
1031,1775530158.7006485,backward,0.08085504919290543,7523.25
1031,1775530158.7033124,optimizer,0.002514330670237541,7523.25
1032,1775530158.8103144,forward,0.03582379408180714,7523.25
1032,1775530158.8910942,backward,0.08064847253262997,7523.25
1032,1775530158.8937476,optimizer,0.0024969354271888733,7523.25
1033,1775530158.99915,forward,0.03585421107709408,7523.25
1033,1775530159.0801663,backward,0.08088408783078194,7523.25
1033,1775530159.082822,optimizer,0.0024979133158922195,7523.25
1034,1775530159.187042,forward,0.035834744572639465,7523.25
1034,1775530159.2676713,backward,0.0805000402033329,7523.25
1034,1775530159.2703161,optimizer,0.0024917442351579666,7523.25
1035,1775530159.3728747,forward,0.03584316372871399,7523.25
1035,1775530159.453829,backward,0.08082040585577488,7523.25
1035,1775530159.456469,optimizer,0.002487665042281151,7523.25
1036,1775530159.564594,forward,0.035907644778490067,7523.25
1036,1775530159.6453884,backward,0.08066431432962418,7523.25
1036,1775530159.6479664,optimizer,0.0024197716265916824,7523.25
1037,1775530159.755597,forward,0.035789502784609795,7523.25
1037,1775530159.8365395,backward,0.08081341348588467,7523.25
1037,1775530159.839123,optimizer,0.0024316124618053436,7523.25
1038,1775530159.9454734,forward,0.03584355302155018,7523.25
1038,1775530160.0261571,backward,0.08055034093558788,7523.25
1038,1775530160.0287187,optimizer,0.002411419525742531,7523.25
1039,1775530160.1299484,forward,0.035845641046762466,7523.25
1039,1775530160.2107058,backward,0.08062826097011566,7523.25
1039,1775530160.213344,optimizer,0.0024882834404706955,7523.25
1040,1775530160.3151557,forward,0.035784004256129265,7523.25
1040,1775530160.396089,backward,0.08080029487609863,7523.25
1040,1775530160.3987513,optimizer,0.0025048423558473587,7523.25
1041,1775530160.5057933,forward,0.03583046421408653,7523.25
1041,1775530160.5864673,backward,0.08054424077272415,7523.25
1041,1775530160.5891123,optimizer,0.0024884119629859924,7523.25
1042,1775530160.6943336,forward,0.035830654203891754,7523.25
1042,1775530160.7752633,backward,0.08080008439719677,7523.25
1042,1775530160.7779126,optimizer,0.00249372236430645,7523.25
1043,1775530160.887206,forward,0.035835253074765205,7523.25
1043,1775530160.967771,backward,0.08043175749480724,7523.25
1043,1775530160.970413,optimizer,0.0024912431836128235,7523.25
1044,1775530161.0775697,forward,0.035832902416586876,7523.25
1044,1775530161.158513,backward,0.08081476576626301,7523.25
1044,1775530161.1611397,optimizer,0.0024771615862846375,7523.25
1045,1775530161.2675793,forward,0.03581439517438412,7523.25
1045,1775530161.3482082,backward,0.0804982203990221,7523.25
1045,1775530161.350851,optimizer,0.002491302788257599,7523.25
1046,1775530161.4581995,forward,0.03581755422055721,7523.25
1046,1775530161.5391483,backward,0.08082236349582672,7523.25
1046,1775530161.5418067,optimizer,0.0025055110454559326,7523.25
1047,1775530161.6425612,forward,0.035786932334303856,7523.25
1047,1775530161.7233331,backward,0.0806388407945633,7523.25
1047,1775530161.7259874,optimizer,0.002500683069229126,7523.25
1048,1775530161.8291326,forward,0.03585292398929596,7523.25
1048,1775530161.9099028,backward,0.08063934184610844,7523.25
1048,1775530161.9125543,optimizer,0.0024980641901493073,7523.25
1049,1775530162.0184927,forward,0.03581977263092995,7523.25
1049,1775530162.0995166,backward,0.0808938667178154,7523.25
1049,1775530162.102158,optimizer,0.0024882815778255463,7523.25
1050,1775530162.204611,forward,0.03587668389081955,7523.25
1050,1775530162.2852736,backward,0.08053434081375599,7523.25
1050,1775530162.2879283,optimizer,0.00250321626663208,7523.25
1051,1775530162.3929737,forward,0.035832442343235016,7523.25
1051,1775530162.4738603,backward,0.08075475506484509,7523.25
1051,1775530162.4764984,optimizer,0.002488343045115471,7523.25
1052,1775530162.5802224,forward,0.0357831921428442,7523.25
1052,1775530162.6612384,backward,0.08088576421141624,7523.25
1052,1775530162.663883,optimizer,0.0024914629757404327,7523.25
1053,1775530162.772216,forward,0.03580072149634361,7523.25
1053,1775530162.8531897,backward,0.08084404654800892,7523.25
1053,1775530162.8558505,optimizer,0.00250876322388649,7523.25
1054,1775530162.960769,forward,0.03583306260406971,7523.25
1054,1775530163.041646,backward,0.0807495042681694,7523.25
1054,1775530163.0442657,optimizer,0.002472391352057457,7523.25
1055,1775530163.1455064,forward,0.03584212251007557,7523.25
1055,1775530163.226189,backward,0.08054213039577007,7523.25
1055,1775530163.2288263,optimizer,0.002487434074282646,7523.25
1056,1775530163.3350365,forward,0.03582763113081455,7523.25
1056,1775530163.4160733,backward,0.08090565539896488,7523.25
1056,1775530163.4187083,optimizer,0.002481924369931221,7523.25
1057,1775530163.5209758,forward,0.035845281556248665,7523.25
1057,1775530163.6018672,backward,0.08076309226453304,7523.25
1057,1775530163.6045036,optimizer,0.002482142299413681,7523.25
1058,1775530163.7099252,forward,0.035831693559885025,7523.25
1058,1775530163.790736,backward,0.0806849543005228,7523.25
1058,1775530163.7933724,optimizer,0.002482272684574127,7523.25
1059,1775530163.8944774,forward,0.03582146391272545,7523.25
1059,1775530163.9757955,backward,0.08116993121802807,7523.25
1059,1775530163.978476,optimizer,0.00242462195456028,7523.25
1060,1775530164.094634,forward,0.03583952412009239,7523.25
1060,1775530164.1756046,backward,0.08084230683743954,7523.25
1060,1775530164.1782472,optimizer,0.002487923949956894,7523.25
1061,1775530164.28514,forward,0.03588136471807957,7523.25
1061,1775530164.3657773,backward,0.08050417900085449,7523.25
1061,1775530164.3684106,optimizer,0.00248064287006855,7523.25
1062,1775530164.4692812,forward,0.035837624222040176,7523.25
1062,1775530164.5501046,backward,0.08069712482392788,7523.25
1062,1775530164.5527413,optimizer,0.0024852827191352844,7523.25
1063,1775530164.6537092,forward,0.035832544788718224,7523.25
1063,1775530164.7346413,backward,0.08080663532018661,7523.25
1063,1775530164.737286,optimizer,0.002494312822818756,7523.25
1064,1775530164.845144,forward,0.03587317280471325,7523.25
1064,1775530164.9257545,backward,0.08048002794384956,7523.25
1064,1775530164.9284225,optimizer,0.002512263134121895,7523.25
1065,1775530165.0322876,forward,0.03583909198641777,7523.25
1065,1775530165.1131456,backward,0.08072791434824467,7523.25
1065,1775530165.115785,optimizer,0.0024913549423217773,7523.25
1066,1775530165.2176635,forward,0.03580445237457752,7523.25
1066,1775530165.2986867,backward,0.08089335635304451,7523.25
1066,1775530165.301346,optimizer,0.0025039929896593094,7523.25
1067,1775530165.4109044,forward,0.03583339415490627,7523.25
1067,1775530165.4918566,backward,0.0808204859495163,7523.25
1067,1775530165.4944892,optimizer,0.0024790242314338684,7523.25
1068,1775530165.5969715,forward,0.03581701219081879,7523.25
1068,1775530165.6779583,backward,0.08085542730987072,7523.25
1068,1775530165.680595,optimizer,0.0024850349873304367,7523.25
1069,1775530165.7873902,forward,0.0357834305614233,7523.25
1069,1775530165.86813,backward,0.0806130412966013,7523.25
1069,1775530165.8707614,optimizer,0.0024814344942569733,7523.25
1070,1775530165.975716,forward,0.03579956293106079,7523.25
1070,1775530166.0567126,backward,0.08087090402841568,7523.25
1070,1775530166.0593576,optimizer,0.0024935826659202576,7523.25
1071,1775530166.15843,forward,0.03579193912446499,7523.25
1071,1775530166.2394173,backward,0.08086261712014675,7523.25
1071,1775530166.2420464,optimizer,0.0024788416922092438,7523.25
1072,1775530166.3487966,forward,0.03584083169698715,7523.25
1072,1775530166.4295845,backward,0.08065797202289104,7523.25
1072,1775530166.4322023,optimizer,0.002211799845099449,7523.25
1073,1775530166.539482,forward,0.035812221467494965,7523.25
1073,1775530166.6205273,backward,0.08091714605689049,7523.25
1073,1775530166.6231802,optimizer,0.002493651583790779,7523.25
1074,1775530166.7265365,forward,0.03579641319811344,7523.25
1074,1775530166.8071704,backward,0.08050706796348095,7523.25
1074,1775530166.8098195,optimizer,0.0024879518896341324,7523.25
1075,1775530166.9113905,forward,0.03582019545137882,7523.25
1075,1775530166.9923818,backward,0.08086380548775196,7523.25
1075,1775530166.9950345,optimizer,0.002501094713807106,7523.25
1076,1775530167.1016402,forward,0.03583706356585026,7523.25
1076,1775530167.1824071,backward,0.08063323237001896,7523.25
1076,1775530167.1850471,optimizer,0.002486584708094597,7523.25
1077,1775530167.2868097,forward,0.035804614424705505,7523.25
1077,1775530167.3675623,backward,0.08062518015503883,7523.25
1077,1775530167.3702028,optimizer,0.002486651763319969,7523.25
1078,1775530167.4761956,forward,0.03579199127852917,7523.25
1078,1775530167.5571318,backward,0.08080236427485943,7523.25
1078,1775530167.5598018,optimizer,0.002516733482480049,7523.25
1079,1775530167.6648045,forward,0.03584938310086727,7523.25
1079,1775530167.7454634,backward,0.08053242042660713,7523.25
1079,1775530167.7481065,optimizer,0.0024860333651304245,7523.25
1080,1775530167.848007,forward,0.035792162641882896,7523.25
1080,1775530167.928797,backward,0.08065579272806644,7523.25
1080,1775530167.9314337,optimizer,0.0024898741394281387,7523.25
1081,1775530168.0393162,forward,0.03582010045647621,7523.25
1081,1775530168.1202514,backward,0.08080492354929447,7523.25
1081,1775530168.1228962,optimizer,0.0024951640516519547,7523.25
1082,1775530168.223121,forward,0.035866761580109596,7523.25
1082,1775530168.3037944,backward,0.08054365962743759,7523.25
1082,1775530168.3064244,optimizer,0.002480214461684227,7523.25
1083,1775530168.4072618,forward,0.03577380254864693,7523.25
1083,1775530168.4880495,backward,0.08065671101212502,7523.25
1083,1775530168.4906833,optimizer,0.0024812929332256317,7523.25
1084,1775530168.5945532,forward,0.03579765185713768,7523.25
1084,1775530168.6756315,backward,0.0809503048658371,7523.25
1084,1775530168.6782517,optimizer,0.0024696718901395798,7523.25
1085,1775530168.784108,forward,0.03586361184716225,7523.25
1085,1775530168.864799,backward,0.08055789023637772,7523.25
1085,1775530168.86746,optimizer,0.0025116633623838425,7523.25
1086,1775530168.973817,forward,0.03581198491156101,7523.25
1086,1775530169.054905,backward,0.08096126839518547,7523.25
1086,1775530169.0575428,optimizer,0.00248580239713192,7523.25
1087,1775530169.1612659,forward,0.035859404131770134,7523.25
1087,1775530169.2420235,backward,0.08062930218875408,7523.25
1087,1775530169.2446575,optimizer,0.0024856925010681152,7523.25
1088,1775530169.3493326,forward,0.035829732194542885,7523.25
1088,1775530169.4302106,backward,0.08075184375047684,7523.25
1088,1775530169.4328275,optimizer,0.00246642529964447,7523.25
1089,1775530169.5373118,forward,0.03581542335450649,7523.25
1089,1775530169.6183143,backward,0.08086764626204967,7523.25
1089,1775530169.6209488,optimizer,0.002482844516634941,7523.25
1090,1775530169.7258615,forward,0.035804321989417076,7523.25
1090,1775530169.8066337,backward,0.08064426109194756,7523.25
1090,1775530169.8092654,optimizer,0.0024801231920719147,7523.25
1091,1775530169.9109998,forward,0.035818712785840034,7523.25
1091,1775530169.9920151,backward,0.08088604360818863,7523.25
1091,1775530169.9946768,optimizer,0.0025072935968637466,7523.25
1092,1775530170.0974371,forward,0.03581675514578819,7523.25
1092,1775530170.1784441,backward,0.08087535761296749,7523.25
1092,1775530170.1810784,optimizer,0.002480771392583847,7523.25
1093,1775530170.2847037,forward,0.035848554223775864,7523.25
1093,1775530170.365339,backward,0.0805008877068758,7523.25
1093,1775530170.3679724,optimizer,0.0024838950484991074,7523.25
1094,1775530170.4732494,forward,0.03583301231265068,7523.25
1094,1775530170.5543234,backward,0.08094553835690022,7523.25
1094,1775530170.5569553,optimizer,0.0024835150688886642,7523.25
1095,1775530170.6643672,forward,0.03584110178053379,7523.25
1095,1775530170.7450542,backward,0.08055602014064789,7523.25
1095,1775530170.7477028,optimizer,0.002495463937520981,7523.25
1096,1775530170.8489056,forward,0.035843923687934875,7523.25
1096,1775530170.9298053,backward,0.08077568374574184,7523.25
1096,1775530170.9324412,optimizer,0.0024861153215169907,7523.25
1097,1775530171.033939,forward,0.03583859093487263,7523.25
1097,1775530171.1150618,backward,0.08098938874900341,7523.25
1097,1775530171.1177099,optimizer,0.0024829041212797165,7523.25
1098,1775530171.2197711,forward,0.035800591111183167,7523.25
1098,1775530171.3006186,backward,0.08071391098201275,7523.25
1098,1775530171.3032532,optimizer,0.002481803297996521,7523.25
1099,1775530171.4062917,forward,0.03580847196280956,7523.25
1099,1775530171.4870956,backward,0.08067490346729755,7523.25
1099,1775530171.4897306,optimizer,0.0024821367114782333,7523.25
1100,1775530171.5937116,forward,0.035799821838736534,7523.25
1100,1775530171.6748157,backward,0.08097611740231514,7523.25
1100,1775530171.677474,optimizer,0.002503393217921257,7523.25
1101,1775530171.783737,forward,0.035900333896279335,7523.25
1101,1775530171.8644269,backward,0.08056097105145454,7523.25
1101,1775530171.867074,optimizer,0.0024965908378362656,7523.25
1102,1775530171.97285,forward,0.0358057226985693,7523.25
1102,1775530172.0538692,backward,0.08088627643883228,7523.25
1102,1775530172.0565078,optimizer,0.0024900920689105988,7523.25
1103,1775530172.1573844,forward,0.03580738231539726,7523.25
1103,1775530172.238451,backward,0.080939756706357,7523.25
1103,1775530172.2410934,optimizer,0.002392040565609932,7523.25
1104,1775530172.3471541,forward,0.035805754363536835,7523.25
1104,1775530172.4279382,backward,0.08065831288695335,7523.25
1104,1775530172.4305935,optimizer,0.002502055838704109,7523.25
1105,1775530172.5333247,forward,0.03585171513259411,7523.25
1105,1775530172.6144056,backward,0.0809518564492464,7523.25
1105,1775530172.6170428,optimizer,0.002482043579220772,7523.25
1106,1775530172.7232735,forward,0.03585033118724823,7523.25
1106,1775530172.803911,backward,0.08050249889492989,7523.25
1106,1775530172.8065546,optimizer,0.0024897735565900803,7523.25
1107,1775530172.912002,forward,0.035823551937937737,7523.25
1107,1775530172.9930897,backward,0.08095940947532654,7523.25
1107,1775530172.995747,optimizer,0.002503594383597374,7523.25
1108,1775530173.0977838,forward,0.035931603983044624,7523.25
1108,1775530173.1788435,backward,0.08088706620037556,7523.25
1108,1775530173.1815915,optimizer,0.0025937464088201523,7523.25
1109,1775530173.2856977,forward,0.0358175840228796,7523.25
1109,1775530173.3664603,backward,0.08063465915620327,7523.25
1109,1775530173.3690875,optimizer,0.0024746842682361603,7523.25
1110,1775530173.47479,forward,0.035848554223775864,7523.25
1110,1775530173.555891,backward,0.08097091689705849,7523.25
1110,1775530173.5585191,optimizer,0.002477584406733513,7523.25
1111,1775530173.666402,forward,0.03582514449954033,7523.25
1111,1775530173.7472072,backward,0.08068035170435905,7523.25
1111,1775530173.7498624,optimizer,0.0025027338415384293,7523.25
1112,1775530173.8550696,forward,0.035792892798781395,7523.25
1112,1775530173.936084,backward,0.08089024387300014,7523.25
1112,1775530173.9387393,optimizer,0.0025003235787153244,7523.25
1113,1775530174.0446548,forward,0.03582276031374931,7523.25
1113,1775530174.1253247,backward,0.0805435087531805,7523.25
1113,1775530174.1279633,optimizer,0.00248696468770504,7523.25
1114,1775530174.232306,forward,0.03581778518855572,7523.25
1114,1775530174.3133938,backward,0.08095511794090271,7523.25
1114,1775530174.316037,optimizer,0.0024783331900835037,7523.25
1115,1775530174.417018,forward,0.03581265173852444,7523.25
1115,1775530174.4979763,backward,0.08083206415176392,7523.25
1115,1775530174.5005782,optimizer,0.002208426594734192,7523.25
1116,1775530174.605831,forward,0.035823024809360504,7523.25
1116,1775530174.686631,backward,0.08067007176578045,7523.25
1116,1775530174.6892633,optimizer,0.002211267128586769,7523.25
1117,1775530174.795869,forward,0.035827793180942535,7523.25
1117,1775530174.8768559,backward,0.08086378313601017,7523.25
1117,1775530174.879497,optimizer,0.0024934541434049606,7523.25
1118,1775530174.9788551,forward,0.03582153469324112,7523.25
1118,1775530175.0596595,backward,0.08067385293543339,7523.25
1118,1775530175.0623143,optimizer,0.0025028977543115616,7523.25
1119,1775530175.1698086,forward,0.03583231195807457,7523.25
1119,1775530175.2507782,backward,0.08084268495440483,7523.25
1119,1775530175.2534108,optimizer,0.002480955794453621,7523.25
1120,1775530175.35988,forward,0.03582528419792652,7523.25
1120,1775530175.4406216,backward,0.0806152019649744,7523.25
1120,1775530175.443275,optimizer,0.002495311200618744,7523.25
1121,1775530175.549418,forward,0.03582907281816006,7523.25
1121,1775530175.630425,backward,0.08086343482136726,7523.25
1121,1775530175.6330552,optimizer,0.002477971836924553,7523.25
1122,1775530175.7400408,forward,0.03584696166217327,7523.25
1122,1775530175.8207574,backward,0.08058466017246246,7523.25
1122,1775530175.8234076,optimizer,0.0025009512901306152,7523.25
1123,1775530175.9290597,forward,0.03581175208091736,7523.25
1123,1775530176.0100732,backward,0.08088880963623524,7523.25
1123,1775530176.0127134,optimizer,0.002484254539012909,7523.25
1124,1775530176.1212106,forward,0.03592716529965401,7523.25
1124,1775530176.2019255,backward,0.08058546110987663,7523.25
1124,1775530176.2045734,optimizer,0.002490052953362465,7523.25
1125,1775530176.3145814,forward,0.03582531213760376,7523.25
1125,1775530176.3956075,backward,0.08089624717831612,7523.25
1125,1775530176.3982346,optimizer,0.0024750716984272003,7523.25
1126,1775530176.5050712,forward,0.03578609228134155,7523.25
1126,1775530176.5858195,backward,0.08062521182000637,7523.25
1126,1775530176.5884638,optimizer,0.0024944432079792023,7523.25
1127,1775530176.6943932,forward,0.03581259213387966,7523.25
1127,1775530176.7753959,backward,0.0808757059276104,7523.25
1127,1775530176.7780478,optimizer,0.0025039929896593094,7523.25
1128,1775530176.885806,forward,0.035857003182172775,7523.25
1128,1775530176.9666035,backward,0.08067935332655907,7523.25
1128,1775530176.9692204,optimizer,0.0024723708629608154,7523.25
1129,1775530177.070287,forward,0.03581788204610348,7523.25
1129,1775530177.1512392,backward,0.08082178607583046,7523.25
1129,1775530177.1538944,optimizer,0.0025014225393533707,7523.25
1130,1775530177.2549746,forward,0.03582458198070526,7523.25
1130,1775530177.3359704,backward,0.08086756616830826,7523.25
1130,1775530177.3386087,optimizer,0.002490514889359474,7523.25
1131,1775530177.4412763,forward,0.03587965480983257,7523.25
1131,1775530177.521957,backward,0.08055074885487556,7523.25
1131,1775530177.5245957,optimizer,0.002487432211637497,7523.25
1132,1775530177.629845,forward,0.03584944270551205,7523.25
1132,1775530177.7108307,backward,0.08085404708981514,7523.25
1132,1775530177.7134788,optimizer,0.0024912841618061066,7523.25
1133,1775530177.820332,forward,0.03586711548268795,7523.25
1133,1775530177.9010072,backward,0.08054886944591999,7523.25
1133,1775530177.9036589,optimizer,0.002500845119357109,7523.25
1134,1775530178.0061677,forward,0.035837965086102486,7523.25
1134,1775530178.0870054,backward,0.08070575073361397,7523.25
1134,1775530178.0896688,optimizer,0.0025153253227472305,7523.25
1135,1775530178.1954176,forward,0.03581289388239384,7523.25
1135,1775530178.2764199,backward,0.08087409473955631,7523.25
1135,1775530178.2790768,optimizer,0.00250331312417984,7523.25
1136,1775530178.3793268,forward,0.0358511246740818,7523.25
1136,1775530178.4600124,backward,0.08055594936013222,7523.25
1136,1775530178.4626434,optimizer,0.002479102462530136,7523.25
1137,1775530178.569247,forward,0.03585225157439709,7523.25
1137,1775530178.6502123,backward,0.08084098622202873,7523.25
1137,1775530178.6528578,optimizer,0.002489253878593445,7523.25
1138,1775530178.7578466,forward,0.03586811572313309,7523.25
1138,1775530178.838659,backward,0.08068368956446648,7523.25
1138,1775530178.8413012,optimizer,0.0024898555129766464,7523.25
1139,1775530178.9431152,forward,0.035807712003588676,7523.25
1139,1775530179.02385,backward,0.08060572110116482,7523.25
1139,1775530179.026499,optimizer,0.0024909134954214096,7523.25
1140,1775530179.1334434,forward,0.03584577329456806,7523.25
1140,1775530179.2145057,backward,0.0809212289750576,7523.25
1140,1775530179.2171392,optimizer,0.0024812445044517517,7523.25
1141,1775530179.3228965,forward,0.03583403304219246,7523.25
1141,1775530179.403635,backward,0.08061356097459793,7523.25
1141,1775530179.4062688,optimizer,0.0024779438972473145,7523.25
1142,1775530179.5130854,forward,0.03584362380206585,7523.25
1142,1775530179.5940995,backward,0.08088010363280773,7523.25
1142,1775530179.596748,optimizer,0.0024941768497228622,7523.25
1143,1775530179.7003965,forward,0.03585846163332462,7523.25
1143,1775530179.7811077,backward,0.08058321103453636,7523.25
1143,1775530179.7837448,optimizer,0.0024861320853233337,7523.25
1144,1775530179.8897345,forward,0.035792453214526176,7523.25
1144,1775530179.9708009,backward,0.08093811757862568,7523.25
1144,1775530179.9734433,optimizer,0.002489263191819191,7523.25
1145,1775530180.0815232,forward,0.03587004169821739,7523.25
1145,1775530180.1621926,backward,0.0805401187390089,7523.25
1145,1775530180.1648247,optimizer,0.002481721341609955,7523.25
1146,1775530180.2723124,forward,0.03585287369787693,7523.25
1146,1775530180.353288,backward,0.08084697462618351,7523.25
1146,1775530180.3559382,optimizer,0.0024977531284093857,7523.25
1147,1775530180.4614227,forward,0.035827960819005966,7523.25
1147,1775530180.5420685,backward,0.0805035401135683,7523.25
1147,1775530180.5447035,optimizer,0.0023848991841077805,7523.25
1148,1775530180.6518035,forward,0.03583424352109432,7523.25
1148,1775530180.7329085,backward,0.08097707852721214,7523.25
1148,1775530180.7355802,optimizer,0.0025214143097400665,7523.25
1149,1775530180.8389468,forward,0.035866932943463326,7523.25
1149,1775530180.9196754,backward,0.08060351200401783,7523.25
1149,1775530180.922319,optimizer,0.002487471327185631,7523.25
1150,1775530181.0262053,forward,0.03583569452166557,7523.25
1150,1775530181.1071649,backward,0.08082780614495277,7523.25
1150,1775530181.109821,optimizer,0.0025039631873369217,7523.25
1151,1775530181.2162821,forward,0.03580722399055958,7523.25
1151,1775530181.2971401,backward,0.08073481358587742,7523.25
1151,1775530181.2997847,optimizer,0.0024937428534030914,7523.25
1152,1775530181.4065237,forward,0.035879991948604584,7523.25
1152,1775530181.4874933,backward,0.08084227330982685,7523.25
1152,1775530181.4901502,optimizer,0.0025052838027477264,7523.25
1153,1775530181.596922,forward,0.03589899465441704,7523.25
1153,1775530181.6778045,backward,0.08075734414160252,7523.25
1153,1775530181.6804373,optimizer,0.0024826228618621826,7523.25
1154,1775530181.7867858,forward,0.03581768460571766,7523.25
1154,1775530181.86773,backward,0.08081509545445442,7523.25
1154,1775530181.8703766,optimizer,0.0024968329817056656,7523.25
1155,1775530181.9777374,forward,0.03586304187774658,7523.25
1155,1775530182.0585582,backward,0.08069311268627644,7523.25
1155,1775530182.0612097,optimizer,0.0025026649236679077,7523.25
1156,1775530182.166028,forward,0.03588232398033142,7523.25
1156,1775530182.2470279,backward,0.08086542598903179,7523.25
1156,1775530182.2496974,optimizer,0.0025197844952344894,7523.25
1157,1775530182.3612578,forward,0.035824691876769066,7523.25
1157,1775530182.4419625,backward,0.08057212829589844,7523.25
1157,1775530182.4446208,optimizer,0.002506835386157036,7523.25
1158,1775530182.5471451,forward,0.035807691514492035,7523.25
1158,1775530182.6281378,backward,0.08086063526570797,7523.25
1158,1775530182.630789,optimizer,0.002496102824807167,7523.25
1159,1775530182.736737,forward,0.03592415526509285,7523.25
1159,1775530182.8176131,backward,0.08073723502457142,7523.25
1159,1775530182.8202186,optimizer,0.0022034477442502975,7523.25
1160,1775530182.9214952,forward,0.03579160198569298,7523.25
1160,1775530183.0021513,backward,0.08052396960556507,7523.25
1160,1775530183.004764,optimizer,0.002208249643445015,7523.25
1161,1775530183.1115127,forward,0.035793451592326164,7523.25
1161,1775530183.1925457,backward,0.0808976273983717,7523.25
1161,1775530183.2003767,optimizer,0.002497013658285141,7523.25
1162,1775530183.306745,forward,0.03583923168480396,7523.25
1162,1775530183.3877335,backward,0.08085571601986885,7523.25
1162,1775530183.390375,optimizer,0.0024844035506248474,7523.25
1163,1775530183.4916403,forward,0.035868993028998375,7523.25
1163,1775530183.5726988,backward,0.08093184791505337,7523.25
1163,1775530183.5753531,optimizer,0.0025011543184518814,7523.25
1164,1775530183.677165,forward,0.03592225722968578,7523.25
1164,1775530183.7579565,backward,0.08066395111382008,7523.25
1164,1775530183.7605863,optimizer,0.0024793539196252823,7523.25
1165,1775530183.8679237,forward,0.03584088385105133,7523.25
1165,1775530183.9488409,backward,0.0807880237698555,7523.25
1165,1775530183.9514847,optimizer,0.0024957433342933655,7523.25
1166,1775530184.058322,forward,0.03588442504405975,7523.25
1166,1775530184.1390698,backward,0.08061749115586281,7523.25
1166,1775530184.1417065,optimizer,0.0024845413863658905,7523.25
1167,1775530184.2476885,forward,0.03578940033912659,7523.25
1167,1775530184.3286803,backward,0.08086206577718258,7523.25
1167,1775530184.3313336,optimizer,0.0024991147220134735,7523.25
1168,1775530184.434046,forward,0.035824863240122795,7523.25
1168,1775530184.5151489,backward,0.08097483776509762,7523.25
1168,1775530184.5177908,optimizer,0.002491513267159462,7523.25
1169,1775530184.6252916,forward,0.03586040250957012,7523.25
1169,1775530184.7062805,backward,0.08085835538804531,7523.25
1169,1775530184.7089238,optimizer,0.002496013417840004,7523.25
1170,1775530184.8132412,forward,0.035854652523994446,7523.25
1170,1775530184.8942955,backward,0.08092622645199299,7523.25
1170,1775530184.896928,optimizer,0.0024830829352140427,7523.25
1171,1775530185.0026608,forward,0.03583444468677044,7523.25
1171,1775530185.083474,backward,0.08068650402128696,7523.25
1171,1775530185.0861163,optimizer,0.0024895817041397095,7523.25
1172,1775530185.1865761,forward,0.035823820158839226,7523.25
1172,1775530185.2675474,backward,0.0808456540107727,7523.25
1172,1775530185.2701557,optimizer,0.0024641919881105423,7523.25
1173,1775530185.3757286,forward,0.03582011163234711,7523.25
1173,1775530185.4565485,backward,0.08069031313061714,7523.25
1173,1775530185.459186,optimizer,0.002489084377884865,7523.25
1174,1775530185.5641825,forward,0.035839831456542015,7523.25
1174,1775530185.645112,backward,0.0807961355894804,7523.25
1174,1775530185.6477695,optimizer,0.002507336437702179,7523.25
1175,1775530185.754482,forward,0.035828933119773865,7523.25
1175,1775530185.8353877,backward,0.08077678270637989,7523.25
1175,1775530185.8380318,optimizer,0.0024920739233493805,7523.25
1176,1775530185.9386404,forward,0.03585134446620941,7523.25
1176,1775530186.0192847,backward,0.08051600866019726,7523.25
1176,1775530186.0219338,optimizer,0.0024922825396060944,7523.25
1177,1775530186.1278832,forward,0.03580393269658089,7523.25
1177,1775530186.208988,backward,0.08097723498940468,7523.25
1177,1775530186.2116265,optimizer,0.0024898946285247803,7523.25
1178,1775530186.3125112,forward,0.03583873249590397,7523.25
1178,1775530186.3935199,backward,0.08087586425244808,7523.25
1178,1775530186.396184,optimizer,0.0025090929120779037,7523.25
1179,1775530186.50208,forward,0.03583153337240219,7523.25
1179,1775530186.5828605,backward,0.08065341040492058,7523.25
1179,1775530186.5854924,optimizer,0.0024848412722349167,7523.25
1180,1775530186.6859963,forward,0.035814885050058365,7523.25
1180,1775530186.767009,backward,0.08088629506528378,7523.25
1180,1775530186.7696612,optimizer,0.0025025419890880585,7523.25
1181,1775530186.8697202,forward,0.0358196422457695,7523.25
1181,1775530186.950821,backward,0.08097621612250805,7523.25
1181,1775530186.9534645,optimizer,0.002494972199201584,7523.25
1182,1775530187.0552545,forward,0.035809339955449104,7523.25
1182,1775530187.136108,backward,0.08072218485176563,7523.25
1182,1775530187.1387434,optimizer,0.0024845637381076813,7523.25
1183,1775530187.245738,forward,0.03582206182181835,7523.25
1183,1775530187.3267186,backward,0.08084822632372379,7523.25
1183,1775530187.329365,optimizer,0.0024923235177993774,7523.25
1184,1775530187.431624,forward,0.03580646216869354,7523.25
1184,1775530187.5126095,backward,0.08085800521075726,7523.25
1184,1775530187.515249,optimizer,0.0024918820708990097,7523.25
1185,1775530187.617437,forward,0.035863121971488,7523.25
1185,1775530187.6981611,backward,0.08058988116681576,7523.25
1185,1775530187.7007966,optimizer,0.002483382821083069,7523.25
1186,1775530187.8001564,forward,0.03581838309764862,7523.25
1186,1775530187.8809178,backward,0.08063634112477303,7523.25
1186,1775530187.8835723,optimizer,0.0025022346526384354,7523.25
1187,1775530187.9849901,forward,0.035807760432362556,7523.25
1187,1775530188.065932,backward,0.08081014268100262,7523.25
1187,1775530188.0685685,optimizer,0.0024861320853233337,7523.25
1188,1775530188.1756203,forward,0.035896994173526764,7523.25
1188,1775530188.2564318,backward,0.08068464323878288,7523.25
1188,1775530188.2590811,optimizer,0.0024952925741672516,7523.25
1189,1775530188.3646512,forward,0.03583631105720997,7523.25
1189,1775530188.445624,backward,0.08084400556981564,7523.25
1189,1775530188.44828,optimizer,0.0025029852986335754,7523.25
1190,1775530188.5529401,forward,0.03585769422352314,7523.25
1190,1775530188.6338882,backward,0.08081888407468796,7523.25
1190,1775530188.636531,optimizer,0.0024912841618061066,7523.25
1191,1775530188.7383637,forward,0.03588155098259449,7523.25
1191,1775530188.819051,backward,0.0805538184940815,7523.25
1191,1775530188.8216918,optimizer,0.0023943204432725906,7523.25
1192,1775530188.927267,forward,0.03584117256104946,7523.25
1192,1775530189.0083418,backward,0.08094624616205692,7523.25
1192,1775530189.0109875,optimizer,0.002494584769010544,7523.25
1193,1775530189.1128411,forward,0.03587060421705246,7523.25
1193,1775530189.1938314,backward,0.08086003549396992,7523.25
1193,1775530189.1964676,optimizer,0.002487383782863617,7523.25
1194,1775530189.3036275,forward,0.035837164148688316,7523.25
1194,1775530189.3845816,backward,0.08082510530948639,7523.25
1194,1775530189.38723,optimizer,0.002496141940355301,7523.25
1195,1775530189.4878209,forward,0.0358263049274683,7523.25
1195,1775530189.5688972,backward,0.08094668574631214,7523.25
1195,1775530189.5715463,optimizer,0.002498272806406021,7523.25
1196,1775530189.6801803,forward,0.03581705130636692,7523.25
1196,1775530189.7608855,backward,0.08057627268135548,7523.25
1196,1775530189.7635393,optimizer,0.0025000441819429398,7523.25
1197,1775530189.866281,forward,0.03584580309689045,7523.25
1197,1775530189.9472516,backward,0.08083914406597614,7523.25
1197,1775530189.9499078,optimizer,0.002504875883460045,7523.25
1198,1775530190.0514069,forward,0.035820893943309784,7523.25
1198,1775530190.1324117,backward,0.08087712712585926,7523.25
1198,1775530190.135067,optimizer,0.002503054216504097,7523.25
1199,1775530190.2422788,forward,0.03582441434264183,7523.25
1199,1775530190.3230586,backward,0.08064843341708183,7523.25
1199,1775530190.3256896,optimizer,0.002477722242474556,7523.25
1200,1775530190.4305027,forward,0.035801250487565994,7523.25
1200,1775530190.5115635,backward,0.08093125745654106,7523.25
1200,1775530190.5142095,optimizer,0.0024922210723161697,7523.25
1201,1775530190.6200564,forward,0.03582644462585449,7523.25
1201,1775530190.700818,backward,0.08063294924795628,7523.25
1201,1775530190.7034814,optimizer,0.002513572573661804,7523.25
1202,1775530190.808112,forward,0.03583517298102379,7523.25
1202,1775530190.8892097,backward,0.08096952736377716,7523.25
1202,1775530190.8918662,optimizer,0.0025105923414230347,7523.25
1203,1775530190.994494,forward,0.03587927110493183,7523.25
1203,1775530191.0752969,backward,0.08067433163523674,7523.25
1203,1775530191.0778766,optimizer,0.0021939799189567566,7523.25
1204,1775530191.17934,forward,0.035858143121004105,7523.25
1204,1775530191.2601109,backward,0.08064108528196812,7523.25
1204,1775530191.2633677,optimizer,0.0027053970843553543,7523.25
1205,1775530191.3699515,forward,0.03591120429337025,7523.25
1205,1775530191.4511096,backward,0.08103329688310623,7523.25
1205,1775530191.453756,optimizer,0.0024929530918598175,7523.25
1206,1775530191.5605323,forward,0.03581731207668781,7523.25
1206,1775530191.6412797,backward,0.08062109351158142,7523.25
1206,1775530191.643935,optimizer,0.0025024544447660446,7523.25
1207,1775530191.7478402,forward,0.0358233917504549,7523.25
1207,1775530191.8289425,backward,0.0809760969132185,7523.25
1207,1775530191.8315904,optimizer,0.0024979431182146072,7523.25
1208,1775530191.9380095,forward,0.03585217334330082,7523.25
1208,1775530192.0187032,backward,0.08055480010807514,7523.25
1208,1775530192.0213552,optimizer,0.002498853951692581,7523.25
1209,1775530192.2001593,forward,0.03586077131330967,7523.25
1209,1775530192.280941,backward,0.08065476082265377,7523.25
1209,1775530192.2835937,optimizer,0.0025025643408298492,7523.25
1210,1775530192.388431,forward,0.03587731532752514,7523.25
1210,1775530192.4694083,backward,0.08084679767489433,7523.25
1210,1775530192.4720623,optimizer,0.0024925637990236282,7523.25
1211,1775530192.5794683,forward,0.03582564555108547,7523.25
1211,1775530192.660238,backward,0.0806440431624651,7523.25
1211,1775530192.6628768,optimizer,0.002483433112502098,7523.25
1212,1775530192.764991,forward,0.03587550297379494,7523.25
1212,1775530192.8459897,backward,0.08086595498025417,7523.25
1212,1775530192.848629,optimizer,0.0024886317551136017,7523.25
1213,1775530192.95551,forward,0.035878561437129974,7523.25
1213,1775530193.0361989,backward,0.08056136220693588,7523.25
1213,1775530193.0388205,optimizer,0.002472011372447014,7523.25
1214,1775530193.142835,forward,0.03580819256603718,7523.25
1214,1775530193.2237918,backward,0.08082818612456322,7523.25
1214,1775530193.2264261,optimizer,0.0024819914251565933,7523.25
1215,1775530193.3316205,forward,0.03583912365138531,7523.25
1215,1775530193.4125328,backward,0.08078782446682453,7523.25
1215,1775530193.415193,optimizer,0.002508135512471199,7523.25
1216,1775530193.5139472,forward,0.03585049510002136,7523.25
1216,1775530193.5947552,backward,0.08067636378109455,7523.25
1216,1775530193.597386,optimizer,0.0024820640683174133,7523.25
1217,1775530193.6982436,forward,0.035799531266093254,7523.25
1217,1775530193.7788987,backward,0.08052449114620686,7523.25
1217,1775530193.781551,optimizer,0.0025021228939294815,7523.25
1218,1775530193.88172,forward,0.035834094509482384,7523.25
1218,1775530193.962571,backward,0.08072372153401375,7523.25
1218,1775530193.965204,optimizer,0.002481641247868538,7523.25
1219,1775530194.0711079,forward,0.03583148121833801,7523.25
1219,1775530194.1522157,backward,0.08098014816641808,7523.25
1219,1775530194.1548445,optimizer,0.002478264272212982,7523.25
1220,1775530194.2610004,forward,0.035848552361130714,7523.25
1220,1775530194.3418262,backward,0.08069738373160362,7523.25
1220,1775530194.3444622,optimizer,0.002484513446688652,7523.25
1221,1775530194.4508677,forward,0.03582977131009102,7523.25
1221,1775530194.53193,backward,0.08093090914189816,7523.25
1221,1775530194.5345843,optimizer,0.0025013331323862076,7523.25
1222,1775530194.6361501,forward,0.035858163610100746,7523.25
1222,1775530194.716775,backward,0.08049730770289898,7523.25
1222,1775530194.719413,optimizer,0.0024880114942789078,7523.25
1223,1775530194.8192234,forward,0.03582165203988552,7523.25
1223,1775530194.9000146,backward,0.08066048100590706,7523.25
1223,1775530194.902668,optimizer,0.0025007817894220352,7523.25
1224,1775530195.007573,forward,0.03581862524151802,7523.25
1224,1775530195.0886133,backward,0.08091503567993641,7523.25
1224,1775530195.091256,optimizer,0.0024932753294706345,7523.25
1225,1775530195.1970687,forward,0.03587508387863636,7523.25
1225,1775530195.2777264,backward,0.08052700757980347,7523.25
1225,1775530195.2803586,optimizer,0.002483092248439789,7523.25
1226,1775530195.3847501,forward,0.03589129447937012,7523.25
1226,1775530195.4657204,backward,0.08084218576550484,7523.25
1226,1775530195.4683628,optimizer,0.002490563318133354,7523.25
1227,1775530195.5753481,forward,0.03588597662746906,7523.25
1227,1775530195.6560059,backward,0.08052802830934525,7523.25
1227,1775530195.6586678,optimizer,0.0025076624006032944,7523.25
1228,1775530195.7657945,forward,0.03584531135857105,7523.25
1228,1775530195.8468728,backward,0.08095133490860462,7523.25
1228,1775530195.8495386,optimizer,0.002513393759727478,7523.25
1229,1775530195.9541233,forward,0.03585714288055897,7523.25
1229,1775530196.0348418,backward,0.08058300241827965,7523.25
1229,1775530196.0374758,optimizer,0.0024824626743793488,7523.25
1230,1775530196.1460283,forward,0.03584777191281319,7523.25
1230,1775530196.2270684,backward,0.08090938627719879,7523.25
1230,1775530196.2296958,optimizer,0.0024758614599704742,7523.25
1231,1775530196.3352816,forward,0.03596256487071514,7523.25
1231,1775530196.4159849,backward,0.08057370968163013,7523.25
1231,1775530196.4186254,optimizer,0.0024860315024852753,7523.25
1232,1775530196.5243943,forward,0.03581933490931988,7523.25
1232,1775530196.6054232,backward,0.0809020958840847,7523.25
1232,1775530196.608087,optimizer,0.00250796414911747,7523.25
1233,1775530196.708697,forward,0.03586234524846077,7523.25
1233,1775530196.7897701,backward,0.08094360679388046,7523.25
1233,1775530196.7924275,optimizer,0.0025075431913137436,7523.25
1234,1775530196.8940597,forward,0.03588791377842426,7523.25
1234,1775530196.9748068,backward,0.0806190837174654,7523.25
1234,1775530196.9774528,optimizer,0.0024942923337221146,7523.25
1235,1775530197.0777802,forward,0.03581938333809376,7523.25
1235,1775530197.158537,backward,0.08062662184238434,7523.25
1235,1775530197.1611817,optimizer,0.0024906322360038757,7523.25
1236,1775530197.2688155,forward,0.0358551237732172,7523.25
1236,1775530197.3498886,backward,0.08094538561999798,7523.25
1236,1775530197.3525305,optimizer,0.0024910327047109604,7523.25
1237,1775530197.454287,forward,0.03587084449827671,7523.25
1237,1775530197.5350676,backward,0.08065042831003666,7523.25
1237,1775530197.5376897,optimizer,0.0024757739156484604,7523.25
1238,1775530197.6391037,forward,0.035839300602674484,7523.25
1238,1775530197.7198918,backward,0.08065449073910713,7523.25
1238,1775530197.7225254,optimizer,0.00247972272336483,7523.25
1239,1775530197.823728,forward,0.03581710159778595,7523.25
1239,1775530197.9047947,backward,0.08094113878905773,7523.25
1239,1775530197.9074695,optimizer,0.002524394541978836,7523.25
1240,1775530198.015126,forward,0.03589720465242863,7523.25
1240,1775530198.0958984,backward,0.08064443990588188,7523.25
1240,1775530198.0985298,optimizer,0.002482151612639427,7523.25
1241,1775530198.1986163,forward,0.03586132265627384,7523.25
1241,1775530198.2794397,backward,0.08069632202386856,7523.25
1241,1775530198.2820685,optimizer,0.002480512484908104,7523.25
1242,1775530198.3874867,forward,0.03581532463431358,7523.25
1242,1775530198.4684875,backward,0.08087087422609329,7523.25
1242,1775530198.471135,optimizer,0.0024962928146123886,7523.25
1243,1775530198.578622,forward,0.03584645129740238,7523.25
1243,1775530198.6594224,backward,0.08067045174539089,7523.25
1243,1775530198.662082,optimizer,0.0025055166333913803,7523.25
1244,1775530198.7629654,forward,0.03582744300365448,7523.25
1244,1775530198.8440194,backward,0.08092300780117512,7523.25
1244,1775530198.8466754,optimizer,0.0025020428001880646,7523.25
1245,1775530198.9554415,forward,0.03586471453309059,7523.25
1245,1775530199.036091,backward,0.08052405901253223,7523.25
1245,1775530199.0387216,optimizer,0.0024758651852607727,7523.25
1246,1775530199.1416507,forward,0.0358177125453949,7523.25
1246,1775530199.2226145,backward,0.08082991652190685,7523.25
1246,1775530199.2252626,optimizer,0.0024967845529317856,7523.25
1247,1775530199.3294728,forward,0.03584791161119938,7523.25
1247,1775530199.4105341,backward,0.08092628419399261,7523.25
1247,1775530199.4131365,optimizer,0.0022023413330316544,7523.25
1248,1775530199.5141609,forward,0.035910943523049355,7523.25
1248,1775530199.5948725,backward,0.08058157935738564,7523.25
1248,1775530199.5974874,optimizer,0.0021979697048664093,7523.25
1249,1775530199.702815,forward,0.035872682929039,7523.25
1249,1775530199.7838142,backward,0.0808705035597086,7523.25
1249,1775530199.7864614,optimizer,0.0024956632405519485,7523.25
1250,1775530199.8918443,forward,0.03589993715286255,7523.25
1250,1775530199.9727075,backward,0.08068720251321793,7523.25
1250,1775530199.9753509,optimizer,0.002495713531970978,7523.25
1251,1775530200.0819492,forward,0.03583860583603382,7523.25
1251,1775530200.1629333,backward,0.08085415326058865,7523.25
1251,1775530200.1655874,optimizer,0.0024993307888507843,7523.25
1252,1775530200.2729962,forward,0.03592545539140701,7523.25
1252,1775530200.3537872,backward,0.08065810054540634,7523.25
1252,1775530200.3568459,optimizer,0.0028796494007110596,7523.25
1253,1775530200.4636421,forward,0.035884223878383636,7523.25
1253,1775530200.5447984,backward,0.0810270681977272,7523.25
1253,1775530200.5474505,optimizer,0.0025019440799951553,7523.25
1254,1775530200.6498628,forward,0.03587273135781288,7523.25
1254,1775530200.7307966,backward,0.08080140501260757,7523.25
1254,1775530200.7334461,optimizer,0.002500474452972412,7523.25
1255,1775530200.8393776,forward,0.03583917208015919,7523.25
1255,1775530200.920314,backward,0.08080609329044819,7523.25
1255,1775530200.9229581,optimizer,0.0024923235177993774,7523.25
1256,1775530201.0277824,forward,0.03581427223980427,7523.25
1256,1775530201.1088006,backward,0.08088862709701061,7523.25
1256,1775530201.1114595,optimizer,0.0025042928755283356,7523.25
1257,1775530201.2166016,forward,0.03587205149233341,7523.25
1257,1775530201.2973633,backward,0.08063258416950703,7523.25
1257,1775530201.3000033,optimizer,0.002492763102054596,7523.25
1258,1775530201.405547,forward,0.035880472511053085,7523.25
1258,1775530201.4866757,backward,0.08099875599145889,7523.25
1258,1775530201.489331,optimizer,0.002500174567103386,7523.25
1259,1775530201.5961437,forward,0.035824261605739594,7523.25
1259,1775530201.6769044,backward,0.08063212968409061,7523.25
1259,1775530201.6795678,optimizer,0.002514282241463661,7523.25
1260,1775530201.7818942,forward,0.035832472145557404,7523.25
1260,1775530201.862917,backward,0.08089245483279228,7523.25
1260,1775530201.8655593,optimizer,0.002492811530828476,7523.25
1261,1775530201.966909,forward,0.0358556117862463,7523.25
1261,1775530202.0480201,backward,0.08098200894892216,7523.25
1261,1775530202.0506656,optimizer,0.0024946853518486023,7523.25
1262,1775530202.1520681,forward,0.03589143417775631,7523.25
1262,1775530202.2328215,backward,0.08062178082764149,7523.25
1262,1775530202.2354538,optimizer,0.002482932060956955,7523.25
1263,1775530202.3353727,forward,0.03588303364813328,7523.25
1263,1775530202.4160113,backward,0.08050535060465336,7523.25
1263,1775530202.418669,optimizer,0.002505064010620117,7523.25
1264,1775530202.5193667,forward,0.03580346331000328,7523.25
1264,1775530202.6002867,backward,0.08079489320516586,7523.25
1264,1775530202.6029253,optimizer,0.0024902652949094772,7523.25
1265,1775530202.7081125,forward,0.03585552051663399,7523.25
1265,1775530202.7891946,backward,0.08095056936144829,7523.25
1265,1775530202.7918808,optimizer,0.0025324933230876923,7523.25
1266,1775530202.894771,forward,0.035852234810590744,7523.25
1266,1775530202.9754212,backward,0.08052394911646843,7523.25
1266,1775530202.9780521,optimizer,0.0024826936423778534,7523.25
1267,1775530203.0837414,forward,0.03585766442120075,7523.25
1267,1775530203.1648438,backward,0.08096976764500141,7523.25
1267,1775530203.1675124,optimizer,0.0025176554918289185,7523.25
1268,1775530203.2692816,forward,0.03582598268985748,7523.25
1268,1775530203.3502004,backward,0.0807900745421648,7523.25
1268,1775530203.3528404,optimizer,0.002491982653737068,7523.25
1269,1775530203.4550319,forward,0.035823771730065346,7523.25
1269,1775530203.535746,backward,0.08058562129735947,7523.25
1269,1775530203.5383804,optimizer,0.0024839434772729874,7523.25
1270,1775530203.6395047,forward,0.035818912088871,7523.25
1270,1775530203.7204814,backward,0.08085103519260883,7523.25
1270,1775530203.7231188,optimizer,0.002486763522028923,7523.25
1271,1775530203.825376,forward,0.0358185525983572,7523.25
1271,1775530203.9064384,backward,0.0809351671487093,7523.25
1271,1775530203.9090545,optimizer,0.002468481659889221,7523.25
1272,1775530204.0098796,forward,0.03586161136627197,7523.25
1272,1775530204.090836,backward,0.08069801330566406,7523.25
1272,1775530204.0934913,optimizer,0.0025011710822582245,7523.25
1273,1775530204.1947174,forward,0.03581742383539677,7523.25
1273,1775530204.2753954,backward,0.0805526003241539,7523.25
1273,1775530204.2780354,optimizer,0.002486184239387512,7523.25
1274,1775530204.380314,forward,0.03583735227584839,7523.25
1274,1775530204.4612656,backward,0.08082020469009876,7523.25
1274,1775530204.4639382,optimizer,0.0025206636637449265,7523.25
1275,1775530204.5656269,forward,0.035811712965369225,7523.25
1275,1775530204.6466863,backward,0.08093234896659851,7523.25
1275,1775530204.6493435,optimizer,0.0025076139718294144,7523.25
1276,1775530204.7554474,forward,0.03580377250909805,7523.25
1276,1775530204.8362446,backward,0.08066382259130478,7523.25
1276,1775530204.8388906,optimizer,0.002495093271136284,7523.25
1277,1775530204.9449267,forward,0.03588460199534893,7523.25
1277,1775530205.0260186,backward,0.080961087718606,7523.25
1277,1775530205.0286763,optimizer,0.0025046635419130325,7523.25
1278,1775530205.1352274,forward,0.03583226352930069,7523.25
1278,1775530205.215991,backward,0.0806359127163887,7523.25
1278,1775530205.2186313,optimizer,0.002488924190402031,7523.25
1279,1775530205.3263779,forward,0.03583143092691898,7523.25
1279,1775530205.4074273,backward,0.08092276565730572,7523.25
1279,1775530205.41008,optimizer,0.0023995190858840942,7523.25
1280,1775530205.5144372,forward,0.03584337420761585,7523.25
1280,1775530205.5950875,backward,0.08051993697881699,7523.25
1280,1775530205.5977073,optimizer,0.0024730227887630463,7523.25
1281,1775530205.7021065,forward,0.03584694303572178,7523.25
1281,1775530205.7832234,backward,0.08098967745900154,7523.25
1281,1775530205.7858634,optimizer,0.002488585188984871,7523.25
1282,1775530205.890598,forward,0.03590613231062889,7523.25
1282,1775530205.971365,backward,0.08063863031566143,7523.25
1282,1775530205.974008,optimizer,0.0024888552725315094,7523.25
1283,1775530206.078609,forward,0.03582613356411457,7523.25
1283,1775530206.1596036,backward,0.08086525648832321,7523.25
1283,1775530206.1622434,optimizer,0.002489132806658745,7523.25
1284,1775530206.264049,forward,0.03580325096845627,7523.25
1284,1775530206.34517,backward,0.08098790794610977,7523.25
1284,1775530206.3478167,optimizer,0.0024983305484056473,7523.25
1285,1775530206.4530993,forward,0.03588034398853779,7523.25
1285,1775530206.533755,backward,0.08052373304963112,7523.25
1285,1775530206.536425,optimizer,0.0025060120970010757,7523.25
1286,1775530206.6437635,forward,0.035857874900102615,7523.25
1286,1775530206.72483,backward,0.0809369757771492,7523.25
1286,1775530206.7274773,optimizer,0.002496013417840004,7523.25
1287,1775530206.8362153,forward,0.035852182656526566,7523.25
1287,1775530206.9169943,backward,0.08064827881753445,7523.25
1287,1775530206.9196477,optimizer,0.0025009717792272568,7523.25
1288,1775530207.025982,forward,0.03588716313242912,7523.25
1288,1775530207.107041,backward,0.08092818781733513,7523.25
1288,1775530207.109691,optimizer,0.0025048237293958664,7523.25
1289,1775530207.2123325,forward,0.03589659556746483,7523.25
1289,1775530207.293067,backward,0.08060694858431816,7523.25
1289,1775530207.29573,optimizer,0.002512805163860321,7523.25
1290,1775530207.3968532,forward,0.035869134590029716,7523.25
1290,1775530207.4776406,backward,0.08065822347998619,7523.25
1290,1775530207.4802644,optimizer,0.0024736039340496063,7523.25
1291,1775530207.5878105,forward,0.03584219142794609,7523.25
1291,1775530207.6687357,backward,0.08079708367586136,7523.25
1291,1775530207.6713526,optimizer,0.0022204983979463577,7523.25
1292,1775530207.7772942,forward,0.035854483023285866,7523.25
1292,1775530207.8581967,backward,0.08076760359108448,7523.25
1292,1775530207.8608162,optimizer,0.0022016000002622604,7523.25
1293,1775530207.9670444,forward,0.03586030378937721,7523.25
1293,1775530208.0480204,backward,0.08084510266780853,7523.25
1293,1775530208.0506852,optimizer,0.002512555569410324,7523.25
1294,1775530208.153124,forward,0.03587174229323864,7523.25
1294,1775530208.233828,backward,0.0805744007229805,7523.25
1294,1775530208.2364652,optimizer,0.002487335354089737,7523.25
1295,1775530208.344292,forward,0.03588722087442875,7523.25
1295,1775530208.4252932,backward,0.08087488450109959,7523.25
1295,1775530208.427931,optimizer,0.002489013597369194,7523.25
1296,1775530208.5319574,forward,0.03588303551077843,7523.25
1296,1775530208.612645,backward,0.08055377937853336,7523.25
1296,1775530208.615285,optimizer,0.002493062987923622,7523.25
1297,1775530208.7163944,forward,0.0358500350266695,7523.25
1297,1775530208.7972884,backward,0.08076395280659199,7523.25
1297,1775530208.7999387,optimizer,0.002498602494597435,7523.25
1298,1775530208.9000916,forward,0.03580906242132187,7523.25
1298,1775530208.980997,backward,0.08077886328101158,7523.25
1298,1775530208.9836442,optimizer,0.0024960748851299286,7523.25
1299,1775530209.0899553,forward,0.03626419045031071,7523.25
1299,1775530209.1707633,backward,0.08068006299436092,7523.25
1299,1775530209.1734183,optimizer,0.0025024227797985077,7523.25
1300,1775530209.2811382,forward,0.035837942734360695,7523.25
1300,1775530209.3621802,backward,0.08091426454484463,7523.25
1300,1775530209.364809,optimizer,0.002475414425134659,7523.25
1301,1775530209.4689262,forward,0.035902297124266624,7523.25
1301,1775530209.5497775,backward,0.08071745373308659,7523.25
1301,1775530209.5524008,optimizer,0.0024757999926805496,7523.25
1302,1775530209.6533802,forward,0.035876473411917686,7523.25
1302,1775530209.734152,backward,0.08064411208033562,7523.25
1302,1775530209.7367828,optimizer,0.002480551600456238,7523.25
1303,1775530209.8381324,forward,0.03586235269904137,7523.25
1303,1775530209.9191093,backward,0.08084797486662865,7523.25
1303,1775530209.921759,optimizer,0.0024976730346679688,7523.25
1304,1775530210.0241492,forward,0.03585503436625004,7523.25
1304,1775530210.105185,backward,0.08090907521545887,7523.25
1304,1775530210.1078231,optimizer,0.002491423860192299,7523.25
1305,1775530210.2130258,forward,0.03594343550503254,7523.25
1305,1775530210.2938063,backward,0.08065291121602058,7523.25
1305,1775530210.29644,optimizer,0.0024844426661729813,7523.25
1306,1775530210.4009106,forward,0.03585416078567505,7523.25
1306,1775530210.4819438,backward,0.08089320547878742,7523.25
1306,1775530210.4845796,optimizer,0.0024830233305692673,7523.25
1307,1775530210.5897167,forward,0.035850564017891884,7523.25
1307,1775530210.670463,backward,0.0806159321218729,7523.25
1307,1775530210.6731248,optimizer,0.002509884536266327,7523.25
1308,1775530210.7803633,forward,0.03586571477353573,7523.25
1308,1775530210.861453,backward,0.08096162974834442,7523.25
1308,1775530210.8641014,optimizer,0.0024908743798732758,7523.25
1309,1775530210.9703777,forward,0.03588751330971718,7523.25
1309,1775530211.051099,backward,0.08058676309883595,7523.25
1309,1775530211.053743,optimizer,0.0024936608970165253,7523.25
1310,1775530211.160603,forward,0.03587977588176727,7523.25
1310,1775530211.241773,backward,0.08104100823402405,7523.25
1310,1775530211.2444208,optimizer,0.0024988315999507904,7523.25
1311,1775530211.347761,forward,0.035876354202628136,7523.25
1311,1775530211.4286468,backward,0.08075714483857155,7523.25
1311,1775530211.431307,optimizer,0.002510054036974907,7523.25
1312,1775530211.5337937,forward,0.03584546409547329,7523.25
1312,1775530211.614537,backward,0.08061568066477776,7523.25
1312,1775530211.6171637,optimizer,0.0024793390184640884,7523.25
1313,1775530211.718753,forward,0.03583795204758644,7523.25
1313,1775530211.7997382,backward,0.08085409551858902,7523.25
1313,1775530211.8023705,optimizer,0.00248117558658123,7523.25
1314,1775530211.9085145,forward,0.035908496007323265,7523.25
1314,1775530211.9893703,backward,0.08072724379599094,7523.25
1314,1775530211.9920354,optimizer,0.0025124549865722656,7523.25
1315,1775530212.0945282,forward,0.03582819178700447,7523.25
1315,1775530212.1753356,backward,0.08067914098501205,7523.25
1315,1775530212.1779742,optimizer,0.002487931400537491,7523.25
1316,1775530212.2803466,forward,0.03585398197174072,7523.25
1316,1775530212.3614092,backward,0.08093391731381416,7523.25
1316,1775530212.3640492,optimizer,0.002482183277606964,7523.25
1317,1775530212.466735,forward,0.035831863060593605,7523.25
1317,1775530212.5475705,backward,0.08070506155490875,7523.25
1317,1775530212.5523527,optimizer,0.002491014078259468,7523.25
1318,1775530212.657033,forward,0.03589449264109135,7523.25
1318,1775530212.7380173,backward,0.0808524452149868,7523.25
1318,1775530212.7406769,optimizer,0.002509096637368202,7523.25
1319,1775530212.8471572,forward,0.03587372414767742,7523.25
1319,1775530212.927999,backward,0.08071430213749409,7523.25
1319,1775530212.9306242,optimizer,0.00247851200401783,7523.25
1320,1775530213.0320053,forward,0.035809922963380814,7523.25
1320,1775530213.1118848,backward,0.0797529648989439,7523.25
1320,1775530213.114507,optimizer,0.002473963424563408,7523.25
1321,1775530213.2188141,forward,0.03581936098635197,7523.25
1321,1775530213.2998862,backward,0.08094659633934498,7523.25
1321,1775530213.302524,optimizer,0.002488860860466957,7523.25
1322,1775530213.405522,forward,0.035868123173713684,7523.25
1322,1775530213.487134,backward,0.08080076426267624,7523.25
1322,1775530213.4897878,optimizer,0.002499183639883995,7523.25
1323,1775530213.5893664,forward,0.03592372313141823,7523.25
1323,1775530213.670221,backward,0.08072486519813538,7523.25
1323,1775530213.6728697,optimizer,0.0023912321776151657,7523.25
1324,1775530213.7793896,forward,0.035870933905243874,7523.25
1324,1775530213.8604975,backward,0.08097746782004833,7523.25
1324,1775530213.8631566,optimizer,0.0025054551661014557,7523.25
1325,1775530213.970249,forward,0.035912374034523964,7523.25
1325,1775530214.05095,backward,0.08057377114892006,7523.25
1325,1775530214.0536067,optimizer,0.002506393939256668,7523.25
1326,1775530214.161153,forward,0.0358792208135128,7523.25
1326,1775530214.2422988,backward,0.08101287670433521,7523.25
1326,1775530214.2449584,optimizer,0.0025081709027290344,7523.25
1327,1775530214.345287,forward,0.03587989695370197,7523.25
1327,1775530214.4262564,backward,0.08084043487906456,7523.25
1327,1775530214.4288993,optimizer,0.002491464838385582,7523.25
1328,1775530214.5307317,forward,0.0358567014336586,7523.25
1328,1775530214.6114602,backward,0.08059935085475445,7523.25
1328,1775530214.6141107,optimizer,0.002501741051673889,7523.25
1329,1775530214.72192,forward,0.035850681364536285,7523.25
1329,1775530214.802941,backward,0.0808951873332262,7523.25
1329,1775530214.8055842,optimizer,0.0024962034076452255,7523.25
1330,1775530214.9094534,forward,0.03590880334377289,7523.25
1330,1775530214.990245,backward,0.08065230026841164,7523.25
1330,1775530214.9928691,optimizer,0.0024759210646152496,7523.25
1331,1775530215.0953596,forward,0.035866573452949524,7523.25
1331,1775530215.1763794,backward,0.08088789507746696,7523.25
1331,1775530215.179039,optimizer,0.002505805343389511,7523.25
1332,1775530215.2860475,forward,0.03585772216320038,7523.25
1332,1775530215.3669932,backward,0.08081584423780441,7523.25
1332,1775530215.3696418,optimizer,0.0024879034608602524,7523.25
1333,1775530215.475473,forward,0.035869402810931206,7523.25
1333,1775530215.5565038,backward,0.08090187795460224,7523.25
1333,1775530215.5591564,optimizer,0.00250142440199852,7523.25
1334,1775530215.6608665,forward,0.0358728040009737,7523.25
1334,1775530215.742063,backward,0.08106574974954128,7523.25
1334,1775530215.7446997,optimizer,0.00248650461435318,7523.25
1335,1775530215.847683,forward,0.03587937168776989,7523.25
1335,1775530215.9284794,backward,0.08066678047180176,7523.25
1335,1775530215.9310796,optimizer,0.0022085215896368027,7523.25
1336,1775530216.0362115,forward,0.035856181755661964,7523.25
1336,1775530216.1171885,backward,0.0808497965335846,7523.25
1336,1775530216.1198132,optimizer,0.002209708094596863,7523.25
1337,1775530216.2258956,forward,0.03585869446396828,7523.25
1337,1775530216.3067777,backward,0.08075788244605064,7523.25
1337,1775530216.3095667,optimizer,0.0024920515716075897,7523.25
1338,1775530216.4118104,forward,0.0358435045927763,7523.25
1338,1775530216.4925883,backward,0.08065221272408962,7523.25
1338,1775530216.4952135,optimizer,0.002475891262292862,7523.25
1339,1775530216.599642,forward,0.03589433245360851,7523.25
1339,1775530216.6807766,backward,0.08100118860602379,7523.25
1339,1775530216.6834207,optimizer,0.0024911239743232727,7523.25
1340,1775530216.7890575,forward,0.03593927435576916,7523.25
1340,1775530216.8698957,backward,0.08070955239236355,7523.25
1340,1775530216.8725514,optimizer,0.0024966225028038025,7523.25
1341,1775530216.9734483,forward,0.03588331490755081,7523.25
1341,1775530217.0544522,backward,0.08087065629661083,7523.25
1341,1775530217.0570984,optimizer,0.0024943556636571884,7523.25
1342,1775530217.16234,forward,0.03591334447264671,7523.25
1342,1775530217.2434762,backward,0.08100997097790241,7523.25
1342,1775530217.2461116,optimizer,0.002484723925590515,7523.25
1343,1775530217.3473883,forward,0.035930974408984184,7523.25
1343,1775530217.4282076,backward,0.08068550378084183,7523.25
1343,1775530217.4308505,optimizer,0.002490794286131859,7523.25
1344,1775530217.5319796,forward,0.035828541964292526,7523.25
1344,1775530217.612747,backward,0.08063987269997597,7523.25
1344,1775530217.615405,optimizer,0.0025073159486055374,7523.25
1345,1775530217.721482,forward,0.03585484437644482,7523.25
1345,1775530217.8026166,backward,0.08098999597132206,7523.25
1345,1775530217.8052785,optimizer,0.0025122035294771194,7523.25
1346,1775530217.9056947,forward,0.03583517111837864,7523.25
1346,1775530217.9865549,backward,0.08073023334145546,7523.25
1346,1775530217.9891872,optimizer,0.0024812351912260056,7523.25
1347,1775530218.0962274,forward,0.03582379221916199,7523.25
1347,1775530218.177205,backward,0.08084791526198387,7523.25
1347,1775530218.179858,optimizer,0.0025022532790899277,7523.25
1348,1775530218.287244,forward,0.035895902663469315,7523.25
1348,1775530218.36804,backward,0.08066589199006557,7523.25
1348,1775530218.3706799,optimizer,0.002489173784852028,7523.25
1349,1775530218.4720304,forward,0.03586193360388279,7523.25
1349,1775530218.5529063,backward,0.0807417519390583,7523.25
1349,1775530218.5558121,optimizer,0.002664415165781975,7523.25
1350,1775530218.6572437,forward,0.035924192517995834,7523.25
1350,1775530218.7384477,backward,0.08107509836554527,7523.25
1350,1775530218.7410796,optimizer,0.0024803336709737778,7523.25
1351,1775530218.8433752,forward,0.03584487363696098,7523.25
1351,1775530218.9245098,backward,0.0810078177601099,7523.25
1351,1775530218.9271395,optimizer,0.0024824347347021103,7523.25
1352,1775530219.0348103,forward,0.035855503752827644,7523.25
1352,1775530219.1158595,backward,0.08091800846159458,7523.25
1352,1775530219.118498,optimizer,0.0024919360876083374,7523.25
1353,1775530219.225556,forward,0.035925643518567085,7523.25
1353,1775530219.3064806,backward,0.08079956658184528,7523.25
1353,1775530219.3091161,optimizer,0.0024864841252565384,7523.25
1354,1775530219.4166973,forward,0.035871053114533424,7523.25
1354,1775530219.4977582,backward,0.0809342060238123,7523.25
1354,1775530219.5003922,optimizer,0.0024832822382450104,7523.25
1355,1775530219.606567,forward,0.03591958433389664,7523.25
1355,1775530219.6873748,backward,0.0806765016168356,7523.25
1355,1775530219.6900036,optimizer,0.002479681745171547,7523.25
1356,1775530219.7921133,forward,0.03587073273956776,7523.25
1356,1775530219.8729625,backward,0.08071576431393623,7523.25
1356,1775530219.8756218,optimizer,0.0025044437497854233,7523.25
1357,1775530219.980027,forward,0.03585386462509632,7523.25
1357,1775530220.0612009,backward,0.08104549907147884,7523.25
1357,1775530220.063849,optimizer,0.0024984553456306458,7523.25
1358,1775530220.1726105,forward,0.035915274173021317,7523.25
1358,1775530220.2534933,backward,0.0807622130960226,7523.25
1358,1775530220.256153,optimizer,0.002498053014278412,7523.25
1359,1775530220.363647,forward,0.03590797260403633,7523.25
1359,1775530220.4446108,backward,0.08083166368305683,7523.25
1359,1775530220.4472508,optimizer,0.0024936646223068237,7523.25
1360,1775530220.5513005,forward,0.03581537306308746,7523.25
1360,1775530220.632105,backward,0.08067734353244305,7523.25
1360,1775530220.6347363,optimizer,0.0024803243577480316,7523.25
1361,1775530220.74078,forward,0.03588089160621166,7523.25
1361,1775530220.8218594,backward,0.08095058426260948,7523.25
1361,1775530220.824516,optimizer,0.0025049541145563126,7523.25
1362,1775530220.9320364,forward,0.035882674157619476,7523.25
1362,1775530221.0128944,backward,0.08073056116700172,7523.25
1362,1775530221.0155303,optimizer,0.0024831313639879227,7523.25
1363,1775530221.1193743,forward,0.035893332213163376,7523.25
1363,1775530221.200542,backward,0.08103858679533005,7523.25
1363,1775530221.2032027,optimizer,0.0025085806846618652,7523.25
1364,1775530221.3092482,forward,0.03590569272637367,7523.25
1364,1775530221.3899534,backward,0.0805759597569704,7523.25
1364,1775530221.392573,optimizer,0.0024703815579414368,7523.25
1365,1775530221.4959579,forward,0.03587714396417141,7523.25
1365,1775530221.5770378,backward,0.08094760589301586,7523.25
1365,1775530221.5796947,optimizer,0.002503933385014534,7523.25
1366,1775530221.6833682,forward,0.035880763083696365,7523.25
1366,1775530221.764378,backward,0.0808823760598898,7523.25
1366,1775530221.7670295,optimizer,0.0025014840066432953,7523.25
1367,1775530221.8732278,forward,0.035853203386068344,7523.25
1367,1775530221.954223,backward,0.08086225390434265,7523.25
1367,1775530221.9568577,optimizer,0.0024828817695379257,7523.25
1368,1775530222.0634735,forward,0.0358386542648077,7523.25
1368,1775530222.1443553,backward,0.08075490407645702,7523.25
1368,1775530222.1469865,optimizer,0.002484021708369255,7523.25
1369,1775530222.2531943,forward,0.03588244318962097,7523.25
1369,1775530222.3342416,backward,0.08091896399855614,7523.25
1369,1775530222.3368983,optimizer,0.0025048330426216125,7523.25
1370,1775530222.4430592,forward,0.03585420548915863,7523.25
1370,1775530222.523935,backward,0.08074946328997612,7523.25
1370,1775530222.526572,optimizer,0.002488764002919197,7523.25
1371,1775530222.627572,forward,0.035916224122047424,7523.25
1371,1775530222.7083604,backward,0.08065746165812016,7523.25
1371,1775530222.7110016,optimizer,0.002489302307367325,7523.25
1372,1775530222.8160226,forward,0.035851357504725456,7523.25
1372,1775530222.89703,backward,0.08087865635752678,7523.25
1372,1775530222.8996756,optimizer,0.002490224316716194,7523.25
1373,1775530223.0012856,forward,0.03584685176610947,7523.25
1373,1775530223.0824473,backward,0.08103352971374989,7523.25
1373,1775530223.085097,optimizer,0.002493022009730339,7523.25
1374,1775530223.1909533,forward,0.03591373190283775,7523.25
1374,1775530223.271806,backward,0.0807227324694395,7523.25
1374,1775530223.2744348,optimizer,0.0024749822914600372,7523.25
1375,1775530223.3817003,forward,0.03584178164601326,7523.25
1375,1775530223.4628708,backward,0.08103924803435802,7523.25
1375,1775530223.465506,optimizer,0.002486063167452812,7523.25
1376,1775530223.5716214,forward,0.035843271762132645,7523.25
1376,1775530223.6524897,backward,0.08074083365499973,7523.25
1376,1775530223.6551487,optimizer,0.00250297412276268,7523.25
1377,1775530223.7622378,forward,0.03584748134016991,7523.25
1377,1775530223.8432236,backward,0.08085420541465282,7523.25
1377,1775530223.8458717,optimizer,0.0024968311190605164,7523.25
1378,1775530223.9501603,forward,0.035858724266290665,7523.25
1378,1775530224.0310044,backward,0.0807182639837265,7523.25
1378,1775530224.0336297,optimizer,0.0024773720651865005,7523.25
1379,1775530224.1388798,forward,0.03586292080581188,7523.25
1379,1775530224.2199366,backward,0.08092539571225643,7523.25
1379,1775530224.2225552,optimizer,0.002227010205388069,7523.25
1380,1775530224.3272748,forward,0.035905903205275536,7523.25
1380,1775530224.4080026,backward,0.08060129173099995,7523.25
1380,1775530224.410615,optimizer,0.0022012069821357727,7523.25
1381,1775530224.5143042,forward,0.03585120290517807,7523.25
1381,1775530224.5953438,backward,0.08090733736753464,7523.25
1381,1775530224.5980039,optimizer,0.002508031204342842,7523.25
1382,1775530224.7016807,forward,0.03586062416434288,7523.25
1382,1775530224.7828004,backward,0.0809901375323534,7523.25
1382,1775530224.7854362,optimizer,0.002486974000930786,7523.25
1383,1775530224.8864186,forward,0.03587920218706131,7523.25
1383,1775530224.9672074,backward,0.08065341226756573,7523.25
1383,1775530224.9698532,optimizer,0.002492891624569893,7523.25
1384,1775530225.0754204,forward,0.03585858270525932,7523.25
1384,1775530225.1564755,backward,0.08092581853270531,7523.25
1384,1775530225.159133,optimizer,0.0025069043040275574,7523.25
1385,1775530225.2652524,forward,0.03596142493188381,7523.25
1385,1775530225.3460782,backward,0.08069772459566593,7523.25
1385,1775530225.348712,optimizer,0.0024867933243513107,7523.25
1386,1775530225.4508703,forward,0.035825103521347046,7523.25
1386,1775530225.531722,backward,0.08072537183761597,7523.25
1386,1775530225.5343652,optimizer,0.0024951715022325516,7523.25
1387,1775530225.6380084,forward,0.03583354316651821,7523.25
1387,1775530225.719119,backward,0.08098389767110348,7523.25
1387,1775530225.721755,optimizer,0.002486562356352806,7523.25
1388,1775530225.8285148,forward,0.035875434055924416,7523.25
1388,1775530225.909271,backward,0.08062809333205223,7523.25
1388,1775530225.9119117,optimizer,0.002487892284989357,7523.25
1389,1775530226.0138423,forward,0.0358772836625576,7523.25
1389,1775530226.0949028,backward,0.080931656062603,7523.25
1389,1775530226.0975819,optimizer,0.0025282837450504303,7523.25
1390,1775530226.2065449,forward,0.035910554230213165,7523.25
1390,1775530226.287253,backward,0.08058101125061512,7523.25
1390,1775530226.2898839,optimizer,0.002479083836078644,7523.25
1391,1775530226.3975673,forward,0.03586016222834587,7523.25
1391,1775530226.4786997,backward,0.08100197650492191,7523.25
1391,1775530226.4813313,optimizer,0.002480745315551758,7523.25
1392,1775530226.5875087,forward,0.03583350218832493,7523.25
1392,1775530226.668212,backward,0.08057313971221447,7523.25
1392,1775530226.6708312,optimizer,0.002468252554535866,7523.25
1393,1775530226.7778695,forward,0.03586661443114281,7523.25
1393,1775530226.8590708,backward,0.08107149787247181,7523.25
1393,1775530226.8617227,optimizer,0.002498691901564598,7523.25
1394,1775530226.9713042,forward,0.0358332023024559,7523.25
1394,1775530227.0521684,backward,0.08074201084673405,7523.25
1394,1775530227.0548031,optimizer,0.002488594502210617,7523.25
1395,1775530227.160515,forward,0.035836752504110336,7523.25
1395,1775530227.2415853,backward,0.08093770779669285,7523.25
1395,1775530227.2442505,optimizer,0.0025184154510498047,7523.25
1396,1775530227.345347,forward,0.03588593378663063,7523.25
1396,1775530227.426267,backward,0.08079030551016331,7523.25
1396,1775530227.4289052,optimizer,0.0024911239743232727,7523.25
1397,1775530227.5347583,forward,0.03584779240190983,7523.25
1397,1775530227.615812,backward,0.08092508837580681,7523.25
1397,1775530227.6184514,optimizer,0.002485441043972969,7523.25
1398,1775530227.7260063,forward,0.0359624270349741,7523.25
1398,1775530227.8068085,backward,0.08065005019307137,7523.25
1398,1775530227.8094728,optimizer,0.0025125034153461456,7523.25
1399,1775530227.9151242,forward,0.035837333649396896,7523.25
1399,1775530227.9962056,backward,0.08094824478030205,7523.25
1399,1775530227.9988577,optimizer,0.0025020353496074677,7523.25
1400,1775530228.1072671,forward,0.03587769530713558,7523.25
1400,1775530228.187964,backward,0.08056871220469475,7523.25
1400,1775530228.1906037,optimizer,0.002488095313310623,7523.25
1401,1775530228.2973237,forward,0.03586535528302193,7523.25
1401,1775530228.3784382,backward,0.080985888838768,7523.25
1401,1775530228.381084,optimizer,0.002491142600774765,7523.25
1402,1775530228.4865015,forward,0.03582802228629589,7523.25
1402,1775530228.567263,backward,0.08063368126749992,7523.25
1402,1775530228.5698857,optimizer,0.0024717729538679123,7523.25
1403,1775530228.6734278,forward,0.035862281918525696,7523.25
1403,1775530228.7545116,backward,0.08094786666333675,7523.25
1403,1775530228.757162,optimizer,0.0025000348687171936,7523.25
1404,1775530228.8624601,forward,0.035841841250658035,7523.25
1404,1775530228.9433289,backward,0.08074091374874115,7523.25
1404,1775530228.9459577,optimizer,0.002477753907442093,7523.25
1405,1775530229.0511754,forward,0.03585021197795868,7523.25
1405,1775530229.1321893,backward,0.08088270574808121,7523.25
1405,1775530229.1348302,optimizer,0.0024937037378549576,7523.25
1406,1775530229.2397628,forward,0.035861704498529434,7523.25
1406,1775530229.3208077,backward,0.08091861568391323,7523.25
1406,1775530229.323457,optimizer,0.0024974942207336426,7523.25
1407,1775530229.4293063,forward,0.035892244428396225,7523.25
1407,1775530229.510161,backward,0.08072334341704845,7523.25
1407,1775530229.5128136,optimizer,0.0025014635175466537,7523.25
1408,1775530229.6171143,forward,0.035820113494992256,7523.25
1408,1775530229.6982358,backward,0.08098987862467766,7523.25
1408,1775530229.7008886,optimizer,0.0024999920278787613,7523.25
1409,1775530229.8079245,forward,0.035855963826179504,7523.25
1409,1775530229.88875,backward,0.08069378323853016,7523.25
1409,1775530229.8913965,optimizer,0.0024925246834754944,7523.25
1410,1775530229.992931,forward,0.035847363993525505,7523.25
1410,1775530230.0740175,backward,0.08095856942236423,7523.25
1410,1775530230.0766668,optimizer,0.002497313544154167,7523.25
1411,1775530230.1815019,forward,0.03586961142718792,7523.25
1411,1775530230.2624278,backward,0.08078711293637753,7523.25
1411,1775530230.2652354,optimizer,0.0024084188044071198,7523.25
1412,1775530230.3709507,forward,0.03584529459476471,7523.25
1412,1775530230.4519284,backward,0.08084912598133087,7523.25
1412,1775530230.4545684,optimizer,0.0024893414229154587,7523.25
1413,1775530230.556313,forward,0.03584250248968601,7523.25
1413,1775530230.6374736,backward,0.08103171922266483,7523.25
1413,1775530230.640133,optimizer,0.002498133108019829,7523.25
1414,1775530230.7440348,forward,0.035904113203287125,7523.25
1414,1775530230.8248222,backward,0.08066212199628353,7523.25
1414,1775530230.8274622,optimizer,0.0024918708950281143,7523.25
1415,1775530230.9324384,forward,0.0358806848526001,7523.25
1415,1775530231.0134768,backward,0.08090917579829693,7523.25
1415,1775530231.0161347,optimizer,0.0025014132261276245,7523.25
1416,1775530231.1173906,forward,0.035841481760144234,7523.25
1416,1775530231.1984234,backward,0.08090030588209629,7523.25
1416,1775530231.2010708,optimizer,0.0024925842881202698,7523.25
1417,1775530231.3023343,forward,0.03589039482176304,7523.25
1417,1775530231.3831253,backward,0.08066224120557308,7523.25
1417,1775530231.3857703,optimizer,0.0024948827922344208,7523.25
1418,1775530231.4934378,forward,0.035865992307662964,7523.25
1418,1775530231.5745447,backward,0.08096509426832199,7523.25
1418,1775530231.5771947,optimizer,0.002501063048839569,7523.25
1419,1775530231.6796405,forward,0.035859791561961174,7523.25
1419,1775530231.7607658,backward,0.08099559508264065,7523.25
1419,1775530231.7634041,optimizer,0.0024936720728874207,7523.25
1420,1775530231.869271,forward,0.03588032349944115,7523.25
1420,1775530231.9501865,backward,0.0807852353900671,7523.25
1420,1775530231.9528189,optimizer,0.002484312281012535,7523.25
1421,1775530232.0586255,forward,0.03585702367126942,7523.25
1421,1775530232.139661,backward,0.08090720698237419,7523.25
1421,1775530232.142292,optimizer,0.0024849548935890198,7523.25
1422,1775530232.2462332,forward,0.03585951216518879,7523.25
1422,1775530232.3270106,backward,0.08065162040293217,7523.25
1422,1775530232.329646,optimizer,0.002485521137714386,7523.25
1423,1775530232.4344854,forward,0.03584740497171879,7523.25
1423,1775530232.5155346,backward,0.08092298544943333,7523.25
1423,1775530232.518125,optimizer,0.0022063180804252625,7523.25
1424,1775530232.6190517,forward,0.03586156293749809,7523.25
1424,1775530232.700126,backward,0.08094171807169914,7523.25
1424,1775530232.7027586,optimizer,0.0022138599306344986,7523.25
1425,1775530232.8075292,forward,0.03584704548120499,7523.25
1425,1775530232.8883932,backward,0.08073491230607033,7523.25
1425,1775530232.8910413,optimizer,0.0024942029267549515,7523.25
1426,1775530232.9939845,forward,0.035840412601828575,7523.25
1426,1775530233.075101,backward,0.08098804764449596,7523.25
1426,1775530233.077751,optimizer,0.0024954136461019516,7523.25
1427,1775530233.1828606,forward,0.035900844261050224,7523.25
1427,1775530233.263622,backward,0.08063309267163277,7523.25
1427,1775530233.2662575,optimizer,0.0024824216961860657,7523.25
1428,1775530233.3688052,forward,0.035851193591952324,7523.25
1428,1775530233.4496644,backward,0.08072694391012192,7523.25
1428,1775530233.4523,optimizer,0.0024846121668815613,7523.25
1429,1775530233.5564623,forward,0.0358334518969059,7523.25
1429,1775530233.6375024,backward,0.08091417513787746,7523.25
1429,1775530233.6401374,optimizer,0.002481181174516678,7523.25
1430,1775530233.7418928,forward,0.035864220932126045,7523.25
1430,1775530233.8226008,backward,0.08057853952050209,7523.25
1430,1775530233.8252363,optimizer,0.0024845916777849197,7523.25
1431,1775530233.9308739,forward,0.035862524062395096,7523.25
1431,1775530234.011924,backward,0.0809197761118412,7523.25
1431,1775530234.0145786,optimizer,0.0025057829916477203,7523.25
1432,1775530234.1166463,forward,0.03586069494485855,7523.25
1432,1775530234.197688,backward,0.08090669475495815,7523.25
1432,1775530234.2003272,optimizer,0.002487514168024063,7523.25
1433,1775530234.3008475,forward,0.0359030831605196,7523.25
1433,1775530234.3818126,backward,0.08079286478459835,7523.25
1433,1775530234.3844543,optimizer,0.0024893637746572495,7523.25
1434,1775530234.4896975,forward,0.035870110616087914,7523.25
1434,1775530234.5707095,backward,0.0808840673416853,7523.25
1434,1775530234.573355,optimizer,0.00249292328953743,7523.25
1435,1775530234.6752558,forward,0.035809071734547615,7523.25
1435,1775530234.7563875,backward,0.08100463822484016,7523.25
1435,1775530234.7590349,optimizer,0.002493012696504593,7523.25
1436,1775530234.8661582,forward,0.03583643399178982,7523.25
1436,1775530234.9469504,backward,0.08066605217754841,7523.25
1436,1775530234.9495728,optimizer,0.0024725627154111862,7523.25
1437,1775530235.0506685,forward,0.03584520146250725,7523.25
1437,1775530235.1317246,backward,0.08092586882412434,7523.25
1437,1775530235.1343787,optimizer,0.002499094232916832,7523.25
1438,1775530235.2415035,forward,0.03592444397509098,7523.25
1438,1775530235.3223035,backward,0.08066490106284618,7523.25
1438,1775530235.324949,optimizer,0.002494964748620987,7523.25
1439,1775530235.4312937,forward,0.035872071981430054,7523.25
1439,1775530235.5123298,backward,0.08090890571475029,7523.25
1439,1775530235.514981,optimizer,0.002501055598258972,7523.25
1440,1775530235.6219075,forward,0.03593197464942932,7523.25
1440,1775530235.7026525,backward,0.08061549067497253,7523.25
1440,1775530235.7052736,optimizer,0.002471061423420906,7523.25
1441,1775530235.8132048,forward,0.03589875437319279,7523.25
1441,1775530235.8943486,backward,0.08101050741970539,7523.25
1441,1775530235.8969734,optimizer,0.002479610964655876,7523.25
1442,1775530236.0030248,forward,0.035912035033106804,7523.25
1442,1775530236.0837924,backward,0.08063451945781708,7523.25
1442,1775530236.0864286,optimizer,0.002487543970346451,7523.25
1443,1775530236.1894295,forward,0.035859404131770134,7523.25
1443,1775530236.2704356,backward,0.0808735154569149,7523.25
1443,1775530236.273088,optimizer,0.002506757155060768,7523.25
1444,1775530236.3794754,forward,0.03584061376750469,7523.25
1444,1775530236.4603214,backward,0.08071450889110565,7523.25
1444,1775530236.4629447,optimizer,0.002477295696735382,7523.25
1445,1775530236.5712438,forward,0.035854021087288857,7523.25
1445,1775530236.6522696,backward,0.0808971356600523,7523.25
1445,1775530236.654924,optimizer,0.0025050826370716095,7523.25
1446,1775530236.7616754,forward,0.03594449162483215,7523.25
1446,1775530236.8427444,backward,0.08086104318499565,7523.25
1446,1775530236.8454738,optimizer,0.002577833831310272,7523.25
1447,1775530236.9529545,forward,0.03594527393579483,7523.25
1447,1775530237.0340507,backward,0.08097079582512379,7523.25
1447,1775530237.036706,optimizer,0.002506481483578682,7523.25
1448,1775530237.1427054,forward,0.035881513729691505,7523.25
1448,1775530237.223402,backward,0.08056705072522163,7523.25
1448,1775530237.2260525,optimizer,0.0024979226291179657,7523.25
1449,1775530237.3334072,forward,0.03587080352008343,7523.25
1449,1775530237.4144948,backward,0.08095287531614304,7523.25
1449,1775530237.417155,optimizer,0.002506764605641365,7523.25
1450,1775530237.5210218,forward,0.0359522458165884,7523.25
1450,1775530237.6018176,backward,0.08066426776349545,7523.25
1450,1775530237.604462,optimizer,0.0024886373430490494,7523.25
1451,1775530237.7052288,forward,0.03585360199213028,7523.25
1451,1775530237.7860107,backward,0.0806558933109045,7523.25
1451,1775530237.7886574,optimizer,0.0024965759366750717,7523.25
1452,1775530237.891643,forward,0.03584106266498566,7523.25
1452,1775530237.9727561,backward,0.08098037727177143,7523.25
1452,1775530237.975414,optimizer,0.002506975084543228,7523.25
1453,1775530238.0802693,forward,0.035868363454937935,7523.25
1453,1775530238.1610413,backward,0.08064145036041737,7523.25
1453,1775530238.1636815,optimizer,0.0024929437786340714,7523.25
1454,1775530238.2703326,forward,0.035837918519973755,7523.25
1454,1775530238.3513913,backward,0.08092820830643177,7523.25
1454,1775530238.3540518,optimizer,0.002507636323571205,7523.25
1455,1775530238.4547434,forward,0.03585272282361984,7523.25
1455,1775530238.535871,backward,0.08100289478898048,7523.25
1455,1775530238.5385218,optimizer,0.0024060923606157303,7523.25
1456,1775530238.6426446,forward,0.03584477864205837,7523.25
1456,1775530238.7233026,backward,0.08052398078143597,7523.25
1456,1775530238.7259288,optimizer,0.002473471686244011,7523.25
1457,1775530238.8320196,forward,0.035865893587470055,7523.25
1457,1775530238.9131253,backward,0.08097397722303867,7523.25
1457,1775530238.915792,optimizer,0.0025128573179244995,7523.25
1458,1775530239.022604,forward,0.035919804126024246,7523.25
1458,1775530239.1033351,backward,0.08060188964009285,7523.25
1458,1775530239.1059716,optimizer,0.0024856608361005783,7523.25
1459,1775530239.2120512,forward,0.03586557321250439,7523.25
1459,1775530239.2931914,backward,0.08101101592183113,7523.25
1459,1775530239.2958505,optimizer,0.0025110747665166855,7523.25
1460,1775530239.4016392,forward,0.035898854956030846,7523.25
1460,1775530239.4823859,backward,0.08061393164098263,7523.25
1460,1775530239.4850123,optimizer,0.00247294083237648,7523.25
1461,1775530239.5863924,forward,0.035873960703611374,7523.25
1461,1775530239.6673195,backward,0.08079681359231472,7523.25
1461,1775530239.6699548,optimizer,0.002483561635017395,7523.25
1462,1775530239.7702303,forward,0.03583221882581711,7523.25
1462,1775530239.851263,backward,0.08090717531740665,7523.25
1462,1775530239.8538976,optimizer,0.0024881549179553986,7523.25
1463,1775530239.956571,forward,0.035922084003686905,7523.25
1463,1775530240.0376637,backward,0.08096255734562874,7523.25
1463,1775530240.040326,optimizer,0.002507442608475685,7523.25
1464,1775530240.1413507,forward,0.035916734486818314,7523.25
1464,1775530240.2221103,backward,0.08063147962093353,7523.25
1464,1775530240.2247493,optimizer,0.0024892818182706833,7523.25
1465,1775530240.3275554,forward,0.03588155098259449,7523.25
1465,1775530240.408542,backward,0.08085337094962597,7523.25
1465,1775530240.4111857,optimizer,0.002490932121872902,7523.25
1466,1775530240.5180635,forward,0.035861482843756676,7523.25
1466,1775530240.599013,backward,0.08082116208970547,7523.25
1466,1775530240.6016383,optimizer,0.002471763640642166,7523.25
1467,1775530240.7024632,forward,0.03587171249091625,7523.25
1467,1775530240.7831597,backward,0.08056881837546825,7523.25
1467,1775530240.7857678,optimizer,0.00220312736928463,7523.25
1468,1775530240.8925416,forward,0.035878583788871765,7523.25
1468,1775530240.9736564,backward,0.08098318614065647,7523.25
1468,1775530240.9762826,optimizer,0.002216959372162819,7523.25
1469,1775530241.0807316,forward,0.03594558499753475,7523.25
1469,1775530241.1614757,backward,0.08061204850673676,7523.25
1469,1775530241.1641188,optimizer,0.0024873334914445877,7523.25
1470,1775530241.2711363,forward,0.03588380292057991,7523.25
1470,1775530241.352227,backward,0.08096415549516678,7523.25
1470,1775530241.3548648,optimizer,0.002488495782017708,7523.25
1471,1775530241.4608643,forward,0.035974834114313126,7523.25
1471,1775530241.5416677,backward,0.08067208714783192,7523.25
1471,1775530241.544302,optimizer,0.002483723685145378,7523.25
1472,1775530241.6483219,forward,0.03584234043955803,7523.25
1472,1775530241.7293384,backward,0.0808908250182867,7523.25
1472,1775530241.731973,optimizer,0.002483343705534935,7523.25
1473,1775530241.836103,forward,0.035842010751366615,7523.25
1473,1775530241.9171543,backward,0.0809188038110733,7523.25
1473,1775530241.9198194,optimizer,0.0025163330137729645,7523.25
1474,1775530242.0254123,forward,0.035871850326657295,7523.25
1474,1775530242.1062646,backward,0.08071557991206646,7523.25
1474,1775530242.1089046,optimizer,0.0024868622422218323,7523.25
1475,1775530242.2149377,forward,0.035834720358252525,7523.25
1475,1775530242.2960098,backward,0.08093966357409954,7523.25
1475,1775530242.2986445,optimizer,0.0024837814271450043,7523.25
1476,1775530242.4044816,forward,0.035868141800165176,7523.25
1476,1775530242.485319,backward,0.08070717193186283,7523.25
1476,1775530242.4879627,optimizer,0.002492915838956833,7523.25
1477,1775530242.5941184,forward,0.035856399685144424,7523.25
1477,1775530242.6751928,backward,0.0809406042098999,7523.25
1477,1775530242.677829,optimizer,0.0024867914617061615,7523.25
1478,1775530242.785995,forward,0.035861311480402946,7523.25
1478,1775530242.8668473,backward,0.08072459325194359,7523.25
1478,1775530242.869472,optimizer,0.0024761129170656204,7523.25
1479,1775530242.976076,forward,0.03586294315755367,7523.25
1479,1775530243.0571737,backward,0.0809691734611988,7523.25
1479,1775530243.0598319,optimizer,0.0025066565722227097,7523.25
1480,1775530243.164475,forward,0.03587618097662926,7523.25
1480,1775530243.2453015,backward,0.0806996114552021,7523.25
1480,1775530243.2479424,optimizer,0.002489103004336357,7523.25
1481,1775530243.3546638,forward,0.03585319221019745,7523.25
1481,1775530243.4358153,backward,0.08102297596633434,7523.25
1481,1775530243.4384594,optimizer,0.0024942923337221146,7523.25
1482,1775530243.5439885,forward,0.035850971937179565,7523.25
1482,1775530243.6247828,backward,0.08066532015800476,7523.25
1482,1775530243.6274273,optimizer,0.0024934951215982437,7523.25
1483,1775530243.7315032,forward,0.03583001159131527,7523.25
1483,1775530243.8126707,backward,0.08103777840733528,7523.25
1483,1775530243.8153307,optimizer,0.0025052446871995926,7523.25
1484,1775530243.9177656,forward,0.03589208237826824,7523.25
1484,1775530243.9986296,backward,0.08073696121573448,7523.25
1484,1775530244.0012681,optimizer,0.0024876557290554047,7523.25
1485,1775530244.1065986,forward,0.035820482298731804,7523.25
1485,1775530244.1875591,backward,0.080824950709939,7523.25
1485,1775530244.190201,optimizer,0.0024897828698158264,7523.25
1486,1775530244.2992296,forward,0.035873981192708015,7523.25
1486,1775530244.3799345,backward,0.08057762123644352,7523.25
1486,1775530244.3825643,optimizer,0.002479981631040573,7523.25
1487,1775530244.489072,forward,0.03591260313987732,7523.25
1487,1775530244.570189,backward,0.08098898455500603,7523.25
1487,1775530244.5728366,optimizer,0.002498375251889229,7523.25
1488,1775530244.6770809,forward,0.03586591221392155,7523.25
1488,1775530244.7579443,backward,0.08073794096708298,7523.25
1488,1775530244.760592,optimizer,0.0024747028946876526,7523.25
1489,1775530244.8619688,forward,0.03584360145032406,7523.25
1489,1775530244.942685,backward,0.08058719150722027,7523.25
1489,1775530244.9453545,optimizer,0.002502644434571266,7523.25
1490,1775530245.055264,forward,0.03585532121360302,7523.25
1490,1775530245.1363451,backward,0.08095253631472588,7523.25
1490,1775530245.1390128,optimizer,0.0025144536048173904,7523.25
1491,1775530245.2398121,forward,0.03588072396814823,7523.25
1491,1775530245.320541,backward,0.08059746026992798,7523.25
1491,1775530245.3231938,optimizer,0.0024990346282720566,7523.25
1492,1775530245.4260476,forward,0.03583928011357784,7523.25
1492,1775530245.5070255,backward,0.08084806427359581,7523.25
1492,1775530245.5096557,optimizer,0.0024785231798887253,7523.25
1493,1775530245.6185675,forward,0.03593554347753525,7523.25
1493,1775530245.6993709,backward,0.0806696992367506,7523.25
1493,1775530245.7019992,optimizer,0.002479022368788719,7523.25
1494,1775530245.8076344,forward,0.03586573153734207,7523.25
1494,1775530245.888694,backward,0.08093133568763733,7523.25
1494,1775530245.8917713,optimizer,0.002895420417189598,7523.25
1495,1775530245.998166,forward,0.03593675419688225,7523.25
1495,1775530246.0789745,backward,0.08068076148629189,7523.25
1495,1775530246.0816224,optimizer,0.002497062087059021,7523.25
1496,1775530246.1877258,forward,0.03584996052086353,7523.25
1496,1775530246.2687404,backward,0.08088874444365501,7523.25
1496,1775530246.27139,optimizer,0.002501513808965683,7523.25
1497,1775530246.3723457,forward,0.03583888150751591,7523.25
1497,1775530246.4534497,backward,0.08097422681748867,7523.25
1497,1775530246.456087,optimizer,0.0024859514087438583,7523.25
1498,1775530246.631449,forward,0.035872722044587135,7523.25
1498,1775530246.7127752,backward,0.08119332976639271,7523.25
1498,1775530246.715485,optimizer,0.002555515617132187,7523.25
1499,1775530246.82279,forward,0.035901885479688644,7523.25
1499,1775530246.9038372,backward,0.08092111721634865,7523.25
1499,1775530246.9065328,optimizer,0.002439713105559349,7523.25
1500,1775530247.0062377,forward,0.035883983597159386,7523.25
1500,1775530247.0874557,backward,0.08108917810022831,7523.25
1500,1775530247.0901754,optimizer,0.0025644637644290924,7523.25
1501,1775530247.194938,forward,0.03586908429861069,7523.25
1501,1775530247.276303,backward,0.08123782090842724,7523.25
1501,1775530247.2790227,optimizer,0.002565871924161911,7523.25
1502,1775530247.3801258,forward,0.03590625338256359,7523.25
1502,1775530247.460958,backward,0.08070007152855396,7523.25
1502,1775530247.463653,optimizer,0.0025461427867412567,7523.25
1503,1775530247.563923,forward,0.03583826497197151,7523.25
1503,1775530247.645006,backward,0.0809527039527893,7523.25
1503,1775530247.64773,optimizer,0.002569204196333885,7523.25
1504,1775530247.7539015,forward,0.035881850868463516,7523.25
1504,1775530247.8352184,backward,0.08118684776127338,7523.25
1504,1775530247.837956,optimizer,0.002583766356110573,7523.25
1505,1775530247.9390624,forward,0.03587005101144314,7523.25
1505,1775530248.0200121,backward,0.08081812411546707,7523.25
1505,1775530248.0226843,optimizer,0.0025346335023641586,7523.25
1506,1775530248.128209,forward,0.03587011247873306,7523.25
1506,1775530248.2095094,backward,0.08116632886230946,7523.25
1506,1775530248.2122414,optimizer,0.0025704167783260345,7523.25
1507,1775530248.3152058,forward,0.03586983308196068,7523.25
1507,1775530248.3963666,backward,0.08103110827505589,7523.25
1507,1775530248.3990848,optimizer,0.002572944387793541,7523.25
1508,1775530248.503489,forward,0.035851990804076195,7523.25
1508,1775530248.584597,backward,0.08097717724740505,7523.25
1508,1775530248.58724,optimizer,0.00253327377140522,7523.25
1509,1775530248.6912866,forward,0.035849783569574356,7523.25
1509,1775530248.772743,backward,0.08132669143378735,7523.25
1509,1775530248.775487,optimizer,0.0025897864252328873,7523.25
1510,1775530248.8811436,forward,0.03584609180688858,7523.25
1510,1775530248.9621935,backward,0.08092277497053146,7523.25
1510,1775530248.964928,optimizer,0.0025824159383773804,7523.25
1511,1775530249.0684044,forward,0.035823265090584755,7523.25
1511,1775530249.150128,backward,0.08158963732421398,7523.25
1511,1775530249.1528015,optimizer,0.0023070499300956726,7523.25
1512,1775530249.2589111,forward,0.03591165132820606,7523.25
1512,1775530249.3401566,backward,0.08111482672393322,7523.25
1512,1775530249.3428683,optimizer,0.0022706910967826843,7523.25
1513,1775530249.4446616,forward,0.03585905395448208,7523.25
1513,1775530249.5258763,backward,0.08110620081424713,7523.25
1513,1775530249.528598,optimizer,0.0025745537132024765,7523.25
1514,1775530249.6301384,forward,0.03586604446172714,7523.25
1514,1775530249.7116194,backward,0.08135213144123554,7523.25
1514,1775530249.7142746,optimizer,0.0025243237614631653,7523.25
1515,1775530249.819732,forward,0.035934291779994965,7523.25
1515,1775530249.900771,backward,0.08090510591864586,7523.25
1515,1775530249.9035265,optimizer,0.0026048552244901657,7523.25
1516,1775530250.0083365,forward,0.03590564429759979,7523.25
1516,1775530250.089782,backward,0.0813138596713543,7523.25
1516,1775530250.092485,optimizer,0.002560572698712349,7523.25
1517,1775530250.1975596,forward,0.035941312089562416,7523.25
1517,1775530250.2786617,backward,0.0809731874614954,7523.25
1517,1775530250.2813096,optimizer,0.002540323883295059,7523.25
1518,1775530250.3873765,forward,0.03585624322295189,7523.25
1518,1775530250.468659,backward,0.08115248940885067,7523.25
1518,1775530250.4714043,optimizer,0.0025956835597753525,7523.25
1519,1775530250.575316,forward,0.03585716336965561,7523.25
1519,1775530250.6567576,backward,0.08131838403642178,7523.25
1519,1775530250.6595047,optimizer,0.002598132938146591,7523.25
1520,1775530250.7684696,forward,0.03586885705590248,7523.25
1520,1775530250.8501377,backward,0.08153528533875942,7523.25
1520,1775530250.8528578,optimizer,0.002578556537628174,7523.25
1521,1775530250.9605825,forward,0.035856693983078,7523.25
1521,1775530251.041813,backward,0.08109781704843044,7523.25
1521,1775530251.04455,optimizer,0.0025928542017936707,7523.25
1522,1775530251.1522696,forward,0.0358890425413847,7523.25
1522,1775530251.2336607,backward,0.08127778954803944,7523.25
1522,1775530251.2364044,optimizer,0.0025909338146448135,7523.25
1523,1775530251.337263,forward,0.03590993210673332,7523.25
1523,1775530251.4183166,backward,0.08092586509883404,7523.25
1523,1775530251.4209902,optimizer,0.0025378838181495667,7523.25
1524,1775530251.5216873,forward,0.03587399423122406,7523.25
1524,1775530251.6027982,backward,0.08098186366260052,7523.25
1524,1775530251.6055489,optimizer,0.00259973481297493,7523.25
1525,1775530251.7065542,forward,0.03588704392313957,7523.25
1525,1775530251.7878413,backward,0.08116357773542404,7523.25
1525,1775530251.7905114,optimizer,0.002532733604311943,7523.25
1526,1775530251.8981378,forward,0.03590095229446888,7523.25
1526,1775530251.9792123,backward,0.08094433695077896,7523.25
1526,1775530251.9818366,optimizer,0.0025303829461336136,7523.25
1527,1775530252.0870078,forward,0.03584572114050388,7523.25
1527,1775530252.1683693,backward,0.08123163878917694,7523.25
1527,1775530252.1711142,optimizer,0.0025903061032295227,7523.25
1528,1775530252.276371,forward,0.03591033257544041,7523.25
1528,1775530252.357612,backward,0.081115348264575,7523.25
1528,1775530252.3603582,optimizer,0.002597292885184288,7523.25
1529,1775530252.465677,forward,0.03579947166144848,7523.25
1529,1775530252.5471952,backward,0.08138786442577839,7523.25
1529,1775530252.549949,optimizer,0.0026076938956975937,7523.25
1530,1775530252.655822,forward,0.03589708171784878,7523.25
1530,1775530252.7369316,backward,0.08097740821540356,7523.25
1530,1775530252.7396874,optimizer,0.002606946974992752,7523.25
1531,1775530252.8461037,forward,0.03583579324185848,7523.25
1531,1775530252.9274282,backward,0.08123110048472881,7523.25
1531,1775530252.9301517,optimizer,0.0025731734931468964,7523.25
1532,1775530253.0311613,forward,0.03583121299743652,7523.25
1532,1775530253.1125717,backward,0.08127963170409203,7523.25
1532,1775530253.1153038,optimizer,0.002587784081697464,7523.25
1533,1775530253.2222083,forward,0.03588760271668434,7523.25
1533,1775530253.3034112,backward,0.08107125759124756,7523.25
1533,1775530253.30614,optimizer,0.0025769732892513275,7523.25
1534,1775530253.40718,forward,0.035843003541231155,7523.25
1534,1775530253.4886122,backward,0.08130304142832756,7523.25
1534,1775530253.4913523,optimizer,0.0025944653898477554,7523.25
1535,1775530253.5969577,forward,0.035949595272541046,7523.25
1535,1775530253.6780562,backward,0.08096759580075741,7523.25
1535,1775530253.680725,optimizer,0.0025301240384578705,7523.25
1536,1775530253.7833915,forward,0.03585696406662464,7523.25
1536,1775530253.8648686,backward,0.08134581334888935,7523.25
1536,1775530253.8676205,optimizer,0.0026038940995931625,7523.25
1537,1775530253.973292,forward,0.035826003178954124,7523.25
1537,1775530254.0545292,backward,0.08110671862959862,7523.25
1537,1775530254.0572538,optimizer,0.002577604725956917,7523.25
1538,1775530254.1639664,forward,0.035846831277012825,7523.25
1538,1775530254.245261,backward,0.08116072975099087,7523.25
1538,1775530254.248009,optimizer,0.0026044752448797226,7523.25
1539,1775530254.3542278,forward,0.03588077425956726,7523.25
1539,1775530254.435472,backward,0.08111299760639668,7523.25
1539,1775530254.4382122,optimizer,0.0025897957384586334,7523.25
1540,1775530254.5447862,forward,0.035886265337467194,7523.25
1540,1775530254.6263223,backward,0.08140930347144604,7523.25
1540,1775530254.6290317,optimizer,0.0025681760162115097,7523.25
1541,1775530254.737759,forward,0.035889873281121254,7523.25
1541,1775530254.818762,backward,0.08086848445236683,7523.25
1541,1775530254.821505,optimizer,0.002593444660305977,7523.25
1542,1775530254.9235182,forward,0.03584875166416168,7523.25
1542,1775530255.0047934,backward,0.08114350028336048,7523.25
1542,1775530255.0075393,optimizer,0.0025975070893764496,7523.25
1543,1775530255.1150799,forward,0.03589981235563755,7523.25
1543,1775530255.1962833,backward,0.08107440732419491,7523.25
1543,1775530255.1990397,optimizer,0.0024926159530878067,7523.25
1544,1775530255.304458,forward,0.0358661524951458,7523.25
1544,1775530255.3858612,backward,0.08127169124782085,7523.25
1544,1775530255.388617,optimizer,0.0026029758155345917,7523.25
1545,1775530255.5034864,forward,0.03616606630384922,7523.25
1545,1775530255.5849328,backward,0.08131924271583557,7523.25
1545,1775530255.5877051,optimizer,0.0026247259229421616,7523.25
1546,1775530255.6970785,forward,0.035926492884755135,7523.25
1546,1775530255.7782538,backward,0.08104419521987438,7523.25
1546,1775530255.7809808,optimizer,0.002582736313343048,7523.25
1547,1775530255.8871446,forward,0.03584977425634861,7523.25
1547,1775530255.968848,backward,0.08157008327543736,7523.25
1547,1775530255.9715762,optimizer,0.002578914165496826,7523.25
1548,1775530256.0790179,forward,0.035883400589227676,7523.25
1548,1775530256.1601229,backward,0.08098130486905575,7523.25
1548,1775530256.1628594,optimizer,0.002584204077720642,7523.25
1549,1775530256.2621949,forward,0.035846272483468056,7523.25
1549,1775530256.3435464,backward,0.08122311905026436,7523.25
1549,1775530256.346262,optimizer,0.0025745052844285965,7523.25
1550,1775530256.4479513,forward,0.03584391996264458,7523.25
1550,1775530256.529459,backward,0.08137353137135506,7523.25
1550,1775530256.532176,optimizer,0.002563994377851486,7523.25
1551,1775530256.6381385,forward,0.03586982190608978,7523.25
1551,1775530256.7192376,backward,0.08096951618790627,7523.25
1551,1775530256.721964,optimizer,0.002579733729362488,7523.25
1552,1775530256.823628,forward,0.035861872136592865,7523.25
1552,1775530256.9049177,backward,0.08115733973681927,7523.25
1552,1775530256.907642,optimizer,0.002581993117928505,7523.25
1553,1775530257.0128038,forward,0.03589283116161823,7523.25
1553,1775530257.0940824,backward,0.08114827983081341,7523.25
1553,1775530257.0968425,optimizer,0.002588573843240738,7523.25
1554,1775530257.198414,forward,0.03588402457535267,7523.25
1554,1775530257.279585,backward,0.08103928714990616,7523.25
1554,1775530257.2823253,optimizer,0.0025917738676071167,7523.25
1555,1775530257.385861,forward,0.03585742227733135,7523.25
1555,1775530257.4672956,backward,0.0813119225203991,7523.25
1555,1775530257.469949,optimizer,0.002247840166091919,7523.25
1556,1775530257.57442,forward,0.03590047359466553,7523.25
1556,1775530257.6556997,backward,0.08114854991436005,7523.25
1556,1775530257.6583998,optimizer,0.0022729113698005676,7523.25
1557,1775530257.7629006,forward,0.03583865240216255,7523.25
1557,1775530257.8441687,backward,0.08113769628107548,7523.25
1557,1775530257.846896,optimizer,0.0025816038250923157,7523.25
1558,1775530257.952721,forward,0.03589513152837753,7523.25
1558,1775530258.0339952,backward,0.0811487678438425,7523.25
1558,1775530258.0366845,optimizer,0.0025558248162269592,7523.25
1559,1775530258.1425736,forward,0.03585891053080559,7523.25
1559,1775530258.2238262,backward,0.08112379908561707,7523.25
1559,1775530258.226556,optimizer,0.0025804955512285233,7523.25
1560,1775530258.333136,forward,0.035955892875790596,7523.25
1560,1775530258.4144564,backward,0.08119081892073154,7523.25
1560,1775530258.4171734,optimizer,0.0025708433240652084,7523.25
1561,1775530258.5240784,forward,0.035869114100933075,7523.25
1561,1775530258.6055377,backward,0.08132900297641754,7523.25
1561,1775530258.6082563,optimizer,0.0025770850479602814,7523.25
1562,1775530258.7127516,forward,0.035908956080675125,7523.25
1562,1775530258.7940128,backward,0.08113082870841026,7523.25
1562,1775530258.796728,optimizer,0.0025674067437648773,7523.25
1563,1775530258.9005048,forward,0.03590642102062702,7523.25
1563,1775530258.9817352,backward,0.08110257610678673,7523.25
1563,1775530258.984469,optimizer,0.0025835558772087097,7523.25
1564,1775530259.085489,forward,0.03588884323835373,7523.25
1564,1775530259.1669374,backward,0.08131196163594723,7523.25
1564,1775530259.1696203,optimizer,0.0025430265814065933,7523.25
1565,1775530259.2763598,forward,0.035875461995601654,7523.25
1565,1775530259.3575552,backward,0.08106490783393383,7523.25
1565,1775530259.3602898,optimizer,0.002587202936410904,7523.25
1566,1775530259.4674332,forward,0.03589065372943878,7523.25
1566,1775530259.5490556,backward,0.08148609660565853,7523.25
1566,1775530259.5517757,optimizer,0.0025734715163707733,7523.25
1567,1775530259.661213,forward,0.03588802553713322,7523.25
1567,1775530259.742606,backward,0.08126259222626686,7523.25
1567,1775530259.7452686,optimizer,0.002540281042456627,7523.25
1568,1775530259.8526204,forward,0.03593839518725872,7523.25
1568,1775530259.9338765,backward,0.08112506754696369,7523.25
1568,1775530259.9365978,optimizer,0.002576034516096115,7523.25
1569,1775530260.0449033,forward,0.03586920350790024,7523.25
1569,1775530260.1263402,backward,0.08130121976137161,7523.25
1569,1775530260.129064,optimizer,0.002578185871243477,7523.25
1570,1775530260.2297585,forward,0.035842495039105415,7523.25
1570,1775530260.3111992,backward,0.08130878210067749,7523.25
1570,1775530260.313902,optimizer,0.0025600064545869827,7523.25
1571,1775530260.420046,forward,0.03585600294172764,7523.25
1571,1775530260.50128,backward,0.08110224828124046,7523.25
1571,1775530260.5040147,optimizer,0.0025865547358989716,7523.25
1572,1775530260.6044884,forward,0.035906244069337845,7523.25
1572,1775530260.6858535,backward,0.08124382980167866,7523.25
1572,1775530260.688587,optimizer,0.0025873538106679916,7523.25
1573,1775530260.7946136,forward,0.03588697127997875,7523.25
1573,1775530260.875713,backward,0.08096669428050518,7523.25
1573,1775530260.8783798,optimizer,0.0025383830070495605,7523.25
1574,1775530260.9851518,forward,0.03591465204954147,7523.25
1574,1775530261.0666382,backward,0.0813558790832758,7523.25
1574,1775530261.0693543,optimizer,0.0025660041719675064,7523.25
1575,1775530261.176018,forward,0.03590083308517933,7523.25
1575,1775530261.257085,backward,0.08093234337866306,7523.25
1575,1775530261.259781,optimizer,0.0025522634387016296,7523.25
1576,1775530261.36477,forward,0.03586799092590809,7523.25
1576,1775530261.4461987,backward,0.08129957318305969,7523.25
1576,1775530261.4488328,optimizer,0.0025279633700847626,7523.25
1577,1775530261.5555873,forward,0.03592396341264248,7523.25
1577,1775530261.6364784,backward,0.08075420185923576,7523.25
1577,1775530261.6392252,optimizer,0.0025975052267313004,7523.25
1578,1775530261.7465553,forward,0.03585566394031048,7523.25
1578,1775530261.8279872,backward,0.0813063532114029,7523.25
1578,1775530261.8307142,optimizer,0.00258016400039196,7523.25
1579,1775530261.9319756,forward,0.03587588295340538,7523.25
1579,1775530262.013273,backward,0.08116545155644417,7523.25
1579,1775530262.0159695,optimizer,0.002556784078478813,7523.25
1580,1775530262.1223938,forward,0.035841431468725204,7523.25
1580,1775530262.2038305,backward,0.08130875043570995,7523.25
1580,1775530262.2065518,optimizer,0.002575034275650978,7523.25
1581,1775530262.3096092,forward,0.035886991769075394,7523.25
1581,1775530262.3910491,backward,0.08132761903107166,7523.25
1581,1775530262.3937883,optimizer,0.0025880951434373856,7523.25
1582,1775530262.4999907,forward,0.03587350435554981,7523.25
1582,1775530262.5812783,backward,0.08115682750940323,7523.25
1582,1775530262.5839458,optimizer,0.002535322681069374,7523.25
1583,1775530262.691461,forward,0.03588249161839485,7523.25
1583,1775530262.7728508,backward,0.08125754073262215,7523.25
1583,1775530262.775583,optimizer,0.002585003152489662,7523.25
1584,1775530262.8810594,forward,0.03586799465119839,7523.25
1584,1775530262.9623842,backward,0.08119572885334492,7523.25
1584,1775530262.9650934,optimizer,0.0025716032832860947,7523.25
1585,1775530263.067223,forward,0.035879041999578476,7523.25
1585,1775530263.1487637,backward,0.08140464127063751,7523.25
1585,1775530263.1514077,optimizer,0.0025348961353302,7523.25
1586,1775530263.2530103,forward,0.03594868443906307,7523.25
1586,1775530263.33416,backward,0.08102330565452576,7523.25
1586,1775530263.3368742,optimizer,0.0025691837072372437,7523.25
1587,1775530263.4428372,forward,0.035846179351210594,7523.25
1587,1775530263.524107,backward,0.08114857040345669,7523.25
1587,1775530263.5268407,optimizer,0.0024729352444410324,7523.25
1588,1775530263.6299748,forward,0.035843051970005035,7523.25
1588,1775530263.7112334,backward,0.08112823776900768,7523.25
1588,1775530263.7138944,optimizer,0.0025287847965955734,7523.25
1589,1775530263.8207633,forward,0.03588155284523964,7523.25
1589,1775530263.902024,backward,0.08112884685397148,7523.25
1589,1775530263.9047618,optimizer,0.002591324970126152,7523.25
1590,1775530264.0100048,forward,0.03590052388608456,7523.25
1590,1775530264.0912883,backward,0.08117741160094738,7523.25
1590,1775530264.094032,optimizer,0.002591315656900406,7523.25
1591,1775530264.2004907,forward,0.0358771625906229,7523.25
1591,1775530264.281916,backward,0.08129522204399109,7523.25
1591,1775530264.2845767,optimizer,0.002525676041841507,7523.25
1592,1775530264.3897388,forward,0.03589264303445816,7523.25
1592,1775530264.4710553,backward,0.08118675090372562,7523.25
1592,1775530264.4737701,optimizer,0.002566644921898842,7523.25
1593,1775530264.5805001,forward,0.0358617939054966,7523.25
1593,1775530264.6619399,backward,0.08130543120205402,7523.25
1593,1775530264.664632,optimizer,0.0025515947490930557,7523.25
1594,1775530264.7737746,forward,0.03591280244290829,7523.25
1594,1775530264.8548026,backward,0.08089934475719929,7523.25
1594,1775530264.8574276,optimizer,0.002521984279155731,7523.25
1595,1775530264.9631052,forward,0.035872941836714745,7523.25
1595,1775530265.044675,backward,0.0814389530569315,7523.25
1595,1775530265.0474198,optimizer,0.0025984253734350204,7523.25
1596,1775530265.152765,forward,0.03592882491648197,7523.25
1596,1775530265.2338536,backward,0.08096792921423912,7523.25
1596,1775530265.2365713,optimizer,0.002570902928709984,7523.25
1597,1775530265.3416643,forward,0.03585748374462128,7523.25
1597,1775530265.4230323,backward,0.08123371377587318,7523.25
1597,1775530265.4257116,optimizer,0.002543233335018158,7523.25
1598,1775530265.534403,forward,0.036031756550073624,7523.25
1598,1775530265.6157777,backward,0.08120168931782246,7523.25
1598,1775530265.6185822,optimizer,0.0026588458567857742,7523.25
1599,1775530265.7201498,forward,0.035863371565937996,7523.25
1599,1775530265.801362,backward,0.08111182600259781,7523.25
1599,1775530265.8040493,optimizer,0.0022733118385076523,7523.25
1600,1775530265.9114332,forward,0.035936836153268814,7523.25
1600,1775530265.9927135,backward,0.08114911802113056,7523.25
1600,1775530265.9953513,optimizer,0.0022275764495134354,7523.25
1601,1775530266.1017318,forward,0.035850752145051956,7523.25
1601,1775530266.1831083,backward,0.08124463073909283,7523.25
1601,1775530266.1858275,optimizer,0.0025720950216054916,7523.25
1602,1775530266.291915,forward,0.03588756546378136,7523.25
1602,1775530266.37303,backward,0.08098366670310497,7523.25
1602,1775530266.375749,optimizer,0.002578113228082657,7523.25
1603,1775530266.4820256,forward,0.03583156131207943,7523.25
1603,1775530266.5634181,backward,0.08126305975019932,7523.25
1603,1775530266.5660272,optimizer,0.0025096144527196884,7523.25
1604,1775530266.6742682,forward,0.035901593044400215,7523.25
1604,1775530266.7553182,backward,0.08091428689658642,7523.25
1604,1775530266.7580378,optimizer,0.0025734752416610718,7523.25
1605,1775530266.86157,forward,0.03587508201599121,7523.25
1605,1775530266.942894,backward,0.08120359107851982,7523.25
1605,1775530266.945621,optimizer,0.002577604725956917,7523.25
1606,1775530267.0474849,forward,0.0358729250729084,7523.25
1606,1775530267.1290371,backward,0.08141941390931606,7523.25
1606,1775530267.1317172,optimizer,0.0025433357805013657,7523.25
1607,1775530267.2323875,forward,0.035894082859158516,7523.25
1607,1775530267.3135726,backward,0.08106063865125179,7523.25
1607,1775530267.3162835,optimizer,0.002568187192082405,7523.25
1608,1775530267.418773,forward,0.03583723306655884,7523.25
1608,1775530267.4999716,backward,0.08110641688108444,7523.25
1608,1775530267.5026913,optimizer,0.0025727469474077225,7523.25
1609,1775530267.6040533,forward,0.03586401231586933,7523.25
1609,1775530267.6855464,backward,0.08135764300823212,7523.25
1609,1775530267.6882665,optimizer,0.0025712866336107254,7523.25
1610,1775530267.790429,forward,0.03591733239591122,7523.25
1610,1775530267.871785,backward,0.08120202086865902,7523.25
1610,1775530267.874522,optimizer,0.0025869663804769516,7523.25
1611,1775530267.9806676,forward,0.03590253181755543,7523.25
1611,1775530268.0621912,backward,0.08139241114258766,7523.25
1611,1775530268.064901,optimizer,0.002563556656241417,7523.25
1612,1775530268.1712663,forward,0.0359149519354105,7523.25
1612,1775530268.252453,backward,0.08105527609586716,7523.25
1612,1775530268.255113,optimizer,0.002527805045247078,7523.25
1613,1775530268.361065,forward,0.035885244607925415,7523.25
1613,1775530268.442446,backward,0.08124938979744911,7523.25
1613,1775530268.4451838,optimizer,0.002588646486401558,7523.25
1614,1775530268.551717,forward,0.03587539121508598,7523.25
1614,1775530268.6328144,backward,0.08096661604940891,7523.25
1614,1775530268.6355357,optimizer,0.0025770626962184906,7523.25
1615,1775530268.7379065,forward,0.035824693739414215,7523.25
1615,1775530268.8191326,backward,0.08109610714018345,7523.25
1615,1775530268.821854,optimizer,0.0025771651417016983,7523.25
1616,1775530268.9288297,forward,0.03589765168726444,7523.25
1616,1775530269.010139,backward,0.08117887936532497,7523.25
1616,1775530269.012867,optimizer,0.002584204077720642,7523.25
1617,1775530269.1198905,forward,0.035830821841955185,7523.25
1617,1775530269.2011952,backward,0.0811795573681593,7523.25
1617,1775530269.2039042,optimizer,0.0025637242943048477,7523.25
1618,1775530269.3087368,forward,0.035864921286702156,7523.25
1618,1775530269.390054,backward,0.08118678070604801,7523.25
1618,1775530269.392788,optimizer,0.0025862138718366623,7523.25
1619,1775530269.499815,forward,0.03584764339029789,7523.25
1619,1775530269.581139,backward,0.0811917781829834,7523.25
1619,1775530269.583858,optimizer,0.0025739558041095734,7523.25
1620,1775530269.6913939,forward,0.035913363099098206,7523.25
1620,1775530269.7725503,backward,0.08101922646164894,7523.25
1620,1775530269.7752843,optimizer,0.002587486058473587,7523.25
1621,1775530269.880762,forward,0.03585963323712349,7523.25
1621,1775530269.962254,backward,0.08136205188930035,7523.25
1621,1775530269.9649384,optimizer,0.00254710391163826,7523.25
1622,1775530270.0661597,forward,0.03586218319833279,7523.25
1622,1775530270.1475968,backward,0.08130091242492199,7523.25
1622,1775530270.150329,optimizer,0.0025839339941740036,7523.25
1623,1775530270.2518847,forward,0.03597450442612171,7523.25
1623,1775530270.3329723,backward,0.08095883391797543,7523.25
1623,1775530270.335655,optimizer,0.0025439653545618057,7523.25
1624,1775530270.440997,forward,0.03586980327963829,7523.25
1624,1775530270.522405,backward,0.08127504028379917,7523.25
1624,1775530270.525135,optimizer,0.002585534006357193,7523.25
1625,1775530270.6300406,forward,0.035859184339642525,7523.25
1625,1775530270.7110953,backward,0.08092615567147732,7523.25
1625,1775530270.7138097,optimizer,0.002570193260908127,7523.25
1626,1775530270.8210382,forward,0.03585627116262913,7523.25
1626,1775530270.9024146,backward,0.08124769106507301,7523.25
1626,1775530270.9050343,optimizer,0.0024417340755462646,7523.25
1627,1775530271.0178754,forward,0.035934315994381905,7523.25
1627,1775530271.0990624,backward,0.08106393739581108,7523.25
1627,1775530271.1017766,optimizer,0.0025660060346126556,7523.25
1628,1775530271.207365,forward,0.03585970401763916,7523.25
1628,1775530271.2888656,backward,0.08136587403714657,7523.25
1628,1775530271.291612,optimizer,0.0025960076600313187,7523.25
1629,1775530271.3921268,forward,0.03588714264333248,7523.25
1629,1775530271.4730508,backward,0.08079494163393974,7523.25
1629,1775530271.4757888,optimizer,0.0025898925960063934,7523.25
1630,1775530271.5749137,forward,0.03581581264734268,7523.25
1630,1775530271.6558619,backward,0.08081636391580105,7523.25
1630,1775530271.6586013,optimizer,0.0025862734764814377,7523.25
1631,1775530271.7640512,forward,0.035883352160453796,7523.25
1631,1775530271.8455496,backward,0.08136836439371109,7523.25
1631,1775530271.8482533,optimizer,0.0024446602910757065,7523.25
1632,1775530271.9502518,forward,0.03589927405118942,7523.25
1632,1775530272.031371,backward,0.0809845644980669,7523.25
1632,1775530272.0340652,optimizer,0.002548864111304283,7523.25
1633,1775530272.1340673,forward,0.03589700162410736,7523.25
1633,1775530272.2151425,backward,0.08094138465821743,7523.25
1633,1775530272.2178493,optimizer,0.002560444176197052,7523.25
1634,1775530272.3245308,forward,0.035850511863827705,7523.25
1634,1775530272.4060183,backward,0.0813578050583601,7523.25
1634,1775530272.4087408,optimizer,0.0025849752128124237,7523.25
1635,1775530272.5156512,forward,0.03590540401637554,7523.25
1635,1775530272.596881,backward,0.08109954930841923,7523.25
1635,1775530272.5995312,optimizer,0.002532064914703369,7523.25
1636,1775530272.7022235,forward,0.035864152014255524,7523.25
1636,1775530272.7836769,backward,0.0813191719353199,7523.25
1636,1775530272.7863784,optimizer,0.0025580935180187225,7523.25
1637,1775530272.8878725,forward,0.03585943207144737,7523.25
1637,1775530272.9691696,backward,0.08116643130779266,7523.25
1637,1775530272.9719048,optimizer,0.0025859251618385315,7523.25
1638,1775530273.077355,forward,0.03591521456837654,7523.25
1638,1775530273.1585908,backward,0.08110580779612064,7523.25
1638,1775530273.1612809,optimizer,0.0025494713336229324,7523.25
1639,1775530273.2648625,forward,0.035911981016397476,7523.25
1639,1775530273.3464725,backward,0.08148061484098434,7523.25
1639,1775530273.3492005,optimizer,0.002582017332315445,7523.25
1640,1775530273.4568553,forward,0.03590826317667961,7523.25
1640,1775530273.5380976,backward,0.0811182800680399,7523.25
1640,1775530273.5408142,optimizer,0.0025726649910211563,7523.25
1641,1775530273.6416225,forward,0.035876521840691566,7523.25
1641,1775530273.7230313,backward,0.0812770314514637,7523.25
1641,1775530273.7256818,optimizer,0.002520143985748291,7523.25
1642,1775530273.831277,forward,0.03592975251376629,7523.25
1642,1775530273.9123185,backward,0.08091328479349613,7523.25
1642,1775530273.9150481,optimizer,0.0025824960321187973,7523.25
1643,1775530274.0227745,forward,0.035872483626008034,7523.25
1643,1775530274.1043994,backward,0.08149882405996323,7523.25
1643,1775530274.107047,optimizer,0.0022507384419441223,7523.25
1644,1775530274.2135043,forward,0.035871293395757675,7523.25
1644,1775530274.2945106,backward,0.08081367425620556,7523.25
1644,1775530274.2971191,optimizer,0.002204546704888344,7523.25
1645,1775530274.4053938,forward,0.03593709506094456,7523.25
1645,1775530274.48686,backward,0.08133547194302082,7523.25
1645,1775530274.48958,optimizer,0.0025684330612421036,7523.25
1646,1775530274.5917199,forward,0.03585304319858551,7523.25
1646,1775530274.67285,backward,0.0810037050396204,7523.25
1646,1775530274.6754804,optimizer,0.0024507511407136917,7523.25
1647,1775530274.782823,forward,0.035860203206539154,7523.25
1647,1775530274.8639445,backward,0.08099154382944107,7523.25
1647,1775530274.8666,optimizer,0.002500481903553009,7523.25
1648,1775530274.973182,forward,0.03587460331618786,7523.25
1648,1775530275.05396,backward,0.08064473979175091,7523.25
1648,1775530275.0566082,optimizer,0.0024950318038463593,7523.25
1649,1775530275.1578069,forward,0.03584480099380016,7523.25
1649,1775530275.2388217,backward,0.08088441379368305,7523.25
1649,1775530275.241466,optimizer,0.0024916045367717743,7523.25
1650,1775530275.3488388,forward,0.035973094403743744,7523.25
1650,1775530275.4297218,backward,0.08073846064507961,7523.25
1650,1775530275.4324307,optimizer,0.0025571249425411224,7523.25
1651,1775530275.5354304,forward,0.03583846427500248,7523.25
1651,1775530275.616273,backward,0.08071487210690975,7523.25
1651,1775530275.6189039,optimizer,0.0024836640805006027,7523.25
1652,1775530275.724449,forward,0.035857733339071274,7523.25
1652,1775530275.805524,backward,0.08094514533877373,7523.25
1652,1775530275.8081641,optimizer,0.0024803820997476578,7523.25
1653,1775530275.9138021,forward,0.03583820164203644,7523.25
1653,1775530275.9946218,backward,0.08069086261093616,7523.25
1653,1775530275.9972723,optimizer,0.0024947021156549454,7523.25
1654,1775530276.1042914,forward,0.035853272303938866,7523.25
1654,1775530276.185343,backward,0.08092312328517437,7523.25
1654,1775530276.187989,optimizer,0.0024942830204963684,7523.25
1655,1775530276.2932925,forward,0.035835230723023415,7523.25
1655,1775530276.3740888,backward,0.08066789992153645,7523.25
1655,1775530276.376726,optimizer,0.0024871956557035446,7523.25
1656,1775530276.4816272,forward,0.03581645153462887,7523.25
1656,1775530276.5627697,backward,0.08100996352732182,7523.25
1656,1775530276.5654092,optimizer,0.0024897735565900803,7523.25
1657,1775530276.670953,forward,0.03588835336267948,7523.25
1657,1775530276.7516305,backward,0.08054402656853199,7523.25
1657,1775530276.754265,optimizer,0.0024821627885103226,7523.25
1658,1775530276.8598483,forward,0.03583463095128536,7523.25
1658,1775530276.9409487,backward,0.08096999675035477,7523.25
1658,1775530276.9435973,optimizer,0.002496713772416115,7523.25
1659,1775530277.0469627,forward,0.03588256426155567,7523.25
1659,1775530277.1278033,backward,0.0807132888585329,7523.25
1659,1775530277.130441,optimizer,0.0024883244186639786,7523.25
1660,1775530277.2351346,forward,0.03585100173950195,7523.25
1660,1775530277.3159711,backward,0.08070330135524273,7523.25
1660,1775530277.3186162,optimizer,0.0024955328553915024,7523.25
1661,1775530277.4252388,forward,0.0358636025339365,7523.25
1661,1775530277.5063243,backward,0.08095479570329189,7523.25
1661,1775530277.5089633,optimizer,0.002487311139702797,7523.25
1662,1775530277.6147687,forward,0.035833971574902534,7523.25
1662,1775530277.6955557,backward,0.08065772987902164,7523.25
1662,1775530277.6982114,optimizer,0.00250355526804924,7523.25
1663,1775530277.7998312,forward,0.035802921280264854,7523.25
1663,1775530277.880904,backward,0.08094589598476887,7523.25
1663,1775530277.8835592,optimizer,0.0025080423802137375,7523.25
1664,1775530277.9893155,forward,0.0359024740755558,7523.25
1664,1775530278.0700424,backward,0.08059193007647991,7523.25
1664,1775530278.0726814,optimizer,0.0024855714291334152,7523.25
1665,1775530278.1777515,forward,0.035844711586833,7523.25
1665,1775530278.2587862,backward,0.08090254664421082,7523.25
1665,1775530278.2614248,optimizer,0.0024870336055755615,7523.25
1666,1775530278.3686087,forward,0.03593375347554684,7523.25
1666,1775530278.4494078,backward,0.08066675998270512,7523.25
1666,1775530278.4520538,optimizer,0.0024862736463546753,7523.25
1667,1775530278.5568957,forward,0.03585050255060196,7523.25
1667,1775530278.6379075,backward,0.08088088408112526,7523.25
1667,1775530278.6405377,optimizer,0.0024781450629234314,7523.25
1668,1775530278.7413497,forward,0.03591090440750122,7523.25
1668,1775530278.8225145,backward,0.08103312738239765,7523.25
1668,1775530278.8251507,optimizer,0.0024856310337781906,7523.25
1669,1775530278.9261646,forward,0.03583080321550369,7523.25
1669,1775530279.007012,backward,0.0807157214730978,7523.25
1669,1775530279.0096579,optimizer,0.0024930015206336975,7523.25
1670,1775530279.1115382,forward,0.03584381192922592,7523.25
1670,1775530279.1922026,backward,0.08053506724536419,7523.25
1670,1775530279.194836,optimizer,0.002477981150150299,7523.25
1671,1775530279.296168,forward,0.03584525175392628,7523.25
1671,1775530279.377192,backward,0.08089364320039749,7523.25
1671,1775530279.3798478,optimizer,0.00250234454870224,7523.25
1672,1775530279.4851408,forward,0.035854071378707886,7523.25
1672,1775530279.5661016,backward,0.08083249256014824,7523.25
1672,1775530279.5687487,optimizer,0.002495884895324707,7523.25
1673,1775530279.6763096,forward,0.03585728257894516,7523.25
1673,1775530279.7573428,backward,0.08089905604720116,7523.25
1673,1775530279.7599993,optimizer,0.0025020428001880646,7523.25
1674,1775530279.867646,forward,0.03588514216244221,7523.25
1674,1775530279.9484186,backward,0.08064410090446472,7523.25
1674,1775530279.9510646,optimizer,0.0024935510009527206,7523.25
1675,1775530280.0511847,forward,0.03583945147693157,7523.25
1675,1775530280.1318817,backward,0.08056589961051941,7523.25
1675,1775530280.1345153,optimizer,0.0023841187357902527,7523.25
1676,1775530280.2402322,forward,0.03586326353251934,7523.25
1676,1775530280.3213499,backward,0.08098969422280788,7523.25
1676,1775530280.3239982,optimizer,0.002497885376214981,7523.25
1677,1775530280.426712,forward,0.035841261968016624,7523.25
1677,1775530280.5074983,backward,0.08065727911889553,7523.25
1677,1775530280.5101554,optimizer,0.0025084950029850006,7523.25
1678,1775530280.6105502,forward,0.03587538190186024,7523.25
1678,1775530280.6911883,backward,0.0805072970688343,7523.25
1678,1775530280.6938214,optimizer,0.002481544390320778,7523.25
1679,1775530280.7937357,forward,0.03584527410566807,7523.25
1679,1775530280.8745866,backward,0.08072318136692047,7523.25
1679,1775530280.8772383,optimizer,0.0024962853640317917,7523.25
1680,1775530280.977058,forward,0.03585219196975231,7523.25
1680,1775530281.0580258,backward,0.0808375533670187,7523.25
1680,1775530281.060668,optimizer,0.002488764002919197,7523.25
1681,1775530281.167237,forward,0.03587258420884609,7523.25
1681,1775530281.2480645,backward,0.08069833926856518,7523.25
1681,1775530281.2506926,optimizer,0.0024773143231868744,7523.25
1682,1775530281.354755,forward,0.035850344225764275,7523.25
1682,1775530281.4356234,backward,0.08073830045759678,7523.25
1682,1775530281.438265,optimizer,0.002492804080247879,7523.25
1683,1775530281.5456061,forward,0.0358760841190815,7523.25
1683,1775530281.626447,backward,0.08071345277130604,7523.25
1683,1775530281.62907,optimizer,0.002476794645190239,7523.25
1684,1775530281.7309055,forward,0.03582758083939552,7523.25
1684,1775530281.8116071,backward,0.08056962862610817,7523.25
1684,1775530281.814241,optimizer,0.002484293654561043,7523.25
1685,1775530281.9207816,forward,0.03586838208138943,7523.25
1685,1775530282.001855,backward,0.08094711601734161,7523.25
1685,1775530282.0044875,optimizer,0.0024802442640066147,7523.25
1686,1775530282.109709,forward,0.035868771374225616,7523.25
1686,1775530282.1903582,backward,0.08051569946110249,7523.25
1686,1775530282.192985,optimizer,0.0024802815169095993,7523.25
1687,1775530282.294348,forward,0.03581427223980427,7523.25
1687,1775530282.375235,backward,0.08075635321438313,7523.25
1687,1775530282.377837,optimizer,0.002202467992901802,7523.25
1688,1775530282.4829514,forward,0.03582089953124523,7523.25
1688,1775530282.5640223,backward,0.0809371042996645,7523.25
1688,1775530282.5666342,optimizer,0.002204557880759239,7523.25
1689,1775530282.6711562,forward,0.03582776337862015,7523.25
1689,1775530282.751927,backward,0.08064180053770542,7523.25
1689,1775530282.754551,optimizer,0.002472713589668274,7523.25
1690,1775530282.8586123,forward,0.03582730330526829,7523.25
1690,1775530282.939684,backward,0.08093990385532379,7523.25
1690,1775530282.942309,optimizer,0.0024761930108070374,7523.25
1691,1775530283.043528,forward,0.035855092108249664,7523.25
1691,1775530283.1245966,backward,0.08094069734215736,7523.25
1691,1775530283.1272392,optimizer,0.0024935826659202576,7523.25
1692,1775530283.2346282,forward,0.03585604205727577,7523.25
1692,1775530283.3156078,backward,0.0808472353965044,7523.25
1692,1775530283.3182404,optimizer,0.0024823639541864395,7523.25
1693,1775530283.4199705,forward,0.035840924829244614,7523.25
1693,1775530283.5010507,backward,0.08095372468233109,7523.25
1693,1775530283.503708,optimizer,0.0025097429752349854,7523.25
1694,1775530283.6061575,forward,0.035831622779369354,7523.25
1694,1775530283.6869264,backward,0.0806373581290245,7523.25
1694,1775530283.6895452,optimizer,0.0024697110056877136,7523.25
1695,1775530283.791021,forward,0.035811131820082664,7523.25
1695,1775530283.87184,backward,0.08068528957664967,7523.25
1695,1775530283.8744807,optimizer,0.0024874527007341385,7523.25
1696,1775530283.9750013,forward,0.03584499470889568,7523.25
1696,1775530284.0559828,backward,0.0808532927185297,7523.25
1696,1775530284.0586336,optimizer,0.002498392015695572,7523.25
1697,1775530284.1594741,forward,0.035843610763549805,7523.25
1697,1775530284.240595,backward,0.08099100738763809,7523.25
1697,1775530284.2432494,optimizer,0.0025058332830667496,7523.25
1698,1775530284.350323,forward,0.035845642909407616,7523.25
1698,1775530284.431052,backward,0.08059976808726788,7523.25
1698,1775530284.4340155,optimizer,0.0028160102665424347,7523.25
1699,1775530284.5441868,forward,0.03640143200755119,7523.25
1699,1775530284.6251447,backward,0.08082842268049717,7523.25
1699,1775530284.6278334,optimizer,0.002540675923228264,7523.25
1700,1775530284.7276752,forward,0.03586713410913944,7523.25
1700,1775530284.8083572,backward,0.08055595681071281,7523.25
1700,1775530284.8109932,optimizer,0.0024903640151023865,7523.25
1701,1775530284.9176946,forward,0.03587593324482441,7523.25
1701,1775530284.998718,backward,0.08089432679116726,7523.25
1701,1775530285.0013702,optimizer,0.0024992339313030243,7523.25
1702,1775530285.1085117,forward,0.035904863849282265,7523.25
1702,1775530285.1892188,backward,0.08058105036616325,7523.25
1702,1775530285.1918592,optimizer,0.002488931640982628,7523.25
1703,1775530285.2986708,forward,0.03581118956208229,7523.25
1703,1775530285.3792741,backward,0.08046887628734112,7523.25
1703,1775530285.381908,optimizer,0.0024807527661323547,7523.25
1704,1775530285.4880886,forward,0.0358390212059021,7523.25
1704,1775530285.568713,backward,0.08049467764794827,7523.25
1704,1775530285.5713592,optimizer,0.0024979840964078903,7523.25
1705,1775530285.671734,forward,0.03581591136753559,7523.25
1705,1775530285.752493,backward,0.08062981069087982,7523.25
1705,1775530285.7551494,optimizer,0.0025039520114660263,7523.25
1706,1775530285.8560164,forward,0.03585139103233814,7523.25
1706,1775530285.9370022,backward,0.08085616305470467,7523.25
1706,1775530285.939681,optimizer,0.002530563622713089,7523.25
1707,1775530286.1142213,forward,0.0358886756002903,7523.25
1707,1775530286.195207,backward,0.0808564331382513,7523.25
1707,1775530286.1978517,optimizer,0.0024918410927057266,7523.25
1708,1775530286.3018117,forward,0.03581913188099861,7523.25
1708,1775530286.3829112,backward,0.08096839301288128,7523.25
1708,1775530286.3855429,optimizer,0.0024766847491264343,7523.25
1709,1775530286.491131,forward,0.035813162103295326,7523.25
1709,1775530286.5719485,backward,0.08068650029599667,7523.25
1709,1775530286.5745852,optimizer,0.002483222633600235,7523.25
1710,1775530286.6730418,forward,0.0358420442789793,7523.25
1710,1775530286.7539966,backward,0.08082593232393265,7523.25
1710,1775530286.7566462,optimizer,0.002498563379049301,7523.25
1711,1775530286.8558347,forward,0.03578251227736473,7523.25
1711,1775530286.9368336,backward,0.08087082393467426,7523.25
1711,1775530286.9394736,optimizer,0.002489643171429634,7523.25
1712,1775530287.045342,forward,0.0359090231359005,7523.25
1712,1775530287.1260533,backward,0.08058314956724644,7523.25
1712,1775530287.1292572,optimizer,0.002483764663338661,7523.25
1713,1775530287.2341452,forward,0.035807712003588676,7523.25
1713,1775530287.315084,backward,0.08080697245895863,7523.25
1713,1775530287.3177197,optimizer,0.0024853814393281937,7523.25
1714,1775530287.423269,forward,0.035830190405249596,7523.25
1714,1775530287.5041335,backward,0.08073526434600353,7523.25
1714,1775530287.506774,optimizer,0.002491563558578491,7523.25
1715,1775530287.6123435,forward,0.03584675118327141,7523.25
1715,1775530287.693144,backward,0.0806716326624155,7523.25
1715,1775530287.695782,optimizer,0.002488141879439354,7523.25
1716,1775530287.7989671,forward,0.03581772372126579,7523.25
1716,1775530287.8801053,backward,0.08100995607674122,7523.25
1716,1775530287.882734,optimizer,0.0024783723056316376,7523.25
1717,1775530287.9862177,forward,0.035887232050299644,7523.25
1717,1775530288.067086,backward,0.08064326085150242,7523.25
1717,1775530288.0697417,optimizer,0.0025024712085723877,7523.25
1718,1775530288.1753123,forward,0.03584645129740238,7523.25
1718,1775530288.2563448,backward,0.08090417459607124,7523.25
1718,1775530288.2590027,optimizer,0.0025063324719667435,7523.25
1719,1775530288.366759,forward,0.035852039232850075,7523.25
1719,1775530288.4474719,backward,0.08058407716453075,7523.25
1719,1775530288.4501033,optimizer,0.0023846030235290527,7523.25
1720,1775530288.5496936,forward,0.03582664020359516,7523.25
1720,1775530288.630424,backward,0.08060397021472454,7523.25
1720,1775530288.6330569,optimizer,0.002484602853655815,7523.25
1721,1775530288.7378762,forward,0.035839641466736794,7523.25
1721,1775530288.8190143,backward,0.08100658655166626,7523.25
1721,1775530288.82165,optimizer,0.002484682947397232,7523.25
1722,1775530288.929618,forward,0.0358632393181324,7523.25
1722,1775530289.0104086,backward,0.08066297136247158,7523.25
1722,1775530289.0130455,optimizer,0.002480503171682358,7523.25
1723,1775530289.1209657,forward,0.035847192630171776,7523.25
1723,1775530289.2020237,backward,0.08092610538005829,7523.25
1723,1775530289.204655,optimizer,0.0024787522852420807,7523.25
1724,1775530289.3070915,forward,0.03587022423744202,7523.25
1724,1775530289.3877816,backward,0.08055946975946426,7523.25
1724,1775530289.390427,optimizer,0.0024948325008153915,7523.25
1725,1775530289.4941773,forward,0.03580467216670513,7523.25
1725,1775530289.5751805,backward,0.08086863532662392,7523.25
1725,1775530289.5778215,optimizer,0.002487611025571823,7523.25
1726,1775530289.6832893,forward,0.03584517166018486,7523.25
1726,1775530289.764099,backward,0.08068217150866985,7523.25
1726,1775530289.7667449,optimizer,0.0024923644959926605,7523.25
1727,1775530289.86939,forward,0.03582153283059597,7523.25
1727,1775530289.9502063,backward,0.08068547956645489,7523.25
1727,1775530289.952845,optimizer,0.0024839621037244797,7523.25
1728,1775530290.057084,forward,0.03586605191230774,7523.25
1728,1775530290.1381156,backward,0.08090402744710445,7523.25
1728,1775530290.140739,optimizer,0.0024743396788835526,7523.25
1729,1775530290.2481701,forward,0.035802651196718216,7523.25
1729,1775530290.3288195,backward,0.08051597699522972,7523.25
1729,1775530290.3314629,optimizer,0.002495402470231056,7523.25
1730,1775530290.4374397,forward,0.03583402372896671,7523.25
1730,1775530290.5185513,backward,0.08097538724541664,7523.25
1730,1775530290.52119,optimizer,0.0024874433875083923,7523.25
1731,1775530290.6279323,forward,0.0358030516654253,7523.25
1731,1775530290.7085514,backward,0.08049546740949154,7523.25
1731,1775530290.7111495,optimizer,0.0022101979702711105,7523.25
1732,1775530290.8160353,forward,0.03584704175591469,7523.25
1732,1775530290.8970525,backward,0.08088838309049606,7523.25
1732,1775530290.8996716,optimizer,0.0022072959691286087,7523.25
1733,1775530291.007085,forward,0.03591957502067089,7523.25
1733,1775530291.087747,backward,0.0805275160819292,7523.25
1733,1775530291.0903993,optimizer,0.0024993009865283966,7523.25
1734,1775530291.1966925,forward,0.035887084901332855,7523.25
1734,1775530291.2777894,backward,0.08096798695623875,7523.25
1734,1775530291.2804203,optimizer,0.0024791937321424484,7523.25
1735,1775530291.3825443,forward,0.03589293174445629,7523.25
1735,1775530291.4634097,backward,0.08073567226529121,7523.25
1735,1775530291.4660397,optimizer,0.0024782922118902206,7523.25
1736,1775530291.5731695,forward,0.03587418235838413,7523.25
1736,1775530291.6541593,backward,0.08085984364151955,7523.25
1736,1775530291.6568053,optimizer,0.0024956725537776947,7523.25
1737,1775530291.7607481,forward,0.03583085164427757,7523.25
1737,1775530291.841813,backward,0.08093196526169777,7523.25
1737,1775530291.8444664,optimizer,0.002503523603081703,7523.25
1738,1775530291.9523022,forward,0.03583870269358158,7523.25
1738,1775530292.0332983,backward,0.08087123557925224,7523.25
1738,1775530292.035947,optimizer,0.002501176670193672,7523.25
1739,1775530292.1414866,forward,0.035838883370161057,7523.25
1739,1775530292.2223856,backward,0.08076499029994011,7523.25
1739,1775530292.2250366,optimizer,0.0024980753660202026,7523.25
1740,1775530292.3285823,forward,0.03587663173675537,7523.25
1740,1775530292.4092886,backward,0.08058229088783264,7523.25
1740,1775530292.411913,optimizer,0.0024769920855760574,7523.25
1741,1775530292.513104,forward,0.03587500378489494,7523.25
1741,1775530292.5940897,backward,0.08085239492356777,7523.25
1741,1775530292.5967312,optimizer,0.002489853650331497,7523.25
1742,1775530292.7018118,forward,0.03583885170519352,7523.25
1742,1775530292.7827065,backward,0.080764664337039,7523.25
1742,1775530292.7853491,optimizer,0.002491692081093788,7523.25
1743,1775530292.8906667,forward,0.03586697205901146,7523.25
1743,1775530292.9715793,backward,0.080783911049366,7523.25
1743,1775530292.9742186,optimizer,0.002488302066922188,7523.25
1744,1775530293.074079,forward,0.03582300245761871,7523.25
1744,1775530293.1550024,backward,0.0807968620210886,7523.25
1744,1775530293.1576316,optimizer,0.002480454742908478,7523.25
1745,1775530293.265274,forward,0.03591364249587059,7523.25
1745,1775530293.3460002,backward,0.08059415221214294,7523.25
1745,1775530293.3486266,optimizer,0.002481641247868538,7523.25
1746,1775530293.4517488,forward,0.03584819287061691,7523.25
1746,1775530293.5326972,backward,0.08082282170653343,7523.25
1746,1775530293.5353327,optimizer,0.00248759426176548,7523.25
1747,1775530293.640528,forward,0.03623615764081478,7523.25
1747,1775530293.7215028,backward,0.08084610290825367,7523.25
1747,1775530293.7241573,optimizer,0.0024931449443101883,7523.25
1748,1775530293.8248358,forward,0.0358963031321764,7523.25
1748,1775530293.9055524,backward,0.08058816939592361,7523.25
1748,1775530293.9081917,optimizer,0.0024894438683986664,7523.25
1749,1775530294.0138972,forward,0.035832012072205544,7523.25
1749,1775530294.0949066,backward,0.08087488450109959,7523.25
1749,1775530294.0975676,optimizer,0.0025083422660827637,7523.25
1750,1775530294.2061303,forward,0.03588120453059673,7523.25
1750,1775530294.2867756,backward,0.08051632717251778,7523.25
1750,1775530294.2894104,optimizer,0.002483043819665909,7523.25
1751,1775530294.3958843,forward,0.03586466237902641,7523.25
1751,1775530294.4770162,backward,0.08100047521293163,7523.25
1751,1775530294.4796805,optimizer,0.002511603757739067,7523.25
1752,1775530294.5818264,forward,0.03584372252225876,7523.25
1752,1775530294.662661,backward,0.0807072427123785,7523.25
1752,1775530294.6652865,optimizer,0.0024764612317085266,7523.25
1753,1775530294.7694154,forward,0.03586661256849766,7523.25
1753,1775530294.850248,backward,0.08068669028580189,7523.25
1753,1775530294.8528912,optimizer,0.002492941915988922,7523.25
1754,1775530294.9598596,forward,0.03582150302827358,7523.25
1754,1775530295.040928,backward,0.08093919418752193,7523.25
1754,1775530295.0435624,optimizer,0.002482762560248375,7523.25
1755,1775530295.1511698,forward,0.035807402804493904,7523.25
1755,1775530295.2321022,backward,0.08080235496163368,7523.25
1755,1775530295.2347455,optimizer,0.00249464251101017,7523.25
1756,1775530295.3418083,forward,0.03584961220622063,7523.25
1756,1775530295.4226072,backward,0.08067407086491585,7523.25
1756,1775530295.4252424,optimizer,0.0024836137890815735,7523.25
1757,1775530295.529535,forward,0.035853492096066475,7523.25
1757,1775530295.6103966,backward,0.08072759211063385,7523.25
1757,1775530295.613032,optimizer,0.0024839527904987335,7523.25
1758,1775530295.7143023,forward,0.03580876998603344,7523.25
1758,1775530295.7953935,backward,0.08095722459256649,7523.25
1758,1775530295.7980266,optimizer,0.002477424219250679,7523.25
1759,1775530295.9035745,forward,0.03587542474269867,7523.25
1759,1775530295.9843805,backward,0.08067440986633301,7523.25
1759,1775530295.9870322,optimizer,0.002500433474779129,7523.25
1760,1775530296.0928915,forward,0.03586356155574322,7523.25
1760,1775530296.1739573,backward,0.08093687519431114,7523.25
1760,1775530296.1766055,optimizer,0.0024964027106761932,7523.25
1761,1775530296.2806952,forward,0.03585708327591419,7523.25
1761,1775530296.3615987,backward,0.0807694923132658,7523.25
1761,1775530296.3642347,optimizer,0.0024876613169908524,7523.25
1762,1775530296.4695745,forward,0.03580128960311413,7523.25
1762,1775530296.5503838,backward,0.08067954331636429,7523.25
1762,1775530296.5530176,optimizer,0.0024839751422405243,7523.25
1763,1775530296.6584163,forward,0.035801852121949196,7523.25
1763,1775530296.739444,backward,0.08089672401547432,7523.25
1763,1775530296.7420878,optimizer,0.0023949630558490753,7523.25
1764,1775530296.842962,forward,0.03585099242627621,7523.25
1764,1775530296.92365,backward,0.08056360855698586,7523.25
1764,1775530296.9262886,optimizer,0.0024885237216949463,7523.25
1765,1775530297.0325978,forward,0.03585932217538357,7523.25
1765,1775530297.1135561,backward,0.08082286454737186,7523.25
1765,1775530297.1161869,optimizer,0.0024818237870931625,7523.25
1766,1775530297.2211359,forward,0.0358081329613924,7523.25
1766,1775530297.301953,backward,0.08068790100514889,7523.25
1766,1775530297.304633,optimizer,0.0024920646101236343,7523.25
1767,1775530297.4119666,forward,0.035838471725583076,7523.25
1767,1775530297.4929047,backward,0.08080678060650826,7523.25
1767,1775530297.4955533,optimizer,0.0024952739477157593,7523.25
1768,1775530297.602032,forward,0.0359015055000782,7523.25
1768,1775530297.6828935,backward,0.08073375187814236,7523.25
1768,1775530297.685516,optimizer,0.0024733319878578186,7523.25
1769,1775530297.7913446,forward,0.03584278002381325,7523.25
1769,1775530297.8723571,backward,0.08088007383048534,7523.25
1769,1775530297.8749976,optimizer,0.0024928543716669083,7523.25
1770,1775530297.9749742,forward,0.035813530907034874,7523.25
1770,1775530298.0560975,backward,0.08099107630550861,7523.25
1770,1775530298.05872,optimizer,0.0024740640074014664,7523.25
1771,1775530298.1612337,forward,0.0358743742108345,7523.25
1771,1775530298.2421834,backward,0.08073030039668083,7523.25
1771,1775530298.2448268,optimizer,0.0024957843124866486,7523.25
1772,1775530298.3459077,forward,0.03583019971847534,7523.25
1772,1775530298.4266279,backward,0.0805943924933672,7523.25
1772,1775530298.4292572,optimizer,0.002481294795870781,7523.25
1773,1775530298.5317369,forward,0.03580944240093231,7523.25
1773,1775530298.6126506,backward,0.08078727126121521,7523.25
1773,1775530298.615294,optimizer,0.002492811530828476,7523.25
1774,1775530298.7229066,forward,0.03588220477104187,7523.25
1774,1775530298.8035572,backward,0.08051972836256027,7523.25
1774,1775530298.8061905,optimizer,0.002482675015926361,7523.25
1775,1775530298.910546,forward,0.0358343031257391,7523.25
1775,1775530298.9915078,backward,0.080832714214921,7523.25
1775,1775530298.9941552,optimizer,0.0024972427636384964,7523.25
1776,1775530299.096715,forward,0.03581787273287773,7523.25
1776,1775530299.1777756,backward,0.08092974498867989,7523.25
1776,1775530299.1804047,optimizer,0.0022115297615528107,7523.25
1777,1775530299.284689,forward,0.03590395487844944,7523.25
1777,1775530299.365444,backward,0.08062594942748547,7523.25
1777,1775530299.3680823,optimizer,0.0024767927825450897,7523.25
1778,1775530299.4747732,forward,0.035828933119773865,7523.25
1778,1775530299.555897,backward,0.08098883554339409,7523.25
1778,1775530299.5585234,optimizer,0.00247909314930439,7523.25
1779,1775530299.66448,forward,0.03586219251155853,7523.25
1779,1775530299.7451334,backward,0.08053003624081612,7523.25
1779,1775530299.7477636,optimizer,0.0024814940989017487,7523.25
1780,1775530299.855924,forward,0.03582148067653179,7523.25
1780,1775530299.936916,backward,0.08086477220058441,7523.25
1780,1775530299.9395604,optimizer,0.0024947524070739746,7523.25
1781,1775530300.045233,forward,0.03588812239468098,7523.25
1781,1775530300.1259065,backward,0.08054925873875618,7523.25
1781,1775530300.1285245,optimizer,0.002468222752213478,7523.25
1782,1775530300.2374215,forward,0.03584014251828194,7523.25
1782,1775530300.3184369,backward,0.08087961189448833,7523.25
1782,1775530300.3210895,optimizer,0.002501433715224266,7523.25
1783,1775530300.4242446,forward,0.03581804223358631,7523.25
1783,1775530300.5049207,backward,0.08054892905056477,7523.25
1783,1775530300.5075874,optimizer,0.002513997256755829,7523.25
1784,1775530300.6119082,forward,0.035851120948791504,7523.25
1784,1775530300.6928253,backward,0.08079009130597115,7523.25
1784,1775530300.695471,optimizer,0.002491503953933716,7523.25
1785,1775530300.7976086,forward,0.03579992242157459,7523.25
1785,1775530300.8786507,backward,0.08091696538031101,7523.25
1785,1775530300.8812714,optimizer,0.002468382939696312,7523.25
1786,1775530300.9824245,forward,0.03586408123373985,7523.25
1786,1775530301.0631304,backward,0.08057421818375587,7523.25
1786,1775530301.0657732,optimizer,0.0024906620383262634,7523.25
1787,1775530301.1713905,forward,0.035802001133561134,7523.25
1787,1775530301.2523959,backward,0.08087794482707977,7523.25
1787,1775530301.2550473,optimizer,0.002502473071217537,7523.25
1788,1775530301.3615983,forward,0.035865211859345436,7523.25
1788,1775530301.442379,backward,0.08063170127570629,7523.25
1788,1775530301.4450042,optimizer,0.0024772752076387405,7523.25
1789,1775530301.5468607,forward,0.03576372191309929,7523.25
1789,1775530301.6276681,backward,0.08068360202014446,7523.25
1789,1775530301.6303115,optimizer,0.0024845823645591736,7523.25
1790,1775530301.7361925,forward,0.03585725463926792,7523.25
1790,1775530301.8172631,backward,0.08093715272843838,7523.25
1790,1775530301.8199162,optimizer,0.0025027133524417877,7523.25
1791,1775530301.9276578,forward,0.03580967150628567,7523.25
1791,1775530302.0084965,backward,0.0807117223739624,7523.25
1791,1775530302.0111396,optimizer,0.0024918057024478912,7523.25
1792,1775530302.1108599,forward,0.035834381356835365,7523.25
1792,1775530302.1918037,backward,0.08081365376710892,7523.25
1792,1775530302.1944568,optimizer,0.0025030337274074554,7523.25
1793,1775530302.303554,forward,0.035893432796001434,7523.25
1793,1775530302.3842142,backward,0.08052520640194416,7523.25
1793,1775530302.3868406,optimizer,0.0024748612195253372,7523.25
1794,1775530302.4893498,forward,0.03583868220448494,7523.25
1794,1775530302.570341,backward,0.08086010627448559,7523.25
1794,1775530302.5729978,optimizer,0.0025093723088502884,7523.25
1795,1775530302.7550957,forward,0.03615049459040165,7523.25
1795,1775530302.836171,backward,0.08094483241438866,7523.25
1795,1775530302.8388298,optimizer,0.002505013719201088,7523.25
1796,1775530302.94332,forward,0.035862693563103676,7523.25
1796,1775530303.023986,backward,0.08053932711482048,7523.25
1796,1775530303.0266333,optimizer,0.0024924837052822113,7523.25
1797,1775530303.1310804,forward,0.035807281732559204,7523.25
1797,1775530303.212051,backward,0.08084285259246826,7523.25
1797,1775530303.214688,optimizer,0.0024879127740859985,7523.25
1798,1775530303.3188615,forward,0.03579606115818024,7523.25
1798,1775530303.3996618,backward,0.0806729793548584,7523.25
1798,1775530303.4022915,optimizer,0.0024762041866779327,7523.25
1799,1775530303.5075855,forward,0.03582735173404217,7523.25
1799,1775530303.5884426,backward,0.08072418160736561,7523.25
1799,1775530303.5910938,optimizer,0.002500521019101143,7523.25
1800,1775530303.6954298,forward,0.035811252892017365,7523.25
1800,1775530303.776494,backward,0.08093683607876301,7523.25
1800,1775530303.7791483,optimizer,0.002501755952835083,7523.25
1801,1775530303.8796706,forward,0.03581901080906391,7523.25
1801,1775530303.9604278,backward,0.08062794059515,7523.25
1801,1775530303.9630895,optimizer,0.002511335536837578,7523.25
1802,1775530304.0632935,forward,0.03581139072775841,7523.25
1802,1775530304.1439793,backward,0.0805588886141777,7523.25
1802,1775530304.1465974,optimizer,0.002472400665283203,7523.25
1803,1775530304.2508383,forward,0.03579806163907051,7523.25
1803,1775530304.331828,backward,0.08085907436907291,7523.25
1803,1775530304.3344657,optimizer,0.0024881642311811447,7523.25
1804,1775530304.4396055,forward,0.03582463972270489,7523.25
1804,1775530304.5204093,backward,0.08067278936505318,7523.25
1804,1775530304.5230463,optimizer,0.002490980550646782,7523.25
1805,1775530304.6278481,forward,0.03582873195409775,7523.25
1805,1775530304.7088046,backward,0.08082695305347443,7523.25
1805,1775530304.7114596,optimizer,0.002502651885151863,7523.25
1806,1775530304.8162913,forward,0.03584195114672184,7523.25
1806,1775530304.8972971,backward,0.08087962679564953,7523.25
1806,1775530304.8999388,optimizer,0.0024885237216949463,7523.25
1807,1775530305.0050461,forward,0.03584347106516361,7523.25
1807,1775530305.085797,backward,0.08061875961720943,7523.25
1807,1775530305.0884454,optimizer,0.002387531101703644,7523.25
1808,1775530305.1936777,forward,0.03582477942109108,7523.25
1808,1775530305.2747295,backward,0.08092326670885086,7523.25
1808,1775530305.2773745,optimizer,0.0024947449564933777,7523.25
1809,1775530305.383786,forward,0.03582628071308136,7523.25
1809,1775530305.4644651,backward,0.08054966852068901,7523.25
1809,1775530305.4671185,optimizer,0.0025034919381141663,7523.25
1810,1775530305.5744848,forward,0.0358063206076622,7523.25
1810,1775530305.655548,backward,0.08093569613993168,7523.25
1810,1775530305.65818,optimizer,0.002482013776898384,7523.25
1811,1775530305.7593343,forward,0.0358416847884655,7523.25
1811,1775530305.840127,backward,0.08066342025995255,7523.25
1811,1775530305.8427582,optimizer,0.0024809706956148148,7523.25
1812,1775530305.9508212,forward,0.035813841968774796,7523.25
1812,1775530306.0318453,backward,0.08089614287018776,7523.25
1812,1775530306.0344915,optimizer,0.0024948306381702423,7523.25
1813,1775530306.2154374,forward,0.03585649095475674,7523.25
1813,1775530306.2966983,backward,0.08113138936460018,7523.25
1813,1775530306.2993453,optimizer,0.0025131721049547195,7523.25
1814,1775530306.4041321,forward,0.035860251635313034,7523.25
1814,1775530306.4850795,backward,0.08081715181469917,7523.25
1814,1775530306.4877994,optimizer,0.002569066360592842,7523.25
1815,1775530306.5949643,forward,0.03584348037838936,7523.25
1815,1775530306.6761878,backward,0.08109195530414581,7523.25
1815,1775530306.6788797,optimizer,0.0025511737912893295,7523.25
1816,1775530306.7838788,forward,0.03583233244717121,7523.25
1816,1775530306.864769,backward,0.08076072297990322,7523.25
1816,1775530306.867404,optimizer,0.002520192414522171,7523.25
1817,1775530306.9714162,forward,0.035849981009960175,7523.25
1817,1775530307.052786,backward,0.08124078065156937,7523.25
1817,1775530307.0555255,optimizer,0.0025832336395978928,7523.25
1818,1775530307.1612751,forward,0.035901885479688644,7523.25
1818,1775530307.2419696,backward,0.0805648174136877,7523.25
1818,1775530307.244609,optimizer,0.002494335174560547,7523.25
1819,1775530307.351274,forward,0.03583735227584839,7523.25
1819,1775530307.4323828,backward,0.08097830601036549,7523.25
1819,1775530307.434989,optimizer,0.0022176112979650497,7523.25
1820,1775530307.5408525,forward,0.03589403256773949,7523.25
1820,1775530307.6215723,backward,0.08058963902294636,7523.25
1820,1775530307.624181,optimizer,0.0021992679685354233,7523.25
1821,1775530307.7312517,forward,0.03579629212617874,7523.25
1821,1775530307.8122976,backward,0.08091712556779385,7523.25
1821,1775530307.814979,optimizer,0.0025249645113945007,7523.25
1822,1775530307.9220734,forward,0.035841651260852814,7523.25
1822,1775530308.0027494,backward,0.08054698631167412,7523.25
1822,1775530308.0053933,optimizer,0.002496352419257164,7523.25
1823,1775530308.1075494,forward,0.03582868352532387,7523.25
1823,1775530308.1885135,backward,0.08083182200789452,7523.25
1823,1775530308.1911545,optimizer,0.002492031082510948,7523.25
1824,1775530308.2934396,forward,0.03583232872188091,7523.25
1824,1775530308.3745437,backward,0.08097168430685997,7523.25
1824,1775530308.3771904,optimizer,0.0024988632649183273,7523.25
1825,1775530308.480324,forward,0.03588705323636532,7523.25
1825,1775530308.5610197,backward,0.08056927844882011,7523.25
1825,1775530308.5636659,optimizer,0.0024972744286060333,7523.25
1826,1775530308.6637957,forward,0.03583473525941372,7523.25
1826,1775530308.7445362,backward,0.08061354793608189,7523.25
1826,1775530308.7471898,optimizer,0.002502111718058586,7523.25
1827,1775530308.8534393,forward,0.03584585338830948,7523.25
1827,1775530308.9344873,backward,0.08086378499865532,7523.25
1827,1775530308.937117,optimizer,0.002477552741765976,7523.25
1828,1775530309.0436802,forward,0.03581291250884533,7523.25
1828,1775530309.124396,backward,0.08058125711977482,7523.25
1828,1775530309.127047,optimizer,0.002498103305697441,7523.25
1829,1775530309.2334554,forward,0.035799531266093254,7523.25
1829,1775530309.3144915,backward,0.08089908584952354,7523.25
1829,1775530309.3171275,optimizer,0.002487223595380783,7523.25
1830,1775530309.4242003,forward,0.035824092105031013,7523.25
1830,1775530309.5049958,backward,0.08066721074283123,7523.25
1830,1775530309.5076365,optimizer,0.002491956576704979,7523.25
1831,1775530309.6140654,forward,0.03584706038236618,7523.25
1831,1775530309.6950617,backward,0.08086217567324638,7523.25
1831,1775530309.6976914,optimizer,0.0024780426174402237,7523.25
1832,1775530309.802591,forward,0.03580637276172638,7523.25
1832,1775530309.8832717,backward,0.08054909855127335,7523.25
1832,1775530309.8859131,optimizer,0.0024936851114034653,7523.25
1833,1775530309.9929745,forward,0.035834673792123795,7523.25
1833,1775530310.0740244,backward,0.08092032745480537,7523.25
1833,1775530310.076669,optimizer,0.00249292328953743,7523.25
1834,1775530310.1802578,forward,0.03586770221590996,7523.25
1834,1775530310.2609904,backward,0.08060465008020401,7523.25
1834,1775530310.263622,optimizer,0.002487214282155037,7523.25
1835,1775530310.369892,forward,0.035839544609189034,7523.25
1835,1775530310.4509482,backward,0.08092469722032547,7523.25
1835,1775530310.4535954,optimizer,0.0024969447404146194,7523.25
1836,1775530310.5584776,forward,0.03584405407309532,7523.25
1836,1775530310.6392148,backward,0.08060826919972897,7523.25
1836,1775530310.64184,optimizer,0.002473842352628708,7523.25
1837,1775530310.7467208,forward,0.03582735173404217,7523.25
1837,1775530310.827772,backward,0.08092050440609455,7523.25
1837,1775530310.830417,optimizer,0.0024958550930023193,7523.25
1838,1775530310.9381754,forward,0.03588218241930008,7523.25
1838,1775530311.0189707,backward,0.08066637255251408,7523.25
1838,1775530311.0216177,optimizer,0.0024951044470071793,7523.25
1839,1775530311.1299102,forward,0.035833340138196945,7523.25
1839,1775530311.210972,backward,0.08092816546559334,7523.25
1839,1775530311.2136204,optimizer,0.0024964045733213425,7523.25
1840,1775530311.3217425,forward,0.03589089214801788,7523.25
1840,1775530311.4023879,backward,0.08051527850329876,7523.25
1840,1775530311.4050286,optimizer,0.002485305070877075,7523.25
1841,1775530311.5095866,forward,0.03583003953099251,7523.25
1841,1775530311.590694,backward,0.0809771828353405,7523.25
1841,1775530311.5933392,optimizer,0.0024940315634012222,7523.25
1842,1775530311.7019408,forward,0.035847295075654984,7523.25
1842,1775530311.7826715,backward,0.08060118928551674,7523.25
1842,1775530311.7853053,optimizer,0.0024833232164382935,7523.25
1843,1775530311.8925064,forward,0.03601858392357826,7523.25
1843,1775530311.9736776,backward,0.08099922724068165,7523.25
1843,1775530311.9764097,optimizer,0.002584543079137802,7523.25
1844,1775530312.0807106,forward,0.0358657818287611,7523.25
1844,1775530312.1613755,backward,0.08053984679281712,7523.25
1844,1775530312.1640012,optimizer,0.002478683367371559,7523.25
1845,1775530312.270155,forward,0.03583367168903351,7523.25
1845,1775530312.3512688,backward,0.08098653331398964,7523.25
1845,1775530312.3539152,optimizer,0.002494264394044876,7523.25
1846,1775530312.459576,forward,0.0358599629253149,7523.25
1846,1775530312.5402403,backward,0.08053800649940968,7523.25
1846,1775530312.5428743,optimizer,0.0024824440479278564,7523.25
1847,1775530312.6469755,forward,0.03585457243025303,7523.25
1847,1775530312.7279847,backward,0.08087526448071003,7523.25
1847,1775530312.7306278,optimizer,0.002491503953933716,7523.25
1848,1775530312.8368542,forward,0.035896241664886475,7523.25
1848,1775530312.9192657,backward,0.08047141507267952,7523.25
1848,1775530312.9218965,optimizer,0.002475632354617119,7523.25
1849,1775530313.0294304,forward,0.0358465313911438,7523.25
1849,1775530313.110542,backward,0.08097799681127071,7523.25
1849,1775530313.113191,optimizer,0.0024947132915258408,7523.25
1850,1775530313.2191079,forward,0.03586886078119278,7523.25
1850,1775530313.2997742,backward,0.08053665608167648,7523.25
1850,1775530313.3024032,optimizer,0.0024831630289554596,7523.25
1851,1775530313.406621,forward,0.03581506200134754,7523.25
1851,1775530313.487578,backward,0.08082550391554832,7523.25
1851,1775530313.490221,optimizer,0.002390563488006592,7523.25
1852,1775530313.592907,forward,0.035807592794299126,7523.25
1852,1775530313.6739488,backward,0.08091571554541588,7523.25
1852,1775530313.676595,optimizer,0.0024963635951280594,7523.25
1853,1775530313.7797165,forward,0.03585879132151604,7523.25
1853,1775530313.8604035,backward,0.08055632747709751,7523.25
1853,1775530313.8630788,optimizer,0.002524714916944504,7523.25
1854,1775530313.970353,forward,0.035803839564323425,7523.25
1854,1775530314.0514393,backward,0.08096091635525227,7523.25
1854,1775530314.0540743,optimizer,0.00248677097260952,7523.25
1855,1775530314.16162,forward,0.035817041993141174,7523.25
1855,1775530314.2423828,backward,0.08063318021595478,7523.25
1855,1775530314.2450266,optimizer,0.0024941936135292053,7523.25
1856,1775530314.3467114,forward,0.03578701987862587,7523.25
1856,1775530314.4276292,backward,0.08078893274068832,7523.25
1856,1775530314.4302678,optimizer,0.0024878140538930893,7523.25
1857,1775530314.5351834,forward,0.035841451957821846,7523.25
1857,1775530314.6160173,backward,0.08070414140820503,7523.25
1857,1775530314.6186602,optimizer,0.002490084618330002,7523.25
1858,1775530314.7232838,forward,0.03581949323415756,7523.25
1858,1775530314.8040922,backward,0.08068238012492657,7523.25
1858,1775530314.8067214,optimizer,0.0024802107363939285,7523.25
1859,1775530314.908454,forward,0.03584335371851921,7523.25
1859,1775530314.9895241,backward,0.08093921281397343,7523.25
1859,1775530314.9921756,optimizer,0.002489253878593445,7523.25
1860,1775530315.1005282,forward,0.0358488317579031,7523.25
1860,1775530315.181154,backward,0.08049574866890907,7523.25
1860,1775530315.1837943,optimizer,0.0024886205792427063,7523.25
1861,1775530315.2896514,forward,0.03583103232085705,7523.25
1861,1775530315.3707387,backward,0.08095679432153702,7523.25
1861,1775530315.3733742,optimizer,0.002483682706952095,7523.25
1862,1775530315.4794133,forward,0.035845303907990456,7523.25
1862,1775530315.5600286,backward,0.08049037680029869,7523.25
1862,1775530315.562661,optimizer,0.0024852827191352844,7523.25
1863,1775530315.668922,forward,0.03583359345793724,7523.25
1863,1775530315.7500193,backward,0.08096949383616447,7523.25
1863,1775530315.752626,optimizer,0.002203667536377907,7523.25
1864,1775530315.857286,forward,0.035863760858774185,7523.25
1864,1775530315.9380395,backward,0.0806271918118,7523.25
1864,1775530315.9406586,optimizer,0.0022044070065021515,7523.25
1865,1775530316.0440145,forward,0.03582792170345783,7523.25
1865,1775530316.1249425,backward,0.08080094307661057,7523.25
1865,1775530316.127585,optimizer,0.0024900026619434357,7523.25
1866,1775530316.2374494,forward,0.03592626377940178,7523.25
1866,1775530316.3182285,backward,0.08064291998744011,7523.25
1866,1775530316.320859,optimizer,0.0024796444922685623,7523.25
1867,1775530316.426702,forward,0.03588446229696274,7523.25
1867,1775530316.5076478,backward,0.08081185445189476,7523.25
1867,1775530316.5102904,optimizer,0.0024933721870183945,7523.25
1868,1775530316.6162848,forward,0.035876693204045296,7523.25
1868,1775530316.6970315,backward,0.08061455935239792,7523.25
1868,1775530316.699668,optimizer,0.0024893227964639664,7523.25
1869,1775530316.802928,forward,0.0357957910746336,7523.25
1869,1775530316.8837314,backward,0.0806745421141386,7523.25
1869,1775530316.886379,optimizer,0.0024944357573986053,7523.25
1870,1775530316.9949503,forward,0.03583752177655697,7523.25
1870,1775530317.075745,backward,0.0806652083992958,7523.25
1870,1775530317.0784054,optimizer,0.0024728719145059586,7523.25
1871,1775530317.183624,forward,0.03588097542524338,7523.25
1871,1775530317.2646012,backward,0.08084702119231224,7523.25
1871,1775530317.2672772,optimizer,0.002526530995965004,7523.25
1872,1775530317.3697598,forward,0.03584617190063,7523.25
1872,1775530317.4509118,backward,0.08102335594594479,7523.25
1872,1775530317.453549,optimizer,0.0024829134345054626,7523.25
1873,1775530317.5611353,forward,0.03585237078368664,7523.25
1873,1775530317.6419535,backward,0.08069048263132572,7523.25
1873,1775530317.6445944,optimizer,0.0024963635951280594,7523.25
1874,1775530317.7467206,forward,0.03582349233329296,7523.25
1874,1775530317.8276515,backward,0.0808007325977087,7523.25
1874,1775530317.8302784,optimizer,0.0024742018431425095,7523.25
1875,1775530317.9306407,forward,0.0358432624489069,7523.25
1875,1775530318.0117416,backward,0.08096741512417793,7523.25
1875,1775530318.0143828,optimizer,0.002489570528268814,7523.25
1876,1775530318.120233,forward,0.03583452105522156,7523.25
1876,1775530318.2009811,backward,0.08061938919126987,7523.25
1876,1775530318.203616,optimizer,0.002484794706106186,7523.25
1877,1775530318.3045218,forward,0.0358614232391119,7523.25
1877,1775530318.3855064,backward,0.08085394091904163,7523.25
1877,1775530318.3881629,optimizer,0.00249626487493515,7523.25
1878,1775530318.4914012,forward,0.03580985218286514,7523.25
1878,1775530318.5724208,backward,0.08089321479201317,7523.25
1878,1775530318.5750542,optimizer,0.002488071098923683,7523.25
1879,1775530318.6813827,forward,0.03587150201201439,7523.25
1879,1775530318.7621834,backward,0.08066738955676556,7523.25
1879,1775530318.7648473,optimizer,0.002512553706765175,7523.25
1880,1775530318.8712142,forward,0.03582453168928623,7523.25
1880,1775530318.9522626,backward,0.08092005737125874,7523.25
1880,1775530318.9548864,optimizer,0.0024716630578041077,7523.25
1881,1775530319.0617094,forward,0.03582269139587879,7523.25
1881,1775530319.1424859,backward,0.08064600825309753,7523.25
1881,1775530319.1451313,optimizer,0.002490933984518051,7523.25
1882,1775530319.2512624,forward,0.03582930192351341,7523.25
1882,1775530319.3322375,backward,0.08084688149392605,7523.25
1882,1775530319.3348744,optimizer,0.0024860240519046783,7523.25
1883,1775530319.438292,forward,0.035864099860191345,7523.25
1883,1775530319.518972,backward,0.08054604008793831,7523.25
1883,1775530319.5216084,optimizer,0.002485334873199463,7523.25
1884,1775530319.6280115,forward,0.035826291888952255,7523.25
1884,1775530319.7090669,backward,0.08092738315463066,7523.25
1884,1775530319.7117214,optimizer,0.0025013647973537445,7523.25
1885,1775530319.8139405,forward,0.03581072390079498,7523.25
1885,1775530319.8947449,backward,0.08067453093826771,7523.25
1885,1775530319.8973978,optimizer,0.0024999435991048813,7523.25
1886,1775530320.0037744,forward,0.035833099856972694,7523.25
1886,1775530320.0847063,backward,0.08080180175602436,7523.25
1886,1775530320.087346,optimizer,0.0024910438805818558,7523.25
1887,1775530320.1941967,forward,0.03585513308644295,7523.25
1887,1775530320.275099,backward,0.08076385222375393,7523.25
1887,1775530320.2777395,optimizer,0.002494771033525467,7523.25
1888,1775530320.3831892,forward,0.035811711102724075,7523.25
1888,1775530320.4641037,backward,0.08078719116747379,7523.25
1888,1775530320.4667518,optimizer,0.0024943742901086807,7523.25
1889,1775530320.571919,forward,0.03584013134241104,7523.25
1889,1775530320.652983,backward,0.08093639649450779,7523.25
1889,1775530320.6556404,optimizer,0.002502935007214546,7523.25
1890,1775530320.7634058,forward,0.0358190406113863,7523.25
1890,1775530320.8443372,backward,0.08080215193331242,7523.25
1890,1775530320.8469849,optimizer,0.002497812733054161,7523.25
1891,1775530320.9527493,forward,0.03585970401763916,7523.25
1891,1775530321.0336947,backward,0.08079968392848969,7523.25
1891,1775530321.0363975,optimizer,0.0025460440665483475,7523.25
1892,1775530321.1410122,forward,0.035876164212822914,7523.25
1892,1775530321.2218218,backward,0.08068238943815231,7523.25
1892,1775530321.224478,optimizer,0.0025023333728313446,7523.25
1893,1775530321.3305454,forward,0.03581712394952774,7523.25
1893,1775530321.4115572,backward,0.08088253065943718,7523.25
1893,1775530321.4141963,optimizer,0.0024871714413166046,7523.25
1894,1775530321.5165737,forward,0.035904161632061005,7523.25
1894,1775530321.5972638,backward,0.08056085929274559,7523.25
1894,1775530321.5998883,optimizer,0.0024728011339902878,7523.25
1895,1775530321.7094326,forward,0.03583537973463535,7523.25
1895,1775530321.7904723,backward,0.08090189471840858,7523.25
1895,1775530321.7931232,optimizer,0.002499883994460106,7523.25
1896,1775530321.8979545,forward,0.03585581295192242,7523.25
1896,1775530321.9786522,backward,0.08056971989572048,7523.25
1896,1775530321.9812744,optimizer,0.002472333610057831,7523.25
1897,1775530322.0884707,forward,0.035808902233839035,7523.25
1897,1775530322.1695127,backward,0.08091271482408047,7523.25
1897,1775530322.1721628,optimizer,0.0024974215775728226,7523.25
1898,1775530322.2753725,forward,0.035866761580109596,7523.25
1898,1775530322.3562987,backward,0.08052903600037098,7523.25
1898,1775530322.3589442,optimizer,0.002493634819984436,7523.25
1899,1775530322.4676828,forward,0.03582707233726978,7523.25
1899,1775530322.5487866,backward,0.08096875622868538,7523.25
1899,1775530322.5514474,optimizer,0.0025116614997386932,7523.25
1900,1775530322.6586537,forward,0.03584032133221626,7523.25
1900,1775530322.739393,backward,0.08060874976217747,7523.25
1900,1775530322.742017,optimizer,0.002475271001458168,7523.25
1901,1775530322.8457787,forward,0.03585513308644295,7523.25
1901,1775530322.9268625,backward,0.080957205966115,7523.25
1901,1775530322.929498,optimizer,0.002483842894434929,7523.25
1902,1775530323.037506,forward,0.03583507239818573,7523.25
1902,1775530323.1180968,backward,0.0804480966180563,7523.25
1902,1775530323.1207268,optimizer,0.0024745631963014603,7523.25
1903,1775530323.2211552,forward,0.03580853156745434,7523.25
1903,1775530323.3019993,backward,0.08071453124284744,7523.25
1903,1775530323.3046374,optimizer,0.0024853553622961044,7523.25
1904,1775530323.4073923,forward,0.035807423293590546,7523.25
1904,1775530323.4884787,backward,0.08096052706241608,7523.25
1904,1775530323.491094,optimizer,0.0024626348167657852,7523.25
1905,1775530323.5968738,forward,0.03589106351137161,7523.25
1905,1775530323.677554,backward,0.08055119775235653,7523.25
1905,1775530323.6801727,optimizer,0.0024711042642593384,7523.25
1906,1775530323.7888622,forward,0.035857731476426125,7523.25
1906,1775530323.8699043,backward,0.08091342449188232,7523.25
1906,1775530323.8725443,optimizer,0.002493264153599739,7523.25
1907,1775530323.975703,forward,0.035892123356461525,7523.25
1907,1775530324.0564015,backward,0.08057121746242046,7523.25
1907,1775530324.0590196,optimizer,0.002220338210463524,7523.25
1908,1775530324.160227,forward,0.03584011271595955,7523.25
1908,1775530324.2410264,backward,0.08067172020673752,7523.25
1908,1775530324.2436566,optimizer,0.002215016633272171,7523.25
1909,1775530324.3438623,forward,0.03582771308720112,7523.25
1909,1775530324.4247966,backward,0.08080315217375755,7523.25
1909,1775530324.4274507,optimizer,0.002501431852579117,7523.25
1910,1775530324.5340526,forward,0.03587895259261131,7523.25
1910,1775530324.6147573,backward,0.08057680912315845,7523.25
1910,1775530324.6173873,optimizer,0.0024785231798887253,7523.25
1911,1775530324.7193499,forward,0.035849422216415405,7523.25
1911,1775530324.8001478,backward,0.08066571317613125,7523.25
1911,1775530324.8027742,optimizer,0.0024803820997476578,7523.25
1912,1775530324.9057858,forward,0.03582325205206871,7523.25
1912,1775530324.9868536,backward,0.08093828335404396,7523.25
1912,1775530324.989497,optimizer,0.002492683008313179,7523.25
1913,1775530325.0961661,forward,0.03585946373641491,7523.25
1913,1775530325.1768374,backward,0.08053974062204361,7523.25
1913,1775530325.1794899,optimizer,0.0025052428245544434,7523.25
1914,1775530325.2814271,forward,0.035826440900564194,7523.25
1914,1775530325.3623593,backward,0.08079867251217365,7523.25
1914,1775530325.3650117,optimizer,0.0025024209171533585,7523.25
1915,1775530325.4673367,forward,0.03581313230097294,7523.25
1915,1775530325.5485063,backward,0.08103913813829422,7523.25
1915,1775530325.5511613,optimizer,0.0025067348033189774,7523.25
1916,1775530325.6582797,forward,0.03585748188197613,7523.25
1916,1775530325.7390444,backward,0.08063239976763725,7523.25
1916,1775530325.7416875,optimizer,0.002491643652319908,7523.25
1917,1775530325.8473487,forward,0.03584950231015682,7523.25
1917,1775530325.9284046,backward,0.08092678338289261,7523.25
1917,1775530325.931052,optimizer,0.002496141940355301,7523.25
1918,1775530326.0324864,forward,0.0358747523277998,7523.25
1918,1775530326.1133125,backward,0.08069906197488308,7523.25
1918,1775530326.1159606,optimizer,0.0024947337806224823,7523.25
1919,1775530326.2222784,forward,0.03583359159529209,7523.25
1919,1775530326.3032386,backward,0.08082825317978859,7523.25
1919,1775530326.3058693,optimizer,0.0024810172617435455,7523.25
1920,1775530326.4144514,forward,0.03590667434036732,7523.25
1920,1775530326.4951384,backward,0.0805559977889061,7523.25
1920,1775530326.4977927,optimizer,0.0025046244263648987,7523.25
1921,1775530326.5989156,forward,0.03581829182803631,7523.25
1921,1775530326.6796844,backward,0.08064074255526066,7523.25
1921,1775530326.682326,optimizer,0.002492303028702736,7523.25
1922,1775530326.7835956,forward,0.03585338220000267,7523.25
1922,1775530326.8646295,backward,0.08090866543352604,7523.25
1922,1775530326.8672762,optimizer,0.0024935640394687653,7523.25
1923,1775530326.9737902,forward,0.03590172342956066,7523.25
1923,1775530327.0545566,backward,0.08063626103103161,7523.25
1923,1775530327.057205,optimizer,0.002497483044862747,7523.25
1924,1775530327.1635137,forward,0.03582478128373623,7523.25
1924,1775530327.2445204,backward,0.08087392523884773,7523.25
1924,1775530327.247169,optimizer,0.002494221553206444,7523.25
1925,1775530327.354107,forward,0.03588622249662876,7523.25
1925,1775530327.4348772,backward,0.08064350858330727,7523.25
1925,1775530327.4375243,optimizer,0.0024927742779254913,7523.25
1926,1775530327.542821,forward,0.03583795204758644,7523.25
1926,1775530327.623774,backward,0.08082418330013752,7523.25
1926,1775530327.6264193,optimizer,0.0024960506707429886,7523.25
1927,1775530327.732858,forward,0.035885732620954514,7523.25
1927,1775530327.8136172,backward,0.08062579110264778,7523.25
1927,1775530327.8162553,optimizer,0.0024884752929210663,7523.25
1928,1775530327.9198546,forward,0.035817453637719154,7523.25
1928,1775530328.000738,backward,0.0807547215372324,7523.25
1928,1775530328.003377,optimizer,0.0024896450340747833,7523.25
1929,1775530328.1106606,forward,0.03580645099282265,7523.25
1929,1775530328.1915698,backward,0.08078142069280148,7523.25
1929,1775530328.1942167,optimizer,0.0024998560547828674,7523.25
1930,1775530328.2975733,forward,0.035819441080093384,7523.25
1930,1775530328.3783174,backward,0.08061621151864529,7523.25
1930,1775530328.3809564,optimizer,0.002487432211637497,7523.25
1931,1775530328.4876955,forward,0.03581495210528374,7523.25
1931,1775530328.5687397,backward,0.08091485686600208,7523.25
1931,1775530328.5713744,optimizer,0.0024863816797733307,7523.25
1932,1775530328.6798527,forward,0.03582505322992802,7523.25
1932,1775530328.760693,backward,0.08071057125926018,7523.25
1932,1775530328.7633467,optimizer,0.00250239297747612,7523.25
1933,1775530328.8677812,forward,0.0358420517295599,7523.25
1933,1775530328.948845,backward,0.08093301393091679,7523.25
1933,1775530328.9514337,optimizer,0.002437133342027664,7523.25
1934,1775530329.0544631,forward,0.035848114639520645,7523.25
1934,1775530329.1351182,backward,0.08052808791399002,7523.25
1934,1775530329.137689,optimizer,0.002418503165245056,7523.25
1935,1775530329.2424133,forward,0.035853851586580276,7523.25
1935,1775530329.3234224,backward,0.08087636530399323,7523.25
1935,1775530329.326062,optimizer,0.0024885740131139755,7523.25
1936,1775530329.4312558,forward,0.0358345452696085,7523.25
1936,1775530329.5120811,backward,0.08069594018161297,7523.25
1936,1775530329.5146456,optimizer,0.002414511516690254,7523.25
1937,1775530329.6201415,forward,0.03582601249217987,7523.25
1937,1775530329.7010653,backward,0.08079758286476135,7523.25
1937,1775530329.70364,optimizer,0.0024253521114587784,7523.25
1938,1775530329.81074,forward,0.03584473393857479,7523.25
1938,1775530329.8915396,backward,0.08067367225885391,7523.25
1938,1775530329.8942478,optimizer,0.002497052773833275,7523.25
1939,1775530330.0024617,forward,0.035843322053551674,7523.25
1939,1775530330.0834873,backward,0.08089264668524265,7523.25
1939,1775530330.0867548,optimizer,0.0029064714908599854,7523.25
1940,1775530330.1937172,forward,0.03594104200601578,7523.25
1940,1775530330.2744498,backward,0.0806057769805193,7523.25
1940,1775530330.2771032,optimizer,0.0025022905319929123,7523.25
1941,1775530330.3806043,forward,0.035873522982001305,7523.25
1941,1775530330.4615862,backward,0.08085235394537449,7523.25
1941,1775530330.4642394,optimizer,0.0025012046098709106,7523.25
1942,1775530330.5712922,forward,0.03585432469844818,7523.25
1942,1775530330.6520848,backward,0.08066370896995068,7523.25
1942,1775530330.6547217,optimizer,0.0024880822747945786,7523.25
1943,1775530330.757729,forward,0.035845622420310974,7523.25
1943,1775530330.838528,backward,0.08066612109541893,7523.25
1943,1775530330.8411787,optimizer,0.002499474212527275,7523.25
1944,1775530330.9444077,forward,0.035832684487104416,7523.25
1944,1775530331.0255306,backward,0.08098970539867878,7523.25
1944,1775530331.0281813,optimizer,0.0024966634809970856,7523.25
1945,1775530331.1358922,forward,0.03579963184893131,7523.25
1945,1775530331.216567,backward,0.08054284751415253,7523.25
1945,1775530331.2192018,optimizer,0.0024864431470632553,7523.25
1946,1775530331.325307,forward,0.035866592079401016,7523.25
1946,1775530331.4064448,backward,0.08100881613790989,7523.25
1946,1775530331.4090736,optimizer,0.002475511282682419,7523.25
1947,1775530331.5166566,forward,0.03588240034878254,7523.25
1947,1775530331.5974157,backward,0.08062759973108768,7523.25
1947,1775530331.6000245,optimizer,0.002454424276947975,7523.25
1948,1775530331.7068353,forward,0.03578830324113369,7523.25
1948,1775530331.7877934,backward,0.08083134517073631,7523.25
1948,1775530331.7904236,optimizer,0.0024821143597364426,7523.25
1949,1775530331.8961084,forward,0.03579692170023918,7523.25
1949,1775530331.9768538,backward,0.08061719872057438,7523.25
1949,1775530331.97952,optimizer,0.002513384446501732,7523.25
1950,1775530332.0844579,forward,0.035872671753168106,7523.25
1950,1775530332.165569,backward,0.08098535798490047,7523.25
1950,1775530332.1682115,optimizer,0.002489902079105377,7523.25
1951,1775530332.2751172,forward,0.03583922237157822,7523.25
1951,1775530332.3557925,backward,0.08054031990468502,7523.25
1951,1775530332.3583994,optimizer,0.002211516723036766,7523.25
1952,1775530332.4627311,forward,0.035869404673576355,7523.25
1952,1775530332.5438251,backward,0.08096479624509811,7523.25
1952,1775530332.5464435,optimizer,0.002205369994044304,7523.25
1953,1775530332.6529212,forward,0.035933224484324455,7523.25
1953,1775530332.7336366,backward,0.08058542758226395,7523.25
1953,1775530332.736284,optimizer,0.002496562898159027,7523.25
1954,1775530332.837391,forward,0.03583660162985325,7523.25
1954,1775530332.9181914,backward,0.0806729793548584,7523.25
1954,1775530332.9208376,optimizer,0.0024916641414165497,7523.25
1955,1775530333.026071,forward,0.035809870809316635,7523.25
1955,1775530333.1071093,backward,0.08090510405600071,7523.25
1955,1775530333.1097581,optimizer,0.0024975109845399857,7523.25
1956,1775530333.215962,forward,0.03582325577735901,7523.25
1956,1775530333.2966762,backward,0.0805894285440445,7523.25
1956,1775530333.299314,optimizer,0.0024896524846553802,7523.25
1957,1775530333.405057,forward,0.035851163789629936,7523.25
1957,1775530333.4860895,backward,0.08090332336723804,7523.25
1957,1775530333.488732,optimizer,0.002492433413863182,7523.25
1958,1775530333.5956516,forward,0.035811031237244606,7523.25
1958,1775530333.6763558,backward,0.08057696744799614,7523.25
1958,1775530333.6789968,optimizer,0.002489853650331497,7523.25
1959,1775530333.784464,forward,0.035854972898960114,7523.25
1959,1775530333.8656335,backward,0.0810368973761797,7523.25
1959,1775530333.868271,optimizer,0.0024843309074640274,7523.25
1960,1775530333.971747,forward,0.035895003005862236,7523.25
1960,1775530334.0524738,backward,0.08059943094849586,7523.25
1960,1775530334.0551348,optimizer,0.0025095250457525253,7523.25
1961,1775530334.1553104,forward,0.03577323071658611,7523.25
1961,1775530334.2360418,backward,0.08060000836849213,7523.25
1961,1775530334.2386672,optimizer,0.0024765804409980774,7523.25
1962,1775530334.341453,forward,0.03579533100128174,7523.25
1962,1775530334.4224238,backward,0.08083621226251125,7523.25
1962,1775530334.4250596,optimizer,0.0024815741926431656,7523.25
1963,1775530334.5308783,forward,0.03588847257196903,7523.25
1963,1775530334.6116362,backward,0.08062299154698849,7523.25
1963,1775530334.6142697,optimizer,0.0024859141558408737,7523.25
1964,1775530334.7210941,forward,0.03582184389233589,7523.25
1964,1775530334.8020954,backward,0.08087317273020744,7523.25
1964,1775530334.8047469,optimizer,0.00250210240483284,7523.25
1965,1775530334.9119518,forward,0.03587349131703377,7523.25
1965,1775530334.992644,backward,0.08056131936609745,7523.25
1965,1775530334.9952974,optimizer,0.002501474693417549,7523.25
1966,1775530335.1040928,forward,0.035843534395098686,7523.25
1966,1775530335.185185,backward,0.08096278458833694,7523.25
1966,1775530335.1878493,optimizer,0.002508135512471199,7523.25
1967,1775530335.295071,forward,0.035844091325998306,7523.25
1967,1775530335.3757794,backward,0.08057792857289314,7523.25
1967,1775530335.3784285,optimizer,0.002497224137187004,7523.25
1968,1775530335.4812016,forward,0.03585354425013065,7523.25
1968,1775530335.562179,backward,0.08084840513765812,7523.25
1968,1775530335.5648134,optimizer,0.0024818740785121918,7523.25
1969,1775530335.6724823,forward,0.03587533161044121,7523.25
1969,1775530335.753155,backward,0.08054286800324917,7523.25
1969,1775530335.7558057,optimizer,0.0024981237947940826,7523.25
1970,1775530335.8584573,forward,0.03583504445850849,7523.25
1970,1775530335.9394324,backward,0.08084515482187271,7523.25
1970,1775530335.9420614,optimizer,0.0024775248020887375,7523.25
1971,1775530336.044001,forward,0.03581397235393524,7523.25
1971,1775530336.1250393,backward,0.08090698346495628,7523.25
1971,1775530336.1276853,optimizer,0.002494795247912407,7523.25
1972,1775530336.2342012,forward,0.03582638502120972,7523.25
1972,1775530336.314922,backward,0.0805923379957676,7523.25
1972,1775530336.3175542,optimizer,0.0024828333407640457,7523.25
1973,1775530336.419949,forward,0.03583667054772377,7523.25
1973,1775530336.5009155,backward,0.0808374211192131,7523.25
1973,1775530336.5035648,optimizer,0.0024962350726127625,7523.25
1974,1775530336.6056297,forward,0.0358484722673893,7523.25
1974,1775530336.6867113,backward,0.08093325607478619,7523.25
1974,1775530336.68935,optimizer,0.0024881232529878616,7523.25
1975,1775530336.7960544,forward,0.03584713861346245,7523.25
1975,1775530336.8768563,backward,0.08067254163324833,7523.25
1975,1775530336.879513,optimizer,0.002505822107195854,7523.25
1976,1775530336.987648,forward,0.035845331847667694,7523.25
1976,1775530337.0685809,backward,0.08080386184155941,7523.25
1976,1775530337.0712144,optimizer,0.002480562776327133,7523.25
1977,1775530337.175468,forward,0.03584527224302292,7523.25
1977,1775530337.2562764,backward,0.08067863993346691,7523.25
1977,1775530337.258926,optimizer,0.0024955030530691147,7523.25
1978,1775530337.3607895,forward,0.035819342359900475,7523.25
1978,1775530337.442056,backward,0.08113663084805012,7523.25
1978,1775530337.4447052,optimizer,0.002497835084795952,7523.25
1979,1775530337.5472572,forward,0.0358111597597599,7523.25
1979,1775530337.6282072,backward,0.08081979304552078,7523.25
1979,1775530337.6308303,optimizer,0.002477303147315979,7523.25
1980,1775530337.7375827,forward,0.03584231436252594,7523.25
1980,1775530337.818555,backward,0.08083969354629517,7523.25
1980,1775530337.821192,optimizer,0.0024865344166755676,7523.25
1981,1775530337.926187,forward,0.03581886179745197,7523.25
1981,1775530338.0072622,backward,0.08094800636172295,7523.25
1981,1775530338.0099037,optimizer,0.0024896319955587387,7523.25
1982,1775530338.1184173,forward,0.03585289232432842,7523.25
1982,1775530338.1993673,backward,0.08082456327974796,7523.25
1982,1775530338.2020109,optimizer,0.0024932529777288437,7523.25
1983,1775530338.310301,forward,0.03590887226164341,7523.25
1983,1775530338.3910265,backward,0.08059423789381981,7523.25
1983,1775530338.3936882,optimizer,0.002413962036371231,7523.25
1984,1775530338.496565,forward,0.03586520254611969,7523.25
1984,1775530338.5773556,backward,0.08066398277878761,7523.25
1984,1775530338.580038,optimizer,0.00253097340464592,7523.25
1985,1775530338.6868181,forward,0.03582005202770233,7523.25
1985,1775530338.7677546,backward,0.08080531284213066,7523.25
1985,1775530338.7703943,optimizer,0.0024884138256311417,7523.25
1986,1775530338.8801713,forward,0.035821082070469856,7523.25
1986,1775530338.9611032,backward,0.08080455474555492,7523.25
1986,1775530338.963738,optimizer,0.0024824831634759903,7523.25
1987,1775530339.0636983,forward,0.03580823913216591,7523.25
1987,1775530339.1448097,backward,0.08097910694777966,7523.25
1987,1775530339.1478512,optimizer,0.002866199240088463,7523.25
1988,1775530339.2503314,forward,0.0358896441757679,7523.25
1988,1775530339.3310707,backward,0.08061140961945057,7523.25
1988,1775530339.3337245,optimizer,0.002501923590898514,7523.25
1989,1775530339.4351149,forward,0.03581281937658787,7523.25
1989,1775530339.5159116,backward,0.0806710310280323,7523.25
1989,1775530339.5185394,optimizer,0.0024816319346427917,7523.25
1990,1775530339.6198096,forward,0.03581736236810684,7523.25
1990,1775530339.7007673,backward,0.08082937635481358,7523.25
1990,1775530339.703428,optimizer,0.002510344609618187,7523.25
1991,1775530339.8054087,forward,0.03579671122133732,7523.25
1991,1775530339.8864484,backward,0.08091072551906109,7523.25
1991,1775530339.8890736,optimizer,0.002473624423146248,7523.25
1992,1775530339.9920437,forward,0.03589949198067188,7523.25
1992,1775530340.0727549,backward,0.08057613112032413,7523.25
1992,1775530340.0754027,optimizer,0.002501092851161957,7523.25
1993,1775530340.181813,forward,0.03585391119122505,7523.25
1993,1775530340.262902,backward,0.08096199482679367,7523.25
1993,1775530340.2655437,optimizer,0.0024880338460206985,7523.25
1994,1775530340.368553,forward,0.035895973443984985,7523.25
1994,1775530340.4493957,backward,0.0807149913161993,7523.25
1994,1775530340.452045,optimizer,0.002489004284143448,7523.25
1995,1775530340.5524063,forward,0.035867685452103615,7523.25
1995,1775530340.6330833,backward,0.08054850995540619,7523.25
1995,1775530340.635721,optimizer,0.0024845562875270844,7523.25
1996,1775530340.7439308,forward,0.035841092467308044,7523.25
1996,1775530340.8249974,backward,0.08093496598303318,7523.25
1996,1775530340.8276193,optimizer,0.0022079478949308395,7523.25
1997,1775530340.9346516,forward,0.03583832457661629,7523.25
1997,1775530341.0154512,backward,0.08067000843584538,7523.25
1997,1775530341.0180864,optimizer,0.002484692260622978,7523.25
1998,1775530341.1211324,forward,0.03584781102836132,7523.25
1998,1775530341.2022789,backward,0.08101858757436275,7523.25
1998,1775530341.2049243,optimizer,0.0024934522807598114,7523.25
1999,1775530341.3107467,forward,0.0358633641153574,7523.25
1999,1775530341.391483,backward,0.08061273954808712,7523.25
1999,1775530341.3941157,optimizer,0.0024812128394842148,7523.25
2000,1775530341.4971063,forward,0.03584723174571991,7523.25
2000,1775530341.5780723,backward,0.08083541318774223,7523.25
2000,1775530341.5807211,optimizer,0.0024984627962112427,7523.25
2001,1775530341.686249,forward,0.035808660089969635,7523.25
2001,1775530341.767127,backward,0.08074856363236904,7523.25
2001,1775530341.7697573,optimizer,0.0024791527539491653,7523.25
2002,1775530341.872232,forward,0.035860711708664894,7523.25
2002,1775530341.952935,backward,0.08057308942079544,7523.25
2002,1775530341.955588,optimizer,0.0024998020380735397,7523.25
2003,1775530342.0566802,forward,0.035841891542077065,7523.25
2003,1775530342.1376166,backward,0.08080936223268509,7523.25
2003,1775530342.140255,optimizer,0.0024890322238206863,7523.25
2004,1775530342.246709,forward,0.035835472866892815,7523.25
2004,1775530342.3275523,backward,0.08070896007120609,7523.25
2004,1775530342.3301823,optimizer,0.0024821124970912933,7523.25
2005,1775530342.431844,forward,0.035839762538671494,7523.25
2005,1775530342.5125105,backward,0.08053770661354065,7523.25
2005,1775530342.5151427,optimizer,0.002485230565071106,7523.25
2006,1775530342.619944,forward,0.035843582823872566,7523.25
2006,1775530342.700995,backward,0.08092520572245121,7523.25
2006,1775530342.7036374,optimizer,0.0024916324764490128,7523.25
2007,1775530342.8082323,forward,0.0358267929404974,7523.25
2007,1775530342.8889637,backward,0.08060700818896294,7523.25
2007,1775530342.8916082,optimizer,0.0024891551584005356,7523.25
2008,1775530342.9974337,forward,0.03584089130163193,7523.25
2008,1775530343.0783732,backward,0.08080487512052059,7523.25
2008,1775530343.0809963,optimizer,0.0024718325585126877,7523.25
2009,1775530343.183889,forward,0.035845471546053886,7523.25
2009,1775530343.2649386,backward,0.08091597631573677,7523.25
2009,1775530343.2676091,optimizer,0.002515265718102455,7523.25
2010,1775530343.3715742,forward,0.03587317280471325,7523.25
2010,1775530343.4522395,backward,0.0805389005690813,7523.25
2010,1775530343.4548705,optimizer,0.0024759750813245773,7523.25
2011,1775530343.5562341,forward,0.03581303171813488,7523.25
2011,1775530343.6371815,backward,0.08081913366913795,7523.25
2011,1775530343.6398337,optimizer,0.0024982430040836334,7523.25
2012,1775530343.7448509,forward,0.03586416132748127,7523.25
2012,1775530343.8259494,backward,0.08096985518932343,7523.25
2012,1775530343.82859,optimizer,0.0024875346571207047,7523.25
2013,1775530343.9315045,forward,0.03583558462560177,7523.25
2013,1775530344.0121887,backward,0.08055377751588821,7523.25
2013,1775530344.0148208,optimizer,0.002481061965227127,7523.25
2014,1775530344.119996,forward,0.0357951819896698,7523.25
2014,1775530344.2010324,backward,0.0809089858084917,7523.25
2014,1775530344.203687,optimizer,0.0025088246911764145,7523.25
2015,1775530344.3075666,forward,0.03584694303572178,7523.25
2015,1775530344.388391,backward,0.0806945264339447,7523.25
2015,1775530344.3910413,optimizer,0.002496592700481415,7523.25
2016,1775530344.4979582,forward,0.035804472863674164,7523.25
2016,1775530344.5789406,backward,0.08085459284484386,7523.25
2016,1775530344.5815713,optimizer,0.0024813730269670486,7523.25
2017,1775530344.6860726,forward,0.03581546060740948,7523.25
2017,1775530344.7668798,backward,0.0806733313947916,7523.25
2017,1775530344.7695367,optimizer,0.0025023426860570908,7523.25
2018,1775530344.8733428,forward,0.035838525742292404,7523.25
2018,1775530344.9541502,backward,0.08067465014755726,7523.25
2018,1775530344.9567935,optimizer,0.0024896636605262756,7523.25
2019,1775530345.0641055,forward,0.0358132254332304,7523.25
2019,1775530345.1451612,backward,0.08092370256781578,7523.25
2019,1775530345.1478217,optimizer,0.002501964569091797,7523.25
2020,1775530345.2539456,forward,0.03582908399403095,7523.25
2020,1775530345.3347383,backward,0.08066380023956299,7523.25
2020,1775530345.3373575,optimizer,0.0024667121469974518,7523.25
2021,1775530345.4458342,forward,0.0358267929404974,7523.25
2021,1775530345.526628,backward,0.08066195994615555,7523.25
2021,1775530345.5292854,optimizer,0.002506352961063385,7523.25
2022,1775530345.6358218,forward,0.03579015098512173,7523.25
2022,1775530345.716754,backward,0.08080387488007545,7523.25
2022,1775530345.7194026,optimizer,0.0024969149380922318,7523.25
2023,1775530345.8269951,forward,0.03588474355638027,7523.25
2023,1775530345.9077253,backward,0.08060351945459843,7523.25
2023,1775530345.9103777,optimizer,0.0024999137967824936,7523.25
2024,1775530346.014286,forward,0.035825811326503754,7523.25
2024,1775530346.0950558,backward,0.08064539171755314,7523.25
2024,1775530346.0976999,optimizer,0.0024920031428337097,7523.25
2025,1775530346.2006595,forward,0.03588273376226425,7523.25
2025,1775530346.2816894,backward,0.08089712634682655,7523.25
2025,1775530346.2843451,optimizer,0.0025061853229999542,7523.25
2026,1775530346.3905091,forward,0.03583679161965847,7523.25
2026,1775530346.4711547,backward,0.08051769994199276,7523.25
2026,1775530346.4737997,optimizer,0.0024949349462985992,7523.25
2027,1775530346.5797167,forward,0.035801852121949196,7523.25
2027,1775530346.660801,backward,0.08095580339431763,7523.25
2027,1775530346.6634703,optimizer,0.002416832372546196,7523.25
2028,1775530346.7724657,forward,0.03580342233181,7523.25
2028,1775530346.8532405,backward,0.08064872957766056,7523.25
2028,1775530346.8558822,optimizer,0.0024894848465919495,7523.25
2029,1775530346.9635117,forward,0.03583858348429203,7523.25
2029,1775530347.044574,backward,0.08092968538403511,7523.25
2029,1775530347.0472293,optimizer,0.0025084633380174637,7523.25
2030,1775530347.1490288,forward,0.03588029183447361,7523.25
2030,1775530347.229734,backward,0.08057620748877525,7523.25
2030,1775530347.2323728,optimizer,0.0024905353784561157,7523.25
2031,1775530347.3327408,forward,0.03585091233253479,7523.25
2031,1775530347.4135177,backward,0.08064819127321243,7523.25
2031,1775530347.4161673,optimizer,0.002489142119884491,7523.25
2032,1775530347.5184956,forward,0.03579661250114441,7523.25
2032,1775530347.5995278,backward,0.08090896345674992,7523.25
2032,1775530347.6021638,optimizer,0.0024829041212797165,7523.25
2033,1775530347.7055995,forward,0.03589985333383083,7523.25
2033,1775530347.786474,backward,0.08074475079774857,7523.25
2033,1775530347.7891178,optimizer,0.00249350443482399,7523.25
2034,1775530347.8980465,forward,0.03583682328462601,7523.25
2034,1775530347.9790783,backward,0.08090238645672798,7523.25
2034,1775530347.9817276,optimizer,0.002497555688023567,7523.25
2035,1775530348.0893035,forward,0.03586212359368801,7523.25
2035,1775530348.169967,backward,0.08053368702530861,7523.25
2035,1775530348.1726105,optimizer,0.0024872440844774246,7523.25
2036,1775530348.284145,forward,0.036189207807183266,7523.25
2036,1775530348.3650768,backward,0.08080170303583145,7523.25
2036,1775530348.36773,optimizer,0.0025020334869623184,7523.25
2037,1775530348.476889,forward,0.03584660030901432,7523.25
2037,1775530348.5578513,backward,0.08083205670118332,7523.25
2037,1775530348.5604935,optimizer,0.002493740990757942,7523.25
2038,1775530348.6695592,forward,0.0358623918145895,7523.25
2038,1775530348.750278,backward,0.08058666996657848,7523.25
2038,1775530348.7529216,optimizer,0.002491343766450882,7523.25
2039,1775530348.8581703,forward,0.03581637144088745,7523.25
2039,1775530348.9392264,backward,0.08092840574681759,7523.25
2039,1775530348.9418387,optimizer,0.0022132284939289093,7523.25
2040,1775530349.0444877,forward,0.035820599645376205,7523.25
2040,1775530349.1253211,backward,0.08070076070725918,7523.25
2040,1775530349.1279411,optimizer,0.002204509451985359,7523.25
2041,1775530349.2347636,forward,0.03578534163534641,7523.25
2041,1775530349.3156998,backward,0.08080905489623547,7523.25
2041,1775530349.3183463,optimizer,0.0024978220462799072,7523.25
2042,1775530349.426646,forward,0.03588186204433441,7523.25
2042,1775530349.5073295,backward,0.08055423945188522,7523.25
2042,1775530349.509996,optimizer,0.0025124214589595795,7523.25
2043,1775530349.6152253,forward,0.035840483382344246,7523.25
2043,1775530349.696191,backward,0.08083880320191383,7523.25
2043,1775530349.6988466,optimizer,0.00250246562063694,7523.25
2044,1775530349.8075418,forward,0.035907914862036705,7523.25
2044,1775530349.8882353,backward,0.08056153729557991,7523.25
2044,1775530349.8908777,optimizer,0.002490183338522911,7523.25
2045,1775530349.9973626,forward,0.035847872495651245,7523.25
2045,1775530350.0783868,backward,0.08089382573962212,7523.25
2045,1775530350.081035,optimizer,0.0024928152561187744,7523.25
2046,1775530350.1861038,forward,0.0358695425093174,7523.25
2046,1775530350.2668068,backward,0.08057282865047455,7523.25
2046,1775530350.269371,optimizer,0.002409260720014572,7523.25
2047,1775530350.3744068,forward,0.03581708297133446,7523.25
2047,1775530350.455395,backward,0.08086062408983707,7523.25
2047,1775530350.4579659,optimizer,0.002420073375105858,7523.25
2048,1775530350.5634048,forward,0.0358303040266037,7523.25
2048,1775530350.6444361,backward,0.08073221147060394,7523.25
2048,1775530350.647109,optimizer,0.002519676461815834,7523.25
2049,1775530350.8286383,forward,0.035883741453289986,7523.25
2049,1775530350.909306,backward,0.08053908869624138,7523.25
2049,1775530350.911963,optimizer,0.0025057364255189896,7523.25
2050,1775530351.0137465,forward,0.03583524189889431,7523.25
2050,1775530351.0947175,backward,0.08084304444491863,7523.25
2050,1775530351.0973608,optimizer,0.0024898145347833633,7523.25
2051,1775530351.2017412,forward,0.0357816107571125,7523.25
2051,1775530351.282751,backward,0.08088255301117897,7523.25
2051,1775530351.285393,optimizer,0.0024949628859758377,7523.25
2052,1775530351.386897,forward,0.03586194105446339,7523.25
2052,1775530351.4675536,backward,0.08052780851721764,7523.25
2052,1775530351.470197,optimizer,0.0024915728718042374,7523.25
2053,1775530351.5705552,forward,0.03580237366259098,7523.25
2053,1775530351.651373,backward,0.08068365976214409,7523.25
2053,1775530351.6539924,optimizer,0.0024720635265111923,7523.25
2054,1775530351.758137,forward,0.03581228293478489,7523.25
2054,1775530351.8391623,backward,0.08089988678693771,7523.25
2054,1775530351.8417878,optimizer,0.0024758633226156235,7523.25
2055,1775530351.9434397,forward,0.035803159698843956,7523.25
2055,1775530352.0243711,backward,0.08080128394067287,7523.25
2055,1775530352.0270236,optimizer,0.002498820424079895,7523.25
2056,1775530352.1263556,forward,0.035821620374917984,7523.25
2056,1775530352.207065,backward,0.08058233000338078,7523.25
2056,1775530352.2096353,optimizer,0.002419373020529747,7523.25
2057,1775530352.3159895,forward,0.0358294527977705,7523.25
2057,1775530352.3969276,backward,0.08080867305397987,7523.25
2057,1775530352.399584,optimizer,0.002508232370018959,7523.25
2058,1775530352.5047457,forward,0.03587125241756439,7523.25
2058,1775530352.5855825,backward,0.08070379309356213,7523.25
2058,1775530352.5881703,optimizer,0.00243450328707695,7523.25
2059,1775530352.6931796,forward,0.03583880327641964,7523.25
2059,1775530352.7741714,backward,0.0808617565780878,7523.25
2059,1775530352.7768245,optimizer,0.0024993810802698135,7523.25
2060,1775530352.8776789,forward,0.035864634439349174,7523.25
2060,1775530352.9587612,backward,0.08095564506947994,7523.25
2060,1775530352.9614103,optimizer,0.0025008339434862137,7523.25
2061,1775530353.069615,forward,0.03581562079489231,7523.25
2061,1775530353.1503375,backward,0.08059277012944221,7523.25
2061,1775530353.1529808,optimizer,0.0024897735565900803,7523.25
2062,1775530353.2530313,forward,0.035844312980771065,7523.25
2062,1775530353.3339984,backward,0.08083524368703365,7523.25
2062,1775530353.3366256,optimizer,0.0024825632572174072,7523.25
2063,1775530353.4406722,forward,0.03586672060191631,7523.25
2063,1775530353.5216744,backward,0.0808757059276104,7523.25
2063,1775530353.5242467,optimizer,0.00241682305932045,7523.25
2064,1775530353.62915,forward,0.035831743851304054,7523.25
2064,1775530353.7098517,backward,0.08057526685297489,7523.25
2064,1775530353.7124844,optimizer,0.002480221912264824,7523.25
2065,1775530353.8183234,forward,0.03582078032195568,7523.25
2065,1775530353.8994703,backward,0.08102282509207726,7523.25
2065,1775530353.9020402,optimizer,0.0024194326251745224,7523.25
2066,1775530354.0091844,forward,0.03585447184741497,7523.25
2066,1775530354.0899472,backward,0.0806279294192791,7523.25
2066,1775530354.0925913,optimizer,0.0024918951094150543,7523.25
2067,1775530354.1976507,forward,0.035834161564707756,7523.25
2067,1775530354.2787051,backward,0.08092408627271652,7523.25
2067,1775530354.281297,optimizer,0.002440081909298897,7523.25
2068,1775530354.383324,forward,0.035852864384651184,7523.25
2068,1775530354.464128,backward,0.08067676052451134,7523.25
2068,1775530354.4667704,optimizer,0.0024920236319303513,7523.25
2069,1775530354.567848,forward,0.035834772512316704,7523.25
2069,1775530354.6484985,backward,0.08052250742912292,7523.25
2069,1775530354.6511414,optimizer,0.0024906545877456665,7523.25
2070,1775530354.7588427,forward,0.03582035191357136,7523.25
2070,1775530354.8398693,backward,0.08089480362832546,7523.25
2070,1775530354.8425114,optimizer,0.002492304891347885,7523.25
2071,1775530354.948866,forward,0.0358502846211195,7523.25
2071,1775530355.0296564,backward,0.08066467940807343,7523.25
2071,1775530355.03229,optimizer,0.0024789758026599884,7523.25
2072,1775530355.1370971,forward,0.03581656329333782,7523.25
2072,1775530355.218191,backward,0.08096286654472351,7523.25
2072,1775530355.2208173,optimizer,0.002475351095199585,7523.25
2073,1775530355.3279388,forward,0.03584794141352177,7523.25
2073,1775530355.4086044,backward,0.08054079860448837,7523.25
2073,1775530355.411255,optimizer,0.0024980735033750534,7523.25
2074,1775530355.5122607,forward,0.035827651619911194,7523.25
2074,1775530355.5932012,backward,0.0808083824813366,7523.25
2074,1775530355.5958374,optimizer,0.0024828221648931503,7523.25
2075,1775530355.7028234,forward,0.03580926172435284,7523.25
2075,1775530355.7836797,backward,0.08068508841097355,7523.25
2075,1775530355.7863886,optimizer,0.0024954229593276978,7523.25
2076,1775530355.889815,forward,0.03582173213362694,7523.25
2076,1775530355.970606,backward,0.08066300861537457,7523.25
2076,1775530355.9732537,optimizer,0.0024948716163635254,7523.25
2077,1775530356.0802503,forward,0.035847581923007965,7523.25
2077,1775530356.1613026,backward,0.08092414401471615,7523.25
2077,1775530356.1639597,optimizer,0.002507254481315613,7523.25
2078,1775530356.266772,forward,0.03589874505996704,7523.25
2078,1775530356.3474402,backward,0.08053797855973244,7523.25
2078,1775530356.3500893,optimizer,0.0025014150887727737,7523.25
2079,1775530356.4568837,forward,0.035888923332095146,7523.25
2079,1775530356.5379925,backward,0.08098104596138,7523.25
2079,1775530356.5406234,optimizer,0.0024838726967573166,7523.25
2080,1775530356.6469266,forward,0.03587023541331291,7523.25
2080,1775530356.727667,backward,0.08061477728188038,7523.25
2080,1775530356.7303107,optimizer,0.002495037391781807,7523.25
2081,1775530356.8374686,forward,0.03581983223557472,7523.25
2081,1775530356.9185822,backward,0.0809833686798811,7523.25
2081,1775530356.9212458,optimizer,0.0025010202080011368,7523.25
2082,1775530357.024118,forward,0.03587852045893669,7523.25
2082,1775530357.1048574,backward,0.08061066083610058,7523.25
2082,1775530357.1075177,optimizer,0.0025077424943447113,7523.25
2083,1775530357.2129326,forward,0.035836631432175636,7523.25
2083,1775530357.293872,backward,0.08081294409930706,7523.25
2083,1775530357.2964852,optimizer,0.0022188201546669006,7523.25
2084,1775530357.4036236,forward,0.03602685406804085,7523.25
2084,1775530357.4845896,backward,0.08079145289957523,7523.25
2084,1775530357.4873154,optimizer,0.0023057926446199417,7523.25
2085,1775530357.5938394,forward,0.03584745340049267,7523.25
2085,1775530357.67485,backward,0.08088068477809429,7523.25
2085,1775530357.67749,optimizer,0.0024918541312217712,7523.25
2086,1775530357.7796876,forward,0.035818999633193016,7523.25
2086,1775530357.860746,backward,0.08092653565108776,7523.25
2086,1775530357.8633928,optimizer,0.0024964623153209686,7523.25
2087,1775530358.0432932,forward,0.03587392158806324,7523.25
2087,1775530358.1241293,backward,0.08060754090547562,7523.25
2087,1775530358.1267724,optimizer,0.00249493308365345,7523.25
2088,1775530358.22749,forward,0.03584927320480347,7523.25
2088,1775530358.3082337,backward,0.08061574958264828,7523.25
2088,1775530358.3108761,optimizer,0.0024931225925683975,7523.25
2089,1775530358.4148648,forward,0.035828832536935806,7523.25
2089,1775530358.4959357,backward,0.08094317652285099,7523.25
2089,1775530358.498574,optimizer,0.00249304436147213,7523.25
2090,1775530358.604839,forward,0.035899242386221886,7523.25
2090,1775530358.685594,backward,0.08062086813151836,7523.25
2090,1775530358.6882405,optimizer,0.0024931225925683975,7523.25
2091,1775530358.793392,forward,0.03582276217639446,7523.25
2091,1775530358.874344,backward,0.0808192640542984,7523.25
2091,1775530358.8769872,optimizer,0.0024899542331695557,7523.25
2092,1775530358.9830203,forward,0.035877831280231476,7523.25
2092,1775530359.0638676,backward,0.08071509189903736,7523.25
2092,1775530359.066507,optimizer,0.0024864934384822845,7523.25
2093,1775530359.166268,forward,0.0358570609241724,7523.25
2093,1775530359.2469704,backward,0.0805737879127264,7523.25
2093,1775530359.249627,optimizer,0.002503214403986931,7523.25
2094,1775530359.3531528,forward,0.03585168533027172,7523.25
2094,1775530359.4340658,backward,0.08078817091882229,7523.25
2094,1775530359.436698,optimizer,0.0024867653846740723,7523.25
2095,1775530359.5408738,forward,0.03585845045745373,7523.25
2095,1775530359.6218102,backward,0.08080540411174297,7523.25
2095,1775530359.6244652,optimizer,0.002503383904695511,7523.25
2096,1775530359.7294018,forward,0.0358286015689373,7523.25
2096,1775530359.810224,backward,0.08068547211587429,7523.25
2096,1775530359.8128567,optimizer,0.002480302006006241,7523.25
2097,1775530359.912868,forward,0.03586181066930294,7523.25
2097,1775530359.9938285,backward,0.0808286052197218,7523.25
2097,1775530359.9964805,optimizer,0.0024988744407892227,7523.25
2098,1775530360.103473,forward,0.03589176386594772,7523.25
2098,1775530360.1841776,backward,0.08057691901922226,7523.25
2098,1775530360.1868012,optimizer,0.0024692323058843613,7523.25
2099,1775530360.292358,forward,0.035844262689352036,7523.25
2099,1775530360.373371,backward,0.0808775033801794,7523.25
2099,1775530360.376013,optimizer,0.0024919621646404266,7523.25
2100,1775530360.4766579,forward,0.03585347160696983,7523.25
2100,1775530360.5577226,backward,0.08093631453812122,7523.25
2100,1775530360.560381,optimizer,0.0025084633380174637,7523.25
2101,1775530360.6656346,forward,0.03589947335422039,7523.25
2101,1775530360.7462776,backward,0.08051537163555622,7523.25
2101,1775530360.748918,optimizer,0.0024899039417505264,7523.25
2102,1775530360.854415,forward,0.03579454869031906,7523.25
2102,1775530360.9354427,backward,0.08090085349977016,7523.25
2102,1775530360.9380722,optimizer,0.002484593540430069,7523.25
2103,1775530361.0413034,forward,0.035843951627612114,7523.25
2103,1775530361.1221566,backward,0.08072222210466862,7523.25
2103,1775530361.1248062,optimizer,0.0024744439870119095,7523.25
2104,1775530361.2298903,forward,0.03581714257597923,7523.25
2104,1775530361.3107293,backward,0.08070909976959229,7523.25
2104,1775530361.3133721,optimizer,0.002490641549229622,7523.25
2105,1775530361.4145033,forward,0.035840122029185295,7523.25
2105,1775530361.495567,backward,0.08093425445258617,7523.25
2105,1775530361.4981863,optimizer,0.002471044659614563,7523.25
2106,1775530361.6060605,forward,0.03583940491080284,7523.25
2106,1775530361.68674,backward,0.0805528275668621,7523.25
2106,1775530361.6893723,optimizer,0.0024843551218509674,7523.25
2107,1775530361.7963192,forward,0.035873183980584145,7523.25
2107,1775530361.877385,backward,0.08093222416937351,7523.25
2107,1775530361.8800611,optimizer,0.0024869125336408615,7523.25
2108,1775530361.986565,forward,0.03583012335002422,7523.25
2108,1775530362.0672817,backward,0.0805882103741169,7523.25
2108,1775530362.0699177,optimizer,0.002484463155269623,7523.25
2109,1775530362.1771727,forward,0.035801831632852554,7523.25
2109,1775530362.2582476,backward,0.08094396628439426,7523.25
2109,1775530362.2608914,optimizer,0.002492934465408325,7523.25
2110,1775530362.3683305,forward,0.035820551216602325,7523.25
2110,1775530362.449121,backward,0.08066137880086899,7523.25
2110,1775530362.451757,optimizer,0.0024861637502908707,7523.25
2111,1775530362.560616,forward,0.03584898076951504,7523.25
2111,1775530362.641694,backward,0.08068540133535862,7523.25
2111,1775530362.6443293,optimizer,0.0024864207953214645,7523.25
2112,1775530362.7500422,forward,0.0358162596821785,7523.25
2112,1775530362.8309762,backward,0.0808076523244381,7523.25
2112,1775530362.8336105,optimizer,0.002486594021320343,7523.25
2113,1775530362.9340937,forward,0.03583030216395855,7523.25
2113,1775530363.015161,backward,0.08093970268964767,7523.25
2113,1775530363.0178149,optimizer,0.0024993140250444412,7523.25
2114,1775530363.1247458,forward,0.03588169068098068,7523.25
2114,1775530363.2053642,backward,0.08049256727099419,7523.25
2114,1775530363.2080016,optimizer,0.0024846717715263367,7523.25
2115,1775530363.3138576,forward,0.03586038202047348,7523.25
2115,1775530363.3949506,backward,0.08096250891685486,7523.25
2115,1775530363.397597,optimizer,0.002387870103120804,7523.25
2116,1775530363.5039291,forward,0.035847874358296394,7523.25
2116,1775530363.5845938,backward,0.08053693734109402,7523.25
2116,1775530363.5872521,optimizer,0.0025088638067245483,7523.25
2117,1775530363.694782,forward,0.035848502069711685,7523.25
2117,1775530363.7758837,backward,0.08097387664020061,7523.25
2117,1775530363.7785246,optimizer,0.002491094172000885,7523.25
2118,1775530363.8854096,forward,0.03583344258368015,7523.25
2118,1775530363.9660945,backward,0.08054993860423565,7523.25
2118,1775530363.9687178,optimizer,0.0024739019572734833,7523.25
2119,1775530364.0709472,forward,0.03582936339080334,7523.25
2119,1775530364.151916,backward,0.0808373037725687,7523.25
2119,1775530364.1545608,optimizer,0.002494603395462036,7523.25
2120,1775530364.2598047,forward,0.035805752500891685,7523.25
2120,1775530364.340659,backward,0.0807290393859148,7523.25
2120,1775530364.3433037,optimizer,0.002494504675269127,7523.25
2121,1775530364.4429977,forward,0.03585036285221577,7523.25
2121,1775530364.523685,backward,0.08055487833917141,7523.25
2121,1775530364.526329,optimizer,0.0024913642555475235,7523.25
2122,1775530364.6317682,forward,0.035832274705171585,7523.25
2122,1775530364.7127635,backward,0.08086887560784817,7523.25
2122,1775530364.7154036,optimizer,0.0024870336055755615,7523.25
2123,1775530364.823098,forward,0.035879261791706085,7523.25
2123,1775530364.9037695,backward,0.08053826913237572,7523.25
2123,1775530364.9064074,optimizer,0.0024886243045330048,7523.25
2124,1775530365.0076547,forward,0.035826731473207474,7523.25
2124,1775530365.088463,backward,0.08068027161061764,7523.25
2124,1775530365.0911112,optimizer,0.002498231828212738,7523.25
2125,1775530365.1920824,forward,0.03584745340049267,7523.25
2125,1775530365.272987,backward,0.08077287301421165,7523.25
2125,1775530365.2756512,optimizer,0.0025136955082416534,7523.25
2126,1775530365.3791106,forward,0.03580678068101406,7523.25
2126,1775530365.4599986,backward,0.08076076209545135,7523.25
2126,1775530365.4626336,optimizer,0.002483803778886795,7523.25
2127,1775530365.5701573,forward,0.03584601171314716,7523.25
2127,1775530365.6511312,backward,0.08084210567176342,7523.25
2127,1775530365.653769,optimizer,0.002489672973752022,7523.25
2128,1775530365.7604,forward,0.03590604476630688,7523.25
2128,1775530365.8412158,backward,0.08068982139229774,7523.25
2128,1775530365.8438334,optimizer,0.0021991971880197525,7523.25
2129,1775530365.9500678,forward,0.03582165017724037,7523.25
2129,1775530366.0310552,backward,0.0808554831892252,7523.25
2129,1775530366.033722,optimizer,0.0025143641978502274,7523.25
2130,1775530366.1387787,forward,0.035819731652736664,7523.25
2130,1775530366.2196705,backward,0.0807650126516819,7523.25
2130,1775530366.2223015,optimizer,0.0024813544005155563,7523.25
2131,1775530366.328133,forward,0.03581419214606285,7523.25
2131,1775530366.4089992,backward,0.08073308132588863,7523.25
2131,1775530366.4116597,optimizer,0.002511255443096161,7523.25
2132,1775530366.5200891,forward,0.035910021513700485,7523.25
2132,1775530366.6009438,backward,0.08071518130600452,7523.25
2132,1775530366.60362,optimizer,0.0025202836841344833,7523.25
2133,1775530366.7088675,forward,0.03586406260728836,7523.25
2133,1775530366.789836,backward,0.08083808235824108,7523.25
2133,1775530366.792496,optimizer,0.0025046449154615402,7523.25
2134,1775530366.901123,forward,0.03587998449802399,7523.25
2134,1775530366.9818213,backward,0.08057195693254471,7523.25
2134,1775530366.9844499,optimizer,0.002475263550877571,7523.25
2135,1775530367.0898244,forward,0.035785071551799774,7523.25
2135,1775530367.1707785,backward,0.08082163333892822,7523.25
2135,1775530367.1734214,optimizer,0.002490820363163948,7523.25
2136,1775530367.282465,forward,0.03587602451443672,7523.25
2136,1775530367.3631544,backward,0.08056160993874073,7523.25
2136,1775530367.3657932,optimizer,0.002485223114490509,7523.25
2137,1775530367.469276,forward,0.03587096184492111,7523.25
2137,1775530367.5502586,backward,0.08085651509463787,7523.25
2137,1775530367.552903,optimizer,0.002493191510438919,7523.25
2138,1775530367.6594872,forward,0.03585692122578621,7523.25
2138,1775530367.7403424,backward,0.08070163987576962,7523.25
2138,1775530367.742976,optimizer,0.0024877935647964478,7523.25
2139,1775530367.844595,forward,0.03586637228727341,7523.25
2139,1775530367.9253552,backward,0.08063144981861115,7523.25
2139,1775530367.9280055,optimizer,0.002499423921108246,7523.25
2140,1775530368.0295672,forward,0.035805052146315575,7523.25
2140,1775530368.1105244,backward,0.08082699403166771,7523.25
2140,1775530368.113142,optimizer,0.0024671219289302826,7523.25
2141,1775530368.2156093,forward,0.03578680939972401,7523.25
2141,1775530368.296652,backward,0.08091236650943756,7523.25
2141,1775530368.299301,optimizer,0.0024947840720415115,7523.25
2142,1775530368.4068472,forward,0.03581351041793823,7523.25
2142,1775530368.4876647,backward,0.08068965934216976,7523.25
2142,1775530368.490304,optimizer,0.0024862047284841537,7523.25
2143,1775530368.5967572,forward,0.03585401177406311,7523.25
2143,1775530368.6777852,backward,0.08089614287018776,7523.25
2143,1775530368.680424,optimizer,0.002489563077688217,7523.25
2144,1775530368.786588,forward,0.03581961989402771,7523.25
2144,1775530368.8673747,backward,0.08066000044345856,7523.25
2144,1775530368.8699985,optimizer,0.0024745911359786987,7523.25
2145,1775530368.975117,forward,0.03580508194863796,7523.25
2145,1775530369.0561883,backward,0.08094167709350586,7523.25
2145,1775530369.058849,optimizer,0.0025073327124118805,7523.25
2146,1775530369.1651645,forward,0.03582564368844032,7523.25
2146,1775530369.2459428,backward,0.08065241202712059,7523.25
2146,1775530369.2485776,optimizer,0.002486191689968109,7523.25
2147,1775530369.3543227,forward,0.03580465167760849,7523.25
2147,1775530369.435349,backward,0.08089482225477695,7523.25
2147,1775530369.4379828,optimizer,0.0024875346571207047,7523.25
2148,1775530369.542398,forward,0.03582284227013588,7523.25
2148,1775530369.6230032,backward,0.08048011735081673,7523.25
2148,1775530369.625655,optimizer,0.0024997852742671967,7523.25
2149,1775530369.7322075,forward,0.03583024442195892,7523.25
2149,1775530369.8132718,backward,0.08093456737697124,7523.25
2149,1775530369.8159282,optimizer,0.0025065038353204727,7523.25
2150,1775530369.9218812,forward,0.035834161564707756,7523.25
2150,1775530370.002555,backward,0.08054699003696442,7523.25
2150,1775530370.005187,optimizer,0.002486763522028923,7523.25
2151,1775530370.1115646,forward,0.03582093119621277,7523.25
2151,1775530370.192637,backward,0.08094071410596371,7523.25
2151,1775530370.19529,optimizer,0.0024984553456306458,7523.25
2152,1775530370.300898,forward,0.035923732444643974,7523.25
2152,1775530370.3815854,backward,0.08055883832275867,7523.25
2152,1775530370.38422,optimizer,0.0024821143597364426,7523.25
2153,1775530370.488494,forward,0.03580550290644169,7523.25
2153,1775530370.5694654,backward,0.0808430016040802,7523.25
2153,1775530370.572112,optimizer,0.0024931244552135468,7523.25
2154,1775530370.6752374,forward,0.035798393189907074,7523.25
2154,1775530370.7561984,backward,0.08083363249897957,7523.25
2154,1775530370.7588325,optimizer,0.002483740448951721,7523.25
2155,1775530370.8652694,forward,0.03582715056836605,7523.25
2155,1775530370.9460912,backward,0.08069085329771042,7523.25
2155,1775530370.9487221,optimizer,0.0024826806038618088,7523.25
2156,1775530371.0556877,forward,0.03579912520945072,7523.25
2156,1775530371.1366835,backward,0.08086947165429592,7523.25
2156,1775530371.1393495,optimizer,0.002510862424969673,7523.25
2157,1775530371.2460818,forward,0.035833701491355896,7523.25
2157,1775530371.3268688,backward,0.08065974339842796,7523.25
2157,1775530371.3295062,optimizer,0.002486051991581917,7523.25
2158,1775530371.4365733,forward,0.03584815189242363,7523.25
2158,1775530371.5174417,backward,0.08073952421545982,7523.25
2158,1775530371.5200653,optimizer,0.002467110753059387,7523.25
2159,1775530371.6236382,forward,0.0357874296605587,7523.25
2159,1775530371.7043686,backward,0.08059812895953655,7523.25
2159,1775530371.7070212,optimizer,0.002395300194621086,7523.25
2160,1775530371.8147783,forward,0.035806091502308846,7523.25
2160,1775530371.8958142,backward,0.08090929314494133,7523.25
2160,1775530371.8984644,optimizer,0.002496805042028427,7523.25
2161,1775530372.0005941,forward,0.035879021510481834,7523.25
2161,1775530372.0812662,backward,0.08054430782794952,7523.25
2161,1775530372.0839336,optimizer,0.002513682469725609,7523.25
2162,1775530372.1860442,forward,0.03582691214978695,7523.25
2162,1775530372.2668307,backward,0.08065850101411343,7523.25
2162,1775530372.2694516,optimizer,0.0024718642234802246,7523.25
2163,1775530372.3761132,forward,0.035855863243341446,7523.25
2163,1775530372.4572294,backward,0.08098229765892029,7523.25
2163,1775530372.4598868,optimizer,0.002506094053387642,7523.25
2164,1775530372.561029,forward,0.03588244132697582,7523.25
2164,1775530372.6416552,backward,0.08050306886434555,7523.25
2164,1775530372.644302,optimizer,0.002495972439646721,7523.25
2165,1775530372.823178,forward,0.03583800233900547,7523.25
2165,1775530372.9039524,backward,0.0806435514241457,7523.25
2165,1775530372.906593,optimizer,0.0024895314127206802,7523.25
2166,1775530373.0068977,forward,0.03581718169152737,7523.25
2166,1775530373.087874,backward,0.08084787428379059,7523.25
2166,1775530373.0905185,optimizer,0.0024909917265176773,7523.25
2167,1775530373.1938891,forward,0.035801952704787254,7523.25
2167,1775530373.2749207,backward,0.0809016041457653,7523.25
2167,1775530373.2775412,optimizer,0.002471392974257469,7523.25
2168,1775530373.3824987,forward,0.035804418846964836,7523.25
2168,1775530373.4631522,backward,0.08052306063473225,7523.25
2168,1775530373.4657836,optimizer,0.0024816542863845825,7523.25
2169,1775530373.5712302,forward,0.035845622420310974,7523.25
2169,1775530373.6523454,backward,0.0809875950217247,7523.25
2169,1775530373.6549838,optimizer,0.0024901721626520157,7523.25
2170,1775530373.7564504,forward,0.035825854167342186,7523.25
2170,1775530373.837333,backward,0.08075291104614735,7523.25
2170,1775530373.8399756,optimizer,0.0024904049932956696,7523.25
2171,1775530373.946861,forward,0.03580645099282265,7523.25
2171,1775530374.0278337,backward,0.08084779605269432,7523.25
2171,1775530374.0304573,optimizer,0.0022171679884195328,7523.25
2172,1775530374.132406,forward,0.035794563591480255,7523.25
2172,1775530374.2134397,backward,0.0809010248631239,7523.25
2172,1775530374.216065,optimizer,0.002211248502135277,7523.25
2173,1775530374.3202593,forward,0.03587769344449043,7523.25
2173,1775530374.400992,backward,0.08060266077518463,7523.25
2173,1775530374.4036317,optimizer,0.002488270401954651,7523.25
2174,1775530374.5060906,forward,0.03585059195756912,7523.25
2174,1775530374.5870762,backward,0.0808558240532875,7523.25
2174,1775530374.5897295,optimizer,0.0025019627064466476,7523.25
2175,1775530374.6914861,forward,0.03580543212592602,7523.25
2175,1775530374.7725532,backward,0.08093774691224098,7523.25
2175,1775530374.7752018,optimizer,0.002498762682080269,7523.25
2176,1775530374.8841364,forward,0.03583268076181412,7523.25
2176,1775530374.9649153,backward,0.08064688742160797,7523.25
2176,1775530374.967556,optimizer,0.0024916809052228928,7523.25
2177,1775530375.0715346,forward,0.03578714095056057,7523.25
2177,1775530375.1526647,backward,0.0810012761503458,7523.25
2177,1775530375.1553602,optimizer,0.0025447849184274673,7523.25
2178,1775530375.2611892,forward,0.03586701303720474,7523.25
2178,1775530375.3418052,backward,0.08048534765839577,7523.25
2178,1775530375.3444467,optimizer,0.0024906136095523834,7523.25
2179,1775530375.4499993,forward,0.03583604283630848,7523.25
2179,1775530375.5310018,backward,0.08087668381631374,7523.25
2179,1775530375.5336537,optimizer,0.002499723806977272,7523.25
2180,1775530375.6406794,forward,0.036468520760536194,7523.25
2180,1775530375.7214327,backward,0.08060161024332047,7523.25
2180,1775530375.7241313,optimizer,0.0025417450815439224,7523.25
2181,1775530375.8298295,forward,0.035832662135362625,7523.25
2181,1775530375.9108834,backward,0.0809260755777359,7523.25
2181,1775530375.9135141,optimizer,0.002480505034327507,7523.25
2182,1775530376.0152,forward,0.03579489327967167,7523.25
2182,1775530376.0961661,backward,0.08083641342818737,7523.25
2182,1775530376.0988088,optimizer,0.0024936534464359283,7523.25
2183,1775530376.2051463,forward,0.03586064279079437,7523.25
2183,1775530376.2860553,backward,0.08077887259423733,7523.25
2183,1775530376.2886953,optimizer,0.0024874527007341385,7523.25
2184,1775530376.3911192,forward,0.03579469956457615,7523.25
2184,1775530376.4721885,backward,0.08093320392072201,7523.25
2184,1775530376.474822,optimizer,0.0024857837706804276,7523.25
2185,1775530376.581702,forward,0.03581389971077442,7523.25
2185,1775530376.6623971,backward,0.0805668979883194,7523.25
2185,1775530376.66502,optimizer,0.002475423738360405,7523.25
2186,1775530376.7719078,forward,0.035834431648254395,7523.25
2186,1775530376.8528914,backward,0.08085212297737598,7523.25
2186,1775530376.8555615,optimizer,0.0025169737637043,7523.25
2187,1775530376.9627075,forward,0.035838883370161057,7523.25
2187,1775530377.0434887,backward,0.08065500855445862,7523.25
2187,1775530377.0461383,optimizer,0.0024954713881015778,7523.25
2188,1775530377.1540809,forward,0.03583471104502678,7523.25
2188,1775530377.2351222,backward,0.08091285265982151,7523.25
2188,1775530377.2377715,optimizer,0.0024939347058534622,7523.25
2189,1775530377.3384228,forward,0.03585833124816418,7523.25
2189,1775530377.4190676,backward,0.08051250874996185,7523.25
2189,1775530377.4217007,optimizer,0.002481382340192795,7523.25
2190,1775530377.5253508,forward,0.03583647310733795,7523.25
2190,1775530377.606226,backward,0.08074118196964264,7523.25
2190,1775530377.608874,optimizer,0.0024949926882982254,7523.25
2191,1775530377.7160594,forward,0.035836780443787575,7523.25
2191,1775530377.796869,backward,0.08068147115409374,7523.25
2191,1775530377.7995038,optimizer,0.002487482503056526,7523.25
2192,1775530377.9041977,forward,0.03584589250385761,7523.25
2192,1775530377.9850848,backward,0.08075277879834175,7523.25
2192,1775530377.9877362,optimizer,0.002505345270037651,7523.25
2193,1775530378.0892227,forward,0.035796891897916794,7523.25
2193,1775530378.170318,backward,0.08096830546855927,7523.25
2193,1775530378.172973,optimizer,0.0024973340332508087,7523.25
2194,1775530378.2771785,forward,0.03589063324034214,7523.25
2194,1775530378.3579552,backward,0.08064725995063782,7523.25
2194,1775530378.360595,optimizer,0.0024900026619434357,7523.25
2195,1775530378.4643645,forward,0.035840531811118126,7523.25
2195,1775530378.5452511,backward,0.08076198026537895,7523.25
2195,1775530378.5479102,optimizer,0.0025117043405771255,7523.25
2196,1775530378.6554627,forward,0.035816311836242676,7523.25
2196,1775530378.7362945,backward,0.08070321194827557,7523.25
2196,1775530378.738941,optimizer,0.0024960339069366455,7523.25
2197,1775530378.8427625,forward,0.03582160174846649,7523.25
2197,1775530378.9235575,backward,0.08066537231206894,7523.25
2197,1775530378.9262154,optimizer,0.0025037508457899094,7523.25
2198,1775530379.0308719,forward,0.03580652363598347,7523.25
2198,1775530379.1119096,backward,0.08090695552527905,7523.25
2198,1775530379.1145446,optimizer,0.0024823620915412903,7523.25
2199,1775530379.2186356,forward,0.035833992063999176,7523.25
2199,1775530379.2992725,backward,0.08050771802663803,7523.25
2199,1775530379.3019109,optimizer,0.0024927351623773575,7523.25
2200,1775530379.4054239,forward,0.03585129417479038,7523.25
2200,1775530379.4864004,backward,0.08084387145936489,7523.25
2200,1775530379.4890301,optimizer,0.0024750325828790665,7523.25
2201,1775530379.5991652,forward,0.03585268184542656,7523.25
2201,1775530379.6798277,backward,0.08053512871265411,7523.25
2201,1775530379.6824698,optimizer,0.002489563077688217,7523.25
2202,1775530379.7834992,forward,0.0358042698353529,7523.25
2202,1775530379.86424,backward,0.08061222918331623,7523.25
2202,1775530379.8668568,optimizer,0.0024677328765392303,7523.25
2203,1775530379.9717233,forward,0.03582075238227844,7523.25
2203,1775530380.052704,backward,0.08085409365594387,7523.25
2203,1775530380.0553372,optimizer,0.002485843375325203,7523.25
2204,1775530380.1612895,forward,0.03583439067006111,7523.25
2204,1775530380.2420523,backward,0.08063550665974617,7523.25
2204,1775530380.244684,optimizer,0.0024811942130327225,7523.25
2205,1775530380.347475,forward,0.035838399082422256,7523.25
2205,1775530380.42846,backward,0.08085226453840733,7523.25
2205,1775530380.431109,optimizer,0.002496805042028427,7523.25
2206,1775530380.5325816,forward,0.03584565222263336,7523.25
2206,1775530380.6135983,backward,0.08089089207351208,7523.25
2206,1775530380.6162314,optimizer,0.002479963004589081,7523.25
2207,1775530380.722329,forward,0.03580347262322903,7523.25
2207,1775530380.8031468,backward,0.08068565092980862,7523.25
2207,1775530380.805783,optimizer,0.002484844997525215,7523.25
2208,1775530380.9071634,forward,0.0358218215405941,7523.25
2208,1775530380.988103,backward,0.08081194013357162,7523.25
2208,1775530380.990743,optimizer,0.002486051991581917,7523.25
2209,1775530381.1005113,forward,0.035857951268553734,7523.25
2209,1775530381.1812267,backward,0.08058086968958378,7523.25
2209,1775530381.1838775,optimizer,0.002499757334589958,7523.25
2210,1775530381.2900999,forward,0.03584192134439945,7523.25
2210,1775530381.3711352,backward,0.08090834319591522,7523.25
2210,1775530381.3737872,optimizer,0.0025012530386447906,7523.25
2211,1775530381.4743948,forward,0.03580252826213837,7523.25
2211,1775530381.5552409,backward,0.08071581274271011,7523.25
2211,1775530381.5578914,optimizer,0.0025020036846399307,7523.25
2212,1775530381.6647735,forward,0.03585513308644295,7523.25
2212,1775530381.7457423,backward,0.0808448139578104,7523.25
2212,1775530381.7483728,optimizer,0.0024808328598737717,7523.25
2213,1775530381.8540108,forward,0.03582353889942169,7523.25
2213,1775530381.9348943,backward,0.08075107261538506,7523.25
2213,1775530381.9375372,optimizer,0.0024889521300792694,7523.25
2214,1775530382.039209,forward,0.035821883007884026,7523.25
2214,1775530382.1198654,backward,0.08052907884120941,7523.25
2214,1775530382.1225007,optimizer,0.0024839043617248535,7523.25
2215,1775530382.223631,forward,0.03578830882906914,7523.25
2215,1775530382.3045323,backward,0.08077126368880272,7523.25
2215,1775530382.307143,optimizer,0.0022140275686979294,7523.25
2216,1775530382.408265,forward,0.03583556227385998,7523.25
2216,1775530382.4893167,backward,0.08092394471168518,7523.25
2216,1775530382.4919462,optimizer,0.002209138125181198,7523.25
2217,1775530382.5980558,forward,0.03586951270699501,7523.25
2217,1775530382.678762,backward,0.0805740412324667,7523.25
2217,1775530382.681403,optimizer,0.002491755411028862,7523.25
2218,1775530382.7887113,forward,0.035861071199178696,7523.25
2218,1775530382.8698008,backward,0.0809580348432064,7523.25
2218,1775530382.8724396,optimizer,0.002489563077688217,7523.25
2219,1775530382.97868,forward,0.035854410380125046,7523.25
2219,1775530383.0593457,backward,0.08053449727594852,7523.25
2219,1775530383.0619779,optimizer,0.0024806540459394455,7523.25
2220,1775530383.165584,forward,0.03584480285644531,7523.25
2220,1775530383.2465234,backward,0.08081404119729996,7523.25
2220,1775530383.2491531,optimizer,0.0024771131575107574,7523.25
2221,1775530383.3510034,forward,0.035808293148875237,7523.25
2221,1775530383.4320405,backward,0.08090723678469658,7523.25
2221,1775530383.4346461,optimizer,0.0024574920535087585,7523.25
2222,1775530383.5351412,forward,0.035874733701348305,7523.25
2222,1775530383.6159394,backward,0.08066484145820141,7523.25
2222,1775530383.6185808,optimizer,0.0024893730878829956,7523.25
2223,1775530383.7195628,forward,0.03581371158361435,7523.25
2223,1775530383.8002906,backward,0.08060039952397346,7523.25
2223,1775530383.8029459,optimizer,0.002498837187886238,7523.25
2224,1775530383.9085212,forward,0.03585631214082241,7523.25
2224,1775530383.989647,backward,0.08099701628088951,7523.25
2224,1775530383.992291,optimizer,0.002492723986506462,7523.25
2225,1775530384.0948462,forward,0.035868121311068535,7523.25
2225,1775530384.1756086,backward,0.08063695952296257,7523.25
2225,1775530384.17824,optimizer,0.002481723204255104,7523.25
2226,1775530384.2870977,forward,0.03585481271147728,7523.25
2226,1775530384.3681505,backward,0.08092284575104713,7523.25
2226,1775530384.3707886,optimizer,0.0024878233671188354,7523.25
2227,1775530384.4733458,forward,0.03583359159529209,7523.25
2227,1775530384.5542212,backward,0.08074887096881866,7523.25
2227,1775530384.5568674,optimizer,0.0024917852133512497,7523.25
2228,1775530384.663433,forward,0.035838840529322624,7523.25
2228,1775530384.744392,backward,0.08083115331828594,7523.25
2228,1775530384.7474742,optimizer,0.002900499850511551,7523.25
2229,1775530384.8499734,forward,0.035838183015584946,7523.25
2229,1775530384.9310622,backward,0.08096198551356792,7523.25
2229,1775530384.9337049,optimizer,0.002490682527422905,7523.25
2230,1775530385.0416296,forward,0.03581450134515762,7523.25
2230,1775530385.122453,backward,0.08068820089101791,7523.25
2230,1775530385.1251056,optimizer,0.0024985037744045258,7523.25
2231,1775530385.2308583,forward,0.035817280411720276,7523.25
2231,1775530385.3118382,backward,0.08085111156105995,7523.25
2231,1775530385.3144743,optimizer,0.0024829544126987457,7523.25
2232,1775530385.4190545,forward,0.035782212391495705,7523.25
2232,1775530385.4997776,backward,0.0805948507040739,7523.25
2232,1775530385.5024252,optimizer,0.00249338336288929,7523.25
2233,1775530385.6090567,forward,0.035851290449500084,7523.25
2233,1775530385.6900616,backward,0.08087602443993092,7523.25
2233,1775530385.6926908,optimizer,0.0024825837463140488,7523.25
2234,1775530385.7960103,forward,0.03591061569750309,7523.25
2234,1775530385.8767197,backward,0.0805775597691536,7523.25
2234,1775530385.8793886,optimizer,0.0025189127773046494,7523.25
2235,1775530385.984104,forward,0.035819411277770996,7523.25
2235,1775530386.065082,backward,0.08085253275930882,7523.25
2235,1775530386.0677283,optimizer,0.0024933237582445145,7523.25
2236,1775530386.1686964,forward,0.035810140892863274,7523.25
2236,1775530386.2497573,backward,0.0809310544282198,7523.25
2236,1775530386.2524047,optimizer,0.0024962816387414932,7523.25
2237,1775530386.3583584,forward,0.0358399823307991,7523.25
2237,1775530386.4390137,backward,0.08052695728838444,7523.25
2237,1775530386.4416468,optimizer,0.0024836137890815735,7523.25
2238,1775530386.547969,forward,0.035871461033821106,7523.25
2238,1775530386.6290143,backward,0.0809096246957779,7523.25
2238,1775530386.631601,optimizer,0.0024341605603694916,7523.25
2239,1775530386.7322698,forward,0.03586047515273094,7523.25
2239,1775530386.8131247,backward,0.08072344027459621,7523.25
2239,1775530386.815776,optimizer,0.002498272806406021,7523.25
2240,1775530386.9206984,forward,0.03587247058749199,7523.25
2240,1775530387.0014608,backward,0.08063165284693241,7523.25
2240,1775530387.004108,optimizer,0.0024872329086065292,7523.25
2241,1775530387.1108584,forward,0.03580673225224018,7523.25
2241,1775530387.1919281,backward,0.0809402372688055,7523.25
2241,1775530387.1945677,optimizer,0.002488464117050171,7523.25
2242,1775530387.298449,forward,0.03582005202770233,7523.25
2242,1775530387.3791723,backward,0.08058836124837399,7523.25
2242,1775530387.3818047,optimizer,0.002482473850250244,7523.25
2243,1775530387.4897602,forward,0.03585822135210037,7523.25
2243,1775530387.57083,backward,0.08094527386128902,7523.25
2243,1775530387.5734084,optimizer,0.0024250801652669907,7523.25
2244,1775530387.6797993,forward,0.035859351977705956,7523.25
2244,1775530387.7605746,backward,0.08064376935362816,7523.25
2244,1775530387.763289,optimizer,0.0025615040212869644,7523.25
2245,1775530387.8688986,forward,0.035843001678586006,7523.25
2245,1775530387.950033,backward,0.08100861683487892,7523.25
2245,1775530387.9526672,optimizer,0.0024830345064401627,7523.25
2246,1775530388.057947,forward,0.035826100036501884,7523.25
2246,1775530388.1386282,backward,0.08054579608142376,7523.25
2246,1775530388.141276,optimizer,0.002496642991900444,7523.25
2247,1775530388.2496564,forward,0.03582247346639633,7523.25
2247,1775530388.3307312,backward,0.08094652555882931,7523.25
2247,1775530388.3333905,optimizer,0.002408072352409363,7523.25
2248,1775530388.4394844,forward,0.03580978512763977,7523.25
2248,1775530388.5202365,backward,0.08062261901795864,7523.25
2248,1775530388.52289,optimizer,0.0024986527860164642,7523.25
2249,1775530388.6287117,forward,0.03583160229027271,7523.25
2249,1775530388.7097383,backward,0.08089767582714558,7523.25
2249,1775530388.7123075,optimizer,0.0024207010865211487,7523.25
2250,1775530388.8163176,forward,0.035834772512316704,7523.25
2250,1775530388.896965,backward,0.08051522821187973,7523.25
2250,1775530388.8995512,optimizer,0.0024341531097888947,7523.25
2251,1775530389.003572,forward,0.035773441195487976,7523.25
2251,1775530389.084494,backward,0.0807970929890871,7523.25
2251,1775530389.0870545,optimizer,0.0024095792323350906,7523.25
2252,1775530389.1914115,forward,0.03581363335251808,7523.25
2252,1775530389.272338,backward,0.08079750463366508,7523.25
2252,1775530389.274897,optimizer,0.0024087708443403244,7523.25
2253,1775530389.3810782,forward,0.03580782189965248,7523.25
2253,1775530389.4619634,backward,0.08075137063860893,7523.25
2253,1775530389.464532,optimizer,0.002417599782347679,7523.25
2254,1775530389.5729132,forward,0.03588460385799408,7523.25
2254,1775530389.6537356,backward,0.08069442212581635,7523.25
2254,1775530389.6563778,optimizer,0.002490933984518051,7523.25
2255,1775530389.7620127,forward,0.035819681361317635,7523.25
2255,1775530389.8430054,backward,0.08086464367806911,7523.25
2255,1775530389.8456597,optimizer,0.0025002136826515198,7523.25
2256,1775530389.9496517,forward,0.03580909036099911,7523.25
2256,1775530390.0306373,backward,0.08085704408586025,7523.25
2256,1775530390.0333047,optimizer,0.0025100931525230408,7523.25
2257,1775530390.1380253,forward,0.03581254184246063,7523.25
2257,1775530390.2187603,backward,0.08060992881655693,7523.25
2257,1775530390.2213204,optimizer,0.002408381551504135,7523.25
2258,1775530390.3278785,forward,0.03583497181534767,7523.25
2258,1775530390.4088697,backward,0.08085863292217255,7523.25
2258,1775530390.4114609,optimizer,0.002437291666865349,7523.25
2259,1775530390.5189688,forward,0.03585244156420231,7523.25
2259,1775530390.5997543,backward,0.0806588102132082,7523.25
2259,1775530390.6023269,optimizer,0.0022236183285713196,7523.25
2260,1775530390.7039673,forward,0.03583185188472271,7523.25
2260,1775530390.7849157,backward,0.08081991411745548,7523.25
2260,1775530390.7875452,optimizer,0.002218768000602722,7523.25
2261,1775530390.8912377,forward,0.035854050889611244,7523.25
2261,1775530390.9721072,backward,0.08074234239757061,7523.25
2261,1775530390.974738,optimizer,0.0024847034364938736,7523.25
2262,1775530391.0796623,forward,0.03582729212939739,7523.25
2262,1775530391.160444,backward,0.08065188862383366,7523.25
2262,1775530391.1630294,optimizer,0.0024370811879634857,7523.25
2263,1775530391.2653368,forward,0.035825090482831,7523.25
2263,1775530391.3464384,backward,0.080973444506526,7523.25
2263,1775530391.3490753,optimizer,0.002483932301402092,7523.25
2264,1775530391.4577932,forward,0.03584405221045017,7523.25
2264,1775530391.538535,backward,0.0806105975061655,7523.25
2264,1775530391.541177,optimizer,0.0024896636605262756,7523.25
2265,1775530391.64225,forward,0.03581327199935913,7523.25
2265,1775530391.7232234,backward,0.080845195800066,7523.25
2265,1775530391.7258599,optimizer,0.002484431490302086,7523.25
2266,1775530391.832609,forward,0.03583701327443123,7523.25
2266,1775530391.913442,backward,0.08067186921834946,7523.25
2266,1775530391.9160886,optimizer,0.0024913419038057327,7523.25
2267,1775530392.021819,forward,0.03582051210105419,7523.25
2267,1775530392.102732,backward,0.08078501373529434,7523.25
2267,1775530392.105368,optimizer,0.00248655304312706,7523.25
2268,1775530392.2110827,forward,0.03580115921795368,7523.25
2268,1775530392.2918973,backward,0.0806866493076086,7523.25
2268,1775530392.2945297,optimizer,0.0024785827845335007,7523.25
2269,1775530392.3946855,forward,0.03584095276892185,7523.25
2269,1775530392.475354,backward,0.08054373972117901,7523.25
2269,1775530392.4779892,optimizer,0.002486232668161392,7523.25
2270,1775530392.583626,forward,0.03584187105298042,7523.25
2270,1775530392.664517,backward,0.08075997978448868,7523.25
2270,1775530392.6671956,optimizer,0.002530062571167946,7523.25
2271,1775530392.7683144,forward,0.035857873037457466,7523.25
2271,1775530392.8494601,backward,0.08101306296885014,7523.25
2271,1775530392.8521116,optimizer,0.0024951528757810593,7523.25
2272,1775530392.9586124,forward,0.03587465174496174,7523.25
2272,1775530393.0394218,backward,0.08068079128861427,7523.25
2272,1775530393.0420582,optimizer,0.002483593299984932,7523.25
2273,1775530393.1491122,forward,0.03588622249662876,7523.25
2273,1775530393.2301815,backward,0.08094016462564468,7523.25
2273,1775530393.2328167,optimizer,0.0024810656905174255,7523.25
2274,1775530393.33488,forward,0.03585188463330269,7523.25
2274,1775530393.4155998,backward,0.08059046044945717,7523.25
2274,1775530393.418245,optimizer,0.002490423619747162,7523.25
2275,1775530393.5241506,forward,0.03583335317671299,7523.25
2275,1775530393.6052444,backward,0.08096434362232685,7523.25
2275,1775530393.6079075,optimizer,0.002513464540243149,7523.25
2276,1775530393.7157805,forward,0.035848503932356834,7523.25
2276,1775530393.7964578,backward,0.08054678700864315,7523.25
2276,1775530393.8004212,optimizer,0.0038104765117168427,7523.25
2277,1775530393.9125369,forward,0.036027517169713974,7523.25
2277,1775530393.9933007,backward,0.08063635043799877,7523.25
2277,1775530393.9959567,optimizer,0.0025055445730686188,7523.25
2278,1775530394.0987704,forward,0.03581959381699562,7523.25
2278,1775530394.179597,backward,0.08069879002869129,7523.25
2278,1775530394.1822252,optimizer,0.0024811308830976486,7523.25
2279,1775530394.2912178,forward,0.035848021507263184,7523.25
2279,1775530394.3720567,backward,0.08070938102900982,7523.25
2279,1775530394.3747063,optimizer,0.002500900998711586,7523.25
2280,1775530394.4802682,forward,0.03582034073770046,7523.25
2280,1775530394.5612018,backward,0.08080850169062614,7523.25
2280,1775530394.563848,optimizer,0.002496255561709404,7523.25
2281,1775530394.6656618,forward,0.03583160229027271,7523.25
2281,1775530394.7467375,backward,0.08094945549964905,7523.25
2281,1775530394.7493834,optimizer,0.0024954918771982193,7523.25
2282,1775530394.8541331,forward,0.035854799672961235,7523.25
2282,1775530394.9348657,backward,0.08059961907565594,7523.25
2282,1775530394.937495,optimizer,0.002478603273630142,7523.25
2283,1775530395.0396585,forward,0.03583141230046749,7523.25
2283,1775530395.1206064,backward,0.08081816136837006,7523.25
2283,1775530395.123271,optimizer,0.00251210480928421,7523.25
2284,1775530395.2257478,forward,0.03583980351686478,7523.25
2284,1775530395.3068292,backward,0.08094281516969204,7523.25
2284,1775530395.3094852,optimizer,0.00250457227230072,7523.25
2285,1775530395.4148624,forward,0.03588814474642277,7523.25
2285,1775530395.495509,backward,0.08051721937954426,7523.25
2285,1775530395.4981408,optimizer,0.0024831946939229965,7523.25
2286,1775530395.5994287,forward,0.03579231910407543,7523.25
2286,1775530395.6802962,backward,0.08073342405259609,7523.25
2286,1775530395.6829233,optimizer,0.002482164651155472,7523.25
2287,1775530395.7877624,forward,0.035820892080664635,7523.25
2287,1775530395.868778,backward,0.08088648319244385,7523.25
2287,1775530395.8714283,optimizer,0.002497265115380287,7523.25
2288,1775530395.9787498,forward,0.03581059165298939,7523.25
2288,1775530396.0595675,backward,0.08069108240306377,7523.25
2288,1775530396.0622077,optimizer,0.0024885516613721848,7523.25
2289,1775530396.1635048,forward,0.03582550026476383,7523.25
2289,1775530396.2445583,backward,0.08092586509883404,7523.25
2289,1775530396.2472155,optimizer,0.00250941701233387,7523.25
2290,1775530396.349495,forward,0.035803861916065216,7523.25
2290,1775530396.4303977,backward,0.08077261224389076,7523.25
2290,1775530396.4330277,optimizer,0.00248076394200325,7523.25
2291,1775530396.5334198,forward,0.03586425259709358,7523.25
2291,1775530396.6141245,backward,0.08056729659438133,7523.25
2291,1775530396.616778,optimizer,0.0023945309221744537,7523.25
2292,1775530396.7168128,forward,0.035850051790475845,7523.25
2292,1775530396.7976027,backward,0.08066149987280369,7523.25
2292,1775530396.80025,optimizer,0.0024970844388008118,7523.25
2293,1775530396.9009585,forward,0.03584865480661392,7523.25
2293,1775530396.9820342,backward,0.08094598725438118,7523.25
2293,1775530396.984679,optimizer,0.0024923328310251236,7523.25
2294,1775530397.0952008,forward,0.03583233244717121,7523.25
2294,1775530397.17585,backward,0.08052120916545391,7523.25
2294,1775530397.1785045,optimizer,0.002504676580429077,7523.25
2295,1775530397.2863915,forward,0.0358184315264225,7523.25
2295,1775530397.3674657,backward,0.08094352670013905,7523.25
2295,1775530397.3701084,optimizer,0.0024930518120527267,7523.25
2296,1775530397.4734144,forward,0.03585825115442276,7523.25
2296,1775530397.5541015,backward,0.08055407926440239,7523.25
2296,1775530397.5567434,optimizer,0.002488004043698311,7523.25
2297,1775530397.6644237,forward,0.03585691191256046,7523.25
2297,1775530397.7455482,backward,0.0809951052069664,7523.25
2297,1775530397.7482119,optimizer,0.002511974424123764,7523.25
2298,1775530397.8505409,forward,0.03584742173552513,7523.25
2298,1775530397.93136,backward,0.08069244027137756,7523.25
2298,1775530397.9339812,optimizer,0.002470575273036957,7523.25
2299,1775530398.041065,forward,0.03587337210774422,7523.25
2299,1775530398.1220834,backward,0.08088768273591995,7523.25
2299,1775530398.1247187,optimizer,0.0024831611663103104,7523.25
2300,1775530398.2299867,forward,0.03583723120391369,7523.25
2300,1775530398.310784,backward,0.08067064173519611,7523.25
2300,1775530398.313416,optimizer,0.0024815406650304794,7523.25
2301,1775530398.4192457,forward,0.03584384359419346,7523.25
2301,1775530398.5001984,backward,0.08082268387079239,7523.25
2301,1775530398.5028527,optimizer,0.0024997051805257797,7523.25
2302,1775530398.6049843,forward,0.0358340535312891,7523.25
2302,1775530398.68602,backward,0.08090903609991074,7523.25
2302,1775530398.688657,optimizer,0.0024872850626707077,7523.25
2303,1775530398.7893856,forward,0.03582006320357323,7523.25
2303,1775530398.8702302,backward,0.08071350120007992,7523.25
2303,1775530398.8728313,optimizer,0.0022101309150457382,7523.25
2304,1775530398.9738235,forward,0.03587191179394722,7523.25
2304,1775530399.0544684,backward,0.08050964772701263,7523.25
2304,1775530399.057082,optimizer,0.002205820754170418,7523.25
2305,1775530399.1644578,forward,0.03583716228604317,7523.25
2305,1775530399.2456343,backward,0.08104578778147697,7523.25
2305,1775530399.2482853,optimizer,0.0024957917630672455,7523.25
2306,1775530399.3564823,forward,0.03582094423472881,7523.25
2306,1775530399.4372723,backward,0.08066065050661564,7523.25
2306,1775530399.4399343,optimizer,0.0025105010718107224,7523.25
2307,1775530399.5426204,forward,0.035826943814754486,7523.25
2307,1775530399.6237218,backward,0.08096883445978165,7523.25
2307,1775530399.6263514,optimizer,0.002477731555700302,7523.25
2308,1775530399.732015,forward,0.03583085164427757,7523.25
2308,1775530399.812746,backward,0.08060277998447418,7523.25
2308,1775530399.8153934,optimizer,0.002496844157576561,7523.25
2309,1775530399.9155304,forward,0.035784902051091194,7523.25
2309,1775530399.996275,backward,0.08061745017766953,7523.25
2309,1775530399.9988997,optimizer,0.0024769026786088943,7523.25
2310,1775530400.1045017,forward,0.035833992063999176,7523.25
2310,1775530400.1854718,backward,0.08084505423903465,7523.25
2310,1775530400.1881044,optimizer,0.0024807732552289963,7523.25
2311,1775530400.295162,forward,0.03583546355366707,7523.25
2311,1775530400.3758974,backward,0.0806057695299387,7523.25
2311,1775530400.3785286,optimizer,0.002482874318957329,7523.25
2312,1775530400.4834118,forward,0.03580901958048344,7523.25
2312,1775530400.5645058,backward,0.0809649471193552,7523.25
2312,1775530400.5671685,optimizer,0.0025129951536655426,7523.25
2313,1775530400.673758,forward,0.03587184101343155,7523.25
2313,1775530400.754496,backward,0.08061080053448677,7523.25
2313,1775530400.7571294,optimizer,0.0024876128882169724,7523.25
2314,1775530400.8644187,forward,0.0358474925160408,7523.25
2314,1775530400.9454653,backward,0.08091903291642666,7523.25
2314,1775530400.9481173,optimizer,0.0024917516857385635,7523.25
2315,1775530401.053996,forward,0.035829681903123856,7523.25
2315,1775530401.1346548,backward,0.0805260892957449,7523.25
2315,1775530401.137295,optimizer,0.002488205209374428,7523.25
2316,1775530401.2396712,forward,0.035808881744742393,7523.25
2316,1775530401.3206687,backward,0.08086530491709709,7523.25
2316,1775530401.3233058,optimizer,0.002482222393155098,7523.25
2317,1775530401.426024,forward,0.03581521101295948,7523.25
2317,1775530401.507116,backward,0.08096522279083729,7523.25
2317,1775530401.5097582,optimizer,0.002489553764462471,7523.25
2318,1775530401.6096363,forward,0.035840919241309166,7523.25
2318,1775530401.6904407,backward,0.08067542128264904,7523.25
2318,1775530401.6930914,optimizer,0.0025005415081977844,7523.25
2319,1775530401.80096,forward,0.035827744752168655,7523.25
2319,1775530401.8820264,backward,0.0809409860521555,7523.25
2319,1775530401.8846745,optimizer,0.0024982355535030365,7523.25
2320,1775530401.990145,forward,0.035843878984451294,7523.25
2320,1775530402.071548,backward,0.0805123783648014,7523.25
2320,1775530402.074185,optimizer,0.00248616561293602,7523.25
2321,1775530402.179512,forward,0.03584493510425091,7523.25
2321,1775530402.2604482,backward,0.08081039227545261,7523.25
2321,1775530402.2631128,optimizer,0.0025121737271547318,7523.25
2322,1775530402.3709826,forward,0.03589531220495701,7523.25
2322,1775530402.4516897,backward,0.08058017678558826,7523.25
2322,1775530402.4543276,optimizer,0.0024923142045736313,7523.25
2323,1775530402.563053,forward,0.03601101599633694,7523.25
2323,1775530402.6442785,backward,0.08104602433741093,7523.25
2323,1775530402.647025,optimizer,0.00258825346827507,7523.25
2324,1775530402.7537854,forward,0.035828592255711555,7523.25
2324,1775530402.8345008,backward,0.08058582991361618,7523.25
2324,1775530402.8371606,optimizer,0.0025075841695070267,7523.25
2325,1775530402.9428039,forward,0.035782480612397194,7523.25
2325,1775530403.0239697,backward,0.08103465661406517,7523.25
2325,1775530403.026599,optimizer,0.0024782735854387283,7523.25
2326,1775530403.1334093,forward,0.03577382117509842,7523.25
2326,1775530403.2140293,backward,0.08048519492149353,7523.25
2326,1775530403.216658,optimizer,0.0024802107363939285,7523.25
2327,1775530403.323259,forward,0.03580152057111263,7523.25
2327,1775530403.404311,backward,0.0809264276176691,7523.25
2327,1775530403.4069679,optimizer,0.0025043170899152756,7523.25
2328,1775530403.5091503,forward,0.03586270287632942,7523.25
2328,1775530403.589952,backward,0.08067190274596214,7523.25
2328,1775530403.592587,optimizer,0.002488045021891594,7523.25
2329,1775530403.6970224,forward,0.03584788180887699,7523.25
2329,1775530403.778002,backward,0.08085116557776928,7523.25
2329,1775530403.7806544,optimizer,0.0025024842470884323,7523.25
2330,1775530403.8854976,forward,0.03587615303695202,7523.25
2330,1775530403.9666045,backward,0.08097137697041035,7523.25
2330,1775530403.9692423,optimizer,0.0024865157902240753,7523.25
2331,1775530404.0766997,forward,0.03590585105121136,7523.25
2331,1775530404.1576087,backward,0.08077866025269032,7523.25
2331,1775530404.1602428,optimizer,0.0024841036647558212,7523.25
2332,1775530404.2630858,forward,0.03580150008201599,7523.25
2332,1775530404.3442183,backward,0.08100166544318199,7523.25
2332,1775530404.3468795,optimizer,0.00250818207859993,7523.25
2333,1775530404.4493372,forward,0.03590324521064758,7523.25
2333,1775530404.5300634,backward,0.08059750869870186,7523.25
2333,1775530404.5327017,optimizer,0.0024864617735147476,7523.25
2334,1775530404.6344888,forward,0.035830551758408546,7523.25
2334,1775530404.7153,backward,0.08068185113370419,7523.25
2334,1775530404.7179391,optimizer,0.0024881139397621155,7523.25
2335,1775530404.820075,forward,0.03582550212740898,7523.25
2335,1775530404.901098,backward,0.08089948631823063,7523.25
2335,1775530404.9037492,optimizer,0.002406330779194832,7523.25
2336,1775530405.005233,forward,0.03581158258020878,7523.25
2336,1775530405.0863183,backward,0.08095370605587959,7523.25
2336,1775530405.0889559,optimizer,0.0024839919060468674,7523.25
2337,1775530405.1960738,forward,0.03580187074840069,7523.25
2337,1775530405.2769814,backward,0.08077906258404255,7523.25
2337,1775530405.2796378,optimizer,0.00248902291059494,7523.25
2338,1775530405.3810756,forward,0.03583888150751591,7523.25
2338,1775530405.4621375,backward,0.08092929609119892,7523.25
2338,1775530405.4647937,optimizer,0.0025044921785593033,7523.25
2339,1775530405.571939,forward,0.035823069512844086,7523.25
2339,1775530405.6526065,backward,0.08054204657673836,7523.25
2339,1775530405.6552353,optimizer,0.00247851200401783,7523.25
2340,1775530405.763713,forward,0.035859983414411545,7523.25
2340,1775530405.84475,backward,0.08090497553348541,7523.25
2340,1775530405.8474147,optimizer,0.002509072422981262,7523.25
2341,1775530405.955226,forward,0.0358326006680727,7523.25
2341,1775530406.0361114,backward,0.08075820095837116,7523.25
2341,1775530406.0387495,optimizer,0.00248655304312706,7523.25
2342,1775530406.141344,forward,0.035850465297698975,7523.25
2342,1775530406.2224367,backward,0.08096634782850742,7523.25
2342,1775530406.2250721,optimizer,0.002481270581483841,7523.25
2343,1775530406.3271475,forward,0.03582253307104111,7523.25
2343,1775530406.4079874,backward,0.08071302995085716,7523.25
2343,1775530406.4106216,optimizer,0.0024857427924871445,7523.25
2344,1775530406.588949,forward,0.035929253324866295,7523.25
2344,1775530406.6696994,backward,0.08061610907316208,7523.25
2344,1775530406.6723292,optimizer,0.002480771392583847,7523.25
2345,1775530406.772669,forward,0.035854144021868706,7523.25
2345,1775530406.8533866,backward,0.08058618009090424,7523.25
2345,1775530406.8560112,optimizer,0.002467874437570572,7523.25
2346,1775530406.9600077,forward,0.03582862205803394,7523.25
2346,1775530407.0410848,backward,0.08095204457640648,7523.25
2346,1775530407.043733,optimizer,0.002493901178240776,7523.25
2347,1775530407.1465096,forward,0.035810111090540886,7523.25
2347,1775530407.2274392,backward,0.0807993933558464,7523.25
2347,1775530407.230052,optimizer,0.002212436869740486,7523.25
2348,1775530407.3346388,forward,0.03585512191057205,7523.25
2348,1775530407.4154472,backward,0.08068080060184002,7523.25
2348,1775530407.4180617,optimizer,0.0022063273936510086,7523.25
2349,1775530407.5235016,forward,0.03580693155527115,7523.25
2349,1775530407.6046133,backward,0.08097769506275654,7523.25
2349,1775530407.607268,optimizer,0.002504222095012665,7523.25
2350,1775530407.7117088,forward,0.0358241219073534,7523.25
2350,1775530407.7923305,backward,0.08049533702433109,7523.25
2350,1775530407.7949913,optimizer,0.0025106724351644516,7523.25
2351,1775530407.901155,forward,0.03586362302303314,7523.25
2351,1775530407.9822686,backward,0.08098941668868065,7523.25
2351,1775530407.9849238,optimizer,0.0024995040148496628,7523.25
2352,1775530408.0901468,forward,0.03588828444480896,7523.25
2352,1775530408.170785,backward,0.08051146753132343,7523.25
2352,1775530408.1734245,optimizer,0.0024885907769203186,7523.25
2353,1775530408.277091,forward,0.03582640178501606,7523.25
2353,1775530408.3580832,backward,0.08086016401648521,7523.25
2353,1775530408.360731,optimizer,0.002493763342499733,7523.25
2354,1775530408.4666972,forward,0.03584697283804417,7523.25
2354,1775530408.5475383,backward,0.08071360178291798,7523.25
2354,1775530408.5501819,optimizer,0.0024910829961299896,7523.25
2355,1775530408.6508012,forward,0.03586757183074951,7523.25
2355,1775530408.731478,backward,0.08054738864302635,7523.25
2355,1775530408.7341423,optimizer,0.0025127753615379333,7523.25
2356,1775530408.8410203,forward,0.035867052152752876,7523.25
2356,1775530408.9221284,backward,0.08098098635673523,7523.25
2356,1775530408.9247775,optimizer,0.0024940762668848038,7523.25
2357,1775530409.0289748,forward,0.03592064417898655,7523.25
2357,1775530409.109663,backward,0.0805575605481863,7523.25
2357,1775530409.112301,optimizer,0.002486610785126686,7523.25
2358,1775530409.2174249,forward,0.03584685176610947,7523.25
2358,1775530409.2983546,backward,0.08079751394689083,7523.25
2358,1775530409.3010094,optimizer,0.0025052111595869064,7523.25
2359,1775530409.406931,forward,0.03584142215549946,7523.25
2359,1775530409.4877388,backward,0.08065448887646198,7523.25
2359,1775530409.4903805,optimizer,0.0024856310337781906,7523.25
2360,1775530409.5948055,forward,0.03578454069793224,7523.25
2360,1775530409.6756148,backward,0.08068617060780525,7523.25
2360,1775530409.678256,optimizer,0.0024915821850299835,7523.25
2361,1775530409.781201,forward,0.035827511921525,7523.25
2361,1775530409.862273,backward,0.08094203658401966,7523.25
2361,1775530409.8649175,optimizer,0.0024925321340560913,7523.25
2362,1775530409.9730046,forward,0.03583044372498989,7523.25
2362,1775530410.0537596,backward,0.08062675967812538,7523.25
2362,1775530410.0563934,optimizer,0.0024828054010868073,7523.25
2363,1775530410.1620142,forward,0.03579756245017052,7523.25
2363,1775530410.2430284,backward,0.08088517561554909,7523.25
2363,1775530410.245677,optimizer,0.002494415268301964,7523.25
2364,1775530410.3527591,forward,0.03584813140332699,7523.25
2364,1775530410.4335496,backward,0.08066223934292793,7523.25
2364,1775530410.4361858,optimizer,0.0024868715554475784,7523.25
2365,1775530410.5416589,forward,0.03580640256404877,7523.25
2365,1775530410.6226702,backward,0.08087887428700924,7523.25
2365,1775530410.6253126,optimizer,0.0024943817406892776,7523.25
2366,1775530410.7306705,forward,0.0358288511633873,7523.25
2366,1775530410.8113348,backward,0.08053895831108093,7523.25
2366,1775530410.8139877,optimizer,0.002502923831343651,7523.25
2367,1775530410.914358,forward,0.03581153228878975,7523.25
2367,1775530410.9952297,backward,0.0807405412197113,7523.25
2367,1775530410.9978774,optimizer,0.002494530752301216,7523.25
2368,1775530411.1009257,forward,0.035837771371006966,7523.25
2368,1775530411.1819556,backward,0.08090591616928577,7523.25
2368,1775530411.184594,optimizer,0.002489522099494934,7523.25
2369,1775530411.2916582,forward,0.035841843113303185,7523.25
2369,1775530411.3723812,backward,0.08058978989720345,7523.25
2369,1775530411.375024,optimizer,0.0024937037378549576,7523.25
2370,1775530411.4768271,forward,0.035864461213350296,7523.25
2370,1775530411.5578115,backward,0.08085378259420395,7523.25
2370,1775530411.560452,optimizer,0.0024886541068553925,7523.25
2371,1775530411.6614258,forward,0.035825712606310844,7523.25
2371,1775530411.7425468,backward,0.08098794333636761,7523.25
2371,1775530411.7451851,optimizer,0.0024865828454494476,7523.25
2372,1775530411.8503377,forward,0.035858530551195145,7523.25
2372,1775530411.931036,backward,0.08057099021971226,7523.25
2372,1775530411.9336758,optimizer,0.002489672973752022,7523.25
2373,1775530412.0398767,forward,0.03586707264184952,7523.25
2373,1775530412.1210384,backward,0.08102091774344444,7523.25
2373,1775530412.1237202,optimizer,0.0025308839976787567,7523.25
2374,1775530412.229343,forward,0.035883236676454544,7523.25
2374,1775530412.310018,backward,0.08054327964782715,7523.25
2374,1775530412.3126667,optimizer,0.0025008562952280045,7523.25
2375,1775530412.4201078,forward,0.03584284149110317,7523.25
2375,1775530412.5012562,backward,0.08101949468255043,7523.25
2375,1775530412.5039015,optimizer,0.0024941246956586838,7523.25
2376,1775530412.6066093,forward,0.035859692841768265,7523.25
2376,1775530412.6873221,backward,0.08058843947947025,7523.25
2376,1775530412.6899743,optimizer,0.002502264454960823,7523.25
2377,1775530412.7913866,forward,0.03581341356039047,7523.25
2377,1775530412.8721766,backward,0.0806623287498951,7523.25
2377,1775530412.8748121,optimizer,0.0024851243942976,7523.25
2378,1775530412.9813724,forward,0.03588894382119179,7523.25
2378,1775530413.0624225,backward,0.08091637305915356,7523.25
2378,1775530413.0650637,optimizer,0.0024900343269109726,7523.25
2379,1775530413.1700788,forward,0.035818060860037804,7523.25
2379,1775530413.2506955,backward,0.08048949763178825,7523.25
2379,1775530413.2533438,optimizer,0.002396661788225174,7523.25
2380,1775530413.358722,forward,0.03582633286714554,7523.25
2380,1775530413.4398172,backward,0.08096934482455254,7523.25
2380,1775530413.4424665,optimizer,0.0024982616305351257,7523.25
2381,1775530413.5484498,forward,0.03586208447813988,7523.25
2381,1775530413.6291325,backward,0.08055494911968708,7523.25
2381,1775530413.631758,optimizer,0.0024751946330070496,7523.25
2382,1775530413.7380545,forward,0.03582029975950718,7523.25
2382,1775530413.8191278,backward,0.08094321377575397,7523.25
2382,1775530413.821763,optimizer,0.0024860743433237076,7523.25
2383,1775530413.92429,forward,0.035826101899147034,7523.25
2383,1775530414.005177,backward,0.08076118491590023,7523.25
2383,1775530414.0078478,optimizer,0.0025180764496326447,7523.25
2384,1775530414.1078475,forward,0.03585721179842949,7523.25
2384,1775530414.1885016,backward,0.08052767813205719,7523.25
2384,1775530414.1911619,optimizer,0.0025024041533470154,7523.25
2385,1775530414.2975183,forward,0.035836111754179,7523.25
2385,1775530414.378598,backward,0.0809448454529047,7523.25
2385,1775530414.3812444,optimizer,0.002494683489203453,7523.25
2386,1775530414.482009,forward,0.035850951448082924,7523.25
2386,1775530414.5630267,backward,0.08088366314768791,7523.25
2386,1775530414.5656981,optimizer,0.0025155432522296906,7523.25
2387,1775530414.671011,forward,0.0358158815652132,7523.25
2387,1775530414.751743,backward,0.08060711994767189,7523.25
2387,1775530414.7543726,optimizer,0.0024768635630607605,7523.25
2388,1775530414.8594317,forward,0.03586041368544102,7523.25
2388,1775530414.9405594,backward,0.08099604770541191,7523.25
2388,1775530414.9432018,optimizer,0.002491384744644165,7523.25
2389,1775530415.0437365,forward,0.035797299817204475,7523.25
2389,1775530415.1246357,backward,0.08077246323227882,7523.25
2389,1775530415.1272886,optimizer,0.0025001931935548782,7523.25
2390,1775530415.228954,forward,0.03589184395968914,7523.25
2390,1775530415.3096955,backward,0.08061208017170429,7523.25
2390,1775530415.312328,optimizer,0.0024824924767017365,7523.25
2391,1775530415.4172757,forward,0.035886481404304504,7523.25
2391,1775530415.498295,backward,0.08089086413383484,7523.25
2391,1775530415.5008907,optimizer,0.002209426835179329,7523.25
2392,1775530415.6023145,forward,0.0358200054615736,7523.25
2392,1775530415.6833708,backward,0.08092896454036236,7523.25
2392,1775530415.685992,optimizer,0.0022111106663942337,7523.25
2393,1775530415.7934089,forward,0.03581163287162781,7523.25
2393,1775530415.8742876,backward,0.08073547296226025,7523.25
2393,1775530415.876925,optimizer,0.002490932121872902,7523.25
2394,1775530415.977602,forward,0.0358386617153883,7523.25
2394,1775530416.058649,backward,0.08091883547604084,7523.25
2394,1775530416.0612879,optimizer,0.0024863947182893753,7523.25
2395,1775530416.1674988,forward,0.035862213000655174,7523.25
2395,1775530416.2482085,backward,0.08057673834264278,7523.25
2395,1775530416.2508662,optimizer,0.0025065429508686066,7523.25
2396,1775530416.3582754,forward,0.03583908453583717,7523.25
2396,1775530416.4393814,backward,0.08097858540713787,7523.25
2396,1775530416.442016,optimizer,0.0024828147143125534,7523.25
2397,1775530416.5480306,forward,0.03582573123276234,7523.25
2397,1775530416.6286876,backward,0.08052996918559074,7523.25
2397,1775530416.6313343,optimizer,0.002494845539331436,7523.25
2398,1775530416.7321875,forward,0.03578448109328747,7523.25
2398,1775530416.8129787,backward,0.0806671679019928,7523.25
2398,1775530416.8156242,optimizer,0.002497103065252304,7523.25
2399,1775530416.9958522,forward,0.035827090963721275,7523.25
2399,1775530417.0768194,backward,0.0808333046734333,7523.25
2399,1775530417.0795395,optimizer,0.002570686861872673,7523.25
2400,1775530417.180046,forward,0.03579617291688919,7523.25
2400,1775530417.2610903,backward,0.08091365545988083,7523.25
2400,1775530417.2637432,optimizer,0.0024986136704683304,7523.25
2401,1775530417.3653452,forward,0.035887112841010094,7523.25
2401,1775530417.446092,backward,0.08062015101313591,7523.25
2401,1775530417.4487317,optimizer,0.0024872440844774246,7523.25
2402,1775530417.5551524,forward,0.03581502474844456,7523.25
2402,1775530417.636137,backward,0.08085507713258266,7523.25
2402,1775530417.638783,optimizer,0.0024980176240205765,7523.25
2403,1775530417.7456057,forward,0.03588447906076908,7523.25
2403,1775530417.8263896,backward,0.080651780590415,7523.25
2403,1775530417.8290243,optimizer,0.0024839844554662704,7523.25
2404,1775530417.9341977,forward,0.03584222309291363,7523.25
2404,1775530418.0151436,backward,0.08081543445587158,7523.25
2404,1775530418.0177848,optimizer,0.0024930834770202637,7523.25
2405,1775530418.1175065,forward,0.035768209025263786,7523.25
2405,1775530418.1986196,backward,0.08098157681524754,7523.25
2405,1775530418.2012672,optimizer,0.002495633438229561,7523.25
2406,1775530418.307247,forward,0.03583909198641777,7523.25
2406,1775530418.3878825,backward,0.0805109366774559,7523.25
2406,1775530418.390534,optimizer,0.0024978332221508026,7523.25
2407,1775530418.4945009,forward,0.03584525175392628,7523.25
2407,1775530418.5754535,backward,0.08082347363233566,7523.25
2407,1775530418.578078,optimizer,0.0024747345596551895,7523.25
2408,1775530418.681414,forward,0.035846201702952385,7523.25
2408,1775530418.7624633,backward,0.08091478608548641,7523.25
2408,1775530418.7651188,optimizer,0.002502022311091423,7523.25
2409,1775530418.8697731,forward,0.0358169823884964,7523.25
2409,1775530418.9505434,backward,0.08064405247569084,7523.25
2409,1775530418.9531763,optimizer,0.002484021708369255,7523.25
2410,1775530419.058776,forward,0.03580985218286514,7523.25
2410,1775530419.13976,backward,0.08085459098219872,7523.25
2410,1775530419.1424038,optimizer,0.0024918019771575928,7523.25
2411,1775530419.2506924,forward,0.035823194310069084,7523.25
2411,1775530419.3314745,backward,0.08064929954707623,7523.25
2411,1775530419.3341138,optimizer,0.0024878736585378647,7523.25
2412,1775530419.4352052,forward,0.03583175875246525,7523.25
2412,1775530419.5161397,backward,0.08080274239182472,7523.25
2412,1775530419.5187669,optimizer,0.0024793241173028946,7523.25
2413,1775530419.620949,forward,0.03585444204509258,7523.25
2413,1775530419.7019346,backward,0.08085868321359158,7523.25
2413,1775530419.7045732,optimizer,0.0024859942495822906,7523.25
2414,1775530419.8092232,forward,0.0358330924063921,7523.25
2414,1775530419.8899925,backward,0.08062645979225636,7523.25
2414,1775530419.892637,optimizer,0.0024901051074266434,7523.25
2415,1775530419.9936502,forward,0.03581511974334717,7523.25
2415,1775530420.0746245,backward,0.08084585331380367,7523.25
2415,1775530420.077251,optimizer,0.0024741925299167633,7523.25
2416,1775530420.1812515,forward,0.03582829236984253,7523.25
2416,1775530420.2623115,backward,0.08092674799263477,7523.25
2416,1775530420.264949,optimizer,0.0024874918162822723,7523.25
2417,1775530420.3718448,forward,0.035814423114061356,7523.25
2417,1775530420.4527142,backward,0.08073991350829601,7523.25
2417,1775530420.455358,optimizer,0.002491924911737442,7523.25
2418,1775530420.558712,forward,0.03578395955264568,7523.25
2418,1775530420.6397939,backward,0.08095356449484825,7523.25
2418,1775530420.6424353,optimizer,0.00248776376247406,7523.25
2419,1775530420.7457674,forward,0.035893023014068604,7523.25
2419,1775530420.8264432,backward,0.08054836094379425,7523.25
2419,1775530420.829066,optimizer,0.002475673332810402,7523.25
2420,1775530420.9339268,forward,0.03582831099629402,7523.25
2420,1775530421.0149128,backward,0.08085608296096325,7523.25
2420,1775530421.017541,optimizer,0.0024834536015987396,7523.25
2421,1775530421.119327,forward,0.03584600053727627,7523.25
2421,1775530421.2006574,backward,0.08112313784658909,7523.25
2421,1775530421.203413,optimizer,0.0026070531457662582,7523.25
2422,1775530421.310536,forward,0.035912731662392616,7523.25
2422,1775530421.3913455,backward,0.08068224042654037,7523.25
2422,1775530421.3939934,optimizer,0.0024957116693258286,7523.25
2423,1775530421.5024612,forward,0.03583969920873642,7523.25
2423,1775530421.5833237,backward,0.08073463290929794,7523.25
2423,1775530421.5859666,optimizer,0.002396050840616226,7523.25
2424,1775530421.6895933,forward,0.03584818169474602,7523.25
2424,1775530421.7703774,backward,0.08065313845872879,7523.25
2424,1775530421.773024,optimizer,0.002493385225534439,7523.25
2425,1775530421.8797252,forward,0.035794612020254135,7523.25
2425,1775530421.9607453,backward,0.08089013583958149,7523.25
2425,1775530421.9634058,optimizer,0.002509733662009239,7523.25
2426,1775530422.0715616,forward,0.03583991341292858,7523.25
2426,1775530422.1524267,backward,0.08073505200445652,7523.25
2426,1775530422.1550748,optimizer,0.0024951640516519547,7523.25
2427,1775530422.2563727,forward,0.03582642041146755,7523.25
2427,1775530422.3374724,backward,0.08097272552549839,7523.25
2427,1775530422.3401122,optimizer,0.002484174445271492,7523.25
2428,1775530422.4460168,forward,0.035882024094462395,7523.25
2428,1775530422.5267553,backward,0.08060839772224426,7523.25
2428,1775530422.5293791,optimizer,0.0024773739278316498,7523.25
2429,1775530422.631608,forward,0.03580754995346069,7523.25
2429,1775530422.712563,backward,0.0808252040296793,7523.25
2429,1775530422.7152386,optimizer,0.0025260038673877716,7523.25
2430,1775530422.8193545,forward,0.035807421430945396,7523.25
2430,1775530422.9003766,backward,0.08089585416018963,7523.25
2430,1775530422.9030194,optimizer,0.0024961214512586594,7523.25
2431,1775530423.0087802,forward,0.03579995222389698,7523.25
2431,1775530423.089609,backward,0.08070177212357521,7523.25
2431,1775530423.0922558,optimizer,0.002489672973752022,7523.25
2432,1775530423.1973512,forward,0.035825321450829506,7523.25
2432,1775530423.278317,backward,0.08083358407020569,7523.25
2432,1775530423.2809644,optimizer,0.00249338336288929,7523.25
2433,1775530423.3883634,forward,0.035860612988471985,7523.25
2433,1775530423.4691536,backward,0.08066081255674362,7523.25
2433,1775530423.471804,optimizer,0.0024974029511213303,7523.25
2434,1775530423.5782287,forward,0.03585431165993214,7523.25
2434,1775530423.6592555,backward,0.08089579641819,7523.25
2434,1775530423.661908,optimizer,0.0024997834116220474,7523.25
2435,1775530423.7668452,forward,0.03585231117904186,7523.25
2435,1775530423.8475091,backward,0.08053667843341827,7523.25
2435,1775530423.850162,optimizer,0.002501022070646286,7523.25
2436,1775530423.9572241,forward,0.03584481216967106,7523.25
2436,1775530424.0382414,backward,0.08088481612503529,7523.25
2436,1775530424.0408583,optimizer,0.002205338329076767,7523.25
2437,1775530424.1452026,forward,0.03591693192720413,7523.25
2437,1775530424.225961,backward,0.08063003048300743,7523.25
2437,1775530424.2285984,optimizer,0.0024900753051042557,7523.25
2438,1775530424.3281815,forward,0.03583085164427757,7523.25
2438,1775530424.4089625,backward,0.08065476268529892,7523.25
2438,1775530424.4116046,optimizer,0.0024925246834754944,7523.25
2439,1775530424.5847807,forward,0.035921985283493996,7523.25
2439,1775530424.665485,backward,0.08057348802685738,7523.25
2439,1775530424.6681387,optimizer,0.002491442486643791,7523.25
2440,1775530424.7746363,forward,0.035836031660437584,7523.25
2440,1775530424.8556962,backward,0.08093046583235264,7523.25
2440,1775530424.858343,optimizer,0.0024987515062093735,7523.25
2441,1775530424.9634247,forward,0.03589422442018986,7523.25
2441,1775530425.0441928,backward,0.08063586056232452,7523.25
2441,1775530425.0468323,optimizer,0.0024934057146310806,7523.25
2442,1775530425.1465638,forward,0.035828571766614914,7523.25
2442,1775530425.2272208,backward,0.0805238988250494,7523.25
2442,1775530425.2298582,optimizer,0.00248551182448864,7523.25
2443,1775530425.3320704,forward,0.035823022946715355,7523.25
2443,1775530425.4130988,backward,0.0809022132307291,7523.25
2443,1775530425.4157465,optimizer,0.0024950113147497177,7523.25
2444,1775530425.5163329,forward,0.03582545183598995,7523.25
2444,1775530425.5974853,backward,0.08102240413427353,7523.25
2444,1775530425.6001296,optimizer,0.0024846531450748444,7523.25
2445,1775530425.7061381,forward,0.03583790175616741,7523.25
2445,1775530425.7868185,backward,0.08055343851447105,7523.25
2445,1775530425.7894533,optimizer,0.0024847742170095444,7523.25
2446,1775530425.891398,forward,0.03584323264658451,7523.25
2446,1775530425.9723463,backward,0.0808163546025753,7523.25
2446,1775530425.9750085,optimizer,0.0025100242346525192,7523.25
2447,1775530426.084432,forward,0.03588801249861717,7523.25
2447,1775530426.1651428,backward,0.08058088645339012,7523.25
2447,1775530426.1677914,optimizer,0.0024993326514959335,7523.25
2448,1775530426.2723062,forward,0.035839399322867393,7523.25
2448,1775530426.3532813,backward,0.0808450523763895,7523.25
2448,1775530426.3560307,optimizer,0.002595704048871994,7523.25
2449,1775530426.4605427,forward,0.0358702726662159,7523.25
2449,1775530426.5414448,backward,0.08077246323227882,7523.25
2449,1775530426.5440843,optimizer,0.002486003562808037,7523.25
2450,1775530426.645782,forward,0.035850804299116135,7523.25
2450,1775530426.7264519,backward,0.08053751103579998,7523.25
2450,1775530426.729092,optimizer,0.0024906545877456665,7523.25
2451,1775530426.8350828,forward,0.03582287207245827,7523.25
2451,1775530426.9161298,backward,0.08091994561254978,7523.25
2451,1775530426.9187715,optimizer,0.0024908240884542465,7523.25
2452,1775530427.0228822,forward,0.03586539253592491,7523.25
2452,1775530427.1035938,backward,0.08058230951428413,7523.25
2452,1775530427.1062436,optimizer,0.0024930238723754883,7523.25
2453,1775530427.2104127,forward,0.035811131820082664,7523.25
2453,1775530427.291358,backward,0.08081727474927902,7523.25
2453,1775530427.293994,optimizer,0.002484012395143509,7523.25
2454,1775530427.403311,forward,0.035862892866134644,7523.25
2454,1775530427.4840014,backward,0.08055914007127285,7523.25
2454,1775530427.48664,optimizer,0.002493014559149742,7523.25
2455,1775530427.5940645,forward,0.03583354316651821,7523.25
2455,1775530427.6751184,backward,0.08092694729566574,7523.25
2455,1775530427.6777577,optimizer,0.0024894345551729202,7523.25
2456,1775530427.782104,forward,0.03585221990942955,7523.25
2456,1775530427.8628583,backward,0.08062361925840378,7523.25
2456,1775530427.8654962,optimizer,0.002487223595380783,7523.25
2457,1775530427.9696233,forward,0.03576412983238697,7523.25
2457,1775530428.0505416,backward,0.08079254440963268,7523.25
2457,1775530428.053183,optimizer,0.002490503713488579,7523.25
2458,1775530428.1597476,forward,0.03584985062479973,7523.25
2458,1775530428.2406447,backward,0.0807664729654789,7523.25
2458,1775530428.2432883,optimizer,0.002494150772690773,7523.25
2459,1775530428.3489032,forward,0.035840731114149094,7523.25
2459,1775530428.4297934,backward,0.08076226338744164,7523.25
2459,1775530428.4324362,optimizer,0.002494093030691147,7523.25
2460,1775530428.5389624,forward,0.03579217940568924,7523.25
2460,1775530428.6198819,backward,0.08079024218022823,7523.25
2460,1775530428.6225357,optimizer,0.002502111718058586,7523.25
2461,1775530428.7249236,forward,0.0359156709164381,7523.25
2461,1775530428.805577,backward,0.08052926883101463,7523.25
2461,1775530428.8082056,optimizer,0.0024788938462734222,7523.25
2462,1775530428.9152055,forward,0.035818181931972504,7523.25
2462,1775530428.9963417,backward,0.08100242540240288,7523.25
2462,1775530428.9989893,optimizer,0.002495924010872841,7523.25
2463,1775530429.10029,forward,0.035835811868309975,7523.25
2463,1775530429.1811175,backward,0.08069995231926441,7523.25
2463,1775530429.1837587,optimizer,0.002489425241947174,7523.25
2464,1775530429.2906108,forward,0.03582959249615669,7523.25
2464,1775530429.3716114,backward,0.08087162300944328,7523.25
2464,1775530429.3742547,optimizer,0.002489442005753517,7523.25
2465,1775530429.4846342,forward,0.03584454394876957,7523.25
2465,1775530429.565325,backward,0.08056202717125416,7523.25
2465,1775530429.5679593,optimizer,0.0024873334914445877,7523.25
2466,1775530429.6736023,forward,0.03585989214479923,7523.25
2466,1775530429.7546527,backward,0.0809164959937334,7523.25
2466,1775530429.757292,optimizer,0.0024882517755031586,7523.25
2467,1775530429.862469,forward,0.03586687333881855,7523.25
2467,1775530429.9431205,backward,0.08052468858659267,7523.25
2467,1775530429.9457524,optimizer,0.0023821108043193817,7523.25
2468,1775530430.0469685,forward,0.035834651440382004,7523.25
2468,1775530430.127753,backward,0.08065523952245712,7523.25
2468,1775530430.1303997,optimizer,0.0024957768619060516,7523.25
2469,1775530430.2331262,forward,0.035825030878186226,7523.25
2469,1775530430.3145819,backward,0.08130747079849243,7523.25
2469,1775530430.317236,optimizer,0.0025051310658454895,7523.25
2470,1775530430.424395,forward,0.03588736243546009,7523.25
2470,1775530430.5051453,backward,0.08061996661126614,7523.25
2470,1775530430.5077982,optimizer,0.0025014523416757584,7523.25
2471,1775530430.615668,forward,0.03582269325852394,7523.25
2471,1775530430.6967387,backward,0.08094300515949726,7523.25
2471,1775530430.69938,optimizer,0.002491213381290436,7523.25
2472,1775530430.8045588,forward,0.03584864363074303,7523.25
2472,1775530430.8852215,backward,0.08053326793015003,7523.25
2472,1775530430.8878815,optimizer,0.0025075115263462067,7523.25
2473,1775530430.9903853,forward,0.03582063317298889,7523.25
2473,1775530431.0713813,backward,0.08086826466023922,7523.25
2473,1775530431.0740232,optimizer,0.0024910345673561096,7523.25
2474,1775530431.1805012,forward,0.03583352081477642,7523.25
2474,1775530431.2613106,backward,0.08067828044295311,7523.25
2474,1775530431.2639482,optimizer,0.0024870838969945908,7523.25
2475,1775530431.3710902,forward,0.03585597313940525,7523.25
2475,1775530431.4520257,backward,0.08080943487584591,7523.25
2475,1775530431.454675,optimizer,0.002498425543308258,7523.25
2476,1775530431.5597782,forward,0.0358886644244194,7523.25
2476,1775530431.6407397,backward,0.0807178933173418,7523.25
2476,1775530431.6433837,optimizer,0.0024894140660762787,7523.25
2477,1775530431.750596,forward,0.03582623228430748,7523.25
2477,1775530431.831591,backward,0.08086824230849743,7523.25
2477,1775530431.834217,optimizer,0.0024800337851047516,7523.25
2478,1775530431.939651,forward,0.03586629219353199,7523.25
2478,1775530432.0206113,backward,0.08067145198583603,7523.25
2478,1775530432.0233915,optimizer,0.0026257969439029694,7523.25
