step,wall_timestamp,phase,duration_sec,gpu_mem_mb
0,1775623090.4468534,forward,0.3572092540562153,23065.25
0,1775623090.9628408,backward,0.5157783720642328,24989.25
0,1775623090.974861,optimizer,0.011849597096443176,24989.25
1,1775623091.1735766,forward,0.1939559355378151,24989.25
1,1775623091.5755935,backward,0.4017904046922922,24989.25
1,1775623091.5782933,optimizer,0.0025091562420129776,24989.25
2,1775623091.7769334,forward,0.19387218542397022,24989.25
2,1775623092.1787295,backward,0.4015979003161192,24989.25
2,1775623092.1816115,optimizer,0.002666497603058815,24989.25
3,1775623092.3802488,forward,0.19365084916353226,24989.25
3,1775623092.7818444,backward,0.40143110789358616,24989.25
3,1775623092.7847543,optimizer,0.0026878677308559418,24989.25
4,1775623092.9834173,forward,0.19364279136061668,24989.25
4,1775623093.3848405,backward,0.4012582767754793,24989.25
4,1775623093.3877552,optimizer,0.0026423558592796326,24989.25
5,1775623093.5859742,forward,0.19358861073851585,24989.25
5,1775623093.9876578,backward,0.4015195872634649,24989.25
5,1775623093.9909701,optimizer,0.003065096214413643,24989.25
6,1775623094.189323,forward,0.19368667341768742,24989.25
6,1775623094.5909238,backward,0.401438707485795,24989.25
6,1775623094.5936313,optimizer,0.0025372952222824097,24989.25
7,1775623094.7917514,forward,0.19359409995377064,24989.25
7,1775623095.193048,backward,0.40113030187785625,24989.25
7,1775623095.1962104,optimizer,0.0029662437736988068,24989.25
8,1775623095.3946679,forward,0.19378075376152992,24989.25
8,1775623095.7963521,backward,0.4015185199677944,24989.25
8,1775623095.7993128,optimizer,0.002756638452410698,24989.25
9,1775623095.9976363,forward,0.19374600052833557,24989.25
9,1775623096.3992922,backward,0.4014934469014406,24989.25
9,1775623096.401997,optimizer,0.0025289561599493027,24989.25
10,1775623096.6005633,forward,0.19372939318418503,24989.25
10,1775623097.0022671,backward,0.40145848877727985,24989.25
10,1775623097.005022,optimizer,0.002574266865849495,24989.25
11,1775623097.2037156,forward,0.19369319081306458,24989.25
11,1775623097.6055083,backward,0.40163408033549786,24989.25
11,1775623097.6083052,optimizer,0.0025511030107736588,24989.25
12,1775623097.8067176,forward,0.19370686076581478,24989.25
12,1775623098.2087321,backward,0.4018499031662941,24989.25
12,1775623098.2113593,optimizer,0.0024611130356788635,24989.25
13,1775623098.4095492,forward,0.19364828243851662,24989.25
13,1775623098.811227,backward,0.40151253901422024,24989.25
13,1775623098.8145764,optimizer,0.0031245555728673935,24989.25
14,1775623099.0130055,forward,0.19375035353004932,24989.25
14,1775623099.4146347,backward,0.4014671165496111,24989.25
14,1775623099.4172685,optimizer,0.002448851242661476,24989.25
15,1775623099.6154869,forward,0.19364997930824757,24989.25
15,1775623100.0178235,backward,0.40214970894157887,24989.25
15,1775623100.0205178,optimizer,0.0025224927812814713,24989.25
16,1775623100.219205,forward,0.19370719231665134,24989.25
16,1775623100.6208656,backward,0.4014987666159868,24989.25
16,1775623100.623545,optimizer,0.0025188829749822617,24989.25
17,1775623100.821815,forward,0.19374148175120354,24989.25
17,1775623101.224046,backward,0.40202486887574196,24989.25
17,1775623101.226758,optimizer,0.002540064975619316,24989.25
18,1775623101.424945,forward,0.19362482987344265,24989.25
18,1775623101.8267977,backward,0.40168887190520763,24989.25
18,1775623101.8296218,optimizer,0.002581363543868065,24989.25
19,1775623102.0280375,forward,0.19368473999202251,24989.25
19,1775623102.429837,backward,0.40163631178438663,24989.25
19,1775623102.4324574,optimizer,0.0024534035474061966,24989.25
20,1775623102.630674,forward,0.193637790158391,24989.25
20,1775623103.0324094,backward,0.4015732202678919,24989.25
20,1775623103.0352507,optimizer,0.0026042237877845764,24989.25
21,1775623103.2337883,forward,0.19374047219753265,24989.25
21,1775623103.635742,backward,0.40178693272173405,24989.25
21,1775623103.6384277,optimizer,0.0025179237127304077,24989.25
22,1775623103.8413253,forward,0.19377358257770538,24989.25
22,1775623104.2431293,backward,0.4016419518738985,24989.25
22,1775623104.245825,optimizer,0.0025271642953157425,24989.25
23,1775623104.4438753,forward,0.1935681402683258,24989.25
23,1775623104.845904,backward,0.4017677363008261,24989.25
23,1775623104.8486917,optimizer,0.002613995224237442,24989.25
24,1775623105.0471125,forward,0.19380481354892254,24989.25
24,1775623105.4486303,backward,0.40135635808110237,24989.25
24,1775623105.4512649,optimizer,0.002467462792992592,24989.25
25,1775623105.6494248,forward,0.1936535183340311,24989.25
25,1775623106.0509474,backward,0.40134681575000286,24989.25
25,1775623106.054086,optimizer,0.0029434189200401306,24989.25
26,1775623106.2523077,forward,0.193655489012599,24989.25
26,1775623106.6540844,backward,0.4016052298247814,24989.25
26,1775623106.6567867,optimizer,0.0025169532746076584,24989.25
27,1775623106.855289,forward,0.19360344856977463,24989.25
27,1775623107.257117,backward,0.4016613531857729,24989.25
27,1775623107.2600956,optimizer,0.0027746204286813736,24989.25
28,1775623107.4588356,forward,0.19384994357824326,24989.25
28,1775623107.8605728,backward,0.4015731196850538,24989.25
28,1775623107.8632615,optimizer,0.0025178343057632446,24989.25
29,1775623108.0615242,forward,0.19372016936540604,24989.25
29,1775623108.4630947,backward,0.40140324644744396,24989.25
29,1775623108.465709,optimizer,0.002443404868245125,24989.25
30,1775623108.6639907,forward,0.19371367059648037,24989.25
30,1775623109.0661125,backward,0.4018772356212139,24989.25
30,1775623109.068878,optimizer,0.002582043409347534,24989.25
31,1775623109.2673347,forward,0.193745831027627,24989.25
31,1775623109.6689994,backward,0.40150100737810135,24989.25
31,1775623109.6716888,optimizer,0.002518763765692711,24989.25
32,1775623109.8701174,forward,0.19380585104227066,24989.25
32,1775623110.2721019,backward,0.40181916393339634,24989.25
32,1775623110.274938,optimizer,0.0026059653609991074,24989.25
33,1775623110.4732773,forward,0.19372720271348953,24989.25
33,1775623110.8752027,backward,0.40177604369819164,24989.25
33,1775623110.8778884,optimizer,0.002515064552426338,24989.25
34,1775623111.0765054,forward,0.19371791183948517,24989.25
34,1775623111.4784439,backward,0.40178508311510086,24989.25
34,1775623111.4810693,optimizer,0.002468053251504898,24989.25
35,1775623111.6798606,forward,0.19376247934997082,24989.25
35,1775623112.0819001,backward,0.40187814459204674,24989.25
35,1775623112.0853198,optimizer,0.003155495971441269,24989.25
36,1775623112.2837775,forward,0.19374755024909973,24989.25
36,1775623112.6854963,backward,0.4015802200883627,24989.25
36,1775623112.6881144,optimizer,0.002468051388859749,24989.25
37,1775623112.8863513,forward,0.19368924014270306,24989.25
37,1775623113.2879102,backward,0.4014181289821863,24989.25
37,1775623113.2905154,optimizer,0.0024626553058624268,24989.25
38,1775623113.4887328,forward,0.19373504258692265,24989.25
38,1775623113.890504,backward,0.40163213200867176,24989.25
38,1775623113.893591,optimizer,0.0029020197689533234,24989.25
39,1775623114.092038,forward,0.19383691437542439,24989.25
39,1775623114.493677,backward,0.4014780595898628,24989.25
39,1775623114.4963121,optimizer,0.0024667512625455856,24989.25
40,1775623114.6950407,forward,0.1937593426555395,24989.25
40,1775623115.096756,backward,0.4015529192984104,24989.25
40,1775623115.0994601,optimizer,0.002535836771130562,24989.25
41,1775623115.2980382,forward,0.1936469618231058,24989.25
41,1775623115.6996255,backward,0.4014239888638258,24989.25
41,1775623115.702591,optimizer,0.0027585364878177643,24989.25
42,1775623115.9010642,forward,0.19385897740721703,24989.25
42,1775623116.3029528,backward,0.4017217140644789,24989.25
42,1775623116.3056383,optimizer,0.0022385772317647934,24989.25
43,1775623116.5040329,forward,0.19384696334600449,24989.25
43,1775623116.9060419,backward,0.4018373265862465,24989.25
43,1775623116.9086864,optimizer,0.0024707838892936707,24989.25
44,1775623117.1069834,forward,0.19373979233205318,24989.25
44,1775623117.5089216,backward,0.40177140198647976,24989.25
44,1775623117.5118186,optimizer,0.002361312508583069,24989.25
45,1775623117.7102556,forward,0.1937236413359642,24989.25
45,1775623118.1123357,backward,0.4019176568835974,24989.25
45,1775623118.1149678,optimizer,0.002458963543176651,24989.25
46,1775623118.3137488,forward,0.19380113296210766,24989.25
46,1775623118.7152176,backward,0.40130498446524143,24989.25
46,1775623118.7179072,optimizer,0.0025066733360290527,24989.25
47,1775623118.9165943,forward,0.19378963485360146,24989.25
47,1775623119.3187044,backward,0.40194726549088955,24989.25
47,1775623119.3215451,optimizer,0.002602364867925644,24989.25
48,1775623119.5199256,forward,0.19372385367751122,24989.25
48,1775623119.9219491,backward,0.40186849422752857,24989.25
48,1775623119.9246168,optimizer,0.0025063063949346542,24989.25
49,1775623120.122978,forward,0.1938244942575693,24989.25
49,1775623120.5250797,backward,0.40194556675851345,24989.25
49,1775623120.5277636,optimizer,0.0025213249027729034,24989.25
50,1775623120.726061,forward,0.19378119334578514,24989.25
50,1775623121.1280565,backward,0.4018176030367613,24989.25
50,1775623121.1306794,optimizer,0.0024577639997005463,24989.25
51,1775623121.328917,forward,0.1937328428030014,24989.25
51,1775623121.7308095,backward,0.4017393123358488,24989.25
51,1775623121.7341986,optimizer,0.003133624792098999,24989.25
52,1775623121.9329453,forward,0.1938692443072796,24989.25
52,1775623122.3347085,backward,0.40160680189728737,24989.25
52,1775623122.3374019,optimizer,0.0025315750390291214,24989.25
53,1775623122.5360625,forward,0.19370355270802975,24989.25
53,1775623122.9379034,backward,0.40168655291199684,24989.25
53,1775623122.94059,optimizer,0.002516781911253929,24989.25
54,1775623123.138923,forward,0.1937612220644951,24989.25
54,1775623123.540864,backward,0.4017816036939621,24989.25
54,1775623123.5435727,optimizer,0.0025474149733781815,24989.25
55,1775623123.741885,forward,0.19378862343728542,24989.25
55,1775623124.1438088,backward,0.4017660412937403,24989.25
55,1775623124.1469748,optimizer,0.0029851123690605164,24989.25
56,1775623124.3454103,forward,0.1938352733850479,24989.25
56,1775623124.74739,backward,0.4018129836767912,24989.25
56,1775623124.7500668,optimizer,0.002498084679245949,24989.25
57,1775623124.94846,forward,0.1938446145504713,24989.25
57,1775623125.3504,backward,0.40178246423602104,24989.25
57,1775623125.3530738,optimizer,0.00250818207859993,24989.25
58,1775623125.5516737,forward,0.19376787170767784,24989.25
58,1775623125.9538891,backward,0.402059119194746,24989.25
58,1775623125.9565802,optimizer,0.002526024356484413,24989.25
59,1775623126.1549141,forward,0.19377720169723034,24989.25
59,1775623126.5568018,backward,0.4017245415598154,24989.25
59,1775623126.5597508,optimizer,0.0027487482875585556,24989.25
60,1775623126.7582893,forward,0.19392962381243706,24989.25
60,1775623127.1603868,backward,0.4019376188516617,24989.25
60,1775623127.1630263,optimizer,0.0024735238403081894,24989.25
61,1775623127.3614118,forward,0.19382736273109913,24989.25
61,1775623127.76333,backward,0.40175322256982327,24989.25
61,1775623127.7660291,optimizer,0.0025313235819339752,24989.25
62,1775623127.9643803,forward,0.19381686486303806,24989.25
62,1775623128.3662047,backward,0.4016687646508217,24989.25
62,1775623128.368873,optimizer,0.002504263073205948,24989.25
63,1775623128.5671575,forward,0.1937525812536478,24989.25
63,1775623128.969357,backward,0.4020373970270157,24989.25
63,1775623128.9722726,optimizer,0.002657568082213402,24989.25
64,1775623129.1712298,forward,0.19388321414589882,24989.25
64,1775623129.5734155,backward,0.4020318482071161,24989.25
64,1775623129.5760872,optimizer,0.002500554546713829,24989.25
65,1775623129.7744472,forward,0.19382030330598354,24989.25
65,1775623130.1765847,backward,0.4019795749336481,24989.25
65,1775623130.179274,optimizer,0.0025211740285158157,24989.25
66,1775623130.3775449,forward,0.19373896159231663,24989.25
66,1775623130.779787,backward,0.4020835682749748,24989.25
66,1775623130.7824337,optimizer,0.002466592937707901,24989.25
67,1775623130.9807649,forward,0.1938031129539013,24989.25
67,1775623131.382736,backward,0.4018147140741348,24989.25
67,1775623131.3855228,optimizer,0.0025480035692453384,24989.25
68,1775623131.584072,forward,0.19387872330844402,24989.25
68,1775623131.9859624,backward,0.4017336629331112,24989.25
68,1775623131.988592,optimizer,0.0024631116539239883,24989.25
69,1775623132.1871154,forward,0.19379222206771374,24989.25
69,1775623132.5893412,backward,0.4020639695227146,24989.25
69,1775623132.5920393,optimizer,0.002530515193939209,24989.25
70,1775623132.7907455,forward,0.1937827318906784,24989.25
70,1775623133.192934,backward,0.4020054582506418,24989.25
70,1775623133.1956356,optimizer,0.0025354232639074326,24989.25
71,1775623133.3939652,forward,0.19378898292779922,24989.25
71,1775623133.7958953,backward,0.4017708618193865,24989.25
71,1775623133.7985752,optimizer,0.0025076735764741898,24989.25
72,1775623133.9969351,forward,0.19382046163082123,24989.25
72,1775623134.3991334,backward,0.4020368382334709,24989.25
72,1775623134.4019582,optimizer,0.0026570670306682587,24989.25
73,1775623134.6010985,forward,0.19423459097743034,24989.25
73,1775623135.0032058,backward,0.4019452966749668,24989.25
73,1775623135.0059204,optimizer,0.0025456957519054413,24989.25
74,1775623135.2042966,forward,0.19382358342409134,24989.25
74,1775623135.606313,backward,0.40185685083270073,24989.25
74,1775623135.608934,optimizer,0.0024541839957237244,24989.25
75,1775623135.8077917,forward,0.19382720440626144,24989.25
75,1775623136.2094238,backward,0.401466878131032,24989.25
75,1775623136.212081,optimizer,0.00244242325425148,24989.25
76,1775623136.4107678,forward,0.19386198557913303,24989.25
76,1775623136.8129907,backward,0.4020613878965378,24989.25
76,1775623136.8156419,optimizer,0.002467932179570198,24989.25
77,1775623137.0139751,forward,0.1938014030456543,24989.25
77,1775623137.416119,backward,0.40198168717324734,24989.25
77,1775623137.4187608,optimizer,0.0024704337120056152,24989.25
78,1775623137.617237,forward,0.19381344318389893,24989.25
78,1775623138.0196567,backward,0.4022374805063009,24989.25
78,1775623138.0222921,optimizer,0.002463165670633316,24989.25
79,1775623138.2206328,forward,0.19379855319857597,24989.25
79,1775623138.6229365,backward,0.4021450486034155,24989.25
79,1775623138.6255577,optimizer,0.0024508852511644363,24989.25
80,1775623138.8238764,forward,0.19378861226141453,24989.25
80,1775623139.2259579,backward,0.4018947072327137,24989.25
80,1775623139.2285676,optimizer,0.002439882606267929,24989.25
81,1775623139.43056,forward,0.193835673853755,24989.25
81,1775623139.8325632,backward,0.4018402136862278,24989.25
81,1775623139.8352642,optimizer,0.0025305654853582382,24989.25
82,1775623140.0335474,forward,0.19381188228726387,24989.25
82,1775623140.435693,backward,0.40198508836328983,24989.25
82,1775623140.438384,optimizer,0.0025214366614818573,24989.25
83,1775623140.63668,forward,0.19381625391542912,24989.25
83,1775623141.0388825,backward,0.40199570544064045,24989.25
83,1775623141.0416203,optimizer,0.00255422480404377,24989.25
84,1775623141.2399585,forward,0.1938429158180952,24989.25
84,1775623141.6421895,backward,0.40207147039473057,24989.25
84,1775623141.6448853,optimizer,0.0025222450494766235,24989.25
85,1775623141.8431985,forward,0.1938453633338213,24989.25
85,1775623142.2452629,backward,0.4019043054431677,24989.25
85,1775623142.247966,optimizer,0.002536032348871231,24989.25
86,1775623142.446635,forward,0.1938326507806778,24989.25
86,1775623142.8491254,backward,0.4023296032100916,24989.25
86,1775623142.8518407,optimizer,0.002529064193367958,24989.25
87,1775623143.050168,forward,0.19378345273435116,24989.25
87,1775623143.4519854,backward,0.4016557205468416,24989.25
87,1775623143.4546275,optimizer,0.0022026076912879944,24989.25
88,1775623143.6531093,forward,0.19393428601324558,24989.25
88,1775623144.05524,backward,0.4019669685512781,24989.25
88,1775623144.0581362,optimizer,0.0026490259915590286,24989.25
89,1775623144.2568018,forward,0.19396484829485416,24989.25
89,1775623144.6590915,backward,0.4021262675523758,24989.25
89,1775623144.6617415,optimizer,0.0022114701569080353,24989.25
90,1775623144.8602126,forward,0.193907355889678,24989.25
90,1775623145.2622032,backward,0.40182413533329964,24989.25
90,1775623145.264818,optimizer,0.002446584403514862,24989.25
91,1775623145.4635186,forward,0.19380317255854607,24989.25
91,1775623145.8653102,backward,0.4016342796385288,24989.25
91,1775623145.867949,optimizer,0.002468384802341461,24989.25
92,1775623146.0666895,forward,0.19378703460097313,24989.25
92,1775623146.468809,backward,0.40195706486701965,24989.25
92,1775623146.4715145,optimizer,0.002535054460167885,24989.25
93,1775623146.669903,forward,0.19384014420211315,24989.25
93,1775623147.0718372,backward,0.4017668850719929,24989.25
93,1775623147.0746872,optimizer,0.002609165385365486,24989.25
94,1775623147.2731626,forward,0.19383707270026207,24989.25
94,1775623147.6750374,backward,0.4017179310321808,24989.25
94,1775623147.6777153,optimizer,0.002500643953680992,24989.25
95,1775623147.8761234,forward,0.19384978339076042,24989.25
95,1775623148.2781615,backward,0.40188333578407764,24989.25
95,1775623148.2808497,optimizer,0.002524934709072113,24989.25
96,1775623148.4792116,forward,0.1938100252300501,24989.25
96,1775623148.8813663,backward,0.4020002894103527,24989.25
96,1775623148.8850052,optimizer,0.002522554248571396,24989.25
97,1775623149.0846035,forward,0.19387650303542614,24989.25
97,1775623149.4866967,backward,0.40193653665483,24989.25
97,1775623149.4893837,optimizer,0.0025239121168851852,24989.25
98,1775623149.6882374,forward,0.1939050741493702,24989.25
98,1775623150.090257,backward,0.4018638152629137,24989.25
98,1775623150.0929177,optimizer,0.002496175467967987,24989.25
99,1775623150.2912421,forward,0.1937910709530115,24989.25
99,1775623150.6932867,backward,0.4018892962485552,24989.25
99,1775623150.6959689,optimizer,0.002516893669962883,24989.25
100,1775623150.8943853,forward,0.19386440515518188,24989.25
100,1775623151.2965047,backward,0.4019387159496546,24989.25
100,1775623151.2998488,optimizer,0.003119533881545067,24989.25
101,1775623151.498379,forward,0.1938537433743477,24989.25
101,1775623151.9004304,backward,0.40189303644001484,24989.25
101,1775623151.9031196,optimizer,0.0025231149047613144,24989.25
102,1775623152.101828,forward,0.19384087063372135,24989.25
102,1775623152.5037107,backward,0.4017255250364542,24989.25
102,1775623152.5064027,optimizer,0.0025287140160799026,24989.25
103,1775623152.705111,forward,0.19378974102437496,24989.25
103,1775623153.1070497,backward,0.40178184397518635,24989.25
103,1775623153.1097317,optimizer,0.0025128647685050964,24989.25
104,1775623153.3081877,forward,0.19392045587301254,24989.25
104,1775623153.7104766,backward,0.4021310918033123,24989.25
104,1775623153.7131653,optimizer,0.0025234855711460114,24989.25
105,1775623153.9115605,forward,0.1938743144273758,24989.25
105,1775623154.3137412,backward,0.40201989747583866,24989.25
105,1775623154.3164132,optimizer,0.0025095734745264053,24989.25
106,1775623154.514765,forward,0.1938184816390276,24989.25
106,1775623154.916699,backward,0.40177307464182377,24989.25
106,1775623154.9194174,optimizer,0.0025397930294275284,24989.25
107,1775623155.1178288,forward,0.19381215423345566,24989.25
107,1775623155.520345,backward,0.4023370649665594,24989.25
107,1775623155.5230498,optimizer,0.0025380663573741913,24989.25
108,1775623155.7218685,forward,0.19386943615972996,24989.25
108,1775623156.1240292,backward,0.4020021967589855,24989.25
108,1775623156.1267028,optimizer,0.002507617697119713,24989.25
109,1775623156.3254514,forward,0.19386260397732258,24989.25
109,1775623156.7275844,backward,0.4019577354192734,24989.25
109,1775623156.7302244,optimizer,0.002469882369041443,24989.25
110,1775623156.9287279,forward,0.19394726492464542,24989.25
110,1775623157.3308733,backward,0.4019637480378151,24989.25
110,1775623157.3335044,optimizer,0.0024612322449684143,24989.25
111,1775623157.5318282,forward,0.19376913271844387,24989.25
111,1775623157.9338348,backward,0.40185023471713066,24989.25
111,1775623157.9364483,optimizer,0.002446623519062996,24989.25
112,1775623158.1347256,forward,0.193686842918396,24989.25
112,1775623158.5367854,backward,0.4019027967005968,24989.25
112,1775623158.5394053,optimizer,0.0024534426629543304,24989.25
113,1775623158.7377217,forward,0.1937753912061453,24989.25
113,1775623159.1397738,backward,0.4018892925232649,24989.25
113,1775623159.1426454,optimizer,0.0026704762130975723,24989.25
114,1775623159.3415012,forward,0.19385354407131672,24989.25
114,1775623159.7438369,backward,0.40216810069978237,24989.25
114,1775623159.7464464,optimizer,0.002443883568048477,24989.25
115,1775623159.9447522,forward,0.19375677220523357,24989.25
115,1775623160.3468547,backward,0.40194348618388176,24989.25
115,1775623160.3494847,optimizer,0.002464102581143379,24989.25
116,1775623160.5477405,forward,0.19369213096797466,24989.25
116,1775623160.9499192,backward,0.40202017687261105,24989.25
116,1775623160.952549,optimizer,0.0024554338306188583,24989.25
117,1775623161.1510718,forward,0.19395959563553333,24989.25
117,1775623161.5531235,backward,0.4018940534442663,24989.25
117,1775623161.555766,optimizer,0.002475762739777565,24989.25
118,1775623161.7542326,forward,0.19383849203586578,24989.25
118,1775623162.1562405,backward,0.4018486849963665,24989.25
118,1775623162.158857,optimizer,0.0024488121271133423,24989.25
119,1775623162.3571172,forward,0.19370329193770885,24989.25
119,1775623162.7591403,backward,0.4018632024526596,24989.25
119,1775623162.761777,optimizer,0.0024676620960235596,24989.25
120,1775623162.9604876,forward,0.19378568045794964,24989.25
120,1775623163.3629332,backward,0.4022578317672014,24989.25
120,1775623163.3657808,optimizer,0.0023623239248991013,24989.25
121,1775623163.5642886,forward,0.19378779456019402,24989.25
121,1775623163.9664,backward,0.4019488040357828,24989.25
121,1775623163.969065,optimizer,0.0024969633668661118,24989.25
122,1775623164.1673815,forward,0.19379627332091331,24989.25
122,1775623164.5695558,backward,0.4020110201090574,24989.25
122,1775623164.5721745,optimizer,0.0024482235312461853,24989.25
123,1775623164.7706056,forward,0.19387962482869625,24989.25
123,1775623165.1728795,backward,0.4021124988794327,24989.25
123,1775623165.1755087,optimizer,0.0024616047739982605,24989.25
124,1775623165.3738196,forward,0.1937733329832554,24989.25
124,1775623165.775985,backward,0.4020055867731571,24989.25
124,1775623165.7786264,optimizer,0.0024699028581380844,24989.25
125,1775623165.9773552,forward,0.19381477311253548,24989.25
125,1775623166.3796954,backward,0.4021814204752445,24989.25
125,1775623166.382329,optimizer,0.002455342561006546,24989.25
126,1775623166.5810218,forward,0.19383024238049984,24989.25
126,1775623166.983184,backward,0.4019986968487501,24989.25
126,1775623166.9858215,optimizer,0.00246446393430233,24989.25
127,1775623167.1841571,forward,0.19380437396466732,24989.25
127,1775623167.586262,backward,0.40193960443139076,24989.25
127,1775623167.5889764,optimizer,0.0025043748319149017,24989.25
128,1775623167.7874537,forward,0.19384934194386005,24989.25
128,1775623168.1896658,backward,0.4020485673099756,24989.25
128,1775623168.192283,optimizer,0.0024468321353197098,24989.25
129,1775623168.3907256,forward,0.19386817328631878,24989.25
129,1775623168.7927806,backward,0.40189376659691334,24989.25
129,1775623168.7954206,optimizer,0.0024688635021448135,24989.25
130,1775623168.9937673,forward,0.19380148127675056,24989.25
130,1775623169.3957837,backward,0.4018346555531025,24989.25
130,1775623169.3984005,optimizer,0.0024448633193969727,24989.25
131,1775623169.5971618,forward,0.19381286390125751,24989.25
131,1775623169.9992366,backward,0.40190999768674374,24989.25
131,1775623170.001854,optimizer,0.002450430765748024,24989.25
132,1775623170.2006733,forward,0.19387707486748695,24989.25
132,1775623170.602958,backward,0.40212244912981987,24989.25
132,1775623170.605597,optimizer,0.002468511462211609,24989.25
133,1775623170.8040998,forward,0.19385021552443504,24989.25
133,1775623171.2063253,backward,0.40203897655010223,24989.25
133,1775623171.2089698,optimizer,0.0024734418839216232,24989.25
134,1775623171.407322,forward,0.19376995228230953,24989.25
134,1775623171.809152,backward,0.40166840329766273,24989.25
134,1775623171.8117986,optimizer,0.0024744607508182526,24989.25
135,1775623172.0101738,forward,0.1938247811049223,24989.25
135,1775623172.4121861,backward,0.40185145661234856,24989.25
135,1775623172.4147959,optimizer,0.002441141754388809,24989.25
136,1775623172.6131878,forward,0.19386123307049274,24989.25
136,1775623173.0156193,backward,0.40217543952167034,24989.25
136,1775623173.0183527,optimizer,0.0025502145290374756,24989.25
137,1775623173.2201707,forward,0.19383886456489563,24989.25
137,1775623173.6222174,backward,0.40188324451446533,24989.25
137,1775623173.6248455,optimizer,0.0024588648229837418,24989.25
138,1775623173.8230624,forward,0.19374244287610054,24989.25
138,1775623174.2252924,backward,0.4020682591944933,24989.25
138,1775623174.2279227,optimizer,0.002464262768626213,24989.25
139,1775623174.4262133,forward,0.19381424225866795,24989.25
139,1775623174.828483,backward,0.40211636014282703,24989.25
139,1775623174.8311234,optimizer,0.002470465376973152,24989.25
140,1775623175.0294688,forward,0.1938453335314989,24989.25
140,1775623175.4314852,backward,0.4018542543053627,24989.25
140,1775623175.4341123,optimizer,0.00246480293571949,24989.25
141,1775623175.632393,forward,0.19381441175937653,24989.25
141,1775623176.0343792,backward,0.4018334839493036,24989.25
141,1775623176.0369956,optimizer,0.0024487823247909546,24989.25
142,1775623176.2357583,forward,0.19378164410591125,24989.25
142,1775623176.6377187,backward,0.40180050395429134,24989.25
142,1775623176.6403494,optimizer,0.0024661049246788025,24989.25
143,1775623176.8389537,forward,0.19378667883574963,24989.25
143,1775623177.240936,backward,0.4018199574202299,24989.25
143,1775623177.2435632,optimizer,0.002464892342686653,24989.25
144,1775623177.4419394,forward,0.1938318833708763,24989.25
144,1775623177.8439827,backward,0.40188920497894287,24989.25
144,1775623177.8470194,optimizer,0.002860419452190399,24989.25
145,1775623178.0454895,forward,0.19386684335768223,24989.25
145,1775623178.447628,backward,0.4019690379500389,24989.25
145,1775623178.4502594,optimizer,0.0024639833718538284,24989.25
146,1775623178.648643,forward,0.19382695481181145,24989.25
146,1775623179.050809,backward,0.4020077474415302,24989.25
146,1775623179.0534515,optimizer,0.002466212958097458,24989.25
147,1775623179.2517946,forward,0.19379211217164993,24989.25
147,1775623179.65402,backward,0.402069628238678,24989.25
147,1775623179.6566448,optimizer,0.0024585332721471786,24989.25
148,1775623179.8554032,forward,0.19382122159004211,24989.25
148,1775623180.2575133,backward,0.4019519276916981,24989.25
148,1775623180.2601476,optimizer,0.002461634576320648,24989.25
149,1775623180.4585319,forward,0.19379974342882633,24989.25
149,1775623180.8605826,backward,0.40189213678240776,24989.25
149,1775623180.86322,optimizer,0.0024654213339090347,24989.25
150,1775623181.0616183,forward,0.19387200474739075,24989.25
150,1775623181.4637847,backward,0.40201204642653465,24989.25
150,1775623181.4664729,optimizer,0.0025212951004505157,24989.25
151,1775623181.6647484,forward,0.19374322146177292,24989.25
151,1775623182.067063,backward,0.402157561853528,24989.25
151,1775623182.0696914,optimizer,0.002462843433022499,24989.25
152,1775623182.2681186,forward,0.1938175316900015,24989.25
152,1775623182.6701624,backward,0.40188348293304443,24989.25
152,1775623182.6727722,optimizer,0.00244167260825634,24989.25
153,1775623182.8712113,forward,0.19386784359812737,24989.25
153,1775623183.2732043,backward,0.40183171443641186,24989.25
153,1775623183.276104,optimizer,0.0026948172599077225,24989.25
154,1775623183.4751093,forward,0.1939608883112669,24989.25
154,1775623183.8773677,backward,0.402099771425128,24989.25
154,1775623183.879984,optimizer,0.00244288332760334,24989.25
155,1775623184.0784438,forward,0.193904934450984,24989.25
155,1775623184.480648,backward,0.40204551815986633,24989.25
155,1775623184.4832652,optimizer,0.00245114229619503,24989.25
156,1775623184.681625,forward,0.19382105208933353,24989.25
156,1775623185.0838892,backward,0.40210621803998947,24989.25
156,1775623185.0865006,optimizer,0.0024410635232925415,24989.25
157,1775623185.2848413,forward,0.19379187375307083,24989.25
157,1775623185.6867502,backward,0.4017501939088106,24989.25
157,1775623185.6893742,optimizer,0.002456771209836006,24989.25
158,1775623185.8876717,forward,0.19371449202299118,24989.25
158,1775623186.2897265,backward,0.4018906857818365,24989.25
158,1775623186.2924016,optimizer,0.0025021936744451523,24989.25
159,1775623186.491165,forward,0.1938440054655075,24989.25
159,1775623186.8931131,backward,0.4017867036163807,24989.25
159,1775623186.8957481,optimizer,0.002460263669490814,24989.25
160,1775623187.0944302,forward,0.19382043182849884,24989.25
160,1775623187.4964428,backward,0.40185272321105003,24989.25
160,1775623187.4990797,optimizer,0.0024697240442037582,24989.25
161,1775623187.697462,forward,0.19382908195257187,24989.25
161,1775623188.0996883,backward,0.40205835923552513,24989.25
161,1775623188.102387,optimizer,0.002529684454202652,24989.25
162,1775623188.3007262,forward,0.1938089244067669,24989.25
162,1775623188.702788,backward,0.40189623460173607,24989.25
162,1775623188.7056713,optimizer,0.0026439372450113297,24989.25
163,1775623188.9042945,forward,0.19392954371869564,24989.25
163,1775623189.306507,backward,0.40202760696411133,24989.25
163,1775623189.3092043,optimizer,0.002526557072997093,24989.25
164,1775623189.5075152,forward,0.1937737725675106,24989.25
164,1775623189.9096763,backward,0.401995275169611,24989.25
164,1775623189.9123569,optimizer,0.0025128349661827087,24989.25
165,1775623190.1109512,forward,0.19376966170966625,24989.25
165,1775623190.513063,backward,0.4019516259431839,24989.25
165,1775623190.515752,optimizer,0.0025248322635889053,24989.25
166,1775623190.7144482,forward,0.19383926503360271,24989.25
166,1775623191.1164427,backward,0.4018271956592798,24989.25
166,1775623191.1191375,optimizer,0.002514634281396866,24989.25
167,1775623191.317472,forward,0.1938063520938158,24989.25
167,1775623191.7194693,backward,0.40182638354599476,24989.25
167,1775623191.7221606,optimizer,0.0025203432887792587,24989.25
168,1775623191.9204566,forward,0.19377188198268414,24989.25
168,1775623192.322439,backward,0.4018183760344982,24989.25
168,1775623192.3251345,optimizer,0.002526853233575821,24989.25
169,1775623192.5234613,forward,0.19381287321448326,24989.25
169,1775623192.9255838,backward,0.40196053870022297,24989.25
169,1775623192.9282804,optimizer,0.002522803843021393,24989.25
170,1775623193.1266527,forward,0.19384404085576534,24989.25
170,1775623193.528529,backward,0.4017093423753977,24989.25
170,1775623193.5312088,optimizer,0.0025115758180618286,24989.25
171,1775623193.7299268,forward,0.19384541362524033,24989.25
171,1775623194.1323042,backward,0.4021417312324047,24989.25
171,1775623194.135052,optimizer,0.002563364803791046,24989.25
172,1775623194.3337944,forward,0.19386022351682186,24989.25
172,1775623194.7359943,backward,0.4020338375121355,24989.25
172,1775623194.7386975,optimizer,0.0025270525366067886,24989.25
173,1775623194.937043,forward,0.1938062533736229,24989.25
173,1775623195.3390453,backward,0.40182056464254856,24989.25
173,1775623195.34174,optimizer,0.002524903044104576,24989.25
174,1775623195.540116,forward,0.19383176416158676,24989.25
174,1775623195.9422143,backward,0.40193341858685017,24989.25
174,1775623195.944912,optimizer,0.0025252141058444977,24989.25
175,1775623196.1432188,forward,0.19376213289797306,24989.25
175,1775623196.545553,backward,0.40216807089746,24989.25
175,1775623196.5482466,optimizer,0.002523403614759445,24989.25
176,1775623196.746664,forward,0.19386359304189682,24989.25
176,1775623197.1488273,backward,0.40199702605605125,24989.25
176,1775623197.151485,optimizer,0.002475196495652199,24989.25
177,1775623197.3501196,forward,0.19370775297284126,24989.25
177,1775623197.7522433,backward,0.40196000784635544,24989.25
177,1775623197.7549503,optimizer,0.002534611150622368,24989.25
178,1775623197.953196,forward,0.19371450133621693,24989.25
178,1775623198.355275,backward,0.40189679712057114,24989.25
178,1775623198.3579109,optimizer,0.002461044117808342,24989.25
179,1775623198.5562866,forward,0.19381424225866795,24989.25
179,1775623198.9584055,backward,0.4019528031349182,24989.25
179,1775623198.9610999,optimizer,0.0025211740285158157,24989.25
180,1775623199.1593728,forward,0.193730091676116,24989.25
180,1775623199.5614853,backward,0.401943676173687,24989.25
180,1775623199.5641313,optimizer,0.0024612843990325928,24989.25
181,1775623199.7624094,forward,0.19367730990052223,24989.25
181,1775623200.1644824,backward,0.4019116275012493,24989.25
181,1775623200.16711,optimizer,0.0024526938796043396,24989.25
182,1775623200.3653874,forward,0.19372282549738884,24989.25
182,1775623200.7676697,backward,0.40210944786667824,24989.25
182,1775623200.771087,optimizer,0.0031504761427640915,24989.25
183,1775623200.970178,forward,0.19401671551167965,24989.25
183,1775623201.3723488,backward,0.40198963694274426,24989.25
183,1775623201.3750544,optimizer,0.0025337133556604385,24989.25
184,1775623201.5732973,forward,0.19368539936840534,24989.25
184,1775623201.9753268,backward,0.40186262503266335,24989.25
184,1775623201.9779472,optimizer,0.0024511534720659256,24989.25
185,1775623202.1763027,forward,0.1938238050788641,24989.25
185,1775623202.5784736,backward,0.40200210735201836,24989.25
185,1775623202.581096,optimizer,0.00245596282184124,24989.25
186,1775623202.7794783,forward,0.19381632469594479,24989.25
186,1775623203.1815748,backward,0.4019359555095434,24989.25
186,1775623203.1841812,optimizer,0.0024362336844205856,24989.25
187,1775623203.3825583,forward,0.19380207173526287,24989.25
187,1775623203.7846794,backward,0.40196033753454685,24989.25
187,1775623203.787312,optimizer,0.002465544268488884,24989.25
188,1775623203.9859872,forward,0.19385066255927086,24989.25
188,1775623204.3879507,backward,0.40180630423128605,24989.25
188,1775623204.3906105,optimizer,0.002490723505616188,24989.25
189,1775623204.5893662,forward,0.193838095292449,24989.25
189,1775623204.99146,backward,0.40193403512239456,24989.25
189,1775623204.9941013,optimizer,0.002463351935148239,24989.25
190,1775623205.1924095,forward,0.19376526400446892,24989.25
190,1775623205.5942879,backward,0.4017167743295431,24989.25
190,1775623205.5969095,optimizer,0.0024540647864341736,24989.25
191,1775623205.7952278,forward,0.19377297349274158,24989.25
191,1775623206.197169,backward,0.4017802122980356,24989.25
191,1775623206.1998446,optimizer,0.0025117937475442886,24989.25
192,1775623206.3982852,forward,0.19373886287212372,24989.25
192,1775623206.8004155,backward,0.40196800604462624,24989.25
192,1775623206.803106,optimizer,0.0025230739265680313,24989.25
193,1775623207.001487,forward,0.19388500601053238,24989.25
193,1775623207.4036455,backward,0.4019692949950695,24989.25
193,1775623207.4067388,optimizer,0.0029127486050128937,24989.25
194,1775623207.6096659,forward,0.19387762434780598,24989.25
194,1775623208.0116274,backward,0.4017979744821787,24989.25
194,1775623208.014261,optimizer,0.0024630017578601837,24989.25
195,1775623208.2125134,forward,0.19375166110694408,24989.25
195,1775623208.6145334,backward,0.4018589947372675,24989.25
195,1775623208.6172128,optimizer,0.0025114156305789948,24989.25
196,1775623208.8155584,forward,0.19385579600930214,24989.25
196,1775623209.217418,backward,0.40169781260192394,24989.25
196,1775623209.2201142,optimizer,0.0025114715099334717,24989.25
197,1775623209.4184659,forward,0.19384085200726986,24989.25
197,1775623209.820649,backward,0.4020190592855215,24989.25
197,1775623209.8233447,optimizer,0.0025279559195041656,24989.25
198,1775623210.021593,forward,0.19376307167112827,24989.25
198,1775623210.4237225,backward,0.4019673354923725,24989.25
198,1775623210.4264193,optimizer,0.002525772899389267,24989.25
199,1775623210.6250172,forward,0.19370043091475964,24989.25
199,1775623211.0270536,backward,0.4018747452646494,24989.25
199,1775623211.0297523,optimizer,0.0025245118886232376,24989.25
200,1775623211.2283144,forward,0.19373849034309387,24989.25
200,1775623211.6304848,backward,0.40200341679155827,24989.25
200,1775623211.6331792,optimizer,0.0025210436433553696,24989.25
201,1775623211.8315153,forward,0.19377491250634193,24989.25
201,1775623212.2339349,backward,0.40225726179778576,24989.25
201,1775623212.2366252,optimizer,0.0025195833295583725,24989.25
202,1775623212.4349847,forward,0.19380119256675243,24989.25
202,1775623212.8369389,backward,0.4017910212278366,24989.25
202,1775623212.8396513,optimizer,0.0025408733636140823,24989.25
203,1775623213.0379746,forward,0.1937697809189558,24989.25
203,1775623213.4398286,backward,0.4016878791153431,24989.25
203,1775623213.4425116,optimizer,0.0025105439126491547,24989.25
204,1775623213.6445837,forward,0.19382913410663605,24989.25
204,1775623214.0464833,backward,0.4017356541007757,24989.25
204,1775623214.0491545,optimizer,0.002499964088201523,24989.25
205,1775623214.2478082,forward,0.19368376024067402,24989.25
205,1775623214.6498039,backward,0.40179660730063915,24989.25
205,1775623214.6525383,optimizer,0.0025666914880275726,24989.25
206,1775623214.8508453,forward,0.1937557514756918,24989.25
206,1775623215.2530527,backward,0.402044327929616,24989.25
206,1775623215.2557602,optimizer,0.0025349240750074387,24989.25
207,1775623215.4541554,forward,0.1938766147941351,24989.25
207,1775623215.856299,backward,0.4019859693944454,24989.25
207,1775623215.8589938,optimizer,0.0025279633700847626,24989.25
208,1775623216.0572658,forward,0.1937395129352808,24989.25
208,1775623216.4592862,backward,0.4018602129071951,24989.25
208,1775623216.461977,optimizer,0.0025156736373901367,24989.25
209,1775623216.6603868,forward,0.19387751631438732,24989.25
209,1775623217.062357,backward,0.4018067345023155,24989.25
209,1775623217.0650682,optimizer,0.002531943842768669,24989.25
210,1775623217.2636552,forward,0.19375325180590153,24989.25
210,1775623217.6659296,backward,0.40211240015923977,24989.25
210,1775623217.6686068,optimizer,0.0025049932301044464,24989.25
211,1775623217.866844,forward,0.19367286004126072,24989.25
211,1775623218.268939,backward,0.4019344039261341,24989.25
211,1775623218.2716203,optimizer,0.0025109443813562393,24989.25
212,1775623218.4698732,forward,0.1937197595834732,24989.25
212,1775623218.8719,backward,0.40186525508761406,24989.25
212,1775623218.874535,optimizer,0.002461634576320648,24989.25
213,1775623219.0728843,forward,0.1938025001436472,24989.25
213,1775623219.47494,backward,0.40189281664788723,24989.25
213,1775623219.4775672,optimizer,0.002458013594150543,24989.25
214,1775623219.6759064,forward,0.19379638321697712,24989.25
214,1775623220.0780087,backward,0.4019404463469982,24989.25
214,1775623220.0806632,optimizer,0.0022179577499628067,24989.25
215,1775623220.2791574,forward,0.19395330548286438,24989.25
215,1775623220.6808784,backward,0.40155954100191593,24989.25
215,1775623220.6835086,optimizer,0.0024588536471128464,24989.25
216,1775623220.8822377,forward,0.19370410032570362,24989.25
216,1775623221.2843664,backward,0.4019624572247267,24989.25
216,1775623221.2872286,optimizer,0.0026167072355747223,24989.25
217,1775623221.4859858,forward,0.19384747371077538,24989.25
217,1775623221.8880553,backward,0.4019101243466139,24989.25
217,1775623221.890677,optimizer,0.002451004460453987,24989.25
218,1775623222.088872,forward,0.19364471919834614,24989.25
218,1775623222.4910066,backward,0.40197077579796314,24989.25
218,1775623222.493617,optimizer,0.0024377815425395966,24989.25
219,1775623222.691986,forward,0.1938163135200739,24989.25
219,1775623223.094058,backward,0.4019098673015833,24989.25
219,1775623223.0967498,optimizer,0.0025179926306009293,24989.25
220,1775623223.2949684,forward,0.19368337094783783,24989.25
220,1775623223.696915,backward,0.4017810933291912,24989.25
220,1775623223.699599,optimizer,0.0025119762867689133,24989.25
221,1775623223.897824,forward,0.1937160398811102,24989.25
221,1775623224.2998567,backward,0.40186620503664017,24989.25
221,1775623224.3025563,optimizer,0.0025280937552452087,24989.25
222,1775623224.5012276,forward,0.1938206236809492,24989.25
222,1775623224.903271,backward,0.40187869407236576,24989.25
222,1775623224.9059525,optimizer,0.0022220388054847717,24989.25
223,1775623225.1045334,forward,0.1937601324170828,24989.25
223,1775623225.5065439,backward,0.4018437545746565,24989.25
223,1775623225.5091832,optimizer,0.002464301884174347,24989.25
224,1775623225.7074711,forward,0.19374929182231426,24989.25
224,1775623226.1093948,backward,0.4017568249255419,24989.25
224,1775623226.1120203,optimizer,0.002442445605993271,24989.25
225,1775623226.3103492,forward,0.19375139102339745,24989.25
225,1775623226.7124672,backward,0.4019476752728224,24989.25
225,1775623226.7151542,optimizer,0.0025145933032035828,24989.25
226,1775623226.9134405,forward,0.19374420121312141,24989.25
226,1775623227.3156638,backward,0.40205351635813713,24989.25
226,1775623227.3183596,optimizer,0.0025222450494766235,24989.25
227,1775623227.516618,forward,0.19373895972967148,24989.25
227,1775623227.918628,backward,0.4018452651798725,24989.25
227,1775623227.9212615,optimizer,0.002460222691297531,24989.25
228,1775623228.1200073,forward,0.19376185163855553,24989.25
228,1775623228.522092,backward,0.40184433571994305,24989.25
228,1775623228.5247612,optimizer,0.002484794706106186,24989.25
229,1775623228.7235475,forward,0.19378620386123657,24989.25
229,1775623229.1257117,backward,0.4019964560866356,24989.25
229,1775623229.1283545,optimizer,0.002457777038216591,24989.25
230,1775623229.3266864,forward,0.1937736924737692,24989.25
230,1775623229.7288058,backward,0.40195487812161446,24989.25
230,1775623229.7314978,optimizer,0.002519384026527405,24989.25
231,1775623229.9297493,forward,0.193711930885911,24989.25
231,1775623230.3318787,backward,0.4019717574119568,24989.25
231,1775623230.3345578,optimizer,0.002515004947781563,24989.25
232,1775623230.5328426,forward,0.1937531717121601,24989.25
232,1775623230.9350145,backward,0.4020110387355089,24989.25
232,1775623230.9376967,optimizer,0.0025120042264461517,24989.25
233,1775623231.1359923,forward,0.1937289796769619,24989.25
233,1775623231.5378842,backward,0.4017324913293123,24989.25
233,1775623231.54049,optimizer,0.002441972494125366,24989.25
234,1775623231.7391777,forward,0.19375002570450306,24989.25
234,1775623232.1411717,backward,0.4018379729241133,24989.25
234,1775623232.1438477,optimizer,0.0025102756917476654,24989.25
235,1775623232.3426034,forward,0.19373502023518085,24989.25
235,1775623232.7446878,backward,0.4019225686788559,24989.25
235,1775623232.7473166,optimizer,0.002458374947309494,24989.25
236,1775623232.9456356,forward,0.19376707077026367,24989.25
236,1775623233.3476298,backward,0.40181113593280315,24989.25
236,1775623233.3502467,optimizer,0.0024467241019010544,24989.25
237,1775623233.5485172,forward,0.19372595101594925,24989.25
237,1775623233.95045,backward,0.40177453495562077,24989.25
237,1775623233.9531395,optimizer,0.002522112801671028,24989.25
238,1775623234.1525447,forward,0.19368888065218925,24989.25
238,1775623234.5543416,backward,0.401639711111784,24989.25
238,1775623234.5570283,optimizer,0.0025255754590034485,24989.25
239,1775623234.7554324,forward,0.19378449209034443,24989.25
239,1775623235.1573696,backward,0.40177549235522747,24989.25
239,1775623235.1600673,optimizer,0.0025280434638261795,24989.25
240,1775623235.8641694,forward,0.194437762722373,24989.25
240,1775623236.2664075,backward,0.40203553810715675,24989.25
240,1775623236.2695408,optimizer,0.002937600016593933,24989.25
241,1775623236.4689507,forward,0.19424069114029408,24989.25
241,1775623236.8710434,backward,0.4018762335181236,24989.25
241,1775623236.87411,optimizer,0.002856338396668434,24989.25
242,1775623237.0779507,forward,0.19861041568219662,24989.25
242,1775623237.480539,backward,0.40228875167667866,24989.25
242,1775623237.4842355,optimizer,0.0034838393330574036,24989.25
243,1775623237.68411,forward,0.19435418397188187,24989.25
243,1775623238.0862362,backward,0.4019148647785187,24989.25
243,1775623238.0888798,optimizer,0.0024601351469755173,24989.25
244,1775623238.2876182,forward,0.1941020879894495,24989.25
244,1775623238.6896737,backward,0.4018620941787958,24989.25
244,1775623238.6923714,optimizer,0.0025139544159173965,24989.25
245,1775623238.8913245,forward,0.1940363273024559,24989.25
245,1775623239.2934794,backward,0.4019607547670603,24989.25
245,1775623239.296195,optimizer,0.002514442428946495,24989.25
246,1775623239.4952207,forward,0.19412275590002537,24989.25
246,1775623239.8977244,backward,0.40231351368129253,24989.25
246,1775623239.9004195,optimizer,0.0025122035294771194,24989.25
247,1775623240.0993843,forward,0.19394095428287983,24989.25
247,1775623240.5014894,backward,0.40191115252673626,24989.25
247,1775623240.5041254,optimizer,0.002448923885822296,24989.25
248,1775623240.7030268,forward,0.19422137178480625,24989.25
248,1775623241.1053283,backward,0.40210706926882267,24989.25
248,1775623241.1079752,optimizer,0.002462295815348625,24989.25
249,1775623241.3067338,forward,0.19409669749438763,24989.25
249,1775623241.7089663,backward,0.402019077911973,24989.25
249,1775623241.7116807,optimizer,0.002533094957470894,24989.25
250,1775623241.9104953,forward,0.19415082037448883,24989.25
250,1775623242.3128643,backward,0.4021800011396408,24989.25
250,1775623242.3155806,optimizer,0.0025346074253320694,24989.25
251,1775623242.514712,forward,0.19403455778956413,24989.25
251,1775623242.9172041,backward,0.40229793451726437,24989.25
251,1775623242.9199142,optimizer,0.0025275349617004395,24989.25
252,1775623243.1190522,forward,0.1940884180366993,24989.25
252,1775623243.5213099,backward,0.40205143950879574,24989.25
252,1775623243.5240116,optimizer,0.0025178641080856323,24989.25
253,1775623243.7226458,forward,0.19400332681834698,24989.25
253,1775623244.1245089,backward,0.40166844986379147,24989.25
253,1775623244.1272347,optimizer,0.002432961016893387,24989.25
254,1775623244.3260083,forward,0.19413085654377937,24989.25
254,1775623244.7281122,backward,0.4019127655774355,24989.25
254,1775623244.7307618,optimizer,0.0024666842073202133,24989.25
255,1775623244.9295802,forward,0.19414607994258404,24989.25
255,1775623245.3319046,backward,0.4021322503685951,24989.25
255,1775623245.3346329,optimizer,0.002542983740568161,24989.25
256,1775623245.5336037,forward,0.1939561441540718,24989.25
256,1775623245.935849,backward,0.4020458869636059,24989.25
256,1775623245.9390311,optimizer,0.002973092719912529,24989.25
257,1775623246.138258,forward,0.19412565976381302,24989.25
257,1775623246.540594,backward,0.40211673825979233,24989.25
257,1775623246.543245,optimizer,0.002465376630425453,24989.25
258,1775623246.741907,forward,0.19400367513298988,24989.25
258,1775623247.1440544,backward,0.4019378460943699,24989.25
258,1775623247.1467197,optimizer,0.002475462853908539,24989.25
259,1775623247.345288,forward,0.19397141598165035,24989.25
259,1775623247.7474186,backward,0.40192421711981297,24989.25
259,1775623247.7500744,optimizer,0.002469601109623909,24989.25
260,1775623247.9488778,forward,0.19418681040406227,24989.25
260,1775623248.35117,backward,0.40210171788930893,24989.25
260,1775623248.353841,optimizer,0.002486094832420349,24989.25
261,1775623248.5529742,forward,0.19406027905642986,24989.25
261,1775623248.9549694,backward,0.4017783235758543,24989.25
261,1775623248.9576852,optimizer,0.0025283638387918472,24989.25
262,1775623249.1566768,forward,0.19406263530254364,24989.25
262,1775623249.5588183,backward,0.4019293263554573,24989.25
262,1775623249.561483,optimizer,0.0024841949343681335,24989.25
263,1775623249.7602046,forward,0.19407620839774609,24989.25
263,1775623250.1626642,backward,0.4022675845772028,24989.25
263,1775623250.1653924,optimizer,0.0025409553200006485,24989.25
264,1775623250.3641555,forward,0.19409835524857044,24989.25
264,1775623250.7662847,backward,0.4019147753715515,24989.25
264,1775623250.7689242,optimizer,0.0024560820311307907,24989.25
265,1775623250.970598,forward,0.194100147113204,24989.25
265,1775623251.3730063,backward,0.4022171199321747,24989.25
265,1775623251.3757517,optimizer,0.0025627966970205307,24989.25
266,1775623251.5748625,forward,0.19403245858848095,24989.25
266,1775623251.9770947,backward,0.40202003903687,24989.25
266,1775623251.9797516,optimizer,0.002475295215845108,24989.25
267,1775623252.1784909,forward,0.19408485665917397,24989.25
267,1775623252.5807457,backward,0.4020392559468746,24989.25
267,1775623252.5833938,optimizer,0.0024648532271385193,24989.25
268,1775623252.782085,forward,0.1940336674451828,24989.25
268,1775623253.184571,backward,0.4022943824529648,24989.25
268,1775623253.1872344,optimizer,0.002479754388332367,24989.25
269,1775623253.3859637,forward,0.19410093873739243,24989.25
269,1775623253.788151,backward,0.4019880946725607,24989.25
269,1775623253.7907796,optimizer,0.0024501439183950424,24989.25
270,1775623253.9894943,forward,0.19408992677927017,24989.25
270,1775623254.391889,backward,0.40217685140669346,24989.25
270,1775623254.394748,optimizer,0.0026535354554653168,24989.25
271,1775623254.5953007,forward,0.19412910751998425,24989.25
271,1775623254.9977865,backward,0.40227191150188446,24989.25
271,1775623255.0004375,optimizer,0.0024704337120056152,24989.25
272,1775623255.1990378,forward,0.19399043545126915,24989.25
272,1775623255.601122,backward,0.401887197047472,24989.25
272,1775623255.6037908,optimizer,0.0024859718978405,24989.25
273,1775623255.8025532,forward,0.1941607277840376,24989.25
273,1775623256.2044516,backward,0.4017045944929123,24989.25
273,1775623256.207093,optimizer,0.0024660229682922363,24989.25
274,1775623256.405856,forward,0.19411713629961014,24989.25
274,1775623256.807653,backward,0.40158138051629066,24989.25
274,1775623256.810296,optimizer,0.002460543066263199,24989.25
275,1775623257.0091524,forward,0.19403830729424953,24989.25
275,1775623257.4115796,backward,0.4022136311978102,24989.25
275,1775623257.4142938,optimizer,0.00253172405064106,24989.25
276,1775623257.6134326,forward,0.19411255791783333,24989.25
276,1775623258.0160275,backward,0.40238792449235916,24989.25
276,1775623258.0186784,optimizer,0.0024705417454242706,24989.25
277,1775623258.2172983,forward,0.19396979548037052,24989.25
277,1775623258.6196804,backward,0.4021686501801014,24989.25
277,1775623258.6223345,optimizer,0.0024736542254686356,24989.25
278,1775623258.8210785,forward,0.1940806247293949,24989.25
278,1775623259.2233055,backward,0.40202850475907326,24989.25
278,1775623259.225952,optimizer,0.002461632713675499,24989.25
279,1775623259.424838,forward,0.1941499561071396,24989.25
279,1775623259.8274817,backward,0.4024447500705719,24989.25
279,1775623259.8301153,optimizer,0.0024534594267606735,24989.25
280,1775623260.0290332,forward,0.19401595368981361,24989.25
280,1775623260.4314156,backward,0.40219154581427574,24989.25
280,1775623260.4340768,optimizer,0.0024821236729621887,24989.25
281,1775623260.633091,forward,0.19401324354112148,24989.25
281,1775623261.0355277,backward,0.4022433962672949,24989.25
281,1775623261.0381699,optimizer,0.0024602022022008896,24989.25
282,1775623261.2369814,forward,0.19413473643362522,24989.25
282,1775623261.6391325,backward,0.40194129198789597,24989.25
282,1775623261.6417756,optimizer,0.0024587232619524,24989.25
283,1775623261.8404922,forward,0.1940936166793108,24989.25
283,1775623262.242926,backward,0.40224115550518036,24989.25
283,1775623262.2455628,optimizer,0.0024528224021196365,24989.25
284,1775623262.4442976,forward,0.19405157305300236,24989.25
284,1775623262.8466575,backward,0.40216188319027424,24989.25
284,1775623262.8495998,optimizer,0.002658996731042862,24989.25
285,1775623263.0488615,forward,0.19404948316514492,24989.25
285,1775623263.4510262,backward,0.40195735171437263,24989.25
285,1775623263.4536753,optimizer,0.00246618315577507,24989.25
286,1775623263.6526663,forward,0.19395704194903374,24989.25
286,1775623264.0546765,backward,0.4018089212477207,24989.25
286,1775623264.057325,optimizer,0.002454003319144249,24989.25
287,1775623264.2560303,forward,0.19403721392154694,24989.25
287,1775623264.6584945,backward,0.4022475965321064,24989.25
287,1775623264.6612177,optimizer,0.0025368239730596542,24989.25
288,1775623264.8599608,forward,0.19409342482686043,24989.25
288,1775623265.2622435,backward,0.40208646282553673,24989.25
288,1775623265.2648795,optimizer,0.0024466216564178467,24989.25
289,1775623265.4637942,forward,0.19411141611635685,24989.25
289,1775623265.8659515,backward,0.40194838121533394,24989.25
289,1775623265.868669,optimizer,0.002530176192522049,24989.25
290,1775623266.067644,forward,0.1939748413860798,24989.25
290,1775623266.469912,backward,0.4020746722817421,24989.25
290,1775623266.4725578,optimizer,0.0024586021900177,24989.25
291,1775623266.6716368,forward,0.19402515329420567,24989.25
291,1775623267.074039,backward,0.40220560505986214,24989.25
291,1775623267.076742,optimizer,0.0025196634232997894,24989.25
292,1775623267.2755203,forward,0.1941316444426775,24989.25
292,1775623267.678098,backward,0.4023047685623169,24989.25
292,1775623267.6807313,optimizer,0.0022122301161289215,24989.25
293,1775623267.8799648,forward,0.19414579682052135,24989.25
293,1775623268.2820013,backward,0.4018388781696558,24989.25
293,1775623268.284708,optimizer,0.002518337219953537,24989.25
294,1775623268.483423,forward,0.19406437501311302,24989.25
294,1775623268.8858345,backward,0.40221480652689934,24989.25
294,1775623268.8884726,optimizer,0.0024514924734830856,24989.25
295,1775623269.087412,forward,0.19410903565585613,24989.25
295,1775623269.4899008,backward,0.40227355621755123,24989.25
295,1775623269.4926188,optimizer,0.0025282949209213257,24989.25
296,1775623269.6913295,forward,0.19405588693916798,24989.25
296,1775623270.0938494,backward,0.4023103881627321,24989.25
296,1775623270.0965106,optimizer,0.00247226282954216,24989.25
297,1775623270.2953165,forward,0.19414520636200905,24989.25
297,1775623270.697498,backward,0.4019818436354399,24989.25
297,1775623270.7002196,optimizer,0.0025245435535907745,24989.25
298,1775623270.8989034,forward,0.19402585551142693,24989.25
298,1775623271.3012006,backward,0.40209803357720375,24989.25
298,1775623271.3040683,optimizer,0.002616705372929573,24989.25
299,1775623271.5029633,forward,0.19408627599477768,24989.25
299,1775623271.9054754,backward,0.4023201484233141,24989.25
299,1775623271.9081962,optimizer,0.0025276541709899902,24989.25
300,1775623272.1073444,forward,0.1940878164023161,24989.25
300,1775623272.509577,backward,0.40202825143933296,24989.25
300,1775623272.5122175,optimizer,0.002455011010169983,24989.25
301,1775623272.7109382,forward,0.19400856643915176,24989.25
301,1775623273.1132402,backward,0.4021051824092865,24989.25
301,1775623273.1158822,optimizer,0.0024589449167251587,24989.25
302,1775623273.3146334,forward,0.19407243467867374,24989.25
302,1775623273.716846,backward,0.40201036259531975,24989.25
302,1775623273.7195213,optimizer,0.0024945829063653946,24989.25
303,1775623273.9183042,forward,0.19412016868591309,24989.25
303,1775623274.320585,backward,0.4020831845700741,24989.25
303,1775623274.3232453,optimizer,0.002477554604411125,24989.25
304,1775623274.5219114,forward,0.19400381483137608,24989.25
304,1775623274.9242146,backward,0.4021111838519573,24989.25
304,1775623274.9268622,optimizer,0.002467084676027298,24989.25
305,1775623275.1258605,forward,0.19400546327233315,24989.25
305,1775623275.5282528,backward,0.4021850563585758,24989.25
305,1775623275.5308967,optimizer,0.00245717354118824,24989.25
306,1775623275.729682,forward,0.19403483718633652,24989.25
306,1775623276.1320636,backward,0.4021843560039997,24989.25
306,1775623276.134692,optimizer,0.002446971833705902,24989.25
307,1775623276.3333445,forward,0.19405340403318405,24989.25
307,1775623276.7355244,backward,0.4019688218832016,24989.25
307,1775623276.738165,optimizer,0.0024552345275878906,24989.25
308,1775623276.9368327,forward,0.19402284547686577,24989.25
308,1775623277.3390608,backward,0.40203389152884483,24989.25
308,1775623277.3417182,optimizer,0.00247335247695446,24989.25
309,1775623277.542751,forward,0.19407780468463898,24989.25
309,1775623277.9452076,backward,0.4022609759122133,24989.25
309,1775623277.9478536,optimizer,0.0024634450674057007,24989.25
310,1775623278.1509123,forward,0.19398984126746655,24989.25
310,1775623278.5531929,backward,0.40205883234739304,24989.25
310,1775623278.5558367,optimizer,0.0024614427238702774,24989.25
311,1775623278.7545118,forward,0.19400841370224953,24989.25
311,1775623279.1566699,backward,0.40192954055964947,24989.25
311,1775623279.1593254,optimizer,0.0024712421000003815,24989.25
312,1775623279.357963,forward,0.19396383315324783,24989.25
312,1775623279.7601817,backward,0.40201689302921295,24989.25
312,1775623279.7635329,optimizer,0.0030884910374879837,24989.25
313,1775623279.9629042,forward,0.19413004629313946,24989.25
313,1775623280.3649893,backward,0.40189368836581707,24989.25
313,1775623280.3677123,optimizer,0.002538224682211876,24989.25
314,1775623280.5668848,forward,0.19405855610966682,24989.25
314,1775623280.9691584,backward,0.40206403099000454,24989.25
314,1775623280.971822,optimizer,0.002481561154127121,24989.25
315,1775623281.1705248,forward,0.19400502368807793,24989.25
315,1775623281.572428,backward,0.4016908649355173,24989.25
315,1775623281.575095,optimizer,0.0024894047528505325,24989.25
316,1775623281.773786,forward,0.19405215419828892,24989.25
316,1775623282.1759803,backward,0.4019925035536289,24989.25
316,1775623282.1786265,optimizer,0.002464963123202324,24989.25
317,1775623282.3773444,forward,0.19407634250819683,24989.25
317,1775623282.7794845,backward,0.4019236098974943,24989.25
317,1775623282.7821367,optimizer,0.0024669338017702103,24989.25
318,1775623282.9809315,forward,0.19410794600844383,24989.25
318,1775623283.3831322,backward,0.40200475230813026,24989.25
318,1775623283.3857694,optimizer,0.0024538934230804443,24989.25
319,1775623283.5863416,forward,0.19401468336582184,24989.25
319,1775623283.9887793,backward,0.4022235535085201,24989.25
319,1775623283.9914558,optimizer,0.0024911556392908096,24989.25
320,1775623284.1901636,forward,0.1940838247537613,24989.25
320,1775623284.5923634,backward,0.40200009383261204,24989.25
320,1775623284.5950317,optimizer,0.0024856943637132645,24989.25
321,1775623284.7936788,forward,0.19403331354260445,24989.25
321,1775623285.1960428,backward,0.4021475575864315,24989.25
321,1775623285.1986961,optimizer,0.0024682022631168365,24989.25
322,1775623285.3972824,forward,0.19396522268652916,24989.25
322,1775623285.7996795,backward,0.4021976161748171,24989.25
322,1775623285.8023202,optimizer,0.0024536550045013428,24989.25
323,1775623286.001308,forward,0.1940134447067976,24989.25
323,1775623286.4036548,backward,0.4021438639611006,24989.25
323,1775623286.406301,optimizer,0.0024563148617744446,24989.25
324,1775623286.605288,forward,0.19403466396033764,24989.25
324,1775623287.007354,backward,0.40185472927987576,24989.25
324,1775623287.010008,optimizer,0.0024710912257432938,24989.25
325,1775623287.2088623,forward,0.19416813552379608,24989.25
325,1775623287.6110337,backward,0.4019736014306545,24989.25
325,1775623287.614165,optimizer,0.002919889986515045,24989.25
326,1775623287.8129227,forward,0.1940123252570629,24989.25
326,1775623288.2151182,backward,0.4019778221845627,24989.25
326,1775623288.2177517,optimizer,0.0024468228220939636,24989.25
327,1775623288.416472,forward,0.1940437164157629,24989.25
327,1775623288.8188264,backward,0.4021551962941885,24989.25
327,1775623288.821546,optimizer,0.002537095919251442,24989.25
328,1775623289.0205963,forward,0.1940102931112051,24989.25
328,1775623289.4228318,backward,0.4020378515124321,24989.25
328,1775623289.4254677,optimizer,0.002452172338962555,24989.25
329,1775623289.6246407,forward,0.19405266270041466,24989.25
329,1775623290.0273154,backward,0.40247803926467896,24989.25
329,1775623290.0300145,optimizer,0.0025133714079856873,24989.25
330,1775623290.2287076,forward,0.1940421760082245,24989.25
330,1775623290.6309416,backward,0.40203510224819183,24989.25
330,1775623290.6336567,optimizer,0.002528483048081398,24989.25
331,1775623290.832454,forward,0.19403970427811146,24989.25
331,1775623291.2349837,backward,0.4023333080112934,24989.25
331,1775623291.2376785,optimizer,0.0025092940777540207,24989.25
332,1775623291.4363787,forward,0.1940093133598566,24989.25
332,1775623291.8385587,backward,0.40196667052805424,24989.25
332,1775623291.8412697,optimizer,0.00252518430352211,24989.25
333,1775623292.0400767,forward,0.1939018126577139,24989.25
333,1775623292.44209,backward,0.40184886008501053,24989.25
333,1775623292.444735,optimizer,0.0024691224098205566,24989.25
334,1775623292.6432757,forward,0.19368304684758186,24989.25
334,1775623293.0454447,backward,0.4020045343786478,24989.25
334,1775623293.0480735,optimizer,0.0024516042321920395,24989.25
335,1775623293.2463489,forward,0.19370561838150024,24989.25
335,1775623293.6485715,backward,0.4020556528121233,24989.25
335,1775623293.651201,optimizer,0.0024584829807281494,24989.25
336,1775623293.8495488,forward,0.19376295804977417,24989.25
336,1775623294.2516327,backward,0.40191618353128433,24989.25
336,1775623294.254253,optimizer,0.0024503711611032486,24989.25
337,1775623294.4525518,forward,0.19375360012054443,24989.25
337,1775623294.8544705,backward,0.40175584703683853,24989.25
337,1775623294.857089,optimizer,0.0024479422718286514,24989.25
338,1775623295.0553885,forward,0.19374909810721874,24989.25
338,1775623295.457208,backward,0.4016592763364315,24989.25
338,1775623295.459838,optimizer,0.0024606529623270035,24989.25
339,1775623295.658543,forward,0.19376550987362862,24989.25
339,1775623296.0604653,backward,0.4017638564109802,24989.25
339,1775623296.0630815,optimizer,0.0024473927915096283,24989.25
340,1775623296.261599,forward,0.1936889160424471,24989.25
340,1775623296.6635246,backward,0.40176214650273323,24989.25
340,1775623296.6661437,optimizer,0.0024500247091054916,24989.25
341,1775623296.864446,forward,0.19375970773398876,24989.25
341,1775623297.2668157,backward,0.4021776132285595,24989.25
341,1775623297.2695377,optimizer,0.002543346956372261,24989.25
342,1775623297.4677124,forward,0.19363149628043175,24989.25
342,1775623297.869755,backward,0.4018822405487299,24989.25
342,1775623297.8724551,optimizer,0.0025310441851615906,24989.25
343,1775623298.0708706,forward,0.19388278014957905,24989.25
343,1775623298.472515,backward,0.40148392133414745,24989.25
343,1775623298.4751549,optimizer,0.0024705156683921814,24989.25
344,1775623298.673639,forward,0.19379262812435627,24989.25
344,1775623299.075781,backward,0.4019799716770649,24989.25
344,1775623299.0784101,optimizer,0.002448439598083496,24989.25
345,1775623299.2770197,forward,0.1937092300504446,24989.25
345,1775623299.679012,backward,0.40183168090879917,24989.25
345,1775623299.6816294,optimizer,0.0024500228464603424,24989.25
346,1775623299.880171,forward,0.1937030889093876,24989.25
346,1775623300.2823052,backward,0.40197670459747314,24989.25
346,1775623300.2849338,optimizer,0.0024597421288490295,24989.25
347,1775623300.483197,forward,0.19372262060642242,24989.25
347,1775623300.885291,backward,0.4019337333738804,24989.25
347,1775623300.8879173,optimizer,0.0022118669003248215,24989.25
348,1775623301.0861247,forward,0.193632235750556,24989.25
348,1775623301.4880958,backward,0.4017907064408064,24989.25
348,1775623301.4907072,optimizer,0.0024415533989667892,24989.25
349,1775623301.6889164,forward,0.19365476816892624,24989.25
349,1775623302.0907767,backward,0.4016971867531538,24989.25
349,1775623302.0933895,optimizer,0.002445351332426071,24989.25
350,1775623302.29166,forward,0.1937086582183838,24989.25
350,1775623302.6937683,backward,0.4019479025155306,24989.25
350,1775623302.69642,optimizer,0.0024718735367059708,24989.25
351,1775623302.8950777,forward,0.19380072131752968,24989.25
351,1775623303.2972753,backward,0.4020346309989691,24989.25
351,1775623303.2999406,optimizer,0.002484593540430069,24989.25
352,1775623303.4986007,forward,0.193656075745821,24989.25
352,1775623303.9006243,backward,0.40186197124421597,24989.25
352,1775623303.9032621,optimizer,0.002467891201376915,24989.25
353,1775623304.1014876,forward,0.19367998838424683,24989.25
353,1775623304.5033271,backward,0.40166768804192543,24989.25
353,1775623304.5059564,optimizer,0.0024584922939538956,24989.25
354,1775623304.7042415,forward,0.19373144954442978,24989.25
354,1775623305.106208,backward,0.40180446952581406,24989.25
354,1775623305.1088278,optimizer,0.002447463572025299,24989.25
355,1775623305.3072002,forward,0.19380309991538525,24989.25
355,1775623305.7097123,backward,0.4022453259676695,24989.25
355,1775623305.712529,optimizer,0.00237375870347023,24989.25
356,1775623305.9111047,forward,0.19382230937480927,24989.25
356,1775623306.313125,backward,0.4018589686602354,24989.25
356,1775623306.315784,optimizer,0.0024810750037431717,24989.25
357,1775623306.5143814,forward,0.19373741745948792,24989.25
357,1775623306.916284,backward,0.4017432164400816,24989.25
357,1775623306.9189253,optimizer,0.002473084256052971,24989.25
358,1775623307.1175947,forward,0.19374489039182663,24989.25
358,1775623307.5196488,backward,0.4018884804099798,24989.25
358,1775623307.5222814,optimizer,0.0024642925709486008,24989.25
359,1775623307.7205448,forward,0.19371598958969116,24989.25
359,1775623308.1225367,backward,0.40182972699403763,24989.25
359,1775623308.1251636,optimizer,0.002454834058880806,24989.25
360,1775623308.3234153,forward,0.1936794277280569,24989.25
360,1775623308.7255478,backward,0.4019710887223482,24989.25
360,1775623308.7281697,optimizer,0.0024471543729305267,24989.25
361,1775623308.9264154,forward,0.1936783269047737,24989.25
361,1775623309.3286479,backward,0.40206895396113396,24989.25
361,1775623309.3312855,optimizer,0.002466801553964615,24989.25
362,1775623309.5295496,forward,0.19372565113008022,24989.25
362,1775623309.9314275,backward,0.40171654894948006,24989.25
362,1775623309.9340475,optimizer,0.0024497397243976593,24989.25
363,1775623310.1326628,forward,0.19374316930770874,24989.25
363,1775623310.5346074,backward,0.4017816986888647,24989.25
363,1775623310.5372422,optimizer,0.0024669449776411057,24989.25
364,1775623310.73593,forward,0.19370301812887192,24989.25
364,1775623311.1376874,backward,0.40158785320818424,24989.25
364,1775623311.1403222,optimizer,0.00244993157684803,24989.25
365,1775623311.338707,forward,0.1938139796257019,24989.25
365,1775623311.740779,backward,0.40191318839788437,24989.25
365,1775623311.7434247,optimizer,0.0024728942662477493,24989.25
366,1775623311.9417799,forward,0.1937980130314827,24989.25
366,1775623312.34351,backward,0.40152804367244244,24989.25
366,1775623312.3461337,optimizer,0.002450784668326378,24989.25
367,1775623312.5444858,forward,0.19379371032118797,24989.25
367,1775623312.9465249,backward,0.401871919631958,24989.25
367,1775623312.949201,optimizer,0.0025039035826921463,24989.25
368,1775623313.1474924,forward,0.1937348786741495,24989.25
368,1775623313.5495574,backward,0.40189453959465027,24989.25
368,1775623313.5522642,optimizer,0.0025338660925626755,24989.25
369,1775623313.750653,forward,0.19384660385549068,24989.25
369,1775623314.1530755,backward,0.40219480730593204,24989.25
369,1775623314.1558213,optimizer,0.0025588851422071457,24989.25
370,1775623314.35445,forward,0.19373786635696888,24989.25
370,1775623314.756522,backward,0.40190850012004375,24989.25
370,1775623314.7592204,optimizer,0.002524644136428833,24989.25
371,1775623314.9575684,forward,0.19381036050617695,24989.25
371,1775623315.3598166,backward,0.4020826332271099,24989.25
371,1775623315.3625076,optimizer,0.0025159046053886414,24989.25
372,1775623315.5607781,forward,0.19370432756841183,24989.25
372,1775623315.9627118,backward,0.4017696678638458,24989.25
372,1775623315.9654088,optimizer,0.002521023154258728,24989.25
373,1775623316.1636322,forward,0.19366970099508762,24989.25
373,1775623316.565586,backward,0.4017874486744404,24989.25
373,1775623316.5682905,optimizer,0.0025208033621311188,24989.25
374,1775623316.7668097,forward,0.19375590980052948,24989.25
374,1775623317.1687446,backward,0.4017715696245432,24989.25
374,1775623317.1714814,optimizer,0.002553176134824753,24989.25
375,1775623317.369754,forward,0.19374918937683105,24989.25
375,1775623317.7716823,backward,0.40176444686949253,24989.25
375,1775623317.7743676,optimizer,0.0025122351944446564,24989.25
376,1775623317.9754696,forward,0.19367381744086742,24989.25
376,1775623318.377763,backward,0.402109844610095,24989.25
376,1775623318.3804457,optimizer,0.0025066230446100235,24989.25
377,1775623318.5786476,forward,0.19367770664393902,24989.25
377,1775623318.98066,backward,0.4018480107188225,24989.25
377,1775623318.9833655,optimizer,0.002529563382267952,24989.25
378,1775623319.1816,forward,0.1937343291938305,24989.25
378,1775623319.5837922,backward,0.4020245913416147,24989.25
378,1775623319.5864825,optimizer,0.0025138426572084427,24989.25
379,1775623319.7846384,forward,0.19366947747766972,24989.25
379,1775623320.1867368,backward,0.4019345808774233,24989.25
379,1775623320.1893835,optimizer,0.002472514286637306,24989.25
380,1775623320.3876321,forward,0.19373668730258942,24989.25
380,1775623320.7894082,backward,0.4016078971326351,24989.25
380,1775623320.792046,optimizer,0.002457590773701668,24989.25
381,1775623320.9906309,forward,0.19367683678865433,24989.25
381,1775623321.3927808,backward,0.4019771423190832,24989.25
381,1775623321.3954945,optimizer,0.0025370921939611435,24989.25
382,1775623321.5941782,forward,0.19377434067428112,24989.25
382,1775623321.9961824,backward,0.40183885022997856,24989.25
382,1775623321.9988844,optimizer,0.002525433897972107,24989.25
383,1775623322.1971326,forward,0.19371875748038292,24989.25
383,1775623322.5992825,backward,0.4019822720438242,24989.25
383,1775623322.6025972,optimizer,0.0030842311680316925,24989.25
384,1775623322.8010898,forward,0.19376616925001144,24989.25
384,1775623323.203382,backward,0.40212721563875675,24989.25
384,1775623323.2060273,optimizer,0.002461891621351242,24989.25
385,1775623323.4043136,forward,0.1936992146074772,24989.25
385,1775623323.8063521,backward,0.40187432058155537,24989.25
385,1775623323.8090708,optimizer,0.002542644739151001,24989.25
386,1775623324.007294,forward,0.1936537679284811,24989.25
386,1775623324.4092476,backward,0.4017898477613926,24989.25
386,1775623324.4141912,optimizer,0.0024348143488168716,24989.25
387,1775623324.6126955,forward,0.19367219880223274,24989.25
387,1775623325.0147254,backward,0.4018693584948778,24989.25
387,1775623325.0174124,optimizer,0.0025204531848430634,24989.25
388,1775623325.2156847,forward,0.19373999908566475,24989.25
388,1775623325.6179008,backward,0.4020377229899168,24989.25
388,1775623325.620529,optimizer,0.0024595633149147034,24989.25
389,1775623325.8188243,forward,0.19375655986368656,24989.25
389,1775623326.2207685,backward,0.4017858672887087,24989.25
389,1775623326.2234643,optimizer,0.0025287140160799026,24989.25
390,1775623326.4216576,forward,0.19367553666234016,24989.25
390,1775623326.8235385,backward,0.40171744860708714,24989.25
390,1775623326.8262281,optimizer,0.0025176052004098892,24989.25
391,1775623327.02444,forward,0.19367730803787708,24989.25
391,1775623327.426367,backward,0.4017653353512287,24989.25
391,1775623327.4290001,optimizer,0.0024594739079475403,24989.25
392,1775623327.6275918,forward,0.19368417002260685,24989.25
392,1775623328.0297039,backward,0.40195255912840366,24989.25
392,1775623328.0323887,optimizer,0.0025184229016304016,24989.25
393,1775623328.2310464,forward,0.19371498748660088,24989.25
393,1775623328.6330016,backward,0.4017962273210287,24989.25
393,1775623328.6357117,optimizer,0.002540314570069313,24989.25
394,1775623328.8339846,forward,0.19374078698456287,24989.25
394,1775623329.2361667,backward,0.4020227026194334,24989.25
394,1775623329.2388778,optimizer,0.0025207921862602234,24989.25
395,1775623329.4371057,forward,0.19369665905833244,24989.25
395,1775623329.83926,backward,0.4019917920231819,24989.25
395,1775623329.8419452,optimizer,0.002515595406293869,24989.25
396,1775623330.0401177,forward,0.19364106841385365,24989.25
396,1775623330.4421663,backward,0.4018883425742388,24989.25
396,1775623330.4448674,optimizer,0.002532191574573517,24989.25
397,1775623330.6430688,forward,0.19367846846580505,24989.25
397,1775623331.0451124,backward,0.4018798805773258,24989.25
397,1775623331.048269,optimizer,0.0029724333435297012,24989.25
398,1775623331.2470455,forward,0.19377725012600422,24989.25
398,1775623331.6492252,backward,0.4020129032433033,24989.25
398,1775623331.6518867,optimizer,0.0022178087383508682,24989.25
399,1775623331.8505242,forward,0.19366787932813168,24989.25
399,1775623332.25269,backward,0.4020019453018904,24989.25
399,1775623332.2553885,optimizer,0.0025269240140914917,24989.25
400,1775623332.4535859,forward,0.19362749718129635,24989.25
400,1775623332.855804,backward,0.40205298364162445,24989.25
400,1775623332.8584998,optimizer,0.0025278739631175995,24989.25
401,1775623333.0567992,forward,0.19377193972468376,24989.25
401,1775623333.4585655,backward,0.40160010382533073,24989.25
401,1775623333.461261,optimizer,0.0025128237903118134,24989.25
402,1775623333.6596005,forward,0.19378084875643253,24989.25
402,1775623334.0616493,backward,0.4018860496580601,24989.25
402,1775623334.0643258,optimizer,0.002506803721189499,24989.25
403,1775623334.2628374,forward,0.19383382983505726,24989.25
403,1775623334.6650105,backward,0.4020084645599127,24989.25
403,1775623334.6676424,optimizer,0.002459334209561348,24989.25
404,1775623334.8660738,forward,0.19362649507820606,24989.25
404,1775623335.2680914,backward,0.40185408666729927,24989.25
404,1775623335.2707121,optimizer,0.002447843551635742,24989.25
405,1775623335.4692583,forward,0.19369004853069782,24989.25
405,1775623335.8710911,backward,0.40166918374598026,24989.25
405,1775623335.8737845,optimizer,0.002521274611353874,24989.25
406,1775623336.0720344,forward,0.19372007809579372,24989.25
406,1775623336.4739602,backward,0.40175963565707207,24989.25
406,1775623336.4766104,optimizer,0.0024727042764425278,24989.25
407,1775623336.6748776,forward,0.1937101986259222,24989.25
407,1775623337.07685,backward,0.4018085990101099,24989.25
407,1775623337.0794926,optimizer,0.002468263730406761,24989.25
408,1775623337.277747,forward,0.1937090866267681,24989.25
408,1775623337.6798565,backward,0.4019439611583948,24989.25
408,1775623337.6824734,optimizer,0.002446841448545456,24989.25
409,1775623337.8806396,forward,0.19362186826765537,24989.25
409,1775623338.2827442,backward,0.4019416328519583,24989.25
409,1775623338.2853675,optimizer,0.002449262887239456,24989.25
410,1775623338.4840817,forward,0.19377432949841022,24989.25
410,1775623338.8861485,backward,0.40190561302006245,24989.25
410,1775623338.888765,optimizer,0.0024437326937913895,24989.25
411,1775623339.0872593,forward,0.1936026755720377,24989.25
411,1775623339.4894605,backward,0.40203629061579704,24989.25
411,1775623339.492318,optimizer,0.002657957375049591,24989.25
412,1775623339.6908095,forward,0.19387332163751125,24989.25
412,1775623340.0930684,backward,0.40209508314728737,24989.25
412,1775623340.0957193,optimizer,0.0024778731167316437,24989.25
413,1775623340.293965,forward,0.19369914755225182,24989.25
413,1775623340.6959674,backward,0.4018357992172241,24989.25
413,1775623340.6985927,optimizer,0.0024490244686603546,24989.25
414,1775623340.8969018,forward,0.19373955018818378,24989.25
414,1775623341.2988386,backward,0.40176951698958874,24989.25
414,1775623341.3014598,optimizer,0.0024488717317581177,24989.25
415,1775623341.4997647,forward,0.19373081624507904,24989.25
415,1775623341.9014802,backward,0.4015510752797127,24989.25
415,1775623341.9041703,optimizer,0.0025100428611040115,24989.25
416,1775623342.1026206,forward,0.1937048677355051,24989.25
416,1775623342.5045483,backward,0.4017605874687433,24989.25
416,1775623342.507182,optimizer,0.002459881827235222,24989.25
417,1775623342.705968,forward,0.19381857104599476,24989.25
417,1775623343.1078782,backward,0.40175003930926323,24989.25
417,1775623343.1105213,optimizer,0.002470150589942932,24989.25
418,1775623343.3088238,forward,0.19375922717154026,24989.25
418,1775623343.710757,backward,0.40176592767238617,24989.25
418,1775623343.7133744,optimizer,0.0024433117359876633,24989.25
419,1775623343.911627,forward,0.19370838813483715,24989.25
419,1775623344.313652,backward,0.4018587786704302,24989.25
419,1775623344.3162854,optimizer,0.0024599917232990265,24989.25
420,1775623344.5145676,forward,0.19372607953846455,24989.25
420,1775623344.916665,backward,0.40193111076951027,24989.25
420,1775623344.9193182,optimizer,0.002480722963809967,24989.25
421,1775623345.1175604,forward,0.193728718906641,24989.25
421,1775623345.5196493,backward,0.40192133001983166,24989.25
421,1775623345.5222802,optimizer,0.002458084374666214,24989.25
422,1775623345.7205942,forward,0.19376913830637932,24989.25
422,1775623346.1226664,backward,0.4019061718136072,24989.25
422,1775623346.1252818,optimizer,0.0024464409798383713,24989.25
423,1775623346.3239868,forward,0.19374519772827625,24989.25
423,1775623346.7262828,backward,0.40211909636855125,24989.25
423,1775623346.728916,optimizer,0.0024572424590587616,24989.25
424,1775623346.9270995,forward,0.19361329823732376,24989.25
424,1775623347.3292933,backward,0.40202570147812366,24989.25
424,1775623347.3319561,optimizer,0.0024871639907360077,24989.25
425,1775623347.5302324,forward,0.1937127560377121,24989.25
425,1775623347.932302,backward,0.40190495178103447,24989.25
425,1775623347.9352226,optimizer,0.002410372719168663,24989.25
426,1775623348.1337183,forward,0.19374439865350723,24989.25
426,1775623348.535799,backward,0.4019164126366377,24989.25
426,1775623348.5384202,optimizer,0.0024493448436260223,24989.25
427,1775623348.7368033,forward,0.19374234788119793,24989.25
427,1775623349.1388538,backward,0.4018818587064743,24989.25
427,1775623349.1415486,optimizer,0.0025198645889759064,24989.25
428,1775623349.3398132,forward,0.19372245855629444,24989.25
428,1775623349.7417693,backward,0.4017851874232292,24989.25
428,1775623349.744405,optimizer,0.002461414784193039,24989.25
429,1775623349.942966,forward,0.1936439871788025,24989.25
429,1775623350.3452327,backward,0.40209839306771755,24989.25
429,1775623350.3478646,optimizer,0.002458341419696808,24989.25
430,1775623350.5461416,forward,0.1936823669821024,24989.25
430,1775623350.948237,backward,0.4019276015460491,24989.25
430,1775623350.950894,optimizer,0.0024799834936857224,24989.25
431,1775623351.149113,forward,0.19365468807518482,24989.25
431,1775623351.5512922,backward,0.40201419964432716,24989.25
431,1775623351.553903,optimizer,0.002441262826323509,24989.25
432,1775623351.7522204,forward,0.19373038783669472,24989.25
432,1775623352.1542134,backward,0.4018292985856533,24989.25
432,1775623352.1568274,optimizer,0.0024401526898145676,24989.25
433,1775623352.3551178,forward,0.19373721070587635,24989.25
433,1775623352.75715,backward,0.40187082067131996,24989.25
433,1775623352.7597616,optimizer,0.002441253513097763,24989.25
434,1775623352.9580538,forward,0.19374374859035015,24989.25
434,1775623353.3601134,backward,0.40189753100275993,24989.25
434,1775623353.3627625,optimizer,0.002475891262292862,24989.25
435,1775623353.5647147,forward,0.19376845099031925,24989.25
435,1775623353.9667168,backward,0.40184370800852776,24989.25
435,1775623353.9693854,optimizer,0.0024748537689447403,24989.25
436,1775623354.1676462,forward,0.19371510855853558,24989.25
436,1775623354.5696063,backward,0.4017962981015444,24989.25
436,1775623354.5722394,optimizer,0.0024638622999191284,24989.25
437,1775623354.7703362,forward,0.19359606690704823,24989.25
437,1775623355.1722593,backward,0.40176556818187237,24989.25
437,1775623355.1748955,optimizer,0.002465303987264633,24989.25
438,1775623355.3730628,forward,0.19366555474698544,24989.25
438,1775623355.775151,backward,0.40192756429314613,24989.25
438,1775623355.7777624,optimizer,0.002440851181745529,24989.25
439,1775623355.975965,forward,0.19370196759700775,24989.25
439,1775623356.3781147,backward,0.40198309160768986,24989.25
439,1775623356.3807411,optimizer,0.0024531837552785873,24989.25
440,1775623356.5798213,forward,0.19364858977496624,24989.25
440,1775623356.981853,backward,0.4018504600971937,24989.25
440,1775623356.9845207,optimizer,0.0024963635951280594,24989.25
441,1775623357.1830006,forward,0.19361154921352863,24989.25
441,1775623357.5849247,backward,0.4017617478966713,24989.25
441,1775623357.587544,optimizer,0.0024493522942066193,24989.25
442,1775623357.7857635,forward,0.1936669684946537,24989.25
442,1775623358.1877806,backward,0.40185425989329815,24989.25
442,1775623358.1904128,optimizer,0.002461971715092659,24989.25
443,1775623358.3886325,forward,0.19367586635053158,24989.25
443,1775623358.7906635,backward,0.4018661193549633,24989.25
443,1775623358.7932823,optimizer,0.002450253814458847,24989.25
444,1775623358.9916236,forward,0.19374345988035202,24989.25
444,1775623359.3937662,backward,0.4019802398979664,24989.25
444,1775623359.396379,optimizer,0.0024409927427768707,24989.25
445,1775623359.5947363,forward,0.1938080508261919,24989.25
445,1775623359.9968011,backward,0.4019002392888069,24989.25
445,1775623359.9994433,optimizer,0.0024725347757339478,24989.25
446,1775623360.1981297,forward,0.19378302991390228,24989.25
446,1775623360.6002197,backward,0.40192830190062523,24989.25
446,1775623360.6028597,optimizer,0.0024671629071235657,24989.25
447,1775623360.8013275,forward,0.19362747482955456,24989.25
447,1775623361.2032282,backward,0.40173751674592495,24989.25
447,1775623361.20586,optimizer,0.002460883930325508,24989.25
448,1775623361.4040759,forward,0.1936456598341465,24989.25
448,1775623361.8060896,backward,0.40185377933084965,24989.25
448,1775623361.8087263,optimizer,0.002466931939125061,24989.25
449,1775623362.0069246,forward,0.19365885853767395,24989.25
449,1775623362.4089065,backward,0.4018175397068262,24989.25
449,1775623362.4115367,optimizer,0.0024574026465415955,24989.25
450,1775623362.6097698,forward,0.1936815083026886,24989.25
450,1775623363.0116866,backward,0.40175360813736916,24989.25
450,1775623363.014332,optimizer,0.00247393362224102,24989.25
451,1775623363.2124913,forward,0.19361513666808605,24989.25
451,1775623363.614296,backward,0.40163788571953773,24989.25
451,1775623363.6169357,optimizer,0.0024685636162757874,24989.25
452,1775623363.8151195,forward,0.19365235976874828,24989.25
452,1775623364.217099,backward,0.4018121287226677,24989.25
452,1775623364.2197857,optimizer,0.002518722787499428,24989.25
453,1775623364.418401,forward,0.19368408806622028,24989.25
453,1775623364.8205502,backward,0.4019840992987156,24989.25
453,1775623364.8231916,optimizer,0.002463163807988167,24989.25
454,1775623365.0215797,forward,0.1937625017017126,24989.25
454,1775623365.4237497,backward,0.401908028870821,24989.25
454,1775623365.4264724,optimizer,0.002549944445490837,24989.25
455,1775623365.6248071,forward,0.19369431771337986,24989.25
455,1775623366.0269985,backward,0.40202563256025314,24989.25
455,1775623366.0296423,optimizer,0.0024728234857320786,24989.25
456,1775623366.2279165,forward,0.19372862949967384,24989.25
456,1775623366.6301148,backward,0.40203703194856644,24989.25
456,1775623366.6327543,optimizer,0.0024711936712265015,24989.25
457,1775623366.8311691,forward,0.19378348998725414,24989.25
457,1775623367.2332826,backward,0.40194885060191154,24989.25
457,1775623367.235931,optimizer,0.0024774521589279175,24989.25
458,1775623367.4342575,forward,0.19378328882157803,24989.25
458,1775623367.836374,backward,0.4019551929086447,24989.25
458,1775623367.839019,optimizer,0.0024733562022447586,24989.25
459,1775623368.0376568,forward,0.19369774125516415,24989.25
459,1775623368.4398038,backward,0.4019852317869663,24989.25
459,1775623368.4425004,optimizer,0.0025118645280599594,24989.25
460,1775623368.640799,forward,0.19375484064221382,24989.25
460,1775623369.0427232,backward,0.4017617888748646,24989.25
460,1775623369.0454178,optimizer,0.002523483708500862,24989.25
461,1775623369.2435598,forward,0.19360264763236046,24989.25
461,1775623369.6456504,backward,0.40192583203315735,24989.25
461,1775623369.6483338,optimizer,0.0025104302912950516,24989.25
462,1775623369.8465679,forward,0.19366992823779583,24989.25
462,1775623370.2482312,backward,0.4014993943274021,24989.25
462,1775623370.2509255,optimizer,0.002525532618165016,24989.25
463,1775623370.4491487,forward,0.19369859993457794,24989.25
463,1775623370.8515236,backward,0.40220917761325836,24989.25
463,1775623370.8542132,optimizer,0.0025158170610666275,24989.25
464,1775623371.0525382,forward,0.19380713067948818,24989.25
464,1775623371.4545512,backward,0.4018461387604475,24989.25
464,1775623371.4572625,optimizer,0.0025299135595560074,24989.25
465,1775623371.6558018,forward,0.1936773769557476,24989.25
465,1775623372.0578556,backward,0.4018886610865593,24989.25
465,1775623372.060558,optimizer,0.0025292523205280304,24989.25
466,1775623372.2591038,forward,0.19363216683268547,24989.25
466,1775623372.661209,backward,0.4019474387168884,24989.25
466,1775623372.6638997,optimizer,0.002518685534596443,24989.25
467,1775623372.8621771,forward,0.19371847808361053,24989.25
467,1775623373.2641497,backward,0.40180566906929016,24989.25
467,1775623373.2668433,optimizer,0.002519683912396431,24989.25
468,1775623373.4651022,forward,0.19371870905160904,24989.25
468,1775623373.8679042,backward,0.40261754393577576,24989.25
468,1775623373.8705933,optimizer,0.002516563981771469,24989.25
469,1775623374.068965,forward,0.19373773038387299,24989.25
469,1775623374.4711585,backward,0.40203117206692696,24989.25
469,1775623374.4738498,optimizer,0.002415372058749199,24989.25
470,1775623374.6721072,forward,0.19371880777180195,24989.25
470,1775623375.0740802,backward,0.4018075093626976,24989.25
470,1775623375.076787,optimizer,0.002535153180360794,24989.25
471,1775623375.2753272,forward,0.1937092188745737,24989.25
471,1775623375.67764,backward,0.4021451771259308,24989.25
471,1775623375.6803355,optimizer,0.002522064372897148,24989.25
472,1775623375.8786023,forward,0.1937050186097622,24989.25
472,1775623376.280621,backward,0.40185348130762577,24989.25
472,1775623376.2833102,optimizer,0.0025105737149715424,24989.25
473,1775623376.4815154,forward,0.19364150054752827,24989.25
473,1775623376.883739,backward,0.4020314943045378,24989.25
473,1775623376.886427,optimizer,0.0025139544159173965,24989.25
474,1775623377.084713,forward,0.19372744858264923,24989.25
474,1775623377.4867487,backward,0.40186741203069687,24989.25
474,1775623377.489429,optimizer,0.0025064554065465927,24989.25
475,1775623377.687721,forward,0.19368738681077957,24989.25
475,1775623378.0898683,backward,0.40198225155472755,24989.25
475,1775623378.0925667,optimizer,0.0025205425918102264,24989.25
476,1775623378.2908268,forward,0.19371098838746548,24989.25
476,1775623378.6925852,backward,0.4015801437199116,24989.25
476,1775623378.695267,optimizer,0.0025124438107013702,24989.25
477,1775623378.8938842,forward,0.1937086582183838,24989.25
477,1775623379.2958362,backward,0.40178804099559784,24989.25
477,1775623379.2985086,optimizer,0.00250263512134552,24989.25
478,1775623379.4983435,forward,0.19375379011034966,24989.25
478,1775623379.9004502,backward,0.40194554068148136,24989.25
478,1775623379.903106,optimizer,0.0024904534220695496,24989.25
479,1775623380.1013308,forward,0.19370653852820396,24989.25
479,1775623380.503563,backward,0.40207051299512386,24989.25
479,1775623380.5062058,optimizer,0.0024774447083473206,24989.25
480,1775623381.204547,forward,0.19444893300533295,24989.25
480,1775623381.6067646,backward,0.4020258132368326,24989.25
480,1775623381.6094575,optimizer,0.0025103148072957993,24989.25
481,1775623381.8077092,forward,0.19369871728122234,24989.25
481,1775623382.2094395,backward,0.401571873575449,24989.25
481,1775623382.2120583,optimizer,0.002433342859148979,24989.25
482,1775623382.4107695,forward,0.193686218932271,24989.25
482,1775623382.812604,backward,0.4016855265945196,24989.25
482,1775623382.8154745,optimizer,0.002677377313375473,24989.25
483,1775623383.0142293,forward,0.19388371147215366,24989.25
483,1775623383.4160755,backward,0.4016833547502756,24989.25
483,1775623383.4186704,optimizer,0.002431800588965416,24989.25
484,1775623383.6168044,forward,0.19362270459532738,24989.25
484,1775623384.01867,backward,0.4017033092677593,24989.25
484,1775623384.0212255,optimizer,0.0023967213928699493,24989.25
485,1775623384.2194843,forward,0.19372263923287392,24989.25
485,1775623384.6213517,backward,0.4017087072134018,24989.25
485,1775623384.624011,optimizer,0.0024949759244918823,24989.25
486,1775623384.8221338,forward,0.193608358502388,24989.25
486,1775623385.2240074,backward,0.40172852762043476,24989.25
486,1775623385.22663,optimizer,0.002460803836584091,24989.25
487,1775623385.4247677,forward,0.19365069642663002,24989.25
487,1775623385.826706,backward,0.40180356055498123,24989.25
487,1775623385.8293211,optimizer,0.0024569835513830185,24989.25
488,1775623386.0274587,forward,0.1935972273349762,24989.25
488,1775623386.4291923,backward,0.40157675370574,24989.25
488,1775623386.43189,optimizer,0.0025162454694509506,24989.25
489,1775623386.6312025,forward,0.1939572636038065,24989.25
489,1775623387.0331178,backward,0.4017455168068409,24989.25
489,1775623387.035786,optimizer,0.0025079231709241867,24989.25
490,1775623387.233994,forward,0.19371294789016247,24989.25
490,1775623387.6357806,backward,0.4016139768064022,24989.25
490,1775623387.6383822,optimizer,0.002430325374007225,24989.25
491,1775623387.8365738,forward,0.19368050806224346,24989.25
491,1775623388.238629,backward,0.4018908403813839,24989.25
491,1775623388.2412496,optimizer,0.002445574849843979,24989.25
492,1775623388.4395566,forward,0.1937541700899601,24989.25
492,1775623388.8414748,backward,0.40175282768905163,24989.25
492,1775623388.8440912,optimizer,0.002435244619846344,24989.25
493,1775623389.0424252,forward,0.19373838789761066,24989.25
493,1775623389.4442358,backward,0.4016441646963358,24989.25
493,1775623389.4468493,optimizer,0.0024400409311056137,24989.25
494,1775623389.6450944,forward,0.19360011629760265,24989.25
494,1775623390.0468,backward,0.4015434440225363,24989.25
494,1775623390.0493934,optimizer,0.002423282712697983,24989.25
495,1775623390.2477984,forward,0.19360091537237167,24989.25
495,1775623390.6495774,backward,0.401614036411047,24989.25
495,1775623390.6521761,optimizer,0.0024269726127386093,24989.25
496,1775623390.850638,forward,0.19363033771514893,24989.25
496,1775623391.2527096,backward,0.40190389938652515,24989.25
496,1775623391.255613,optimizer,0.0026303473860025406,24989.25
497,1775623391.454053,forward,0.19369162805378437,24989.25
497,1775623391.8559017,backward,0.4016826581209898,24989.25
497,1775623391.8585064,optimizer,0.002435881644487381,24989.25
498,1775623392.0566976,forward,0.19365116767585278,24989.25
498,1775623392.4585552,backward,0.4016939252614975,24989.25
498,1775623392.4611502,optimizer,0.0024231597781181335,24989.25
499,1775623392.6593928,forward,0.19370215944945812,24989.25
499,1775623393.061185,backward,0.40162789449095726,24989.25
499,1775623393.0638144,optimizer,0.0024558715522289276,24989.25
500,1775623393.2619383,forward,0.19358664378523827,24989.25
500,1775623393.6638284,backward,0.4017259068787098,24989.25
500,1775623393.6664448,optimizer,0.002446545287966728,24989.25
501,1775623393.8646638,forward,0.19368691928684711,24989.25
501,1775623394.266459,backward,0.4016331862658262,24989.25
501,1775623394.2691257,optimizer,0.002495093271136284,24989.25
502,1775623394.4677186,forward,0.19369962811470032,24989.25
502,1775623394.8695855,backward,0.4017000664025545,24989.25
502,1775623394.8722558,optimizer,0.002499392256140709,24989.25
503,1775623395.0707288,forward,0.1936277076601982,24989.25
503,1775623395.4726052,backward,0.40170943550765514,24989.25
503,1775623395.4752762,optimizer,0.0024987123906612396,24989.25
504,1775623395.673537,forward,0.19373012147843838,24989.25
504,1775623396.0752578,backward,0.401557182893157,24989.25
504,1775623396.0779305,optimizer,0.002506410703063011,24989.25
505,1775623396.2761507,forward,0.1936864797025919,24989.25
505,1775623396.6782465,backward,0.4019308816641569,24989.25
505,1775623396.680921,optimizer,0.0025020036846399307,24989.25
506,1775623396.8790908,forward,0.19364145584404469,24989.25
506,1775623397.2807033,backward,0.40144577249884605,24989.25
506,1775623397.2833302,optimizer,0.002452421933412552,24989.25
507,1775623397.4817214,forward,0.19377407059073448,24989.25
507,1775623397.8837166,backward,0.40182559564709663,24989.25
507,1775623397.886386,optimizer,0.0024947505444288254,24989.25
508,1775623398.0845912,forward,0.193666847422719,24989.25
508,1775623398.486672,backward,0.4019193612039089,24989.25
508,1775623398.489341,optimizer,0.0024928245693445206,24989.25
509,1775623398.687832,forward,0.1936666276305914,24989.25
509,1775623399.08994,backward,0.4019471500068903,24989.25
509,1775623399.092607,optimizer,0.00249452143907547,24989.25
510,1775623399.2912164,forward,0.19356678612530231,24989.25
510,1775623399.6932063,backward,0.40182712860405445,24989.25
510,1775623399.6960423,optimizer,0.002599824219942093,24989.25
511,1775623399.8945386,forward,0.19387156330049038,24989.25
511,1775623400.2967846,backward,0.4020799733698368,24989.25
511,1775623400.2994852,optimizer,0.002527644857764244,24989.25
512,1775623400.4977334,forward,0.19372248835861683,24989.25
512,1775623400.8994427,backward,0.40154059045016766,24989.25
512,1775623400.9021213,optimizer,0.0025035813450813293,24989.25
513,1775623401.1003964,forward,0.19376526027917862,24989.25
513,1775623401.5023723,backward,0.40181142650544643,24989.25
513,1775623401.505067,optimizer,0.002524344250559807,24989.25
514,1775623401.7032783,forward,0.193691648542881,24989.25
514,1775623402.1050887,backward,0.40165065601468086,24989.25
514,1775623402.1077647,optimizer,0.002504602074623108,24989.25
515,1775623402.306511,forward,0.19372601993381977,24989.25
515,1775623402.7085047,backward,0.4018276780843735,24989.25
515,1775623402.7111902,optimizer,0.002511134371161461,24989.25
516,1775623402.909613,forward,0.19359418377280235,24989.25
516,1775623403.3110497,backward,0.4012776594609022,24989.25
516,1775623403.3137143,optimizer,0.0024928152561187744,24989.25
517,1775623403.5120757,forward,0.19381998851895332,24989.25
517,1775623403.913836,backward,0.4015955775976181,24989.25
517,1775623403.9165142,optimizer,0.0025055762380361557,24989.25
518,1775623404.114802,forward,0.19371630810201168,24989.25
518,1775623404.5166075,backward,0.401647686958313,24989.25
518,1775623404.5193005,optimizer,0.002512764185667038,24989.25
519,1775623404.717567,forward,0.193736270070076,24989.25
519,1775623405.1193416,backward,0.40160553343594074,24989.25
519,1775623405.121994,optimizer,0.0024836640805006027,24989.25
520,1775623405.320397,forward,0.1938793621957302,24989.25
520,1775623405.72245,backward,0.40189205296337605,24989.25
520,1775623405.72512,optimizer,0.0024969447404146194,24989.25
521,1775623405.9236228,forward,0.1936599761247635,24989.25
521,1775623406.3254433,backward,0.4016586374491453,24989.25
521,1775623406.3280644,optimizer,0.0024456530809402466,24989.25
522,1775623406.5266566,forward,0.1936751790344715,24989.25
522,1775623406.9286752,backward,0.4018503203988075,24989.25
522,1775623406.9314077,optimizer,0.0025585442781448364,24989.25
523,1775623407.1298068,forward,0.19386184215545654,24989.25
523,1775623407.5319383,backward,0.4019686710089445,24989.25
523,1775623407.534577,optimizer,0.0024649426341056824,24989.25
524,1775623407.732759,forward,0.193653067573905,24989.25
524,1775623408.1348763,backward,0.4019528515636921,24989.25
524,1775623408.1381736,optimizer,0.0027250368148088455,24989.25
525,1775623408.3366446,forward,0.1937622595578432,24989.25
525,1775623408.7385871,backward,0.4017777666449547,24989.25
525,1775623408.7412193,optimizer,0.002449875697493553,24989.25
526,1775623408.9397025,forward,0.1937757097184658,24989.25
526,1775623409.341683,backward,0.4018180463463068,24989.25
526,1775623409.344308,optimizer,0.002453962340950966,24989.25
527,1775623409.547316,forward,0.19371536746621132,24989.25
527,1775623409.9491723,backward,0.40169855765998363,24989.25
527,1775623409.9518073,optimizer,0.002464134246110916,24989.25
528,1775623410.1499128,forward,0.1936153881251812,24989.25
528,1775623410.5516925,backward,0.40161868929862976,24989.25
528,1775623410.5543094,optimizer,0.002453543245792389,24989.25
529,1775623410.7524557,forward,0.1936694271862507,24989.25
529,1775623411.1543293,backward,0.4017096050083637,24989.25
529,1775623411.1569479,optimizer,0.0024470649659633636,24989.25
530,1775623411.3552265,forward,0.19380353949964046,24989.25
530,1775623411.7571847,backward,0.40179843828082085,24989.25
530,1775623411.7598064,optimizer,0.0024511534720659256,24989.25
531,1775623411.958114,forward,0.19382861256599426,24989.25
531,1775623412.3601477,backward,0.4018709994852543,24989.25
531,1775623412.3628159,optimizer,0.002498643472790718,24989.25
532,1775623412.5614667,forward,0.19376819021999836,24989.25
532,1775623412.9632761,backward,0.4016285836696625,24989.25
532,1775623412.965933,optimizer,0.0022120382636785507,24989.25
533,1775623413.164587,forward,0.19374924711883068,24989.25
533,1775623413.5664494,backward,0.40169747546315193,24989.25
533,1775623413.569113,optimizer,0.0024999622255563736,24989.25
534,1775623413.767457,forward,0.1938126813620329,24989.25
534,1775623414.1693628,backward,0.4017413668334484,24989.25
534,1775623414.172051,optimizer,0.0025119855999946594,24989.25
535,1775623414.3703816,forward,0.19380522891879082,24989.25
535,1775623414.7722404,backward,0.4016914665699005,24989.25
535,1775623414.7748532,optimizer,0.00244138203561306,24989.25
536,1775623414.9731605,forward,0.19376399740576744,24989.25
536,1775623415.375195,backward,0.4018736705183983,24989.25
536,1775623415.3778143,optimizer,0.0024489127099514008,24989.25
537,1775623415.5761871,forward,0.19375436007976532,24989.25
537,1775623415.9780726,backward,0.40172797814011574,24989.25
537,1775623415.9806757,optimizer,0.002436632290482521,24989.25
538,1775623416.1790345,forward,0.19380615837872028,24989.25
538,1775623416.580762,backward,0.40156287513673306,24989.25
538,1775623416.5838492,optimizer,0.0029231607913970947,24989.25
539,1775623416.7828414,forward,0.19385068118572235,24989.25
539,1775623417.1850657,backward,0.4020618610084057,24989.25
539,1775623417.1876717,optimizer,0.0024368800222873688,24989.25
540,1775623417.3859434,forward,0.19373204745352268,24989.25
540,1775623417.7878733,backward,0.40176618844270706,24989.25
540,1775623417.7904928,optimizer,0.0024447739124298096,24989.25
541,1775623417.9887576,forward,0.1937542799860239,24989.25
541,1775623418.3908193,backward,0.4019009191542864,24989.25
541,1775623418.3934295,optimizer,0.0024321191012859344,24989.25
542,1775623418.5916946,forward,0.19371579587459564,24989.25
542,1775623418.9937997,backward,0.40194964222609997,24989.25
542,1775623418.9964056,optimizer,0.0024364404380321503,24989.25
543,1775623419.1947489,forward,0.1937953196465969,24989.25
543,1775623419.5966535,backward,0.4017427358776331,24989.25
543,1775623419.5992596,optimizer,0.002442171797156334,24989.25
544,1775623419.797541,forward,0.19373780861496925,24989.25
544,1775623420.199383,backward,0.4016780462116003,24989.25
544,1775623420.2020051,optimizer,0.0024551432579755783,24989.25
545,1775623420.4007723,forward,0.19384179264307022,24989.25
545,1775623420.8028724,backward,0.4019137192517519,24989.25
545,1775623420.8055453,optimizer,0.0024972446262836456,24989.25
546,1775623421.0042098,forward,0.19373535923659801,24989.25
546,1775623421.4062164,backward,0.4018420707434416,24989.25
546,1775623421.4088962,optimizer,0.0025054309517145157,24989.25
547,1775623421.6070845,forward,0.19365878961980343,24989.25
547,1775623422.0090768,backward,0.4018312878906727,24989.25
547,1775623422.0117414,optimizer,0.002496933564543724,24989.25
548,1775623422.2099857,forward,0.19370554760098457,24989.25
548,1775623422.6118221,backward,0.4016696959733963,24989.25
548,1775623422.614438,optimizer,0.0024490710347890854,24989.25
549,1775623422.8127384,forward,0.19376423954963684,24989.25
549,1775623423.2146823,backward,0.40177869983017445,24989.25
549,1775623423.2173042,optimizer,0.0024467017501592636,24989.25
