step,wall_timestamp,duration_sec,throughput_samples_sec,gpu_util_pct,gpu_mem_mb,cpu_util_pct,ram_mb
0,1775578080.1301877,0.4431171081960201,144.4313451596379,63.0,13317.25,0.5,20115.30078125
1,1775578080.4227705,0.10014314390718937,639.0851884909256,48.0,13317.25,1.0,20257.05078125
2,1775578080.689204,0.11367190815508366,563.0238907636194,100.0,13317.25,1.1,20277.07421875
3,1775578080.9551,0.13208987563848495,484.5185877467306,100.0,13317.25,0.9,20277.8125
4,1775578081.2204704,0.1200373973697424,533.1671745836466,99.0,13317.25,1.0,20277.6875
5,1775578081.486232,0.10497767850756645,609.6534130861646,99.0,13317.25,1.1,20278.14453125
6,1775578081.75172,0.11642109602689743,549.7285473520514,100.0,13317.25,0.9,20278.01953125
7,1775578082.0173037,0.12960285507142544,493.81628178429366,99.0,13317.25,1.0,20277.6484375
8,1775578082.2829773,0.1299998126924038,492.3084016392562,99.0,13317.25,1.0,20277.76953125
9,1775578082.548467,0.11756117269396782,544.3974275979973,100.0,13317.25,1.0,20277.64453125
10,1775578082.814388,0.12211176194250584,524.1100364282129,99.0,13317.25,1.0,20277.765625
11,1775578083.079626,0.13094332441687584,488.7610749536747,99.0,13317.25,0.9,20277.51953125
12,1775578083.345231,0.12854287587106228,497.8883471083733,100.0,13317.25,1.0,20277.76171875
13,1775578083.6109486,0.12959693372249603,493.8388444979897,99.0,13317.25,1.0,20277.8828125
14,1775578083.8764951,0.13218344002962112,484.1756273377223,99.0,13317.25,1.0,20277.7578125
15,1775578084.1420438,0.12075535953044891,529.9971798258955,100.0,13317.25,1.0,20277.87890625
16,1775578084.4076924,0.13227054849267006,483.85676727988044,99.0,13317.25,1.0,20277.75390625
17,1775578084.6733308,0.12332652509212494,518.9475658394817,99.0,13317.25,0.9,20277.3828125
18,1775578084.9389014,0.12823914736509323,499.06757269520676,100.0,13317.25,1.2,20280.3359375
19,1775578085.2045162,0.11779399774968624,543.321401961421,99.0,13317.25,1.0,20279.71875
20,1775578085.4702322,0.11896436847746372,537.9762093397233,99.0,13317.25,1.0,20279.46875
21,1775578085.7359533,0.11851279065012932,540.0260988616773,100.0,13317.25,1.0,20279.58984375
22,1775578086.0014474,0.12029136158525944,532.041529471245,99.0,13317.25,1.0,20279.7109375
23,1775578086.2671928,0.12064794637262821,530.4690375941607,99.0,13317.25,1.0,20279.5859375
24,1775578086.5328665,0.13121183961629868,487.7608620316161,100.0,13317.25,1.0,20278.96875
25,1775578086.7989545,0.11693730391561985,547.3018263374826,99.0,13317.25,1.0,20278.84375
26,1775578087.064595,0.13219237700104713,484.14289425700423,99.0,13317.25,1.0,20280.07421875
27,1775578087.3303437,0.11742124333977699,545.0461788656577,100.0,13317.25,1.0,20279.703125
28,1775578087.5960355,0.11931374296545982,536.4009074673601,99.0,13317.25,1.0,20279.20703125
29,1775578087.862009,0.12766469828784466,501.3132123314126,99.0,13317.25,1.0,20279.57421875
30,1775578088.1277149,0.11236043646931648,569.595508980398,100.0,13317.25,1.0,20279.44921875
31,1775578088.393477,0.1304781585931778,490.50355009643977,99.0,13317.25,1.0,20279.5703125
32,1775578088.65914,0.12063492834568024,530.5262818792212,99.0,13317.25,1.0,20279.4453125
33,1775578088.9248557,0.11879422515630722,538.7467270887115,100.0,13317.25,1.0,20279.19921875
34,1775578089.190673,0.13051963970065117,490.34766067991757,99.0,13317.25,1.0,20279.07421875
35,1775578089.4563518,0.11698405630886555,547.083098495276,99.0,13317.25,1.0,20279.5625
36,1775578089.7221735,0.13011877238750458,491.8583139518305,100.0,13317.25,1.0,20279.68359375
37,1775578089.9878297,0.11785986088216305,543.017779937714,99.0,13317.25,1.0,20279.8046875
38,1775578090.253825,0.13029146380722523,491.2063931885223,99.0,13317.25,1.0,20279.43359375
39,1775578090.51943,0.13134746253490448,487.2572241964137,100.0,13317.25,1.0,20279.296875
40,1775578090.7852154,0.13029083609580994,491.20875970845196,99.0,13317.25,1.0,20278.92578125
41,1775578091.0513592,0.1318212915211916,485.50578788489076,99.0,13317.25,1.0,20279.171875
42,1775578091.316941,0.11856682226061821,539.7800057365415,100.0,13317.25,1.0,20279.29296875
43,1775578091.5828357,0.13139478489756584,487.0817365384312,99.0,13317.25,1.0,20279.53515625
44,1775578091.8486013,0.1329673919826746,481.3210144660059,99.0,13317.25,0.9,20279.41015625
45,1775578092.11436,0.11561417020857334,553.5653621397881,100.0,13317.25,1.0,20279.53125
46,1775578092.3801327,0.1330350525677204,481.07621837050294,100.0,13317.25,0.9,20279.40625
47,1775578092.6460755,0.12288656830787659,520.8054947035073,99.0,13317.25,1.0,20279.03515625
48,1775578092.9124045,0.1187716443091631,538.8491535353988,99.0,13317.25,1.0,20278.91015625
49,1775578093.1780076,0.11913471110165119,537.206993731594,100.0,13317.25,1.0,20279.27734375
50,1775578093.4438417,0.12092641182243824,529.2474905645437,99.0,13317.25,1.0,20279.3984375
51,1775578093.7097654,0.12987309880554676,492.7887344539639,99.0,13317.25,1.0,20279.2734375
52,1775578093.9755058,0.12940714694559574,494.5631018888496,100.0,13317.25,1.0,20279.51953125
53,1775578094.2412553,0.13005205988883972,492.1106213519659,99.0,13317.25,1.0,20279.640625
54,1775578094.5075963,0.12687594257295132,504.4297500544769,99.0,13317.25,1.0,20279.390625
55,1775578094.7732906,0.12942134961485863,494.50882864732756,100.0,13317.25,1.0,20278.7734375
56,1775578095.0390766,0.1321505755186081,484.29603691728283,99.0,13317.25,1.0,20278.6484375
57,1775578095.3049467,0.1298990473151207,492.69029544722594,99.0,13317.25,1.0,20279.26171875
58,1775578095.570741,0.12303041107952595,520.1965874813739,100.0,13317.25,1.0,20279.62890625
59,1775578095.836858,0.1238410547375679,516.7914641523578,99.0,13317.25,1.0,20279.75
60,1775578096.1026876,0.12494363263249397,512.2309848973895,99.0,13317.25,1.0,20279.2578125
61,1775578096.368697,0.13063178211450577,489.92671587302215,100.0,13317.25,1.0,20279.43359375
62,1775578096.6347356,0.12954669259488583,494.03036633392645,99.0,13317.25,1.0,20279.0625
63,1775578096.9006393,0.11835720762610435,540.7359744594416,99.0,13317.25,1.0,20274.26171875
64,1775578097.1667614,0.11789491958916187,542.8563013828422,100.0,13317.25,1.0,20274.62890625
65,1775578097.4325407,0.13320314325392246,480.4691423684957,99.0,13317.25,1.0,20274.50390625
66,1775578097.6983635,0.12040764093399048,531.5277294992092,99.0,13317.25,1.0,20274.37890625
67,1775578097.9642406,0.13232278637588024,483.66575215699885,100.0,13317.25,1.0,20274.625
68,1775578098.230272,0.11879871599376202,538.7263613468732,99.0,13317.25,1.0,20274.5
69,1775578098.4960368,0.13172071985900402,485.8764822156046,99.0,13317.25,1.0,20274.00390625
70,1775578098.7620864,0.12941731698811054,494.52423747804653,100.0,13317.25,1.0,20273.87890625
71,1775578099.0279455,0.1305650770664215,490.17701699392177,99.0,13317.25,1.1,20274.984375
72,1775578099.2938209,0.1313585340976715,487.21615568892435,99.0,13317.25,1.0,20274.61328125
73,1775578099.559862,0.12865413539111614,497.4577754957991,100.0,13317.25,1.0,20275.546875
74,1775578099.8257995,0.1196465790271759,534.9087330400259,99.0,13317.25,1.0,20275.17578125
75,1775578100.091656,0.12243441119790077,522.7288584461076,99.0,13317.25,1.0,20275.17578125
76,1775578100.3579547,0.13109721802175045,488.1873236194967,100.0,13317.25,1.0,20275.6640625
77,1775578100.6235764,0.11976312473416328,534.3881945470278,99.0,13317.25,1.0,20275.78515625
78,1775578100.88962,0.13057224825024605,490.15009588669926,99.0,13317.25,1.0,20275.66015625
79,1775578101.1555192,0.1204595249146223,531.2987914020171,100.0,13317.25,1.0,20275.78125
80,1775578101.4214265,0.11745939403772354,544.8691483922147,99.0,13317.25,1.0,20275.65625
81,1775578101.6875005,0.11958988010883331,535.1623393363762,99.0,13317.25,1.0,20275.53125
82,1775578101.9534802,0.13143721222877502,486.9245087806932,100.0,13317.25,1.0,20275.77734375
83,1775578102.2201073,0.12064693868160248,530.4734682817061,99.0,13317.25,1.0,20275.8984375
84,1775578102.486057,0.12827141024172306,498.94204701885013,99.0,13317.25,1.0,20275.89453125
85,1775578102.7519724,0.13041864894330502,490.72736543852545,100.0,13317.25,1.1,20276.26171875
86,1775578103.0179138,0.12814606726169586,499.4300751290417,99.0,13317.25,1.0,20276.13671875
87,1775578103.2838404,0.12940410897135735,494.5747125708808,99.0,13317.25,1.0,20275.765625
88,1775578103.5500543,0.12193500250577927,524.8697968982831,100.0,13317.25,1.0,20275.640625
89,1775578103.8159618,0.1192226242274046,536.8108646721846,99.0,13317.25,1.0,20275.0234375
90,1775578104.0819607,0.12030038051307201,532.001642281137,99.0,13317.25,1.0,20275.76171875
91,1775578104.3479517,0.1323012299835682,483.74455783932467,100.0,13317.25,0.9,20275.7578125
92,1775578104.6139817,0.13119371980428696,487.82822909110547,99.0,13317.25,0.9,20275.6328125
93,1775578104.8800967,0.1271807923913002,503.22064202186806,99.0,13317.25,1.0,20275.75390625
94,1775578105.1462736,0.122239725664258,523.5613844208187,100.0,13317.25,1.0,20275.62890625
95,1775578105.41233,0.12900222092866898,496.1154896347748,99.0,13317.25,1.0,20275.75
96,1775578105.678422,0.13239424116909504,483.40471182774985,99.0,13317.25,1.0,20275.87109375
97,1775578105.9448056,0.12220789678394794,523.6977452704712,100.0,13317.25,1.0,20275.37890625
98,1775578106.2107399,0.12763325683772564,501.4367069028907,99.0,13317.25,1.0,20275.74609375
99,1775578106.4768555,0.1324308831244707,483.27095983983526,99.0,13317.25,1.0,20275.7421875
100,1775578106.7430863,0.1203689742833376,531.6984744702554,100.0,13317.25,1.0,20275.6171875
101,1775578107.009041,0.12151563167572021,526.6812106181702,99.0,13317.25,1.0,20275.4921875
102,1775578107.2753093,0.12034869380295277,531.7880732863405,99.0,13317.25,1.0,20275.3671875
103,1775578107.5412812,0.13104715943336487,488.3738058629409,100.0,13317.25,1.0,20275.48828125
104,1775578107.8073888,0.13090327754616737,488.9106002516116,99.0,13317.25,1.0,20275.36328125
105,1775578108.0734503,0.12101811356842518,528.8464520958971,99.0,13317.25,1.0,20276.34765625
106,1775578108.3396597,0.12169831618666649,525.890595740321,100.0,13317.25,1.0,20275.8203125
107,1775578108.6056752,0.12917582504451275,495.4487418829817,99.0,13317.25,1.0,20275.6953125
108,1775578108.8717463,0.12258795090019703,522.0741478263598,99.0,13317.25,1.0,20275.5703125
109,1775578109.1379597,0.11999570578336716,533.3524194235888,100.0,13317.25,1.0,20275.69140625
110,1775578109.4037714,0.13153193704783916,486.5738423415958,99.0,13317.25,1.0,20275.8125
111,1775578109.6697996,0.12728827260434628,502.7957304356938,99.0,13317.25,1.0,20275.9140625
112,1775578109.9359715,0.11879410594701767,538.7472677183504,100.0,13317.25,1.0,20275.54296875
113,1775578110.2022965,0.13273488730192184,482.1641190264028,99.0,13317.25,1.0,20275.171875
114,1775578110.4683566,0.1320287138223648,484.7430392006047,99.0,13317.25,1.0,20275.29296875
115,1775578110.7345717,0.1317633707076311,485.71920751791623,100.0,13317.25,1.0,20275.16796875
116,1775578111.000826,0.13185624219477177,485.3770965614373,99.0,13317.25,1.0,20275.3515625
117,1775578111.2669885,0.12390704639256,516.5162261816522,99.0,13317.25,0.9,20275.41015625
118,1775578111.5331593,0.13213838823139668,484.3407041406103,100.0,13317.25,1.0,20275.0390625
119,1775578111.799313,0.1208389513194561,529.6305479415018,99.0,13317.25,1.0,20275.40625
120,1775578112.0662694,0.13053818978369236,490.2779799999592,99.0,13317.25,1.0,20276.7578125
121,1775578112.3320696,0.11565890908241272,553.3512334479726,100.0,13317.25,1.0,20276.38671875
122,1775578112.5983045,0.12098011560738087,529.0125544903631,99.0,13317.25,1.0,20277.0
123,1775578112.864579,0.1337166242301464,478.6241080229963,99.0,13317.25,0.9,20276.875
124,1775578113.1307497,0.12439443171024323,514.4924826625494,100.0,13317.25,1.0,20276.875
125,1775578113.3970242,0.12304130010306835,520.1505506394109,99.0,13317.25,1.0,20277.59765625
126,1775578113.663389,0.1329942625015974,481.22376707214187,99.0,13317.25,1.0,20277.96484375
127,1775578113.929631,0.12151961959898472,526.6639264606018,100.0,13317.25,1.0,20277.83984375
128,1775578114.1959007,0.13433748669922352,476.41206912924866,99.0,13317.25,1.0,20277.71484375
129,1775578114.4626384,0.12149172089993954,526.784866704706,99.0,13317.25,1.0,20278.05859375
130,1775578114.7287972,0.13139886409044266,487.0666154004832,100.0,13317.25,1.0,20277.93359375
131,1775578114.9950945,0.13243741355836391,483.2471299493916,99.0,13317.25,1.0,20277.80859375
132,1775578115.2617004,0.13053314946591854,490.29691125862274,99.0,13317.25,1.0,20277.80859375
133,1775578115.5276165,0.1209650207310915,529.078568442308,100.0,13317.25,1.0,20277.55859375
134,1775578115.7939243,0.11973070539534092,534.5328901945184,99.0,13317.25,1.0,20277.6796875
135,1775578116.060269,0.13299303874373436,481.2281951337487,99.0,13317.25,1.0,20277.30859375
136,1775578116.3264694,0.12037708424031734,531.6626532690577,100.0,13317.25,1.0,20277.921875
137,1775578116.5928102,0.1307654120028019,489.42605708785345,99.0,13317.25,1.0,20278.04296875
138,1775578116.859137,0.10730363801121712,596.4383052260509,99.0,13317.25,1.0,20278.1640625
139,1775578117.125395,0.1219949908554554,524.6117037365066,100.0,13317.25,1.0,20278.41015625
140,1775578117.391735,0.13277943804860115,482.00234118007137,99.0,13317.25,0.9,20278.40625
141,1775578117.6581292,0.13040352798998356,490.7842677762208,99.0,13317.25,1.0,20277.7890625
142,1775578117.9244509,0.12209946289658546,524.1628298906282,100.0,13317.25,0.9,20277.6640625
143,1775578118.190733,0.13244831189513206,483.20736658896004,99.0,13317.25,1.0,20277.78515625
144,1775578118.4571064,0.13372417353093624,478.59708764768703,99.0,13317.25,0.9,20277.90625
145,1775578118.7234485,0.13208847492933273,484.52372573943313,100.0,13317.25,1.0,20278.02734375
146,1775578118.9900188,0.12432315200567245,514.7874628941188,99.0,13317.25,0.9,20277.65625
147,1775578119.2562861,0.131352711468935,487.23775310215836,99.0,13317.25,1.0,20278.640625
148,1775578119.5226693,0.13190773501992226,485.18761989457226,100.0,13317.25,1.0,20277.63671875
149,1775578119.7889676,0.12095424346625805,529.1257104001791,99.0,13317.25,1.0,20278.25
150,1775578120.0553672,0.11868969164788723,539.2212172044956,99.0,13317.25,1.0,20277.6328125
151,1775578120.321671,0.13121157884597778,487.76183140914844,100.0,13317.25,1.0,20278.24609375
152,1775578120.5879781,0.1299212295562029,492.6061754388963,99.0,13317.25,1.0,20278.0078125
153,1775578120.8544161,0.1195245087146759,535.4550350236387,99.0,13317.25,1.0,20277.8828125
154,1775578121.1208155,0.11906682141125202,537.5132991830409,100.0,13317.25,1.0,20277.8828125
155,1775578121.3873405,0.12124632857739925,527.8510347564439,99.0,13317.25,1.0,20278.125
156,1775578121.6536934,0.12497865222394466,512.0874554265536,99.0,13317.25,1.0,20278.0
157,1775578121.9201405,0.1230454184114933,520.1331412923372,100.0,13317.25,1.0,20278.12109375
158,1775578122.186488,0.12004452757537365,533.1355064046184,99.0,13317.25,1.0,20277.50390625
159,1775578122.4528465,0.1326176468282938,482.59037564483225,99.0,13317.25,1.0,20278.11328125
160,1775578122.7192748,0.13291622139513493,481.5063152430435,100.0,13317.25,1.1,20278.234375
161,1775578122.985664,0.1331602968275547,480.62374089539094,99.0,13317.25,1.0,20278.6015625
162,1775578123.2528408,0.13195410557091236,485.0171180585684,99.0,13317.25,1.0,20278.84765625
163,1775578123.5191174,0.13188293389976025,485.2788613926669,100.0,13317.25,1.0,20278.59765625
164,1775578123.7855752,0.11821087636053562,541.4053424729218,99.0,13317.25,1.0,20277.734375
165,1775578124.0519934,0.13068133033812046,489.740958669525,99.0,13317.25,1.0,20278.34765625
166,1775578124.3184547,0.12316947057843208,519.6092806069663,100.0,13317.25,0.9,20278.46875
167,1775578124.584894,0.12335027568042278,518.8476446198781,99.0,13317.25,1.0,20278.58984375
168,1775578124.8513615,0.1327231265604496,482.20684411658124,99.0,13317.25,1.0,20278.46484375
169,1775578125.1181169,0.13377917557954788,478.4003169607236,100.0,13317.25,1.0,20278.46484375
170,1775578125.3845718,0.13038420490920544,490.8570025377472,99.0,13317.25,1.0,20278.4609375
171,1775578125.651072,0.12808874621987343,499.6535752652263,99.0,13317.25,1.0,20278.08984375
172,1775578125.9176128,0.11723814904689789,545.8973936410287,100.0,13317.25,1.0,20278.2109375
173,1775578126.1839693,0.1329165194183588,481.5052356175386,99.0,13317.25,0.9,20277.83984375
174,1775578126.4504914,0.13040977902710438,490.76074261806883,99.0,13317.25,1.0,20278.453125
175,1775578126.7169518,0.11915521882474422,537.1145354038788,100.0,13317.25,1.0,20275.375
176,1775578126.9834068,0.1304184477776289,490.7281223675024,99.0,13317.25,1.0,20275.7421875
177,1775578127.2498205,0.13135370425879955,487.23407049034597,99.0,13317.25,1.0,20275.25
178,1775578127.5163705,0.13109278865158558,488.2038185189366,100.0,13317.25,1.0,20275.0
179,1775578127.7831733,0.11880162544548512,538.713167938665,99.0,13317.25,1.0,20274.3828125
180,1775578128.0496078,0.11709743738174438,546.5533783745951,99.0,13317.25,1.0,20274.99609375
181,1775578128.31608,0.11925751529633999,536.6538103780547,100.0,13317.25,1.0,20274.625
182,1775578128.5824802,0.1212695986032486,527.7497471512663,99.0,13317.25,1.0,20274.98828125
183,1775578128.8488393,0.12983461655676365,492.93479425819555,99.0,13317.25,1.0,20274.86328125
184,1775578129.115343,0.1305675506591797,490.16773062595865,100.0,13317.25,1.0,20275.84765625
185,1775578129.381725,0.12187433987855911,525.1310494380718,99.0,13317.25,1.0,20275.10546875
186,1775578129.6482124,0.12216503173112869,523.8814994200362,99.0,13317.25,0.9,20274.734375
187,1775578129.914793,0.12153966352343559,526.5770707655395,100.0,13317.25,1.0,20274.36328125
188,1775578130.181229,0.12903952412307262,495.9720708436542,99.0,13317.25,1.0,20274.73046875
189,1775578130.4480052,0.10845907591283321,590.0843194665954,99.0,13317.25,1.0,20275.09765625
190,1775578130.7145236,0.12626518495380878,506.86972836901106,100.0,13317.25,1.0,20274.97265625
191,1775578130.9809759,0.13456877879798412,475.59322876874273,99.0,13317.25,1.0,20275.09375
192,1775578131.2474906,0.13311707600951195,480.7797911323326,99.0,13317.25,1.0,20275.33984375
193,1775578131.5140016,0.12295723520219326,520.506173506237,100.0,13317.25,1.0,20275.08984375
194,1775578131.78046,0.13395089842379093,477.787015638508,99.0,13317.25,0.9,20274.71875
195,1775578132.0470214,0.1213814727962017,527.2633337334386,99.0,13317.25,1.0,20275.0859375
196,1775578132.3136222,0.13014327362179756,491.76571496108966,100.0,13317.25,1.0,20274.71484375
197,1775578132.5800624,0.13260798528790474,482.62553617001134,99.0,13317.25,1.0,20275.328125
198,1775578132.8465734,0.131461875513196,486.8331579034543,99.0,13317.25,1.0,20275.203125
199,1775578133.1131618,0.13213452510535717,484.3548644759554,100.0,13317.25,1.0,20275.203125
200,1775578133.3797023,0.12115923501551151,528.230472830291,99.0,13317.25,1.0,20274.953125
201,1775578133.646313,0.13298153318464756,481.2698309857407,99.0,13317.25,1.0,20275.07421875
202,1775578133.9128726,0.11863323114812374,539.4778459678851,100.0,13317.25,1.0,20274.94921875
203,1775578134.1794045,0.11776032485067844,543.4767616440664,99.0,13317.25,1.0,20275.31640625
204,1775578134.445829,0.12030978314578533,531.960064481606,99.0,13317.25,1.0,20275.4296875
205,1775578134.7124207,0.13207442499697208,484.57526884154333,100.0,13317.25,1.0,20275.3046875
206,1775578134.979059,0.1298485603183508,492.8818605542539,99.0,13317.25,1.0,20275.42578125
207,1775578135.2454891,0.11910784244537354,537.328178279716,99.0,13317.25,1.0,20275.91796875
208,1775578135.5120842,0.11754528246819973,544.4710213471504,100.0,13317.25,1.0,20275.421875
209,1775578135.778612,0.11983049474656582,534.0877556698409,99.0,13317.25,1.0,20275.296875
210,1775578136.0453343,0.12106380611658096,528.6468520440357,99.0,13317.25,1.0,20274.92578125
211,1775578136.3118298,0.12151413038372993,526.6877176991198,100.0,13317.25,1.0,20274.5546875
212,1775578136.5784416,0.13310537301003933,480.8220626463582,99.0,13317.25,1.0,20275.4140625
213,1775578136.8449671,0.12230538576841354,523.2803085318305,99.0,13317.25,1.0,20275.2890625
214,1775578137.1116438,0.13156833872199059,486.4392195088416,100.0,13317.25,1.0,20275.78125
215,1775578137.3781931,0.12136344984173775,527.3416344332521,99.0,13317.25,1.0,20275.28515625
216,1775578137.644795,0.13107713870704174,488.2621075749938,99.0,13317.25,1.0,20275.40625
217,1775578137.911509,0.12935536913573742,494.76106347655667,100.0,13317.25,1.0,20275.28125
218,1775578138.1780133,0.12219709157943726,523.7440529294039,99.0,13317.25,1.0,20275.6484375
219,1775578138.4446292,0.13117460161447525,487.8993281648933,99.0,13317.25,1.0,20275.27734375
220,1775578138.7113855,0.11994846723973751,533.5624662221408,100.0,13317.25,1.0,20275.64453125
221,1775578138.9781427,0.12406811863183975,515.8456556427188,99.0,13317.25,1.0,20275.02734375
222,1775578139.2446556,0.12157406285405159,526.4280760019622,99.0,13317.25,0.9,20275.2734375
223,1775578139.511328,0.1213177926838398,527.5400960087296,100.0,13317.25,1.0,20275.0234375
224,1775578139.778102,0.12264395318925381,521.8357557444401,99.0,13317.25,1.0,20275.63671875
225,1775578140.0448573,0.13175034895539284,485.76721433708457,99.0,13317.25,1.0,20275.51171875
226,1775578140.3115616,0.13194581307470798,485.0476002884841,100.0,13317.25,1.0,20275.140625
227,1775578140.5781622,0.1215781532227993,526.4103648845212,99.0,13317.25,1.0,20275.26171875
228,1775578140.8447452,0.13385038450360298,478.1458061353365,99.0,13317.25,1.0,20275.13671875
229,1775578141.1113672,0.11917746253311634,537.0142864236269,100.0,13317.25,1.0,20275.62890625
230,1775578141.3783438,0.13558736816048622,472.0203723126127,99.0,13317.25,1.0,20275.625
231,1775578141.644809,0.13032834604382515,491.06738436225453,99.0,13317.25,1.0,20275.25390625
232,1775578141.9115126,0.13292528316378593,481.4734900443388,100.0,13317.25,1.0,20275.12890625
233,1775578142.1781552,0.12107077613472939,528.6164179601842,99.0,13317.25,1.0,20275.2421875
234,1775578142.4446936,0.12106859497725964,528.6259414509695,99.0,13317.25,1.0,20275.3125
235,1775578142.7113776,0.13233604095876217,483.61730890788346,100.0,13317.25,1.0,20275.1875
236,1775578142.9780722,0.12090422213077545,529.3446239683401,99.0,13317.25,1.0,20275.30859375
237,1775578143.2445664,0.13163666799664497,486.1867211773483,99.0,13317.25,1.0,20275.5546875
238,1775578143.5113208,0.1325374748557806,482.882294759584,100.0,13317.25,1.0,20275.05859375
239,1775578143.7778995,0.11855621263384819,539.8283107917686,99.0,13317.25,1.0,20274.93359375
240,1775578144.045128,0.12149779126048088,526.7585470981071,99.0,13317.25,1.0,20274.5625
241,1775578144.3117537,0.12024063244462013,532.2659961014162,100.0,13317.25,0.9,20275.17578125
242,1775578144.578419,0.12013271823525429,532.7441261644448,99.0,13317.25,1.0,20275.05078125
243,1775578144.8451164,0.1240171566605568,516.0576304387647,99.0,13317.25,1.0,20275.6640625
244,1775578145.1117938,0.13336562924087048,479.883762887739,100.0,13317.25,0.9,20274.92578125
245,1775578145.378624,0.1317396406084299,485.8066995205139,99.0,13317.25,1.0,20275.4140625
246,1775578145.6452966,0.13238026946783066,483.45573141133735,99.0,13317.25,1.0,20275.2890625
247,1775578145.911954,0.12183380126953125,525.3057799486505,100.0,13317.25,1.0,20275.1640625
248,1775578146.1788383,0.13448761776089668,475.88024136009716,99.0,13317.25,1.0,20275.0390625
249,1775578146.4455104,0.13233469054102898,483.62224401134995,99.0,13317.25,1.0,20275.16015625
250,1775578146.7122955,0.1299044881016016,492.66966011169666,100.0,13317.25,1.0,20275.28125
251,1775578146.9790277,0.13348586112260818,479.4515273884724,99.0,13317.25,1.0,20275.40234375
252,1775578147.246475,0.13189749233424664,485.22529782306304,99.0,13317.25,1.0,20275.890625
253,1775578147.5131965,0.1335843913257122,479.09788984217454,100.0,13317.25,0.9,20274.90234375
254,1775578147.779917,0.13148759678006172,486.73792484816875,99.0,13317.25,1.0,20274.77734375
255,1775578148.0466876,0.13027813099324703,491.2566638165652,99.0,13317.25,1.0,20275.390625
256,1775578148.3134513,0.13282384723424911,481.84118539443546,100.0,13317.25,1.0,20275.265625
257,1775578148.5802104,0.12086000107228756,529.5383040888852,99.0,13317.25,0.9,20275.6328125
258,1775578148.8470366,0.13268391601741314,482.349345127866,99.0,13317.25,1.0,20275.26171875
259,1775578149.1137087,0.13328643888235092,480.16887941984425,100.0,13317.25,1.0,20275.75390625
260,1775578149.3806198,0.13289116881787777,481.59708857485884,99.0,13317.25,1.0,20275.2578125
261,1775578149.64727,0.1337760966271162,478.41132768578103,99.0,13317.25,1.0,20275.1328125
262,1775578149.914008,0.1239924468100071,516.160473049353,100.0,13317.25,0.9,20275.25390625
263,1775578150.1805637,0.11969850398600101,534.6766907586826,99.0,13317.25,1.0,20275.12890625
264,1775578150.4474185,0.13219805620610714,484.12209556409044,99.0,13317.25,1.0,20275.25
265,1775578150.714078,0.12280216440558434,521.1634526947283,100.0,13317.25,1.0,20275.37109375
266,1775578150.9806957,0.13178273104131222,485.64785002017305,99.0,13317.25,1.0,20275.4921875
267,1775578151.247545,0.13252093642950058,482.942557790083,99.0,13317.25,1.0,20275.0
268,1775578151.514407,0.12146509997546673,526.9003196220691,100.0,13317.25,1.0,20275.2421875
269,1775578151.781109,0.13148853555321693,486.73444974293966,99.0,13317.25,1.0,20274.625
270,1775578152.0477786,0.1225938443094492,522.0490503458913,99.0,13317.25,1.0,20275.23828125
271,1775578152.314565,0.1322774887084961,483.8313807199556,100.0,13317.25,1.0,20275.11328125
272,1775578152.581432,0.13532932102680206,472.9204248894795,99.0,13317.25,1.0,20275.234375
273,1775578152.8481154,0.13090241514146328,488.91382126782497,99.0,13317.25,1.0,20275.35546875
274,1775578153.115113,0.11759749613702297,544.2292744517969,100.0,13317.25,1.0,20275.35546875
275,1775578153.381853,0.10349746234714985,618.3726494214131,99.0,13317.25,1.0,20275.3515625
276,1775578153.6487603,0.12270894274115562,521.5593792133203,99.0,13317.25,1.0,20275.2265625
277,1775578153.9154904,0.12032102234661579,531.910374029498,100.0,13317.25,1.0,20275.59375
278,1775578154.1821947,0.12316779233515263,519.6163606298082,99.0,13317.25,1.0,20275.46875
279,1775578154.449117,0.12209690175950527,524.1738248695372,99.0,13317.25,0.9,20275.58984375
280,1775578154.7158625,0.12307705357670784,519.999448638994,100.0,13317.25,1.0,20275.46484375
281,1775578154.9826424,0.1194240041077137,535.9056621671772,99.0,13317.25,1.0,20275.09375
282,1775578155.249563,0.13470209948718548,475.1225128906656,99.0,13317.25,1.0,20275.5859375
283,1775578155.5163307,0.1309640072286129,488.6838861633224,100.0,13317.25,1.0,20275.3359375
284,1775578155.783286,0.13264792785048485,482.4802093564409,99.0,13317.25,1.0,20275.2109375
285,1775578156.0502188,0.11845581978559494,540.2858223077601,99.0,13317.25,1.0,20275.0859375
286,1775578156.3169644,0.13053660094738007,490.2839474562288,100.0,13317.25,1.0,20274.9609375
287,1775578156.5838315,0.12119081802666187,528.0928129878623,99.0,13317.25,2.2,20279.66796875
288,1775578156.8506415,0.1302520651370287,491.35497339462734,99.0,13317.25,1.0,20278.3125
289,1775578157.1173997,0.11973049305379391,534.5338381864455,100.0,13317.25,1.0,20278.3125
290,1775578157.384179,0.12266651168465614,521.7397896218606,99.0,13317.25,1.0,20279.9296875
291,1775578157.6509974,0.11795308254659176,542.5886175947953,99.0,13317.25,1.0,20279.8046875
292,1775578157.9176373,0.11889471858739853,538.2913619746206,100.0,13317.25,1.0,20280.171875
293,1775578158.184483,0.12326860427856445,519.1914062348895,99.0,13317.25,1.0,20280.046875
294,1775578158.4513574,0.1312789022922516,487.5116936727878,99.0,13317.25,1.0,20280.16796875
295,1775578158.7180538,0.1322423592209816,483.9599079826893,100.0,13317.25,1.0,20279.796875
296,1775578158.984936,0.1301342509686947,491.7998107615492,99.0,13317.25,1.0,20279.671875
297,1775578159.251785,0.1213734894990921,527.2980142873682,99.0,13317.25,1.0,20279.91796875
298,1775578159.5184512,0.12154334411025047,526.5611249098625,100.0,13317.25,1.0,20279.9140625
299,1775578159.7854297,0.13085264340043068,489.0997868812588,99.0,13317.25,1.0,20279.7890625
300,1775578160.0523298,0.13089962303638458,488.92424985983877,99.0,13317.25,1.0,20279.6640625
301,1775578160.319273,0.13174721226096153,485.7787796923583,100.0,13317.25,1.0,20279.78515625
302,1775578160.58615,0.13279380090534687,481.95020824517326,99.0,13317.25,1.0,20280.15234375
303,1775578160.852935,0.12355359829962254,517.9938171027393,99.0,13317.25,1.0,20279.78125
304,1775578161.1197643,0.13142325542867184,486.9762188681677,100.0,13317.25,1.0,20280.2734375
305,1775578161.3868918,0.11963364109396935,534.9665814294622,99.0,13317.25,0.9,20280.26953125
306,1775578161.6535757,0.11884812638163567,538.5023891288643,99.0,13317.25,1.0,20280.14453125
307,1775578161.9202456,0.12079633958637714,529.8173787313802,100.0,13317.25,1.0,20279.7734375
308,1775578162.187283,0.12989243678748608,492.7153696000705,99.0,13317.25,1.0,20280.140625
309,1775578162.4540782,0.12157445214688778,526.4263903297249,99.0,13317.25,1.0,20280.015625
310,1775578162.7208352,0.11777366884052753,543.4151846509916,100.0,13317.25,1.1,20280.13671875
311,1775578162.98775,0.1230795793235302,519.9887776002868,99.0,13317.25,1.0,20280.01171875
312,1775578163.2545676,0.13471421971917152,475.0797661406192,99.0,13317.25,1.0,20280.50390625
313,1775578163.5213141,0.12098442390561104,528.9937161657369,100.0,13317.25,1.0,20280.0078125
314,1775578163.7883,0.11912383139133453,537.2560574361745,99.0,13317.25,1.0,20279.8828125
315,1775578164.0553055,0.129177276045084,495.44317669048417,99.0,13317.25,1.0,20279.7578125
316,1775578164.3220193,0.12067289650440216,530.3593586789,100.0,13317.25,1.0,20279.87890625
317,1775578164.5890408,0.12432120181620121,514.7955382109224,99.0,13317.25,1.0,20279.75
318,1775578164.8557913,0.11898588016629219,537.8789475739048,99.0,13317.25,1.0,20280.36328125
319,1775578165.1228063,0.12130978889763355,527.5749020881238,100.0,13317.25,1.0,20279.87109375
320,1775578165.3899686,0.1203327625989914,531.8584782540049,99.0,13317.25,1.0,20280.11328125
321,1775578165.6565397,0.1179965827614069,542.3885887391348,99.0,13317.25,1.0,20279.98828125
322,1775578165.9235096,0.122061463072896,524.326010755571,100.0,13317.25,1.0,20279.86328125
323,1775578166.1904397,0.13295684196054935,481.35920691460115,99.0,13317.25,1.0,20279.73828125
324,1775578166.4572625,0.11729626171290874,545.6269370003004,99.0,13317.25,1.0,20280.10546875
325,1775578166.7241166,0.11931795440614223,536.3819746871676,100.0,13317.25,1.0,20280.2265625
326,1775578166.991072,0.1334208808839321,479.6850356255407,99.0,13317.25,1.0,20280.1015625
327,1775578167.2580702,0.13288111053407192,481.6335425161112,99.0,13317.25,1.0,20280.59375
328,1775578167.5248377,0.12176959589123726,525.5827575970919,100.0,13317.25,1.0,20279.85546875
329,1775578167.79171,0.13115986064076424,487.9541628615372,99.0,13317.25,1.0,20279.484375
330,1775578168.0586789,0.1318861935287714,485.26686749844055,99.0,13317.25,1.0,20280.09765625
331,1775578168.3256245,0.1313847452402115,487.1189564891147,100.0,13317.25,1.0,20279.48046875
332,1775578168.59276,0.13158801943063736,486.36646616400867,99.0,13317.25,1.0,20280.09375
333,1775578168.8594089,0.13297550939023495,481.29163252297224,99.0,13317.25,0.9,20280.21484375
334,1775578169.1263366,0.1311628371477127,487.9430896110047,100.0,13317.25,1.0,20280.4609375
335,1775578169.393309,0.12037910521030426,531.6537275151776,99.0,13317.25,1.0,20279.96484375
336,1775578169.6601074,0.1253271009773016,510.663691260131,99.0,13317.25,1.0,20280.0859375
337,1775578169.9270718,0.12050232477486134,531.1100853827793,100.0,13317.25,1.0,20279.9609375
338,1775578170.19389,0.11923366412520409,536.761161116338,99.0,13317.25,1.0,20280.328125
339,1775578170.460739,0.12711144983768463,503.4951617790923,99.0,13317.25,1.0,20280.203125
340,1775578170.72771,0.13192515261471272,485.12356234987226,100.0,13317.25,1.0,20280.078125
341,1775578170.994633,0.13375971280038357,478.4699268569039,99.0,13317.25,1.0,20280.19921875
342,1775578171.2615469,0.1188710480928421,538.3985505874731,99.0,13317.25,1.0,20279.70703125
343,1775578171.5283618,0.12126500904560089,527.769721073729,100.0,13317.25,1.0,20279.45703125
344,1775578171.795303,0.11942107602953911,535.9188020058489,99.0,13317.25,1.0,20279.33203125
345,1775578172.0622964,0.12163234502077103,526.1758292094984,99.0,13317.25,1.0,20279.9453125
346,1775578172.3290818,0.11820671707391739,541.4243926593387,100.0,13317.25,1.0,20280.06640625
347,1775578172.5973241,0.13551915623247623,472.25795805731883,99.0,13317.25,1.0,20280.43359375
348,1775578172.862967,0.1153016947209835,555.0655621747143,99.0,13317.25,1.0,20280.0625
349,1775578173.129855,0.1336696706712246,478.7922322141057,100.0,13317.25,1.0,20280.5546875
350,1775578173.3967385,0.13396523892879486,477.73587022837506,99.0,13317.25,0.9,20280.05859375
351,1775578173.6638248,0.13179069198668003,485.6185139878348,99.0,13317.25,1.0,20279.93359375
352,1775578173.9306672,0.1218448281288147,525.2582401966132,100.0,13317.25,1.0,20279.31640625
353,1775578174.197691,0.13409292325377464,477.280966415194,99.0,13317.25,1.0,20279.68359375
354,1775578174.4654155,0.1335901841521263,479.0771148808341,99.0,13317.25,1.0,20279.8046875
355,1775578174.7321475,0.11824901588261127,541.2307199540196,100.0,13317.25,1.0,20280.171875
356,1775578174.999066,0.12173054367303848,525.7513691214627,99.0,13317.25,1.0,20279.80078125
357,1775578175.2660415,0.13087103702127934,489.03104504011645,99.0,13317.25,1.0,20280.5390625
358,1775578175.532992,0.11845997907221317,540.2668521576019,100.0,13317.25,1.0,20279.55078125
359,1775578175.799999,0.12175646796822548,525.6394265370932,99.0,13317.25,1.0,20279.42578125
360,1775578176.0669014,0.12137533165514469,527.2900113001442,99.0,13317.25,1.0,20280.0390625
361,1775578176.333763,0.1191382147371769,537.19119546307,100.0,13317.25,1.0,20279.9140625
362,1775578176.6010768,0.1295469757169485,494.02928664143985,99.0,13317.25,1.0,20280.03515625
363,1775578176.8676295,0.13195809349417686,485.0024602911093,99.0,13317.25,1.0,20280.15625
364,1775578177.1346023,0.11954380571842194,535.3686007851219,100.0,13317.25,1.0,20279.91015625
365,1775578177.4018416,0.1195564717054367,535.3118830545889,99.0,13317.25,1.0,20280.15234375
366,1775578177.668593,0.13302390277385712,481.1165412038849,99.0,13317.25,1.0,20280.02734375
367,1775578177.9355004,0.11836784519255161,540.6873792108809,100.0,13317.25,1.0,20280.39453125
368,1775578178.202537,0.12988862209022045,492.7298401514006,99.0,13317.25,1.0,20280.26953125
369,1775578178.4694197,0.12210922688245773,524.1209172637409,99.0,13317.25,1.0,20280.14453125
370,1775578178.7363815,0.1317196823656559,485.88030923377875,100.0,13317.25,1.0,20280.265625
371,1775578179.0035977,0.13297966867685318,481.27657886953375,99.0,13317.25,1.0,20279.89453125
372,1775578179.2704484,0.1180621013045311,542.0875902836717,99.0,13317.25,1.0,20280.140625
373,1775578179.5373409,0.12115845084190369,528.2338916953621,100.0,13317.25,1.0,20280.13671875
374,1775578179.804802,0.13094331696629524,488.76110276382855,99.0,13317.25,1.0,20280.01171875
375,1775578180.0717201,0.13424450159072876,476.74205827153213,99.0,13317.25,0.9,20279.88671875
376,1775578180.3388004,0.1330272424966097,481.10446250609976,100.0,13317.25,1.0,20280.0078125
377,1775578180.605943,0.11919334717094898,536.9427196990298,99.0,13317.25,1.0,20280.12890625
378,1775578180.8727367,0.13450373709201813,475.82321044519114,99.0,13317.25,1.0,20280.00390625
379,1775578181.1398964,0.13529369793832302,473.0449457385368,100.0,13317.25,1.0,20280.00390625
380,1775578181.4069264,0.13304773159325123,481.03037333743134,99.0,13317.25,1.0,20280.24609375
381,1775578181.673822,0.1338247638195753,478.2373469105152,99.0,13317.25,1.0,20279.875
382,1775578181.9410696,0.13350046053528786,479.3990952793982,100.0,13317.25,0.9,20279.99609375
383,1775578182.2080817,0.1309417076408863,488.7671098312156,99.0,13317.25,1.0,20280.36328125
384,1775578182.4750888,0.12248038314282894,522.5326567224012,99.0,13317.25,1.0,20279.9921875
385,1775578182.7422364,0.11976085789501667,534.3983094718886,100.0,13317.25,1.1,20279.8671875
386,1775578183.0091913,0.1241378616541624,515.5558436981828,99.0,13317.25,1.0,20279.7421875
387,1775578183.276253,0.13146981596946716,486.80375436794935,99.0,13317.25,1.0,20279.98828125
388,1775578183.5433426,0.13153588771820068,486.5592281333293,100.0,13317.25,1.0,20279.984375
389,1775578183.810397,0.13312089443206787,480.766000506851,99.0,13317.25,1.0,20279.61328125
390,1775578184.0775194,0.13088567927479744,488.9763368659344,99.0,13317.25,1.0,20279.734375
391,1775578184.3445594,0.12175721116364002,525.6362180798054,100.0,13317.25,1.0,20280.34765625
392,1775578184.6120813,0.13422122970223427,476.82471798226004,99.0,13317.25,1.0,20279.9765625
393,1775578184.8805795,0.13359127007424831,479.07322061111944,99.0,13317.25,1.0,20280.09765625
394,1775578185.1459486,0.10792071931064129,593.0279228011912,100.0,13317.25,1.0,20280.34375
395,1775578185.4131353,0.1323801800608635,483.45605792781953,99.0,13317.25,1.0,20280.33984375
396,1775578185.680107,0.1295323446393013,494.0850887723514,99.0,13317.25,1.0,20279.72265625
397,1775578185.9471254,0.11886313557624817,538.4343908624669,100.0,13317.25,1.0,20279.59765625
398,1775578186.2141795,0.13557381182909012,472.06757069485525,99.0,13317.25,1.0,20279.47265625
399,1775578186.4813056,0.11595079861581326,551.9582509479304,99.0,13317.25,1.0,20280.0859375
400,1775578186.7482085,0.13403617590665817,477.48303446503235,100.0,13317.25,1.0,20280.20703125
401,1775578187.0153718,0.13249207474291325,483.04776058632325,99.0,13317.25,1.0,20280.08203125
402,1775578187.2823849,0.12373310327529907,517.2423410217366,99.0,13317.25,1.4,20280.08203125
403,1775578187.5493379,0.13028737530112267,491.2218075779175,100.0,13317.25,1.0,20280.3203125
404,1775578187.816371,0.12128817103803158,527.6689346723838,99.0,13317.25,1.0,20279.703125
405,1775578188.0834398,0.11968393623828888,534.741770796851,99.0,13317.25,1.0,20279.578125
406,1775578188.3503797,0.12135550379753113,527.3761633982193,100.0,13317.25,1.0,20279.9453125
407,1775578188.6175058,0.1325453706085682,482.8535293699863,99.0,13317.25,1.0,20279.8203125
408,1775578188.884525,0.11912917718291283,537.2319486579966,100.0,13317.25,1.0,20280.1875
409,1775578189.1514626,0.1212238222360611,527.94903525952,100.0,13317.25,1.0,20280.1875
410,1775578189.4185102,0.12232498824596405,523.1964532979351,99.0,13317.25,1.0,20280.18359375
411,1775578189.685458,0.12263625487685204,521.8685132244706,100.0,13317.25,1.0,20280.05859375
412,1775578189.952536,0.13176082074642181,485.7286076197884,99.0,13317.25,1.0,20279.93359375
413,1775578190.2199168,0.12257660366594791,522.1224775848424,99.0,13317.25,1.0,20279.5625
414,1775578190.486778,0.11756768077611923,544.3672919079978,100.0,13317.25,1.0,20279.9296875
415,1775578190.7538626,0.11837586760520935,540.650736461285,99.0,13317.25,0.9,20279.8046875
416,1775578191.0209124,0.12859792821109295,497.6752027835493,99.0,13317.25,1.0,20280.05078125
417,1775578191.2878091,0.12046563997864723,531.2718216691841,100.0,13317.25,1.0,20280.171875
418,1775578191.5549064,0.11950080469250679,535.561247178891,99.0,13317.25,1.0,20279.67578125
419,1775578191.8219452,0.1195665430277586,535.2667926941882,99.0,13317.25,1.0,20279.55078125
420,1775578192.0889719,0.13236030004918575,483.5286711817462,100.0,13317.25,1.0,20279.91796875
421,1775578192.3560379,0.13272199966013432,482.21093838163193,99.0,13317.25,1.0,20279.79296875
422,1775578192.6232162,0.12243668176233768,522.7191645411515,99.0,13317.25,1.1,20281.63671875
423,1775578192.8899088,0.1201669443398714,532.592389292908,100.0,13317.25,1.0,20281.51171875
424,1775578193.1570225,0.12116373889148235,528.2108375453831,99.0,13317.25,1.0,20281.140625
425,1775578193.4240644,0.11943021416664124,535.8777964736852,99.0,13317.25,1.0,20281.7265625
426,1775578193.6910422,0.12883826717734337,496.74682376708193,100.0,13317.25,1.0,20281.84765625
427,1775578193.958083,0.12026199884712696,532.1714308220892,99.0,13317.25,1.0,20282.33984375
428,1775578194.2250667,0.12415294721722603,515.4931995937354,99.0,13317.25,1.0,20282.70703125
429,1775578194.492117,0.12210485711693764,524.139673974708,100.0,13317.25,1.0,20281.8671875
430,1775578194.759264,0.13239286094903946,483.4097514112549,99.0,13317.25,1.0,20281.98828125
431,1775578195.0264173,0.12157734856009483,526.4138489446103,99.0,13317.25,1.0,20282.109375
432,1775578195.293484,0.12132416479289532,527.5123888901298,100.0,13317.25,1.0,20281.73828125
433,1775578195.5606701,0.12837748788297176,498.52977383653166,99.0,13317.25,1.0,20281.859375
434,1775578195.8278236,0.1321246176958084,484.39118399076636,99.0,13317.25,1.0,20281.48828125
435,1775578196.0949862,0.1320237759500742,484.7611692624372,100.0,13317.25,1.0,20281.98046875
436,1775578196.3621104,0.12981652095913887,493.00350623434656,99.0,13317.25,1.0,20282.22265625
437,1775578196.629135,0.13182618096470833,485.48778043667727,99.0,13317.25,1.0,20282.09765625
438,1775578196.8962996,0.12106824852526188,528.6274541804896,100.0,13317.25,1.0,20281.97265625
439,1775578197.1633122,0.13302565924823284,481.1101885281594,99.0,13317.25,1.0,20281.6015625
440,1775578197.4302871,0.11739136837422848,545.184887835844,99.0,13317.25,1.0,20281.96875
441,1775578197.6974568,0.1315731555223465,486.42141131235684,100.0,13317.25,1.0,20281.59765625
442,1775578197.9644449,0.12206890620291233,524.294040069584,99.0,13317.25,1.0,20282.3359375
443,1775578198.2315807,0.1314985677599907,486.69731610166195,99.0,13317.25,1.0,20282.2109375
444,1775578198.4987369,0.12094399705529213,529.1705380858302,100.0,13317.25,1.0,20281.6953125
445,1775578198.7656953,0.11922238022089005,536.8119633362761,99.0,13317.25,1.0,20281.81640625
446,1775578199.032856,0.11962179467082024,535.0195604080144,99.0,13317.25,1.0,20281.9375
447,1775578199.2999697,0.11786617897450924,542.988672041716,100.0,13317.25,1.0,20281.56640625
448,1775578199.567166,0.13318930380046368,480.51906702569005,99.0,13317.25,1.0,20282.671875
449,1775578199.8344762,0.13104068860411644,488.3979219107182,99.0,13317.25,1.0,20282.79296875
450,1775578200.101477,0.13422973081469536,476.7945194522683,100.0,13317.25,0.9,20283.0390625
451,1775578200.3687212,0.11978337727487087,534.2978421215915,99.0,13317.25,1.0,20283.27734375
452,1775578200.635649,0.11923699826002121,536.7461520662791,99.0,13317.25,1.0,20283.15234375
453,1775578200.902737,0.12987599149346352,492.777758722412,100.0,13317.25,1.0,20283.2734375
454,1775578201.1697905,0.13192903250455856,485.1092953917372,99.0,13317.25,1.0,20283.1484375
455,1775578201.436984,0.1330998744815588,480.8419260295193,99.0,13317.25,1.0,20283.26953125
456,1775578201.7038994,0.13328991644084454,480.15635172525504,100.0,13317.25,1.0,20283.63671875
457,1775578201.9710727,0.13400866650044918,477.5810525641301,99.0,13317.25,1.0,20283.8828125
458,1775578202.2389035,0.1334632709622383,479.5326799543821,99.0,13317.25,1.0,20283.7578125
459,1775578202.5057657,0.13290934264659882,481.53123569479766,100.0,13317.25,1.0,20283.26171875
460,1775578202.7728589,0.11873603239655495,539.0107679044944,99.0,13317.25,1.0,20282.890625
461,1775578203.0398958,0.12628068402409554,506.80751767062173,99.0,13317.25,0.9,20283.2578125
462,1775578203.307071,0.13149671629071236,486.7041687832652,100.0,13317.25,1.0,20283.1328125
463,1775578203.5742574,0.11845311895012856,540.2981413004874,99.0,13317.25,1.0,20283.0078125
464,1775578203.8414397,0.13469034992158413,475.16395968427133,99.0,13317.25,0.9,20283.62109375
465,1775578204.1085253,0.12958956509828568,493.86692479027886,100.0,13317.25,1.0,20283.8671875
466,1775578204.3758242,0.13080830685794353,489.265563765024,99.0,13317.25,1.0,20283.37109375
467,1775578204.6428444,0.1338224746286869,478.2455277230437,99.0,13317.25,1.0,20283.4921875
468,1775578204.9099643,0.12768963538110256,501.21530857994514,100.0,13317.25,1.0,20283.3671875
469,1775578205.1771188,0.13395840488374233,477.7602424838015,99.0,13317.25,1.0,20283.2421875
470,1775578205.4442096,0.1320373173803091,484.71145332088065,99.0,13317.25,1.0,20283.36328125
471,1775578205.711354,0.12048129923641682,531.2027709330619,100.0,13317.25,1.0,20283.23828125
472,1775578205.978476,0.12625839188694954,506.8969994272138,99.0,13317.25,1.0,20283.484375
473,1775578206.2457452,0.13310014083981514,480.8409637749628,99.0,13317.25,1.0,20284.09765625
474,1775578206.5128276,0.13230177946388721,483.74254873472273,100.0,13317.25,1.0,20282.86328125
475,1775578206.780003,0.13393817655742168,477.83239734163516,99.0,13317.25,1.0,20282.984375
476,1775578207.047221,0.12403520755469799,515.9825283621732,99.0,13317.25,0.9,20283.10546875
477,1775578207.3143432,0.12187031283974648,525.1484016797174,100.0,13317.25,1.0,20282.98046875
478,1775578207.581365,0.12044217996299267,531.3753040642803,99.0,13317.25,1.0,20283.34765625
479,1775578207.8485808,0.128352465108037,498.62696400984464,99.0,13317.25,1.0,20283.28515625
480,1775578208.1157842,0.13073360361158848,489.5451378372845,100.0,13317.25,1.0,20283.58984375
481,1775578208.3829215,0.13062738440930843,489.94320975961756,99.0,13317.25,1.0,20283.7109375
482,1775578208.6501527,0.13090152107179165,488.9171605950998,99.0,13317.25,0.9,20283.83203125
483,1775578208.9172053,0.13257793337106705,482.7349346355624,100.0,13317.25,1.0,20283.953125
484,1775578209.1847036,0.1342821829020977,476.6082783049561,99.0,13317.25,1.0,20284.07421875
485,1775578209.4519775,0.12920490093529224,495.3372475557422,99.0,13317.25,1.0,20283.94921875
486,1775578209.718982,0.12337463535368443,518.7452008796452,100.0,13317.25,0.9,20284.0703125
487,1775578209.986197,0.13443483598530293,476.06708135528794,99.0,13317.25,1.0,20284.31640625
488,1775578210.2533824,0.13429049216210842,476.5787880406497,99.0,13317.25,1.0,20284.19140625
489,1775578210.5204408,0.12161964736878872,526.2307643923027,100.0,13317.25,1.0,20284.1875
490,1775578210.7875829,0.13425235077738762,476.71418511041554,99.0,13317.25,1.0,20283.81640625
491,1775578211.0548244,0.11864071898162365,539.4437976215654,99.0,13317.25,1.0,20284.18359375
492,1775578211.3220181,0.1324400193989277,483.23762175859497,100.0,13317.25,1.0,20284.3046875
493,1775578211.5892503,0.11458930559456348,558.5163438064885,99.0,13317.25,1.0,20283.93359375
494,1775578211.8563533,0.11922824010252953,536.7855798673504,99.0,13317.25,1.0,20283.80859375
495,1775578212.1235816,0.12527119740843773,510.8915802196143,100.0,13317.25,0.9,20284.30078125
496,1775578212.3908947,0.12102696858346462,528.807758709277,99.0,13317.25,1.0,20284.05078125
497,1775578212.6579504,0.12301965989172459,520.2420495742666,99.0,13317.25,1.1,20284.171875
498,1775578212.9249938,0.13172607123851776,485.856743454487,100.0,13317.25,1.0,20284.046875
499,1775578213.1922104,0.13395021483302116,477.7894539383959,99.0,13317.25,1.0,20284.16796875
500,1775578213.4593892,0.12217696756124496,523.8303198834758,99.0,13317.25,1.0,20284.02734375
501,1775578213.7265682,0.1211142186075449,528.4268084772424,100.0,13317.25,1.0,20283.90234375
502,1775578213.993721,0.12210510671138763,524.1386025833701,99.0,13317.25,1.0,20284.39453125
503,1775578214.261206,0.12117687240242958,528.153588478958,99.0,13317.25,1.0,20284.26953125
504,1775578214.528355,0.11600328795611858,551.7085000574273,100.0,13317.25,1.0,20284.01953125
505,1775578214.7954204,0.1300103645771742,492.26844496701324,99.0,13317.25,1.0,20283.89453125
506,1775578215.0626307,0.11863265931606293,539.4804463540704,99.0,13317.25,1.0,20283.76953125
507,1775578215.3297985,0.11906856670975685,537.5054203516808,100.0,13317.25,1.0,20283.890625
508,1775578215.596822,0.12354831025004387,518.0159880007527,99.0,13317.25,1.0,20283.765625
509,1775578215.864024,0.12155192717909813,526.5239431843853,99.0,13317.25,0.9,20283.640625
510,1775578216.1312716,0.12055226974189281,530.8900457621124,100.0,13317.25,1.0,20284.1328125
511,1775578216.3982828,0.11563789285719395,553.4518004322015,99.0,13317.25,1.0,20284.375
512,1775578216.6653955,0.13027729839086533,491.259803438536,99.0,13317.25,1.0,20284.25
513,1775578216.932604,0.13155884854495525,486.4743094656261,100.0,13317.25,1.0,20283.140625
514,1775578217.199748,0.13145199976861477,486.86973277435465,99.0,13317.25,1.0,20283.015625
515,1775578217.4672124,0.1308770887553692,489.00843232864486,99.0,13317.25,1.0,20282.890625
516,1775578217.7342024,0.13275516778230667,482.0904607265299,100.0,13317.25,1.0,20282.765625
517,1775578218.001351,0.12390013597905636,516.5450343881652,99.0,13317.25,1.0,20282.51953125
518,1775578218.268708,0.13483543880283833,474.6526622988435,99.0,13317.25,0.9,20282.640625
519,1775578218.5357656,0.12150931917130947,526.7085721200514,100.0,13317.25,1.0,20283.12890625
520,1775578218.802828,0.11952595226466656,535.4485681760951,99.0,13317.25,1.0,20282.7578125
521,1775578219.0701106,0.134175980463624,476.98552139405325,99.0,13317.25,1.0,20282.6328125
522,1775578219.3371353,0.12207126431167126,524.2839120318748,100.0,13317.25,1.0,20282.75390625
523,1775578219.6043594,0.13035873882472515,490.9528933541747,99.0,13317.25,1.0,20282.875
524,1775578219.8716054,0.12105116806924343,528.7020441090734,99.0,13317.25,0.9,20282.50390625
525,1775578220.1386888,0.12325676344335079,519.2412830912489,100.0,13317.25,1.0,20284.2265625
526,1775578220.4059176,0.1318370122462511,485.447894408119,99.0,13317.25,1.0,20284.21875
527,1775578220.6730669,0.12220463901758194,523.7117061553787,99.0,13317.25,1.0,20284.09375
528,1775578220.940243,0.11921459995210171,536.8469971439241,100.0,13317.25,1.0,20284.4609375
529,1775578221.207486,0.13032362796366215,491.0851623762729,99.0,13317.25,1.0,20284.3359375
530,1775578221.4745781,0.1312879826873541,487.4779754397476,100.0,13317.25,1.0,20284.2109375
531,1775578221.7416418,0.11762120388448238,544.1195795177832,100.0,13317.25,1.0,20284.0859375
532,1775578222.008937,0.13301494903862476,481.14892696320726,99.0,13317.25,1.0,20284.82421875
533,1775578222.2761517,0.12137144431471825,527.3068995870799,100.0,13317.25,1.0,20284.453125
534,1775578222.5436301,0.1322601791471243,483.8947021900472,99.0,13317.25,1.1,20284.203125
535,1775578222.8107057,0.1309506967663765,488.7335583573079,99.0,13317.25,1.0,20284.078125
536,1775578223.0778716,0.12952709570527077,494.1051109925851,100.0,13317.25,1.0,20283.953125
537,1775578223.345034,0.1206428725272417,530.4913473901951,99.0,13317.25,1.3,20287.21484375
538,1775578223.6120696,0.11843540892004967,540.3789338305361,99.0,13317.25,1.0,20287.078125
539,1775578223.879337,0.13330968655645847,480.0851434970191,100.0,13317.25,1.0,20286.4609375
540,1775578224.1465218,0.11998833157122135,533.3851980599595,99.0,13317.25,1.0,20287.4453125
541,1775578224.4136548,0.1343738939613104,476.2829900458731,99.0,13317.25,1.0,20286.57421875
542,1775578224.6807246,0.13300343230366707,481.1905895321428,100.0,13317.25,0.9,20286.6953125
543,1775578224.9479342,0.12381572276353836,516.897196668846,99.0,13317.25,1.0,20286.5703125
544,1775578225.2151096,0.13384060747921467,478.18073457219737,99.0,13317.25,1.0,20286.4453125
545,1775578225.4823284,0.13137269392609596,487.1636417534633,100.0,13317.25,1.0,20286.56640625
546,1775578225.7494926,0.13225378841161728,483.9180848325566,99.0,13317.25,1.0,20286.44140625
547,1775578226.0166736,0.13302608206868172,481.1086593301051,99.0,13317.25,1.0,20286.93359375
548,1775578226.2839544,0.13049199245870113,490.4515502761987,100.0,13317.25,1.0,20287.546875
549,1775578226.5511801,0.12230910733342171,523.2643864003708,99.0,13317.25,1.0,20286.8046875
550,1775578226.8182974,0.1317930519580841,485.6098181894655,99.0,13317.25,1.0,20286.6796875
551,1775578227.0856128,0.13370614312589169,478.6616269361721,100.0,13317.25,1.0,20286.80078125
552,1775578227.352729,0.13222824968397617,484.01154936981453,99.0,13317.25,1.0,20286.921875
553,1775578227.619767,0.12151986546814442,526.6628608700785,99.0,13317.25,1.0,20286.796875
554,1775578227.8870828,0.13340812735259533,479.7308924879001,100.0,13317.25,1.0,20286.671875
555,1775578228.1541467,0.1337986048310995,478.3308471772954,99.0,13317.25,1.0,20286.546875
556,1775578228.421351,0.12158623524010181,526.3753736071877,99.0,13317.25,1.0,20286.9140625
557,1775578228.6886547,0.13183290138840675,485.46303180753705,100.0,13317.25,1.0,20287.03515625
558,1775578228.9557438,0.13096677884459496,488.67354427295135,99.0,13317.25,1.0,20287.03515625
559,1775578229.2228963,0.11960675567388535,535.086832172755,99.0,13317.25,1.0,20287.15625
560,1775578229.4902298,0.11804007180035114,542.1887586467024,100.0,13317.25,1.0,20286.90625
561,1775578229.7574067,0.13128961436450481,487.4719170269945,99.0,13317.25,1.0,20286.53515625
562,1775578230.0246108,0.13396860286593437,477.7238743323042,99.0,13317.25,1.0,20286.07421875
563,1775578230.291782,0.12024005688726902,532.2685439179653,100.0,13317.25,0.9,20285.703125
564,1775578230.559005,0.13539502955973148,472.690911978903,99.0,13317.25,1.0,20286.31640625
565,1775578230.8262815,0.12037230655550957,531.6837554366084,99.0,13317.25,1.0,20286.19140625
566,1775578231.0936878,0.1329516489058733,481.3780086722394,100.0,13317.25,1.0,20286.9296875
567,1775578231.3607836,0.13399283960461617,477.6374632319916,99.0,13317.25,1.0,20286.1875
568,1775578231.6278677,0.1304569412022829,490.5833251199979,99.0,13317.25,1.0,20286.30859375
569,1775578231.8950896,0.11907388642430305,537.481406896765,100.0,13317.25,1.0,20287.66015625
570,1775578232.1622791,0.12343915738165379,518.4740511645135,99.0,13317.25,1.0,20288.0234375
571,1775578232.429587,0.1340393591672182,477.4716948635814,99.0,13317.25,0.9,20287.8984375
572,1775578232.6968946,0.12091556563973427,529.2949643115994,100.0,13317.25,1.1,20287.52734375
573,1775578232.9642935,0.12895169667899609,496.30987143439773,99.0,13317.25,1.0,20288.265625
574,1775578233.2314975,0.13514265604317188,473.5736433917277,99.0,13317.25,1.0,20288.6328125
575,1775578233.4987702,0.1316925287246704,485.98049274157995,100.0,13317.25,1.0,20288.13671875
576,1775578233.7658007,0.12010720185935497,532.8573058836532,99.0,13317.25,1.0,20288.01171875
577,1775578234.0327702,0.13099176809191704,488.58032021593255,99.0,13317.25,1.0,20288.1328125
578,1775578234.2999797,0.12120052985846996,528.0504967654432,100.0,13317.25,0.9,20288.25390625
579,1775578234.5674186,0.11800776794552803,542.3371792740134,99.0,13317.25,1.0,20287.63671875
580,1775578234.8345754,0.13249887339770794,483.02297490408034,99.0,13317.25,1.0,20288.00390625
581,1775578235.1018412,0.11862656101584435,539.5081797191427,100.0,13317.25,1.0,20288.00390625
582,1775578235.3688726,0.11826666444540024,541.1499537940098,99.0,13317.25,1.0,20288.0
583,1775578235.6361237,0.13397636823356152,477.6961851095154,99.0,13317.25,1.0,20288.12109375
584,1775578235.9034758,0.11784006655216217,543.108994016651,100.0,13317.25,1.0,20287.75
585,1775578236.1707082,0.13349372893571854,479.4232696190398,99.0,13317.25,1.0,20287.625
586,1775578236.437787,0.12387851253151894,516.6351992135537,99.0,13317.25,1.0,20287.74609375
587,1775578236.7050776,0.1285504698753357,497.8589347986455,100.0,13317.25,1.0,20287.8671875
588,1775578236.972195,0.13490726053714752,474.39996739372833,99.0,13317.25,0.9,20288.11328125
589,1775578237.239415,0.1286768987774849,497.36977350279705,99.0,13317.25,1.0,20287.98828125
590,1775578237.506861,0.13238845206797123,483.4258502179703,100.0,13317.25,1.0,20287.984375
591,1775578237.773941,0.13344573602080345,479.59569116560425,99.0,13317.25,1.0,20287.859375
592,1775578238.041212,0.13066136464476585,489.8157934749824,99.0,13317.25,1.0,20287.734375
593,1775578238.3088436,0.11685582995414734,547.6834148977654,100.0,13317.25,1.0,20288.1015625
594,1775578238.5759058,0.13227633014321327,483.835618441397,99.0,13317.25,1.0,20287.9765625
595,1775578238.8432753,0.13100451976060867,488.53276296841136,99.0,13317.25,1.0,20287.359375
596,1775578239.1103911,0.12115293182432652,528.2579549358402,100.0,13317.25,1.0,20287.8515625
597,1775578239.37782,0.13250802271068096,482.9896235018018,99.0,13317.25,1.0,20288.09375
598,1775578239.6449704,0.13338728807866573,479.8058414851026,99.0,13317.25,0.9,20287.96875
599,1775578239.9121413,0.11735237948596478,545.3660188258418,100.0,13317.25,1.0,20287.84375
600,1775578240.1793191,0.1221780963242054,523.8254803886692,99.0,13317.25,1.0,20287.71875
601,1775578240.4465613,0.1348317414522171,474.66567820516434,99.0,13317.25,1.0,20288.0859375
602,1775578240.7138252,0.12044944800436497,531.3432403416303,100.0,13317.25,1.0,20287.71484375
603,1775578240.9810648,0.1311382707208395,488.0344970862088,99.0,13317.25,1.0,20287.46875
604,1775578241.2481847,0.1309755314141512,488.6408881795547,99.0,13317.25,1.0,20287.8359375
605,1775578241.5155423,0.12373797968029976,517.2219569557866,100.0,13317.25,1.0,20287.5859375
606,1775578241.782839,0.13346546702086926,479.52478965958045,99.0,13317.25,1.0,20287.953125
607,1775578242.04994,0.1208154447376728,529.7335960560632,99.0,13317.25,1.0,20288.3203125
608,1775578242.3171754,0.1324814334511757,483.0865603789407,100.0,13317.25,1.0,20287.703125
609,1775578242.5844228,0.1353259589523077,472.9321742516173,99.0,13317.25,1.0,20287.82421875
610,1775578242.8516343,0.11864184029400349,539.4386992093442,99.0,13317.25,1.0,20287.69921875
611,1775578243.1190434,0.1320855375379324,484.5345008466233,100.0,13317.25,1.0,20288.4375
612,1775578243.3863199,0.12293305993080139,520.6085330994396,99.0,13317.25,1.0,20287.6953125
613,1775578243.6534739,0.12051349878311157,531.0608408704568,99.0,13317.25,1.0,20287.81640625
614,1775578243.9207404,0.1322027575224638,484.10487950015084,100.0,13317.25,1.0,20287.9375
615,1775578244.1879725,0.13325837440788746,480.27000392563616,99.0,13317.25,1.0,20287.8125
616,1775578244.4552195,0.13041123189032078,490.7552752344649,99.0,13317.25,1.0,20287.93359375
617,1775578244.722659,0.12172381021082401,525.7804523959023,100.0,13317.25,1.0,20287.80859375
618,1775578244.9901593,0.13392513617873192,477.87892419678246,99.0,13317.25,1.0,20288.0546875
619,1775578245.2573977,0.1340433694422245,477.4574099883795,99.0,13317.25,0.9,20288.421875
620,1775578245.5247688,0.1323720496147871,483.485752364226,100.0,13317.25,1.0,20287.92578125
621,1775578245.791861,0.1191109586507082,537.3141205896883,99.0,13317.25,1.0,20287.80078125
622,1775578246.059096,0.12569192424416542,509.18147991493464,99.0,13317.25,1.0,20287.921875
623,1775578246.3262956,0.11825090646743774,541.2220668060876,100.0,13317.25,1.0,20287.3046875
624,1775578246.5934207,0.13293851166963577,481.4255793614253,99.0,13317.25,1.0,20287.91796875
625,1775578246.8607838,0.13407896645367146,477.33064844375895,99.0,13317.25,0.9,20280.96484375
626,1775578247.1279852,0.13361008279025555,479.0057656087887,100.0,13317.25,1.0,20280.53125
627,1775578247.3952034,0.1314301285892725,486.9507523651907,99.0,13317.25,1.0,20281.14453125
628,1775578247.6625063,0.1219171341508627,524.9467225895019,99.0,13317.25,1.0,20280.7734375
629,1775578247.9296966,0.11504964344203472,556.2816023175684,100.0,13317.25,1.0,20281.265625
630,1775578248.1969225,0.13222895935177803,484.00895169821524,99.0,13317.25,1.0,20280.40234375
631,1775578248.4641998,0.12361754290759563,517.7258704117759,99.0,13317.25,1.0,20280.890625
632,1775578248.7314186,0.13226420991122723,483.87995545397627,100.0,13317.25,1.0,20280.765625
633,1775578248.9987364,0.12027191929519176,532.1275354633723,99.0,13317.25,1.0,20280.88671875
634,1775578249.2658608,0.12228256650269032,523.3779583665505,99.0,13317.25,1.0,20280.76171875
635,1775578249.532996,0.13276820816099644,482.0431102180183,100.0,13317.25,1.0,20280.63671875
636,1775578249.8002708,0.11896348558366299,537.9802019586167,99.0,13317.25,1.0,20280.51171875
637,1775578250.0674658,0.13287707045674324,481.6481864027439,100.0,13317.25,1.0,20281.125
638,1775578250.3346465,0.12082642689347267,529.6854475091444,99.0,13317.25,1.0,20280.5078125
639,1775578250.601911,0.13244958221912384,483.2027321469294,99.0,13317.25,1.0,20280.62890625
640,1775578250.8690317,0.13180736266076565,485.557094141377,100.0,13317.25,1.0,20280.75
641,1775578251.1362813,0.12064598500728607,530.477661532913,99.0,13317.25,1.0,20281.48828125
642,1775578251.4038117,0.1356302760541439,471.8710442973003,99.0,13317.25,1.0,20280.9921875
643,1775578251.6707988,0.1328588966280222,481.7140712765886,100.0,13317.25,1.0,20280.8671875
644,1775578251.9381402,0.12202639319002628,524.4766998917655,99.0,13317.25,1.0,20280.25
645,1775578252.2053428,0.11987782083451748,533.8769052896557,99.0,13317.25,1.0,20280.86328125
646,1775578252.472643,0.13345462083816528,479.5637618094173,100.0,13317.25,0.9,20280.73828125
647,1775578252.7401612,0.12154198624193668,526.5670076561372,99.0,13317.25,1.1,20280.61328125
648,1775578253.0073197,0.12394016608595848,516.3782010394671,99.0,13317.25,1.0,20280.734375
649,1775578253.274518,0.12250771187245846,522.4160913774126,100.0,13317.25,1.0,20281.2265625
650,1775578253.5419183,0.12319421581923962,519.504909986244,99.0,13317.25,1.0,20280.484375
651,1775578253.8090568,0.12177269905805588,525.5693640286943,99.0,13317.25,1.0,20280.359375
652,1775578254.0763063,0.13389577716588974,477.9837075870392,100.0,13317.25,0.9,20280.234375
653,1775578254.3435302,0.12008598260581493,532.951462037676,99.0,13317.25,1.0,20280.35546875
654,1775578254.6107512,0.11874066106975079,538.9897565283475,99.0,13317.25,1.0,20280.71875
655,1775578254.8781164,0.13044588267803192,490.62491422566063,100.0,13317.25,1.0,20280.83984375
656,1775578255.1453402,0.11933490075170994,536.305804897424,99.0,13317.25,1.0,20280.83984375
657,1775578255.412506,0.12157654762268066,526.4173169205909,99.0,13317.25,1.0,20280.8359375
658,1775578255.6797926,0.131798742339015,485.5888520952506,100.0,13317.25,1.0,20280.7109375
659,1775578255.9473898,0.1241447888314724,515.5270761053091,99.0,13317.25,1.0,20280.33984375
660,1775578256.2147286,0.12627478502690792,506.8311934671853,99.0,13317.25,1.0,20280.21484375
661,1775578256.4820583,0.13400980830192566,477.5769834384604,100.0,13317.25,0.9,20280.828125
662,1775578256.7493432,0.11855392716825008,539.8387175244907,99.0,13317.25,1.0,20281.1953125
663,1775578257.0166416,0.13081869669258595,489.22670549451476,99.0,13317.25,1.0,20281.1328125
664,1775578257.2837405,0.13168954849243164,485.99149084088594,100.0,13317.25,1.0,20280.9453125
665,1775578257.5510488,0.1321136187762022,484.43151124650296,99.0,13317.25,1.0,20280.8203125
666,1775578257.8183765,0.12158814445137978,526.3671083128676,99.0,13317.25,1.0,20280.203125
667,1775578258.0854297,0.12488733977079391,512.4618725761906,100.0,13317.25,1.0,20280.6953125
668,1775578258.3526356,0.11884667165577412,538.5089805911329,99.0,13317.25,1.0,20280.9375
669,1775578258.6198478,0.12980905920267105,493.03184533582294,99.0,13317.25,1.0,20280.8125
670,1775578258.8871572,0.1297348104417324,493.31401327128174,100.0,13317.25,1.0,20280.93359375
671,1775578259.1543903,0.12137794494628906,527.278658641985,99.0,13317.25,1.0,20280.80859375
672,1775578259.4215732,0.132906349375844,481.54208057446,99.0,13317.25,1.0,20280.9296875
673,1775578259.6887634,0.11792987212538719,542.6954074193598,100.0,13317.25,1.0,20280.8046875
674,1775578259.9561515,0.12309679016470909,519.9160751012687,99.0,13317.25,1.0,20280.1875
675,1775578260.2234962,0.13523467630147934,473.25140082654895,99.0,13317.25,1.0,20280.92578125
676,1775578260.4907458,0.13256821408867836,482.77032650668974,100.0,13317.25,1.0,20280.921875
677,1775578260.75834,0.12045876681804657,531.3021350838851,99.0,13317.25,1.0,20280.55078125
678,1775578261.025329,0.1315012276172638,486.68747174188303,99.0,13317.25,1.0,20280.671875
679,1775578261.292589,0.12263819575309753,521.86025411568,100.0,13317.25,1.0,20280.546875
680,1775578261.559858,0.12374715134501457,517.1836224460967,99.0,13317.25,1.0,20280.66796875
681,1775578261.8271685,0.12000012211501598,533.3327906004813,99.0,13317.25,1.0,20280.54296875
682,1775578262.094584,0.1337344739586115,478.56022538965453,100.0,13317.25,1.0,20281.03515625
683,1775578262.3615925,0.11973000131547451,534.536033549081,99.0,13317.25,1.0,20281.03125
684,1775578262.6287374,0.12457237392663956,513.7575690553147,99.0,13317.25,1.1,20280.90625
685,1775578262.89606,0.1160291563719511,551.5854980004954,100.0,13317.25,1.0,20280.53515625
686,1775578263.1633492,0.12116684019565582,528.1973178194226,99.0,13317.25,1.0,20280.90234375
687,1775578263.4306483,0.13024694472551346,491.3742900831619,99.0,13317.25,1.0,20280.28515625
688,1775578263.6982975,0.13080685585737228,489.2709910387541,100.0,13317.25,1.0,20280.40625
689,1775578263.9653616,0.13285068795084953,481.74383578410925,99.0,13317.25,1.0,20281.01953125
690,1775578264.232681,0.12809505499899387,499.62896694570054,99.0,13317.25,1.0,20281.265625
691,1775578264.4998782,0.11924983933568001,536.68835410205,100.0,13317.25,1.3,20281.00390625
692,1775578264.767411,0.12032036855816841,531.9132642870808,99.0,13317.25,1.0,20280.87890625
693,1775578265.034459,0.1222350187599659,523.5815452008677,99.0,13317.25,1.1,20280.5078125
694,1775578265.3016684,0.12097585946321487,529.0311660853336,100.0,13317.25,1.0,20280.875
695,1775578265.5692255,0.12387783452868462,516.6380268390988,99.0,13317.25,1.0,20280.8046875
696,1775578265.836426,0.13148260489106178,486.7564044158265,99.0,13317.25,1.0,20281.171875
697,1775578266.103556,0.12109686061739922,528.5025530282365,100.0,13317.25,1.0,20280.6796875
698,1775578266.3706818,0.11931198090314865,536.4088293190935,99.0,13317.25,1.0,20280.921875
699,1775578266.6378565,0.11894955299794674,538.0432156908125,99.0,13317.25,1.0,20281.04296875
700,1775578266.9050617,0.13240648061037064,483.36002667672483,100.0,13317.25,1.0,20281.1640625
701,1775578267.172318,0.1181216798722744,541.8141705163991,99.0,13317.25,1.0,20280.79296875
702,1775578267.4396107,0.131398756057024,487.0670158568738,99.0,13317.25,1.0,20280.9140625
703,1775578267.7068086,0.1308290045708418,489.18815984222397,100.0,13317.25,1.0,20280.7890625
704,1775578267.974052,0.12065226398408413,530.450054451051,99.0,13317.25,1.0,20281.15625
705,1775578268.2411966,0.13066735491156578,489.79333853749847,99.0,13317.25,1.0,20280.6640625
706,1775578268.5085306,0.13243874348700047,483.24227725916114,100.0,13317.25,1.0,20280.66015625
707,1775578268.7759151,0.13429913483560085,476.5481183355656,99.0,13317.25,1.0,20280.53515625
708,1775578269.0430796,0.12340381927788258,518.6225221756212,99.0,13317.25,1.0,20280.90234375
709,1775578269.310315,0.13032118044793606,491.0943852719958,100.0,13317.25,1.0,20281.0234375
710,1775578269.5775769,0.12000586465001106,533.307269495967,99.0,13317.25,1.0,20280.8984375
711,1775578269.8448427,0.12065154314041138,530.4532236733875,99.0,13317.25,1.0,20280.7734375
712,1775578270.1122696,0.13232863880693913,483.64436131903994,100.0,13317.25,1.0,20280.7734375
713,1775578270.3797739,0.13265497609972954,482.4545741268313,99.0,13317.25,1.0,20280.76953125
714,1775578270.6467497,0.12176316790282726,525.6105035890247,99.0,13317.25,1.0,20280.64453125
715,1775578270.914007,0.11695768125355244,547.2064708708996,100.0,13317.25,1.0,20280.51953125
716,1775578271.1812243,0.1335200071334839,479.32891387593554,99.0,13317.25,0.9,20280.640625
717,1775578271.4484797,0.13507837615907192,473.79900336255065,99.0,13317.25,1.0,20280.96484375
718,1775578271.7156808,0.1203899197280407,531.6059695410977,100.0,13317.25,1.0,20280.83984375
719,1775578271.9829328,0.12194989435374737,524.805702695825,99.0,13317.25,1.0,20280.71484375
720,1775578272.2503057,0.1333246286958456,480.03133874089866,99.0,13317.25,1.0,20281.20703125
721,1775578272.517431,0.11938386224210262,536.0858561453826,100.0,13317.25,1.0,20280.7109375
722,1775578272.784766,0.13224517740309238,483.94959466025443,99.0,13317.25,1.0,20280.5859375
723,1775578273.052016,0.13383930549025536,478.18538631508176,99.0,13317.25,1.0,20280.953125
724,1775578273.3192463,0.13176043145358562,485.7300427294431,100.0,13317.25,1.0,20280.828125
725,1775578273.5864255,0.1331276148557663,480.74173092742,99.0,13317.25,1.0,20280.45703125
726,1775578273.853867,0.13408228941261768,477.31881876695746,99.0,13317.25,1.0,20280.578125
727,1775578274.1210976,0.1334382500499487,479.62259678947737,100.0,13317.25,0.9,20281.31640625
728,1775578274.3884735,0.11936314962804317,536.1788809983265,99.0,13317.25,1.0,20280.57421875
729,1775578274.6557136,0.12408111803233624,515.7916128973084,99.0,13317.25,1.0,20280.6953125
730,1775578274.9229383,0.12271498702466488,521.5336899896053,100.0,13317.25,1.0,20280.81640625
731,1775578275.1902425,0.11835142597556114,540.7623902496588,99.0,13317.25,1.0,20280.9375
732,1775578275.457467,0.11915463767945766,537.1171550382184,99.0,13317.25,1.0,20280.8125
733,1775578275.7246685,0.11799019016325474,542.4179748456011,100.0,13317.25,1.0,20280.44140625
734,1775578275.9919274,0.13236417062580585,483.5145318964624,99.0,13317.25,1.0,20280.31640625
735,1775578276.2591677,0.12465959787368774,513.3980944238924,100.0,13317.25,1.0,20280.80859375
736,1775578276.5263422,0.12386511266231537,516.6910893988256,99.0,13317.25,1.0,20280.3125
737,1775578276.7938745,0.13297700881958008,481.2862055487623,99.0,13317.25,1.0,20280.92578125
738,1775578277.0608492,0.13209275901317596,484.5080114771177,100.0,13317.25,1.0,20280.80078125
739,1775578277.3282087,0.1319413036108017,485.06417814990033,99.0,13317.25,1.0,20280.921875
740,1775578277.5953944,0.11969499662518501,534.692358114272,99.0,13317.25,1.0,20280.55078125
741,1775578277.8626356,0.12117359228432178,528.1678853741529,100.0,13317.25,1.0,20280.42578125
742,1775578278.1299157,0.1221548579633236,523.9251313215533,99.0,13317.25,1.0,20280.1796875
743,1775578278.3970714,0.12184010073542595,525.2786202054699,99.0,13317.25,1.0,20280.421875
744,1775578278.664201,0.121019147336483,528.8419345911741,100.0,13317.25,0.9,20280.54296875
745,1775578278.9315088,0.11914800852537155,537.1470391498129,99.0,13317.25,1.0,20280.6640625
746,1775578279.1986723,0.12231674045324326,523.23173232747,99.0,13317.25,1.0,20280.29296875
747,1775578279.4658995,0.1340524274855852,477.4251477608041,100.0,13317.25,1.0,20280.90625
748,1775578279.7331865,0.13214124739170074,484.33022438699624,99.0,13317.25,1.0,20280.53515625
749,1775578280.0003583,0.12270212359726429,521.5883647626365,99.0,13317.25,1.0,20280.46875
750,1775578280.2677047,0.13216959685087204,484.22633892279845,100.0,13317.25,1.0,20280.03515625
751,1775578280.534776,0.12135580368340015,527.3748601835871,99.0,13317.25,1.0,20280.40234375
752,1775578280.8020906,0.11797687225043774,542.4792061290008,99.0,13317.25,1.0,20280.27734375
753,1775578281.069384,0.13463608734309673,475.3554657074005,100.0,13317.25,1.0,20280.64453125
754,1775578281.3367414,0.12019581347703934,532.4644690076975,99.0,13317.25,1.0,20280.51953125
755,1775578281.6040072,0.11839080601930618,540.5825177806747,99.0,13317.25,1.0,20280.1484375
756,1775578281.8712368,0.1189142931252718,538.2027535796591,100.0,13317.25,1.0,20280.26953125
757,1775578282.1383142,0.13254220597445965,482.86505818631497,99.0,13317.25,1.0,20281.0078125
758,1775578282.4057217,0.13359363190829754,479.0647509600713,99.0,13317.25,1.0,20280.7578125
759,1775578282.6728804,0.13156098686158657,486.4664025919286,100.0,13317.25,1.1,20280.87890625
760,1775578282.940046,0.12060824036598206,530.6436758035267,99.0,13317.25,1.0,20280.5078125
761,1775578283.207416,0.13232817873358727,483.6460428345308,99.0,13317.25,1.0,20280.62890625
762,1775578283.4745045,0.13184030167758465,485.43578242495187,100.0,13317.25,1.0,20280.50390625
763,1775578283.7418709,0.13319745287299156,480.48966868027304,99.0,13317.25,1.0,20280.625
764,1775578284.0092404,0.1334575992077589,479.55305939805334,99.0,13317.25,1.0,20280.0078125
765,1775578284.276492,0.12100600823760033,528.8993574131736,100.0,13317.25,1.0,20281.23828125
766,1775578284.543659,0.12252454087138176,522.3443364475286,99.0,13317.25,1.0,20280.71484375
767,1775578284.811109,0.12002024054527283,533.2433905251054,99.0,13317.25,1.0,20280.34375
768,1775578285.0781717,0.1319520715624094,485.02459447732053,100.0,13317.25,1.0,20280.21875
769,1775578285.345497,0.12078648246824741,529.8606159577869,99.0,13317.25,1.0,20280.33984375
770,1775578285.6126812,0.13348313607275486,479.4613153613417,99.0,13317.25,1.0,20280.4609375
771,1775578285.8799317,0.13182037323713303,485.5091700041673,100.0,13317.25,1.0,20280.3359375
772,1775578286.147184,0.11949009075760841,535.6092676323025,99.0,13317.25,1.0,20280.828125
773,1775578286.4142408,0.13291108049452305,481.5249395451065,99.0,13317.25,1.0,20280.33203125
774,1775578286.6813526,0.12276806682348251,521.3082005438761,100.0,13317.25,1.0,20280.20703125
775,1775578286.9487383,0.13212169893085957,484.4018849128768,99.0,13317.25,1.0,20280.328125
776,1775578287.2159235,0.1344571728259325,475.9879942058133,99.0,13317.25,1.0,20280.6953125
777,1775578287.4831274,0.13261310383677483,482.6069079777636,100.0,13317.25,1.0,20280.5625
778,1775578287.7509701,0.11949379183351994,535.5926782302256,99.0,13317.25,1.0,20280.4375
779,1775578288.0180235,0.13181337341666222,485.5349524945085,99.0,13317.25,1.0,20280.55859375
780,1775578288.2852716,0.11982863768935204,534.0960327523362,100.0,13317.25,1.0,20280.8046875
781,1775578288.5524304,0.12215671688318253,523.9171584907826,99.0,13317.25,1.0,20280.5546875
782,1775578288.8196414,0.131624361500144,486.2321782273563,99.0,13317.25,1.0,20280.18359375
783,1775578289.086896,0.13303440064191818,481.07857585095974,100.0,13317.25,1.0,20279.8125
784,1775578289.353995,0.11995266191661358,533.5438078438835,99.0,13317.25,1.0,20280.671875
785,1775578289.621131,0.13281401991844177,481.8768382984042,99.0,13317.25,1.0,20280.546875
786,1775578289.8884213,0.11783973686397076,543.1105135093684,100.0,13317.25,1.0,20280.9140625
787,1775578290.1555388,0.12247256189584732,522.5660262943356,99.0,13317.25,1.0,20280.421875
788,1775578290.4226599,0.12054738961160183,530.9115378292726,99.0,13317.25,1.0,20280.6640625
789,1775578290.689913,0.1303503978997469,490.9843086879006,100.0,13317.25,1.0,20280.29296875
790,1775578290.9571044,0.1338854879140854,478.02044117782907,99.0,13317.25,0.9,20280.16796875
791,1775578291.22435,0.12044251896440983,531.3738084381288,99.0,13317.25,1.0,20280.04296875
792,1775578291.491575,0.13245359063148499,483.1881090944682,100.0,13317.25,1.0,20280.1640625
793,1775578291.7588,0.11907435581088066,537.4792881655201,99.0,13317.25,1.0,20280.53125
794,1775578292.0262222,0.13128619641065598,487.4846080528644,99.0,13317.25,1.0,20280.65234375
795,1775578292.293464,0.13077163696289062,489.4027595461043,100.0,13317.25,1.0,20280.8984375
796,1775578292.5606635,0.13215148821473122,484.2926921564988,99.0,13317.25,1.1,20280.40234375
797,1775578292.8281918,0.1318420134484768,485.4294797690638,99.0,13317.25,1.0,20279.78515625
798,1775578293.0951016,0.13261889480054379,482.5858343658703,100.0,13317.25,1.0,20280.15234375
799,1775578293.3622708,0.13349137641489506,479.43171850356947,99.0,13317.25,1.0,20280.2734375
800,1775578293.629458,0.1224676314741373,522.5870642686145,99.0,13317.25,1.0,20280.39453125
801,1775578293.8966632,0.13171130046248436,485.9112299041438,100.0,13317.25,1.0,20280.26953125
802,1775578294.1638951,0.12187338247895241,525.1351747052137,99.0,13317.25,1.0,20280.76171875
803,1775578294.4311938,0.13035571947693825,490.9642649881772,99.0,13317.25,1.0,20280.7421875
804,1775578294.698419,0.13354372046887875,479.24379952342775,100.0,13317.25,1.0,20280.6171875
805,1775578294.9657104,0.13157904148101807,486.3996520998582,99.0,13317.25,1.0,20280.24609375
806,1775578295.2328794,0.12106039933860302,528.661728770558,99.0,13317.25,1.0,20280.61328125
807,1775578295.4999194,0.1212050337344408,528.030874858081,100.0,13317.25,1.0,20280.2421875
808,1775578295.767215,0.13321476243436337,480.42723516872707,99.0,13317.25,1.0,20280.609375
809,1775578296.0343971,0.1182649340480566,541.1578716476838,99.0,13317.25,1.0,20280.484375
810,1775578296.3014421,0.11880802363157272,538.684156538669,100.0,13317.25,1.0,20280.73046875
811,1775578296.5686736,0.13005084358155727,492.1152238421616,99.0,13317.25,1.0,20280.48046875
812,1775578296.836202,0.1311693713068962,487.9187828861326,99.0,13317.25,1.0,20280.35546875
813,1775578297.1032276,0.11991018056869507,533.732829827032,100.0,13317.25,1.0,20280.23046875
814,1775578297.3703392,0.13283991813659668,481.78289250517344,99.0,13317.25,1.0,20280.84375
815,1775578297.6374376,0.1331602744758129,480.62382157093623,99.0,13317.25,1.0,20280.47265625
816,1775578297.9047327,0.13134442269802094,487.2685012834149,100.0,13317.25,0.9,20280.59375
817,1775578298.1718347,0.11976519785821438,534.3789443387991,99.0,13317.25,1.0,20280.59375
818,1775578298.4390533,0.13335324823856354,479.9283170478653,99.0,13317.25,1.0,20280.34375
819,1775578298.7063217,0.11929050832986832,536.505384175444,100.0,13317.25,1.0,20280.21875
820,1775578298.9733646,0.1324752140790224,483.10924005620814,99.0,13317.25,1.0,20280.09375
821,1775578299.2408867,0.11991453915834427,533.7134299910833,99.0,13317.25,1.0,20280.70703125
822,1775578299.5081272,0.13205252774059772,484.6556222363329,100.0,13317.25,1.0,20280.3359375
823,1775578299.7753534,0.12239851988852024,522.8821399007993,99.0,13317.25,1.0,20280.2109375
824,1775578300.04259,0.13271475583314896,482.2372583833993,99.0,13317.25,1.0,20280.578125
825,1775578300.3097327,0.13560545444488525,471.9574169194781,100.0,13317.25,1.0,20280.20703125
826,1775578300.5768154,0.1340350080281496,477.4871948868681,99.0,13317.25,0.9,20280.328125
827,1775578300.844409,0.12193902395665646,524.852487114781,99.0,13317.25,1.0,20280.203125
828,1775578301.1113343,0.13185904175043106,485.3667913128967,100.0,13317.25,1.0,20280.44921875
829,1775578301.3786519,0.12411334738135338,515.6576738145028,99.0,13317.25,1.0,20280.4453125
830,1775578301.645789,0.12299969047307968,520.3265126427888,99.0,13317.25,1.0,20280.56640625
831,1775578301.913073,0.13291485980153084,481.5112478436582,100.0,13317.25,1.0,20280.93359375
832,1775578302.180302,0.12132415361702442,527.5124374823531,99.0,13317.25,1.0,20280.80859375
833,1775578302.4476626,0.12235756032168865,523.0571762933033,99.0,13317.25,1.0,20280.4375
834,1775578302.7147646,0.1174874808639288,544.7388907259258,100.0,13317.25,1.0,20280.3125
835,1775578302.9820974,0.1302877478301525,491.22040303768665,99.0,13317.25,1.0,20280.6796875
836,1775578303.2491744,0.1314869560301304,486.7402967738817,99.0,13317.25,1.0,20280.1875
837,1775578303.5163312,0.12134431675076485,527.4247835722937,100.0,13317.25,1.0,20280.67578125
838,1775578303.7836776,0.12059039995074272,530.7221804234991,99.0,13317.25,1.0,20280.3046875
839,1775578304.0508883,0.12236226908862591,523.0370479125829,100.0,13317.25,1.0,20280.42578125
840,1775578304.3181274,0.12172715924680233,525.7659867855762,99.0,13317.25,1.0,20280.79296875
841,1775578304.5853908,0.13363874331116676,478.90303675619947,99.0,13317.25,1.0,20280.421875
842,1775578304.854042,0.12275970913469791,521.3436920885507,100.0,13317.25,1.0,20280.296875
843,1775578305.1198928,0.13442622497677803,476.0975770245421,99.0,13317.25,0.9,20281.03515625
844,1775578305.387483,0.11831941641867161,540.9086854649189,99.0,13317.25,1.0,20280.5390625
845,1775578305.6543841,0.12149488739669323,526.7711372169387,100.0,13317.25,1.0,20280.4140625
846,1775578305.9216337,0.11960156448185444,535.1100571072369,99.0,13317.25,1.0,20280.53515625
847,1775578306.188789,0.12046306021511555,531.2831990629553,99.0,13317.25,1.0,20280.41015625
848,1775578306.4558601,0.12014531344175339,532.6882769424651,100.0,13317.25,0.9,20280.53125
849,1775578306.7231119,0.13231487944722176,483.6946552600575,99.0,13317.25,1.0,20280.40625
850,1775578306.9902022,0.12339877523481846,518.6437213676787,99.0,13317.25,0.9,20280.28125
851,1775578307.2573483,0.12096423469483852,529.0820064414531,100.0,13317.25,1.0,20280.52734375
852,1775578307.5246782,0.11641961522400379,549.735539641298,99.0,13317.25,1.0,20280.76953125
853,1775578307.7918484,0.12224983796477318,523.518076305687,99.0,13317.25,1.0,20280.15234375
854,1775578308.059054,0.124204371124506,515.2797717227245,100.0,13317.25,1.0,20280.02734375
855,1775578308.3262455,0.11972453445196152,534.5604415415745,99.0,13317.25,1.0,20280.39453125
856,1775578308.5933383,0.13345623761415482,479.55795206092296,99.0,13317.25,1.0,20280.26953125
857,1775578308.8607004,0.12977117858827114,493.17576287917285,100.0,13317.25,1.0,20280.14453125
858,1775578309.1276646,0.13102807104587555,488.4449529718889,99.0,13317.25,1.0,20280.390625
859,1775578309.394899,0.12429629266262054,514.8987039679151,99.0,13317.25,1.0,20280.38671875
860,1775578309.6620247,0.13283824920654297,481.7889454451472,100.0,13317.25,1.0,20280.26171875
861,1775578309.9292617,0.13286609947681427,481.68795691310476,99.0,13317.25,1.0,20280.62890625
862,1775578310.1962855,0.1209847591817379,528.9922502045242,99.0,13317.25,1.0,20280.75
863,1775578310.4635391,0.13037116825580597,490.90608649316766,100.0,13317.25,1.0,20280.625
864,1775578310.7309482,0.10841208510100842,590.3400893025042,99.0,13317.25,1.0,20280.5
865,1775578310.998284,0.12845451943576336,498.23081570909363,99.0,13317.25,1.0,20280.12890625
866,1775578311.2653747,0.11893577501177788,538.1055447249767,100.0,13317.25,1.0,20280.375
867,1775578311.5326118,0.12067635357379913,530.3441652374843,99.0,13317.25,1.0,20280.37109375
868,1775578311.7997954,0.11843750812113285,540.3693560872922,99.0,13317.25,1.0,20280.24609375
869,1775578312.066915,0.13225804828107357,483.9024984248051,100.0,13317.25,1.0,20280.61328125
870,1775578312.3340974,0.13061789236962795,489.9788140731144,99.0,13317.25,1.0,20280.734375
871,1775578312.601293,0.12012774497270584,532.7661816555485,99.0,13317.25,1.1,20280.609375
872,1775578312.8687077,0.13125301524996758,487.6078456415942,100.0,13317.25,1.0,20280.484375
873,1775578313.1356287,0.12026926688849926,532.139270952187,99.0,13317.25,0.9,20280.484375
874,1775578313.402921,0.13401942886412144,477.5427006549014,99.0,13317.25,1.0,20280.234375
875,1775578313.669978,0.13220318779349327,484.1033039231292,100.0,13317.25,1.0,20280.84765625
876,1775578313.9374213,0.13269896619021893,482.294639042315,99.0,13317.25,1.0,20280.4765625
877,1775578314.2046008,0.13107706978917122,488.2623642940734,99.0,13317.25,1.0,20280.3515625
878,1775578314.4717708,0.11906748823821545,537.5102888872296,100.0,13317.25,1.0,20280.71875
879,1775578314.7392733,0.12355937063694,517.9696179260579,99.0,13317.25,1.0,20280.59375
880,1775578315.0064967,0.12279352732002735,521.2001104358026,99.0,13317.25,0.9,20280.22265625
881,1775578315.2735748,0.12016152404248714,532.6164136980374,100.0,13317.25,1.0,20280.22265625
882,1775578315.540851,0.13161927834153175,486.2509565956581,99.0,13317.25,1.0,20280.19140625
883,1775578315.8080337,0.13152175582945347,486.61150846396777,99.0,13317.25,1.0,20280.3125
884,1775578316.0753064,0.13242926076054573,483.27688029402134,100.0,13317.25,1.0,20280.1875
885,1775578316.3425653,0.11753615364432335,544.5133094423923,99.0,13317.25,1.0,20280.5546875
886,1775578316.6098058,0.12231343798339367,523.2458596142902,99.0,13317.25,0.9,20280.18359375
887,1775578316.8771815,0.11974520795047283,534.4681519653855,100.0,13317.25,1.0,20280.3046875
888,1775578317.144217,0.12110435962677002,528.4698271576744,99.0,13317.25,1.0,20280.55078125
889,1775578317.4116256,0.13350613974034786,479.3787021665948,99.0,13317.25,1.0,20280.79296875
890,1775578317.678656,0.1338696964085102,478.07682931244375,100.0,13317.25,1.0,20280.421875
891,1775578317.9459295,0.13591565750539303,470.8802589389712,99.0,13317.25,1.0,20280.296875
892,1775578318.2131522,0.12378664128482342,517.0186325093108,99.0,13317.25,1.0,20280.41796875
893,1775578318.480404,0.13285957090556622,481.71162652248705,100.0,13317.25,1.0,20280.78515625
894,1775578318.7477727,0.13311973214149475,480.77019815494776,99.0,13317.25,1.0,20280.4140625
895,1775578319.0149496,0.11864946223795414,539.4040461106058,99.0,13317.25,1.0,20280.04296875
896,1775578319.2820728,0.12208721600472927,524.2154100517849,100.0,13317.25,1.0,20281.2734375
897,1775578319.5492404,0.11930995993316174,536.4179154519308,99.0,13317.25,1.0,20280.28515625
898,1775578319.8164716,0.12842218950390816,498.3562439421915,99.0,13317.25,1.0,20280.40625
899,1775578320.0835524,0.12216684781014919,523.8737116263968,100.0,13317.25,1.0,20280.52734375
900,1775578320.3506389,0.12108721025288105,528.5446734328181,99.0,13317.25,1.0,20280.40234375
901,1775578320.6179848,0.11963875591754913,534.9437104152652,99.0,13317.25,1.0,20280.5234375
902,1775578320.885195,0.12806895188987255,499.73080169371633,100.0,13317.25,1.0,20280.3984375
903,1775578321.1523569,0.13048481196165085,490.4785395162269,99.0,13317.25,1.0,20280.64453125
904,1775578321.4197109,0.1318216621875763,485.5044227020206,99.0,13317.25,1.0,20280.39453125
905,1775578321.6871474,0.12124396488070488,527.8613254108877,100.0,13317.25,1.0,20280.26953125
906,1775578321.9541373,0.1210835687816143,528.5605689028713,99.0,13317.25,1.0,20280.390625
907,1775578322.221469,0.11754897236824036,544.4539302267151,99.0,13317.25,1.0,20280.265625
908,1775578322.4887128,0.13445496372878551,475.99581469596734,100.0,13317.25,1.0,20280.38671875
909,1775578322.7559977,0.1221084464341402,524.1242671490273,99.0,13317.25,1.0,20280.26171875
910,1775578323.0232484,0.1326196752488613,482.5829944154498,99.0,13317.25,1.0,20280.62890625
911,1775578323.290496,0.129302142187953,494.96473080059184,100.0,13317.25,1.0,20280.2578125
912,1775578323.55782,0.12378893420100212,517.0090558828149,99.0,13317.25,1.0,20279.640625
913,1775578323.825021,0.13415261916816235,477.06858350469497,99.0,13317.25,0.9,20280.25390625
914,1775578324.0920377,0.12276440486311913,521.3237507350706,100.0,13317.25,1.0,20280.74609375
915,1775578324.3598003,0.12340293638408184,518.6262326919441,99.0,13317.25,1.0,20280.25
916,1775578324.6267269,0.1319560743868351,485.009881488147,99.0,13317.25,0.9,20280.6171875
917,1775578324.894163,0.12350279837846756,518.2068814657584,100.0,13317.25,1.0,20280.4921875
918,1775578325.1612608,0.11641337350010872,549.765014755287,99.0,13317.25,1.0,20280.12109375
919,1775578325.4285026,0.12120296061038971,528.0399065970821,99.0,13317.25,1.0,20280.734375
920,1775578325.6960416,0.11842860653996468,540.4099724706521,100.0,13317.25,1.0,20280.36328125
921,1775578325.963114,0.13260523416101933,482.63554907860083,99.0,13317.25,1.0,20280.23828125
922,1775578326.2303882,0.13064223155379295,489.8875290081638,99.0,13317.25,1.0,20280.484375
923,1775578326.4977775,0.12209500558674335,524.1819654492804,100.0,13317.25,1.0,20279.98828125
924,1775578326.7648113,0.12182576023042202,525.3404524539801,99.0,13317.25,1.0,20280.35546875
925,1775578327.0321424,0.11688287183642387,547.5567035139862,99.0,13317.25,1.0,20280.4765625
926,1775578327.2994936,0.13202359341084957,484.7618395057299,100.0,13317.25,1.0,20280.59765625
927,1775578327.5667832,0.13185503520071507,485.3815396778486,99.0,13317.25,1.0,20280.47265625
928,1775578327.8341818,0.13420752994716167,476.87339171801455,99.0,13317.25,1.0,20280.34765625
929,1775578328.10134,0.13247916474938393,483.09483322204915,100.0,13317.25,1.0,20280.59375
930,1775578328.368604,0.1341950185596943,476.9178519956069,99.0,13317.25,1.0,20280.8359375
931,1775578328.6358762,0.12197225168347359,524.7095066022428,99.0,13317.25,1.0,20280.46484375
932,1775578328.9032106,0.1312153246253729,487.7479073631345,100.0,13317.25,1.0,20280.5859375
933,1775578329.1703074,0.11922844126820564,536.7846741871876,99.0,13317.25,1.0,20280.4609375
934,1775578329.4375467,0.1235694270581007,517.9274641283887,99.0,13317.25,0.9,20280.58203125
935,1775578329.7047577,0.11771632358431816,543.6799082003092,100.0,13317.25,1.0,20280.45703125
936,1775578329.97207,0.13276430778205395,482.0572717861978,99.0,13317.25,1.0,20280.33203125
937,1775578330.2393835,0.12134622409939766,527.4164933848789,99.0,13317.25,1.0,20281.0703125
938,1775578330.5065663,0.13328051380813122,480.1902256479407,100.0,13317.25,1.0,20280.328125
939,1775578330.7738338,0.12348031811416149,518.3012238503464,99.0,13317.25,1.0,20280.203125
940,1775578331.0408874,0.12013873271644115,532.7174555025209,100.0,13317.25,1.0,20280.32421875
941,1775578331.3080554,0.13057912327349186,490.1242893625116,100.0,13317.25,1.0,20279.953125
942,1775578331.5753675,0.13193357549607754,485.09259117215964,99.0,13317.25,1.1,20280.3203125
943,1775578331.842633,0.13478871062397957,474.8172135761501,100.0,13317.25,0.9,20279.94921875
944,1775578332.1097226,0.1325375847518444,482.8818943685283,99.0,13317.25,1.0,20280.1953125
945,1775578332.3770459,0.13472981750965118,475.02476573469306,99.0,13317.25,1.0,20280.4375
946,1775578332.644106,0.13352636992931366,479.3060729044038,100.0,13317.25,1.0,20280.8046875
947,1775578332.911681,0.11737714894115925,545.250933229627,99.0,13317.25,1.0,20280.6796875
948,1775578333.1787372,0.13247666135430336,483.10396220534756,99.0,13317.25,1.0,20280.80078125
949,1775578333.4459944,0.12061759270727634,530.6025312188075,100.0,13317.25,1.0,20280.4296875
950,1775578333.7135248,0.1319891270250082,484.88842560398035,99.0,13317.25,1.0,20280.3046875
951,1775578333.980597,0.13376754336059093,478.44191791336243,99.0,13317.25,0.9,20280.48828125
952,1775578334.2478573,0.12253073416650295,522.3179346418714,100.0,13317.25,1.0,20280.30078125
953,1775578334.5151024,0.13168608024716377,486.00429050570375,99.0,13317.25,1.0,20280.421875
954,1775578334.782087,0.13268078677356243,482.36072121900054,99.0,13317.25,1.0,20280.05078125
955,1775578335.0492914,0.13117030262947083,487.9153186128331,100.0,13317.25,1.0,20280.41796875
956,1775578335.316465,0.12248939275741577,522.4942222282779,99.0,13317.25,1.0,20280.5390625
957,1775578335.583622,0.11589141562581062,552.241075444645,99.0,13317.25,1.0,20280.36328125
958,1775578335.8508854,0.1331877037882805,480.5248396033352,100.0,13317.25,1.0,20280.484375
959,1775578336.1180437,0.11779256723821163,543.3280002342843,99.0,13317.25,1.0,20280.73046875
960,1775578336.3853226,0.12054749205708504,530.9110866420425,99.0,13317.25,1.0,20280.48046875
961,1775578336.652476,0.11910137720406055,537.3573463415672,100.0,13317.25,1.0,20280.35546875
962,1775578336.9196715,0.12462770566344261,513.5294729153735,99.0,13317.25,1.0,20280.23046875
963,1775578337.186805,0.13492238335311413,474.3467941305294,99.0,13317.25,1.0,20280.10546875
964,1775578337.4540038,0.13232932798564434,483.641842471557,100.0,13317.25,1.0,20280.47265625
965,1775578337.7212555,0.11894257366657257,538.0747870767358,99.0,13317.25,1.0,20280.83984375
966,1775578337.9885318,0.12091077491641045,529.3159360217919,99.0,13317.25,1.0,20280.46875
967,1775578338.2556634,0.12071790359914303,530.161625507671,100.0,13317.25,1.0,20280.22265625
968,1775578338.5228782,0.12055947259068489,530.8583276345969,99.0,13317.25,1.0,20280.4609375
969,1775578338.7902505,0.13145114667713642,486.8728924609043,99.0,13317.25,1.0,20280.3359375
970,1775578339.057347,0.11896297708153725,537.982501531837,100.0,13317.25,1.0,20280.2109375
971,1775578339.3245406,0.1322050392627716,484.0965242844728,99.0,13317.25,1.0,20280.578125
972,1775578339.591779,0.12119550071656704,528.0724088072636,99.0,13317.25,1.0,20280.21875
973,1775578339.8592048,0.12183493189513683,525.3009051220607,100.0,13317.25,1.0,20280.33984375
974,1775578340.1261554,0.1310849692672491,488.2329404946511,99.0,13317.25,1.0,20281.078125
975,1775578340.3935642,0.12327227555215359,519.1759437662292,99.0,13317.25,1.0,20280.828125
976,1775578340.6607869,0.1313421931117773,487.27677286105245,100.0,13317.25,1.0,20280.45703125
977,1775578340.9282959,0.12033485807478428,531.8492166270395,99.0,13317.25,1.0,20280.33203125
978,1775578341.195254,0.11901881732046604,537.7300954661292,99.0,13317.25,1.0,20280.69921875
979,1775578341.4624727,0.13372822292149067,478.5825953701127,100.0,13317.25,1.0,20280.57421875
980,1775578341.729646,0.1296198070049286,493.75169951893616,99.0,13317.25,1.0,20280.44921875
981,1775578341.9967957,0.12134814448654652,527.4081467895496,99.0,13317.25,1.0,20280.140625
982,1775578342.263997,0.13177511282265186,485.6759264257563,100.0,13317.25,1.0,20279.953125
983,1775578342.5313087,0.13266382738947868,482.42238490607366,99.0,13317.25,1.0,20280.56640625
984,1775578342.7985039,0.1326443050056696,482.4933870871008,99.0,13317.25,1.0,20279.94921875
985,1775578343.0657294,0.11890740506350994,538.2339305598066,100.0,13317.25,1.0,20280.6875
986,1775578343.3330421,0.13288340158760548,481.6252386330357,99.0,13317.25,1.0,20280.31640625
987,1775578343.6002777,0.13086922839283943,489.03780350783967,99.0,13317.25,1.0,20280.55859375
988,1775578343.8675323,0.1307113729417324,489.62839697605705,100.0,13317.25,1.0,20280.43359375
989,1775578344.1348953,0.12164520844817162,526.1201885092577,99.0,13317.25,1.0,20280.30859375
990,1775578344.4021127,0.13283532671630383,481.79954521198033,99.0,13317.25,1.0,20280.18359375
991,1775578344.6693716,0.1315860077738762,486.37390162319326,100.0,13317.25,1.0,20280.05859375
992,1775578344.9366367,0.119313919916749,536.400111945495,99.0,13317.25,1.0,20280.671875
993,1775578345.2035933,0.13198407739400864,484.90697714196585,99.0,13317.25,1.0,20280.91796875
994,1775578345.4709256,0.12153610400855541,526.5924930051632,100.0,13317.25,1.0,20280.421875
995,1775578345.738562,0.13339252769947052,479.7869948471937,99.0,13317.25,1.0,20280.54296875
996,1775578346.00535,0.11676887050271034,548.0912825864363,99.0,13317.25,1.0,20280.41796875
997,1775578346.2727056,0.13218598999083042,484.1662872475336,100.0,13317.25,1.0,20280.29296875
998,1775578346.5398638,0.11818467266857624,541.5253818866545,99.0,13317.25,1.0,20280.16796875
999,1775578346.807214,0.1156844012439251,553.2292972243811,99.0,13317.25,1.0,20280.2890625
1000,1775578347.0745053,0.13512804545462132,473.62484808153664,100.0,13317.25,1.0,20281.1484375
1001,1775578347.3425126,0.11959546431899071,535.1373512735914,99.0,13317.25,1.0,20281.515625
1002,1775578347.609709,0.13197670504450798,484.9340645261341,99.0,13317.25,1.0,20282.06640625
1003,1775578347.877039,0.12214437872171402,523.9700808975706,100.0,13317.25,1.0,20282.1640625
1004,1775578348.144207,0.1317027322947979,485.94284176842336,99.0,13317.25,1.0,20282.65234375
1005,1775578348.4115644,0.1166762001812458,548.526605259529,99.0,13317.25,1.0,20282.296875
1006,1775578348.6787586,0.131056047976017,488.3406831534541,100.0,13317.25,1.0,20282.41796875
1007,1775578348.946159,0.1297190599143505,493.3739116075712,99.0,13317.25,1.0,20282.78515625
1008,1775578349.2133799,0.11900045536458492,537.8130680586177,99.0,13317.25,1.0,20282.4140625
1009,1775578349.480605,0.12398810684680939,516.1785402455874,100.0,13317.25,0.9,20282.53515625
1010,1775578349.7481236,0.132220309227705,484.0406165574876,99.0,13317.25,1.0,20282.65625
1011,1775578350.015385,0.12213908694684505,523.9927823257169,99.0,13317.25,1.0,20284.25
1012,1775578350.282685,0.13185227289795876,485.3917084124137,100.0,13317.25,1.0,20283.7578125
1013,1775578350.5499713,0.13390081375837326,477.96572853910584,99.0,13317.25,1.0,20284.0
1014,1775578350.8171003,0.13154144771397114,486.5386622410003,99.0,13317.25,1.0,20283.875
1015,1775578351.0844307,0.11958529613912106,535.182853296151,100.0,13317.25,1.0,20283.99609375
1016,1775578351.3517828,0.13080838695168495,489.26526418859424,99.0,13317.25,1.0,20284.1171875
1017,1775578351.6190789,0.1328897513449192,481.6022255462435,99.0,13317.25,1.0,20283.74609375
1018,1775578351.8864582,0.13276227563619614,482.0646504687595,100.0,13317.25,1.0,20283.8671875
1019,1775578352.1536446,0.11930608935654163,536.4353181398686,99.0,13317.25,1.0,20284.359375
1020,1775578352.4208004,0.11916732974350452,537.0599487103843,99.0,13317.25,1.0,20284.35546875
1021,1775578352.6882277,0.12147458270192146,526.8591879590598,100.0,13317.25,1.0,20283.984375
1022,1775578352.9557881,0.12026841938495636,532.1430208137031,99.0,13317.25,1.0,20283.61328125
1023,1775578353.2227855,0.13126696273684502,487.55603592583157,99.0,13317.25,1.0,20283.98046875
1024,1775578353.4901488,0.12159156799316406,526.3522878790255,100.0,13317.25,1.0,20284.1015625
1025,1775578353.757521,0.13269072771072388,482.32458367042034,99.0,13317.25,1.0,20283.73046875
1026,1775578354.0247176,0.11967098899185658,534.7996246973032,99.0,13317.25,1.0,20283.60546875
1027,1775578354.2920647,0.12369029968976974,517.4213350644291,100.0,13317.25,1.0,20283.48046875
1028,1775578354.5593574,0.13468331098556519,475.18879311527513,99.0,13317.25,1.0,20283.35546875
1029,1775578354.8266237,0.11957216635346413,535.2416197830797,99.0,13317.25,1.0,20283.23046875
1030,1775578355.093886,0.13134203478693962,487.277360243577,100.0,13317.25,1.0,20284.4609375
1031,1775578355.3612163,0.13031500950455666,491.1176405797073,99.0,13317.25,1.0,20283.71875
1032,1775578355.6284487,0.1295419353991747,494.0485087148678,99.0,13317.25,1.0,20283.83984375
1033,1775578355.895707,0.12868310883641243,497.3457711637942,100.0,13317.25,1.0,20283.9609375
1034,1775578356.1628547,0.11946826428174973,535.7071217596722,99.0,13317.25,1.0,20284.328125
1035,1775578356.4300547,0.13282323628664017,481.8434017214001,99.0,13317.25,1.0,20283.95703125
1036,1775578356.6972327,0.13180221989750862,485.57603999209846,100.0,13317.25,1.0,20283.83203125
1037,1775578356.9648166,0.1214485876262188,526.9719578540692,99.0,13317.25,1.0,20283.70703125
1038,1775578357.2317955,0.11820388212800026,541.4373779255056,99.0,13317.25,1.0,20284.4453125
1039,1775578357.4991417,0.13232950121164322,483.6412093599644,100.0,13317.25,1.0,20283.94921875
1040,1775578357.7665777,0.12038586847484112,531.6238592686238,99.0,13317.25,1.0,20284.0703125
1041,1775578358.0335863,0.13434211537241936,476.3956546506733,100.0,13317.25,1.0,20283.9453125
1042,1775578358.300799,0.12476014904677868,512.9843182217045,99.0,13317.25,1.0,20284.06640625
1043,1775578358.568026,0.11976996809244156,534.357660933859,99.0,13317.25,1.0,20283.6953125
1044,1775578358.8351123,0.12234539166092873,523.1092003642549,100.0,13317.25,1.0,20283.32421875
1045,1775578359.1023502,0.13114466331899166,488.0107080249896,99.0,13317.25,1.0,20283.81640625
1046,1775578359.3698435,0.12133375182747841,527.470708158766,99.0,13317.25,1.0,20283.8125
1047,1775578359.6368039,0.11850493587553501,540.0618930102523,100.0,13317.25,1.0,20283.93359375
1048,1775578359.9040155,0.11802240088582039,542.2699379070942,99.0,13317.25,1.0,20283.80859375
1049,1775578360.1711762,0.12095816060900688,529.1085750458608,99.0,13317.25,1.0,20283.68359375
1050,1775578360.438318,0.1323080211877823,483.71972783997734,100.0,13317.25,1.0,20284.05078125
1051,1775578360.7055626,0.12294496037065983,520.5581408709231,99.0,13317.25,1.0,20283.92578125
1052,1775578360.9729295,0.13175693154335022,485.742945364077,99.0,13317.25,1.0,20283.80078125
1053,1775578361.2399354,0.12100913748145103,528.8856803050123,100.0,13317.25,0.9,20283.5546875
1054,1775578361.507235,0.12130153179168701,527.610814593077,99.0,13317.25,1.1,20283.796875
1055,1775578361.7744508,0.13443848490715027,476.05415996915985,99.0,13317.25,1.0,20283.671875
1056,1775578362.0416021,0.13289545103907585,481.58157032163416,100.0,13317.25,1.0,20283.546875
1057,1775578362.3088255,0.12398250587284565,516.2018588786817,99.0,13317.25,1.0,20283.421875
1058,1775578362.5759315,0.13129262439906597,487.46074117210884,99.0,13317.25,1.1,20283.7890625
1059,1775578362.8433154,0.13192464411258698,485.12543225344007,100.0,13317.25,1.0,20283.6640625
1060,1775578363.1105607,0.13215075805783272,484.29536796143,99.0,13317.25,1.0,20284.40234375
1061,1775578363.378029,0.1346236802637577,475.3992750354899,99.0,13317.25,0.9,20283.66015625
1062,1775578363.6449916,0.13249162398278713,483.0494040009251,100.0,13317.25,1.0,20284.2734375
1063,1775578363.9121337,0.12273740582168102,521.4384284199583,99.0,13317.25,1.0,20283.90234375
1064,1775578364.1792753,0.12049601227045059,531.1379089986268,99.0,13317.25,1.0,20284.0234375
1065,1775578364.4465132,0.13286749087274075,481.682912649405,100.0,13317.25,1.0,20283.8984375
1066,1775578364.7136593,0.13257100619375706,482.7601587820931,99.0,13317.25,1.0,20283.52734375
1067,1775578364.981042,0.12145612575113773,526.9392515543868,99.0,13317.25,0.9,20283.40234375
1068,1775578365.2480009,0.12039743922650814,531.572767752929,100.0,13317.25,1.0,20284.38671875
1069,1775578365.5152988,0.13289429806172848,481.58574847411774,99.0,13317.25,1.0,20284.13671875
1070,1775578365.782601,0.1316488068550825,486.14189166522766,99.0,13317.25,1.0,20283.765625
1071,1775578366.0498624,0.13385665230453014,478.12341708947724,100.0,13317.25,1.0,20283.39453125
1072,1775578366.3169641,0.12148587591946125,526.8102116037641,99.0,13317.25,1.0,20283.76171875
1073,1775578366.5841584,0.13191684521734715,485.15411276363636,99.0,13317.25,1.0,20283.875
1074,1775578366.8513474,0.11857841908931732,539.7272158924046,100.0,13317.25,1.0,20280.796875
1075,1775578367.1185703,0.12419679202139378,515.3112166453989,99.0,13317.25,1.0,20281.53515625
1076,1775578367.3859909,0.12156577594578266,526.463961604979,99.0,13317.25,1.0,20281.0390625
1077,1775578367.653038,0.12201915495097637,524.5078121194437,100.0,13317.25,1.0,20281.15625
1078,1775578367.9205046,0.11828689277172089,541.0574113525165,99.0,13317.25,1.0,20281.27734375
1079,1775578368.1878135,0.12138592451810837,527.2439968149064,99.0,13317.25,1.0,20281.15234375
1080,1775578368.4551017,0.1335340514779091,479.27850081436117,100.0,13317.25,1.0,20280.78125
1081,1775578368.7225704,0.11776156723499298,543.4710279652454,99.0,13317.25,1.0,20280.65625
1082,1775578368.990023,0.13279015757143497,481.96343140545605,99.0,13317.25,1.0,20281.0234375
1083,1775578369.257003,0.12958376668393612,493.88902358503344,100.0,13317.25,1.0,20280.53125
1084,1775578369.524312,0.12253047153353691,522.3190541830489,99.0,13317.25,1.0,20280.5234375
1085,1775578369.7915432,0.12307851016521454,519.9932946384348,99.0,13317.25,1.0,20280.64453125
1086,1775578370.0588331,0.1315860990434885,486.3735642687328,100.0,13317.25,1.0,20281.01171875
1087,1775578370.3260252,0.12269565649330616,521.615856902739,99.0,13317.25,1.0,20280.640625
1088,1775578370.5931501,0.11876926198601723,538.8599619953415,99.0,13317.25,1.0,20281.0078125
1089,1775578370.8604543,0.13114026375114918,488.0270800846179,100.0,13317.25,1.0,20280.8828125
1090,1775578371.127719,0.13387183658778667,478.0691864045049,99.0,13317.25,1.0,20281.12890625
1091,1775578371.3951051,0.1341672595590353,477.0165255692592,99.0,13317.25,1.0,20281.125
1092,1775578371.6622674,0.12375114113092422,517.1669482408273,100.0,13317.25,1.0,20281.0
1093,1775578371.9295006,0.11986039951443672,533.9545025652234,99.0,13317.25,1.0,20281.12109375
1094,1775578372.1972463,0.13344625756144524,479.5938167882396,99.0,13317.25,0.9,20280.75
1095,1775578372.4643981,0.11703505553305149,546.8447014315806,100.0,13317.25,1.0,20280.8671875
1096,1775578372.731642,0.13227015919983387,483.8581913499382,99.0,13317.25,1.1,20281.234375
1097,1775578372.9991798,0.11676960997283459,548.0878116736798,99.0,13317.25,1.0,20281.35546875
1098,1775578373.2660334,0.1208330150693655,529.6565674808338,100.0,13317.25,1.0,20280.86328125
1099,1775578373.5331106,0.1177800577133894,543.3857075850659,99.0,13317.25,1.0,20280.859375
1100,1775578373.8003619,0.12887263484299183,496.6143516656776,99.0,13317.25,1.0,20280.734375
1101,1775578374.0674548,0.12085780315101147,529.5479342780391,100.0,13317.25,1.0,20281.34765625
1102,1775578374.334697,0.11959804594516754,535.1257998758798,99.0,13317.25,1.0,20281.22265625
1103,1775578374.6019998,0.12050504237413406,531.0981079223068,99.0,13317.25,1.0,20281.34375
1104,1775578374.8691497,0.12020069546997547,532.4428427786122,100.0,13317.25,1.0,20280.97265625
1105,1775578375.136303,0.11854542046785355,539.8774558090597,99.0,13317.25,1.0,20281.7109375
1106,1775578375.4036787,0.1241537369787693,515.4899204600198,99.0,13317.25,0.9,20281.4609375
1107,1775578375.6708786,0.12282495945692062,521.0667301090966,100.0,13317.25,1.0,20280.84375
1108,1775578375.93819,0.11828944459557533,541.0457392780247,99.0,13317.25,1.0,20280.96484375
1109,1775578376.2052822,0.12233192101120949,523.166802834197,99.0,13317.25,1.0,20281.0859375
1110,1775578376.47253,0.13415070064365864,477.0754061881622,100.0,13317.25,1.0,20281.1640625
