step,wall_timestamp,duration_sec,throughput_samples_sec,gpu_util_pct,gpu_mem_mb,cpu_util_pct,ram_mb
0,1775576710.3875961,0.4419603496789932,144.80937044801595,63.0,13317.25,0.5,20103.953125
1,1775576710.8579078,0.26986672542989254,237.1540985575351,99.0,13317.25,0.9,20244.9609375
2,1775576711.2781913,0.2693457771092653,237.61278415750755,99.0,13317.25,0.8,20243.3359375
3,1775576711.6972451,0.26866913586854935,238.21121020507923,99.0,13317.25,0.8,20243.84765625
4,1775576712.113715,0.2685307040810585,238.334011818183,99.0,13317.25,0.8,20241.484375
5,1775576712.5203846,0.2688773684203625,238.0267271135386,96.0,13317.25,1.0,20250.91796875
6,1775576712.9279747,0.26857628487050533,238.29356352463415,93.0,13317.25,0.8,20245.5234375
7,1775576713.3495843,0.26917189359664917,237.76628066488706,82.0,13317.25,0.8,20242.32421875
8,1775576713.7655175,0.26843374222517014,238.42010124910047,74.0,13317.25,0.9,20258.20703125
9,1775576714.1805575,0.2688396107405424,238.06015722053144,66.0,13317.25,0.8,20258.08203125
10,1775576714.5993052,0.2683354187756777,238.5074631295787,56.0,13317.25,0.9,20243.16796875
11,1775576715.0211718,0.2686299942433834,238.24591956032614,45.0,13317.25,1.0,20249.5859375
12,1775576715.439269,0.26837910152971745,238.4686424360554,37.0,13317.25,0.9,20246.9140625
13,1775576715.8508863,0.2685917057096958,238.27988221339064,99.0,13317.25,0.9,20247.1796875
14,1775576716.2537096,0.2684523817151785,238.40354699442548,99.0,13317.25,0.8,20253.578125
15,1775576716.657277,0.26833705231547356,238.5060111816301,99.0,13317.25,0.9,20239.19921875
16,1775576717.0719585,0.26825255900621414,238.58113502103598,99.0,13317.25,0.8,20252.609375
17,1775576717.4869263,0.268575144931674,238.29457493649204,99.0,13317.25,0.8,20241.87890625
18,1775576717.8998578,0.26828933879733086,238.54842792820182,100.0,13317.25,0.8,20247.41015625
19,1775576718.3043096,0.26907722279429436,237.84993517986126,99.0,13317.25,0.8,20250.85546875
20,1775576718.7084851,0.2684056218713522,238.4450800761373,99.0,13317.25,0.8,20238.5234375
21,1775576719.1142113,0.2682354599237442,238.59634374289794,98.0,13317.25,0.8,20245.6796875
22,1775576719.5289347,0.26909906417131424,237.83063013276117,91.0,13317.25,0.8,20242.0078125
23,1775576719.9525254,0.2681621387600899,238.66158099692564,79.0,13317.25,0.9,20238.828125
24,1775576720.3732185,0.2686631139367819,238.21654957464537,69.0,13317.25,0.8,20240.15625
25,1775576720.794226,0.26838622987270355,238.46230870471786,58.0,13317.25,0.9,20253.56640625
26,1775576721.2058027,0.2684689834713936,238.38880444384537,52.0,13317.25,0.8,20262.79296875
27,1775576721.614863,0.2705430891364813,236.56120806587606,49.0,13317.25,0.8,20236.828125
28,1775576722.0304601,0.26838431879878044,238.46400671413156,40.0,13317.25,0.8,20238.2109375
29,1775576722.446027,0.2684236615896225,238.42905510262327,99.0,13317.25,0.8,20237.24609375
30,1775576722.8587904,0.26919265277683735,237.7479449747704,100.0,13317.25,0.9,20236.7734375
31,1775576723.2754352,0.2684935834258795,238.36696275338693,99.0,13317.25,0.8,20242.69921875
32,1775576723.6902697,0.26831480860710144,238.5257836950641,100.0,13317.25,0.8,20241.98046875
33,1775576724.096018,0.26893769949674606,237.9733303280314,99.0,13317.25,0.8,20236.6640625
34,1775576724.5161955,0.2684375401586294,238.41672801121666,97.0,13317.25,0.8,20244.06640625
35,1775576724.9321363,0.2683088667690754,238.531065971378,89.0,13317.25,0.8,20244.33203125
36,1775576725.3472834,0.268320519477129,238.52070696909638,81.0,13317.25,0.8,20238.03125
37,1775576725.7758985,0.26890553161501884,238.00179793856455,67.0,13317.25,0.8,20238.37109375
38,1775576726.196263,0.2683604098856449,238.48525208048386,56.0,13317.25,0.8,20242.80078125
39,1775576726.610938,0.2684540320187807,238.40208142421434,49.0,13317.25,0.9,20242.91796875
40,1775576727.0194676,0.2687364872545004,238.15150913761238,45.0,13317.25,0.8,20240.96875
41,1775576727.433344,0.2683230806142092,238.51843029492576,38.0,13317.25,0.9,20250.83984375
42,1775576727.849215,0.2682425379753113,238.59004795835358,100.0,13317.25,0.8,20243.96875
43,1775576728.256551,0.26855255104601383,238.31462315557835,99.0,13317.25,0.9,20240.03125
44,1775576728.6646404,0.26844867318868637,238.40684045778792,100.0,13317.25,0.9,20245.5625
45,1775576729.0715883,0.268318559974432,238.52244886115423,100.0,13317.25,0.8,20240.4140625
46,1775576729.4841197,0.2686577942222357,238.22126651966306,99.0,13317.25,0.8,20255.296875
47,1775576729.9025111,0.2684794720262289,238.3794914262479,100.0,13317.25,0.8,20240.3828125
48,1775576730.317014,0.2685834039002657,238.28724735265257,95.0,13317.25,0.8,20248.87109375
49,1775576730.7244623,0.2684640418738127,238.3931924487757,91.0,13317.25,0.8,20241.75390625
50,1775576731.1333396,0.26830265671014786,238.53658694531802,87.0,13317.25,0.9,20243.25
51,1775576731.554837,0.26953033171594143,237.45008434690658,77.0,13317.25,0.8,20245.73046875
52,1775576731.9604743,0.26872866600751877,238.1584404479176,73.0,13317.25,0.8,20239.3515625
53,1775576732.3779662,0.26860574446618557,238.2674284468137,65.0,13317.25,0.8,20241.41796875
54,1775576732.7867343,0.26837545074522495,238.4718863900733,60.0,13317.25,0.9,20245.12890625
55,1775576733.203282,0.26866869628429413,238.2115999560955,52.0,13317.25,0.8,20255.09375
56,1775576733.6112604,0.26884501799941063,238.05536913516585,48.0,13317.25,0.8,20240.1796875
57,1775576734.018943,0.2685300502926111,238.33459208852287,44.0,13317.25,0.8,20238.30859375
58,1775576734.4294515,0.2684070020914078,238.44385392823835,39.0,13317.25,0.9,20241.359375
59,1775576734.8433483,0.2684761621057987,238.38243029852103,100.0,13317.25,0.8,20253.78515625
60,1775576735.263669,0.2693736758083105,237.5881748947999,99.0,13317.25,0.8,20239.0390625
61,1775576735.6960006,0.26846824027597904,238.389464370942,99.0,13317.25,0.8,20238.8125
62,1775576736.1139152,0.26848909445106983,238.37094810442488,96.0,13317.25,0.8,20242.75
63,1775576736.5289135,0.2686897125095129,238.1929676512423,88.0,13317.25,0.8,20248.6953125
64,1775576736.9349246,0.2690169420093298,237.90323212350103,85.0,13317.25,0.8,20240.34765625
65,1775576737.3566673,0.2690099496394396,237.90941593714552,74.0,13317.25,0.8,20243.07421875
66,1775576737.7646627,0.26877504773437977,238.1173421397688,70.0,13317.25,0.8,20241.6953125
67,1775576738.1667547,0.26852470077574253,238.3393401616687,69.0,13317.25,0.8,20252.27734375
68,1775576738.572144,0.26892654970288277,237.98319679001165,67.0,13317.25,0.8,20245.7734375
69,1775576738.9813857,0.26887510903179646,238.02872727959183,62.0,13317.25,0.9,20243.578125
70,1775576739.3911006,0.26859170384705067,238.27988386582763,57.0,13317.25,0.8,20243.84375
71,1775576739.8078566,0.26857583224773407,238.29396511360883,48.0,13317.25,0.8,20247.5390625
72,1775576740.223779,0.26858970522880554,238.28165694392433,41.0,13317.25,0.9,20244.09375
73,1775576740.6368926,0.26913042180240154,237.80291938526923,35.0,13317.25,0.9,20251.953125
74,1775576741.0511065,0.26896290108561516,237.9510324348702,99.0,13317.25,0.8,20253.4296875
75,1775576741.4548821,0.26877799816429615,238.1147282780143,100.0,13317.25,0.8,20254.8984375
76,1775576741.8625958,0.26855794340372086,238.30983805155728,100.0,13317.25,0.8,20254.7734375
77,1775576742.2781203,0.2686270624399185,238.2485197831262,100.0,13317.25,0.8,20253.91015625
78,1775576742.6816156,0.2686891257762909,238.1934877903695,99.0,13317.25,0.9,20255.2578125
79,1775576743.0853686,0.2685966845601797,238.275465331221,100.0,13317.25,0.8,20255.1328125
80,1775576743.4913971,0.2691156528890133,237.81596987371972,99.0,13317.25,0.8,20255.0078125
81,1775576743.9037554,0.26858874410390854,238.2825096171581,99.0,13317.25,0.8,20255.375
82,1775576744.3167455,0.26884507946670055,238.05531470746934,93.0,13317.25,0.8,20255.62109375
83,1775576744.7307053,0.2686694636940956,238.21091954413458,86.0,13317.25,0.8,20255.37109375
84,1775576745.1328464,0.26873771846294403,238.15041805836012,85.0,13317.25,0.8,20255.24609375
85,1775576745.549315,0.26950084045529366,237.47606831903994,77.0,13317.25,0.8,20255.61328125
86,1775576745.9725919,0.2687219176441431,238.16442127639343,65.0,13317.25,0.8,20255.48828125
87,1775576746.3760126,0.26898051239550114,237.93545275836289,63.0,13317.25,0.8,20255.36328125
88,1775576746.792766,0.2688262965530157,238.0719476503239,55.0,13317.25,0.8,20253.515625
89,1775576747.1982243,0.2687118947505951,238.17330475601608,52.0,13317.25,0.8,20253.14453125
90,1775576747.6015465,0.268619604408741,238.25513458286298,50.0,13317.25,0.8,20253.51171875
91,1775576748.0079167,0.2692232448607683,237.7209294579979,47.0,13317.25,0.8,20253.38671875
92,1775576748.4202406,0.2687072567641735,238.17741571515705,41.0,13317.25,0.8,20253.5078125
93,1775576748.8372076,0.26875606551766396,238.13416034621034,99.0,13317.25,0.8,20253.13671875
94,1775576749.2537344,0.26883006654679775,238.06860899935432,99.0,13317.25,0.8,20253.2578125
95,1775576749.656123,0.2689839396625757,237.93242109653156,99.0,13317.25,0.8,20253.1328125
96,1775576750.0712118,0.2690024022012949,237.91609099501164,99.0,13317.25,0.8,20253.25390625
97,1775576750.480534,0.26866007409989834,238.2192449489249,99.0,13317.25,0.8,20253.375
98,1775576750.8812642,0.2686984669417143,238.18520711501787,100.0,13317.25,0.8,20253.25
99,1775576751.2835085,0.2686059456318617,238.267250002408,100.0,13317.25,0.8,20253.37109375
100,1775576751.685219,0.2686099745333195,238.2636762137855,100.0,13317.25,0.8,20253.73828125
101,1775576752.0870705,0.26880108565092087,238.09427646104726,99.0,13317.25,0.8,20252.875
102,1775576752.4969034,0.2689040694385767,238.00309208269135,99.0,13317.25,0.8,20253.2421875
103,1775576752.9141867,0.2695802301168442,237.4061331287553,94.0,13317.25,0.9,20253.609375
104,1775576753.3254318,0.26878651790320873,238.10718074426148,88.0,13317.25,0.8,20253.484375
105,1775576753.7383711,0.2687550187110901,238.1350878838828,81.0,13317.25,0.8,20253.8515625
106,1775576754.1407645,0.2688312567770481,238.06755496842248,80.0,13317.25,0.8,20253.60546875
107,1775576754.5565276,0.26912843622267246,237.80467385114017,72.0,13317.25,0.8,20253.6015625
108,1775576754.961256,0.2687552869319916,238.134850222296,70.0,13317.25,0.8,20253.4765625
109,1775576755.3774204,0.2690818849951029,237.8458141140373,61.0,13317.25,0.8,20253.84375
110,1775576755.781067,0.26881696842610836,238.0802089046404,59.0,13317.25,0.8,20253.2265625
111,1775576756.1862652,0.2692061457782984,237.73602870384119,57.0,13317.25,0.8,20253.47265625
112,1775576756.5897455,0.2687957361340523,238.09901496384705,55.0,13317.25,0.8,20253.46875
113,1775576756.9941096,0.26885058730840683,238.0504377570268,53.0,13317.25,0.8,20253.8359375
114,1775576757.4094903,0.26904737390577793,237.87632293490884,45.0,13317.25,0.8,20253.46484375
115,1775576757.8120039,0.26900942251086235,237.90988212472647,44.0,13317.25,0.8,20253.5859375
116,1775576758.2177327,0.26896400190889835,237.9500585423236,41.0,13317.25,0.8,20242.38671875
117,1775576758.636425,0.26904323138296604,237.87998557339674,99.0,13317.25,0.8,20243.2890625
118,1775576759.0603714,0.2693303357809782,237.62640704553002,99.0,13317.25,0.9,20249.5625
119,1775576759.4686298,0.26883307844400406,238.0659417748353,100.0,13317.25,0.8,20252.14453125
120,1775576759.8703122,0.26911146380007267,237.8196718053849,99.0,13317.25,0.9,20253.00390625
121,1775576760.2873416,0.26868756487965584,238.19487153663164,100.0,13317.25,0.8,20253.49609375
122,1775576760.7008145,0.2686310075223446,238.24502089423356,99.0,13317.25,0.8,20252.75390625
123,1775576761.1151807,0.26898729242384434,237.92945541514632,92.0,13317.25,0.8,20252.875
124,1775576761.527311,0.2687131054699421,238.17223163742923,85.0,13317.25,0.8,20253.2421875
125,1775576761.9440672,0.2692031152546406,237.73870499032702,77.0,13317.25,0.8,20253.36328125
126,1775576762.350621,0.2688552178442478,238.0463377767741,74.0,13317.25,0.8,20252.87109375
127,1775576762.766621,0.2691083140671253,237.8224553256875,66.0,13317.25,0.9,20253.359375
128,1775576763.1759782,0.2688602190464735,238.04190975883031,61.0,13317.25,0.8,20252.98828125
129,1775576763.5912876,0.26913515478372574,237.79873740920152,53.0,13317.25,0.9,20253.6015625
130,1775576764.0074325,0.2689856421202421,237.930915180189,45.0,13317.25,0.8,20252.984375
131,1775576764.4228761,0.2687595672905445,238.13105760366227,38.0,13317.25,0.8,20253.3515625
132,1775576764.8354998,0.26942205615341663,237.5455109865117,99.0,13317.25,0.8,20252.98046875
133,1775576765.2397976,0.2688225992023945,238.075222060534,100.0,13317.25,0.8,20253.71875
134,1775576765.6526368,0.2689465209841728,237.96552476604197,100.0,13317.25,0.8,20253.22265625
135,1775576766.0666804,0.26887177862226963,238.0316756483089,100.0,13317.25,0.8,20253.09765625
136,1775576766.4811904,0.26872894540429115,238.15819283521822,99.0,13317.25,0.8,20253.46484375
137,1775576766.8842883,0.2689521387219429,237.96055426116772,99.0,13317.25,0.8,20253.09375
138,1775576767.2992404,0.26900568045675755,237.913191614881,99.0,13317.25,0.8,20252.84765625
139,1775576767.7011251,0.2688367683440447,238.06267421759736,98.0,13317.25,0.8,20253.58203125
140,1775576768.1125624,0.2687333673238754,238.15427402012077,92.0,13317.25,0.8,20253.2109375
141,1775576768.5177546,0.2695737387984991,237.41184985321846,90.0,13317.25,0.8,20253.578125
142,1775576768.9205177,0.26887281984090805,238.03075386299284,88.0,13317.25,0.8,20253.453125
143,1775576769.3244646,0.2688640095293522,238.03855381027876,86.0,13317.25,0.8,20253.453125
144,1775576769.7286217,0.26920580491423607,237.73632972137878,84.0,13317.25,0.8,20253.203125
145,1775576770.1325624,0.26916338317096233,237.77379837490614,82.0,13317.25,0.8,20253.078125
146,1775576770.5366957,0.2690457422286272,237.87776557941092,79.0,13317.25,0.8,20253.4453125
147,1775576770.9400764,0.26871979609131813,238.1663015933932,78.0,13317.25,0.8,20253.56640625
148,1775576771.342703,0.2689495012164116,237.96288786757063,76.0,13317.25,0.8,20253.56640625
149,1775576771.7444623,0.2689834591001272,237.932846183588,75.0,13317.25,0.8,20253.5625
150,1775576772.1497037,0.2689337097108364,237.9768607989465,73.0,13317.25,0.8,20252.9453125
151,1775576772.567707,0.26969235204160213,237.3074338797991,64.0,13317.25,0.9,20253.06640625
152,1775576772.9820068,0.2689075991511345,237.99996802630332,56.0,13317.25,0.8,20253.1875
153,1775576773.386349,0.2689523510634899,237.9603663880667,54.0,13317.25,0.8,20253.30859375
154,1775576773.8019428,0.26918090507388115,237.758320867649,46.0,13317.25,0.8,20253.4296875
155,1775576774.204136,0.26885067112743855,238.05036354052174,45.0,13317.25,0.8,20253.4296875
156,1775576774.6081018,0.2689303494989872,237.97983425534136,43.0,13317.25,0.8,20253.671875
157,1775576775.0245554,0.2690641228109598,237.86151543126908,35.0,13317.25,0.8,20253.546875
158,1775576775.4291828,0.26895178109407425,237.96087067969262,99.0,13317.25,0.8,20253.66796875
159,1775576775.8376582,0.2689302209764719,237.97994798657908,99.0,13317.25,0.8,20253.296875
160,1775576776.2411726,0.26911228336393833,237.81894754112196,100.0,13317.25,0.8,20253.54296875
161,1775576776.65651,0.2691451236605644,237.78992957239814,99.0,13317.25,0.8,20253.5390625
162,1775576777.0600643,0.26899106055498123,237.92612240702522,99.0,13317.25,0.8,20253.66015625
163,1775576777.4629812,0.26902319863438606,237.89769925001417,99.0,13317.25,0.8,20253.53515625
164,1775576777.8672109,0.26902114041149616,237.89951935414913,100.0,13317.25,0.8,20253.41015625
165,1775576778.2708163,0.2689064797013998,238.00095881314252,100.0,13317.25,0.8,20253.1640625
166,1775576778.675051,0.2688756287097931,238.02826722193348,100.0,13317.25,0.8,20253.65234375
167,1775576779.078203,0.2688408773392439,238.05903564003003,100.0,13317.25,0.8,20253.7734375
168,1775576779.496934,0.26890335977077484,238.0037202010285,98.0,13317.25,0.8,20253.6484375
169,1775576779.899957,0.26900880970060825,237.91042409067725,96.0,13317.25,0.8,20253.27734375
170,1775576780.3121443,0.2691488042473793,237.786677815505,90.0,13317.25,0.8,20253.76953125
171,1775576780.7140093,0.2688685115426779,238.03456802282028,89.0,13317.25,0.8,20253.02734375
172,1775576781.126421,0.26902960054576397,237.89203816296458,83.0,13317.25,0.8,20253.39453125
173,1775576781.5437982,0.2690770048648119,237.8501278180739,74.0,13317.25,0.8,20253.515625
174,1775576781.9653628,0.26909283362329006,237.83613683891426,63.0,13317.25,0.8,20253.14453125
175,1775576782.3696365,0.26908441446721554,237.84357829389472,61.0,13317.25,0.8,20253.51171875
176,1775576782.7730777,0.2689106334000826,237.99728255736704,59.0,13317.25,0.9,20253.38671875
177,1775576783.17819,0.26884954795241356,238.05135804553413,57.0,13317.25,0.8,20253.6328125
178,1775576783.5843942,0.26937317848205566,237.588613538461,54.0,13317.25,0.8,20253.62890625
179,1775576783.9893863,0.2691669836640358,237.77061781054996,51.0,13317.25,0.8,20253.2578125
180,1775576784.3953743,0.2688664589077234,238.03638527468829,48.0,13317.25,0.8,20253.625
181,1775576784.8100252,0.2687286473810673,238.1584569554492,41.0,13317.25,0.8,20253.5
182,1775576785.2137067,0.2689893487840891,237.92763650047414,39.0,13317.25,0.8,20253.74609375
183,1775576785.6263876,0.269006771966815,237.91222626876888,99.0,13317.25,0.8,20253.7421875
184,1775576786.0406847,0.26905035227537155,237.8736896597569,100.0,13317.25,0.8,20253.86328125
185,1775576786.4443226,0.26912310533225536,237.80938437443547,99.0,13317.25,0.8,20253.73828125
186,1775576786.8602371,0.26909575425088406,237.83355548720903,100.0,13317.25,0.8,20252.875
187,1775576787.2635117,0.26899151876568794,237.9257171143335,100.0,13317.25,0.8,20253.859375
188,1775576787.6685648,0.269004100933671,237.9145885801222,100.0,13317.25,0.8,20236.52734375
189,1775576788.0743983,0.26887959986925125,238.02475171460176,100.0,13317.25,0.9,20251.90625
190,1775576788.4880521,0.26916808262467384,237.7696470396201,99.0,13317.25,0.8,20251.78125
191,1775576788.9024434,0.26955017261207104,237.43260625585643,94.0,13317.25,0.8,20251.41015625
192,1775576789.3061304,0.269168496131897,237.76928176854304,92.0,13317.25,0.8,20252.1484375
193,1775576789.719292,0.2690817229449749,237.84595735284293,85.0,13317.25,0.8,20253.375
194,1775576790.1240025,0.2691878639161587,237.75217451828905,83.0,13317.25,0.8,20253.49609375
195,1775576790.5389545,0.26922357454895973,237.72063834759487,75.0,13317.25,0.8,20253.6171875
196,1775576790.9527984,0.2690185233950615,237.9018336444221,68.0,13317.25,0.8,20253.73828125
197,1775576791.3530138,0.2690540309995413,237.87043725841488,68.0,13317.25,0.8,20253.61328125
198,1775576791.7563214,0.26931442879140377,237.64044239000242,66.0,13317.25,0.8,20252.99609375
199,1775576792.1694384,0.26897669956088066,237.93882557293452,60.0,13317.25,0.8,20253.1171875
200,1775576792.5744202,0.2690882124006748,237.84022134980557,57.0,13317.25,0.9,20235.91015625
201,1775576792.9930909,0.2690255530178547,237.89561728269155,48.0,13317.25,0.8,20248.3359375
202,1775576793.4084706,0.2692480757832527,237.69900607022578,41.0,13317.25,0.8,20251.65625
203,1775576793.8135908,0.2694327272474766,237.53610281061134,38.0,13317.25,0.8,20251.77734375
204,1775576794.230758,0.26902996003627777,237.89172028040974,99.0,13317.25,0.8,20252.515625
205,1775576794.6456916,0.26892671175301075,237.983053385858,100.0,13317.25,0.8,20252.01953125
206,1775576795.0603628,0.2693165559321642,237.63856543643163,99.0,13317.25,0.8,20252.38671875
207,1775576795.4634542,0.26895578019320965,237.9573324433643,100.0,13317.25,0.8,20252.5078125
208,1775576795.8794005,0.26900130324065685,237.91706296212115,100.0,13317.25,0.8,20252.62890625
209,1775576796.2818437,0.2691381424665451,237.79609762282374,100.0,13317.25,0.8,20252.62890625
210,1775576796.697814,0.26908715069293976,237.84115976994963,95.0,13317.25,0.8,20252.625
211,1775576797.1116421,0.2689435388892889,237.96816337106992,88.0,13317.25,0.8,20251.76171875
212,1775576797.5165677,0.2693911474198103,237.57276589443566,85.0,13317.25,0.8,20253.60546875
213,1775576797.9349425,0.26899680867791176,237.92103822551877,76.0,13317.25,0.8,20253.234375
214,1775576798.3380158,0.26900627091526985,237.9126694044927,75.0,13317.25,0.8,20253.97265625
215,1775576798.752123,0.2692391537129879,237.70688296036153,68.0,13317.25,0.8,20253.23046875
216,1775576799.1767495,0.26920048519968987,237.74102766763414,55.0,13317.25,0.8,20253.3515625
217,1775576799.5810196,0.2691677939146757,237.76990207189328,53.0,13317.25,0.8,20253.47265625
218,1775576799.9842896,0.2691597919911146,237.77697079700798,51.0,13317.25,0.8,20253.59375
219,1775576800.3877947,0.26922106370329857,237.72285540975616,49.0,13317.25,0.8,20253.16015625
220,1775576800.807007,0.2689840402454138,237.93233212501428,40.0,13317.25,0.8,20235.953125
221,1775576801.223665,0.2692228965461254,237.7212370160909,99.0,13317.25,0.8,20249.734375
222,1775576801.638661,0.2693511676043272,237.60802883919564,99.0,13317.25,0.8,20249.23828125
223,1775576802.0436828,0.2691132929176092,237.81805538529832,100.0,13317.25,0.8,20249.359375
224,1775576802.4567366,0.2693280465900898,237.62842678395955,99.0,13317.25,0.8,20252.1875
225,1775576802.8693738,0.26912249252200127,237.80992588260858,99.0,13317.25,0.9,20252.30859375
226,1775576803.2856064,0.2689779922366142,237.9376820676859,99.0,13317.25,0.8,20252.0625
227,1775576803.7002752,0.2698024231940508,237.21061969102144,93.0,13317.25,0.8,20252.3046875
228,1775576804.1148286,0.26948685944080353,237.48838860938403,85.0,13317.25,0.8,20252.42578125
229,1775576804.5212076,0.26944534853100777,237.52497621102887,82.0,13317.25,0.8,20252.30078125
230,1775576804.9370553,0.26911150477826595,237.819635592067,74.0,13317.25,0.8,20252.421875
231,1775576805.34312,0.269109383225441,237.82151046879434,71.0,13317.25,0.8,20252.421875
232,1775576805.7567825,0.2691184338182211,237.81351240781032,64.0,13317.25,0.8,20252.41796875
233,1775576806.1783032,0.26923887617886066,237.70712799099468,53.0,13317.25,0.8,20251.80078125
234,1775576806.5912497,0.26913618482649326,237.7978273016671,47.0,13317.25,0.8,20252.16796875
235,1775576806.9934413,0.2691584434360266,237.77816212260674,46.0,13317.25,0.8,20252.53515625
236,1775576807.4072,0.2690773010253906,237.84986602775848,39.0,13317.25,0.8,20252.65625
237,1775576807.8089018,0.269164415076375,237.77288681284298,38.0,13317.25,0.8,20252.28515625
238,1775576808.221236,0.26930435560643673,237.64933120328007,100.0,13317.25,0.8,20253.76171875
239,1775576808.6256862,0.26938544772565365,237.57779249151795,100.0,13317.25,0.8,20252.7734375
240,1775576809.0319755,0.26941301859915257,237.55347953404845,99.0,13317.25,0.8,20252.89453125
241,1775576809.4443104,0.26933629624545574,237.62114832705103,99.0,13317.25,0.8,20253.5078125
242,1775576809.8599777,0.2692140731960535,237.729028204972,100.0,13317.25,0.8,20253.62890625
243,1775576810.2624712,0.26920435577630997,237.73760946564897,100.0,13317.25,0.8,20253.3828125
244,1775576810.678061,0.2692136038094759,237.72944269671152,100.0,13317.25,0.8,20253.37890625
245,1775576811.0806537,0.2692411933094263,237.7050822473803,100.0,13317.25,0.8,20253.25390625
246,1775576811.4927342,0.2693286370486021,237.62790582291768,95.0,13317.25,0.8,20253.62109375
247,1775576811.8956537,0.26932340674102306,237.6325205983353,94.0,13317.25,0.8,20253.25
248,1775576812.3083997,0.2691675517708063,237.77011597035073,87.0,13317.25,0.8,20253.7421875
249,1775576812.7229617,0.2690709549933672,237.85547571114708,80.0,13317.25,0.9,20253.24609375
250,1775576813.1378956,0.2691441047936678,237.7908297455146,72.0,13317.25,0.8,20252.875
251,1775576813.5537636,0.269623352214694,237.36816367833924,64.0,13317.25,0.8,20253.2421875
252,1775576813.9646964,0.2691804841160774,237.75869268591399,59.0,13317.25,0.8,20253.1171875
253,1775576814.377035,0.2692278940230608,237.71682437377035,53.0,13317.25,0.8,20253.23828125
254,1775576814.7813492,0.26924579590559006,237.70101882088937,50.0,13317.25,0.8,20253.359375
255,1775576815.1837404,0.26971024461090565,237.29169091195945,49.0,13317.25,0.8,20254.34375
256,1775576815.596537,0.26953914016485214,237.44232455760275,43.0,13317.25,0.8,20253.6015625
257,1775576816.00034,0.26925174333155155,237.69576830999975,41.0,13317.25,0.8,20253.72265625
258,1775576816.4124987,0.26957695186138153,237.40902016322698,35.0,13317.25,0.8,20253.59765625
259,1775576816.8254693,0.26913394406437874,237.79980716475788,100.0,13317.25,0.8,20253.47265625
260,1775576817.2271547,0.26923126354813576,237.71384926311674,100.0,13317.25,0.8,20252.98046875
261,1775576817.6303306,0.2691452857106924,237.7897864010681,100.0,13317.25,0.8,20253.46875
262,1775576818.0350795,0.26942250691354275,237.545113558525,99.0,13317.25,0.8,20253.58984375
263,1775576818.4489222,0.26936868764460087,237.5925745476408,99.0,13317.25,0.8,20253.7109375
264,1775576818.8622928,0.26921856589615345,237.72506100001635,100.0,13317.25,0.8,20253.09375
265,1775576819.2772956,0.2691132538020611,237.81808995209673,100.0,13317.25,0.8,20253.33984375
266,1775576819.6933842,0.26918650418519974,237.75337546628316,94.0,13317.25,0.8,20253.58203125
267,1775576820.1104329,0.26957429200410843,237.41136264961278,85.0,13317.25,0.8,20253.703125
268,1775576820.5137646,0.2692487761378288,237.69838778111404,83.0,13317.25,0.8,20253.578125
269,1775576820.925642,0.26932247541844845,237.63334233640433,77.0,13317.25,0.8,20253.69921875
270,1775576821.3282022,0.2692505046725273,237.69686180473172,76.0,13317.25,0.8,20253.69921875
271,1775576821.7443435,0.2697165925055742,237.2861061511346,68.0,13317.25,0.8,20253.203125
272,1775576822.1472807,0.26921711303293705,237.72634391250602,66.0,13317.25,0.8,20253.078125
273,1775576822.5642967,0.26959846355021,237.39007692111957,58.0,13317.25,0.9,20253.4453125
274,1775576822.9690897,0.2692263238132,237.71821081064036,55.0,13317.25,0.8,20253.07421875
275,1775576823.3834937,0.2690264321863651,237.8948398485421,48.0,13317.25,0.8,20253.44140625
276,1775576823.7886813,0.2691974826157093,237.74367939154425,45.0,13317.25,0.8,20253.31640625
277,1775576824.1926074,0.2691893521696329,237.75086006993928,43.0,13317.25,0.8,20253.68359375
278,1775576824.5964522,0.2692920360714197,237.6602031521882,42.0,13317.25,0.8,20253.3125
279,1775576825.0012407,0.26941052079200745,237.55568198247838,39.0,13317.25,0.8,20253.1875
280,1775576825.4164557,0.2692638151347637,237.68511178514154,100.0,13317.25,0.8,20253.5546875
281,1775576825.828056,0.2692199647426605,237.72382579863913,99.0,13317.25,0.8,20253.4296875
282,1775576826.2426074,0.26916293427348137,237.7741949230394,100.0,13317.25,0.8,20253.18359375
283,1775576826.6465516,0.26948381029069424,237.49107573832623,99.0,13317.25,0.8,20253.42578125
284,1775576827.0619237,0.26921724528074265,237.72622713400142,99.0,13317.25,0.8,20253.30078125
285,1775576827.4805577,0.26941879838705063,237.54838334649816,99.0,13317.25,0.8,20253.66796875
286,1775576827.893882,0.26959289237856865,237.39498261745604,92.0,13317.25,0.8,20253.7890625
287,1775576828.3097625,0.26953331008553505,237.44746050011378,84.0,13317.25,0.8,20253.7890625
288,1775576828.7146327,0.26925610564649105,237.69191731542838,82.0,13317.25,0.8,20253.5390625
289,1775576829.1297102,0.26931099593639374,237.64347154661152,74.0,13317.25,0.8,20253.16796875
290,1775576829.5471127,0.26956084184348583,237.42320866159076,65.0,13317.25,0.8,20253.78125
291,1775576829.9523814,0.2693166248500347,237.63850462494668,63.0,13317.25,0.8,20253.41015625
292,1775576830.3705623,0.2692623157054186,237.68643537188473,53.0,13317.25,0.8,20253.28125
293,1775576830.7863874,0.2692424152046442,237.70400347714624,45.0,13317.25,0.8,20253.15625
294,1775576831.1977296,0.26923317462205887,237.71216192002046,40.0,13317.25,0.8,20252.78515625
295,1775576831.6107404,0.26928417570888996,237.66714041595705,99.0,13317.25,0.8,20253.64453125
296,1775576832.0247006,0.269096240401268,237.8331258161213,100.0,13317.25,0.8,20253.51953125
297,1775576832.436902,0.2694831509143114,237.49165683590485,99.0,13317.25,0.8,20253.640625
298,1775576832.8414764,0.2690139412879944,237.90588581981498,100.0,13317.25,0.9,20253.0234375
299,1775576833.2572415,0.2691960446536541,237.74494934478696,100.0,13317.25,0.8,20253.515625
300,1775576833.6606922,0.26917058415710926,237.76743733128183,100.0,13317.25,0.9,20253.26171875
301,1775576834.074895,0.26907065138220787,237.85574410004926,100.0,13317.25,0.8,20253.13671875
302,1775576834.4800649,0.2696325611323118,237.36005670544537,98.0,13317.25,0.8,20253.50390625
303,1775576834.8974187,0.26926913671195507,237.6804144043535,89.0,13317.25,0.8,20253.37890625
304,1775576835.311819,0.2692930866032839,237.65927602249687,82.0,13317.25,0.8,20253.1328125
305,1775576835.7161198,0.2692425176501274,237.70391303191602,80.0,13317.25,0.8,20253.375
306,1775576836.118791,0.2692670077085495,237.68229366322007,78.0,13317.25,0.8,20253.25
307,1775576836.5227609,0.2695119306445122,237.46629637860588,76.0,13317.25,0.8,20253.37109375
308,1775576836.9294944,0.26937913708388805,237.5833581353763,73.0,13317.25,0.8,20253.4921875
309,1775576837.3449502,0.26950755156576633,237.47015483676515,65.0,13317.25,0.8,20253.4921875
310,1775576837.7566996,0.26919667422771454,237.74439332731927,59.0,13317.25,0.8,20253.734375
311,1775576838.1719162,0.2692467551678419,237.7001719486051,52.0,13317.25,0.8,20253.1171875
312,1775576838.5884995,0.26947478018701077,237.49903406762266,43.0,13317.25,0.8,20253.73046875
313,1775576838.9939973,0.26920701563358307,237.73526053685848,41.0,13317.25,0.8,20253.359375
314,1775576839.4000826,0.26930934749543667,237.64492616092522,38.0,13317.25,0.8,20253.48046875
315,1775576839.8159134,0.26919963397085667,237.74177942206484,100.0,13317.25,0.8,20253.109375
316,1775576840.2220473,0.26955279894173145,237.4302928823778,99.0,13317.25,0.8,20254.09375
317,1775576840.6358306,0.2693819161504507,237.5809071172238,99.0,13317.25,0.8,20254.3359375
318,1775576841.042139,0.2696484122425318,237.34610364564665,99.0,13317.25,0.8,20254.2109375
319,1775576841.4484184,0.26941367611289024,237.55289977626302,99.0,13317.25,0.8,20254.15625
320,1775576841.8641143,0.26921456307172775,237.72859562188046,100.0,13317.25,0.8,20254.5234375
321,1775576842.2740445,0.26949687860906124,237.4795594305935,99.0,13317.25,0.8,20254.27734375
322,1775576842.6894681,0.26944106072187424,237.52875611658487,92.0,13317.25,0.9,20255.0078125
323,1775576843.094544,0.26930053532123566,237.6527024859326,89.0,13317.25,0.8,20255.12890625
324,1775576843.4964519,0.26935796812176704,237.6020299168128,88.0,13317.25,0.8,20255.49609375
325,1775576843.9113398,0.26930651627480984,237.64742452311162,81.0,13317.25,0.8,20255.37109375
326,1775576844.3163445,0.26942197792232037,237.54557996175225,78.0,13317.25,0.8,20256.109375
327,1775576844.7293658,0.26938905753195286,237.5746089553352,72.0,13317.25,0.8,20255.12109375
328,1775576845.1409411,0.26931188628077507,237.64268589792528,66.0,13317.25,0.8,20254.99609375
329,1775576845.5556366,0.2694790009409189,237.49531420458055,59.0,13317.25,0.8,20255.609375
330,1775576845.9591398,0.26918761245906353,237.75239661049687,57.0,13317.25,0.8,20255.73046875
331,1775576846.363045,0.2692666742950678,237.68258796804363,55.0,13317.25,0.8,20255.60546875
332,1775576846.7791758,0.2693010661751032,237.65223401821342,47.0,13317.25,0.8,20254.7421875
333,1775576847.190883,0.26936779730021954,237.59335986502438,41.0,13317.25,0.8,20255.35546875
334,1775576847.5941093,0.26959675177931786,237.39158419975357,40.0,13317.25,0.8,20255.72265625
335,1775576847.9981625,0.26957913115620613,237.40710093362367,38.0,13317.25,0.8,20255.3515625
336,1775576848.4038568,0.2695117797702551,237.46642931361555,35.0,13317.25,0.8,20255.71875
337,1775576848.8104212,0.26917271688580513,237.76555343516335,100.0,13317.25,0.8,20255.83984375
338,1775576849.2137265,0.26929253898561,237.65975931260363,99.0,13317.25,0.8,20255.59375
339,1775576849.6173,0.26952326111495495,237.45631354877094,99.0,13317.25,0.8,20255.8359375
340,1775576850.0233989,0.26934023573994637,237.61767277055975,100.0,13317.25,0.8,20255.46484375
341,1775576850.4270759,0.2693951986730099,237.5691931973991,100.0,13317.25,0.8,20255.5859375
342,1775576850.8418088,0.269343638792634,237.61467056318045,99.0,13317.25,0.8,20255.4609375
343,1775576851.2561116,0.2692271638661623,237.71746907312652,100.0,13317.25,0.8,20255.953125
344,1775576851.661002,0.26945617981255054,237.51542846232786,99.0,13317.25,0.8,20255.45703125
345,1775576852.075768,0.2692921347916126,237.66011602799082,97.0,13317.25,0.8,20255.33203125
346,1775576852.4915469,0.2693474795669317,237.61128228451184,90.0,13317.25,0.8,20255.69921875
347,1775576852.902306,0.2696897331625223,237.3097383037265,84.0,13317.25,0.9,20255.57421875
348,1775576853.3074734,0.2692711688578129,237.67862066879815,81.0,13317.25,0.8,20255.8203125
349,1775576853.7094991,0.2692883051931858,237.6634958361329,80.0,13317.25,0.8,20255.5703125
350,1775576854.1147623,0.26930891908705235,237.6453041991989,78.0,13317.25,0.8,20255.19921875
351,1775576854.5187826,0.2693489361554384,237.6099973272821,76.0,13317.25,0.8,20255.8125
352,1775576854.9214072,0.2693248763680458,237.63122390722208,74.0,13317.25,0.8,20255.44140625
353,1775576855.3358514,0.26937225833535194,237.58942511564769,67.0,13317.25,0.8,20255.1953125
354,1775576855.7478008,0.26945221051573753,237.51892729884298,61.0,13317.25,0.8,20255.4375
355,1775576856.1613526,0.2695061191916466,237.47141694578525,54.0,13317.25,0.8,20254.8203125
356,1775576856.5649285,0.2697072047740221,237.29436539755503,52.0,13317.25,0.8,20255.92578125
357,1775576856.9692254,0.26952653005719185,237.45343356893142,50.0,13317.25,0.8,20255.80078125
358,1775576857.3752353,0.26932310685515404,237.63278519737315,47.0,13317.25,0.8,20255.67578125
359,1775576857.7896693,0.2696571722626686,237.33839327536467,40.0,13317.25,0.8,20255.3046875
360,1775576858.1931942,0.26927268505096436,237.67728237227973,38.0,13317.25,0.8,20255.796875
361,1775576858.6056771,0.26925855688750744,237.68975344667814,100.0,13317.25,0.8,20255.546875
362,1775576859.0225387,0.26937006041407585,237.59136372327035,100.0,13317.25,0.8,20255.421875
363,1775576859.4257264,0.2695012018084526,237.47574990588674,100.0,13317.25,0.8,20255.54296875
364,1775576859.8425632,0.2692973464727402,237.65551661861045,100.0,13317.25,0.8,20255.6640625
365,1775576860.2463815,0.2695067599415779,237.47085235959776,99.0,13317.25,0.8,20255.6640625
366,1775576860.6595118,0.26931007765233517,237.6442818549871,100.0,13317.25,0.8,20255.4140625
367,1775576861.0627139,0.2692041639238596,237.73777889297972,100.0,13317.25,0.8,20255.2890625
368,1775576861.477322,0.2692771051079035,237.67338101155764,95.0,13317.25,0.8,20255.41015625
369,1775576861.8933566,0.2692783772945404,237.672258140489,87.0,13317.25,0.8,20255.53125
370,1775576862.2956653,0.26930817775428295,237.64595837261825,86.0,13317.25,0.8,20256.0234375
371,1775576862.7003856,0.2696452625095844,237.34887609132443,84.0,13317.25,0.9,20255.28125
372,1775576863.1019325,0.26929876394569874,237.6542657021067,83.0,13317.25,0.8,20254.91015625
373,1775576863.5055678,0.26920078322291374,237.74076447245815,81.0,13317.25,0.8,20255.5234375
374,1775576863.9170032,0.26933770813047886,237.6199027022077,75.0,13317.25,0.8,20255.3984375
375,1775576864.3196573,0.2693178579211235,237.6374165976918,74.0,13317.25,0.8,20255.890625
376,1775576864.725845,0.26931541599333286,237.63957129577898,71.0,13317.25,0.8,20254.65625
377,1775576865.1413882,0.26936704851686954,237.59402032424873,63.0,13317.25,0.8,20255.515625
378,1775576865.5585687,0.2695918418467045,237.3959076862264,54.0,13317.25,0.8,20239.5390625
379,1775576865.9642391,0.269929276779294,237.09914227766112,51.0,13317.25,0.8,20245.3203125
380,1775576866.3906012,0.26931640692055225,237.63869692082986,38.0,13317.25,0.8,20245.1953125
381,1775576866.7964818,0.2693776749074459,237.58464773292528,35.0,13317.25,0.8,20246.546875
382,1775576867.199824,0.2694356385618448,237.53353617810205,99.0,13317.25,0.8,20250.23828125
383,1775576867.6184971,0.26983895525336266,237.17850500832182,99.0,13317.25,0.8,20254.41796875
384,1775576868.0326679,0.2694117072969675,237.55463577332216,99.0,13317.25,0.8,20254.29296875
385,1775576868.4338431,0.26937624625861645,237.58590777360664,100.0,13317.25,0.8,20254.16796875
386,1775576868.8478448,0.2692664675414562,237.68277047028357,100.0,13317.25,0.8,20253.796875
387,1775576869.2605722,0.26957017183303833,237.41499129821827,99.0,13317.25,0.8,20253.796875
388,1775576869.6648414,0.2693785559386015,237.58387068712068,99.0,13317.25,0.8,20254.28125
389,1775576870.069025,0.2692992966622114,237.65379558445983,98.0,13317.25,0.8,20253.91015625
390,1775576870.4841008,0.2693771068006754,237.58514879052646,91.0,13317.25,0.8,20254.5234375
391,1775576870.888045,0.2692808248102665,237.67009791764409,89.0,13317.25,0.8,20254.15234375
392,1775576871.2914693,0.2694282587617636,237.54004236278234,87.0,13317.25,0.8,20254.3984375
393,1775576871.7038412,0.26926804333925247,237.6813795143377,80.0,13317.25,0.8,20253.65625
394,1775576872.1179044,0.26983824372291565,237.17913041903216,73.0,13317.25,0.8,20253.77734375
395,1775576872.5346847,0.2698423359543085,237.17553353391108,65.0,13317.25,0.9,20253.65234375
396,1775576872.9489374,0.26950984075665474,237.46813778791383,58.0,13317.25,0.8,20253.52734375
397,1775576873.3619866,0.26979776471853256,237.21471549910066,51.0,13317.25,0.8,20254.140625
398,1775576873.7645867,0.2694206964224577,237.5467098475856,50.0,13317.25,0.8,20254.015625
399,1775576874.1779845,0.2698282767087221,237.18789142728576,43.0,13317.25,0.8,20253.64453125
400,1775576874.5940151,0.26965227350592613,237.3427049877756,36.0,13317.25,0.8,20254.01171875
401,1775576874.998465,0.2694425545632839,237.52743921141948,99.0,13317.25,0.8,20253.88671875
402,1775576875.417074,0.2695041708648205,237.47313369818497,100.0,13317.25,0.8,20254.0078125
403,1775576875.824165,0.26935362815856934,237.60585828204623,100.0,13317.25,0.8,20253.63671875
404,1775576876.2412922,0.26946355774998665,237.50892526766236,100.0,13317.25,0.8,20253.8828125
405,1775576876.6448658,0.2693026475608349,237.6508384884799,99.0,13317.25,0.8,20253.87890625
406,1775576877.0495465,0.2693700660020113,237.5913587945668,99.0,13317.25,0.8,20253.75390625
407,1775576877.4626195,0.269499396905303,237.47734033886684,99.0,13317.25,0.8,20254.12109375
408,1775576877.8689365,0.2697286941111088,237.27546010969309,97.0,13317.25,0.8,20254.2421875
409,1775576878.2826962,0.26949286088347435,237.48309988691267,90.0,13317.25,0.8,20254.2421875
410,1775576878.6866443,0.26950415037572384,237.47315175211838,88.0,13317.25,0.8,20254.23828125
411,1775576879.094505,0.26954326033592224,237.43869507343297,84.0,13317.25,0.8,20254.359375
412,1775576879.4992824,0.2693538870662451,237.60562989113203,82.0,13317.25,0.8,20253.98828125
413,1775576879.9119606,0.2696910612285137,237.3085696962412,75.0,13317.25,0.8,20254.109375
414,1775576880.3246872,0.26952753961086273,237.45254415337902,69.0,13317.25,0.8,20254.35546875
415,1775576880.7346463,0.2695567384362221,237.4268229066831,64.0,13317.25,0.9,20254.10546875
416,1775576881.149166,0.26941114850342274,237.55512849234194,56.0,13317.25,0.8,20253.48828125
417,1775576881.561654,0.2698457967489958,237.17249173805473,50.0,13317.25,0.8,20254.1015625
418,1775576881.976147,0.26935736648738384,237.6025606227392,43.0,13317.25,0.8,20254.22265625
419,1775576882.381955,0.26933035813272,237.62638732490092,40.0,13317.25,0.8,20254.09765625
420,1775576882.783146,0.26972820423543453,237.27589104525777,40.0,13317.25,0.9,20253.7265625
421,1775576883.19479,0.26980141550302505,237.21150565750986,99.0,13317.25,1.0,20253.97265625
422,1775576883.6032262,0.2695163320749998,237.46241835240755,99.0,13317.25,0.8,20253.94140625
423,1775576884.0067737,0.2694551609456539,237.51632655834743,99.0,13317.25,0.8,20253.81640625
424,1775576884.4112294,0.26941872760653496,237.54844575417567,100.0,13317.25,0.8,20254.18359375
425,1775576884.8239324,0.26941150799393654,237.55481150953807,99.0,13317.25,0.8,20254.05859375
426,1775576885.2371693,0.2694268301129341,237.54130193037378,100.0,13317.25,0.8,20254.05859375
427,1775576885.64341,0.2695969808846712,237.39138246276602,99.0,13317.25,0.8,20254.79296875
428,1775576886.0553563,0.2695109602063894,237.4671514323176,100.0,13317.25,0.8,20255.16015625
429,1775576886.4620423,0.269457820802927,237.51398200020176,99.0,13317.25,0.8,20255.16796875
430,1775576886.8646183,0.2694406993687153,237.52907467189803,98.0,13317.25,0.8,20254.796875
431,1775576887.276939,0.26960068196058273,237.38812355584912,92.0,13317.25,0.8,20255.2890625
432,1775576887.6820383,0.2693236172199249,237.63233488631903,89.0,13317.25,0.8,20255.53125
433,1775576888.0929146,0.26957826130092144,237.40786698137683,83.0,13317.25,0.8,20255.16015625
434,1775576888.4954925,0.2695089876651764,237.46888945874485,82.0,13317.25,0.8,20255.28515625
435,1775576888.900426,0.2694357093423605,237.53347377825827,80.0,13317.25,0.8,20255.16015625
436,1775576889.312538,0.26957647129893303,237.4094433821358,74.0,13317.25,0.8,20255.16015625
437,1775576889.7237003,0.26943959668278694,237.53004676349644,68.0,13317.25,0.8,20254.6640625
438,1775576890.1267188,0.26939151994884014,237.57243736608402,66.0,13317.25,0.8,20255.27734375
439,1775576890.5395803,0.2697667833417654,237.2419584323653,60.0,13317.25,0.8,20255.3984375
440,1775576890.9561656,0.26957263238728046,237.4128242664287,51.0,13317.25,0.8,20255.02734375
441,1775576891.3693314,0.26949081011116505,237.48490708681302,45.0,13317.25,0.8,20255.14453125
442,1775576891.7854023,0.2702228222042322,236.84157939712924,38.0,13317.25,0.8,20255.265625
443,1775576892.1978934,0.2696278989315033,237.36416095523802,99.0,13317.25,0.8,20254.89453125
444,1775576892.6087089,0.2694366108626127,237.53267900416833,100.0,13317.25,0.8,20255.015625
445,1775576893.020832,0.2695572506636381,237.42637173526148,100.0,13317.25,0.8,20255.13671875
446,1775576893.4363298,0.26943058893084526,237.53798799893087,100.0,13317.25,0.8,20255.01171875
447,1775576893.8494422,0.26937385648489,237.58801553776604,100.0,13317.25,0.8,20254.640625
448,1775576894.250645,0.2693605571985245,237.59974610102486,100.0,13317.25,0.8,20255.625
449,1775576894.6637926,0.2694772891700268,237.496822819897,97.0,13317.25,0.8,20255.125
450,1775576895.078582,0.2693855371326208,237.57771364129417,90.0,13317.25,0.8,20255.0
451,1775576895.4844542,0.2693316489458084,237.6252484641242,87.0,13317.25,0.8,20255.3671875
452,1775576895.8998785,0.2693879194557667,237.5756126306501,79.0,13317.25,0.8,20255.2421875
453,1775576896.3107936,0.2695945706218481,237.39350481865156,73.0,13317.25,0.8,20255.48828125
454,1775576896.7237084,0.26954236067831516,237.43948757791242,67.0,13317.25,0.8,20252.0390625
455,1775576897.1278238,0.2694169096648693,237.55004865734045,65.0,13317.25,0.8,20252.16015625
456,1775576897.5321922,0.26967374235391617,237.3238100282202,62.0,13317.25,0.8,20252.28125
457,1775576897.943998,0.2694040611386299,237.56137798927568,56.0,13317.25,0.8,20252.40234375
458,1775576898.3607998,0.26940395683050156,237.5614699685584,48.0,13317.25,0.9,20254.734375
459,1775576898.7640045,0.26940874569118023,237.5572472074176,46.0,13317.25,0.8,20254.85546875
460,1775576899.170821,0.26945625990629196,237.51535786274587,43.0,13317.25,0.8,20254.484375
461,1775576899.5751896,0.26947307772934437,237.50053452197128,41.0,13317.25,0.8,20254.8515625
462,1775576899.9783282,0.2694798782467842,237.49454102613961,39.0,13317.25,0.8,20254.7265625
463,1775576900.3935587,0.26974761486053467,237.25881703565528,99.0,13317.25,0.8,20254.6015625
464,1775576900.8087082,0.2700492385774851,236.9938176353588,100.0,13317.25,0.8,20254.23046875
465,1775576901.2242725,0.26968960277736187,237.3098530343946,99.0,13317.25,0.8,20254.96875
466,1775576901.638736,0.2695034481585026,237.4737705113138,100.0,13317.25,0.8,20254.71875
467,1775576902.0526679,0.26956948079168797,237.41559991153645,100.0,13317.25,0.8,20254.59375
468,1775576902.456264,0.2694960795342922,237.48026357413588,99.0,13317.25,0.8,20254.46875
469,1775576902.8697329,0.26960040256381035,237.38836956985688,93.0,13317.25,0.9,20254.58984375
470,1775576903.2844176,0.26962079107761383,237.37041844661294,85.0,13317.25,0.8,20254.58984375
471,1775576903.694897,0.26953593082726,237.44515175980848,80.0,13317.25,0.8,20254.5859375
472,1775576904.0974097,0.2695205118507147,237.45873573974623,79.0,13317.25,0.8,20254.4609375
473,1775576904.5088253,0.2696757912635803,237.32200691847265,73.0,13317.25,0.8,20254.58203125
474,1775576904.912265,0.26949753798544407,237.47897839221346,71.0,13317.25,0.8,20254.45703125
475,1775576905.315744,0.2695499621331692,237.432791655824,69.0,13317.25,0.8,20254.45703125
476,1775576905.7193675,0.26965276524424553,237.34227217002655,68.0,13317.25,0.8,20254.20703125
477,1775576906.124372,0.2695809192955494,237.40552620430432,65.0,13317.25,0.8,20253.8359375
478,1775576906.5298421,0.2698000557720661,237.2127011495832,62.0,13317.25,0.8,20254.44921875
479,1775576906.9418776,0.2697410546243191,237.26458728774446,56.0,13317.25,0.8,20254.32421875
480,1775576907.3580775,0.26936509646475315,237.5957421357095,48.0,13317.25,0.8,20254.4453125
481,1775576907.7622075,0.26935661770403385,237.60322113311696,46.0,13317.25,0.8,20254.07421875
482,1775576908.1660464,0.26956638135015965,237.41832968728278,44.0,13317.25,0.8,20253.94921875
483,1775576908.5699294,0.26968262530863285,237.31599292596803,42.0,13317.25,0.8,20254.5625
484,1775576908.973318,0.269558671861887,237.42511994862292,41.0,13317.25,0.8,20254.19140625
485,1775576909.376975,0.2693150769919157,237.63987042552822,39.0,13317.25,0.8,20254.55859375
486,1775576909.7906897,0.2695464603602886,237.4358762287383,99.0,13317.25,0.8,20254.6796875
487,1775576910.2128112,0.27000727131962776,237.03065360872606,99.0,13317.25,0.8,20254.30859375
488,1775576910.6260107,0.2697642520070076,237.24418459395238,99.0,13317.25,0.8,20254.4296875
489,1775576911.031307,0.26940823905169964,237.55769394906423,100.0,13317.25,0.8,20254.55078125
490,1775576911.4410937,0.26942240074276924,237.54520716747652,99.0,13317.25,0.8,20254.42578125
491,1775576911.8431635,0.2693950291723013,237.56934267360404,100.0,13317.25,0.8,20254.0546875
492,1775576912.247332,0.2694854512810707,237.4896295727988,100.0,13317.25,0.8,20254.421875
493,1775576912.6588392,0.2693908289074898,237.57304678689687,97.0,13317.25,0.9,20254.54296875
494,1775576913.0703738,0.26943294890224934,237.5359073964606,91.0,13317.25,0.8,20253.92578125
495,1775576913.4841168,0.26940231770277023,237.5629153666405,84.0,13317.25,0.8,20254.5390625
496,1775576913.8999884,0.2693816088140011,237.5811781723742,76.0,13317.25,0.8,20254.66015625
497,1775576914.3140392,0.26932356879115105,237.63237761649177,69.0,13317.25,0.8,20254.53515625
498,1775576914.7283323,0.26934823766350746,237.61061351347766,62.0,13317.25,0.8,20253.91796875
499,1775576915.1386828,0.26934068836271763,237.61727345781497,56.0,13317.25,0.8,20254.53125
500,1775576915.546744,0.26983734406530857,237.17992119174625,52.0,13317.25,0.8,20254.40625
501,1775576915.9619071,0.2693830281496048,237.5799263955742,45.0,13317.25,0.8,20254.28125
502,1775576916.3799272,0.2694363594055176,237.53290068648914,36.0,13317.25,0.8,20254.15625
503,1775576916.7920203,0.2696582321077585,237.3374604578171,99.0,13317.25,0.8,20254.5234375
504,1775576917.2059462,0.2697336617857218,237.2710902165486,99.0,13317.25,0.8,20253.66015625
505,1775576917.6163468,0.2694191765040159,237.5480499586711,99.0,13317.25,0.8,20254.2734375
506,1775576918.0308812,0.26943021826446056,237.53831478984472,99.0,13317.25,0.8,20254.39453125
507,1775576918.4423707,0.26945033855736256,237.520577419409,100.0,13317.25,0.8,20254.515625
508,1775576918.8543174,0.2694626171141863,237.50975436002554,98.0,13317.25,0.8,20254.14453125
509,1775576919.264299,0.2697482034564018,237.2582993322661,93.0,13317.25,0.8,20254.01953125
510,1775576919.6761475,0.26940999552607536,237.55614514237885,87.0,13317.25,0.8,20254.38671875
511,1775576920.0877707,0.2696425523608923,237.35126165970183,81.0,13317.25,0.8,20254.26171875
512,1775576920.5051856,0.26960476115345955,237.3845318094033,72.0,13317.25,0.8,20254.62890625
513,1775576920.9205673,0.26957843080163,237.4077177083005,65.0,13317.25,0.9,20254.2578125
514,1775576921.3308268,0.26945230923593044,237.51884027819585,59.0,13317.25,0.9,20254.625
515,1775576921.7424817,0.2698330730199814,237.18367538756357,54.0,13317.25,0.8,20254.25390625
516,1775576922.153939,0.269517058506608,237.46177831794216,48.0,13317.25,0.8,20254.12890625
517,1775576922.5672185,0.26985083520412445,237.16806342877612,42.0,13317.25,0.9,20254.49609375
518,1775576922.981601,0.26974843442440033,237.25809618345212,99.0,13317.25,0.8,20254.6171875
519,1775576923.401617,0.2698651049286127,237.1555226339096,99.0,13317.25,0.9,20254.4921875
520,1775576923.807107,0.2696167603135109,237.37396712867803,99.0,13317.25,0.8,20254.61328125
521,1775576924.218413,0.269391356036067,237.57258191844682,100.0,13317.25,0.8,20253.75
522,1775576924.6347427,0.2693243883550167,237.6316544925623,100.0,13317.25,0.8,20254.36328125
523,1775576925.047385,0.2694136556237936,237.55291784232693,100.0,13317.25,0.8,20254.23828125
524,1775576925.4534488,0.2694031670689583,237.56216638543867,97.0,13317.25,0.9,20254.11328125
525,1775576925.8673363,0.26976483687758446,237.2436702306102,90.0,13317.25,0.8,20253.98828125
526,1775576926.2727542,0.26953861117362976,237.44279055727887,88.0,13317.25,0.8,20254.35546875
527,1775576926.6853144,0.26944687962532043,237.52362650848008,81.0,13317.25,0.8,20251.5234375
528,1775576927.0976794,0.26944874972105026,237.52197798749,75.0,13317.25,0.8,20251.3984375
529,1775576927.5104022,0.26933556608855724,237.62179250755494,69.0,13317.25,0.8,20251.51953125
530,1775576927.9145603,0.26966886036098003,237.32810645741333,67.0,13317.25,0.9,20251.1484375
531,1775576928.3189397,0.2698165364563465,237.19821194263432,64.0,13317.25,0.8,20251.0234375
532,1775576928.7305481,0.26938016898930073,237.58244803292092,58.0,13317.25,0.8,20251.390625
533,1775576929.1412618,0.2696318794041872,237.36065683858496,53.0,13317.25,0.8,20251.01953125
534,1775576929.5560029,0.2698112241923809,237.20288209495203,46.0,13317.25,0.8,20251.38671875
535,1775576929.959583,0.2695593498647213,237.42452277065692,44.0,13317.25,0.8,20251.26171875
536,1775576930.3702683,0.2693119365721941,237.6426415204348,39.0,13317.25,0.8,20251.62890625
537,1775576930.776837,0.2694685608148575,237.50451557861766,35.0,13317.25,0.8,20251.75
538,1775576931.1926756,0.2694711312651634,237.50225005372872,100.0,13317.25,0.8,20250.88671875
539,1775576931.5993845,0.2696391325443983,237.35427197112003,100.0,13317.25,0.8,20251.74609375
540,1775576932.0130258,0.2695296201854944,237.45071119068183,99.0,13317.25,0.8,20251.375
541,1775576932.413988,0.2694572489708662,237.51448604346027,100.0,13317.25,0.8,20251.7421875
542,1775576932.8278825,0.2693206872791052,237.63492008942805,100.0,13317.25,0.9,20251.37109375
543,1775576933.2415626,0.26950035989284515,237.4764917770305,100.0,13317.25,0.8,20250.75390625
544,1775576933.6536293,0.2694161366671324,237.55073022620374,96.0,13317.25,0.8,20251.12109375
545,1775576934.066692,0.26937006786465645,237.59135715166565,89.0,13317.25,0.8,20251.2421875
546,1775576934.4703887,0.26942633651196957,237.54173711654477,88.0,13317.25,0.8,20251.85546875
547,1775576934.8872836,0.2695305719971657,237.44987266480854,79.0,13317.25,0.8,20251.484375
548,1775576935.2926044,0.26952838711440563,237.45179750893615,76.0,13317.25,0.8,20251.60546875
549,1775576935.7075696,0.2696959339082241,237.30428216904008,69.0,13317.25,0.8,20251.48046875
550,1775576936.1191487,0.26959529146552086,237.39287007608996,63.0,13317.25,0.8,20251.109375
551,1775576936.5341628,0.2697229441255331,237.28051837597263,55.0,13317.25,0.8,20251.4765625
552,1775576936.941638,0.26970067247748375,237.30011279576289,52.0,13317.25,0.8,20251.3515625
553,1775576937.3572066,0.2704201154410839,236.66878440462614,44.0,13317.25,0.8,20250.98046875
554,1775576937.771299,0.27006714046001434,236.97810807707546,37.0,13317.25,0.8,20251.34765625
555,1775576938.185625,0.2697124816477299,237.28972277816226,99.0,13317.25,0.8,20250.9765625
556,1775576938.5882423,0.26949024945497513,237.4854011580584,99.0,13317.25,0.8,20251.58984375
557,1775576938.9918385,0.2696624733507633,237.33372762161102,100.0,13317.25,0.8,20251.46484375
558,1775576939.4050565,0.26942832954227924,237.53997995952014,100.0,13317.25,0.8,20251.5
559,1775576939.8095672,0.2696519233286381,237.343013207438,99.0,13317.25,0.8,20250.8828125
560,1775576940.2248464,0.26942059583961964,237.54679853094024,100.0,13317.25,0.8,20251.25
561,1775576940.6267102,0.2694754395633936,237.49845293394213,100.0,13317.25,0.8,20251.125
562,1775576941.0378091,0.2695146109908819,237.4639347555269,100.0,13317.25,0.8,20251.4921875
563,1775576941.4433303,0.2696184925734997,237.3724420351219,99.0,13317.25,0.8,20251.12109375
564,1775576941.860694,0.2696514129638672,237.34346242263484,91.0,13317.25,0.8,20251.48828125
565,1775576942.2770104,0.26965946331620216,237.33637682484638,83.0,13317.25,0.8,20251.1171875
566,1775576942.6790817,0.2696774322539568,237.32056281124343,82.0,13317.25,0.9,20251.484375
567,1775576943.0921934,0.26962934993207455,237.36288358861148,75.0,13317.25,0.8,20251.60546875
568,1775576943.5088894,0.2697857040911913,237.2253200576081,67.0,13317.25,0.8,20251.7265625
569,1775576943.9220295,0.2693708259612322,237.59068849278754,60.0,13317.25,0.8,20251.6015625
570,1775576944.325744,0.26972058415412903,237.28259450686886,59.0,13317.25,0.8,20251.23046875
571,1775576944.7301884,0.2694136891514063,237.5528882796783,56.0,13317.25,0.8,20251.10546875
572,1775576945.1437793,0.2694738693535328,237.4998368247573,49.0,13317.25,0.8,20250.734375
573,1775576945.5570767,0.27006570994853973,236.9793633267808,43.0,13317.25,0.8,20251.59375
574,1775576945.9729044,0.2697851322591305,237.2258228764347,35.0,13317.25,0.8,20251.22265625
575,1775576946.376721,0.26994382590055466,237.08636338131006,99.0,13317.25,0.8,20251.34375
576,1775576946.796141,0.27029411494731903,236.77911009077556,99.0,13317.25,0.8,20251.21875
577,1775576947.200526,0.269397696480155,237.56699049843033,100.0,13317.25,0.8,20251.09375
578,1775576947.6177654,0.2694733813405037,237.5002669340846,100.0,13317.25,0.9,20251.21484375
579,1775576948.0327485,0.2696658316999674,237.3307719281506,99.0,13317.25,0.8,20251.3359375
580,1775576948.4459167,0.26980552449822426,237.20789305194978,98.0,13317.25,0.9,20251.2109375
581,1775576948.8590574,0.26966983266174793,237.32725076548118,91.0,13317.25,0.8,20251.33203125
582,1775576949.2637491,0.2695853915065527,237.4015878321225,89.0,13317.25,0.8,20250.46875
583,1775576949.6668391,0.26954145915806293,237.44028172849465,87.0,13317.25,0.8,20251.328125
584,1775576950.0720801,0.2696084938943386,237.38124521062764,84.0,13317.25,0.8,20250.95703125
585,1775576950.4893982,0.26949163898825645,237.48417665302375,76.0,13317.25,0.8,20251.5703125
586,1775576950.8945017,0.2709742058068514,236.18484205695495,74.0,13317.25,0.8,20233.97265625
587,1775576951.3084018,0.26951950043439865,237.45962684276225,66.0,13317.25,0.8,20241.375
588,1775576951.7220805,0.2695080377161503,237.46972647771534,59.0,13317.25,0.8,20241.98828125
589,1775576952.1263397,0.26940898038446903,237.55704026148896,57.0,13317.25,0.8,20248.26171875
590,1775576952.5296874,0.26982597447931767,237.1899151795916,55.0,13317.25,0.9,20248.13671875
591,1775576952.9390087,0.2694700974971056,237.50316118354257,51.0,13317.25,0.8,20248.2578125
592,1775576953.3528228,0.2698877565562725,237.13561821636685,44.0,13317.25,0.8,20247.39453125
593,1775576953.7683747,0.26955866254866123,237.42512815163786,36.0,13317.25,0.8,20248.5
594,1775576954.1818144,0.26962636038661003,237.36551540521523,99.0,13317.25,0.8,20247.8828125
595,1775576954.586706,0.269651984795928,237.3429591049925,99.0,13317.25,0.8,20248.6875
596,1775576954.9880428,0.2697223238646984,237.28106403274393,99.0,13317.25,0.9,20248.0703125
597,1775576955.3929775,0.26978539302945137,237.22559357768262,99.0,13317.25,0.8,20247.609375
598,1775576955.8085556,0.2705372981727123,236.56627175725725,99.0,13317.25,0.8,20247.484375
599,1775576956.2323303,0.2696494795382023,237.34516420949691,100.0,13317.25,0.8,20247.11328125
600,1775576956.649384,0.26962280459702015,237.36864578519157,95.0,13317.25,0.8,20248.46484375
601,1775576957.0531735,0.2696887720376253,237.31058403525645,93.0,13317.25,0.8,20248.09375
602,1775576957.4650564,0.2695591691881418,237.42468190844767,87.0,13317.25,0.8,20248.70703125
603,1775576957.8695786,0.2695594895631075,237.42439972611962,84.0,13317.25,0.8,20248.3359375
604,1775576958.2744396,0.2696946021169424,237.30545401219757,82.0,13317.25,0.8,20248.45703125
605,1775576958.6794739,0.26955058239400387,237.432245300998,79.0,13317.25,0.8,20248.578125
606,1775576959.083151,0.26952982880175114,237.4505274036823,77.0,13317.25,0.8,20248.453125
607,1775576959.4939396,0.2697337418794632,237.27101976214712,72.0,13317.25,0.8,20248.57421875
608,1775576959.9015594,0.26954769156873226,237.43479169689186,68.0,13317.25,0.9,20248.94140625
609,1775576960.3175101,0.26943669840693474,237.53260182597595,60.0,13317.25,0.9,20248.5703125
610,1775576960.7307966,0.269657202064991,237.33836704489406,53.0,13317.25,0.8,20248.69140625
611,1775576961.1342227,0.2696147598326206,237.37572839013637,52.0,13317.25,0.8,20247.58203125
612,1775576961.5397103,0.26949460059404373,237.48156682518152,49.0,13317.25,0.8,20248.6875
613,1775576961.9552376,0.26975499652326107,237.25232460886505,42.0,13317.25,0.8,20248.5625
614,1775576962.3579457,0.2694469876587391,237.523531274573,40.0,13317.25,0.8,20248.9296875
615,1775576962.7626646,0.26932765543460846,237.62877190136498,38.0,13317.25,0.9,20248.3125
616,1775576963.1677964,0.26965984143316746,237.33604403183546,35.0,13317.25,0.8,20248.43359375
617,1775576963.571873,0.27001979015767574,237.01966423508347,99.0,13317.25,0.8,20248.5546875
618,1775576963.984435,0.26952587999403477,237.45400627730618,100.0,13317.25,0.8,20248.921875
619,1775576964.3904488,0.269878588616848,237.1436738572176,99.0,13317.25,0.8,20250.2734375
620,1775576964.797639,0.2697139047086239,237.28847079330296,100.0,13317.25,0.8,20250.640625
621,1775576965.2035766,0.26967547088861465,237.3222888574624,99.0,13317.25,0.8,20250.0234375
622,1775576965.6192138,0.26965470239520073,237.34056714576715,99.0,13317.25,0.8,20250.38671875
623,1775576966.0225062,0.26967958360910416,237.3186695985369,99.0,13317.25,0.8,20250.26171875
624,1775576966.4248798,0.2695664297789335,237.418287034054,100.0,13317.25,0.8,20250.3828125
625,1775576966.8283281,0.26971535198390484,237.28719751858685,99.0,13317.25,0.8,20250.01171875
626,1775576967.2464046,0.26963676139712334,237.35635923078104,95.0,13317.25,0.8,20249.640625
627,1775576967.6634,0.2693146653473377,237.64023365552183,86.0,13317.25,0.8,20250.5
628,1775576968.0715957,0.26981876604259014,237.19625190894905,82.0,13317.25,0.8,20250.62109375
629,1775576968.4812598,0.2696135714650154,237.3767746639732,77.0,13317.25,0.8,20250.49609375
630,1775576968.8967807,0.2694080602377653,237.55785162298776,69.0,13317.25,0.8,20250.125
631,1775576969.3006856,0.2695952709764242,237.39288811782134,67.0,13317.25,0.8,20250.0
632,1775576969.7024968,0.2694772519171238,237.49685565178183,66.0,13317.25,0.8,20250.3671875
633,1775576970.108733,0.269903726875782,237.12158679992874,63.0,13317.25,0.8,20249.50390625
634,1775576970.5204325,0.2694382667541504,237.53121919536753,57.0,13317.25,0.8,20250.36328125
635,1775576970.928753,0.2695062402635813,237.47131026504994,53.0,13317.25,0.8,20250.484375
636,1775576971.344446,0.26962761022150517,237.36441511840184,45.0,13317.25,0.8,20249.8671875
637,1775576971.7479327,0.2696963734924793,237.3038953813915,43.0,13317.25,0.8,20250.48046875
638,1775576972.1626341,0.2694686595350504,237.50442856853036,36.0,13317.25,0.8,20249.86328125
639,1775576972.566581,0.26991366408765316,237.11285686972968,99.0,13317.25,0.9,20249.984375
640,1775576972.9760642,0.26940612867474556,237.55955484319105,100.0,13317.25,0.8,20249.859375
641,1775576973.3815515,0.26967728324234486,237.32069394397803,99.0,13317.25,0.8,20249.98046875
642,1775576973.7877488,0.2698735874146223,237.1480685202184,99.0,13317.25,0.8,20249.36328125
643,1775576974.2057352,0.26971384324133396,237.28852487091,99.0,13317.25,0.8,20249.484375
644,1775576974.6088645,0.26973935402929783,237.26608314279798,100.0,13317.25,0.8,20249.8515625
645,1775576975.0125952,0.2694873567670584,237.48795033572142,99.0,13317.25,0.8,20249.7265625
646,1775576975.418166,0.26948011852800846,237.49432926476968,100.0,13317.25,0.8,20250.09375
647,1775576975.8216867,0.2699498478323221,237.08107455483085,99.0,13317.25,0.8,20249.96875
648,1775576976.2365701,0.2697352450340986,237.26969752102448,98.0,13317.25,0.8,20249.84375
649,1775576976.6501071,0.26961676217615604,237.37396548878198,91.0,13317.25,0.8,20251.1953125
650,1775576977.0679548,0.26973158307373524,237.27291876867318,82.0,13317.25,0.8,20251.5625
651,1775576977.4719596,0.26954540982842445,237.436801616241,80.0,13317.25,0.8,20251.68359375
652,1775576977.876699,0.26961446180939674,237.37599077769292,78.0,13317.25,0.8,20251.55859375
653,1775576978.2804613,0.26960976235568523,237.38012837816828,76.0,13317.25,0.8,20251.43359375
654,1775576978.6832404,0.2696349825710058,237.35792510953658,75.0,13317.25,0.8,20251.796875
655,1775576979.098769,0.2695496007800102,237.43310995378863,67.0,13317.25,0.8,20251.42578125
656,1775576979.5131435,0.26948516070842743,237.48988564622871,59.0,13317.25,0.8,20251.79296875
657,1775576979.9279454,0.26972801238298416,237.27605981512602,52.0,13317.25,0.8,20251.66796875
658,1775576980.3318825,0.2696913704276085,237.30829762377994,50.0,13317.25,0.8,20251.54296875
659,1775576980.7374198,0.2695797123014927,237.40658914430344,47.0,13317.25,0.8,20251.41796875
660,1775576981.1490242,0.2696426808834076,237.35114852857194,42.0,13317.25,0.8,20251.29296875
661,1775576981.5631335,0.26992241479456425,237.10516982707745,35.0,13317.25,0.8,20251.66015625
662,1775576981.9693398,0.26956038177013397,237.42361388468288,100.0,13317.25,0.8,20251.53515625
663,1775576982.3818803,0.2697321027517319,237.2724616279998,99.0,13317.25,0.8,20251.65625
664,1775576982.785711,0.2698487639427185,237.16988384495787,99.0,13317.25,0.9,20251.28515625
665,1775576983.2022517,0.26995240710675716,237.07882691592425,99.0,13317.25,1.0,20251.16015625
666,1775576983.613743,0.26965781301259995,237.33782932152445,99.0,13317.25,0.8,20251.52734375
667,1775576984.0157423,0.2697094939649105,237.2923513338632,99.0,13317.25,0.8,20251.89453125
668,1775576984.4206839,0.26974462531507015,237.26144654502755,99.0,13317.25,0.8,20251.76953125
669,1775576984.8271282,0.26968972384929657,237.30974649877055,100.0,13317.25,0.8,20251.64453125
670,1775576985.2319586,0.26980574429035187,237.20769981504287,99.0,13317.25,0.8,20251.51953125
671,1775576985.6423354,0.26971455477178097,237.28789888314932,94.0,13317.25,0.8,20251.88671875
672,1775576986.0572264,0.2696306128054857,237.36177184810336,86.0,13317.25,1.1,20251.76171875
673,1775576986.4680562,0.2696486711502075,237.34587575382065,81.0,13317.25,0.8,20251.63671875
674,1775576986.8726788,0.26959540136158466,237.39277330685033,78.0,13317.25,0.8,20249.7890625
675,1775576987.2777057,0.269652983173728,237.34208035357443,76.0,13317.25,0.8,20250.40234375
676,1775576987.6798809,0.2697266452014446,237.27726251220665,75.0,13317.25,0.8,20250.27734375
677,1775576988.0861084,0.2696227915585041,237.36865726395004,72.0,13317.25,0.8,20249.94140625
678,1775576988.4922986,0.2694323770701885,237.536411532782,68.0,13317.25,0.8,20250.08984375
679,1775576988.8986878,0.2699364572763443,237.09283527597293,65.0,13317.25,0.8,20249.71875
680,1775576989.3040688,0.26981677673757076,237.19800070937654,62.0,13317.25,0.8,20249.59375
681,1775576989.7071517,0.2698131147772074,237.20122001054946,61.0,13317.25,0.8,20249.71484375
682,1775576990.1193755,0.2695517223328352,237.4312411959829,55.0,13317.25,0.8,20249.8359375
683,1775576990.5230737,0.26957653276622295,237.40938924940053,53.0,13317.25,0.8,20249.46484375
684,1775576990.926571,0.2699698079377413,237.0635460642298,51.0,13317.25,0.8,20249.5859375
685,1775576991.336693,0.26961185224354267,237.37828833351236,46.0,13317.25,0.8,20249.4609375
686,1775576991.739431,0.2696465514600277,237.3477415285518,44.0,13317.25,0.8,20250.07421875
687,1775576992.1421506,0.269758565351367,237.24918582895955,43.0,13317.25,0.8,20249.703125
688,1775576992.5489485,0.2703941538929939,236.69150785459448,40.0,13317.25,0.9,20250.0703125
689,1775576992.9604766,0.27001192793250084,237.02656578934207,99.0,13317.25,0.8,20249.69921875
690,1775576993.3677385,0.2695959731936455,237.39226978004623,100.0,13317.25,0.8,20250.06640625
691,1775576993.7733583,0.2695555407553911,237.4278778341899,100.0,13317.25,0.8,20249.44921875
692,1775576994.186514,0.26957792043685913,237.40816716846126,100.0,13317.25,0.8,20249.5703125
693,1775576994.6006985,0.2698631566017866,237.15723482194045,99.0,13317.25,0.8,20249.4453125
694,1775576995.0176094,0.26946187764406204,237.51040614561057,100.0,13317.25,0.8,20249.8125
695,1775576995.4300146,0.26969978399574757,237.30089454209244,99.0,13317.25,0.8,20249.93359375
696,1775576995.8372965,0.2697311844676733,237.27326940823286,95.0,13317.25,0.8,20249.80859375
697,1775576996.2403507,0.2698043957352638,237.2088854430592,93.0,13317.25,0.8,20249.9296875
698,1775576996.6453574,0.26957790926098824,237.4081770106736,91.0,13317.25,0.8,20249.8046875
699,1775576997.0598598,0.2697306014597416,237.27378226141784,83.0,13317.25,0.8,20249.6796875
700,1775576997.478859,0.2699014265090227,237.12360778449053,74.0,13317.25,0.8,20250.29296875
701,1775576997.894206,0.2699324991554022,237.0963118566717,66.0,13317.25,0.8,20249.67578125
702,1775576998.3021562,0.2697114124894142,237.29066341422208,62.0,13317.25,0.8,20249.796875
703,1775576998.717997,0.26964958012104034,237.34507567663064,54.0,13317.25,0.8,20249.671875
704,1775576999.1338372,0.2695271410048008,237.45289532403729,46.0,13317.25,0.8,20249.79296875
705,1775576999.5354111,0.2699761874973774,237.05794423303243,45.0,13317.25,0.8,20250.16015625
706,1775576999.9398866,0.26979928463697433,237.21337914633295,43.0,13317.25,0.8,20249.7890625
707,1775577000.3450856,0.2696758024394512,237.32199708340372,41.0,13317.25,0.8,20249.91015625
708,1775577000.7499568,0.2695557400584221,237.42770228572755,38.0,13317.25,0.8,20249.29296875
709,1775577001.151289,0.2694575898349285,237.51418558744928,37.0,13317.25,0.8,20249.90625
710,1775577001.5577435,0.2708279434591532,236.31239517813128,98.0,13317.25,0.8,20249.78125
711,1775577001.9766748,0.26963118091225624,237.36127173224438,100.0,13317.25,0.8,20249.90234375
712,1775577002.3899493,0.2696988135576248,237.30174840507976,100.0,13317.25,0.8,20249.77734375
713,1775577002.8066156,0.2695557903498411,237.427657988493,100.0,13317.25,0.9,20249.8984375
714,1775577003.2195437,0.2696866746991873,237.31242958661787,100.0,13317.25,0.8,20249.28125
715,1775577003.6254313,0.26977680437266827,237.23314592899817,99.0,13317.25,0.8,20249.86328125
716,1775577004.0296125,0.26956084184348583,237.42320866159076,97.0,13317.25,0.8,20249.73828125
717,1775577004.4367223,0.2697283737361431,237.2757419380982,94.0,13317.25,0.8,20249.859375
718,1775577004.840552,0.2696994338184595,237.30120265317197,92.0,13317.25,0.8,20249.48828125
719,1775577005.2467039,0.26989949867129326,237.12530151063632,89.0,13317.25,0.8,20249.1171875
720,1775577005.6512127,0.2697007432579994,237.30005051849903,86.0,13317.25,0.8,20249.73046875
721,1775577006.063425,0.26972892321646214,237.27525857002325,80.0,13317.25,0.8,20249.11328125
722,1775577006.4762366,0.2697824854403734,237.22815028385193,74.0,13317.25,0.8,20249.48046875
723,1775577006.8816714,0.2696048431098461,237.3844596475748,71.0,13317.25,0.8,20249.84765625
724,1775577007.28768,0.2695474922657013,237.43496725583788,68.0,13317.25,0.8,20249.96875
725,1775577007.6912754,0.26965588331222534,237.33952774876633,66.0,13317.25,0.8,20250.08984375
726,1775577008.1089654,0.2694779299199581,237.4962581128987,57.0,13317.25,0.8,20249.96484375
727,1775577008.5233564,0.2698715478181839,237.1498608038431,50.0,13317.25,0.8,20249.83984375
728,1775577008.9258714,0.26956932060420513,237.41574099215813,49.0,13317.25,0.8,20249.71484375
729,1775577009.342515,0.2697288431227207,237.27532902694207,41.0,13317.25,0.8,20249.8359375
730,1775577009.745088,0.2695916127413511,237.39610943090517,39.0,13317.25,0.8,20249.95703125
731,1775577010.157746,0.269663542509079,237.3327866441021,99.0,13317.25,0.8,20249.33984375
732,1775577010.564769,0.2702792212367058,236.792157780971,99.0,13317.25,0.8,20249.70703125
733,1775577010.9790766,0.2698875851929188,237.13576878407378,99.0,13317.25,0.8,20249.3359375
734,1775577011.3954198,0.26985451579093933,237.16482865746013,99.0,13317.25,0.8,20249.703125
735,1775577011.8082435,0.269653145223856,237.34193772102896,100.0,13317.25,0.8,20249.578125
736,1775577012.2120812,0.2696998231112957,237.30086012547898,100.0,13317.25,0.8,20249.453125
737,1775577012.6266327,0.2700062692165375,237.03153332589397,98.0,13317.25,0.9,20249.57421875
738,1775577013.0364397,0.2698618769645691,237.1583593795382,93.0,13317.25,0.8,20249.6953125
739,1775577013.4488683,0.2696191109716892,237.37189759786793,86.0,13317.25,0.8,20249.81640625
740,1775577013.8689342,0.26958009973168373,237.40624795264918,76.0,13317.25,0.8,20249.69140625
741,1775577014.2747982,0.2699657753109932,237.06708721234665,73.0,13317.25,0.8,20249.3203125
742,1775577014.6877475,0.2695711515843868,237.41412841783767,67.0,13317.25,0.8,20249.44140625
743,1775577015.092388,0.2697494849562645,237.25717218839756,64.0,13317.25,0.8,20249.80859375
744,1775577015.503785,0.2697443347424269,237.26170212661646,59.0,13317.25,0.8,20249.68359375
745,1775577015.9084516,0.269651772454381,237.34314600445416,56.0,13317.25,0.8,20250.05078125
746,1775577016.3203478,0.26973719522356987,237.26798207030376,50.0,13317.25,0.8,20249.43359375
747,1775577016.7241626,0.2695590015500784,237.42482956225874,48.0,13317.25,0.8,20249.30859375
748,1775577017.135687,0.2699772473424673,237.05701361869106,42.0,13317.25,0.8,20249.18359375
749,1775577017.5387235,0.2695819530636072,237.40461582344628,41.0,13317.25,0.8,20250.04296875
750,1775577017.941092,0.2699050270020962,237.12044459069284,40.0,13317.25,0.8,20249.91796875
751,1775577018.3446124,0.26963373087346554,237.3590269758723,38.0,13317.25,0.8,20250.1640625
752,1775577018.7477067,0.26962378434836864,237.3677832416613,37.0,13317.25,0.8,20249.421875
753,1775577019.1538672,0.26972587406635284,237.27794087806325,99.0,13317.25,0.8,20249.54296875
754,1775577019.5740452,0.2698342427611351,237.18264718779452,99.0,13317.25,0.8,20249.91015625
755,1775577019.9801023,0.26999024115502834,237.0456047826233,99.0,13317.25,0.8,20250.03125
756,1775577020.3922791,0.269673490896821,237.3240313208496,100.0,13317.25,0.8,20249.90625
757,1775577020.8035548,0.26951299980282784,237.46535434959188,100.0,13317.25,0.8,20249.78125
758,1775577021.220409,0.26960834488272667,237.3813764104316,99.0,13317.25,0.8,20249.41015625
759,1775577021.6368644,0.26972009241580963,237.2830271069885,91.0,13317.25,0.8,20250.0234375
760,1775577022.04282,0.26978466659784317,237.22623233959456,88.0,13317.25,0.8,20249.65234375
761,1775577022.449299,0.2696976214647293,237.30279730468382,85.0,13317.25,0.8,20249.7734375
762,1775577022.856037,0.2696545124053955,237.3407343682168,81.0,13317.25,0.9,20249.40234375
763,1775577023.2604938,0.2695816997438669,237.40483890711883,79.0,13317.25,1.0,20260.7890625
764,1775577023.6713247,0.26977511309087276,237.23463319776957,74.0,13317.25,1.1,20274.75390625
765,1775577024.088209,0.269692974165082,237.30688646277048,65.0,13317.25,0.8,20274.3828125
766,1775577024.4941332,0.26990760676562786,237.11817820523262,62.0,13317.25,0.8,20274.75
767,1775577024.8989017,0.26977715641260147,237.23283635667573,60.0,13317.25,0.8,20274.37890625
768,1775577025.3033814,0.26946985721588135,237.50337296066272,57.0,13317.25,0.8,20274.25390625
769,1775577025.718681,0.2697044126689434,237.29682197880342,50.0,13317.25,0.8,20274.03515625
770,1775577026.1343517,0.2696748524904251,237.32283306717426,42.0,13317.25,0.8,20274.40234375
771,1775577026.5477629,0.2701084278523922,236.9418848158802,36.0,13317.25,0.8,20274.5234375
772,1775577026.9612932,0.2695762310177088,237.40965499215605,100.0,13317.25,0.8,20274.64453125
773,1775577027.3663068,0.2696396615356207,237.35380631882782,100.0,13317.25,0.8,20274.51953125
774,1775577027.7774985,0.26956354081630707,237.4208314900142,100.0,13317.25,0.8,20274.640625
775,1775577028.1810455,0.26964803226292133,237.34643810638514,100.0,13317.25,0.8,20274.515625
776,1775577028.5838053,0.26982821710407734,237.187943821732,99.0,13317.25,0.8,20274.8828125
777,1775577028.9975016,0.2700498402118683,236.99328964530636,99.0,13317.25,0.8,20274.7578125
778,1775577029.4111836,0.26979727670550346,237.21514457634441,100.0,13317.25,0.8,20274.6328125
779,1775577029.8230984,0.2696941923350096,237.30581458165136,97.0,13317.25,0.8,20274.5078125
780,1775577030.2262218,0.26969847455620766,237.30204668496117,95.0,13317.25,0.8,20274.13671875
781,1775577030.6433933,0.26963975094258785,237.35372761721246,86.0,13317.25,0.8,20274.50390625
782,1775577031.0586734,0.26966564171016216,237.33093913679772,79.0,13317.25,0.8,20274.37890625
783,1775577031.4728148,0.27002195082604885,237.01776764522938,72.0,13317.25,0.8,20274.74609375
784,1775577031.8892117,0.26985787600278854,237.1618755323586,63.0,13317.25,0.8,20274.8671875
785,1775577032.2959394,0.26972570456564426,237.2780899879865,60.0,13317.25,0.8,20274.98828125
786,1775577032.700338,0.26955344900488853,237.4297202883845,58.0,13317.25,0.9,20274.6171875
787,1775577033.1023822,0.26950448006391525,237.47286124825035,57.0,13317.25,0.8,20274.24609375
788,1775577033.505776,0.26963196136057377,237.36058469127107,55.0,13317.25,0.8,20274.3671875
789,1775577033.9107847,0.26969051361083984,237.30905156104686,52.0,13317.25,0.8,20274.734375
790,1775577034.316488,0.2696870919317007,237.31206244089816,49.0,13317.25,0.8,20274.36328125
791,1775577034.7193477,0.2695707716047764,237.41446307032055,48.0,13317.25,0.8,20274.484375
792,1775577035.1328492,0.26974296383559704,237.26290795487338,42.0,13317.25,0.8,20274.359375
793,1775577035.547498,0.2700865976512432,236.96103604015838,99.0,13317.25,0.8,20274.7265625
794,1775577035.9593577,0.2699017748236656,237.12330177084974,99.0,13317.25,0.8,20257.51953125
795,1775577036.3746655,0.26970962435007095,237.29223662011734,100.0,13317.25,0.9,20272.87890625
796,1775577036.786112,0.2697691712528467,237.23985844184799,99.0,13317.25,0.8,20272.75390625
797,1775577037.1913946,0.26989532820880413,237.12896560583107,99.0,13317.25,0.8,20274.84375
798,1775577037.6062996,0.26981986314058304,237.19528745982043,99.0,13317.25,0.8,20275.2109375
799,1775577038.009214,0.27025969326496124,236.8092675116549,99.0,13317.25,0.8,20275.33203125
800,1775577038.4177597,0.26973332464694977,237.27138678088338,98.0,13317.25,0.8,20275.453125
801,1775577038.834112,0.2697375752031803,237.26764783064385,90.0,13317.25,0.8,20275.08203125
802,1775577039.2471242,0.2698097266256809,237.20419867883436,83.0,13317.25,0.8,20274.95703125
803,1775577039.6489651,0.2697698939591646,237.23922288262364,82.0,13317.25,0.8,20275.078125
804,1775577040.0655134,0.2696751728653908,237.32255112689148,74.0,13317.25,0.8,20275.69140625
805,1775577040.478017,0.26961607299745083,237.37457225187427,68.0,13317.25,0.8,20275.07421875
806,1775577040.8812594,0.2697666846215725,237.2420452502462,66.0,13317.25,0.8,20275.1953125
807,1775577041.2856236,0.2698018755763769,237.21110115812576,64.0,13317.25,0.8,20274.94921875
808,1775577041.6997101,0.269641051068902,237.35258317045327,57.0,13317.25,0.8,20274.9453125
809,1775577042.115423,0.2698668837547302,237.15395942455353,49.0,13317.25,0.8,20275.06640625
810,1775577042.5184762,0.2696094922721386,237.38036617568213,47.0,13317.25,0.9,20275.1875
811,1775577042.933503,0.2695238906890154,237.45575888055538,40.0,13317.25,0.8,20275.0625
812,1775577043.3378375,0.2694620080292225,237.51029122094036,38.0,13317.25,0.8,20276.046875
813,1775577043.7426374,0.26962955482304096,237.36270321702483,35.0,13317.25,0.8,20275.05859375
814,1775577044.155006,0.2696066200733185,237.3828950587172,100.0,13317.25,0.8,20275.1796875
815,1775577044.568345,0.2700013555586338,237.03584697781892,99.0,13317.25,0.8,20275.12109375
816,1775577044.98329,0.2698149736970663,237.19958578672416,100.0,13317.25,0.8,20274.50390625
817,1775577045.3885257,0.26968445256352425,237.31438498452107,99.0,13317.25,0.8,20274.87109375
818,1775577045.8007503,0.2696036119014025,237.3855437196651,100.0,13317.25,0.8,20274.9921875
819,1775577046.206165,0.2697201631963253,237.28296483869227,99.0,13317.25,0.8,20274.74609375
820,1775577046.6119487,0.2696157209575176,237.37488219421837,99.0,13317.25,0.8,20276.21875
821,1775577047.0151052,0.2696209605783224,237.37026922062532,98.0,13317.25,0.9,20263.296875
822,1775577047.4426262,0.27033528313040733,236.74305203115856,84.0,13317.25,0.8,20263.16796875
823,1775577047.8606868,0.2696728426963091,237.3246017659751,75.0,13317.25,0.8,20263.04296875
824,1775577048.2684622,0.2698873970657587,237.13593408145044,71.0,13317.25,0.8,20263.53515625
825,1775577048.6723459,0.26971052400767803,237.29144509829385,69.0,13317.25,0.8,20263.28515625
826,1775577049.077907,0.2695953417569399,237.39282579185186,66.0,13317.25,0.8,20263.16015625
827,1775577049.4850276,0.2698553651571274,237.1640821843028,63.0,13317.25,0.8,20263.28125
828,1775577049.88773,0.2696505934000015,237.34418379366207,61.0,13317.25,0.8,20263.15625
829,1775577050.302972,0.26971149258315563,237.29059294819612,54.0,13317.25,0.8,20263.15625
830,1775577050.7060084,0.2700290884822607,237.01150257448808,52.0,13317.25,0.8,20262.66015625
831,1775577051.1076264,0.26968952268362045,237.30992351186,51.0,13317.25,0.8,20262.78125
832,1775577051.513465,0.2696885149925947,237.31081022029193,48.0,13317.25,0.9,20263.1484375
833,1775577051.9267635,0.26987654343247414,237.14547098463729,42.0,13317.25,0.8,20263.26953125
834,1775577052.329778,0.2694833893328905,237.49144672119792,40.0,13317.25,0.8,20263.26953125
835,1775577052.7353623,0.26972632110118866,237.27754762202167,38.0,13317.25,0.9,20263.265625
836,1775577053.1395776,0.26980183459818363,237.21113718635502,35.0,13317.25,0.8,20262.6484375
837,1775577053.5545928,0.2698655277490616,237.15515106290766,99.0,13317.25,0.8,20263.015625
838,1775577053.959577,0.26968059316277504,237.31778119225135,100.0,13317.25,0.8,20262.890625
839,1775577054.363926,0.2696854341775179,237.31352119622673,100.0,13317.25,0.8,20263.2578125
840,1775577054.775862,0.26984019577503204,237.1774146404686,99.0,13317.25,0.8,20262.88671875
841,1775577055.191277,0.26962081156671047,237.37040040829677,100.0,13317.25,0.8,20262.76171875
842,1775577055.603106,0.26972995325922966,237.27435246500582,100.0,13317.25,0.8,20262.8828125
843,1775577056.0090103,0.26974409632384777,237.26191183499807,99.0,13317.25,0.8,20263.00390625
844,1775577056.42242,0.27062181010842323,236.4923949564846,93.0,13317.25,0.8,20262.87890625
845,1775577056.830585,0.26959846168756485,237.39007856123825,89.0,13317.25,0.8,20263.0
846,1775577057.2451875,0.26965645141899586,237.33902772663848,81.0,13317.25,0.8,20262.62890625
847,1775577057.6591165,0.26967775262892246,237.32028087635476,74.0,13317.25,0.8,20263.2421875
848,1775577058.0625498,0.26983643509447575,237.1807201558684,73.0,13317.25,0.8,20256.3046875
849,1775577058.466082,0.2696849927306175,237.31390965432107,71.0,13317.25,0.8,20256.671875
850,1775577058.8729024,0.2696041017770767,237.3851123857109,67.0,13317.25,0.8,20256.546875
851,1775577059.275595,0.2696842923760414,237.31452594487746,66.0,13317.25,0.8,20256.17578125
852,1775577059.6787722,0.2697861138731241,237.22495973272413,64.0,13317.25,0.8,20256.7890625
853,1775577060.0840993,0.26959408074617386,237.3939361831048,62.0,13317.25,0.8,20256.171875
854,1775577060.4879715,0.2696637138724327,237.3326358261011,60.0,13317.25,0.8,20256.78515625
855,1775577060.89206,0.2696411218494177,237.3525208656456,57.0,13317.25,0.8,20256.90234375
856,1775577061.3051863,0.26963294111192226,237.35972220632405,51.0,13317.25,0.8,20257.0234375
857,1775577061.7079554,0.2697554938495159,237.25188720605865,49.0,13317.25,0.8,20256.80859375
858,1775577062.1109836,0.26969530060887337,237.30483940769975,48.0,13317.25,0.8,20256.9296875
859,1775577062.5150433,0.2698124162852764,237.20183407842845,46.0,13317.25,0.8,20257.05078125
860,1775577062.9261525,0.26957876794040203,237.40742080306933,41.0,13317.25,0.9,20258.3984375
861,1775577063.329504,0.26959459111094475,237.39348677682648,39.0,13317.25,0.8,20258.2734375
862,1775577063.74303,0.26978407613933086,237.22675154091374,99.0,13317.25,0.8,20258.39453125
863,1775577064.147196,0.2695709727704525,237.4142859012415,100.0,13317.25,0.8,20258.0234375
864,1775577064.5642703,0.26989633589982986,237.1280802557955,99.0,13317.25,0.8,20258.390625
865,1775577064.9710155,0.26967793330550194,237.32012187848622,99.0,13317.25,0.8,20258.265625
866,1775577065.377323,0.26989488676190376,237.12935345996237,99.0,13317.25,0.8,20258.6328125
867,1775577065.7822144,0.26967415399849415,237.32344776488063,99.0,13317.25,0.8,20259.0
868,1775577066.197137,0.26958170160651207,237.40483726679616,100.0,13317.25,0.8,20258.62890625
869,1775577066.6005063,0.2697824724018574,237.22816174902613,99.0,13317.25,0.8,20258.734375
870,1775577067.005325,0.2697610557079315,237.24699561263716,99.0,13317.25,0.8,20258.609375
871,1775577067.4110866,0.26946377754211426,237.50873153998407,97.0,13317.25,0.8,20258.73046875
872,1775577067.82335,0.2696636039763689,237.33273254631882,91.0,13317.25,0.8,20258.11328125
873,1775577068.2363396,0.26998222805559635,237.05264031979445,84.0,13317.25,0.8,20258.234375
874,1775577068.6478245,0.2695367597043514,237.4444215705498,78.0,13317.25,0.8,20258.8203125
875,1775577069.064451,0.26993007585406303,237.09844039239786,70.0,13317.25,0.8,20258.94140625
876,1775577069.472482,0.26974265463650227,237.2631799232666,66.0,13317.25,0.8,20258.81640625
877,1775577069.8886855,0.2695348020642996,237.44614613712224,58.0,13317.25,0.8,20258.9375
878,1775577070.294007,0.2696507219225168,237.34407066927926,55.0,13317.25,0.8,20258.56640625
879,1775577070.695761,0.26962236128747463,237.36903606360164,54.0,13317.25,0.8,20259.42578125
880,1775577071.0999422,0.26964998058974743,237.3447231853181,52.0,13317.25,0.8,20259.0546875
881,1775577071.504334,0.26970056258141994,237.3002094894742,50.0,13317.25,0.8,20258.9296875
882,1775577071.9085257,0.2695691008120775,237.4159345681677,48.0,13317.25,0.8,20258.8046875
883,1775577072.323671,0.2696331199258566,237.35956479529906,40.0,13317.25,0.8,20258.92578125
884,1775577072.7339044,0.269611531868577,237.37857040624286,35.0,13317.25,0.9,20259.0234375
885,1775577073.135812,0.26963330060243607,237.35940574478795,99.0,13317.25,0.8,20259.14453125
886,1775577073.5544517,0.2700501885265112,236.99298396793023,99.0,13317.25,0.9,20259.01953125
887,1775577073.9577239,0.2695875111967325,237.39972121073424,100.0,13317.25,0.8,20259.140625
888,1775577074.364361,0.2695201188325882,237.45908200550124,100.0,13317.25,0.8,20259.26171875
889,1775577074.7696023,0.2703043445944786,236.77014920354077,99.0,13317.25,0.8,20258.890625
890,1775577075.1867695,0.26948192715644836,237.4927353211507,100.0,13317.25,0.8,20258.765625
891,1775577075.5918503,0.2698167450726032,237.19802854629597,99.0,13317.25,0.8,20258.88671875
892,1775577076.0081522,0.2695790119469166,237.40720591632106,97.0,13317.25,0.8,20259.0078125
893,1775577076.4227977,0.2697029020637274,237.2981510776536,90.0,13317.25,0.8,20259.375
894,1775577076.8348706,0.2697846256196499,237.2262683724203,84.0,13317.25,0.8,20257.52734375
895,1775577077.2485547,0.2698212768882513,237.19404465833185,77.0,13317.25,0.8,20257.15625
896,1775577077.6535046,0.27010280080139637,236.9468210255935,74.0,13317.25,0.8,20257.27734375
897,1775577078.0575194,0.27011043205857277,236.94012671869615,72.0,13317.25,0.8,20257.15234375
898,1775577078.4607918,0.26959299109876156,237.39489568760527,70.0,13317.25,0.8,20257.51953125
899,1775577078.863969,0.26964192278683186,237.35181583983825,69.0,13317.25,0.8,20257.39453125
900,1775577079.2707353,0.26968903467059135,237.31035293360029,65.0,13317.25,0.8,20257.76171875
901,1775577079.6825562,0.2697622049599886,237.24598488321425,59.0,13317.25,0.8,20257.390625
902,1775577080.097381,0.269860927015543,237.15919421085306,52.0,13317.25,0.8,20257.51171875
903,1775577080.5016143,0.2695829886943102,237.40370380926333,50.0,13317.25,0.8,20257.38671875
904,1775577080.921766,0.26959933154284954,237.38931262827697,40.0,13317.25,0.8,20257.015625
905,1775577081.333891,0.26961421221494675,237.37621052771786,99.0,13317.25,0.8,20256.64453125
906,1775577081.740821,0.2695351205766201,237.44586554466053,99.0,13317.25,0.8,20257.2578125
907,1775577082.1422267,0.2695394195616245,237.4420784317514,99.0,13317.25,0.8,20257.1328125
908,1775577082.5582175,0.26991666853427887,237.11021756284063,99.0,13317.25,0.9,20257.5
909,1775577082.9735942,0.2697881441563368,237.2231745028547,100.0,13317.25,0.8,20257.375
910,1775577083.3889804,0.2696907129138708,237.30887618825503,100.0,13317.25,0.8,20257.49609375
911,1775577083.802058,0.2695758417248726,237.4099978339973,99.0,13317.25,0.8,20257.37109375
912,1775577084.2166204,0.2697711642831564,237.23810574811662,92.0,13317.25,0.8,20257.0
913,1775577084.6329243,0.26974292285740376,237.26294399884145,83.0,13317.25,0.8,20257.3671875
914,1775577085.0387585,0.2696152124553919,237.37532989014434,80.0,13317.25,0.8,20257.2421875
915,1775577085.4547749,0.2697097323834896,237.29214157166908,72.0,13317.25,0.8,20257.36328125
916,1775577085.866889,0.26982324570417404,237.19231392749475,66.0,13317.25,0.8,20257.23828125
917,1775577086.2804008,0.26953614689409733,237.44496141790606,59.0,13317.25,0.8,20256.8671875
918,1775577086.6933258,0.26982848532497883,237.18770804690624,53.0,13317.25,0.8,20256.7421875
919,1775577087.1079082,0.26976359635591507,237.24476120773915,46.0,13317.25,0.8,20256.6171875
920,1775577087.5125468,0.269853413105011,237.16579776997293,43.0,13317.25,0.8,20257.4765625
921,1775577087.9262712,0.2696603052318096,237.33563582887484,37.0,13317.25,0.8,20257.3515625
922,1775577088.331894,0.26997558772563934,237.05847087566863,99.0,13317.25,0.8,20257.2265625
923,1775577088.7530468,0.26975904405117035,237.24876481939154,100.0,13317.25,0.8,20257.34765625
924,1775577089.1568007,0.2696233317255974,237.36818171631546,100.0,13317.25,0.8,20256.9765625
925,1775577089.561721,0.269608061760664,237.38162569045866,100.0,13317.25,0.8,20257.34375
926,1775577089.97975,0.26968833059072495,237.31097248373516,99.0,13317.25,0.8,20257.21875
927,1775577090.391959,0.269966347143054,237.06658506619965,99.0,13317.25,0.8,20257.33984375
928,1775577090.8090563,0.2699812278151512,237.05351856470205,94.0,13317.25,0.8,20257.21484375
929,1775577091.2239442,0.26980784349143505,237.20585425468425,87.0,13317.25,0.8,20256.84375
930,1775577091.6284096,0.2697362117469311,237.26884716556103,85.0,13317.25,0.8,20257.703125
931,1775577092.0333905,0.26988195814192295,237.14071307554502,82.0,13317.25,0.8,20257.33203125
932,1775577092.4462044,0.2697224449366331,237.28095752296682,76.0,13317.25,0.8,20257.453125
933,1775577092.8515055,0.2700407188385725,237.00129475013924,73.0,13317.25,0.9,20257.08203125
934,1775577093.267891,0.2700831089168787,236.96409692801916,65.0,13317.25,0.9,20257.203125
935,1775577093.681087,0.2696412708610296,237.3523896977364,58.0,13317.25,0.8,20257.32421875
936,1775577094.0869205,0.27005152963101864,236.99180703566302,55.0,13317.25,0.8,20257.4453125
937,1775577094.4920034,0.26999039947986603,237.04546577691428,52.0,13317.25,0.8,20257.07421875
938,1775577094.9105659,0.26980288326740265,237.21021519465884,43.0,13317.25,0.8,20257.1953125
939,1775577095.3168328,0.2698085345327854,237.20524671625287,40.0,13317.25,0.8,20256.82421875
940,1775577095.7312384,0.26985165663063526,237.16734149088902,99.0,13317.25,0.8,20257.68359375
941,1775577096.1381233,0.2696952149271965,237.3049147990135,99.0,13317.25,0.8,20257.06640625
942,1775577096.5559354,0.27000419050455093,237.03335818753257,99.0,13317.25,0.8,20257.43359375
943,1775577096.9720385,0.26957458071410656,237.4111083858989,100.0,13317.25,0.8,20257.30859375
944,1775577097.3751159,0.2696951311081648,237.30498855143202,99.0,13317.25,0.8,20257.4296875
945,1775577097.782499,0.26953260973095894,237.44807748451396,100.0,13317.25,0.8,20256.8125
946,1775577098.18757,0.26967424154281616,237.32337072259355,99.0,13317.25,0.8,20257.1796875
947,1775577098.6036475,0.26983347721397877,237.1833201009666,96.0,13317.25,0.8,20257.546875
948,1775577099.0083137,0.2700120396912098,237.0264676834094,94.0,13317.25,0.8,20257.421875
949,1775577099.4212809,0.2700012382119894,237.03594999720295,87.0,13317.25,0.8,20257.296875
950,1775577099.8346093,0.26968635246157646,237.3127131419021,80.0,13317.25,0.8,20257.41796875
951,1775577100.248105,0.26992703787982464,237.1011088874087,73.0,13317.25,0.8,20257.29296875
952,1775577100.6539683,0.2696793917566538,237.3188384292658,70.0,13317.25,0.8,20257.4140625
953,1775577101.066397,0.2697733547538519,237.23617945291608,64.0,13317.25,0.8,20256.796875
954,1775577101.4821734,0.2698967568576336,237.12771040727628,56.0,13317.25,0.8,20257.65625
955,1775577101.8977616,0.26993581652641296,237.09339806612013,48.0,13317.25,0.8,20257.53125
956,1775577102.3022223,0.26982266642153263,237.192823155989,46.0,13317.25,0.8,20257.40625
957,1775577102.7152953,0.2699030879884958,237.12214809016152,40.0,13317.25,0.9,20257.52734375
958,1775577103.117884,0.26960569992661476,237.38370523108546,39.0,13317.25,0.8,20256.6640625
959,1775577103.5218122,0.2697387542575598,237.26661071063472,37.0,13317.25,0.8,20257.27734375
960,1775577103.937904,0.269694983959198,237.30511802801095,100.0,13317.25,0.8,20256.90625
961,1775577104.355514,0.2697250247001648,237.27868806813348,100.0,13317.25,0.8,20257.765625
962,1775577104.7700825,0.26965460181236267,237.34065567526997,99.0,13317.25,0.8,20257.1484375
963,1775577105.1867898,0.26977585442364216,237.23398128691562,100.0,13317.25,0.8,20256.77734375
964,1775577105.5908358,0.2698962166905403,237.12818499186898,99.0,13317.25,0.8,20257.14453125
965,1775577106.002978,0.2697738241404295,237.23576667944292,95.0,13317.25,0.8,20257.265625
966,1775577106.415966,0.26968358270823956,237.3151504340521,88.0,13317.25,0.8,20257.140625
967,1775577106.8207932,0.26973254419863224,237.27207330558568,86.0,13317.25,0.8,20257.015625
968,1775577107.2339005,0.26968284137547016,237.31580279108303,79.0,13317.25,0.8,20256.64453125
969,1775577107.637988,0.2696565352380276,237.33895395306027,77.0,13317.25,0.8,20257.50390625
970,1775577108.0527513,0.26972675137221813,237.27716911431278,70.0,13317.25,0.8,20257.625
971,1775577108.469849,0.2696114704012871,237.3786245249248,61.0,13317.25,0.8,20257.5
972,1775577108.8815575,0.26987190544605255,237.1495465384544,55.0,13317.25,0.8,20257.375
973,1775577109.2853549,0.2696854714304209,237.31348841501114,53.0,13317.25,0.8,20257.00390625
974,1775577109.700223,0.2698266841471195,237.18929134934936,46.0,13317.25,0.8,20257.6171875
975,1775577110.108746,0.2700610999017954,236.9834086555704,42.0,13317.25,0.8,20257.73828125
976,1775577110.5251198,0.2698693163692951,237.15182170773718,99.0,13317.25,0.8,20257.3671875
977,1775577110.9313502,0.26979074627161026,237.22088649982226,99.0,13317.25,0.8,20256.99609375
978,1775577111.3471577,0.2700848914682865,236.96253297276687,99.0,13317.25,0.8,20240.03515625
979,1775577111.7636747,0.26976994425058365,237.23917865569095,100.0,13317.25,0.8,20245.81640625
980,1775577112.1749976,0.2696015313267708,237.3873756763968,100.0,13317.25,0.8,20251.10546875
981,1775577112.5794091,0.2697406765073538,237.2649198803919,99.0,13317.25,0.9,20251.96484375
982,1775577112.9945087,0.2696336805820465,237.35907124750136,98.0,13317.25,0.8,20252.33203125
983,1775577113.397502,0.26999454014003277,237.04183042666855,97.0,13317.25,0.8,20252.9453125
984,1775577113.8143196,0.26959861256182194,237.38994571169795,88.0,13317.25,0.8,20252.57421875
985,1775577114.2270327,0.269728334620595,237.2757763474261,82.0,13317.25,0.8,20252.8203125
986,1775577114.6386602,0.26956293173134327,237.42136794900586,76.0,13317.25,0.8,20252.32421875
987,1775577115.0414178,0.2698108535259962,237.2032079644773,74.0,13317.25,0.8,20252.4453125
988,1775577115.4562235,0.2697074431926012,237.29415563180012,67.0,13317.25,0.8,20252.56640625
989,1775577115.8587763,0.26972790248692036,237.27615648923637,66.0,13317.25,0.8,20252.93359375
990,1775577116.2636487,0.2699119970202446,237.11432135860088,63.0,13317.25,0.8,20252.6875
991,1775577116.6685367,0.26955758035182953,237.42608134583526,61.0,13317.25,0.8,20252.68359375
992,1775577117.0730684,0.26968746446073055,237.3117346331798,58.0,13317.25,0.8,20252.06640625
993,1775577117.4897592,0.2696533016860485,237.3418000070098,50.0,13317.25,0.8,20252.6796875
994,1775577117.8919518,0.2696972247213125,237.30314639363982,49.0,13317.25,0.8,20252.5546875
995,1775577118.304741,0.2698802053928375,237.14225319653076,42.0,13317.25,0.8,20253.046875
996,1775577118.7088091,0.2696322426199913,237.36033709514106,41.0,13317.25,0.8,20252.796875
997,1775577119.1139657,0.26969085074961185,237.30875490255062,38.0,13317.25,0.9,20252.91796875
998,1775577119.5182498,0.26970224268734455,237.29873123151125,36.0,13317.25,0.8,20254.0234375
999,1775577119.9234412,0.2697202321141958,237.28290420906683,99.0,13317.25,0.8,20253.8984375
1000,1775577120.3319554,0.2700780387967825,236.9685454068191,99.0,13317.25,0.8,20254.14453125
1001,1775577120.7477212,0.26972261257469654,237.2808100480487,100.0,13317.25,0.8,20253.40234375
1002,1775577121.1626635,0.2699454966932535,237.08489596596218,99.0,13317.25,0.8,20254.015625
1003,1775577121.5747542,0.26979601569473743,237.21625330602822,99.0,13317.25,0.8,20253.890625
1004,1775577121.9883943,0.26975949108600616,237.2483716600547,99.0,13317.25,0.8,20254.01171875
1005,1775577122.4027417,0.2700192481279373,237.0201400223005,93.0,13317.25,0.8,20253.88671875
1006,1775577122.806769,0.26964831352233887,237.3461905397675,91.0,13317.25,0.9,20253.0234375
1007,1775577123.219313,0.26981479674577713,237.1997413481426,84.0,13317.25,0.8,20253.515625
1008,1775577123.6260178,0.2696019113063812,237.3870411002727,81.0,13317.25,0.9,20253.7578125
1009,1775577124.030771,0.2696754913777113,237.32227082646045,78.0,13317.25,0.8,20254.125
1010,1775577124.4433997,0.2698014434427023,237.2114810927306,72.0,13317.25,0.8,20254.0
1011,1775577124.8572795,0.2697406839579344,237.26491332683318,65.0,13317.25,0.8,20253.875
1012,1775577125.260892,0.2700364086776972,237.00507762413403,63.0,13317.25,0.8,20253.62890625
1013,1775577125.6652844,0.2697176821529865,237.2851475258436,61.0,13317.25,0.8,20253.87109375
1014,1775577126.0681162,0.26964301243424416,237.3508566835464,59.0,13317.25,0.8,20253.5
1015,1775577126.4809287,0.2696262802928686,237.3655859157463,53.0,13317.25,0.8,20253.62109375
1016,1775577126.886535,0.26971153542399406,237.29055525708313,50.0,13317.25,0.8,20253.7421875
1017,1775577127.2988458,0.2697397619485855,237.26572433247307,44.0,13317.25,0.8,20254.234375
1018,1775577127.7046492,0.269601060077548,237.38779061770396,41.0,13317.25,0.8,20253.73828125
1019,1775577128.10808,0.269669771194458,237.32730486076545,40.0,13317.25,0.8,20254.10546875
1020,1775577128.5117476,0.2696958128362894,237.304388699758,38.0,13317.25,0.8,20253.98046875
1021,1775577128.9236276,0.26975101232528687,237.2558288041707,99.0,13317.25,0.8,20254.1015625
1022,1775577129.327774,0.27011987939476967,236.9318398312569,100.0,13317.25,0.8,20254.59375
1023,1775577129.7300937,0.2699990477412939,237.03787304214177,99.0,13317.25,0.8,20254.09765625
1024,1775577130.1315637,0.2698021922260523,237.21082275854138,99.0,13317.25,0.8,20253.7265625
1025,1775577130.5446074,0.27012187987565994,236.9300851506731,99.0,13317.25,0.8,20253.84765625
1026,1775577130.9450202,0.26967794448137283,237.32011204357352,100.0,13317.25,0.8,20253.72265625
1027,1775577131.3487136,0.26969518326222897,237.3049426610329,99.0,13317.25,0.8,20253.59765625
1028,1775577131.7623293,0.26975647173821926,237.2510271490641,100.0,13317.25,0.8,20253.96484375
1029,1775577132.1687005,0.26994564011693,237.0847700013887,99.0,13317.25,0.8,20254.0859375
1030,1775577132.584796,0.26988692581653595,237.1363481442076,99.0,13317.25,0.9,20254.20703125
1031,1775577132.9882693,0.2695278897881508,237.45223564917185,98.0,13317.25,0.8,20255.8046875
1032,1775577133.3944676,0.26995239593088627,237.07883673084865,95.0,13317.25,0.8,20255.43359375
1033,1775577133.8018074,0.26979763619601727,237.21482850020894,91.0,13317.25,0.8,20255.30859375
1034,1775577134.2171907,0.27008054964244366,236.96634239203385,84.0,13317.25,0.8,20255.18359375
1035,1775577134.6308908,0.26980828680098057,237.20546451269118,77.0,13317.25,0.8,20255.55078125
1036,1775577135.0352082,0.26980678364634514,237.20678603800167,75.0,13317.25,0.8,20255.671875
1037,1775577135.4509873,0.26993110589683056,237.09753563733858,67.0,13317.25,0.8,20255.79296875
1038,1775577135.8569288,0.269945589825511,237.08481417076936,64.0,13317.25,0.8,20254.9296875
1039,1775577136.2702763,0.2696890216320753,237.31036440672153,57.0,13317.25,0.8,20255.296875
1040,1775577136.686263,0.2696624808013439,237.33372106425062,49.0,13317.25,0.8,20255.41796875
1041,1775577137.09441,0.2696108538657427,237.37916735306914,45.0,13317.25,0.8,20240.42578125
1042,1775577137.5006456,0.2698298655450344,237.18649479636065,42.0,13317.25,0.8,20256.54296875
1043,1775577137.9097202,0.26967658288776875,237.3213102697718,37.0,13317.25,0.8,20257.15625
1044,1775577138.313733,0.2697062436491251,237.29521101951548,35.0,13317.25,0.8,20256.78515625
1045,1775577138.7292845,0.2702481523156166,236.8193804531765,99.0,13317.25,0.8,20257.1328125
1046,1775577139.1472878,0.2696973420679569,237.3030431418698,99.0,13317.25,0.8,20256.88671875
1047,1775577139.5622702,0.27004232071340084,236.99988887269254,99.0,13317.25,0.8,20256.8828125
1048,1775577139.9651875,0.26962309144437313,237.36839325278657,100.0,13317.25,0.8,20256.7578125
1049,1775577140.3696396,0.2695882599800825,237.39906183128446,100.0,13317.25,0.8,20257.125
1050,1775577140.7844267,0.26962484419345856,237.3668501930755,99.0,13317.25,0.8,20256.75390625
1051,1775577141.1956434,0.26975830271840096,237.2494168114974,93.0,13317.25,0.8,20257.4921875
1052,1775577141.6082332,0.26983023434877396,237.18617061005713,87.0,13317.25,0.8,20256.99609375
1053,1775577142.0186305,0.26972063444554806,237.28255026376374,82.0,13317.25,0.8,20256.625
1054,1775577142.4308314,0.269661083817482,237.3349505756563,76.0,13317.25,0.8,20256.9921875
1055,1775577142.8362055,0.26989060640335083,237.13311423796708,73.0,13317.25,0.9,20256.62109375
1056,1775577143.2494357,0.2696879003196955,237.31135109929897,66.0,13317.25,0.8,20256.8671875
1057,1775577143.654211,0.26975602470338345,237.2514203172022,64.0,13317.25,0.8,20256.6171875
1058,1775577144.0584037,0.26967998407781124,237.3183171856535,62.0,13317.25,0.9,20256.984375
1059,1775577144.47449,0.2698080241680145,237.20569541010389,53.0,13317.25,0.8,20257.10546875
1060,1775577144.8913672,0.2697248551994562,237.27883717899584,45.0,13317.25,0.8,20256.734375
1061,1775577145.3053741,0.2695280686020851,237.4520781154178,38.0,13317.25,0.8,20256.98046875
1062,1775577145.7079082,0.269766116514802,237.2425448638148,37.0,13317.25,0.8,20256.73046875
1063,1775577146.1122816,0.26970106177031994,237.29977027121615,35.0,13317.25,0.8,20257.09765625
1064,1775577146.5269747,0.26960344053804874,237.3856946049165,99.0,13317.25,0.8,20256.97265625
1065,1775577146.9384496,0.26954004913568497,237.4415238300367,100.0,13317.25,0.8,20256.84375
1066,1775577147.354054,0.269895875826478,237.12848447208955,99.0,13317.25,0.8,20256.96484375
1067,1775577147.7566545,0.27011359110474586,236.93735564450657,99.0,13317.25,0.8,20256.83984375
1068,1775577148.1708977,0.27015240117907524,236.90331724120594,99.0,13317.25,0.8,20256.46875
1069,1775577148.5841744,0.2697832342237234,237.22749185713542,98.0,13317.25,0.8,20257.08203125
1070,1775577148.9887714,0.2695446815341711,237.43744315684634,95.0,13317.25,0.8,20257.203125
1071,1775577149.4075255,0.2698520328849554,237.16701080878937,86.0,13317.25,0.8,20257.078125
1072,1775577149.812751,0.26977602764964104,237.23382895650386,83.0,13317.25,0.8,20257.19921875
1073,1775577150.2279093,0.26985288597643375,237.1662610478404,76.0,13317.25,0.8,20257.19921875
1074,1775577150.6322322,0.2697885725647211,237.22279780640702,74.0,13317.25,0.8,20256.94921875
1075,1775577151.0486927,0.26998988166451454,237.0459204079561,65.0,13317.25,0.8,20257.0703125
1076,1775577151.4649453,0.2695763520896435,237.40954836690491,57.0,13317.25,0.8,20256.9453125
1077,1775577151.8704486,0.2699636183679104,237.06898132021576,54.0,13317.25,0.8,20257.06640625
1078,1775577152.276527,0.26988115534186363,237.1414184844806,51.0,13317.25,0.8,20257.3125
1079,1775577152.6805851,0.2696591205894947,237.33667847054934,49.0,13317.25,0.9,20256.81640625
1080,1775577153.093976,0.2698060143738985,237.2074623633426,42.0,13317.25,0.8,20256.69140625
1081,1775577153.5062509,0.26973297260701656,237.27169645382526,37.0,13317.25,0.8,20256.56640625
1082,1775577153.921865,0.2696754112839699,237.32234131130184,100.0,13317.25,0.8,20256.6875
1083,1775577154.3338442,0.2696396131068468,237.35384894889128,100.0,13317.25,0.8,20257.42578125
1084,1775577154.7376761,0.269895825535059,237.12852865775992,99.0,13317.25,0.8,20256.9296875
1085,1775577155.140855,0.26973598450422287,237.2690470558927,99.0,13317.25,0.8,20256.8046875
1086,1775577155.5553443,0.2700187675654888,237.0205618558636,99.0,13317.25,0.8,20259.38671875
1087,1775577155.957094,0.2697228416800499,237.28060849929037,100.0,13317.25,0.8,20259.5078125
1088,1775577156.3728297,0.2701123598963022,236.93843563682162,99.0,13317.25,0.8,20259.13671875
1089,1775577156.7906141,0.2699846364557743,237.05052568975984,94.0,13317.25,0.8,20259.01171875
1090,1775577157.196831,0.26972472481429577,237.27895187978672,90.0,13317.25,0.8,20258.88671875
1091,1775577157.6021192,0.26971957087516785,237.28348592702088,88.0,13317.25,0.8,20266.390625
1092,1775577158.0076606,0.2697183731943369,237.28453958116847,85.0,13317.25,0.8,20266.51171875
1093,1775577158.425115,0.2696926724165678,237.30715197610368,76.0,13317.25,0.8,20249.78515625
1094,1775577158.830343,0.26981130614876747,237.2028100435196,73.0,13317.25,0.8,20254.3359375
1095,1775577159.233048,0.26971003226935863,237.2918777306859,72.0,13317.25,0.8,20253.84375
1096,1775577159.6365495,0.26990225724875927,237.1228779350796,70.0,13317.25,0.8,20253.83984375
1097,1775577160.0410197,0.26951601915061474,237.4626940606251,68.0,13317.25,0.8,20253.71484375
1098,1775577160.4557583,0.2698084842413664,237.20529093053506,60.0,13317.25,0.8,20254.328125
1099,1775577160.8708847,0.27002624049782753,237.01400235031937,53.0,13317.25,0.8,20254.203125
1100,1775577161.289346,0.2698443438857794,237.173768693444,43.0,13317.25,0.8,20253.95703125
1101,1775577161.7090263,0.2697760444134474,237.2338142148615,99.0,13317.25,0.8,20253.953125
1102,1775577162.126534,0.26972342282533646,237.2800972551953,99.0,13317.25,0.8,20253.828125
1103,1775577162.529341,0.2697330564260483,237.27162272209912,100.0,13317.25,0.9,20254.1953125
1104,1775577162.9362743,0.2696478646248579,237.34658566289295,100.0,13317.25,0.8,20240.92578125
1105,1775577163.350998,0.2698248643428087,237.19089104660455,99.0,13317.25,0.8,20247.9375
1106,1775577163.7540202,0.27004154957830906,237.0005656534744,99.0,13317.25,0.8,20250.02734375
1107,1775577164.1668274,0.2696813605725765,237.317105876794,100.0,13317.25,0.8,20249.41015625
1108,1775577164.5730073,0.270041286945343,237.00079615215932,99.0,13317.25,0.8,20250.015625
1109,1775577164.9886708,0.269926680251956,237.10142302443344,93.0,13317.25,0.8,20249.890625
1110,1775577165.4052322,0.26981501281261444,237.19955139949076,85.0,13317.25,0.8,20250.01171875
