step,phase,cuda_sec,sync_start_sec,sync_stop_sec,sync_total_sec,nvml_mem_sec,nvml_util_sec,psutil_sec
0,forward,0.17276118695735931,9.021162986755371e-05,4.4640153646469116e-05,0.00013485178351402283,0.00012412294745445251,0.0,0.0
0,backward,0.11378037557005882,9.851530194282532e-06,0.011113747954368591,0.011123599484562874,6.820075213909149e-05,0.0,0.0
0,optimizer,0.01083940640091896,1.2530013918876648e-05,0.00119880773127079,0.0012113377451896667,4.76595014333725e-05,0.0007607936859130859,0.0005538072437047958
1,forward,0.011903734877705574,3.311969339847565e-05,0.024040088057518005,0.02407320775091648,8.058175444602966e-05,0.0,0.0
1,backward,0.012399422004818916,4.0300190448760986e-05,0.06857600621879101,0.06861630640923977,9.009987115859985e-05,0.0,0.0
1,optimizer,0.00122871994972229,3.133900463581085e-05,0.0012552309781312943,0.001286569982767105,2.6220455765724182e-05,0.0004938691854476929,0.0004787873476743698
2,forward,0.012494221329689026,3.0199065804481506e-05,0.02335776761174202,0.0233879666775465,8.464977145195007e-05,0.0,0.0
2,backward,0.011311260983347893,1.5439465641975403e-05,0.06997046992182732,0.06998590938746929,8.414313197135925e-05,0.0,0.0
2,optimizer,0.001173950731754303,3.311969339847565e-05,0.0012584012001752853,0.001291520893573761,2.5490298867225647e-05,0.000992167741060257,0.0004771556705236435
3,forward,0.012294609099626541,3.0899420380592346e-05,0.023620489984750748,0.02365138940513134,8.303113281726837e-05,0.0,0.0
3,backward,0.011402536183595657,1.7430633306503296e-05,0.06940192729234695,0.06941935792565346,8.427910506725311e-05,0.0,0.0
3,optimizer,0.001224961131811142,2.756156027317047e-05,0.001261100172996521,0.0012886617332696915,2.7282163500785828e-05,0.0004913397133350372,0.00046277977526187897
4,forward,0.01232297345995903,2.9668211936950684e-05,0.02353408746421337,0.023563755676150322,8.302927017211914e-05,0.0,0.0
4,backward,0.01150716282427311,1.5811994671821594e-05,0.06955083273351192,0.06956664472818375,8.727982640266418e-05,0.0,0.0
4,optimizer,0.0014705769717693329,4.900060594081879e-05,0.0012317001819610596,0.0012807007879018784,2.5099143385887146e-05,0.0008726771920919418,0.00045993924140930176
5,forward,0.012467462569475174,3.0819326639175415e-05,0.023630401119589806,0.02366122044622898,7.918104529380798e-05,0.0,0.0
5,backward,0.011824732646346092,1.4729797840118408e-05,0.06900964118540287,0.06902437098324299,7.870234549045563e-05,0.0,0.0
5,optimizer,0.0012138709425926208,2.8170645236968994e-05,0.0012593306601047516,0.0012875013053417206,2.4441629648208618e-05,0.0004964675754308701,0.00043971650302410126
6,forward,0.012470513582229614,3.189966082572937e-05,0.023428775370121002,0.02346067503094673,7.686205208301544e-05,0.0,0.0
6,backward,0.011434484273195267,1.533888280391693e-05,0.06968524307012558,0.0697005819529295,7.655099034309387e-05,0.0,0.0
6,optimizer,0.0012393910437822342,2.6639550924301147e-05,0.0012652799487113953,0.0012919194996356964,2.454034984111786e-05,0.0008458942174911499,0.0004314463585615158
7,forward,0.012499503791332245,3.1150877475738525e-05,0.023368224501609802,0.02339937537908554,7.61318951845169e-05,0.0,0.0
7,backward,0.01124454103410244,1.7803162336349487e-05,0.06953983195126057,0.06955763511359692,9.684078395366669e-05,0.0,0.0
7,optimizer,0.0014978665858507156,3.8798898458480835e-05,0.001224001869559288,0.0012628007680177689,2.817995846271515e-05,0.0004974398761987686,0.0004978273063898087
8,forward,0.014156941324472427,3.173016011714935e-05,0.021977493539452553,0.022009223699569702,6.657838821411133e-05,0.0,0.0
8,backward,0.011348774656653404,1.6380101442337036e-05,0.06981837563216686,0.0698347557336092,8.496269583702087e-05,0.0,0.0
8,optimizer,0.001216912642121315,3.135018050670624e-05,0.0012658722698688507,0.001297222450375557,2.4199485778808594e-05,0.0008730236440896988,0.0004761386662721634
9,forward,0.012322651222348213,2.8820708394050598e-05,0.023541279137134552,0.023570099845528603,8.896179497241974e-05,0.0,0.0
9,backward,0.011261891573667526,1.570954918861389e-05,0.06979851610958576,0.06981422565877438,9.131059050559998e-05,0.0,0.0
9,optimizer,0.0012365896254777908,2.939067780971527e-05,0.001258011907339096,0.0012874025851488113,2.614036202430725e-05,0.0004906877875328064,0.00046289898455142975
10,forward,0.012590356171131134,3.0312687158584595e-05,0.023271815851330757,0.023302128538489342,8.253008127212524e-05,0.0,0.0
10,backward,0.01122221164405346,1.6849488019943237e-05,0.06971796415746212,0.06973481364548206,8.814036846160889e-05,0.0,0.0
10,optimizer,0.0012617912143468857,2.9962509870529175e-05,0.0012639518827199936,0.0012939143925905228,2.533942461013794e-05,0.0004913769662380219,0.0004669278860092163
11,forward,0.01272241398692131,5.6140124797821045e-05,0.023225456476211548,0.02328159660100937,0.00010448135435581207,0.0,0.0
11,backward,0.011206941679120064,1.7289072275161743e-05,0.06990065798163414,0.0699179470539093,8.84421169757843e-05,0.0,0.0
11,optimizer,0.001307368278503418,2.8392300009727478e-05,0.0012313127517700195,0.001259705051779747,2.6708468794822693e-05,0.0004901792854070663,0.0004738271236419678
12,forward,0.01243327185511589,2.9001384973526e-05,0.023428527638316154,0.02345752902328968,8.441135287284851e-05,0.0,0.0
12,backward,0.011145910248160362,1.5459954738616943e-05,0.06973908469080925,0.06975454464554787,7.669255137443542e-05,0.0,0.0
12,optimizer,0.0012411214411258698,2.7701258659362793e-05,0.0012637600302696228,0.0012914612889289856,2.4391338229179382e-05,0.0004898551851511002,0.0004370659589767456
13,forward,0.012466352432966232,3.084912896156311e-05,0.023414088413119316,0.02344493754208088,8.019059896469116e-05,0.0,0.0
13,backward,0.011246060952544212,1.6830861568450928e-05,0.06997912004590034,0.0699959509074688,8.210353553295135e-05,0.0,0.0
13,optimizer,0.0012276023626327515,2.9180198907852173e-05,0.0012590792030096054,0.0012882594019174576,2.5939196348190308e-05,0.0008928664028644562,0.0004429072141647339
14,forward,0.012678613886237144,3.097020089626312e-05,0.023222865536808968,0.02325383573770523,7.834099233150482e-05,0.0,0.0
14,backward,0.011280523613095284,1.6821548342704773e-05,0.06947391107678413,0.06949073262512684,7.990188896656036e-05,0.0,0.0
14,optimizer,0.0012146495282649994,2.767890691757202e-05,0.0012569520622491837,0.0012846309691667557,2.5542452931404114e-05,0.0004893001168966293,0.00043557770550251007
15,forward,0.014636820182204247,4.727952182292938e-05,0.021902799606323242,0.02195007912814617,9.425915777683258e-05,0.0,0.0
15,backward,0.011365443468093872,1.8559396266937256e-05,0.06953801214694977,0.0695565715432167,7.738173007965088e-05,0.0,0.0
15,optimizer,0.0013603419065475464,2.744235098361969e-05,0.0012046918272972107,0.0012321341782808304,2.9452145099639893e-05,0.0004951879382133484,0.00045690685510635376
16,forward,0.012805595993995667,3.104284405708313e-05,0.02305799163877964,0.023089034482836723,7.887184619903564e-05,0.0,0.0
16,backward,0.011214058846235275,1.5612691640853882e-05,0.06960942409932613,0.06962503679096699,8.001178503036499e-05,0.0,0.0
16,optimizer,0.0012208204716444016,2.9159709811210632e-05,0.0012594498693943024,0.001288609579205513,2.5698915123939514e-05,0.0006521698087453842,0.0004510655999183655
17,forward,0.012631377205252647,3.090128302574158e-05,0.02329285442829132,0.023323755711317062,7.813237607479095e-05,0.0,0.0
17,backward,0.01121133379638195,1.624971628189087e-05,0.06984010525047779,0.06985635496675968,8.833035826683044e-05,0.0,0.0
17,optimizer,0.0012266114354133606,3.1970441341400146e-05,0.0012614931911230087,0.0012934636324644089,2.711080014705658e-05,0.0004966966807842255,0.00046679750084877014
18,forward,0.012333370745182037,2.9811635613441467e-05,0.023551348596811295,0.023581160232424736,8.191168308258057e-05,0.0,0.0
18,backward,0.011116700246930122,1.7179176211357117e-05,0.06972654536366463,0.06974372453987598,8.868984878063202e-05,0.0,0.0
18,optimizer,0.0012531839311122894,2.5410205125808716e-05,0.0012608207762241364,0.001286230981349945,2.378225326538086e-05,0.0004897378385066986,0.000464586541056633
19,forward,0.01224282942712307,2.8459355235099792e-05,0.02362813986837864,0.02365659922361374,8.619949221611023e-05,0.0,0.0
19,backward,0.012003643438220024,4.022940993309021e-05,0.06816684082150459,0.06820707023143768,8.068419992923737e-05,0.0,0.0
19,optimizer,0.001203080639243126,3.151223063468933e-05,0.001261761412024498,0.0012932736426591873,2.7529895305633545e-05,0.0008881445974111557,0.0004384554922580719
20,forward,0.012752307578921318,3.01506370306015e-05,0.023240944370627403,0.023271095007658005,8.137151598930359e-05,0.0,0.0
20,backward,0.01128627359867096,1.602061092853546e-05,0.06950810179114342,0.06952412240207195,8.161179721355438e-05,0.0,0.0
20,optimizer,0.0012161117047071457,3.154948353767395e-05,0.001260131597518921,0.0012916810810565948,2.5840476155281067e-05,0.0004905872046947479,0.00044837966561317444
21,forward,0.012523693963885307,3.087148070335388e-05,0.02341199666261673,0.023442868143320084,7.931143045425415e-05,0.0,0.0
21,backward,0.011227790266275406,1.771003007888794e-05,0.06970548629760742,0.06972319632768631,8.153356611728668e-05,0.0,0.0
21,optimizer,0.0012466032058000565,3.013014793395996e-05,0.001259341835975647,0.001289471983909607,2.738088369369507e-05,0.0006864108145236969,0.0004307068884372711
22,forward,0.012427570298314095,3.140978515148163e-05,0.023486269637942314,0.023517679423093796,7.981248199939728e-05,0.0,0.0
22,backward,0.011256322264671326,1.5242025256156921e-05,0.0696828942745924,0.06969813629984856,7.801130414009094e-05,0.0,0.0
22,optimizer,0.001224098727107048,3.137066960334778e-05,0.0012584403157234192,0.001289810985326767,2.7818605303764343e-05,0.0004958584904670715,0.00043416954576969147
23,forward,0.012405339628458023,3.266148269176483e-05,0.023521900177001953,0.023554561659693718,7.88811594247818e-05,0.0,0.0
23,backward,0.011258499696850777,1.9902363419532776e-05,0.06949575245380402,0.06951565481722355,7.902272045612335e-05,0.0,0.0
23,optimizer,0.0014506541192531586,4.547089338302612e-05,0.0012235715985298157,0.0012690424919128418,2.6598572731018066e-05,0.0004988797008991241,0.00043435581028461456
24,forward,0.012883579358458519,3.163143992424011e-05,0.023268315941095352,0.023299947381019592,8.011981844902039e-05,0.0,0.0
24,backward,0.011625627055764198,1.6590580344200134e-05,0.06914678402245045,0.06916337460279465,8.43200832605362e-05,0.0,0.0
24,optimizer,0.0012272614985704422,2.8781592845916748e-05,0.001265350729227066,0.0012941323220729828,2.754107117652893e-05,0.0004899296909570694,0.0004590991884469986
25,forward,0.012297557666897774,3.0180439352989197e-05,0.023578401654958725,0.023608582094311714,8.322857320308685e-05,0.0,0.0
25,backward,0.01116592064499855,1.533888280391693e-05,0.06990367732942104,0.06991901621222496,8.600950241088867e-05,0.0,0.0
25,optimizer,0.0012345612049102783,3.049895167350769e-05,0.0012653432786464691,0.0012958422303199768,2.3031607270240784e-05,0.003938058391213417,0.00046962685883045197
26,forward,0.012446179986000061,2.8489157557487488e-05,0.023469479754567146,0.023497968912124634,8.500181138515472e-05,0.0,0.0
26,backward,0.01114242896437645,1.595914363861084e-05,0.06973334588110447,0.06974930502474308,8.31112265586853e-05,0.0,0.0
26,optimizer,0.0012810546904802322,2.5119632482528687e-05,0.0012599192559719086,0.0012850388884544373,2.5432556867599487e-05,0.0004962794482707977,0.0004788283258676529
27,forward,0.012669537216424942,3.1169503927230835e-05,0.023278644308447838,0.02330981381237507,7.880106568336487e-05,0.0,0.0
27,backward,0.011236391961574554,1.8279999494552612e-05,0.06981390528380871,0.06983218528330326,0.00010528974235057831,0.0,0.0
27,optimizer,0.0014160443097352982,4.40496951341629e-05,0.0012167692184448242,0.0012608189135789871,2.422928810119629e-05,0.0008179116994142532,0.0004910193383693695
28,forward,0.013320423662662506,3.410130739212036e-05,0.022702649235725403,0.022736750543117523,7.99819827079773e-05,0.0,0.0
28,backward,0.011338980868458748,1.7780810594558716e-05,0.06949965097010136,0.06951743178069592,8.006952702999115e-05,0.0,0.0
28,optimizer,0.001273931935429573,2.678297460079193e-05,0.0012120213359594345,0.0012388043105602264,2.5739893317222595e-05,0.0004840288311243057,0.00043819844722747803
29,forward,0.012664642184972763,3.0741095542907715e-05,0.02325267717242241,0.023283418267965317,7.885880768299103e-05,0.0,0.0
29,backward,0.011178841814398766,1.613236963748932e-05,0.06983965635299683,0.06985578872263432,8.008256554603577e-05,0.0,0.0
29,optimizer,0.0012139678001403809,3.079138696193695e-05,0.001258663833141327,0.0012894552201032639,2.8498470783233643e-05,0.0009375289082527161,0.0004375409334897995
30,forward,0.012406500056385994,3.103911876678467e-05,0.02357381209731102,0.023604851216077805,8.119083940982819e-05,0.0,0.0
30,backward,0.011248892173171043,1.831166446208954e-05,0.06967555172741413,0.06969386339187622,8.168444037437439e-05,0.0,0.0
30,optimizer,0.0012166034430265427,3.5701319575309753e-05,0.0012611187994480133,0.001296820119023323,2.6689842343330383e-05,0.0004963092505931854,0.0004605203866958618
31,forward,0.012344330549240112,2.940930426120758e-05,0.023566959425807,0.023596368730068207,7.87731260061264e-05,0.0,0.0
31,backward,0.011435573920607567,1.662038266658783e-05,0.06949976272881031,0.0695163831114769,8.152984082698822e-05,0.0,0.0
31,optimizer,0.001256413757801056,2.709217369556427e-05,0.0012625902891159058,0.00128968246281147,2.872943878173828e-05,0.0008410941809415817,0.00044987723231315613
32,forward,0.012396082282066345,4.581175744533539e-05,0.02354895882308483,0.023594770580530167,9.848363697528839e-05,0.0,0.0
32,backward,0.011163771152496338,1.5612691640853882e-05,0.06973462551832199,0.06975023820996284,8.544139564037323e-05,0.0,0.0
32,optimizer,0.0012617725878953934,2.8060749173164368e-05,0.0012524519115686417,0.001280512660741806,2.5929883122444153e-05,0.0004909969866275787,0.00046996772289276123
33,forward,0.012505881488323212,3.0141323804855347e-05,0.023343168199062347,0.023373309522867203,8.023157715797424e-05,0.0,0.0
33,backward,0.011113738641142845,1.4100223779678345e-05,0.06961078383028507,0.06962488405406475,8.212961256504059e-05,0.0,0.0
33,optimizer,0.0012057311832904816,2.668052911758423e-05,0.001264180988073349,0.0012908615171909332,2.6961788535118103e-05,0.0005188379436731339,0.00045996904373168945
34,forward,0.012864578515291214,3.0409544706344604e-05,0.023035451769828796,0.02306586131453514,7.756054401397705e-05,0.0,0.0
34,backward,0.01128932274878025,1.8600374460220337e-05,0.06969127617776394,0.06970987655222416,8.019059896469116e-05,0.0,0.0
34,optimizer,0.001229170709848404,2.7781352400779724e-05,0.001260301098227501,0.0012880824506282806,2.436898648738861e-05,0.000793924555182457,0.0004726182669401169
35,forward,0.012579236179590225,3.01506370306015e-05,0.023335875943303108,0.02336602658033371,7.801316678524017e-05,0.0,0.0
35,backward,0.011243801563978195,1.9531697034835815e-05,0.06965065188705921,0.06967018358409405,8.260272443294525e-05,0.0,0.0
35,optimizer,0.001318434253334999,2.672150731086731e-05,0.001255471259355545,0.0012821927666664124,2.4031847715377808e-05,0.0004956275224685669,0.0004406273365020752
36,forward,0.012447979301214218,2.9770657420158386e-05,0.023489581421017647,0.023519352078437805,7.76834785938263e-05,0.0,0.0
36,backward,0.011222338303923607,1.947954297065735e-05,0.06987913884222507,0.06989861838519573,8.394196629524231e-05,0.0,0.0
36,optimizer,0.0012070201337337494,2.7080997824668884e-05,0.0012545213103294373,0.0012816023081541061,2.4629756808280945e-05,0.0008808448910713196,0.0004930812865495682
37,forward,0.012336552143096924,3.0001625418663025e-05,0.023588260635733604,0.023618262261152267,0.00010421127080917358,0.0,0.0
37,backward,0.0128062404692173,4.133954644203186e-05,0.0685528852045536,0.06859422475099564,8.341111242771149e-05,0.0,0.0
37,optimizer,0.0014080442488193512,3.2100826501846313e-05,0.0011769197881221771,0.0012090206146240234,2.6632100343704224e-05,0.0005258172750473022,0.0004717893898487091
38,forward,0.012933889403939247,3.034062683582306e-05,0.0230022594332695,0.023032600060105324,8.412078022956848e-05,0.0,0.0
38,backward,0.01117829978466034,1.733936369419098e-05,0.06977741606533527,0.06979475542902946,8.64025205373764e-05,0.0,0.0
38,optimizer,0.0012656208127737045,3.2221898436546326e-05,0.0012580808252096176,0.001290302723646164,2.4570152163505554e-05,0.0008854139596223831,0.0004591606557369232
39,forward,0.012348620221018791,2.929195761680603e-05,0.023527400568127632,0.023556692525744438,8.327141404151917e-05,0.0,0.0
39,backward,0.011111179366707802,1.5310943126678467e-05,0.07000062055885792,0.0700159315019846,8.846074342727661e-05,0.0,0.0
39,optimizer,0.0012269094586372375,2.647191286087036e-05,0.0012578833848237991,0.0012843552976846695,3.444962203502655e-05,0.0009857863187789917,0.0004635397344827652
40,forward,0.01236729882657528,2.9420480132102966e-05,0.02352273091673851,0.023552151396870613,8.679181337356567e-05,0.0,0.0
40,backward,0.011187449097633362,1.600012183189392e-05,0.06972414627671242,0.06974014639854431,9.080208837985992e-05,0.0,0.0
40,optimizer,0.0011837705969810486,2.9442831873893738e-05,0.0012627094984054565,0.0012921523302793503,2.5311484932899475e-05,0.00048350729048252106,0.0004596468061208725
41,forward,0.012706249952316284,3.180094063282013e-05,0.02323107235133648,0.0232628732919693,8.37612897157669e-05,0.0,0.0
41,backward,0.011507656425237656,1.4299526810646057e-05,0.06954312324523926,0.0695574227720499,8.673965930938721e-05,0.0,0.0
41,optimizer,0.001231839880347252,2.9571354389190674e-05,0.0012619514018297195,0.0012915227562189102,2.4119392037391663e-05,0.000866645947098732,0.00046215765178203583
42,forward,0.012627553194761276,3.0390918254852295e-05,0.023336336016654968,0.02336672693490982,7.795915007591248e-05,0.0,0.0
42,backward,0.011306025087833405,1.771003007888794e-05,0.06951835006475449,0.06953606009483337,8.406117558479309e-05,0.0,0.0
42,optimizer,0.0012478213757276535,2.6850029826164246e-05,0.0012579523026943207,0.001284802332520485,2.532079815864563e-05,0.000490870326757431,0.0006776228547096252
43,forward,0.01294676773250103,4.5569613575935364e-05,0.023113084957003593,0.02315865457057953,8.307024836540222e-05,0.0,0.0
43,backward,0.011218858882784843,1.7330050468444824e-05,0.06975241750478745,0.06976974755525589,0.00010426901280879974,0.0,0.0
43,optimizer,0.0012479815632104874,2.7341768145561218e-05,0.0012570898979902267,0.001284431666135788,2.7623027563095093e-05,0.005004284903407097,0.000471457839012146
44,forward,0.012741068378090858,3.2220035791397095e-05,0.023191973567008972,0.02322419360280037,8.42418521642685e-05,0.0,0.0
44,backward,0.011130042374134064,1.6631558537483215e-05,0.06961290165781975,0.06962953321635723,8.973106741905212e-05,0.0,0.0
44,optimizer,0.0012964606285095215,2.5970861315727234e-05,0.0012631211429834366,0.0012890920042991638,2.5331974029541016e-05,0.0006926115602254868,0.0004622172564268112
45,forward,0.012443173676729202,3.198161721229553e-05,0.02346188761293888,0.023493869230151176,8.42120498418808e-05,0.0,0.0
45,backward,0.011217299848794937,1.5681609511375427e-05,0.06982780806720257,0.06984348967671394,8.678250014781952e-05,0.0,0.0
45,optimizer,0.0012346208095550537,2.8289854526519775e-05,0.0012590717524290085,0.0012873616069555283,2.7181580662727356e-05,0.0008325856178998947,0.00046214833855628967
46,forward,0.012398658320307732,3.098137676715851e-05,0.02352750115096569,0.02355848252773285,8.45193862915039e-05,0.0,0.0
46,backward,0.011147411540150642,1.7078593373298645e-05,0.06953142024576664,0.06954849883913994,8.702278137207031e-05,0.0,0.0
46,optimizer,0.001244163140654564,2.9493123292922974e-05,0.0012654811143875122,0.0012949742376804352,2.5581568479537964e-05,0.0004903115332126617,0.00046100839972496033
47,forward,0.012448661029338837,2.958066761493683e-05,0.02342955768108368,0.023459138348698616,8.651241660118103e-05,0.0,0.0
47,backward,0.011160457506775856,1.524016261100769e-05,0.0698208287358284,0.06983606889843941,8.916296064853668e-05,0.0,0.0
47,optimizer,0.001160239800810814,2.7082860469818115e-05,0.0012568309903144836,0.0012839138507843018,2.489238977432251e-05,0.0008879136294126511,0.00046226754784584045
48,forward,0.014584137126803398,3.0741095542907715e-05,0.021356353536248207,0.021387094631791115,8.42418521642685e-05,0.0,0.0
48,backward,0.011787423864006996,1.6091391444206238e-05,0.06922821514308453,0.06924430653452873,8.64025205373764e-05,0.0,0.0
48,optimizer,0.001221461221575737,2.9752030968666077e-05,0.0012210886925458908,0.0012508407235145569,2.6792287826538086e-05,0.0004897471517324448,0.0004603210836648941
49,forward,0.012393321841955185,3.1299889087677e-05,0.023536739870905876,0.023568039759993553,9.26535576581955e-05,0.0,0.0
49,backward,0.01121865026652813,1.8863007426261902e-05,0.06994005851447582,0.06995892152190208,8.747167885303497e-05,0.0,0.0
49,optimizer,0.0012488123029470444,2.939067780971527e-05,0.0012668594717979431,0.0012962501496076584,2.7827918529510498e-05,0.0008127316832542419,0.0004565287381410599
50,forward,0.012733923271298409,2.942979335784912e-05,0.023221107199788094,0.023250536993145943,8.307211101055145e-05,0.0,0.0
50,backward,0.011125858873128891,1.765228807926178e-05,0.06962236389517784,0.0696400161832571,8.91219824552536e-05,0.0,0.0
50,optimizer,0.0012473911046981812,3.127939999103546e-05,0.0012587718665599823,0.0012900512665510178,2.438761293888092e-05,0.0005861297249794006,0.00046128779649734497
51,forward,0.012722475454211235,2.983957529067993e-05,0.023183103650808334,0.023212943226099014,9.235180914402008e-05,0.0,0.0
51,backward,0.011123087257146835,1.648813486099243e-05,0.06974758580327034,0.06976407393813133,8.603371679782867e-05,0.0,0.0
51,optimizer,0.0012307260185480118,2.962164580821991e-05,0.0012583788484334946,0.0012880004942417145,2.3948028683662415e-05,0.0004948899149894714,0.00046301819384098053
52,forward,0.012500343844294548,3.064051270484924e-05,0.023422718048095703,0.023453358560800552,8.380226790904999e-05,0.0,0.0
52,backward,0.011256001889705658,1.728162169456482e-05,0.06986768543720245,0.06988496705889702,8.780136704444885e-05,0.0,0.0
52,optimizer,0.0011755488812923431,2.999044954776764e-05,0.0012624319642782211,0.0012924224138259888,2.611987292766571e-05,0.0004901587963104248,0.0004647988826036453
53,forward,0.012404600158333778,3.0180439352989197e-05,0.02346757985651493,0.02349776029586792,8.097104728221893e-05,0.0,0.0
53,backward,0.011121178045868874,1.6920268535614014e-05,0.06961412355303764,0.06963104382157326,0.0001148618757724762,0.0,0.0
53,optimizer,0.0014401823282241821,4.588998854160309e-05,0.0012161601334810257,0.0012620501220226288,2.6559457182884216e-05,0.000767972320318222,0.0005256179720163345
54,forward,0.01311013475060463,3.070943057537079e-05,0.02283581718802452,0.02286652661859989,9.054131805896759e-05,0.0,0.0
54,backward,0.011421982198953629,1.6380101442337036e-05,0.06978474743664265,0.06980112753808498,8.811242878437042e-05,0.0,0.0
54,optimizer,0.0012427233159542084,2.3428350687026978e-05,0.0012631304562091827,0.0012865588068962097,2.6889145374298096e-05,0.000788271427154541,0.00046535953879356384
55,forward,0.012431459501385689,2.851150929927826e-05,0.023495420813560486,0.023523932322859764,8.5439532995224e-05,0.0,0.0
55,backward,0.011102067306637764,1.6480684280395508e-05,0.0698116160929203,0.0698280967772007,8.843280375003815e-05,0.0,0.0
55,optimizer,0.0012430399656295776,2.9770657420158386e-05,0.0012649111449718475,0.001294681802392006,2.5600194931030273e-05,0.0004897080361843109,0.0004737377166748047
56,forward,0.012459645047783852,2.8559938073158264e-05,0.02345387637615204,0.023482436314225197,8.365139365196228e-05,0.0,0.0
56,backward,0.011115597561001778,1.592002809047699e-05,0.06961659528315067,0.06963251531124115,8.804164826869965e-05,0.0,0.0
56,optimizer,0.0012335516512393951,2.8869137167930603e-05,0.001259051263332367,0.0012879204005002975,2.5840476155281067e-05,0.0004976596683263779,0.00046558864414691925
57,forward,0.01253003254532814,3.04393470287323e-05,0.02337251789867878,0.023402957245707512,8.28821212053299e-05,0.0,0.0
57,backward,0.011188361793756485,1.559220254421234e-05,0.06997040845453739,0.0699860006570816,8.750148117542267e-05,0.0,0.0
57,optimizer,0.0011532492935657501,2.9472634196281433e-05,0.0012626908719539642,0.0012921635061502457,3.2631680369377136e-05,0.0009992346167564392,0.00046270526945590973
58,forward,0.012759748846292496,2.9519200325012207e-05,0.023177223280072212,0.023206742480397224,8.432194590568542e-05,0.0,0.0
58,backward,0.011171190068125725,1.6398727893829346e-05,0.06964945420622826,0.06966585293412209,8.414126932621002e-05,0.0,0.0
58,optimizer,0.0009518060833215714,3.273971378803253e-05,0.0012579504400491714,0.001290690153837204,2.6213005185127258e-05,0.00048373080790042877,0.00045218877494335175
59,forward,0.012470820918679237,4.3140724301338196e-05,0.02349850907921791,0.02354164980351925,9.497255086898804e-05,0.0,0.0
59,backward,0.011107180267572403,1.689046621322632e-05,0.07009474001824856,0.07011163048446178,8.775107562541962e-05,0.0,0.0
59,optimizer,0.0012699197977781296,3.061257302761078e-05,0.001259511336684227,0.0012901239097118378,2.5188550353050232e-05,0.0007385332137346268,0.0004841778427362442
60,forward,0.012714125216007233,3.0290335416793823e-05,0.023233024403452873,0.023263314738869667,8.524022996425629e-05,0.0,0.0
60,backward,0.011150076985359192,1.6180798411369324e-05,0.06965216435492039,0.06966834515333176,8.782371878623962e-05,0.0,0.0
60,optimizer,0.0012331809848546982,2.723000943660736e-05,0.0012635402381420135,0.001290770247578621,2.5881454348564148e-05,0.0004896949976682663,0.00046340934932231903
61,forward,0.01239703968167305,3.088079392910004e-05,0.02347615920007229,0.02350703999400139,7.997266948223114e-05,0.0,0.0
61,backward,0.011172322556376457,1.4899298548698425e-05,0.06997751630842686,0.06999241560697556,8.975900709629059e-05,0.0,0.0
61,optimizer,0.0011612512171268463,2.6671215891838074e-05,0.0012582894414663315,0.0012849606573581696,2.5939196348190308e-05,0.0006670709699392319,0.00046933628618717194
62,forward,0.012505199760198593,2.9809772968292236e-05,0.023440880700945854,0.023470690473914146,8.171983063220978e-05,0.0,0.0
62,backward,0.011224586516618729,1.9399449229240417e-05,0.06950531341135502,0.06952471286058426,8.743070065975189e-05,0.0,0.0
62,optimizer,0.0011660512536764145,2.9088929295539856e-05,0.0012554805725812912,0.001284569501876831,2.723000943660736e-05,0.000489676371216774,0.00046545639634132385
63,forward,0.012524602934718132,2.7846544981002808e-05,0.023354938253760338,0.02338278479874134,8.362531661987305e-05,0.0,0.0
63,backward,0.011114826425909996,1.7100945115089417e-05,0.06988602131605148,0.06990312226116657,8.524954319000244e-05,0.0,0.0
63,optimizer,0.0011746808886528015,2.9787421226501465e-05,0.0012559909373521805,0.001285778358578682,2.366863191127777e-05,0.0009188633412122726,0.0004590749740600586
64,forward,0.012458615005016327,2.9871240258216858e-05,0.02344127744436264,0.023471148684620857,8.51023942232132e-05,0.0,0.0
64,backward,0.011219089850783348,1.6007572412490845e-05,0.06989923864603043,0.06991524621844292,8.656084537506104e-05,0.0,0.0
64,optimizer,0.0011550579220056534,2.8600916266441345e-05,0.0012556426227092743,0.0012842435389757156,2.5680288672447205e-05,0.000504540279507637,0.0004665479063987732
65,forward,0.012363389134407043,3.180839121341705e-05,0.023492539301514626,0.023524347692728043,8.400343358516693e-05,0.0,0.0
65,backward,0.011173039674758911,1.4880672097206116e-05,0.06984845735132694,0.06986333802342415,8.50725919008255e-05,0.0,0.0
65,optimizer,0.0012408625334501266,2.9148533940315247e-05,0.0012606102973222733,0.0012897588312625885,2.7138739824295044e-05,0.0009377859532833099,0.00046057626605033875
66,forward,0.014253053814172745,4.667043685913086e-05,0.022323107346892357,0.022369777783751488,9.947270154953003e-05,0.0,0.0
66,backward,0.011453267186880112,1.7140060663223267e-05,0.06935119815170765,0.06936833821237087,8.65403562784195e-05,0.0,0.0
66,optimizer,0.0012608766555786133,2.9988586902618408e-05,0.0012068282812833786,0.001236816868185997,2.4760141968727112e-05,0.0004946868866682053,0.0004804488271474838
67,forward,0.012399818748235703,2.9651448130607605e-05,0.023469610139727592,0.0234992615878582,8.356943726539612e-05,0.0,0.0
67,backward,0.011121748015284538,1.4500692486763e-05,0.06986258737742901,0.06987708806991577,8.847005665302277e-05,0.0,0.0
67,optimizer,0.0012610405683517456,2.7719885110855103e-05,0.0012591313570737839,0.001286851242184639,2.351216971874237e-05,0.0008493438363075256,0.0004631374031305313
68,forward,0.012428700923919678,2.9729679226875305e-05,0.02346586063504219,0.023495590314269066,8.423253893852234e-05,0.0,0.0
68,backward,0.01125187985599041,1.4379620552062988e-05,0.06987768784165382,0.06989206746220589,0.00020070187747478485,0.0,0.0
68,optimizer,0.0012260433286428452,3.162957727909088e-05,0.0012584719806909561,0.001290101557970047,2.5248154997825623e-05,0.000883912667632103,0.0005016494542360306
69,forward,0.012388700619339943,3.0471011996269226e-05,0.02353665977716446,0.02356713078916073,8.278153836727142e-05,0.0,0.0
69,backward,0.011141128838062286,1.7259269952774048e-05,0.06972506642341614,0.06974232569336891,8.521229028701782e-05,0.0,0.0
69,optimizer,0.0012552309781312943,2.965889871120453e-05,0.001257631927728653,0.0012872908264398575,2.535991370677948e-05,0.0004975702613592148,0.00045744888484477997
70,forward,0.01239090971648693,2.9532238841056824e-05,0.02356228046119213,0.023591812700033188,8.022412657737732e-05,0.0,0.0
70,backward,0.011421037837862968,1.7618760466575623e-05,0.0694342590868473,0.06945187784731388,8.655153214931488e-05,0.0,0.0
70,optimizer,0.0013086218386888504,2.567097544670105e-05,0.0012581124901771545,0.0012837834656238556,2.4382025003433228e-05,0.0004835687577724457,0.00045857951045036316
71,forward,0.012496836483478546,3.113970160484314e-05,0.023412656038999557,0.0234437957406044,8.51806253194809e-05,0.0,0.0
71,backward,0.011257428675889969,1.7570331692695618e-05,0.06978104636073112,0.06979861669242382,8.57822597026825e-05,0.0,0.0
71,optimizer,0.0012251194566488266,2.7079135179519653e-05,0.0012619812041521072,0.001289060339331627,2.5833025574684143e-05,0.0005116276443004608,0.0004598759114742279
72,forward,0.01276310533285141,2.888217568397522e-05,0.023164184764027596,0.02319306693971157,8.644908666610718e-05,0.0,0.0
72,backward,0.011179011315107346,1.4880672097206116e-05,0.06954723224043846,0.06956211291253567,9.768269956111908e-05,0.0,0.0
72,optimizer,0.0012338533997535706,3.14321368932724e-05,0.001255922019481659,0.0012873541563749313,2.4629756808280945e-05,0.0004975181072950363,0.00046788714826107025
73,forward,0.013390537351369858,5.123205482959747e-05,0.02299589104950428,0.023047123104333878,8.44225287437439e-05,0.0,0.0
73,backward,0.011256271973252296,1.6869977116584778e-05,0.06990821845829487,0.06992508843541145,8.517131209373474e-05,0.0,0.0
73,optimizer,0.001282520592212677,3.221258521080017e-05,0.0012646596878767014,0.0012968722730875015,2.528168261051178e-05,0.0008286163210868835,0.0004619155079126358
74,forward,0.012492312118411064,2.748146653175354e-05,0.023466240614652634,0.023493722081184387,8.109956979751587e-05,0.0,0.0
74,backward,0.011086389422416687,1.7130747437477112e-05,0.06971252523362637,0.06972965598106384,8.410215377807617e-05,0.0,0.0
74,optimizer,0.0012438911944627762,2.905912697315216e-05,0.0012532714754343033,0.0012823306024074554,2.3931264877319336e-05,0.0004965662956237793,0.0004605986177921295
75,forward,0.012365343049168587,2.9899179935455322e-05,0.02353570982813835,0.023565609008073807,8.268095552921295e-05,0.0,0.0
75,backward,0.011129964143037796,1.600012183189392e-05,0.06986292079091072,0.06987892091274261,8.530169725418091e-05,0.0,0.0
75,optimizer,0.0012411531060934067,3.0288472771644592e-05,0.0012600608170032501,0.0012903492897748947,2.7120113372802734e-05,0.0007293019443750381,0.0004642084240913391
76,forward,0.012346440926194191,2.858974039554596e-05,0.023519249632954597,0.023547839373350143,8.252821862697601e-05,0.0,0.0
76,backward,0.011133411899209023,1.587904989719391e-05,0.07010035961866379,0.07011623866856098,8.638016879558563e-05,0.0,0.0
76,optimizer,0.0012379009276628494,2.8561800718307495e-05,0.0012598410248756409,0.0012884028255939484,2.608075737953186e-05,0.0008870027959346771,0.0004602782428264618
77,forward,0.012390559539198875,3.090128302574158e-05,0.023545969277620316,0.023576870560646057,8.351169526576996e-05,0.0,0.0
77,backward,0.01121499016880989,2.0802021026611328e-05,0.06969085521996021,0.06971165724098682,8.885934948921204e-05,0.0,0.0
77,optimizer,0.0011605489999055862,2.9301270842552185e-05,0.00126546248793602,0.001294763758778572,2.3690983653068542e-05,0.0004989784210920334,0.00047280825674533844
78,forward,0.01244785264134407,2.995133399963379e-05,0.023436227813363075,0.02346617914736271,8.082017302513123e-05,0.0,0.0
78,backward,0.01115163043141365,1.7169862985610962e-05,0.06964400224387646,0.06966117210686207,8.653290569782257e-05,0.0,0.0
78,optimizer,0.0012580323964357376,2.6648864150047302e-05,0.0012608915567398071,0.0012875404208898544,2.62334942817688e-05,0.0007385611534118652,0.0004624985158443451
79,forward,0.012409111484885216,2.9521062970161438e-05,0.02349303849041462,0.02352255955338478,8.442997932434082e-05,0.0,0.0
79,backward,0.011185731738805771,1.8149614334106445e-05,0.07007768005132675,0.07009582966566086,8.247233927249908e-05,0.0,0.0
79,optimizer,0.0012332499027252197,2.9981136322021484e-05,0.001260172575712204,0.0012901537120342255,2.5467947125434875e-05,0.0009281951934099197,0.0004597194492816925
80,forward,0.012782247737050056,2.9638409614562988e-05,0.023143615573644638,0.0231732539832592,8.292309939861298e-05,0.0,0.0
80,backward,0.011169329285621643,1.6849488019943237e-05,0.06959541328251362,0.06961226277053356,8.942000567913055e-05,0.0,0.0
80,optimizer,0.0013094618916511536,2.824142575263977e-05,0.0012577418237924576,0.0012859832495450974,2.389959990978241e-05,0.0004986077547073364,0.00046589598059654236
81,forward,0.012588316574692726,3.085099160671234e-05,0.02331843599677086,0.02334928698837757,8.639134466648102e-05,0.0,0.0
81,backward,0.011186277493834496,1.5052035450935364e-05,0.06998504139482975,0.07000009343028069,8.990056812763214e-05,0.0,0.0
81,optimizer,0.0012355353683233261,2.752244472503662e-05,0.0012634489685297012,0.0012909714132547379,2.2880733013153076e-05,0.0009568575769662857,0.00046332739293575287
82,forward,0.012440111488103867,3.102980554103851e-05,0.02346624806523323,0.02349727787077427,8.277967572212219e-05,0.0,0.0
82,backward,0.011191507801413536,1.5158206224441528e-05,0.0695949736982584,0.06961013190448284,8.426234126091003e-05,0.0,0.0
82,optimizer,0.0012400578707456589,2.6172026991844177e-05,0.0012560021132230759,0.00128217414021492,2.5061890482902527e-05,0.0004892870783805847,0.0004637278616428375
83,forward,0.012433433905243874,3.016926348209381e-05,0.023445026949048042,0.023475196212530136,8.282065391540527e-05,0.0,0.0
83,backward,0.011165061965584755,1.8149614334106445e-05,0.06987269595265388,0.06989084556698799,8.565187454223633e-05,0.0,0.0
83,optimizer,0.0012337695807218552,3.184005618095398e-05,0.001261083409190178,0.001292923465371132,2.4419277906417847e-05,0.000886775553226471,0.0004614591598510742
84,forward,0.012459395453333855,3.100931644439697e-05,0.02348153665661812,0.023512545973062515,8.448213338851929e-05,0.0,0.0
84,backward,0.01118936575949192,1.4860183000564575e-05,0.06968375109136105,0.06969861127436161,8.096359670162201e-05,0.0,0.0
84,optimizer,0.0012368690222501755,3.060139715671539e-05,0.0012641232460737228,0.0012947246432304382,2.5812536478042603e-05,0.00048596784472465515,0.000456174835562706
85,forward,0.012719593942165375,3.102235496044159e-05,0.023177115246653557,0.023208137601614,9.09809023141861e-05,0.0,0.0
85,backward,0.011134978383779526,1.6519799828529358e-05,0.0699609499424696,0.06997746974229813,8.792057633399963e-05,0.0,0.0
85,optimizer,0.0012289676815271378,3.1908974051475525e-05,0.0012593641877174377,0.0012912731617689133,2.527981996536255e-05,0.0004862770438194275,0.0004646759480237961
86,forward,0.012378280982375145,2.9498711228370667e-05,0.023531850427389145,0.023561349138617516,8.131004869937897e-05,0.0,0.0
86,backward,0.011181849986314774,1.7859041690826416e-05,0.06963860429823399,0.06965646333992481,8.878298103809357e-05,0.0,0.0
86,optimizer,0.0012710988521575928,2.625212073326111e-05,0.0012578126043081284,0.0012840647250413895,2.4409964680671692e-05,0.00048362836241722107,0.0004631783813238144
87,forward,0.012360351160168648,2.860836684703827e-05,0.02353031001985073,0.02355891838669777,8.062086999416351e-05,0.0,0.0
87,backward,0.011934394016861916,3.3739954233169556e-05,0.0694567896425724,0.06949052959680557,8.66428017616272e-05,0.0,0.0
87,optimizer,0.0012958217412233353,2.6850029826164246e-05,0.0012564212083816528,0.001283271238207817,2.7701258659362793e-05,0.0007959436625242233,0.0004659295082092285
88,forward,0.012413853779435158,3.040209412574768e-05,0.023535829037427902,0.02356623113155365,9.006261825561523e-05,0.0,0.0
88,backward,0.011113757267594337,1.8691644072532654e-05,0.06985118053853512,0.06986987218260765,9.072199463844299e-05,0.0,0.0
88,optimizer,0.0012284629046916962,2.5430694222450256e-05,0.0012599192559719086,0.0012853499501943588,2.7650967240333557e-05,0.0008651930838823318,0.0004827268421649933
89,forward,0.012390371412038803,3.1169503927230835e-05,0.02348494902253151,0.02351611852645874,8.29007476568222e-05,0.0,0.0
89,backward,0.011161889880895615,1.5459954738616943e-05,0.06978177651762962,0.06979723647236824,9.078159928321838e-05,0.0,0.0
89,optimizer,0.001236332580447197,2.8381124138832092e-05,0.001258639618754387,0.001287020742893219,2.4491921067237854e-05,0.000497177243232727,0.00046505779027938843
90,forward,0.012390319257974625,2.8420239686965942e-05,0.02351696789264679,0.023545388132333755,8.533336222171783e-05,0.0,0.0
90,backward,0.011128967627882957,1.7430633306503296e-05,0.06963048502802849,0.06964791566133499,8.480064570903778e-05,0.0,0.0
90,optimizer,0.001237679272890091,2.8720125555992126e-05,0.001262422651052475,0.001291142776608467,2.4609267711639404e-05,0.000489378347992897,0.0004679374396800995
91,forward,0.01249486394226551,2.9759481549263e-05,0.023358916863799095,0.023388676345348358,8.435174822807312e-05,0.0,0.0
91,backward,0.011092998087406158,1.59386545419693e-05,0.0699666403234005,0.06998257897794247,8.606165647506714e-05,0.0,0.0
91,optimizer,0.0012256111949682236,3.2121315598487854e-05,0.0012621115893125534,0.0012942329049110413,2.7379021048545837e-05,0.00048406049609184265,0.00046132877469062805
92,forward,0.01243199035525322,3.1091272830963135e-05,0.023465879261493683,0.023496970534324646,8.773058652877808e-05,0.0,0.0
92,backward,0.011152038350701332,1.6322359442710876e-05,0.06988542899489403,0.06990175135433674,8.997321128845215e-05,0.0,0.0
92,optimizer,0.001239890232682228,2.9221177101135254e-05,0.0012617018073797226,0.0012909229844808578,2.6378780603408813e-05,0.0009244568645954132,0.0005067791789770126
93,forward,0.012432418763637543,3.0182301998138428e-05,0.023480720818042755,0.023510903120040894,8.0890953540802e-05,0.0,0.0
93,backward,0.011165572330355644,1.691281795501709e-05,0.06979220360517502,0.06980911642313004,8.490122854709625e-05,0.0,0.0
93,optimizer,0.0012277308851480484,2.758018672466278e-05,0.001257341355085373,0.0012849215418100357,2.687983214855194e-05,0.0004952084273099899,0.0004599187523126602
94,forward,0.01247677206993103,2.9519200325012207e-05,0.023455167189240456,0.023484686389565468,0.00010908395051956177,0.0,0.0
94,backward,0.011306371539831161,3.449246287345886e-05,0.06992650032043457,0.06996099278330803,8.51508229970932e-05,0.0,0.0
94,optimizer,0.001467093825340271,3.078952431678772e-05,0.0012166425585746765,0.0012474320828914642,2.5570392608642578e-05,0.0008148346096277237,0.0005542505532503128
95,forward,0.013157833367586136,2.9169023036956787e-05,0.022824978455901146,0.022854147478938103,8.044950664043427e-05,0.0,0.0
95,backward,0.011089857667684555,1.5068799257278442e-05,0.06970171444118023,0.06971678324043751,8.931197226047516e-05,0.0,0.0
95,optimizer,0.0012375880032777786,2.785027027130127e-05,0.0012562423944473267,0.001284092664718628,2.5229528546333313e-05,0.0005084481090307236,0.0004669167101383209
96,forward,0.012555083259940147,3.210827708244324e-05,0.02335531637072563,0.023387424647808075,8.404254913330078e-05,0.0,0.0
96,backward,0.01116214320063591,1.5089288353919983e-05,0.0697659831494093,0.06978107243776321,8.524395525455475e-05,0.0,0.0
96,optimizer,0.0012353844940662384,2.899952232837677e-05,0.001263599842786789,0.0012925993651151657,2.6321038603782654e-05,0.0004918612539768219,0.00046223774552345276
97,forward,0.012423060834407806,3.0310824513435364e-05,0.02353370003402233,0.023564010858535767,8.250214159488678e-05,0.0,0.0
97,backward,0.011110689491033554,1.9358471035957336e-05,0.0699086282402277,0.06992798671126366,8.869916200637817e-05,0.0,0.0
97,optimizer,0.0012370310723781586,2.4702399969100952e-05,0.0012653209269046783,0.0012900233268737793,2.4082139134407043e-05,0.0008448753505945206,0.00047496892511844635
98,forward,0.01236778125166893,3.145076334476471e-05,0.023602431640028954,0.023633882403373718,8.878298103809357e-05,0.0,0.0
98,backward,0.011063925921916962,1.8319115042686462e-05,0.06971635669469833,0.06973467580974102,8.813105523586273e-05,0.0,0.0
98,optimizer,0.0012456215918064117,2.9549002647399902e-05,0.001258712261915207,0.0012882612645626068,2.4858862161636353e-05,0.0005039777606725693,0.00046332553029060364
99,forward,0.012308778241276741,3.1191855669021606e-05,0.023600460961461067,0.02363165281713009,8.114241063594818e-05,0.0,0.0
99,backward,0.01106112077832222,1.7348676919937134e-05,0.07024327293038368,0.07026062160730362,9.029172360897064e-05,0.0,0.0
99,optimizer,0.001216622069478035,3.089196979999542e-05,0.0012626498937606812,0.0012935418635606766,2.3288652300834656e-05,0.0006824415177106857,0.0004630759358406067
100,forward,0.012387020513415337,2.999044954776764e-05,0.023532789200544357,0.023562779650092125,8.506886661052704e-05,0.0,0.0
100,backward,0.01114574819803238,1.5500932931900024e-05,0.06976823508739471,0.06978373602032661,8.700042963027954e-05,0.0,0.0
100,optimizer,0.0012752432376146317,2.8660520911216736e-05,0.0012182686477899551,0.0012469291687011719,2.6248395442962646e-05,0.0004895161837339401,0.0004623066633939743
101,forward,0.013223504647612572,2.974085509777069e-05,0.022714387625455856,0.022744128480553627,9.620003402233124e-05,0.0,0.0
101,backward,0.011196430772542953,1.763179898262024e-05,0.06992773897945881,0.06994537077844143,8.696131408214569e-05,0.0,0.0
101,optimizer,0.0012992024421691895,2.919137477874756e-05,0.0012566335499286652,0.0012858249247074127,2.4460256099700928e-05,0.0007871631532907486,0.0004873201251029968
102,forward,0.012356359511613846,2.8800219297409058e-05,0.023555152118206024,0.023583952337503433,8.375197649002075e-05,0.0,0.0
102,backward,0.01111825741827488,1.484900712966919e-05,0.0700033400207758,0.07001818902790546,8.858367800712585e-05,0.0,0.0
102,optimizer,0.00124405138194561,2.855062484741211e-05,0.0012619812041521072,0.0012905318289995193,2.5542452931404114e-05,0.0004914682358503342,0.00047860853374004364
103,forward,0.012399733066558838,2.966076135635376e-05,0.023508397862315178,0.02353805862367153,8.558295667171478e-05,0.0,0.0
103,backward,0.011119479313492775,1.4118850231170654e-05,0.06964839436113834,0.06966251321136951,8.750893175601959e-05,0.0,0.0
103,optimizer,0.0012469328939914703,2.8369948267936707e-05,0.0012632999569177628,0.0012916699051856995,2.6738271117210388e-05,0.000491660088300705,0.0004597865045070648
104,forward,0.012998582795262337,3.110058605670929e-05,0.022889457643032074,0.022920558229088783,8.141063153743744e-05,0.0,0.0
104,backward,0.011184070259332657,1.4940276741981506e-05,0.0700692106038332,0.07008415088057518,8.247047662734985e-05,0.0,0.0
104,optimizer,0.0012170914560556412,3.0308961868286133e-05,0.0012597516179084778,0.001290060579776764,2.5331974029541016e-05,0.0009366236627101898,0.0004964470863342285
105,forward,0.012714486569166183,3.0040740966796875e-05,0.023207804188132286,0.023237844929099083,8.33217054605484e-05,0.0,0.0
105,backward,0.011168688535690308,1.7348676919937134e-05,0.0695614144206047,0.06957876309752464,8.618272840976715e-05,0.0,0.0
105,optimizer,0.0012460928410291672,3.0452385544776917e-05,0.0012588407844305038,0.0012892931699752808,2.5080516934394836e-05,0.0004960577934980392,0.00045645982027053833
106,forward,0.012368559837341309,3.0932947993278503e-05,0.02355824038386345,0.023589173331856728,8.322112262248993e-05,0.0,0.0
106,backward,0.011171029880642891,1.7268583178520203e-05,0.06992970034480095,0.06994696892797947,8.681975305080414e-05,0.0,0.0
106,optimizer,0.0012997016310691833,2.8792768716812134e-05,0.0012577921152114868,0.001286584883928299,2.5019049644470215e-05,0.0006197020411491394,0.00046898797154426575
107,forward,0.012378832325339317,3.2689422369003296e-05,0.0235125795006752,0.023545268923044205,8.25338065624237e-05,0.0,0.0
107,backward,0.011138197034597397,1.7587095499038696e-05,0.06995397061109543,0.06997155770659447,9.148195385932922e-05,0.0,0.0
107,optimizer,0.0012410897761583328,2.771243453025818e-05,0.0012606699019670486,0.0012883823364973068,2.3931264877319336e-05,0.0007808636873960495,0.00046245940029621124
108,forward,0.012633422389626503,2.8310343623161316e-05,0.023253366351127625,0.023281676694750786,7.886998355388641e-05,0.0,0.0
108,backward,0.01140330359339714,1.6110017895698547e-05,0.06971371732652187,0.06972982734441757,8.773058652877808e-05,0.0,0.0
108,optimizer,0.0012550540268421173,2.7023255825042725e-05,0.0012589804828166962,0.001286003738641739,2.7166679501533508e-05,0.0004918482154607773,0.00046019628643989563
109,forward,0.0122859887778759,2.98917293548584e-05,0.023596851155161858,0.023626742884516716,9.775161743164062e-05,0.0,0.0
109,backward,0.011084167286753654,1.6469508409500122e-05,0.06979957595467567,0.06981604546308517,8.629262447357178e-05,0.0,0.0
109,optimizer,0.001231171190738678,2.4650245904922485e-05,0.0012636203318834305,0.001288270577788353,2.641044557094574e-05,0.0004886593669652939,0.0004675816744565964
110,forward,0.012342339381575584,2.9142946004867554e-05,0.023546479642391205,0.023575622588396072,8.491985499858856e-05,0.0,0.0
110,backward,0.011102467775344849,1.564808189868927e-05,0.07009298354387283,0.07010863162577152,0.00010841153562068939,0.0,0.0
110,optimizer,0.002140592783689499,5.8630481362342834e-05,0.0009705480188131332,0.001029178500175476,2.8269365429878235e-05,0.0004933513700962067,0.0005068276077508926
111,forward,0.01331176608800888,3.059022128582001e-05,0.022677944973111153,0.022708535194396973,8.269213140010834e-05,0.0,0.0
111,backward,0.011285178363323212,1.529976725578308e-05,0.0695645734667778,0.06957987323403358,8.655153214931488e-05,0.0,0.0
111,optimizer,0.0012794416397809982,3.512948751449585e-05,0.00125868059694767,0.0012938100844621658,2.4069100618362427e-05,0.0004892777651548386,0.0004606470465660095
112,forward,0.012453893199563026,2.941116690635681e-05,0.023500200361013412,0.02352961152791977,8.290261030197144e-05,0.0,0.0
112,backward,0.011167438700795174,1.6070902347564697e-05,0.06994531117379665,0.06996138207614422,8.536316454410553e-05,0.0,0.0
112,optimizer,0.0012401100248098373,3.0022114515304565e-05,0.0012564212083816528,0.0012864433228969574,2.619996666908264e-05,0.0004980303347110748,0.0004576686769723892
113,forward,0.012487133964896202,2.9940158128738403e-05,0.02345527708530426,0.023485217243433,8.467212319374084e-05,0.0,0.0
113,backward,0.01111568883061409,1.7212703824043274e-05,0.06962618231773376,0.06964339502155781,8.319132030010223e-05,0.0,0.0
113,optimizer,0.001234501600265503,3.0761584639549255e-05,0.001258431002497673,0.0012891925871372223,2.8600916266441345e-05,0.0004915595054626465,0.00046184659004211426
114,forward,0.012754837051033974,2.939067780971527e-05,0.023156672716140747,0.023186063393950462,8.45491886138916e-05,0.0,0.0
114,backward,0.011378861963748932,1.561082899570465e-05,0.06973539479076862,0.06975100561976433,8.813291788101196e-05,0.0,0.0
114,optimizer,0.0012760404497385025,2.8450042009353638e-05,0.0012605823576450348,0.0012890323996543884,2.8120353817939758e-05,0.0004829391837120056,0.0004634484648704529
115,forward,0.012681366875767708,3.195926547050476e-05,0.023219306021928787,0.023251265287399292,8.192099630832672e-05,0.0,0.0
115,backward,0.011162450537085533,1.706928014755249e-05,0.06990095786750317,0.06991802714765072,8.393824100494385e-05,0.0,0.0
115,optimizer,0.0012694429606199265,3.94526869058609e-05,0.001263309270143509,0.0013027619570493698,2.6280060410499573e-05,0.0008587557822465897,0.0004517398774623871
116,forward,0.012684257701039314,2.8872862458229065e-05,0.02322513423860073,0.02325400710105896,7.886067032814026e-05,0.0,0.0
116,backward,0.01107833907008171,1.771189272403717e-05,0.07003074139356613,0.07004845328629017,8.695945143699646e-05,0.0,0.0
116,optimizer,0.0012496504932641983,2.5480985641479492e-05,0.001258011907339096,0.0012834928929805756,2.5510787963867188e-05,0.0004955511540174484,0.00046563707292079926
117,forward,0.012300703674554825,2.9589980840682983e-05,0.023589663207530975,0.02361925318837166,8.165277540683746e-05,0.0,0.0
117,backward,0.011066731065511703,1.659989356994629e-05,0.06996292993426323,0.06997952982783318,8.399225771427155e-05,0.0,0.0
117,optimizer,0.0009767934679985046,3.2300129532814026e-05,0.0012476425617933273,0.0012799426913261414,2.641230821609497e-05,0.0008453931659460068,0.0004666578024625778
118,forward,0.012534953653812408,3.135949373245239e-05,0.0234615970402956,0.023492956534028053,8.041225373744965e-05,0.0,0.0
118,backward,0.0111556276679039,1.66427344083786e-05,0.06961585395038128,0.06963249668478966,8.928030729293823e-05,0.0,0.0
118,optimizer,0.0012318510562181473,2.8770416975021362e-05,0.0012617241591215134,0.0012904945760965347,2.34115868806839e-05,0.0004888679832220078,0.0005105473101139069
119,forward,0.01244112104177475,3.1013041734695435e-05,0.02342762053012848,0.023458633571863174,8.367188274860382e-05,0.0,0.0
119,backward,0.011241491883993149,1.5700235962867737e-05,0.0697803869843483,0.06979608722031116,8.564256131649017e-05,0.0,0.0
119,optimizer,0.0016639363020658493,5.519017577171326e-05,0.001225590705871582,0.0012807808816432953,2.6572495698928833e-05,0.005257360637187958,0.00046886876225471497
120,forward,0.01279621571302414,3.076717257499695e-05,0.02320932410657406,0.023240091279149055,8.450262248516083e-05,0.0,0.0
120,backward,0.011291692033410072,2.5309622287750244e-05,0.06968592293560505,0.0697112325578928,8.817203342914581e-05,0.0,0.0
120,optimizer,0.0012353379279375076,2.980045974254608e-05,0.0012587811797857285,0.0012885816395282745,2.4450942873954773e-05,0.0005197189748287201,0.00046400725841522217
121,forward,0.01240496151149273,2.8839334845542908e-05,0.02349790930747986,0.0235267486423254,8.491240441799164e-05,0.0,0.0
121,backward,0.011103540658950806,1.520104706287384e-05,0.06995208747684956,0.06996728852391243,8.131004869937897e-05,0.0,0.0
121,optimizer,0.001226292923092842,2.8351321816444397e-05,0.001261359080672264,0.0012897104024887085,2.6172026991844177e-05,0.0008745845407247543,0.0004616379737854004
122,forward,0.012470090761780739,3.172829747200012e-05,0.023474950343370438,0.023506678640842438,8.530169725418091e-05,0.0,0.0
122,backward,0.011208867654204369,1.576170325279236e-05,0.06976760737597942,0.06978336907923222,8.822418749332428e-05,0.0,0.0
122,optimizer,0.0011756587773561478,3.352947533130646e-05,0.0012611635029315948,0.0012946929782629013,2.4110078811645508e-05,0.0004821978509426117,0.0004581678658723831
123,forward,0.012667005881667137,2.847239375114441e-05,0.023221455514431,0.023249927908182144,8.383952081203461e-05,0.0,0.0
123,backward,0.011160975322127342,1.4200806617736816e-05,0.06971530243754387,0.0697295032441616,0.0001003313809633255,0.0,0.0
123,optimizer,0.0011675786226987839,2.7302652597427368e-05,0.0012580305337905884,0.0012853331863880157,2.5019049644470215e-05,0.0004824697971343994,0.0004619378596544266
124,forward,0.012410320341587067,2.931058406829834e-05,0.023478999733924866,0.023508310317993164,8.419156074523926e-05,0.0,0.0
124,backward,0.011090528219938278,1.7100945115089417e-05,0.07004810124635696,0.07006520219147205,8.411332964897156e-05,0.0,0.0
124,optimizer,0.0012377146631479263,2.642907202243805e-05,0.001263970509171486,0.001290399581193924,2.5538727641105652e-05,0.0007859934121370316,0.0004651583731174469
125,forward,0.01272551529109478,2.8681010007858276e-05,0.023154152557253838,0.023182833567261696,8.348934352397919e-05,0.0,0.0
125,backward,0.011158822104334831,1.8319115042686462e-05,0.06986292451620102,0.0698812436312437,8.895248174667358e-05,0.0,0.0
125,optimizer,0.0012492351233959198,2.7939677238464355e-05,0.0012447498738765717,0.001272689551115036,2.7660280466079712e-05,0.0004991292953491211,0.00046282820403575897
126,forward,0.012415261939167976,3.0240043997764587e-05,0.023501787334680557,0.023532027378678322,8.391216397285461e-05,0.0,0.0
126,backward,0.011187203228473663,1.739896833896637e-05,0.06989455595612526,0.06991195492446423,8.864328265190125e-05,0.0,0.0
126,optimizer,0.001205388456583023,2.9902905225753784e-05,0.0012577027082443237,0.0012876056134700775,2.4490058422088623e-05,0.0007804129272699356,0.0004711281508207321
127,forward,0.012712115421891212,2.9509887099266052e-05,0.023161323741078377,0.023190833628177643,8.253008127212524e-05,0.0,0.0
127,backward,0.011485734954476357,1.5560537576675415e-05,0.06961241364479065,0.06962797418236732,8.773244917392731e-05,0.0,0.0
127,optimizer,0.0011479388922452927,2.693943679332733e-05,0.0012687519192695618,0.001295691356062889,5.642324686050415e-05,0.0004965215921401978,0.00046371854841709137
128,forward,0.01251792348921299,3.059022128582001e-05,0.0233774371445179,0.02340802736580372,8.623301982879639e-05,0.0,0.0
128,backward,0.011145740747451782,1.8360093235969543e-05,0.06980236619710922,0.06982072629034519,8.606165647506714e-05,0.0,0.0
128,optimizer,0.0014516748487949371,4.846043884754181e-05,0.001229211688041687,0.0012776721268892288,2.6620924472808838e-05,0.0004899874329566956,0.0004742369055747986
129,forward,0.012458641082048416,3.044120967388153e-05,0.023627690970897675,0.023658132180571556,8.42120498418808e-05,0.0,0.0
129,backward,0.01153864897787571,1.545064151287079e-05,0.06933105736970901,0.06934650801122189,8.822046220302582e-05,0.0,0.0
129,optimizer,0.001187339425086975,2.9867514967918396e-05,0.0012562517076730728,0.0012861192226409912,2.594105899333954e-05,0.0004970896989107132,0.0004657376557588577
130,forward,0.012342307716608047,3.203004598617554e-05,0.023553520441055298,0.023585550487041473,8.697062730789185e-05,0.0,0.0
130,backward,0.011118927970528603,1.4508143067359924e-05,0.06979651562869549,0.06981102377176285,8.935108780860901e-05,0.0,0.0
130,optimizer,0.0012463908642530441,2.7749687433242798e-05,0.0012635421007871628,0.0012912917882204056,2.350844442844391e-05,0.000602230429649353,0.0004634484648704529
131,forward,0.012387830764055252,2.9759481549263e-05,0.023469168692827225,0.023498928174376488,8.291192352771759e-05,0.0,0.0
131,backward,0.01115327887237072,1.4359131455421448e-05,0.07019039429724216,0.07020475342869759,8.358247578144073e-05,0.0,0.0
131,optimizer,0.001226300373673439,2.8312206268310547e-05,0.0012564826756715775,0.001284794881939888,2.5600194931030273e-05,0.0008356031030416489,0.0005329903215169907
132,forward,0.012738537043333054,3.028102219104767e-05,0.02319733425974846,0.023227615281939507,8.308142423629761e-05,0.0,0.0
132,backward,0.011148469522595406,1.85500830411911e-05,0.06978835538029671,0.0698069054633379,8.567981421947479e-05,0.0,0.0
132,optimizer,0.0012369118630886078,3.091990947723389e-05,0.0012609995901584625,0.0012919194996356964,2.339109778404236e-05,0.0004957672208547592,0.0004998389631509781
133,forward,0.012786949053406715,2.919137477874756e-05,0.023120271041989326,0.023149462416768074,8.319132030010223e-05,0.0,0.0
133,backward,0.011136369779706001,1.6519799828529358e-05,0.07010218314826488,0.07011870294809341,8.65105539560318e-05,0.0,0.0
133,optimizer,0.0012407731264829636,3.2590702176094055e-05,0.0012594405561685562,0.0012920312583446503,2.2666528820991516e-05,0.0008916463702917099,0.00046099722385406494
134,forward,0.012393103912472725,3.013014793395996e-05,0.023546608164906502,0.02357673831284046,8.633919060230255e-05,0.0,0.0
134,backward,0.011188438162207603,1.6899779438972473e-05,0.06962671503424644,0.06964361481368542,8.846074342727661e-05,0.0,0.0
134,optimizer,0.0012191589921712875,2.9198825359344482e-05,0.0012630634009838104,0.001292262226343155,2.3612752556800842e-05,0.0004957988858222961,0.0004716198891401291
135,forward,0.012726835906505585,3.091990947723389e-05,0.023178163915872574,0.023209083825349808,8.133985102176666e-05,0.0,0.0
135,backward,0.011157207190990448,1.749955117702484e-05,0.07001527212560177,0.0700327716767788,8.700042963027954e-05,0.0,0.0
135,optimizer,0.0012404713779687881,2.6572495698928833e-05,0.0012591201812028885,0.0012856926769018173,2.568960189819336e-05,0.000876864418387413,0.0004623774439096451
136,forward,0.01275639608502388,3.048032522201538e-05,0.023167753592133522,0.023198233917355537,8.316151797771454e-05,0.0,0.0
136,backward,0.011085748672485352,1.9770115613937378e-05,0.069854237139225,0.06987400725483894,8.786283433437347e-05,0.0,0.0
136,optimizer,0.0012468677014112473,2.8619542717933655e-05,0.0012660529464483261,0.0012946724891662598,3.4749507904052734e-05,0.0008230842649936676,0.0004663076251745224
137,forward,0.01247585192322731,2.871081233024597e-05,0.023444699123501778,0.023473409935832024,8.80025327205658e-05,0.0,0.0
137,backward,0.011153683066368103,1.4880672097206116e-05,0.07017751038074493,0.07019239105284214,0.0001049824059009552,0.0,0.0
137,optimizer,0.001434164121747017,4.3392181396484375e-05,0.00122050940990448,0.0012639015913009644,2.5799497961997986e-05,0.0009753946214914322,0.0005154777318239212
138,forward,0.013173183426260948,3.103911876678467e-05,0.02278926782310009,0.022820306941866875,8.595176041126251e-05,0.0,0.0
138,backward,0.011207671836018562,1.449882984161377e-05,0.06991465762257576,0.06992915645241737,8.93324613571167e-05,0.0,0.0
138,optimizer,0.0012377109378576279,2.793222665786743e-05,0.0012599211186170578,0.0012878533452749252,2.666190266609192e-05,0.0008331518620252609,0.00045991502702236176
139,forward,0.012497622519731522,3.095902502536774e-05,0.02347406931221485,0.02350502833724022,0.00020864419639110565,0.0,0.0
139,backward,0.011181071400642395,2.8809532523155212e-05,0.06975876353681087,0.06978757306933403,8.546002209186554e-05,0.0,0.0
139,optimizer,0.0011722911149263382,3.047846257686615e-05,0.0012662503868341446,0.0012967288494110107,2.351030707359314e-05,0.0004924293607473373,0.000459449365735054
140,forward,0.012766988947987556,2.8839334845542908e-05,0.023141751065850258,0.0231705904006958,8.456967771053314e-05,0.0,0.0
140,backward,0.011165428906679153,1.6627833247184753e-05,0.06992596946656704,0.06994259729981422,8.784234523773193e-05,0.0,0.0
140,optimizer,0.0011834017932415009,3.063119947910309e-05,0.00125868059694767,0.001289311796426773,2.4549663066864014e-05,0.0007923915982246399,0.00046031735837459564
141,forward,0.012549322098493576,3.16910445690155e-05,0.023402228951454163,0.023433919996023178,8.603185415267944e-05,0.0,0.0
141,backward,0.011144200339913368,1.595914363861084e-05,0.06963657215237617,0.06965253129601479,8.618086576461792e-05,0.0,0.0
141,optimizer,0.001148417592048645,2.9239803552627563e-05,0.0012650229036808014,0.001294262707233429,2.5132670998573303e-05,0.0004923082888126373,0.0004620160907506943
142,forward,0.012443209066987038,3.124028444290161e-05,0.02345811016857624,0.023489350453019142,8.250027894973755e-05,0.0,0.0
142,backward,0.011251678690314293,1.52587890625e-05,0.06981059722602367,0.06982585601508617,8.483044803142548e-05,0.0,0.0
142,optimizer,0.0011662114411592484,3.0621886253356934e-05,0.0012649521231651306,0.0012955740094184875,2.5229528546333313e-05,0.0010463260114192963,0.0004581678658723831
143,forward,0.012764906510710716,4.132278263568878e-05,0.023159364238381386,0.023200687021017075,8.156150579452515e-05,0.0,0.0
143,backward,0.011259062215685844,1.705065369606018e-05,0.06990819796919823,0.06992524862289429,8.658133447170258e-05,0.0,0.0
143,optimizer,0.0011808108538389206,2.9759481549263e-05,0.0012523811310529709,0.0012821406126022339,2.3793429136276245e-05,0.0009647682309150696,0.0004718489944934845
144,forward,0.012704795226454735,3.0040740966796875e-05,0.023172585293650627,0.023202626034617424,8.15708190202713e-05,0.0,0.0
144,backward,0.011104932054877281,1.8902122974395752e-05,0.06980414502322674,0.06982304714620113,8.70823860168457e-05,0.0,0.0
144,optimizer,0.0011672303080558777,3.42000275850296e-05,0.0012690220028162003,0.0013032220304012299,2.662278711795807e-05,0.0004764162003993988,0.000466248020529747
145,forward,0.012409549206495285,2.9359012842178345e-05,0.0234795194119215,0.02350887842476368,8.308514952659607e-05,0.0,0.0
145,backward,0.011183720082044601,1.5303492546081543e-05,0.07012606039643288,0.07014136388897896,8.904002606868744e-05,0.0,0.0
145,optimizer,0.0011604595929384232,2.5792047381401062e-05,0.001260681077837944,0.001286473125219345,2.506934106349945e-05,0.0008926074951887131,0.0004727952182292938
146,forward,0.012817444279789925,3.155320882797241e-05,0.023070504888892174,0.023102058097720146,8.397921919822693e-05,0.0,0.0
146,backward,0.011420974507927895,1.4418736100196838e-05,0.06938468851149082,0.06939910724759102,8.822046220302582e-05,0.0,0.0
146,optimizer,0.0011819899082183838,2.5678426027297974e-05,0.0012633111327886581,0.0012889895588159561,2.6211142539978027e-05,0.0004965867847204208,0.00046028755605220795
147,forward,0.012859800830483437,4.656054079532623e-05,0.023104561492800713,0.02315112203359604,9.556114673614502e-05,0.0,0.0
147,backward,0.011284371837973595,1.8808990716934204e-05,0.06989791803061962,0.06991672702133656,8.509121835231781e-05,0.0,0.0
147,optimizer,0.001187112182378769,2.9651448130607605e-05,0.0012613199651241302,0.0012909714132547379,2.6032328605651855e-05,0.0009004045277833939,0.0004761684685945511
148,forward,0.012475822120904922,3.045983612537384e-05,0.023440906777977943,0.023471366614103317,8.370168507099152e-05,0.0,0.0
148,backward,0.011127559468150139,1.6612932085990906e-05,0.06972460448741913,0.06974121741950512,8.80807638168335e-05,0.0,0.0
148,optimizer,0.0012401528656482697,2.9379501938819885e-05,0.001263720914721489,0.0012931004166603088,2.3620203137397766e-05,0.0004908069968223572,0.0004627872258424759
149,forward,0.012712415307760239,3.137253224849701e-05,0.02324686385691166,0.023278236389160156,8.120201528072357e-05,0.0,0.0
149,backward,0.011148618534207344,1.580081880092621e-05,0.06979979574680328,0.06981559656560421,8.544325828552246e-05,0.0,0.0
149,optimizer,0.001218864694237709,3.162771463394165e-05,0.0012597795575857162,0.001291407272219658,2.38027423620224e-05,0.0004895683377981186,0.0004900377243757248
150,forward,0.012398764491081238,2.961978316307068e-05,0.02347833663225174,0.02350795641541481,8.020363748073578e-05,0.0,0.0
150,backward,0.01115981861948967,1.4299526810646057e-05,0.06960075348615646,0.06961505301296711,8.628144860267639e-05,0.0,0.0
150,optimizer,0.00116649828851223,2.8070062398910522e-05,0.0012617819011211395,0.00128985196352005,2.2523105144500732e-05,0.0005055684596300125,0.0004650391638278961
151,forward,0.012445041909813881,3.186054527759552e-05,0.023495279252529144,0.02352713979780674,8.466094732284546e-05,0.0,0.0
151,backward,0.011103738099336624,1.7892569303512573e-05,0.06996292993426323,0.06998082250356674,8.727237582206726e-05,0.0,0.0
151,optimizer,0.0012372713536024094,2.9632821679115295e-05,0.0012572705745697021,0.0012869033962488174,2.905912697315216e-05,0.0004899762570858002,0.00047220848500728607
152,forward,0.012402961030602455,2.9789283871650696e-05,0.023488998413085938,0.023518787696957588,8.551031351089478e-05,0.0,0.0
152,backward,0.01116367056965828,1.5091150999069214e-05,0.06968862377107143,0.0697037149220705,8.565932512283325e-05,0.0,0.0
152,optimizer,0.0012142490595579147,3.108009696006775e-05,0.001260632649064064,0.0012917127460241318,2.5780871510505676e-05,0.0004917271435260773,0.0004604756832122803
153,forward,0.012683061882853508,3.0349940061569214e-05,0.023228567093610764,0.023258917033672333,8.179247379302979e-05,0.0,0.0
153,backward,0.011169839650392532,1.595914363861084e-05,0.06975618377327919,0.0697721429169178,8.671917021274567e-05,0.0,0.0
153,optimizer,0.0013616867363452911,3.006868064403534e-05,0.001258648931980133,0.0012887176126241684,2.671964466571808e-05,0.0004891976714134216,0.0004579611122608185
154,forward,0.012768788263201714,3.0040740966796875e-05,0.023111212998628616,0.023141253739595413,8.258223533630371e-05,0.0,0.0
154,backward,0.011176537722349167,1.845136284828186e-05,0.06992519833147526,0.06994364969432354,8.569099009037018e-05,0.0,0.0
154,optimizer,0.0011684596538543701,3.094971179962158e-05,0.0012597311288118362,0.0012906808406114578,2.2882595658302307e-05,0.0010490566492080688,0.000462949275970459
155,forward,0.012774135917425156,2.964027225971222e-05,0.02314746379852295,0.02317710407078266,8.278898894786835e-05,0.0,0.0
155,backward,0.011137019842863083,1.8998980522155762e-05,0.06992888823151588,0.06994788721203804,8.781254291534424e-05,0.0,0.0
155,optimizer,0.0011742543429136276,2.785027027130127e-05,0.0012574288994073868,0.001285279169678688,4.887022078037262e-05,0.000511467456817627,0.0004974883049726486
156,forward,0.012402120977640152,2.777203917503357e-05,0.023540901020169258,0.02356867305934429,8.59331339597702e-05,0.0,0.0
156,backward,0.011263031512498856,1.5391036868095398e-05,0.0694886613637209,0.06950405240058899,8.813291788101196e-05,0.0,0.0
156,optimizer,0.0009666252881288528,3.088079392910004e-05,0.0012565627694129944,0.0012874435633420944,2.5428831577301025e-05,0.0005034003406763077,0.0004634261131286621
157,forward,0.012432808056473732,2.9472634196281433e-05,0.0234987810254097,0.02352825365960598,8.245930075645447e-05,0.0,0.0
157,backward,0.01122378185391426,1.559220254421234e-05,0.06978701613843441,0.06980260834097862,9.032897651195526e-05,0.0,0.0
157,optimizer,0.0012438800185918808,3.113970160484314e-05,0.0012595411390066147,0.0012906808406114578,2.4391338229179382e-05,0.004469607025384903,0.0004648379981517792
158,forward,0.012466400861740112,2.871081233024597e-05,0.023454701527953148,0.023483412340283394,8.220970630645752e-05,0.0,0.0
158,backward,0.011230690404772758,1.486949622631073e-05,0.06989317759871483,0.06990804709494114,0.0001031234860420227,0.0,0.0
158,optimizer,0.0019676722586154938,5.3709372878074646e-05,0.0009884778410196304,0.001042187213897705,2.7000904083251953e-05,0.0004852674901485443,0.00047880783677101135
159,forward,0.013183064758777618,2.9180198907852173e-05,0.022803448140621185,0.022832628339529037,8.378550410270691e-05,0.0,0.0
159,backward,0.011338025331497192,1.6840174794197083e-05,0.0695250816643238,0.069541921839118,8.60113650560379e-05,0.0,0.0
159,optimizer,0.0012073218822479248,2.8749927878379822e-05,0.0012600813060998917,0.0012888312339782715,2.6479363441467285e-05,0.0004901885986328125,0.0004630479961633682
160,forward,0.012516431510448456,3.0100345611572266e-05,0.023420460522174835,0.023450560867786407,8.323229849338531e-05,0.0,0.0
160,backward,0.01125388778746128,1.6160309314727783e-05,0.0699086207896471,0.06992478109896183,8.56984406709671e-05,0.0,0.0
160,optimizer,0.0011665485799312592,2.7980655431747437e-05,0.001256631687283516,0.0012846123427152634,2.804771065711975e-05,0.0005059912800788879,0.0004772171378135681
161,forward,0.012514010071754456,3.060139715671539e-05,0.023437300696969032,0.023467902094125748,8.323974907398224e-05,0.0,0.0
161,backward,0.011233802884817123,1.5001744031906128e-05,0.06982026435434818,0.06983526609838009,8.786283433437347e-05,0.0,0.0
161,optimizer,0.0011646561324596405,3.1620264053344727e-05,0.0012562442570924759,0.0012878645211458206,2.3359432816505432e-05,0.0008658654987812042,0.00045759789645671844
162,forward,0.012712955474853516,2.931058406829834e-05,0.0231948122382164,0.0232241228222847,8.310005068778992e-05,0.0,0.0
162,backward,0.011206729337573051,1.6393139958381653e-05,0.06996169127523899,0.06997808441519737,8.560158312320709e-05,0.0,0.0
162,optimizer,0.0011657290160655975,2.83215194940567e-05,0.0012609418481588364,0.001289263367652893,2.629309892654419e-05,0.0009161960333585739,0.00046293623745441437
163,forward,0.012614645063877106,2.9830262064933777e-05,0.02330169454216957,0.023331524804234505,8.296966552734375e-05,0.0,0.0
163,backward,0.011136719956994057,1.8279999494552612e-05,0.06972209550440311,0.06974037550389767,8.627958595752716e-05,0.0,0.0
163,optimizer,0.0011591296643018723,2.5968998670578003e-05,0.001264382153749466,0.001290351152420044,3.221072256565094e-05,0.0005018971860408783,0.0004683472216129303
164,forward,0.01245800219476223,2.792850136756897e-05,0.023462088778614998,0.023490017279982567,8.703023195266724e-05,0.0,0.0
164,backward,0.011282801628112793,1.583993434906006e-05,0.06982992589473724,0.0698457658290863,8.988380432128906e-05,0.0,0.0
164,optimizer,0.001252051442861557,2.6790425181388855e-05,0.0012557096779346466,0.0012825001031160355,2.714991569519043e-05,0.0008937232196331024,0.00046875886619091034
165,forward,0.012324551120400429,3.061071038246155e-05,0.023569369688630104,0.023599980399012566,8.813105523586273e-05,0.0,0.0
165,backward,0.011174026876688004,1.4711171388626099e-05,0.07000280171632767,0.0700175128877163,9.223073720932007e-05,0.0,0.0
165,optimizer,0.0012170616537332535,3.228709101676941e-05,0.0012660622596740723,0.0012983493506908417,3.2879412174224854e-05,0.0004893876612186432,0.0004649162292480469
166,forward,0.012396931648254395,3.1929463148117065e-05,0.023525239899754524,0.02355716936290264,8.171238005161285e-05,0.0,0.0
166,backward,0.01109335944056511,1.3690441846847534e-05,0.06980099715292454,0.06981468759477139,8.384138345718384e-05,0.0,0.0
166,optimizer,0.0012248903512954712,2.7431175112724304e-05,0.0012608245015144348,0.0012882556766271591,2.52407044172287e-05,0.0004952680319547653,0.0004579871892929077
167,forward,0.012455523014068604,3.069080412387848e-05,0.023450110107660294,0.023480800911784172,8.493289351463318e-05,0.0,0.0
167,backward,0.011106761172413826,1.8341466784477234e-05,0.06995812803506851,0.06997646950185299,8.554384112358093e-05,0.0,0.0
167,optimizer,0.0012407712638378143,2.9589980840682983e-05,0.0012575313448905945,0.0012871213257312775,2.652779221534729e-05,0.0004987791180610657,0.0004705488681793213
168,forward,0.012414786964654922,2.8988346457481384e-05,0.02349570021033287,0.023524688556790352,8.259154856204987e-05,0.0,0.0
168,backward,0.011169202625751495,1.7410144209861755e-05,0.06958789192140102,0.06960530206561089,8.649937808513641e-05,0.0,0.0
168,optimizer,0.0012334026396274567,3.0366703867912292e-05,0.0012609809637069702,0.0012913476675748825,2.502836287021637e-05,0.000489087775349617,0.00046541914343833923
169,forward,0.012745385989546776,2.890080213546753e-05,0.023111313581466675,0.023140214383602142,8.150190114974976e-05,0.0,0.0
169,backward,0.011162588372826576,1.691095530986786e-05,0.06988571956753731,0.06990263052284718,9.494833648204803e-05,0.0,0.0
169,optimizer,0.0012379027903079987,2.9500573873519897e-05,0.0012610610574483871,0.001290561631321907,2.608075737953186e-05,0.0008145757019519806,0.0004667341709136963
170,forward,0.012520503252744675,3.140978515148163e-05,0.023398956283926964,0.023430366069078445,8.313171565532684e-05,0.0,0.0
170,backward,0.011188792064785957,1.535937190055847e-05,0.06975741498172283,0.06977277435362339,8.749030530452728e-05,0.0,0.0
170,optimizer,0.0016561206430196762,5.249306559562683e-05,0.0012304503470659256,0.0012829434126615524,2.7451664209365845e-05,0.000489499419927597,0.00046223774552345276
171,forward,0.012707643210887909,3.045983612537384e-05,0.023264937102794647,0.02329539693892002,8.226186037063599e-05,0.0,0.0
171,backward,0.011278429999947548,1.814030110836029e-05,0.06974871642887592,0.06976685672998428,9.021162986755371e-05,0.0,0.0
171,optimizer,0.0011852998286485672,2.5991350412368774e-05,0.0012593809515237808,0.0012853723019361496,2.4979934096336365e-05,0.0008233562111854553,0.000467788428068161
172,forward,0.012438952922821045,2.8150156140327454e-05,0.02342877723276615,0.02345692738890648,8.537992835044861e-05,0.0,0.0
172,backward,0.011259721592068672,1.4619901776313782e-05,0.06990363821387291,0.06991825811564922,8.951127529144287e-05,0.0,0.0
172,optimizer,0.001174120232462883,2.468191087245941e-05,0.0012573115527629852,0.0012819934636354446,2.3560598492622375e-05,0.0008731838315725327,0.0004654880613088608
173,forward,0.012414703145623207,3.055855631828308e-05,0.023521678522229195,0.023552237078547478,8.967146277427673e-05,0.0,0.0
173,backward,0.011173820123076439,1.4087185263633728e-05,0.06991549767553806,0.0699295848608017,8.741207420825958e-05,0.0,0.0
173,optimizer,0.001233462244272232,2.9532238841056824e-05,0.0012541823089122772,0.001283714547753334,2.3419037461280823e-05,0.0009081847965717316,0.0004591364413499832
174,forward,0.012863671407103539,3.135204315185547e-05,0.02308044023811817,0.023111792281270027,8.394196629524231e-05,0.0,0.0
174,backward,0.011139942333102226,1.6031786799430847e-05,0.06971552409231663,0.06973155587911606,8.423998951911926e-05,0.0,0.0
174,optimizer,0.0012469794601202011,2.9180198907852173e-05,0.0012580826878547668,0.001287262886762619,2.4866312742233276e-05,0.0004911776632070541,0.00046262890100479126
175,forward,0.012485519051551819,3.0759721994400024e-05,0.023415088653564453,0.023445848375558853,8.522160351276398e-05,0.0,0.0
175,backward,0.011138850823044777,1.7328187823295593e-05,0.06998950988054276,0.07000683806836605,8.525140583515167e-05,0.0,0.0
175,optimizer,0.0012545213103294373,2.8811395168304443e-05,0.0012617018073797226,0.001290513202548027,2.686120569705963e-05,0.002206377685070038,0.0004719682037830353
176,forward,0.012413691729307175,2.7941539883613586e-05,0.023497046902775764,0.023524988442659378,8.632056415081024e-05,0.0,0.0
176,backward,0.011164477095007896,1.543201506137848e-05,0.0697612576186657,0.06977668963372707,8.523836731910706e-05,0.0,0.0
176,optimizer,0.0012353211641311646,2.9170885682106018e-05,0.0012574810534715652,0.0012866519391536713,2.795085310935974e-05,0.0005975924432277679,0.00046633556485176086
177,forward,0.012723695486783981,2.9999762773513794e-05,0.023174144327640533,0.023204144090414047,8.352845907211304e-05,0.0,0.0
177,backward,0.011170031502842903,1.6070902347564697e-05,0.06990711763501167,0.06992318853735924,8.773058652877808e-05,0.0,0.0
177,optimizer,0.0012215506285429,3.068894147872925e-05,0.0012629926204681396,0.001293681561946869,2.3480504751205444e-05,0.0008706562221050262,0.0004713870584964752
178,forward,0.012430902570486069,2.9120594263076782e-05,0.02348305843770504,0.023512179031968117,9.275227785110474e-05,0.0,0.0
178,backward,0.011134380474686623,1.580081880092621e-05,0.07003053091466427,0.0700463317334652,8.548237383365631e-05,0.0,0.0
178,optimizer,0.0012666117399930954,2.923049032688141e-05,0.0012628119438886642,0.0012920424342155457,2.7272850275039673e-05,0.0010495875030755997,0.00046415627002716064
179,forward,0.0124147217720747,3.29725444316864e-05,0.023540718480944633,0.02357369102537632,8.345209062099457e-05,0.0,0.0
179,backward,0.011117160320281982,1.5791505575180054e-05,0.06972722336649895,0.06974301487207413,9.391270577907562e-05,0.0,0.0
179,optimizer,0.0012463107705116272,2.9150396585464478e-05,0.0012606102973222733,0.0012897606939077377,2.5151297450065613e-05,0.0004999879747629166,0.00045838020741939545
180,forward,0.012365402653813362,2.8429552912712097e-05,0.02354365773499012,0.023572087287902832,8.233264088630676e-05,0.0,0.0
180,backward,0.011094314977526665,1.699104905128479e-05,0.06993144005537033,0.06994843110442162,8.888356387615204e-05,0.0,0.0
180,optimizer,0.001222478225827217,2.67811119556427e-05,0.0012614931911230087,0.0012882743030786514,2.5719404220581055e-05,0.0008967556059360504,0.0004661679267883301
181,forward,0.012486470863223076,3.0489638447761536e-05,0.023407138884067535,0.023437628522515297,8.495338261127472e-05,0.0,0.0
181,backward,0.011148881167173386,1.5681609511375427e-05,0.06995985843241215,0.06997554004192352,8.976086974143982e-05,0.0,0.0
181,optimizer,0.001227622851729393,3.0409544706344604e-05,0.001256641000509262,0.0012870505452156067,2.546049654483795e-05,0.0004895403981208801,0.0004694610834121704
182,forward,0.012442478910088539,3.270246088504791e-05,0.023501751944422722,0.02353445440530777,8.437968790531158e-05,0.0,0.0
182,backward,0.011114448308944702,1.5690922737121582e-05,0.06988382898271084,0.06989951990544796,8.581206202507019e-05,0.0,0.0
182,optimizer,0.0014600958675146103,4.7693029046058655e-05,0.001232421025633812,0.0012801140546798706,2.3772940039634705e-05,0.0004904791712760925,0.0004584565758705139
183,forward,0.012587733566761017,3.2300129532814026e-05,0.02349616028368473,0.023528460413217545,8.58306884765625e-05,0.0,0.0
183,backward,0.011499958112835884,1.7130747437477112e-05,0.06961257196962833,0.06962970271706581,8.738972246646881e-05,0.0,0.0
183,optimizer,0.0012749005109071732,2.8360635042190552e-05,0.0012617316097021103,0.0012900922447443008,2.38809734582901e-05,0.000857016071677208,0.0004628486931324005
184,forward,0.012555930763483047,3.124214708805084e-05,0.023372188210487366,0.023403430357575417,8.608400821685791e-05,0.0,0.0
184,backward,0.011118337512016296,1.5700235962867737e-05,0.06966107711195946,0.06967677734792233,8.636154234409332e-05,0.0,0.0
184,optimizer,0.0012221913784742355,2.9882416129112244e-05,0.0012613795697689056,0.0012912619858980179,2.5909394025802612e-05,0.0004836004227399826,0.00046483613550662994
185,forward,0.012433554977178574,3.1132251024246216e-05,0.02347375825047493,0.023504890501499176,8.289888501167297e-05,0.0,0.0
185,backward,0.0112847201526165,1.6979873180389404e-05,0.06986594758927822,0.06988292746245861,8.725188672542572e-05,0.0,0.0
185,optimizer,0.0012395791709423065,2.9278919100761414e-05,0.0012599844485521317,0.001289263367652893,2.4527311325073242e-05,0.0009104758501052856,0.00046514905989170074
186,forward,0.012357508763670921,2.9711052775382996e-05,0.023541240021586418,0.0235709510743618,8.342228829860687e-05,0.0,0.0
186,backward,0.011137930676341057,1.6840174794197083e-05,0.06976602599024773,0.06978286616504192,8.670054376125336e-05,0.0,0.0
186,optimizer,0.0012315716594457626,3.1031668186187744e-05,0.0012614820152521133,0.001292513683438301,2.644956111907959e-05,0.0005101282149553299,0.00045903585851192474
187,forward,0.012393908575177193,2.8327107429504395e-05,0.023501990363001823,0.023530317470431328,8.683092892169952e-05,0.0,0.0
187,backward,0.011185949668288231,1.405365765094757e-05,0.06980198621749878,0.06981603987514973,8.624233305454254e-05,0.0,0.0
187,optimizer,0.0012205205857753754,3.241188824176788e-05,0.0012579020112752914,0.0012903138995170593,2.6952475309371948e-05,0.0004901476204395294,0.0004627872258424759
188,forward,0.012677585706114769,2.903863787651062e-05,0.023225214332342148,0.02325425297021866,8.289143443107605e-05,0.0,0.0
188,backward,0.011149529367685318,1.7249956727027893e-05,0.06963585317134857,0.0696531031280756,8.567236363887787e-05,0.0,0.0
188,optimizer,0.0012713223695755005,3.0232593417167664e-05,0.0012095291167497635,0.0012397617101669312,2.5719404220581055e-05,0.000497499480843544,0.0004618074744939804
189,forward,0.012730235233902931,3.345124423503876e-05,0.023151913657784462,0.0231853649020195,8.233077824115753e-05,0.0,0.0
189,backward,0.011144081130623817,1.6219913959503174e-05,0.07000298798084259,0.0700192078948021,8.435919880867004e-05,0.0,0.0
189,optimizer,0.001221461221575737,2.86102294921875e-05,0.0012609008699655533,0.0012895110994577408,2.7781352400779724e-05,0.0008822251111268997,0.00046122632920742035
190,forward,0.01233655959367752,2.9399991035461426e-05,0.023557540029287338,0.0235869400203228,7.699057459831238e-05,0.0,0.0
190,backward,0.011123260483145714,1.786835491657257e-05,0.07002347148954868,0.07004133984446526,8.858367800712585e-05,0.0,0.0
190,optimizer,0.0012523811310529709,2.6360154151916504e-05,0.001257261261343956,0.0012836214154958725,2.5989487767219543e-05,0.000568849965929985,0.0004661586135625839
191,forward,0.012646753340959549,2.997368574142456e-05,0.023283636197447777,0.0233136098831892,8.359923958778381e-05,0.0,0.0
191,backward,0.011168651282787323,1.8209218978881836e-05,0.0698139164596796,0.06983212567865849,8.515268564224243e-05,0.0,0.0
191,optimizer,0.0012310706079006195,2.9299408197402954e-05,0.0012616924941539764,0.0012909919023513794,2.5721266865730286e-05,0.0008423440158367157,0.0004651285707950592
192,forward,0.012435350567102432,3.0463561415672302e-05,0.023500241339206696,0.023530704900622368,8.577108383178711e-05,0.0,0.0
192,backward,0.011223770678043365,2.256035804748535e-05,0.0698857381939888,0.06990829855203629,9.398534893989563e-05,0.0,0.0
192,optimizer,0.001265931874513626,2.745911478996277e-05,0.0012620016932487488,0.0012894608080387115,2.4219974875450134e-05,0.0007925238460302353,0.00046573951840400696
193,forward,0.012372313067317009,3.105960786342621e-05,0.023514458909630775,0.0235455185174942,8.518993854522705e-05,0.0,0.0
193,backward,0.011128392070531845,1.529976725578308e-05,0.06979959644377232,0.0698148962110281,8.882209658622742e-05,0.0,0.0
193,optimizer,0.0012153387069702148,2.7412548661231995e-05,0.0012632720172405243,0.0012906845659017563,2.4801120162010193e-05,0.00048439763486385345,0.0004679989069700241
194,forward,0.01237696036696434,3.088079392910004e-05,0.023522330448031425,0.023553211241960526,8.477270603179932e-05,0.0,0.0
194,backward,0.011119937524199486,1.637078821659088e-05,0.06993618048727512,0.06995255127549171,0.00011189281940460205,0.0,0.0
194,optimizer,0.0014831852167844772,4.900991916656494e-05,0.0012111105024814606,0.0012601204216480255,2.8381124138832092e-05,0.0005154293030500412,0.0005592312663793564
195,forward,0.013161875307559967,2.8561800718307495e-05,0.022812336683273315,0.022840898483991623,8.32919031381607e-05,0.0,0.0
195,backward,0.01121458038687706,1.7289072275161743e-05,0.06961908377707005,0.06963637284934521,8.609145879745483e-05,0.0,0.0
195,optimizer,0.001225421205163002,3.092363476753235e-05,0.0012648701667785645,0.0012957938015460968,2.4100765585899353e-05,0.0004825666546821594,0.0004637371748685837
196,forward,0.012665694579482079,3.1070783734321594e-05,0.023234235122799873,0.023265305906534195,8.355081081390381e-05,0.0,0.0
196,backward,0.011148467659950256,1.603923738002777e-05,0.07013870403170586,0.07015474326908588,8.689984679222107e-05,0.0,0.0
196,optimizer,0.0012247487902641296,2.931244671344757e-05,0.0012596435844898224,0.00128895603120327,2.3869797587394714e-05,0.0008710660040378571,0.0005141515284776688
197,forward,0.012421436607837677,2.9299408197402954e-05,0.023523086681962013,0.023552386090159416,8.189305663108826e-05,0.0,0.0
197,backward,0.01114690862596035,1.6400590538978577e-05,0.06963794305920601,0.06965434364974499,8.610077202320099e-05,0.0,0.0
197,optimizer,0.0012358315289020538,2.8112903237342834e-05,0.001254519447684288,0.0012826323509216309,2.360716462135315e-05,0.0004965290427207947,0.0004637092351913452
198,forward,0.012454099953174591,3.0040740966796875e-05,0.02343335933983326,0.023463400080800056,8.212961256504059e-05,0.0,0.0
198,backward,0.011141687631607056,1.7952173948287964e-05,0.06982338801026344,0.06984134018421173,8.717924356460571e-05,0.0,0.0
198,optimizer,0.0012314729392528534,2.8930604457855225e-05,0.0012663714587688446,0.0012953020632266998,2.3908913135528564e-05,0.0007980559021234512,0.0004644859582185745
199,forward,0.012414269149303436,2.8081238269805908e-05,0.023491380736231804,0.02351946197450161,8.285976946353912e-05,0.0,0.0
199,backward,0.011111289262771606,1.7469748854637146e-05,0.07003300078213215,0.07005047053098679,9.080953896045685e-05,0.0,0.0
199,optimizer,0.0012465119361877441,2.580881118774414e-05,0.0012681912630796432,0.0012940000742673874,2.3560598492622375e-05,0.0010108686983585358,0.0004624798893928528
200,forward,0.012413300573825836,3.0489638447761536e-05,0.023486558347940445,0.023517047986388206,8.225254714488983e-05,0.0,0.0
200,backward,0.01114012859761715,1.665949821472168e-05,0.06981706619262695,0.06983372569084167,9.151175618171692e-05,0.0,0.0
200,optimizer,0.001238599419593811,2.8461217880249023e-05,0.0012584421783685684,0.0012869033962488174,2.3640692234039307e-05,0.0007456429302692413,0.0004690811038017273
201,forward,0.012388691306114197,3.110058605670929e-05,0.023524031043052673,0.023555131629109383,8.537992835044861e-05,0.0,0.0
201,backward,0.011203570291399956,1.4629215002059937e-05,0.06968219392001629,0.06969682313501835,8.65589827299118e-05,0.0,0.0
201,optimizer,0.0012306123971939087,2.524256706237793e-05,0.0012606903910636902,0.0012859329581260681,2.4400651454925537e-05,0.0004835687577724457,0.0004597008228302002
202,forward,0.01244325190782547,3.058090806007385e-05,0.023475978523492813,0.023506559431552887,8.93324613571167e-05,0.0,0.0
202,backward,0.011146480217576027,1.7900019884109497e-05,0.07005105167627335,0.07006895169615746,8.609332144260406e-05,0.0,0.0
202,optimizer,0.001247292384505272,2.9511749744415283e-05,0.0012534596025943756,0.001282971352338791,2.923049032688141e-05,0.0008885059505701065,0.0004591178148984909
203,forward,0.012426892295479774,2.866983413696289e-05,0.02353558875620365,0.023564258590340614,0.0001289118081331253,0.0,0.0
203,backward,0.011093415319919586,1.693330705165863e-05,0.0698329284787178,0.06984986178576946,8.586235344409943e-05,0.0,0.0
203,optimizer,0.0012190919369459152,2.9906630516052246e-05,0.0012624599039554596,0.0012923665344715118,2.6131048798561096e-05,0.0005021784454584122,0.00046280771493911743
204,forward,0.012382837012410164,3.110058605670929e-05,0.023547271266579628,0.023578371852636337,8.552521467208862e-05,0.0,0.0
204,backward,0.011158831417560577,1.6629695892333984e-05,0.06960603222250938,0.06962266191840172,8.695945143699646e-05,0.0,0.0
204,optimizer,0.001221800222992897,3.0800700187683105e-05,0.0012637916952371597,0.0012945923954248428,2.3270025849342346e-05,0.0004907883703708649,0.0004609879106283188
205,forward,0.012773485854268074,3.0143186450004578e-05,0.023106394335627556,0.02313653752207756,8.097849786281586e-05,0.0,0.0
205,backward,0.011191891506314278,1.8579885363578796e-05,0.069902328774333,0.06992090865969658,8.764490485191345e-05,0.0,0.0
205,optimizer,0.0012359432876110077,2.779066562652588e-05,0.0012572798877954483,0.0012850705534219742,3.528036177158356e-05,0.0004996489733457565,0.00046330876648426056
206,forward,0.01250547356903553,3.057904541492462e-05,0.023424627259373665,0.02345520630478859,9.414181113243103e-05,0.0,0.0
206,backward,0.011378640308976173,4.5359134674072266e-05,0.06972925737500191,0.06977461650967598,8.80025327205658e-05,0.0,0.0
206,optimizer,0.001325523480772972,3.100000321865082e-05,0.0012504328042268753,0.0012814328074455261,2.7406960725784302e-05,0.0009650290012359619,0.0004906468093395233
207,forward,0.012565325945615768,3.0139461159706116e-05,0.02338590659201145,0.023416046053171158,8.701160550117493e-05,0.0,0.0
207,backward,0.011114658787846565,1.4679506421089172e-05,0.0698512177914381,0.06986589729785919,8.840300142765045e-05,0.0,0.0
207,optimizer,0.001218566671013832,3.0502676963806152e-05,0.0012569520622491837,0.0012874547392129898,2.613849937915802e-05,0.0004968587309122086,0.0004710685461759567
208,forward,0.012328017503023148,3.090128302574158e-05,0.023567330092191696,0.023598231375217438,8.223019540309906e-05,0.0,0.0
208,backward,0.011172156780958176,1.5620142221450806e-05,0.0696363765746355,0.06965199671685696,8.716993033885956e-05,0.0,0.0
208,optimizer,0.0012447591871023178,2.7822330594062805e-05,0.0012586526572704315,0.0012864749878644943,2.43503600358963e-05,0.0004905872046947479,0.00046126917004585266
209,forward,0.012464351952075958,3.026239573955536e-05,0.02344655990600586,0.023476822301745415,8.269958198070526e-05,0.0,0.0
209,backward,0.011148709803819656,1.7311424016952515e-05,0.07004574872553349,0.07006306014955044,8.985213935375214e-05,0.0,0.0
209,optimizer,0.0012937840074300766,2.69915908575058e-05,0.0012223999947309494,0.0012493915855884552,2.6069581508636475e-05,0.0004976391792297363,0.0004586484283208847
210,forward,0.012330498546361923,2.9899179935455322e-05,0.023527510464191437,0.023557409644126892,8.273124694824219e-05,0.0,0.0
210,backward,0.011137668043375015,1.771003007888794e-05,0.06992829032242298,0.06994600035250187,8.782185614109039e-05,0.0,0.0
210,optimizer,0.001164708286523819,3.083236515522003e-05,0.0012658815830945969,0.001296713948249817,2.365000545978546e-05,0.0008668713271617889,0.000459207221865654
211,forward,0.012442691251635551,3.205984830856323e-05,0.02350875921547413,0.023540819063782692,8.715130388736725e-05,0.0,0.0
211,backward,0.011252561584115028,1.676008105278015e-05,0.06962710246443748,0.06964386254549026,8.961185812950134e-05,0.0,0.0
211,optimizer,0.001162700355052948,2.7351081371307373e-05,0.00126693956553936,0.0012942906469106674,2.4400651454925537e-05,0.0004985779523849487,0.00046575814485549927
212,forward,0.012462381273508072,3.145262598991394e-05,0.023443199694156647,0.02347465232014656,8.364394307136536e-05,0.0,0.0
212,backward,0.011154718697071075,1.5502795577049255e-05,0.06989714689552784,0.06991264969110489,8.772313594818115e-05,0.0,0.0
212,optimizer,0.001157047227025032,2.9461458325386047e-05,0.0012610219419002533,0.0012904834002256393,2.5350600481033325e-05,0.0009824670851230621,0.0004614386707544327
213,forward,0.012400772422552109,3.018975257873535e-05,0.02358664944767952,0.023616839200258255,8.382275700569153e-05,0.0,0.0
213,backward,0.011388542130589485,1.8747523427009583e-05,0.06946299038827419,0.0694817379117012,8.697248995304108e-05,0.0,0.0
213,optimizer,0.0011651404201984406,2.9830262064933777e-05,0.0012618806213140488,0.0012917108833789825,2.413056790828705e-05,0.0004886779934167862,0.0005114395171403885
214,forward,0.012394199147820473,2.9549002647399902e-05,0.023528261110186577,0.023557810112833977,8.645281195640564e-05,0.0,0.0
214,backward,0.011169517412781715,1.4349818229675293e-05,0.07014753296971321,0.07016188278794289,8.50427895784378e-05,0.0,0.0
214,optimizer,0.0011817105114459991,2.7513131499290466e-05,0.0012582596391439438,0.0012857727706432343,2.5792047381401062e-05,0.0006815493106842041,0.00046507827937602997
215,forward,0.012324919924139977,3.042072057723999e-05,0.023608792573213577,0.023639213293790817,8.394010365009308e-05,0.0,0.0
215,backward,0.011137247085571289,1.3930723071098328e-05,0.06966347619891167,0.06967740692198277,8.927099406719208e-05,0.0,0.0
215,optimizer,0.001239502802491188,3.0079856514930725e-05,0.0012616924941539764,0.0012917723506689072,2.3409724235534668e-05,0.0004966892302036285,0.000469207763671875
216,forward,0.012431563809514046,2.9399991035461426e-05,0.023451227694749832,0.023480627685785294,8.21724534034729e-05,0.0,0.0
216,backward,0.011131709441542625,1.5072524547576904e-05,0.06997716799378395,0.06999224051833153,7.818080484867096e-05,0.0,0.0
216,optimizer,0.0012392383068799973,3.040209412574768e-05,0.0012579616159200668,0.0012883637100458145,2.5082379579544067e-05,0.0007887836545705795,0.000501587986946106
217,forward,0.012416422367095947,3.003142774105072e-05,0.023548278957605362,0.023578310385346413,8.370354771614075e-05,0.0,0.0
217,backward,0.01112331822514534,1.6730278730392456e-05,0.06967856362462044,0.06969529390335083,8.351914584636688e-05,0.0,0.0
217,optimizer,0.0012287292629480362,3.011152148246765e-05,0.0012604519724845886,0.0012905634939670563,2.703070640563965e-05,0.0006587021052837372,0.0004615467041730881
218,forward,0.012476997449994087,3.0411407351493835e-05,0.02343083545565605,0.023461246863007545,8.228421211242676e-05,0.0,0.0
218,backward,0.011142928153276443,1.7371028661727905e-05,0.07008958235383034,0.07010695338249207,8.520111441612244e-05,0.0,0.0
218,optimizer,0.001249672845005989,2.8559938073158264e-05,0.0012629013508558273,0.0012914612889289856,2.4829059839248657e-05,0.0007889233529567719,0.0004631858319044113
219,forward,0.012348869815468788,3.037974238395691e-05,0.023601992055773735,0.023632371798157692,8.358992636203766e-05,0.0,0.0
219,backward,0.011205658316612244,1.7238780856132507e-05,0.06966154649853706,0.0696787852793932,8.942000567913055e-05,0.0,0.0
219,optimizer,0.0011672694236040115,2.758018672466278e-05,0.0012576021254062653,0.001285182312130928,2.44826078414917e-05,0.0005034394562244415,0.000467127189040184
220,forward,0.012427903711795807,2.939067780971527e-05,0.02348339930176735,0.023512789979577065,8.446350693702698e-05,0.0,0.0
220,backward,0.011369671672582626,1.9952654838562012e-05,0.0697400365024805,0.06975998915731907,9.047053754329681e-05,0.0,0.0
220,optimizer,0.0012357104569673538,2.5562942028045654e-05,0.0012607090175151825,0.0012862719595432281,2.4300068616867065e-05,0.0007877126336097717,0.0004649367183446884
221,forward,0.012376988306641579,2.905912697315216e-05,0.023506060242652893,0.023535119369626045,8.242391049861908e-05,0.0,0.0
221,backward,0.011121949180960655,1.6819685697555542e-05,0.06998712942004204,0.0700039491057396,0.00010781176388263702,0.0,0.0
221,optimizer,0.002022797241806984,5.683116614818573e-05,0.0009805429726839066,0.0010373741388320923,2.872943878173828e-05,0.0005002375692129135,0.00048744864761829376
222,forward,0.01333547756075859,3.0661001801490784e-05,0.022594233974814415,0.022624894976615906,8.682906627655029e-05,0.0,0.0
222,backward,0.011379240080714226,1.4450401067733765e-05,0.06975787691771984,0.06977232731878757,8.70637595653534e-05,0.0,0.0
222,optimizer,0.0012375321239233017,3.0079856514930725e-05,0.0012478604912757874,0.001277940347790718,2.508983016014099e-05,0.0008017532527446747,0.0004614386707544327
223,forward,0.01240067183971405,3.2160431146621704e-05,0.02349870093166828,0.023530861362814903,8.122995495796204e-05,0.0,0.0
223,backward,0.011183926835656166,1.702830195426941e-05,0.06989366933703423,0.0699106976389885,8.773989975452423e-05,0.0,0.0
223,optimizer,0.0012340806424617767,3.1307339668273926e-05,0.0012615527957677841,0.001292860135436058,2.464093267917633e-05,0.0004961378872394562,0.00045904703438282013
224,forward,0.012558842077851295,2.8731301426887512e-05,0.023368488997220993,0.02339722029864788,8.183158934116364e-05,0.0,0.0
224,backward,0.011148788034915924,1.670047640800476e-05,0.06964857317507267,0.06966527365148067,8.570216596126556e-05,0.0,0.0
224,optimizer,0.0012693610042333603,2.9452145099639893e-05,0.0012644212692975998,0.0012938734143972397,2.7261674404144287e-05,0.0004834197461605072,0.00045990757644176483
225,forward,0.012428563088178635,3.9441511034965515e-05,0.02345096878707409,0.023490410298109055,8.892454206943512e-05,0.0,0.0
225,backward,0.01113777607679367,1.8270686268806458e-05,0.07007387280464172,0.07009214349091053,8.532963693141937e-05,0.0,0.0
225,optimizer,0.0012456700205802917,3.0299648642539978e-05,0.0012610498815774918,0.0012913495302200317,2.9982998967170715e-05,0.0007970947772264481,0.00046365708112716675
226,forward,0.012479661032557487,2.962164580821991e-05,0.02342834882438183,0.023457970470190048,8.64807516336441e-05,0.0,0.0
226,backward,0.011236922815442085,1.5819445252418518e-05,0.06965591385960579,0.06967173330485821,8.396990597248077e-05,0.0,0.0
226,optimizer,0.0012961328029632568,2.7490779757499695e-05,0.001260261982679367,0.0012877527624368668,2.7799978852272034e-05,0.0004840698093175888,0.0004597175866365433
227,forward,0.012558672577142715,3.232993185520172e-05,0.023408597335219383,0.023440927267074585,8.228421211242676e-05,0.0,0.0
227,backward,0.011403026059269905,1.4988705515861511e-05,0.06953059881925583,0.06954558752477169,8.331239223480225e-05,0.0,0.0
227,optimizer,0.0012316014617681503,2.6710331439971924e-05,0.0012588296085596085,0.0012855399399995804,2.5959685444831848e-05,0.0006535910069942474,0.0004601292312145233
228,forward,0.012338580563664436,2.925097942352295e-05,0.023540226742625237,0.02356947772204876,8.258968591690063e-05,0.0,0.0
228,backward,0.011147920042276382,1.7527490854263306e-05,0.06980705633759499,0.06982458382844925,8.954480290412903e-05,0.0,0.0
228,optimizer,0.0012357011437416077,2.8479844331741333e-05,0.0012589804828166962,0.0012874603271484375,2.458132803440094e-05,0.0008207522332668304,0.0004745274782180786
229,forward,0.012339981272816658,2.7941539883613586e-05,0.0235291700810194,0.023557111620903015,8.369050920009613e-05,0.0,0.0
229,backward,0.01111048087477684,1.7151236534118652e-05,0.07005024701356888,0.070067398250103,8.826330304145813e-05,0.0,0.0
229,optimizer,0.001260479912161827,2.7300789952278137e-05,0.0012526251375675201,0.0012799259275197983,2.317875623703003e-05,0.0008802749216556549,0.00045912712812423706
230,forward,0.012367002665996552,3.574974834918976e-05,0.023571159690618515,0.023606909438967705,8.280016481876373e-05,0.0,0.0
230,backward,0.011575937271118164,1.4780089259147644e-05,0.06926138699054718,0.06927616707980633,8.496083319187164e-05,0.0,0.0
230,optimizer,0.001168280839920044,3.0450522899627686e-05,0.0012601222842931747,0.0012905728071928024,2.3670494556427002e-05,0.0004955977201461792,0.00046800822019577026
231,forward,0.012417720630764961,3.177858889102936e-05,0.023514771834015846,0.023546550422906876,8.41822475194931e-05,0.0,0.0
231,backward,0.011231200769543648,1.4487653970718384e-05,0.0699958298355341,0.07001031748950481,8.292123675346375e-05,0.0,0.0
231,optimizer,0.0011665783822536469,3.0312687158584595e-05,0.0012617222964763641,0.0012920349836349487,2.5270506739616394e-05,0.0008774455636739731,0.0004591885954141617
232,forward,0.012376470491290092,3.091990947723389e-05,0.02354474924504757,0.023575669154524803,8.18111002445221e-05,0.0,0.0
232,backward,0.011499563232064247,1.8971040844917297e-05,0.06936264038085938,0.06938161142170429,8.57226550579071e-05,0.0,0.0
232,optimizer,0.0011741816997528076,2.966076135635376e-05,0.0012615583837032318,0.0012912191450595856,2.4378299713134766e-05,0.0004906076937913895,0.0004624556750059128
233,forward,0.012364698573946953,2.9632821679115295e-05,0.023562900722026825,0.02359253354370594,8.452124893665314e-05,0.0,0.0
233,backward,0.011276444420218468,1.5422701835632324e-05,0.0698377750813961,0.06985319778323174,8.686073124408722e-05,0.0,0.0
233,optimizer,0.00116037018597126,2.8813257813453674e-05,0.0012584999203681946,0.0012873131781816483,2.5562942028045654e-05,0.0005046278238296509,0.0004659760743379593
234,forward,0.012317977845668793,3.063865005970001e-05,0.023634493350982666,0.023665132001042366,8.587166666984558e-05,0.0,0.0
234,backward,0.011371932923793793,1.5048310160636902e-05,0.06964954361319542,0.06966459192335606,8.940137922763824e-05,0.0,0.0
234,optimizer,0.0012364629656076431,2.9141083359718323e-05,0.0012625288218259811,0.0012916699051856995,2.4830922484397888e-05,0.005025045946240425,0.0004644487053155899
235,forward,0.0123676098883152,2.964027225971222e-05,0.02351520024240017,0.02354484051465988,8.255243301391602e-05,0.0,0.0
235,backward,0.011128351092338562,1.4020130038261414e-05,0.06986612640321255,0.06988014653325081,8.44411551952362e-05,0.0,0.0
235,optimizer,0.0012474209070205688,2.78521329164505e-05,0.0012575313448905945,0.001285383477807045,2.557225525379181e-05,0.0004987195134162903,0.0004648081958293915
236,forward,0.012347139418125153,2.9083341360092163e-05,0.023550240322947502,0.023579323664307594,8.51992517709732e-05,0.0,0.0
236,backward,0.011130699887871742,1.6121193766593933e-05,0.06993378885090351,0.0699499100446701,8.441880345344543e-05,0.0,0.0
236,optimizer,0.0012320373207330704,2.7859583497047424e-05,0.0012647248804569244,0.0012925844639539719,2.671964466571808e-05,0.0008544344455003738,0.0004799291491508484
237,forward,0.01320427656173706,4.564225673675537e-05,0.023195523768663406,0.023241166025400162,8.67210328578949e-05,0.0,0.0
237,backward,0.011554136872291565,1.4098361134529114e-05,0.0692629273980856,0.06927702575922012,8.35806131362915e-05,0.0,0.0
237,optimizer,0.0012398697435855865,2.9539689421653748e-05,0.001254592090845108,0.0012841317802667618,2.3400411009788513e-05,0.0004911273717880249,0.0004641357809305191
238,forward,0.01232832856476307,3.171898424625397e-05,0.023542018607258797,0.02357373759150505,8.122995495796204e-05,0.0,0.0
238,backward,0.011270957067608833,1.6281381249427795e-05,0.06999990716576576,0.07001618854701519,8.630193769931793e-05,0.0,0.0
238,optimizer,0.0012412220239639282,2.532079815864563e-05,0.0012531112879514694,0.001278432086110115,2.3750588297843933e-05,0.0007914435118436813,0.00046698935329914093
239,forward,0.012372270226478577,3.1461939215660095e-05,0.02354525960981846,0.02357672154903412,8.150190114974976e-05,0.0,0.0
239,backward,0.011164810508489609,1.692958176136017e-05,0.0696210227906704,0.06963795237243176,9.002164006233215e-05,0.0,0.0
239,optimizer,0.0012557823210954666,2.5469809770584106e-05,0.0012594722211360931,0.0012849420309066772,2.3601576685905457e-05,0.0005569197237491608,0.00046281516551971436
240,forward,0.012389611452817917,3.100000321865082e-05,0.023490918800234795,0.023521918803453445,8.354149758815765e-05,0.0,0.0
240,backward,0.011416744440793991,1.561082899570465e-05,0.06961705163121223,0.06963266246020794,8.674152195453644e-05,0.0,0.0
240,optimizer,0.0012272819876670837,2.574920654296875e-05,0.0012572817504405975,0.0012830309569835663,2.529844641685486e-05,0.0007992833852767944,0.0004648081958293915
241,forward,0.012251976877450943,2.8800219297409058e-05,0.02365998364984989,0.0236887838691473,8.603185415267944e-05,0.0,0.0
241,backward,0.011441212147474289,1.4821067452430725e-05,0.06970473565161228,0.06971955671906471,8.561089634895325e-05,0.0,0.0
241,optimizer,0.0012451522052288055,2.8019770979881287e-05,0.0012586098164319992,0.0012866295874118805,2.7779489755630493e-05,0.0004899073392152786,0.00046595558524131775
242,forward,0.012395258992910385,2.901814877986908e-05,0.02358381263911724,0.02361283078789711,8.657015860080719e-05,0.0,0.0
242,backward,0.011145628988742828,1.4599412679672241e-05,0.06968199461698532,0.069696594029665,8.686259388923645e-05,0.0,0.0
242,optimizer,0.0012308601289987564,2.8051435947418213e-05,0.0012589804828166962,0.0012870319187641144,2.4180859327316284e-05,0.0004899874329566956,0.00047522783279418945
243,forward,0.01233007200062275,2.967938780784607e-05,0.023572498932480812,0.023602178320288658,7.906369864940643e-05,0.0,0.0
243,backward,0.011159161105751991,1.3861805200576782e-05,0.06972560472786427,0.06973946653306484,8.746050298213959e-05,0.0,0.0
243,optimizer,0.0012292396277189255,2.738088369369507e-05,0.00125926174223423,0.0012866426259279251,2.3720785975456238e-05,0.0004969891160726547,0.0004658382385969162
244,forward,0.012458691373467445,2.9571354389190674e-05,0.02341695874929428,0.02344653010368347,8.323229849338531e-05,0.0,0.0
244,backward,0.01138157956302166,1.711025834083557e-05,0.06985300034284592,0.06987011060118675,8.451007306575775e-05,0.0,0.0
244,optimizer,0.0011607762426137924,2.871081233024597e-05,0.0012588929384946823,0.0012876037508249283,2.469867467880249e-05,0.0008232034742832184,0.0004603881388902664
245,forward,0.012494541704654694,3.110058605670929e-05,0.023415088653564453,0.023446189239621162,8.367002010345459e-05,0.0,0.0
245,backward,0.011231161653995514,1.4647841453552246e-05,0.06960384361445904,0.06961849145591259,8.459202945232391e-05,0.0,0.0
245,optimizer,0.0011655576527118683,2.8733164072036743e-05,0.0012609828263521194,0.0012897159904241562,2.50302255153656e-05,0.0004823785275220871,0.00048496760427951813
246,forward,0.012537084519863129,3.0621886253356934e-05,0.02335481531918049,0.023385437205433846,8.17328691482544e-05,0.0,0.0
246,backward,0.011582056060433388,1.727975904941559e-05,0.06961902417242527,0.06963630393147469,9.29124653339386e-05,0.0,0.0
246,optimizer,0.0011878404766321182,2.6872381567955017e-05,0.001257631927728653,0.001284504309296608,2.707168459892273e-05,0.0004982482641935349,0.00046311691403388977
247,forward,0.012279793620109558,2.941116690635681e-05,0.02362573891878128,0.023655150085687637,7.99037516117096e-05,0.0,0.0
247,backward,0.011479249224066734,1.7309561371803284e-05,0.06955769844353199,0.0695750080049038,8.762255311012268e-05,0.0,0.0
247,optimizer,0.0012386329472064972,2.5952234864234924e-05,0.0012555290013551712,0.0012814812362194061,2.429261803627014e-05,0.0008723437786102295,0.00046661682426929474
248,forward,0.012288438156247139,2.8951093554496765e-05,0.02357829175889492,0.023607242852449417,8.429214358329773e-05,0.0,0.0
248,backward,0.011470785364508629,1.6158446669578552e-05,0.06948290206491947,0.06949906051158905,8.496083319187164e-05,0.0,0.0
248,optimizer,0.0012459568679332733,2.674013376235962e-05,0.0012619048357009888,0.0012886449694633484,2.741999924182892e-05,0.0004906095564365387,0.00046484731137752533
249,forward,0.012272225692868233,2.904050052165985e-05,0.023629453033208847,0.023658493533730507,8.683092892169952e-05,0.0,0.0
249,backward,0.011203380301594734,1.4271587133407593e-05,0.06989657506346703,0.06991084665060043,8.831173181533813e-05,0.0,0.0
249,optimizer,0.0012338999658823013,2.546049654483795e-05,0.001262841746211052,0.00128830224275589,3.4091994166374207e-05,0.0008802358061075211,0.00046330876648426056
250,forward,0.012345029041171074,3.040023148059845e-05,0.023609943687915802,0.0236403439193964,8.527189493179321e-05,0.0,0.0
250,backward,0.011113008484244347,1.4491379261016846e-05,0.06982709839940071,0.06984158977866173,8.643046021461487e-05,0.0,0.0
250,optimizer,0.0012383293360471725,2.710893750190735e-05,0.0012554824352264404,0.0012825913727283478,2.4940818548202515e-05,0.0004843585193157196,0.00046335719525814056
251,forward,0.012384491041302681,2.9727816581726074e-05,0.023495059460401535,0.02352478727698326,8.184090256690979e-05,0.0,0.0
251,backward,0.011132286861538887,1.6219913959503174e-05,0.06995410099625587,0.06997032091021538,9.272247552871704e-05,0.0,0.0
251,optimizer,0.001231752336025238,2.8720125555992126e-05,0.0012575704604387283,0.0012862905859947205,2.308003604412079e-05,0.0008749663829803467,0.00045930780470371246
252,forward,0.0123673714697361,2.9401853680610657e-05,0.023489288985729218,0.023518690839409828,8.186325430870056e-05,0.0,0.0
252,backward,0.011521125212311745,1.551024615764618e-05,0.0695965327322483,0.06961204297840595,8.229352533817291e-05,0.0,0.0
252,optimizer,0.0014209430664777756,5.0362199544906616e-05,0.0012256726622581482,0.0012760348618030548,2.6280060410499573e-05,0.0009796079248189926,0.00045935623347759247
253,forward,0.012555846944451332,3.1599774956703186e-05,0.02352430857717991,0.023555908352136612,8.349120616912842e-05,0.0,0.0
253,backward,0.011608675122261047,1.4619901776313782e-05,0.06954455189406872,0.06955917179584503,8.536875247955322e-05,0.0,0.0
253,optimizer,0.0011594314128160477,2.927146852016449e-05,0.001256858929991722,0.0012861303985118866,2.4728477001190186e-05,0.0004975404590368271,0.0004610549658536911
254,forward,0.01237480528652668,3.0603259801864624e-05,0.02353762835264206,0.023568231612443924,8.103996515274048e-05,0.0,0.0
254,backward,0.011449966579675674,1.4759600162506104e-05,0.06960658170282841,0.06962134130299091,8.55419784784317e-05,0.0,0.0
254,optimizer,0.001248437911272049,2.674013376235962e-05,0.0012604929506778717,0.0012872330844402313,2.46390700340271e-05,0.004493827000260353,0.0004632975906133652
255,forward,0.012360827997326851,2.9420480132102966e-05,0.02355102077126503,0.023580441251397133,8.305907249450684e-05,0.0,0.0
255,backward,0.011364346370100975,1.636892557144165e-05,0.06963420286774635,0.0696505717933178,8.457154035568237e-05,0.0,0.0
255,optimizer,0.0012576784938573837,2.8099864721298218e-05,0.0012624934315681458,0.001290593296289444,2.8640031814575195e-05,0.000489870086312294,0.00047497451305389404
256,forward,0.012732775881886482,2.956204116344452e-05,0.023166604340076447,0.02319616638123989,8.845143020153046e-05,0.0,0.0
256,backward,0.011101160198450089,1.3688579201698303e-05,0.0699769388884306,0.0699906274676323,8.603930473327637e-05,0.0,0.0
256,optimizer,0.0012376662343740463,2.895854413509369e-05,0.0012573190033435822,0.0012862775474786758,2.7339905500411987e-05,0.0009347964078187943,0.0004638358950614929
257,forward,0.012355322018265724,3.0932947993278503e-05,0.023583149537444115,0.023614082485437393,8.278153836727142e-05,0.0,0.0
257,backward,0.011117987334728241,1.6849488019943237e-05,0.06976032815873623,0.06977717764675617,9.031221270561218e-05,0.0,0.0
257,optimizer,0.0012622866779565811,2.5939196348190308e-05,0.0012579653412103653,0.0012839045375585556,2.4180859327316284e-05,0.0004976484924554825,0.0004624463617801666
258,forward,0.012385629117488861,2.9422342777252197e-05,0.023522332310676575,0.023551754653453827,8.28821212053299e-05,0.0,0.0
258,backward,0.011155223473906517,1.701153814792633e-05,0.06974772363901138,0.06976473517715931,8.889101445674896e-05,0.0,0.0
258,optimizer,0.0012400690466165543,2.4279579520225525e-05,0.0012658815830945969,0.0012901611626148224,2.400018274784088e-05,0.0004996191710233688,0.00046476908028125763
259,forward,0.01239338144659996,2.999231219291687e-05,0.02351033128798008,0.023540323600172997,8.497200906276703e-05,0.0,0.0
259,backward,0.011575497686862946,1.7881393432617188e-05,0.0695918221026659,0.06960970349609852,8.479878306388855e-05,0.0,0.0
259,optimizer,0.0011728312820196152,2.5510787963867188e-05,0.0012568291276693344,0.0012823399156332016,2.8109177947044373e-05,0.0004968177527189255,0.0004603881388902664
260,forward,0.012609994038939476,2.8470531105995178e-05,0.02330716699361801,0.023335637524724007,8.286163210868835e-05,0.0,0.0
260,backward,0.01113329641520977,1.4748424291610718e-05,0.06964978389441967,0.06966453231871128,8.491054177284241e-05,0.0,0.0
260,optimizer,0.0012324415147304535,2.9260292649269104e-05,0.0012672916054725647,0.0012965518981218338,2.6632100343704224e-05,0.0005399100482463837,0.0004692487418651581
261,forward,0.012358391657471657,3.0249357223510742e-05,0.02353948913514614,0.023569738492369652,8.391030132770538e-05,0.0,0.0
261,backward,0.011126656085252762,1.609325408935547e-05,0.07015660405158997,0.07017269730567932,8.878298103809357e-05,0.0,0.0
261,optimizer,0.0012364480644464493,2.9200688004493713e-05,0.0012576431035995483,0.001286843791604042,2.1930783987045288e-05,0.0008307136595249176,0.00047956034541130066
262,forward,0.012492703273892403,3.976002335548401e-05,0.023400507867336273,0.023440267890691757,9.49520617723465e-05,0.0,0.0
262,backward,0.011295311152935028,1.9958242774009705e-05,0.06956770457327366,0.06958766281604767,8.535012602806091e-05,0.0,0.0
262,optimizer,0.0012376084923744202,3.0290335416793823e-05,0.0012585930526256561,0.00128888338804245,2.5000423192977905e-05,0.000491507351398468,0.00046060793101787567
263,forward,0.012392498552799225,2.919137477874756e-05,0.023488519713282585,0.023517711088061333,8.396059274673462e-05,0.0,0.0
263,backward,0.011069757863879204,1.667998731136322e-05,0.07000060006976128,0.07001728005707264,8.87606292963028e-05,0.0,0.0
263,optimizer,0.0012280307710170746,2.8911978006362915e-05,0.001256389543414116,0.0012853015214204788,2.3759901523590088e-05,0.0004892200231552124,0.00046427734196186066
264,forward,0.012469463050365448,2.9878690838813782e-05,0.02343410812318325,0.023463986814022064,8.33217054605484e-05,0.0,0.0
264,backward,0.011136310175061226,1.4292076230049133e-05,0.06982395797967911,0.06983825005590916,9.20221209526062e-05,0.0,0.0
264,optimizer,0.0012221001088619232,2.9830262064933777e-05,0.0012539513409137726,0.0012837816029787064,2.4510547518730164e-05,0.0008603334426879883,0.00046424753963947296
265,forward,0.012628775089979172,3.131106495857239e-05,0.023260734975337982,0.023292046040296555,8.185207843780518e-05,0.0,0.0
265,backward,0.011174194514751434,1.631118357181549e-05,0.0700372327119112,0.07005354389548302,8.354149758815765e-05,0.0,0.0
265,optimizer,0.0012151692062616348,2.964027225971222e-05,0.0012568328529596329,0.001286473125219345,2.6069581508636475e-05,0.0007881131023168564,0.0004591476172208786
266,forward,0.01241782121360302,2.9811635613441467e-05,0.023606272414326668,0.02363608404994011,8.19917768239975e-05,0.0,0.0
266,backward,0.01118255965411663,1.8592923879623413e-05,0.06963020376861095,0.06964879669249058,8.781254291534424e-05,0.0,0.0
266,optimizer,0.001231212168931961,2.598017454147339e-05,0.0012571308761835098,0.0012831110507249832,2.6999041438102722e-05,0.0004958957433700562,0.0004716794937849045
267,forward,0.01249362900853157,3.0240043997764587e-05,0.023390179499983788,0.023420419543981552,0.0001062098890542984,0.0,0.0
267,backward,0.011200262233614922,1.7561018466949463e-05,0.07010550983250141,0.07012307085096836,8.89115035533905e-05,0.0,0.0
267,optimizer,0.0012239795178174973,3.583170473575592e-05,0.0012614428997039795,0.0012972746044397354,2.6108697056770325e-05,0.0008075125515460968,0.00046424753963947296
268,forward,0.01324540562927723,4.445016384124756e-05,0.022837407886981964,0.02288185805082321,0.000117521733045578,0.0,0.0
268,backward,0.01122216135263443,1.57281756401062e-05,0.06955966167151928,0.06957538984715939,9.154155850410461e-05,0.0,0.0
268,optimizer,0.0013255476951599121,2.816133201122284e-05,0.0012602899223566055,0.0012884512543678284,2.4879351258277893e-05,0.0005887988954782486,0.0005414281040430069
269,forward,0.012431669980287552,2.9750168323516846e-05,0.023501189425587654,0.02353093959391117,8.283182978630066e-05,0.0,0.0
269,backward,0.011144259944558144,1.6050413250923157e-05,0.07002414762973785,0.07004019804298878,8.429959416389465e-05,0.0,0.0
269,optimizer,0.001240469515323639,2.851150929927826e-05,0.001262512058019638,0.0012910235673189163,2.639181911945343e-05,0.0008384324610233307,0.0004602596163749695
270,forward,0.012435782700777054,2.845190465450287e-05,0.02351493015885353,0.023543382063508034,8.451193571090698e-05,0.0,0.0
270,backward,0.011160168796777725,1.644901931285858e-05,0.06975043565034866,0.06976688466966152,8.731149137020111e-05,0.0,0.0
270,optimizer,0.0012444108724594116,2.859160304069519e-05,0.001248801127076149,0.0012773927301168442,2.403929829597473e-05,0.0004915688186883926,0.0004646480083465576
271,forward,0.012411272153258324,2.9187649488449097e-05,0.023479467257857323,0.023508654907345772,8.605979382991791e-05,0.0,0.0
271,backward,0.011064119637012482,1.5478581190109253e-05,0.06995499692857265,0.06997047550976276,8.603930473327637e-05,0.0,0.0
271,optimizer,0.0012215524911880493,2.925097942352295e-05,0.0012619998306035995,0.0012912508100271225,2.3631379008293152e-05,0.0008196849375963211,0.0004643872380256653
272,forward,0.01238362118601799,2.9632821679115295e-05,0.023545589298009872,0.023575222119688988,8.534267544746399e-05,0.0,0.0
272,backward,0.011174259707331657,1.596100628376007e-05,0.06999318860471249,0.07000914961099625,8.466094732284546e-05,0.0,0.0
272,optimizer,0.001237848773598671,2.8658658266067505e-05,0.0012662224471569061,0.0012948811054229736,2.608075737953186e-05,0.0008305627852678299,0.00046513788402080536
273,forward,0.012465421110391617,3.165006637573242e-05,0.02346610091626644,0.023497750982642174,8.308142423629761e-05,0.0,0.0
273,backward,0.011144725605845451,1.5027821063995361e-05,0.06981393694877625,0.06982896476984024,8.455291390419006e-05,0.0,0.0
273,optimizer,0.0009478181600570679,3.273226320743561e-05,0.0012612007558345795,0.001293933019042015,2.4469569325447083e-05,0.0004836171865463257,0.0005041398108005524
274,forward,0.012635204941034317,2.9029324650764465e-05,0.023262985050678253,0.023292014375329018,8.264929056167603e-05,0.0,0.0
274,backward,0.01111205667257309,1.6789883375167847e-05,0.07015138491988182,0.07016817480325699,8.725188672542572e-05,0.0,0.0
274,optimizer,0.0012480095028877258,3.103911876678467e-05,0.0012564118951559067,0.0012874510139226913,2.2880733013153076e-05,0.0007913243025541306,0.00046439655125141144
275,forward,0.012699024751782417,2.8738752007484436e-05,0.02319016493856907,0.023218903690576553,8.475221693515778e-05,0.0,0.0
275,backward,0.011114383116364479,1.822039484977722e-05,0.06962819583714008,0.06964641623198986,8.744373917579651e-05,0.0,0.0
275,optimizer,0.0012336522340774536,2.8870999813079834e-05,0.0012544598430395126,0.0012833308428525925,2.5602057576179504e-05,0.0004957616329193115,0.00045904703438282013
276,forward,0.0123540498316288,3.058090806007385e-05,0.023545579984784126,0.0235761608928442,8.76113772392273e-05,0.0,0.0
276,backward,0.011075437068939209,1.6709789633750916e-05,0.07004758156836033,0.07006429135799408,9.127892553806305e-05,0.0,0.0
276,optimizer,0.0012542009353637695,2.7589499950408936e-05,0.00125834159553051,0.0012859310954809189,2.703070640563965e-05,0.0004967581480741501,0.00046694837510585785
277,forward,0.012391190975904465,3.0992552638053894e-05,0.023562122136354446,0.0235931146889925,8.584000170230865e-05,0.0,0.0
277,backward,0.011157209053635597,1.5130266547203064e-05,0.06967912428081036,0.06969425454735756,8.884258568286896e-05,0.0,0.0
277,optimizer,0.0012299101799726486,2.6600435376167297e-05,0.0012602303177118301,0.0012868307530879974,2.4791806936264038e-05,0.0004897769540548325,0.0004650969058275223
278,forward,0.012412900105118752,2.893991768360138e-05,0.023463008925318718,0.02349194884300232,8.611194789409637e-05,0.0,0.0
278,backward,0.011113585904240608,1.665949821472168e-05,0.07013020478188992,0.07014686428010464,8.403323590755463e-05,0.0,0.0
278,optimizer,0.0012423023581504822,2.9649585485458374e-05,0.0012643523514270782,0.0012940019369125366,2.6259571313858032e-05,0.0009077880531549454,0.0004653576761484146
279,forward,0.012361207976937294,2.935156226158142e-05,0.023533491417765617,0.0235628429800272,8.425116539001465e-05,0.0,0.0
279,backward,0.011380916461348534,1.6767531633377075e-05,0.06941500678658485,0.06943177431821823,8.822232484817505e-05,0.0,0.0
279,optimizer,0.0011641159653663635,2.9301270842552185e-05,0.0012681037187576294,0.0012974049896001816,2.3348256945610046e-05,0.00048403628170490265,0.000459795817732811
280,forward,0.012391531839966774,2.9781833291053772e-05,0.023505767807364464,0.023535549640655518,8.369982242584229e-05,0.0,0.0
280,backward,0.011185139417648315,1.6100704669952393e-05,0.07003585994243622,0.07005196064710617,8.51023942232132e-05,0.0,0.0
280,optimizer,0.0011616405099630356,2.9470771551132202e-05,0.0012593325227499008,0.001288803294301033,2.5039538741111755e-05,0.0008861571550369263,0.0004573483020067215
281,forward,0.012510022148489952,3.06200236082077e-05,0.023484138771891594,0.0235147587954998,8.168257772922516e-05,0.0,0.0
281,backward,0.011236710473895073,1.8110498785972595e-05,0.06955208256840706,0.06957019306719303,8.670240640640259e-05,0.0,0.0
281,optimizer,0.0011584796011447906,2.8232112526893616e-05,0.001257551833987236,0.0012857839465141296,2.247840166091919e-05,0.0005032196640968323,0.0004710480570793152
282,forward,0.012361088767647743,2.9170885682106018e-05,0.02353629097342491,0.023565461859107018,8.377246558666229e-05,0.0,0.0
282,backward,0.011457785964012146,1.8170103430747986e-05,0.06957612186670303,0.06959429197013378,8.421950042247772e-05,0.0,0.0
282,optimizer,0.0011602099984884262,3.078952431678772e-05,0.001262851059436798,0.0012936405837535858,2.5900080800056458e-05,0.0007215309888124466,0.0004625469446182251
283,forward,0.012549849227070808,2.8070062398910522e-05,0.023339418694376945,0.023367488756775856,8.313171565532684e-05,0.0,0.0
283,backward,0.011154549196362495,1.705065369606018e-05,0.0699665192514658,0.06998356990516186,9.888224303722382e-05,0.0,0.0
283,optimizer,0.0012947134673595428,6.363168358802795e-05,0.0012433584779500961,0.001306990161538124,2.6499852538108826e-05,0.0006175413727760315,0.0004930868744850159
284,forward,0.012528462335467339,2.9560178518295288e-05,0.023448999971151352,0.023478560149669647,8.388981223106384e-05,0.0,0.0
284,backward,0.01115037128329277,1.602061092853546e-05,0.06972654536366463,0.06974256597459316,9.038113057613373e-05,0.0,0.0
284,optimizer,0.001253809779882431,2.8431415557861328e-05,0.0012589022517204285,0.0012873336672782898,2.5741755962371826e-05,0.0004891864955425262,0.0004675481468439102
285,forward,0.012382809072732925,3.0288472771644592e-05,0.023486830294132233,0.023517118766903877,8.71121883392334e-05,0.0,0.0
285,backward,0.01119215227663517,1.556985080242157e-05,0.06982329674065113,0.06983886659145355,8.696131408214569e-05,0.0,0.0
285,optimizer,0.0012365598231554031,2.6999041438102722e-05,0.0012581124901771545,0.0012851115316152573,2.6319175958633423e-05,0.0007993057370185852,0.00047074630856513977
286,forward,0.012766057625412941,3.0020251870155334e-05,0.02312321402132511,0.023153234273195267,8.51023942232132e-05,0.0,0.0
286,backward,0.01116584800183773,1.664087176322937e-05,0.06996599212288857,0.0699826329946518,8.714012801647186e-05,0.0,0.0
286,optimizer,0.0012301616370677948,3.018975257873535e-05,0.0012637805193662643,0.0012939702719449997,2.619996666908264e-05,0.0004967488348484039,0.0004612486809492111
287,forward,0.012311220169067383,2.863258123397827e-05,0.023621760308742523,0.0236503928899765,8.350051939487457e-05,0.0,0.0
287,backward,0.011022737249732018,1.829303801059723e-05,0.06976109556853771,0.06977938860654831,8.620135486125946e-05,0.0,0.0
287,optimizer,0.0012403111904859543,3.001093864440918e-05,0.001263882964849472,0.0012938939034938812,2.7259811758995056e-05,0.0004841778427362442,0.0004621371626853943
288,forward,0.012408843263983727,2.8660520911216736e-05,0.02349711023271084,0.023525770753622055,8.653104305267334e-05,0.0,0.0
288,backward,0.011129656806588173,1.5230849385261536e-05,0.07009729370474815,0.07011252455413342,8.511170744895935e-05,0.0,0.0
288,optimizer,0.00122825987637043,3.1322240829467773e-05,0.0012651123106479645,0.0012964345514774323,2.4650245904922485e-05,0.0008343961089849472,0.0004664752632379532
289,forward,0.012415433302521706,3.075040876865387e-05,0.023541348055005074,0.023572098463773727,8.307211101055145e-05,0.0,0.0
289,backward,0.011161226779222488,1.5350058674812317e-05,0.06971102766692638,0.0697263777256012,8.917227387428284e-05,0.0,0.0
289,optimizer,0.0012311115860939026,3.071315586566925e-05,0.001261962577700615,0.0012926757335662842,2.3379921913146973e-05,0.0004991292953491211,0.00047806836664676666
290,forward,0.012575672939419746,2.9789283871650696e-05,0.023328986018896103,0.023358775302767754,8.150190114974976e-05,0.0,0.0
290,backward,0.011606056243181229,1.6512349247932434e-05,0.06942475028336048,0.06944126263260841,7.952190935611725e-05,0.0,0.0
290,optimizer,0.0012440364807844162,3.0022114515304565e-05,0.001259922981262207,0.0012899450957775116,2.3249536752700806e-05,0.004740530624985695,0.00045795738697052
291,forward,0.012457523494958878,3.0258670449256897e-05,0.02344636805355549,0.023476626724004745,8.370168507099152e-05,0.0,0.0
291,backward,0.01107892394065857,1.5448778867721558e-05,0.06972059607505798,0.0697360448539257,8.698366582393646e-05,0.0,0.0
291,optimizer,0.001219291239976883,2.761930227279663e-05,0.0012668203562498093,0.001294439658522606,2.3461878299713135e-05,0.0008576326072216034,0.0004691369831562042
292,forward,0.012393999844789505,3.075040876865387e-05,0.023499000817537308,0.02352975122630596,8.395127952098846e-05,0.0,0.0
292,backward,0.011163707822561264,1.527927815914154e-05,0.06997487880289555,0.06999015808105469,8.689239621162415e-05,0.0,0.0
292,optimizer,0.0012635495513677597,2.9031187295913696e-05,0.0012635719031095505,0.0012926030904054642,2.5218352675437927e-05,0.0007975548505783081,0.0004634689539670944
293,forward,0.012455035001039505,3.1132251024246216e-05,0.023512527346611023,0.02354365959763527,8.171051740646362e-05,0.0,0.0
293,backward,0.01115575060248375,1.6788020730018616e-05,0.06979451701045036,0.06981130503118038,8.519180119037628e-05,0.0,0.0
293,optimizer,0.0012225322425365448,2.7310103178024292e-05,0.0012575499713420868,0.001284860074520111,3.668852150440216e-05,0.0005036275833845139,0.00046034157276153564
294,forward,0.012528184801340103,3.028102219104767e-05,0.02338794618844986,0.023418227210640907,8.68719071149826e-05,0.0,0.0
294,backward,0.011217042803764343,1.6858801245689392e-05,0.07004304975271225,0.07005990855395794,8.737295866012573e-05,0.0,0.0
294,optimizer,0.0012279283255338669,2.5227665901184082e-05,0.0012634731829166412,0.0012887008488178253,2.5939196348190308e-05,0.0007838346064090729,0.00045782700181007385
295,forward,0.012386167421936989,3.1070783734321594e-05,0.02355705201625824,0.02358812279999256,8.477270603179932e-05,0.0,0.0
295,backward,0.011155521497130394,1.6611069440841675e-05,0.06965340301394463,0.06967001408338547,9.007193148136139e-05,0.0,0.0
295,optimizer,0.0012219008058309555,2.9129907488822937e-05,0.0012644808739423752,0.0012936107814311981,2.362951636314392e-05,0.0004982482641935349,0.00046433694660663605
296,forward,0.012738749384880066,3.088824450969696e-05,0.023151163011789322,0.02318205125629902,8.361972868442535e-05,0.0,0.0
296,backward,0.011188119649887085,1.5582889318466187e-05,0.06986372545361519,0.06987930834293365,8.883140981197357e-05,0.0,0.0
296,optimizer,0.001260342076420784,2.972036600112915e-05,0.0012659188359975815,0.0012956392019987106,2.8172507882118225e-05,0.0007963553071022034,0.0004632752388715744
297,forward,0.012392718344926834,3.176182508468628e-05,0.023580322042107582,0.02361208386719227,8.179247379302979e-05,0.0,0.0
297,backward,0.01117958128452301,1.8440186977386475e-05,0.06966489367187023,0.06968333385884762,8.80211591720581e-05,0.0,0.0
297,optimizer,0.0012323595583438873,3.089010715484619e-05,0.0012661311775445938,0.00129702128469944,2.6192516088485718e-05,0.0004975069314241409,0.0004603080451488495
298,forward,0.012408768758177757,2.934969961643219e-05,0.02346276119351387,0.023492110893130302,8.542090654373169e-05,0.0,0.0
298,backward,0.011118417605757713,1.7510727047920227e-05,0.06989349983632565,0.06991101056337357,8.692219853401184e-05,0.0,0.0
298,optimizer,0.0012457557022571564,2.7239322662353516e-05,0.0012612994760274887,0.0012885387986898422,2.6239082217216492e-05,0.0009348560124635696,0.00046362727880477905
299,forward,0.012372070923447609,2.8820708394050598e-05,0.02356044016778469,0.02358926087617874,8.287280797958374e-05,0.0,0.0
299,backward,0.011083817109465599,1.559220254421234e-05,0.06981474719941616,0.06983033940196037,9.255856275558472e-05,0.0,0.0
299,optimizer,0.0012246910482645035,2.7839094400405884e-05,0.001262512058019638,0.001290351152420044,2.313964068889618e-05,0.0004951003938913345,0.00046596862375736237
300,forward,0.012453759089112282,3.0700117349624634e-05,0.023461921140551567,0.02349262125790119,8.520111441612244e-05,0.0,0.0
300,backward,0.011159131303429604,1.7000362277030945e-05,0.06982295587658882,0.06983995623886585,9.59988683462143e-05,0.0,0.0
300,optimizer,0.0012225005775690079,3.933161497116089e-05,0.0012657791376113892,0.00130511075258255,2.5520101189613342e-05,0.0008370857685804367,0.0004619583487510681
301,forward,0.012740705162286758,3.094784915447235e-05,0.02315560169517994,0.02318654954433441,7.742457091808319e-05,0.0,0.0
301,backward,0.01114305667579174,1.6219913959503174e-05,0.06994783133268356,0.06996405124664307,8.521229028701782e-05,0.0,0.0
301,optimizer,0.001288536936044693,2.6570633053779602e-05,0.0012211482971906662,0.0012477189302444458,2.6650726795196533e-05,0.000928875058889389,0.00045847706496715546
302,forward,0.012470681220293045,3.102049231529236e-05,0.02343589998781681,0.023466920480132103,8.280947804450989e-05,0.0,0.0
302,backward,0.011125622317194939,1.7980113625526428e-05,0.0697148535400629,0.06973283365368843,9.029172360897064e-05,0.0,0.0
302,optimizer,0.0012419633567333221,3.0741095542907715e-05,0.0012665912508964539,0.0012973323464393616,2.718716859817505e-05,0.000492975115776062,0.0004605147987604141
303,forward,0.012384550645947456,2.9539689421653748e-05,0.023540571331977844,0.023570111021399498,8.368119597434998e-05,0.0,0.0
303,backward,0.011088989675045013,1.6519799828529358e-05,0.07011227123439312,0.07012879103422165,0.00011023320257663727,0.0,0.0
303,optimizer,0.0020975861698389053,5.649961531162262e-05,0.000968296080827713,0.0010247956961393356,2.3070722818374634e-05,0.0007488857954740524,0.0004876479506492615
304,forward,0.013166666030883789,4.1719526052474976e-05,0.022769726812839508,0.022811446338891983,8.793361485004425e-05,0.0,0.0
304,backward,0.011291161179542542,1.689046621322632e-05,0.06984194740653038,0.0698588378727436,9.218044579029083e-05,0.0,0.0
304,optimizer,0.001258188858628273,2.8643757104873657e-05,0.0012574903666973114,0.001286134123802185,2.34898179769516e-05,0.0010312050580978394,0.0004673600196838379
305,forward,0.012285549193620682,3.0200928449630737e-05,0.023668132722377777,0.023698333650827408,8.569285273551941e-05,0.0,0.0
305,backward,0.011067546904087067,1.5292316675186157e-05,0.06972870603203773,0.06974399834871292,8.565187454223633e-05,0.0,0.0
305,optimizer,0.0012376941740512848,2.9221177101135254e-05,0.001257970929145813,0.0012871921062469482,2.3750588297843933e-05,0.000498797744512558,0.00046356767416000366
306,forward,0.012373020872473717,2.9832124710083008e-05,0.023518789559602737,0.02354862168431282,8.2431361079216e-05,0.0,0.0
306,backward,0.011364376172423363,1.7330050468444824e-05,0.06971484422683716,0.0697321742773056,8.23531299829483e-05,0.0,0.0
306,optimizer,0.0012405309826135635,2.972036600112915e-05,0.001260342076420784,0.0012900624424219131,2.703070640563965e-05,0.0008855033665895462,0.0004559271037578583
307,forward,0.012395128607749939,2.8459355235099792e-05,0.02360358275473118,0.023632042109966278,8.51508229970932e-05,0.0,0.0
307,backward,0.011114818975329399,1.5210360288619995e-05,0.06966478377580643,0.06967999413609505,8.659996092319489e-05,0.0,0.0
307,optimizer,0.0012369714677333832,3.069080412387848e-05,0.0012594908475875854,0.001290181651711464,2.4432316422462463e-05,0.0004898272454738617,0.0004603266716003418
308,forward,0.012499911710619926,3.1989067792892456e-05,0.023394595831632614,0.023426584899425507,8.235126733779907e-05,0.0,0.0
308,backward,0.011148711666464806,1.4487653970718384e-05,0.06991205550730228,0.069926543161273,8.582510054111481e-05,0.0,0.0
308,optimizer,0.0012206211686134338,2.9470771551132202e-05,0.0012642312794923782,0.0012937020510435104,2.6183202862739563e-05,0.0008164159953594208,0.0004605185240507126
309,forward,0.012428581714630127,2.7591362595558167e-05,0.02344650775194168,0.02347409911453724,8.32732766866684e-05,0.0,0.0
309,backward,0.011162960901856422,1.6508623957633972e-05,0.0700033400207758,0.07001984864473343,8.946098387241364e-05,0.0,0.0
309,optimizer,0.0012541133910417557,3.1013041734695435e-05,0.001255631446838379,0.0012866444885730743,2.4178996682167053e-05,0.0007480550557374954,0.00046327710151672363
310,forward,0.012526072561740875,2.937018871307373e-05,0.023381516337394714,0.023410886526107788,8.454173803329468e-05,0.0,0.0
310,backward,0.011137329041957855,1.6830861568450928e-05,0.06976340524852276,0.06978023611009121,8.540041744709015e-05,0.0,0.0
310,optimizer,0.001228243112564087,2.8930604457855225e-05,0.0012619197368621826,0.0012908503413200378,2.52407044172287e-05,0.0004914980381727219,0.00046640820801258087
311,forward,0.01272442564368248,2.7840957045555115e-05,0.023139264434576035,0.02316710539162159,8.455850183963776e-05,0.0,0.0
311,backward,0.011198090389370918,1.6689300537109375e-05,0.07003257237374783,0.07004926167428493,0.00010027177631855011,0.0,0.0
311,optimizer,0.00124330073595047,2.6630237698554993e-05,0.0012561213225126266,0.0012827515602111816,2.6531517505645752e-05,0.0008885655552148819,0.00046936795115470886
312,forward,0.01270904392004013,2.969987690448761e-05,0.023181864991784096,0.023211564868688583,8.217990398406982e-05,0.0,0.0
312,backward,0.011520713567733765,1.5022233128547668e-05,0.06922836787998676,0.06924339011311531,9.381212294101715e-05,0.0,0.0
312,optimizer,0.0009528845548629761,2.9521062970161438e-05,0.0012634508311748505,0.001292971894145012,2.3828819394111633e-05,0.000490877777338028,0.00046638771891593933
313,forward,0.01244262233376503,2.8040260076522827e-05,0.02343817800283432,0.023466218262910843,8.477270603179932e-05,0.0,0.0
313,backward,0.011146660894155502,1.4860183000564575e-05,0.06999402865767479,0.07000888884067535,8.644163608551025e-05,0.0,0.0
313,optimizer,0.001242583617568016,2.6889145374298096e-05,0.0012594088912010193,0.0012862980365753174,2.487190067768097e-05,0.000993337482213974,0.0004893075674772263
314,forward,0.012381499633193016,3.055110573768616e-05,0.023562969639897346,0.023593520745635033,8.394196629524231e-05,0.0,0.0
314,backward,0.011164268478751183,1.8540769815444946e-05,0.06971172615885735,0.06973026692867279,8.440017700195312e-05,0.0,0.0
314,optimizer,0.0012537147849798203,3.0079856514930725e-05,0.0012627895921468735,0.0012928694486618042,2.793222665786743e-05,0.0004968270659446716,0.0004619993269443512
315,forward,0.012416232377290726,3.883056342601776e-05,0.023487357422709465,0.023526187986135483,9.973347187042236e-05,0.0,0.0
315,backward,0.011133210733532906,3.364682197570801e-05,0.06987645663321018,0.06991010345518589,8.599087595939636e-05,0.0,0.0
315,optimizer,0.0012415796518325806,3.0390918254852295e-05,0.0012606624513864517,0.001291053369641304,2.5581568479537964e-05,0.0008815955370664597,0.0004609879106283188
316,forward,0.012444304302334785,3.0471011996269226e-05,0.023484647274017334,0.023515118286013603,9.968318045139313e-05,0.0,0.0
316,backward,0.011168748140335083,1.695007085800171e-05,0.06977061741054058,0.06978756748139858,8.926168084144592e-05,0.0,0.0
316,optimizer,0.0012356303632259369,3.15885990858078e-05,0.0012614019215106964,0.0012929905205965042,2.4670735001564026e-05,0.0004972293972969055,0.0004665963351726532
317,forward,0.012455184012651443,2.897903323173523e-05,0.023427428677678108,0.023456407710909843,8.133985102176666e-05,0.0,0.0
317,backward,0.011114401742815971,1.5098601579666138e-05,0.06976034492254257,0.06977544352412224,8.735060691833496e-05,0.0,0.0
317,optimizer,0.0012348312884569168,2.904050052165985e-05,0.0012624002993106842,0.001291440799832344,2.3692846298217773e-05,0.00048744678497314453,0.00046478770673274994
318,forward,0.012638883665204048,2.9150396585464478e-05,0.023218855261802673,0.023248005658388138,8.389167487621307e-05,0.0,0.0
318,backward,0.011146850883960724,1.845136284828186e-05,0.0700891986489296,0.07010765001177788,8.717365562915802e-05,0.0,0.0
318,optimizer,0.0012541413307189941,3.077089786529541e-05,0.0012602992355823517,0.001291070133447647,2.608075737953186e-05,0.0007733721286058426,0.00045960769057273865
319,forward,0.012388519942760468,2.9379501938819885e-05,0.023537369444966316,0.023566748946905136,8.428283035755157e-05,0.0,0.0
319,backward,0.011139700189232826,1.5409663319587708e-05,0.06961243227124214,0.06962784193456173,8.628889918327332e-05,0.0,0.0
319,optimizer,0.0012214295566082,2.7960166335105896e-05,0.0012532714754343033,0.0012812316417694092,2.5430694222450256e-05,0.0004904083907604218,0.00046907737851142883
320,forward,0.012285849079489708,3.160163760185242e-05,0.0236061904579401,0.023637792095541954,8.485279977321625e-05,0.0,0.0
320,backward,0.011093297973275185,1.6247853636741638e-05,0.07001969031989574,0.07003593817353249,9.182281792163849e-05,0.0,0.0
320,optimizer,0.0012295432388782501,2.601929008960724e-05,0.0012649595737457275,0.0012909788638353348,2.2852793335914612e-05,0.0007888562977313995,0.00046024098992347717
321,forward,0.012402789667248726,2.8731301426887512e-05,0.023523852229118347,0.023552583530545235,8.538365364074707e-05,0.0,0.0
321,backward,0.011172020807862282,1.583993434906006e-05,0.06965752318501472,0.06967336311936378,8.697248995304108e-05,0.0,0.0
321,optimizer,0.001245301216840744,2.8330832719802856e-05,0.0012584514915943146,0.0012867823243141174,2.4612993001937866e-05,0.0004897564649581909,0.00046082958579063416
322,forward,0.012383688241243362,4.044920206069946e-05,0.023504260927438736,0.023544710129499435,8.414126932621002e-05,0.0,0.0
322,backward,0.011166278272867203,2.1891668438911438e-05,0.06978685781359673,0.06980874948203564,8.243881165981293e-05,0.0,0.0
322,optimizer,0.001239614561200142,2.9599294066429138e-05,0.0012663397938013077,0.0012959390878677368,2.499110996723175e-05,0.0004920195788145065,0.00046022795140743256
323,forward,0.01274830475449562,2.8731301426887512e-05,0.023148683831095695,0.023177415132522583,8.509121835231781e-05,0.0,0.0
323,backward,0.011157818138599396,1.6439706087112427e-05,0.0701496247202158,0.07016606442630291,9.033270180225372e-05,0.0,0.0
323,optimizer,0.0015939902514219284,5.6821852922439575e-05,0.0012303292751312256,0.0012871511280536652,2.3599714040756226e-05,0.0009528361260890961,0.000473828986287117
324,forward,0.013029089197516441,3.088079392910004e-05,0.022898931056261063,0.022929811850190163,8.307956159114838e-05,0.0,0.0
324,backward,0.011319700628519058,1.5638768672943115e-05,0.06952895224094391,0.06954459100961685,8.590146899223328e-05,0.0,0.0
324,optimizer,0.0012149102985858917,3.0471011996269226e-05,0.0012582410126924515,0.0012887120246887207,2.4022534489631653e-05,0.0004886090755462646,0.00045883655548095703
325,forward,0.012435363605618477,2.8891488909721375e-05,0.023434437811374664,0.023463329300284386,8.068233728408813e-05,0.0,0.0
325,backward,0.011225363239645958,1.5018507838249207e-05,0.06980031542479992,0.06981533393263817,8.680112659931183e-05,0.0,0.0
325,optimizer,0.001176539808511734,2.973899245262146e-05,0.001259632408618927,0.0012893714010715485,2.490915358066559e-05,0.0010083094239234924,0.000459328293800354
326,forward,0.01239733211696148,2.985261380672455e-05,0.023502686992287636,0.02353253960609436,8.377991616725922e-05,0.0,0.0
326,backward,0.011210553348064423,1.4808028936386108e-05,0.06992855854332447,0.06994336657226086,8.590146899223328e-05,0.0,0.0
326,optimizer,0.001188838854432106,2.8438866138458252e-05,0.0012633726000785828,0.001291811466217041,2.539902925491333e-05,0.0008173920214176178,0.0004629269242286682
327,forward,0.012387029826641083,2.8992071747779846e-05,0.02353264018893242,0.0235616322606802,8.488260209560394e-05,0.0,0.0
327,backward,0.011182241141796112,1.670047640800476e-05,0.06968522258102894,0.06970192305743694,8.98502767086029e-05,0.0,0.0
327,optimizer,0.0011720247566699982,3.024749457836151e-05,0.0012593399733304977,0.0012895874679088593,2.4080276489257812e-05,0.000484660267829895,0.0004518963396549225
328,forward,0.012436702847480774,3.107823431491852e-05,0.023489108309149742,0.02352018654346466,0.00011101365089416504,0.0,0.0
328,backward,0.01131356880068779,1.8961727619171143e-05,0.0696124155074358,0.06963137723505497,7.97715038061142e-05,0.0,0.0
328,optimizer,0.0011530295014381409,2.736225724220276e-05,0.0012606624513864517,0.0012880247086286545,2.4490058422088623e-05,0.0004970002919435501,0.00044109858572483063
329,forward,0.01252194307744503,3.1189993023872375e-05,0.023410718888044357,0.02344190888106823,8.023902773857117e-05,0.0,0.0
329,backward,0.011298839002847672,1.870095729827881e-05,0.06956649385392666,0.06958519481122494,9.262003004550934e-05,0.0,0.0
329,optimizer,0.0011519193649291992,2.664700150489807e-05,0.0012590624392032623,0.0012857094407081604,2.4188309907913208e-05,0.0004897993057966232,0.00043485499918460846
330,forward,0.012554313987493515,3.193318843841553e-05,0.02337895706295967,0.023410890251398087,7.921084761619568e-05,0.0,0.0
330,backward,0.011304104700684547,1.9161030650138855e-05,0.0697866827249527,0.06980584375560284,8.162111043930054e-05,0.0,0.0
330,optimizer,0.001201758161187172,2.865120768547058e-05,0.00125914067029953,0.0012877918779850006,2.775155007839203e-05,0.0004971977323293686,0.00044025853276252747
331,forward,0.01265527494251728,2.962350845336914e-05,0.02331453561782837,0.02334415912628174,8.123181760311127e-05,0.0,0.0
331,backward,0.011364072561264038,1.619197428226471e-05,0.06944360956549644,0.06945980153977871,8.148327469825745e-05,0.0,0.0
331,optimizer,0.0011665094643831253,2.9360875487327576e-05,0.001257721334695816,0.0012870822101831436,2.387911081314087e-05,0.0004885867238044739,0.0004401281476020813
332,forward,0.012387711554765701,3.167986869812012e-05,0.023531930521130562,0.023563610389828682,8.017942309379578e-05,0.0,0.0
332,backward,0.011278362944722176,2.4460256099700928e-05,0.06990815699100494,0.06993261724710464,8.124299347400665e-05,0.0,0.0
332,optimizer,0.0011445991694927216,3.085099160671234e-05,0.001269850879907608,0.0013007018715143204,2.387911081314087e-05,0.0008126534521579742,0.00043394602835178375
333,forward,0.012307746335864067,3.141909837722778e-05,0.023586353287100792,0.02361777238547802,8.424557745456696e-05,0.0,0.0
333,backward,0.011172130703926086,1.603923738002777e-05,0.06970668584108353,0.06972272507846355,8.650124073028564e-05,0.0,0.0
333,optimizer,0.0011622309684753418,2.6671215891838074e-05,0.0012619607150554657,0.0012886319309473038,2.4069100618362427e-05,0.0004895776510238647,0.00046529993414878845
334,forward,0.012392409145832062,2.9139220714569092e-05,0.023479778319597244,0.023508917540311813,8.346326649188995e-05,0.0,0.0
334,backward,0.011359931901097298,1.598149538040161e-05,0.06985386833548546,0.06986984983086586,8.731149137020111e-05,0.0,0.0
334,optimizer,0.0012290794402360916,2.5680288672447205e-05,0.0012588724493980408,0.001284552738070488,2.5372952222824097e-05,0.0009077433496713638,0.00047158077359199524
335,forward,0.012421481311321259,2.847239375114441e-05,0.023519249632954597,0.023547722026705742,8.065998554229736e-05,0.0,0.0
335,backward,0.011552523821592331,1.746043562889099e-05,0.06923231855034828,0.06924977898597717,7.933191955089569e-05,0.0,0.0
335,optimizer,0.0012189000844955444,2.9880553483963013e-05,0.001264100894331932,0.001293981447815895,2.7451664209365845e-05,0.0004898477345705032,0.00044427625834941864
336,forward,0.012471770867705345,3.197230398654938e-05,0.023422379046678543,0.023454351350665092,8.029118180274963e-05,0.0,0.0
336,backward,0.0113133005797863,1.563131809234619e-05,0.06975969672203064,0.06977532804012299,7.97715038061142e-05,0.0,0.0
336,optimizer,0.0011500213295221329,3.1989067792892456e-05,0.001256600022315979,0.0012885890901088715,2.4050474166870117e-05,0.0008133333176374435,0.0004399064928293228
337,forward,0.012493541464209557,3.0739232897758484e-05,0.0234625693410635,0.023493308573961258,8.665211498737335e-05,0.0,0.0
337,backward,0.011437874287366867,1.9647181034088135e-05,0.06934823840856552,0.06936788558959961,8.156895637512207e-05,0.0,0.0
337,optimizer,0.0012097712606191635,2.9241666197776794e-05,0.0012686606496572495,0.0012979023158550262,2.5721266865730286e-05,0.0005038585513830185,0.00043584778904914856
338,forward,0.01280633732676506,3.10409814119339e-05,0.02311854250729084,0.023149583488702774,8.572451770305634e-05,0.0,0.0
338,backward,0.011251520365476608,2.1049752831459045e-05,0.06984398700296879,0.06986503675580025,8.195266127586365e-05,0.0,0.0
338,optimizer,0.001134481281042099,2.8910115361213684e-05,0.0012653414160013199,0.0012942515313625336,2.4110078811645508e-05,0.0009938161820173264,0.00043774768710136414
339,forward,0.012392017990350723,2.956204116344452e-05,0.023520180955529213,0.023549742996692657,8.168444037437439e-05,0.0,0.0
339,backward,0.011303601786494255,1.6802921891212463e-05,0.06954350136220455,0.06956030428409576,8.170120418071747e-05,0.0,0.0
339,optimizer,0.0013318508863449097,3.0251219868659973e-05,0.0012588724493980408,0.0012891236692667007,2.6308000087738037e-05,0.0004968959838151932,0.00044788047671318054
340,forward,0.012355191633105278,3.2959505915641785e-05,0.023542139679193497,0.02357509918510914,8.425116539001465e-05,0.0,0.0
340,backward,0.011107739061117172,1.4510005712509155e-05,0.06981301680207253,0.06982752680778503,8.770078420639038e-05,0.0,0.0
340,optimizer,0.0012265294790267944,2.5549903512001038e-05,0.0012608449906110764,0.0012863948941230774,2.760067582130432e-05,0.0004906877875328064,0.0004666280001401901
341,forward,0.012360692024230957,2.822279930114746e-05,0.023522749543190002,0.02355097234249115,8.390285074710846e-05,0.0,0.0
341,backward,0.011175010353326797,1.6799196600914e-05,0.06969176605343819,0.0697085652500391,8.800067007541656e-05,0.0,0.0
341,optimizer,0.0012337323278188705,2.690032124519348e-05,0.0012658387422561646,0.001292739063501358,2.3359432816505432e-05,0.0004838891327381134,0.00045940838754177094
342,forward,0.012483462691307068,2.855062484741211e-05,0.023407747969031334,0.023436298593878746,7.915869355201721e-05,0.0,0.0
342,backward,0.011211678385734558,1.744180917739868e-05,0.0699644684791565,0.06998191028833389,7.793307304382324e-05,0.0,0.0
342,optimizer,0.0012105908244848251,2.9090791940689087e-05,0.0012646019458770752,0.0012936927378177643,2.4810433387756348e-05,0.0008845757693052292,0.0004349891096353531
343,forward,0.012557005509734154,3.062933683395386e-05,0.023408295586705208,0.02343892492353916,7.917173206806183e-05,0.0,0.0
343,backward,0.011249301955103874,1.80806964635849e-05,0.06958574242889881,0.0696038231253624,7.903203368186951e-05,0.0,0.0
343,optimizer,0.001441512256860733,4.657171666622162e-05,0.0012289714068174362,0.0012755431234836578,2.6009976863861084e-05,0.0004971195012331009,0.0004406645894050598
344,forward,0.012742556631565094,3.3060088753700256e-05,0.023353947326540947,0.023387007415294647,7.938221096992493e-05,0.0,0.0
344,backward,0.011630147695541382,1.5439465641975403e-05,0.06929321773350239,0.06930865719914436,8.069165050983429e-05,0.0,0.0
344,optimizer,0.0012109186500310898,2.7759000658988953e-05,0.0012553129345178604,0.0012830719351768494,2.606026828289032e-05,0.00049559585750103,0.00043800659477710724
345,forward,0.012443743646144867,3.0491501092910767e-05,0.023479366675019264,0.023509858176112175,8.002296090126038e-05,0.0,0.0
345,backward,0.01124642975628376,1.7911195755004883e-05,0.0700303502380848,0.0700482614338398,7.845088839530945e-05,0.0,0.0
345,optimizer,0.0012585334479808807,2.884119749069214e-05,0.0012604817748069763,0.0012893229722976685,2.9491260647773743e-05,0.0008874759078025818,0.0004375874996185303
346,forward,0.01250545121729374,2.9928982257843018e-05,0.023434080183506012,0.023464009165763855,8.290261030197144e-05,0.0,0.0
346,backward,0.011236550286412239,1.622922718524933e-05,0.06955447234213352,0.06957070156931877,8.14441591501236e-05,0.0,0.0
346,optimizer,0.001206839457154274,3.085285425186157e-05,0.0012600123882293701,0.0012908652424812317,2.4858862161636353e-05,0.0005466975271701813,0.0004519205540418625
347,forward,0.012407680973410606,3.16128134727478e-05,0.02351820096373558,0.023549813777208328,8.3141028881073e-05,0.0,0.0
347,backward,0.011095656082034111,1.4839693903923035e-05,0.07007055170834064,0.07008539140224457,8.585862815380096e-05,0.0,0.0
347,optimizer,0.0012245532125234604,2.9928982257843018e-05,0.0012670103460550308,0.0012969393283128738,2.3579224944114685e-05,0.0008238647133111954,0.00046123750507831573
348,forward,0.01236221008002758,2.9210001230239868e-05,0.023510240018367767,0.023539450019598007,8.231960237026215e-05,0.0,0.0
348,backward,0.011111779138445854,1.7469748854637146e-05,0.06986265815794468,0.06988012790679932,9.033083915710449e-05,0.0,0.0
348,optimizer,0.0012315306812524796,2.656690776348114e-05,0.0012631602585315704,0.0012897271662950516,2.403929829597473e-05,0.0006937626749277115,0.00045780837535858154
349,forward,0.012534113600850105,3.001093864440918e-05,0.023362386971712112,0.02339239791035652,7.869116961956024e-05,0.0,0.0
349,backward,0.011217039078474045,1.9047409296035767e-05,0.07005218043923378,0.07007122784852982,8.026324212551117e-05,0.0,0.0
349,optimizer,0.0012337025254964828,2.584792673587799e-05,0.0012624319642782211,0.0012882798910140991,2.5779008865356445e-05,0.0008167941123247147,0.0004388876259326935
350,forward,0.012543139979243279,3.203190863132477e-05,0.023371819406747818,0.023403851315379143,8.380971848964691e-05,0.0,0.0
350,backward,0.01128484308719635,1.630745828151703e-05,0.06951405107975006,0.06953035853803158,8.387118577957153e-05,0.0,0.0
350,optimizer,0.0012116804718971252,2.6289373636245728e-05,0.0012637004256248474,0.0012899897992610931,2.6706606149673462e-05,0.0004977770149707794,0.00044756755232810974
351,forward,0.01248028501868248,3.0819326639175415e-05,0.023494498804211617,0.023525318130850792,7.802993059158325e-05,0.0,0.0
351,backward,0.011217841878533363,1.8268823623657227e-05,0.06984088756144047,0.06985915638506413,8.019246160984039e-05,0.0,0.0
351,optimizer,0.0012683887034654617,2.8852373361587524e-05,0.0012563429772853851,0.0012851953506469727,2.4452805519104004e-05,0.0008190236985683441,0.0004351157695055008
352,forward,0.0124885905534029,2.927146852016449e-05,0.02342802844941616,0.023457299917936325,7.99223780632019e-05,0.0,0.0
352,backward,0.011254662647843361,1.9568949937820435e-05,0.06990690715610981,0.06992647610604763,8.093193173408508e-05,0.0,0.0
352,optimizer,0.001216677948832512,2.732314169406891e-05,0.001259373500943184,0.0012866966426372528,2.6321038603782654e-05,0.0004982110112905502,0.0004334263503551483
353,forward,0.012812938541173935,2.9260292649269104e-05,0.023151732981204987,0.023180993273854256,7.933191955089569e-05,0.0,0.0
353,backward,0.011189309880137444,1.7900019884109497e-05,0.06958040222525597,0.06959830224514008,7.753260433673859e-05,0.0,0.0
353,optimizer,0.0012384410947561264,2.891942858695984e-05,0.0012602712959051132,0.001289190724492073,2.8388574719429016e-05,0.0004907194525003433,0.00043975748121738434
354,forward,0.012357430532574654,3.134831786155701e-05,0.023539289832115173,0.02357063814997673,8.597224950790405e-05,0.0,0.0
354,backward,0.011102167889475822,1.4550983905792236e-05,0.07009318098425865,0.07010773196816444,8.806213736534119e-05,0.0,0.0
354,optimizer,0.0012198705226182938,2.9159709811210632e-05,0.0012629013508558273,0.001292061060667038,2.5840476155281067e-05,0.0008859150111675262,0.0004651173949241638
355,forward,0.012501399964094162,3.001093864440918e-05,0.023426689207553864,0.023456700146198273,8.760020136833191e-05,0.0,0.0
355,backward,0.011139467358589172,1.5269964933395386e-05,0.06964140385389328,0.06965667381882668,8.752010762691498e-05,0.0,0.0
355,optimizer,0.0012358427047729492,3.0199065804481506e-05,0.0012581497430801392,0.0012883488088846207,2.496875822544098e-05,0.0004904158413410187,0.0004616677761077881
356,forward,0.012758467346429825,2.9440969228744507e-05,0.023199453949928284,0.023228894919157028,7.995963096618652e-05,0.0,0.0
356,backward,0.011295890435576439,2.020038664340973e-05,0.06984209828078747,0.06986229866743088,7.921271026134491e-05,0.0,0.0
356,optimizer,0.001225469633936882,2.7710571885108948e-05,0.001257551833987236,0.001285262405872345,2.506934106349945e-05,0.0005763266235589981,0.0005076900124549866
357,forward,0.01257573626935482,3.0701979994773865e-05,0.023380646482110023,0.023411348462104797,7.819011807441711e-05,0.0,0.0
357,backward,0.011253591626882553,1.9712373614311218e-05,0.06955892406404018,0.0695786364376545,8.135847747325897e-05,0.0,0.0
357,optimizer,0.001217098906636238,2.741999924182892e-05,0.0012582410126924515,0.0012856610119342804,2.715177834033966e-05,0.00048247911036014557,0.0004320070147514343
358,forward,0.012678224593400955,2.960115671157837e-05,0.02321789413690567,0.02324749529361725,8.18111002445221e-05,0.0,0.0
358,backward,0.011243952438235283,1.594051718711853e-05,0.06983993761241436,0.06985587812960148,8.149072527885437e-05,0.0,0.0
358,optimizer,0.0013230238109827042,2.9319897294044495e-05,0.001263270154595375,0.0012925900518894196,2.4881213903427124e-05,0.0008985251188278198,0.00044511817395687103
359,forward,0.012678733095526695,3.167055547237396e-05,0.023224735632538795,0.02325640618801117,7.957965135574341e-05,0.0,0.0
359,backward,0.011312523856759071,1.4958903193473816e-05,0.0697744358330965,0.06978939473628998,7.988326251506805e-05,0.0,0.0
359,optimizer,0.0012131929397583008,2.9638409614562988e-05,0.0012581907212734222,0.0012878291308879852,2.6749446988105774e-05,0.0005026981234550476,0.00043548643589019775
360,forward,0.012542219832539558,3.058090806007385e-05,0.023371059447526932,0.023401640355587006,8.00304114818573e-05,0.0,0.0
360,backward,0.011201128363609314,1.7240643501281738e-05,0.06983622722327709,0.06985346786677837,8.13119113445282e-05,0.0,0.0
360,optimizer,0.0012094303965568542,2.9459595680236816e-05,0.0012583304196596146,0.0012877900153398514,2.446770668029785e-05,0.0009316559880971909,0.0004358682781457901
361,forward,0.012312609702348709,3.180094063282013e-05,0.023579031229019165,0.023610832169651985,8.429214358329773e-05,0.0,0.0
361,backward,0.011051850393414497,1.691095530986786e-05,0.07004084065556526,0.07005775161087513,8.703209459781647e-05,0.0,0.0
361,optimizer,0.001234034076333046,2.7468428015708923e-05,0.0012546610087156296,0.0012821294367313385,2.6520341634750366e-05,0.0004899874329566956,0.0004647672176361084
362,forward,0.012398328632116318,2.8932467103004456e-05,0.02348696067929268,0.023515893146395683,8.484162390232086e-05,0.0,0.0
362,backward,0.01115281879901886,1.492910087108612e-05,0.06975597515702248,0.06977090425789356,8.97720456123352e-05,0.0,0.0
362,optimizer,0.0012437980622053146,2.9241666197776794e-05,0.0012611523270606995,0.0012903939932584763,2.607889473438263e-05,0.0004966352134943008,0.0004679746925830841
363,forward,0.01252773217856884,3.168173134326935e-05,0.0233463067561388,0.02337798848748207,8.242204785346985e-05,0.0,0.0
363,backward,0.011232350021600723,1.6048550605773926e-05,0.06981853768229485,0.06983458623290062,0.00010271184146404266,0.0,0.0
363,optimizer,0.001420753076672554,4.482083022594452e-05,0.0012239906936883926,0.0012688115239143372,2.8908252716064453e-05,0.0004928484559059143,0.0004945769906044006
364,forward,0.01348021999001503,2.9392540454864502e-05,0.022511253133416176,0.02254064567387104,9.057112038135529e-05,0.0,0.0
364,backward,0.011368075385689735,1.8419697880744934e-05,0.06966466456651688,0.06968308426439762,7.960014045238495e-05,0.0,0.0
364,optimizer,0.0012087002396583557,2.75392085313797e-05,0.0012605320662260056,0.0012880712747573853,2.3359432816505432e-05,0.000855395570397377,0.0004426185041666031
365,forward,0.012494636699557304,3.024190664291382e-05,0.02340671606361866,0.023436957970261574,7.981061935424805e-05,0.0,0.0
365,backward,0.011212293058633804,2.0639970898628235e-05,0.06992545910179615,0.06994609907269478,8.001923561096191e-05,0.0,0.0
365,optimizer,0.001206960529088974,2.9418617486953735e-05,0.0012649931013584137,0.0012944117188453674,4.511885344982147e-05,0.0005102213472127914,0.00043841637670993805
366,forward,0.012593545019626617,3.0860304832458496e-05,0.02334262803196907,0.02337348833680153,8.083321154117584e-05,0.0,0.0
366,backward,0.011272331699728966,1.5720725059509277e-05,0.0698120966553688,0.06982781738042831,8.107908070087433e-05,0.0,0.0
366,optimizer,0.001206427812576294,2.567097544670105e-05,0.0012621432542800903,0.0012878142297267914,2.6181340217590332e-05,0.003437688574194908,0.00044720619916915894
367,forward,0.012473030015826225,3.33394855260849e-05,0.02347239851951599,0.023505738005042076,7.933191955089569e-05,0.0,0.0
367,backward,0.011180609464645386,1.7520040273666382e-05,0.06960679404437542,0.06962431408464909,7.795169949531555e-05,0.0,0.0
367,optimizer,0.0012181494385004044,2.8749927878379822e-05,0.0012647919356822968,0.0012935418635606766,2.465955913066864e-05,0.0007745344191789627,0.0004608277231454849
368,forward,0.012397432699799538,3.087148070335388e-05,0.023509029299020767,0.02353990077972412,8.489936590194702e-05,0.0,0.0
368,backward,0.011123692616820335,1.621060073375702e-05,0.06996096670627594,0.0699771773070097,8.689239621162415e-05,0.0,0.0
368,optimizer,0.0012396220117807388,2.693943679332733e-05,0.0012649111449718475,0.0012918505817651749,2.9848888516426086e-05,0.000494370236992836,0.00046588853001594543
369,forward,0.012409502640366554,2.9472634196281433e-05,0.023497579619288445,0.023527052253484726,8.799135684967041e-05,0.0,0.0
369,backward,0.01121545024216175,1.4569610357284546e-05,0.06981127709150314,0.06982584670186043,8.965097367763519e-05,0.0,0.0
369,optimizer,0.0011719223111867905,2.6570633053779602e-05,0.0012561790645122528,0.0012827496975660324,2.4490058422088623e-05,0.000864613801240921,0.00047726742923259735
370,forward,0.012579960748553276,3.127194941043854e-05,0.02335015870630741,0.02338143065571785,7.764436304569244e-05,0.0,0.0
370,backward,0.011318081989884377,1.6652047634124756e-05,0.06942355073988438,0.0694402027875185,7.874332368373871e-05,0.0,0.0
370,optimizer,0.001162080094218254,3.0100345611572266e-05,0.0012621022760868073,0.0012922026216983795,2.5520101189613342e-05,0.0004995688796043396,0.00043235719203948975
371,forward,0.012504102662205696,3.1070783734321594e-05,0.023416368290781975,0.023447439074516296,8.118525147438049e-05,0.0,0.0
371,backward,0.01134091429412365,1.7311424016952515e-05,0.06994086690247059,0.06995817832648754,8.040294051170349e-05,0.0,0.0
371,optimizer,0.0011580884456634521,2.8891488909721375e-05,0.0012693218886852264,0.0012982133775949478,2.5900080800056458e-05,0.000824272632598877,0.0004399660974740982
372,forward,0.012633375823497772,2.985261380672455e-05,0.02334713563323021,0.023376988247036934,7.989071309566498e-05,0.0,0.0
372,backward,0.011188279837369919,1.622922718524933e-05,0.06966794468462467,0.06968417391180992,8.073262870311737e-05,0.0,0.0
372,optimizer,0.0012170877307653427,2.896040678024292e-05,0.0012635048478841782,0.001292465254664421,2.385862171649933e-05,0.0004994608461856842,0.00046850740909576416
373,forward,0.012558823451399803,3.040023148059845e-05,0.02336876653134823,0.023399166762828827,7.857196033000946e-05,0.0,0.0
373,backward,0.011213783174753189,1.6072764992713928e-05,0.06968334317207336,0.06969941593706608,8.328258991241455e-05,0.0,0.0
373,optimizer,0.0012780390679836273,2.8191134333610535e-05,0.00125955231487751,0.0012877434492111206,2.7360394597053528e-05,0.0004916004836559296,0.0004546288400888443
374,forward,0.01264040544629097,3.1191855669021606e-05,0.023292984813451767,0.02332417666912079,7.931143045425415e-05,0.0,0.0
374,backward,0.011262917891144753,1.6160309314727783e-05,0.07000644132494926,0.07002260163426399,7.970258593559265e-05,0.0,0.0
374,optimizer,0.0011499803513288498,2.9552727937698364e-05,0.001259680837392807,0.0012892335653305054,2.3499131202697754e-05,0.0007933750748634338,0.00043664872646331787
375,forward,0.01265326514840126,2.933107316493988e-05,0.023319244384765625,0.023348575457930565,7.634237408638e-05,0.0,0.0
375,backward,0.01122530922293663,1.5908852219581604e-05,0.06966458447277546,0.06968049332499504,8.686259388923645e-05,0.0,0.0
375,optimizer,0.0011727064847946167,2.7719885110855103e-05,0.0012566819787025452,0.0012844018638134003,2.3642554879188538e-05,0.0004895403981208801,0.0004621557891368866
376,forward,0.012413371354341507,3.0279159545898438e-05,0.02345442771911621,0.02348470687866211,8.326210081577301e-05,0.0,0.0
376,backward,0.011149339377880096,1.664087176322937e-05,0.06989668123424053,0.06991332210600376,8.756853640079498e-05,0.0,0.0
376,optimizer,0.0011658165603876114,2.7392059564590454e-05,0.0012646429240703583,0.0012920349836349487,2.5328248739242554e-05,0.0008005052804946899,0.0004628896713256836
377,forward,0.012737397104501724,2.973899245262146e-05,0.023151103407144547,0.023180842399597168,8.890964090824127e-05,0.0,0.0
377,backward,0.011368945240974426,1.777149736881256e-05,0.06970261223614216,0.06972038373351097,8.07642936706543e-05,0.0,0.0
377,optimizer,0.0011518634855747223,2.7801841497421265e-05,0.0012586191296577454,0.0012864209711551666,2.6209279894828796e-05,0.0005064606666564941,0.0004569981247186661
378,forward,0.012801297008991241,3.159046173095703e-05,0.023102981969714165,0.023134572431445122,7.99521803855896e-05,0.0,0.0
378,backward,0.011233562603592873,1.484900712966919e-05,0.06958860158920288,0.06960345059633255,7.982179522514343e-05,0.0,0.0
378,optimizer,0.00116020068526268,2.9958784580230713e-05,0.0012586209923028946,0.0012885797768831253,2.619996666908264e-05,0.0004898607730865479,0.00043168850243091583
379,forward,0.012523550540208817,2.9901042580604553e-05,0.023436589166522026,0.02346649020910263,7.985159754753113e-05,0.0,0.0
379,backward,0.011254923418164253,1.775287091732025e-05,0.06990642845630646,0.06992418132722378,8.175894618034363e-05,0.0,0.0
379,optimizer,0.0011531822383403778,2.9480084776878357e-05,0.0012656096369028091,0.0012950897216796875,2.573244273662567e-05,0.0004917383193969727,0.00046899542212486267
380,forward,0.012464800849556923,2.9752030968666077e-05,0.023464979603886604,0.02349473163485527,8.12038779258728e-05,0.0,0.0
380,backward,0.011489294469356537,1.845322549343109e-05,0.06938190013170242,0.06940035335719585,7.875263690948486e-05,0.0,0.0
380,optimizer,0.0012086313217878342,3.0469149351119995e-05,0.0012591015547513962,0.0012895707041025162,2.5579705834388733e-05,0.0004977472126483917,0.00048012658953666687
381,forward,0.01275896467268467,3.0100345611572266e-05,0.023185575380921364,0.023215675726532936,8.151307702064514e-05,0.0,0.0
381,backward,0.011184927076101303,1.5409663319587708e-05,0.06991792097687721,0.0699333306401968,9.311176836490631e-05,0.0,0.0
381,optimizer,0.001202549785375595,3.040209412574768e-05,0.0012663323432207108,0.0012967344373464584,2.789124846458435e-05,0.000492459163069725,0.00044590793550014496
382,forward,0.012276459485292435,3.239139914512634e-05,0.023633800446987152,0.02366619184613228,8.274056017398834e-05,0.0,0.0
382,backward,0.011061731725931168,1.3882294297218323e-05,0.06979142501950264,0.06980530731379986,8.925050497055054e-05,0.0,0.0
382,optimizer,0.001227051019668579,2.705305814743042e-05,0.0012630503624677658,0.0012901034206151962,2.4458393454551697e-05,0.0004972685128450394,0.0004742871969938278
383,forward,0.012383300811052322,2.9781833291053772e-05,0.023515479639172554,0.023545261472463608,8.27498733997345e-05,0.0,0.0
383,backward,0.011147931218147278,1.6881152987480164e-05,0.07006735168397427,0.07008423283696175,9.386055171489716e-05,0.0,0.0
383,optimizer,0.0013362932950258255,5.411170423030853e-05,0.0012479592114686966,0.0013020709156990051,9.448081254959106e-05,0.0005197580903768539,0.00048317573964595795
384,forward,0.012578440830111504,2.8403475880622864e-05,0.023426230996847153,0.023454634472727776,8.741021156311035e-05,0.0,0.0
384,backward,0.011367382481694221,2.068839967250824e-05,0.06948916986584663,0.06950985826551914,8.053146302700043e-05,0.0,0.0
384,optimizer,0.0011483021080493927,3.106705844402313e-05,0.0012616701424121857,0.0012927372008562088,2.612173557281494e-05,0.000502418726682663,0.0004466194659471512
385,forward,0.012518731877207756,2.9500573873519897e-05,0.02340538799762726,0.023434888571500778,7.894076406955719e-05,0.0,0.0
385,backward,0.011226901784539223,1.8341466784477234e-05,0.06997906044125557,0.06999740190804005,7.181987166404724e-05,0.0,0.0
385,optimizer,0.0012499205768108368,2.641044557094574e-05,0.0012527313083410263,0.001279141753911972,2.7127563953399658e-05,0.001514136791229248,0.00044803693890571594
386,forward,0.012490890920162201,3.147125244140625e-05,0.023455698043107986,0.023487169295549393,7.839314639568329e-05,0.0,0.0
386,backward,0.011197850108146667,1.6801059246063232e-05,0.06958993151783943,0.0696067325770855,7.930025458335876e-05,0.0,0.0
386,optimizer,0.0012055300176143646,2.5199726223945618e-05,0.0012642517685890198,0.0012894514948129654,2.6380643248558044e-05,0.00048379600048065186,0.0004361271858215332
387,forward,0.012516362592577934,2.8770416975021362e-05,0.023416457697749138,0.02344522811472416,7.987022399902344e-05,0.0,0.0
387,backward,0.011252341791987419,1.7229467630386353e-05,0.06976211629807949,0.06977934576570988,8.125975728034973e-05,0.0,0.0
387,optimizer,0.0012154914438724518,2.7351081371307373e-05,0.0012592319399118423,0.0012865830212831497,2.5000423192977905e-05,0.0009451955556869507,0.00043555721640586853
388,forward,0.012807566672563553,2.972222864627838e-05,0.0230916328728199,0.02312135510146618,7.965043187141418e-05,0.0,0.0
388,backward,0.011264806613326073,1.7099082469940186e-05,0.06984181515872478,0.06985891424119473,7.864832878112793e-05,0.0,0.0
388,optimizer,0.0011544786393642426,3.3449381589889526e-05,0.0012640319764614105,0.0012974813580513,2.8120353817939758e-05,0.000499039888381958,0.000432625412940979
389,forward,0.012379080057144165,3.0182301998138428e-05,0.023540670052170753,0.023570852354168892,8.853152394294739e-05,0.0,0.0
389,backward,0.011196153238415718,1.561082899570465e-05,0.06961002200841904,0.06962563283741474,8.766166865825653e-05,0.0,0.0
389,optimizer,0.0012001320719718933,2.8146430850028992e-05,0.0012635402381420135,0.0012916866689920425,2.6231631636619568e-05,0.0004916191101074219,0.00046907924115657806
390,forward,0.012386059388518333,2.9360875487327576e-05,0.02350332960486412,0.023532690480351448,8.132122457027435e-05,0.0,0.0
390,backward,0.011167308315634727,1.665949821472168e-05,0.06986893713474274,0.06988559663295746,9.06921923160553e-05,0.0,0.0
390,optimizer,0.0011653322726488113,2.794899046421051e-05,0.0012527089565992355,0.001280657947063446,2.3990869522094727e-05,0.0008014030754566193,0.00046490877866744995
391,forward,0.012776168063282967,2.9880553483963013e-05,0.023132702335715294,0.023162582889199257,7.621012628078461e-05,0.0,0.0
391,backward,0.011303329840302467,1.6527250409126282e-05,0.06982608698308468,0.0698426142334938,7.867999374866486e-05,0.0,0.0
391,optimizer,0.0011397693306207657,2.8079375624656677e-05,0.001256389543414116,0.0012844689190387726,2.4052336812019348e-05,0.0008102338761091232,0.0004308149218559265
392,forward,0.012470761314034462,2.965889871120453e-05,0.023479677736759186,0.02350933663547039,7.921271026134491e-05,0.0,0.0
392,backward,0.011314790695905685,1.9120052456855774e-05,0.06954368390142918,0.06956280395388603,8.210167288780212e-05,0.0,0.0
392,optimizer,0.0012367423623800278,2.502836287021637e-05,0.0012417510151863098,0.0012667793780565262,2.495013177394867e-05,0.0004975572228431702,0.0004453975707292557
393,forward,0.012439200654625893,3.1093135476112366e-05,0.023452559486031532,0.023483652621507645,7.889978587627411e-05,0.0,0.0
393,backward,0.011271491646766663,1.9202008843421936e-05,0.0697203241288662,0.06973952613770962,8.189119398593903e-05,0.0,0.0
393,optimizer,0.001139998435974121,2.6999041438102722e-05,0.0012624002993106842,0.001289399340748787,2.3320317268371582e-05,0.0008021127432584763,0.00043962709605693817
394,forward,0.012791929766535759,3.14321368932724e-05,0.023147063329815865,0.023178495466709137,8.000247180461884e-05,0.0,0.0
394,backward,0.011397093534469604,1.6199424862861633e-05,0.06967534497380257,0.06969154439866543,8.119270205497742e-05,0.0,0.0
394,optimizer,0.0011499486863613129,2.6691704988479614e-05,0.0012629013508558273,0.001289593055844307,2.647005021572113e-05,0.0004968605935573578,0.0004395674914121628
395,forward,0.012446112930774689,3.15103679895401e-05,0.023442557081580162,0.023474067449569702,7.871165871620178e-05,0.0,0.0
395,backward,0.011297732591629028,1.587904989719391e-05,0.0696130245923996,0.06962890364229679,8.139200508594513e-05,0.0,0.0
395,optimizer,0.0012107323855161667,2.8949230909347534e-05,0.0012647490948438644,0.001293698325753212,2.5412067770957947e-05,0.0004903003573417664,0.00043767690658569336
396,forward,0.012414099648594856,3.207288682460785e-05,0.023544589057564735,0.023576661944389343,8.576922118663788e-05,0.0,0.0
396,backward,0.011158430948853493,1.7680227756500244e-05,0.06960257329046726,0.06962025351822376,8.413195610046387e-05,0.0,0.0
396,optimizer,0.0012340713292360306,3.0471011996269226e-05,0.001269349828362465,0.0012998208403587341,2.640858292579651e-05,0.0004920978099107742,0.00045501813292503357
397,forward,0.012364579364657402,2.896040678024292e-05,0.023561259731650352,0.023590220138430595,8.594244718551636e-05,0.0,0.0
397,backward,0.011137839406728745,1.374073326587677e-05,0.06992891058325768,0.06994265131652355,8.464045822620392e-05,0.0,0.0
397,optimizer,0.0012444127351045609,3.0260533094406128e-05,0.0012568514794111252,0.0012871120125055313,2.5700777769088745e-05,0.0009492263197898865,0.0004647988826036453
398,forward,0.012449152767658234,2.976134419441223e-05,0.02352948859333992,0.023559249937534332,7.850117981433868e-05,0.0,0.0
398,backward,0.01118464209139347,1.737847924232483e-05,0.06963339447975159,0.06965077295899391,8.079223334789276e-05,0.0,0.0
398,optimizer,0.0012156795710325241,2.8792768716812134e-05,0.0012563429772853851,0.0012851357460021973,2.3929402232170105e-05,0.000488579273223877,0.00044174864888191223
399,forward,0.012351376935839653,3.1789764761924744e-05,0.0236122515052557,0.023644041270017624,7.785297930240631e-05,0.0,0.0
399,backward,0.011182507500052452,1.6909092664718628e-05,0.06996636092662811,0.06998327001929283,7.943250238895416e-05,0.0,0.0
399,optimizer,0.0012184474617242813,2.876855432987213e-05,0.00126754492521286,0.0012963134795427322,2.444721758365631e-05,0.0008519161492586136,0.0004710182547569275
400,forward,0.012549692764878273,3.2670795917510986e-05,0.023393627256155014,0.023426298052072525,7.876195013523102e-05,0.0,0.0
400,backward,0.011184727773070335,1.8751248717308044e-05,0.06966910697519779,0.0696878582239151,7.879175245761871e-05,0.0,0.0
400,optimizer,0.0012142807245254517,2.8699636459350586e-05,0.001264011487364769,0.0012927111238241196,2.5840476155281067e-05,0.0004982687532901764,0.0004393085837364197
401,forward,0.012778719887137413,3.0059367418289185e-05,0.023158391937613487,0.023188451305031776,8.196011185646057e-05,0.0,0.0
401,backward,0.011225342750549316,1.700781285762787e-05,0.06965250335633755,0.06966951116919518,8.004903793334961e-05,0.0,0.0
401,optimizer,0.0012348182499408722,2.6300549507141113e-05,0.0012595932930707932,0.0012858938425779343,2.5680288672447205e-05,0.0004942473024129868,0.00044822879135608673
402,forward,0.012548942118883133,2.9940158128738403e-05,0.02334565669298172,0.02337559685111046,7.678009569644928e-05,0.0,0.0
402,backward,0.011189667508006096,1.7330050468444824e-05,0.07007411308586597,0.07009144313633442,7.997266948223114e-05,0.0,0.0
402,optimizer,0.001249898225069046,2.5698915123939514e-05,0.00125778466463089,0.0012834835797548294,2.4726614356040955e-05,0.0007752440869808197,0.00043721869587898254
403,forward,0.012283457443118095,3.135949373245239e-05,0.023587839677929878,0.02361919917166233,9.218230843544006e-05,0.0,0.0
403,backward,0.011121511459350586,1.6789883375167847e-05,0.06973901577293873,0.0697558056563139,8.901208639144897e-05,0.0,0.0
403,optimizer,0.0012503117322921753,2.451986074447632e-05,0.001251431182026863,0.0012759510427713394,2.473965287208557e-05,0.00048442743718624115,0.00046889856457710266
404,forward,0.012486239895224571,2.967938780784607e-05,0.023425448685884476,0.023455128073692322,8.608028292655945e-05,0.0,0.0
404,backward,0.011133270338177681,1.500733196735382e-05,0.06999725848436356,0.07001226581633091,8.458271622657776e-05,0.0,0.0
404,optimizer,0.0012343525886535645,2.7142465114593506e-05,0.0012578386813402176,0.001284981146454811,2.8330832719802856e-05,0.0004904679954051971,0.00046271830797195435
405,forward,0.01239880733191967,2.8800219297409058e-05,0.023494040593504906,0.023522840812802315,8.085183799266815e-05,0.0,0.0
405,backward,0.011173659935593605,1.6558915376663208e-05,0.06979402713477612,0.06981058605015278,8.102878928184509e-05,0.0,0.0
405,optimizer,0.0012065190821886063,2.8800219297409058e-05,0.0012592319399118423,0.0012880321592092514,2.5251880288124084e-05,0.0008095316588878632,0.00044154562056064606
406,forward,0.012532982975244522,3.139115869998932e-05,0.0233550276607275,0.02338641881942749,7.913261651992798e-05,0.0,0.0
406,backward,0.011266442015767097,1.7449259757995605e-05,0.07000300101935863,0.07002045027911663,8.043088018894196e-05,0.0,0.0
406,optimizer,0.0013176817446947098,3.0171126127243042e-05,0.0012386199086904526,0.0012687910348176956,2.561137080192566e-05,0.0008874256163835526,0.0004330351948738098
407,forward,0.012449091300368309,3.065168857574463e-05,0.02349145896732807,0.023522110655903816,9.193271398544312e-05,0.0,0.0
407,backward,0.011262523010373116,1.5990808606147766e-05,0.06962703354656696,0.06964302435517311,7.969141006469727e-05,0.0,0.0
407,optimizer,0.001198507845401764,2.939067780971527e-05,0.0012620333582162857,0.001291424036026001,2.4870038032531738e-05,0.000487716868519783,0.0004328768700361252
408,forward,0.012832893058657646,3.170967102050781e-05,0.02313249558210373,0.023164205253124237,7.895007729530334e-05,0.0,0.0
408,backward,0.01120247133076191,2.04332172870636e-05,0.06955142132937908,0.06957185454666615,8.078105747699738e-05,0.0,0.0
408,optimizer,0.001199919730424881,2.9731541872024536e-05,0.0012646913528442383,0.0012944228947162628,2.512894570827484e-05,0.0005438085645437241,0.000433286651968956
409,forward,0.012707743793725967,2.941116690635681e-05,0.023199006915092468,0.023228418081998825,7.847324013710022e-05,0.0,0.0
409,backward,0.011267542839050293,1.9468367099761963e-05,0.06985953636467457,0.06987900473177433,8.163973689079285e-05,0.0,0.0
409,optimizer,0.0009946543723344803,3.443099558353424e-05,0.0012576933950185776,0.0012921243906021118,2.535991370677948e-05,0.0010263584554195404,0.00044252723455429077
410,forward,0.014264840632677078,5.028955638408661e-05,0.022321520373225212,0.0223718099296093,9.999051690101624e-05,0.0,0.0
410,backward,0.011302469298243523,1.7408281564712524e-05,0.06950538232922554,0.06952279061079025,9.297206997871399e-05,0.0,0.0
410,optimizer,0.0013322513550519943,2.6848167181015015e-05,0.0012090504169464111,0.0012358985841274261,2.458132803440094e-05,0.0005035400390625,0.0004843287169933319
411,forward,0.012368189170956612,3.052316606044769e-05,0.023531820625066757,0.023562343791127205,8.198246359825134e-05,0.0,0.0
411,backward,0.011123398318886757,1.603923738002777e-05,0.07014675438404083,0.07016279362142086,8.69017094373703e-05,0.0,0.0
411,optimizer,0.0012486036866903305,2.611987292766571e-05,0.0012571699917316437,0.0012832898646593094,2.6581808924674988e-05,0.0009013134986162186,0.00046565569937229156
412,forward,0.012498093768954277,3.0100345611572266e-05,0.02344481647014618,0.02347491681575775,7.721222937107086e-05,0.0,0.0
412,backward,0.011505478993058205,1.9280239939689636e-05,0.06935917772352695,0.06937845796346664,7.75214284658432e-05,0.0,0.0
412,optimizer,0.0012244507670402527,2.7662143111228943e-05,0.0012645814567804337,0.0012922435998916626,2.4780631065368652e-05,0.0004908610135316849,0.00043883733451366425
413,forward,0.012388259172439575,2.9100105166435242e-05,0.023513570427894592,0.023542670533061028,8.135847747325897e-05,0.0,0.0
413,backward,0.011240009218454361,1.696869730949402e-05,0.06963393464684486,0.06965090334415436,8.192099630832672e-05,0.0,0.0
413,optimizer,0.001243850216269493,3.07280570268631e-05,0.0012650415301322937,0.0012957695871591568,2.4942681193351746e-05,0.0004904009401798248,0.00043790601193904877
414,forward,0.012385260313749313,3.1230971217155457e-05,0.023592332378029823,0.02362356334924698,8.998997509479523e-05,0.0,0.0
414,backward,0.011205118149518967,1.9431114196777344e-05,0.0697409063577652,0.06976033747196198,8.152052760124207e-05,0.0,0.0
414,optimizer,0.0012235883623361588,2.750195562839508e-05,0.001262463629245758,0.0012899655848741531,2.473965287208557e-05,0.0005003903061151505,0.00043892860412597656
415,forward,0.01242315024137497,3.0549243092536926e-05,0.02349749207496643,0.023528041318058968,7.8640878200531e-05,0.0,0.0
415,backward,0.0111710075289011,1.6391277313232422e-05,0.06997629068791866,0.0699926819652319,7.980875670909882e-05,0.0,0.0
415,optimizer,0.0012496691197156906,2.712942659854889e-05,0.0012553930282592773,0.0012825224548578262,2.5739893317222595e-05,0.0008936356753110886,0.00043833814561367035
416,forward,0.01255696453154087,2.864748239517212e-05,0.02338598668575287,0.02341463416814804,7.805228233337402e-05,0.0,0.0
416,backward,0.011255068704485893,1.917220652103424e-05,0.0699760913848877,0.06999526359140873,8.165091276168823e-05,0.0,0.0
416,optimizer,0.0012229084968566895,2.8761103749275208e-05,0.0012629218399524689,0.001291682943701744,2.5739893317222595e-05,0.000862903892993927,0.00043506920337677
417,forward,0.012719215825200081,3.2631680369377136e-05,0.02319302409887314,0.023225655779242516,8.597224950790405e-05,0.0,0.0
417,backward,0.011128278449177742,1.4549121260643005e-05,0.0699424110352993,0.06995696015655994,8.418969810009003e-05,0.0,0.0
417,optimizer,0.001231081783771515,2.8761103749275208e-05,0.0012617427855730057,0.0012905038893222809,2.6339665055274963e-05,0.0009420160204172134,0.00046617724001407623
418,forward,0.012699035927653313,2.961978316307068e-05,0.02316424250602722,0.023193862289190292,8.490122854709625e-05,0.0,0.0
418,backward,0.011162111535668373,1.4750286936759949e-05,0.0698978379368782,0.06991258822381496,8.742138743400574e-05,0.0,0.0
418,optimizer,0.0012398716062307358,2.8090551495552063e-05,0.0012586824595928192,0.0012867730110883713,2.5346875190734863e-05,0.0004899203777313232,0.00046363845467567444
419,forward,0.0124093908816576,2.8273090720176697e-05,0.0234807301312685,0.023509003221988678,7.714144885540009e-05,0.0,0.0
419,backward,0.011228227987885475,1.8499791622161865e-05,0.06978507712483406,0.06980357691645622,7.88811594247818e-05,0.0,0.0
419,optimizer,0.001265350729227066,2.63117253780365e-05,0.0012654811143875122,0.0012917928397655487,2.5408342480659485e-05,0.0008067227900028229,0.0004327166825532913
420,forward,0.012452585622668266,3.0661001801490784e-05,0.023487327620387077,0.023517988622188568,7.87004828453064e-05,0.0,0.0
420,backward,0.01128849945962429,2.1340325474739075e-05,0.06982936896383762,0.06985070928931236,7.924996316432953e-05,0.0,0.0
420,optimizer,0.0012279432266950607,2.9340386390686035e-05,0.001260349527001381,0.001289689913392067,2.6440247893333435e-05,0.0008607450872659683,0.0004374682903289795
421,forward,0.01246977224946022,2.9928982257843018e-05,0.02345694974064827,0.023486878722906113,8.213333785533905e-05,0.0,0.0
421,backward,0.011267710477113724,1.6359612345695496e-05,0.06977132707834244,0.06978768669068813,8.240900933742523e-05,0.0,0.0
421,optimizer,0.001217411831021309,2.6600435376167297e-05,0.0012708697468042374,0.0012974701821804047,2.6460736989974976e-05,0.00515550933778286,0.0004768483340740204
422,forward,0.01247999258339405,3.222934901714325e-05,0.023492630571126938,0.02352485992014408,8.008256554603577e-05,0.0,0.0
422,backward,0.011219829320907593,1.566857099533081e-05,0.06961881369352341,0.06963448226451874,7.826089859008789e-05,0.0,0.0
422,optimizer,0.001207299530506134,2.849102020263672e-05,0.0012650638818740845,0.0012935549020767212,2.6559457182884216e-05,0.0004927068948745728,0.0004364866763353348
423,forward,0.012675713747739792,3.1402334570884705e-05,0.023294145241379738,0.023325547575950623,7.997080683708191e-05,0.0,0.0
423,backward,0.011213140562176704,1.7270445823669434e-05,0.07005676068365574,0.07007403112947941,8.020922541618347e-05,0.0,0.0
423,optimizer,0.0012093596160411835,2.7962028980255127e-05,0.001258833333849907,0.001286795362830162,2.7181580662727356e-05,0.0008578859269618988,0.0004420056939125061
424,forward,0.012730924412608147,3.207102417945862e-05,0.023246116936206818,0.023278187960386276,8.484162390232086e-05,0.0,0.0
424,backward,0.011102518066763878,1.6469508409500122e-05,0.0696177538484335,0.069634223356843,8.518993854522705e-05,0.0,0.0
424,optimizer,0.0012278258800506592,2.8150156140327454e-05,0.0012580323964357376,0.001286182552576065,2.2912397980690002e-05,0.0005025677382946014,0.00047351792454719543
425,forward,0.012401372194290161,2.8580427169799805e-05,0.023497028276324272,0.023525608703494072,8.554384112358093e-05,0.0,0.0
425,backward,0.011148205026984215,1.3520941138267517e-05,0.06987283565104008,0.06988635659217834,9.03196632862091e-05,0.0,0.0
425,optimizer,0.0012199785560369492,2.682022750377655e-05,0.0012586526572704315,0.001285472884774208,2.4339184165000916e-05,0.0008171442896127701,0.0004885084927082062
426,forward,0.012368043884634972,2.7708709239959717e-05,0.023497948423027992,0.023525657132267952,7.840059697628021e-05,0.0,0.0
426,backward,0.011449344456195831,1.4608725905418396e-05,0.06979141756892204,0.06980602629482746,8.023343980312347e-05,0.0,0.0
426,optimizer,0.001224379986524582,2.899952232837677e-05,0.0012631118297576904,0.0012921113520860672,2.473965287208557e-05,0.0008623227477073669,0.00043347664177417755
427,forward,0.012806927785277367,3.1307339668273926e-05,0.023163024336099625,0.0231943316757679,0.00016924366354942322,0.0,0.0
427,backward,0.011239409446716309,1.7780810594558716e-05,0.06969483382999897,0.06971261464059353,8.661113679409027e-05,0.0,0.0
427,optimizer,0.0012105535715818405,2.911873161792755e-05,0.001265890896320343,0.0012950096279382706,2.343021333217621e-05,0.0004995893687009811,0.0004364587366580963
428,forward,0.012459591031074524,2.966076135635376e-05,0.023484978824853897,0.02351463958621025,7.572025060653687e-05,0.0,0.0
428,backward,0.011222070083022118,2.635270357131958e-05,0.06959417276084423,0.06962052546441555,7.894076406955719e-05,0.0,0.0
428,optimizer,0.001216292381286621,2.760067582130432e-05,0.0012609809637069702,0.0012885816395282745,2.7939677238464355e-05,0.000485248863697052,0.0004734378308057785
429,forward,0.012450329959392548,2.930872142314911e-05,0.02347460947930813,0.023503918200731277,8.291192352771759e-05,0.0,0.0
429,backward,0.011301212012767792,1.650303602218628e-05,0.06972751393914223,0.06974401697516441,8.421950042247772e-05,0.0,0.0
429,optimizer,0.0012641195207834244,2.9249116778373718e-05,0.0012574121356010437,0.0012866612523794174,2.5428831577301025e-05,0.0008029546588659286,0.00044685788452625275
430,forward,0.012494102120399475,3.127939999103546e-05,0.02346307784318924,0.023494357243180275,8.132122457027435e-05,0.0,0.0
430,backward,0.011184709146618843,1.7452985048294067e-05,0.06964174285531044,0.06965919584035873,8.063018321990967e-05,0.0,0.0
430,optimizer,0.0012165103107690811,2.9100105166435242e-05,0.0012659300118684769,0.0012950301170349121,2.4219974875450134e-05,0.0006144791841506958,0.00044188834726810455
431,forward,0.013473065569996834,2.997182309627533e-05,0.022482752799987793,0.02251272462308407,8.209235966205597e-05,0.0,0.0
431,backward,0.011212993413209915,1.7123296856880188e-05,0.06988742761313915,0.06990455090999603,8.79243016242981e-05,0.0,0.0
431,optimizer,0.0012415293604135513,2.7041882276535034e-05,0.001259712502360344,0.001286754384636879,2.386048436164856e-05,0.0007833335548639297,0.0004622284322977066
432,forward,0.01235334575176239,2.8342008590698242e-05,0.023576073348522186,0.023604415357112885,8.291192352771759e-05,0.0,0.0
432,backward,0.01115443930029869,1.5622004866600037e-05,0.06979433633387089,0.06980995833873749,8.324161171913147e-05,0.0,0.0
432,optimizer,0.0012101605534553528,3.9458274841308594e-05,0.0012645311653614044,0.001303989440202713,2.660788595676422e-05,0.0004976093769073486,0.0004484672099351883
433,forward,0.012339187785983086,2.730824053287506e-05,0.02359752357006073,0.023624831810593605,8.168257772922516e-05,0.0,0.0
433,backward,0.011141302064061165,1.7121434211730957e-05,0.06962735205888748,0.06964447349309921,8.137151598930359e-05,0.0,0.0
433,optimizer,0.0012044701725244522,3.1420961022377014e-05,0.0012601520866155624,0.0012915730476379395,2.5060027837753296e-05,0.0005467869341373444,0.0004438944160938263
434,forward,0.012582547962665558,3.0428171157836914e-05,0.023330803960561752,0.02336123213171959,8.112005889415741e-05,0.0,0.0
434,backward,0.01122123934328556,1.8279999494552612e-05,0.06981838867068291,0.06983666867017746,7.847137749195099e-05,0.0,0.0
434,optimizer,0.0012178625911474228,3.053992986679077e-05,0.0012629814445972443,0.001293521374464035,2.641044557094574e-05,0.0007858239114284515,0.0004389062523841858
435,forward,0.01270933449268341,3.180280327796936e-05,0.023197755217552185,0.023229558020830154,9.372271597385406e-05,0.0,0.0
435,backward,0.011247210204601288,2.0420178771018982e-05,0.06988392770290375,0.06990434788167477,8.02706927061081e-05,0.0,0.0
435,optimizer,0.0012437831610441208,2.614036202430725e-05,0.0012580323964357376,0.0012841727584600449,2.8790906071662903e-05,0.00048706866800785065,0.00043226592242717743
436,forward,0.014102432876825333,3.051944077014923e-05,0.021854059770703316,0.021884579211473465,7.869116961956024e-05,0.0,0.0
436,backward,0.011501235887408257,1.776963472366333e-05,0.06930111721158028,0.06931888684630394,8.102133870124817e-05,0.0,0.0
436,optimizer,0.001293182373046875,2.7220696210861206e-05,0.0012556202709674835,0.0012828409671783447,2.43503600358963e-05,0.0004953593015670776,0.0004370361566543579
437,forward,0.01248878426849842,3.0759721994400024e-05,0.02342209592461586,0.02345285564661026,7.949210703372955e-05,0.0,0.0
437,backward,0.011285392567515373,1.730024814605713e-05,0.06987480819225311,0.06989210844039917,7.984228432178497e-05,0.0,0.0
437,optimizer,0.00130494125187397,2.6639550924301147e-05,0.001259971410036087,0.0012866109609603882,2.582743763923645e-05,0.0008070953190326691,0.0004365071654319763
438,forward,0.012503745034337044,3.06200236082077e-05,0.023440295830368996,0.023470915853977203,8.405186235904694e-05,0.0,0.0
438,backward,0.011544164270162582,2.026185393333435e-05,0.0693904496729374,0.06941071152687073,8.737295866012573e-05,0.0,0.0
438,optimizer,0.0012225694954395294,2.9319897294044495e-05,0.0012524928897619247,0.0012818127870559692,2.491287887096405e-05,0.0004896596074104309,0.0004651155322790146
439,forward,0.012469632551074028,3.096833825111389e-05,0.02343766763806343,0.023468635976314545,8.112192153930664e-05,0.0,0.0
439,backward,0.011144239455461502,1.4230608940124512e-05,0.07006296142935753,0.07007719203829765,8.560344576835632e-05,0.0,0.0
439,optimizer,0.0012165233492851257,2.7611851692199707e-05,0.0012589003890752792,0.001286512240767479,2.506934106349945e-05,0.0007871817797422409,0.0004719085991382599
440,forward,0.012370362877845764,2.9651448130607605e-05,0.023562708869576454,0.023592360317707062,8.154474198818207e-05,0.0,0.0
440,backward,0.011120997369289398,1.6570091247558594e-05,0.06958960369229317,0.06960617378354073,7.826276123523712e-05,0.0,0.0
440,optimizer,0.001269923523068428,2.868659794330597e-05,0.0012652091681957245,0.0012938957661390305,2.680160105228424e-05,0.0004891809076070786,0.0004305262118577957
441,forward,0.012502262368798256,3.042072057723999e-05,0.023408949375152588,0.023439370095729828,8.088350296020508e-05,0.0,0.0
441,backward,0.011324021965265274,1.6730278730392456e-05,0.06988350674510002,0.06990023702383041,8.049234747886658e-05,0.0,0.0
441,optimizer,0.001270761713385582,2.8351321816444397e-05,0.00125977024435997,0.0012881215661764145,2.4771317839622498e-05,0.0008635763078927994,0.00044694915413856506
442,forward,0.012515654787421227,3.187917172908783e-05,0.02340208739042282,0.02343396656215191,8.032098412513733e-05,0.0,0.0
442,backward,0.011277703568339348,1.559033989906311e-05,0.06977553479373455,0.06979112513363361,8.087046444416046e-05,0.0,0.0
442,optimizer,0.0012022536247968674,3.056041896343231e-05,0.0012706182897090912,0.0013011787086725235,2.6678666472434998e-05,0.000860944390296936,0.0004372280091047287
443,forward,0.012539185583591461,3.1150877475738525e-05,0.023438846692442894,0.023469997569918633,8.261017501354218e-05,0.0,0.0
443,backward,0.011207640171051025,1.9690021872520447e-05,0.06962038390338421,0.06964007392525673,7.913261651992798e-05,0.0,0.0
443,optimizer,0.0012078415602445602,2.723000943660736e-05,0.001261439174413681,0.0012886691838502884,2.791173756122589e-05,0.0005032476037740707,0.00043687596917152405
444,forward,0.0128145981580019,3.15103679895401e-05,0.02312140353024006,0.0231529138982296,7.946975529193878e-05,0.0,0.0
444,backward,0.01117187924683094,1.7879530787467957e-05,0.06995430961251259,0.06997218914330006,7.885321974754333e-05,0.0,0.0
444,optimizer,0.001209734007716179,2.96030193567276e-05,0.0012612510472536087,0.0012908540666103363,2.5859102606773376e-05,0.0008954033255577087,0.0004379674792289734
445,forward,0.012958068400621414,3.0349940061569214e-05,0.022992253303527832,0.0230226032435894,8.073262870311737e-05,0.0,0.0
445,backward,0.011363711208105087,1.80024653673172e-05,0.06945865228772163,0.06947665475308895,8.759275078773499e-05,0.0,0.0
445,optimizer,0.0012503620237112045,2.720952033996582e-05,0.0012574996799230576,0.0012847092002630234,2.4128705263137817e-05,0.0004961583763360977,0.00046525895595550537
446,forward,0.012376582249999046,3.121979534626007e-05,0.023494338616728783,0.023525558412075043,7.910095155239105e-05,0.0,0.0
446,backward,0.011126238852739334,1.5459954738616943e-05,0.06997820921242237,0.06999366916716099,8.750148117542267e-05,0.0,0.0
446,optimizer,0.0012180600315332413,2.594105899333954e-05,0.001265011727809906,0.0012909527868032455,2.535991370677948e-05,0.0008955560624599457,0.0004634261131286621
447,forward,0.012464961037039757,2.92118638753891e-05,0.023453138768672943,0.023482350632548332,8.210353553295135e-05,0.0,0.0
447,backward,0.011166278272867203,1.6201287508010864e-05,0.0699678584933281,0.0699840597808361,7.851049304008484e-05,0.0,0.0
447,optimizer,0.0012029241770505905,2.5950372219085693e-05,0.0012603085488080978,0.0012862589210271835,2.6460736989974976e-05,0.0005043298006057739,0.0004300680011510849
448,forward,0.012581370770931244,3.0372291803359985e-05,0.02336570806801319,0.02339608035981655,8.079223334789276e-05,0.0,0.0
448,backward,0.011350922286510468,1.780688762664795e-05,0.06939817033708096,0.0694159772247076,7.994845509529114e-05,0.0,0.0
448,optimizer,0.0010077692568302155,3.276020288467407e-05,0.0012580901384353638,0.0012908503413200378,2.902001142501831e-05,0.0007233414798974991,0.00043726712465286255
449,forward,0.01255563274025917,2.9399991035461426e-05,0.023356888443231583,0.023386288434267044,8.186139166355133e-05,0.0,0.0
449,backward,0.011202914640307426,1.8170103430747986e-05,0.06988611444830894,0.06990428455173969,7.789209485054016e-05,0.0,0.0
449,optimizer,0.0012063905596733093,3.097951412200928e-05,0.0012600105255842209,0.0012909900397062302,2.760067582130432e-05,0.0008800532668828964,0.0004417784512042999
450,forward,0.0125028807669878,3.0661001801490784e-05,0.02347283996641636,0.02350350096821785,7.868930697441101e-05,0.0,0.0
450,backward,0.011156078428030014,1.590326428413391e-05,0.06971209682524204,0.06972800008952618,7.982365787029266e-05,0.0,0.0
450,optimizer,0.0012065786868333817,3.071129322052002e-05,0.0012592729181051254,0.0012899842113256454,2.656690776348114e-05,0.0004922077059745789,0.0004378166049718857
451,forward,0.012430541217327118,2.8602778911590576e-05,0.023440290242433548,0.02346889302134514,7.873028516769409e-05,0.0,0.0
451,backward,0.011245820671319962,1.5892088413238525e-05,0.06967405416071415,0.06968994624912739,7.969141006469727e-05,0.0,0.0
451,optimizer,0.0012171287089586258,2.856925129890442e-05,0.0012641120702028275,0.0012926813215017319,2.491287887096405e-05,0.0004912912845611572,0.0004438161849975586
452,forward,0.012562623247504234,3.064796328544617e-05,0.023431867361068726,0.023462515324354172,8.195266127586365e-05,0.0,0.0
452,backward,0.011253761127591133,2.1792948246002197e-05,0.0695431511849165,0.0695649441331625,8.42120498418808e-05,0.0,0.0
452,optimizer,0.001239582896232605,2.9051676392555237e-05,0.0012597888708114624,0.0012888405472040176,2.4741515517234802e-05,0.0004975795745849609,0.0004620887339115143
453,forward,0.012399150058627129,2.8060749173164368e-05,0.023480620235204697,0.02350868098437786,8.604303002357483e-05,0.0,0.0
453,backward,0.01113651692867279,1.587904989719391e-05,0.06973374634981155,0.06974962539970875,8.481927216053009e-05,0.0,0.0
453,optimizer,0.0012224391102790833,2.9319897294044495e-05,0.0012645237147808075,0.001293843612074852,2.5453045964241028e-05,0.0004897359758615494,0.0004606954753398895
454,forward,0.012410204857587814,3.093108534812927e-05,0.023540647700428963,0.023571578785777092,8.088164031505585e-05,0.0,0.0
454,backward,0.011157328262925148,1.5661120414733887e-05,0.06972396560013294,0.06973962672054768,7.577240467071533e-05,0.0,0.0
454,optimizer,0.0012853890657424927,2.5311484932899475e-05,0.001261882483959198,0.0012871939688920975,2.5719404220581055e-05,0.0004961155354976654,0.0004289057105779648
455,forward,0.012488920241594315,2.967938780784607e-05,0.02343899942934513,0.023468678817152977,7.93803483247757e-05,0.0,0.0
455,backward,0.01122056134045124,1.872144639492035e-05,0.06962969340384007,0.06964841485023499,7.95908272266388e-05,0.0,0.0
455,optimizer,0.0011529605835676193,2.645142376422882e-05,0.0012586303055286407,0.0012850817292928696,2.4063512682914734e-05,0.0004921182990074158,0.00043213553726673126
456,forward,0.012404868379235268,3.032200038433075e-05,0.023480940610170364,0.023511262610554695,7.927976548671722e-05,0.0,0.0
456,backward,0.011378893628716469,1.8380582332611084e-05,0.06990165822207928,0.06992003880441189,8.058920502662659e-05,0.0,0.0
456,optimizer,0.0012069307267665863,3.06200236082077e-05,0.0012552421540021896,0.0012858621776103973,2.798996865749359e-05,0.0012615900486707687,0.00043755583465099335
457,forward,0.012508003041148186,2.9051676392555237e-05,0.023451948538422585,0.02348100021481514,0.00010550208389759064,0.0,0.0
457,backward,0.011286674067378044,1.7950311303138733e-05,0.0695953406393528,0.06961329095065594,8.006952702999115e-05,0.0,0.0
457,optimizer,0.0012764614075422287,2.9399991035461426e-05,0.0012324098497629166,0.001261809840798378,2.687983214855194e-05,0.0004893690347671509,0.00044590607285499573
458,forward,0.012571724131703377,3.178045153617859e-05,0.02337159588932991,0.02340337634086609,7.795915007591248e-05,0.0,0.0
458,backward,0.011221703141927719,1.7179176211357117e-05,0.0698441956192255,0.06986137479543686,8.341297507286072e-05,0.0,0.0
458,optimizer,0.0012260638177394867,2.896040678024292e-05,0.0012537892907857895,0.0012827496975660324,2.6931986212730408e-05,0.0008066035807132721,0.0004366878420114517
459,forward,0.012497013434767723,2.9571354389190674e-05,0.02347169816493988,0.02350126951932907,8.620135486125946e-05,0.0,0.0
459,backward,0.011573037132620811,2.2299587726593018e-05,0.06937919929623604,0.06940149888396263,8.773244917392731e-05,0.0,0.0
459,optimizer,0.0012352783232927322,2.891942858695984e-05,0.0012597423046827316,0.0012886617332696915,2.5272369384765625e-05,0.0004977080971002579,0.00046315789222717285
460,forward,0.012489791959524155,2.964213490486145e-05,0.02341264858841896,0.023442290723323822,8.300319314002991e-05,0.0,0.0
460,backward,0.011100329458713531,1.776963472366333e-05,0.07013121992349625,0.07014898955821991,8.885189890861511e-05,0.0,0.0
460,optimizer,0.0012542810291051865,2.824142575263977e-05,0.00125863216817379,0.0012868735939264297,2.5220215320587158e-05,0.0008653346449136734,0.0004643276333808899
461,forward,0.012406399473547935,2.856925129890442e-05,0.023550162091851234,0.02357873134315014,8.310936391353607e-05,0.0,0.0
461,backward,0.01116165891289711,1.6840174794197083e-05,0.06961988285183907,0.06963672302663326,7.8592449426651e-05,0.0,0.0
461,optimizer,0.0011957082897424698,2.923235297203064e-05,0.0012596901506185532,0.0012889225035905838,2.5562942028045654e-05,0.0005451478064060211,0.0004417151212692261
462,forward,0.012605296447873116,3.0199065804481506e-05,0.02330111525952816,0.02333131432533264,7.907301187515259e-05,0.0,0.0
462,backward,0.012204436585307121,3.55597585439682e-05,0.06921267695724964,0.06924823671579361,7.774122059345245e-05,0.0,0.0
462,optimizer,0.0011667702347040176,3.094039857387543e-05,0.0012676510959863663,0.0012985914945602417,2.4320557713508606e-05,0.0008979141712188721,0.0004802066832780838
463,forward,0.012541942298412323,3.0621886253356934e-05,0.023386528715491295,0.023417150601744652,7.886067032814026e-05,0.0,0.0
463,backward,0.011291923001408577,1.901201903820038e-05,0.06971426494419575,0.06973327696323395,8.035823702812195e-05,0.0,0.0
463,optimizer,0.0012358613312244415,2.8891488909721375e-05,0.0012620314955711365,0.0012909229844808578,2.6321038603782654e-05,0.0009651053696870804,0.0004357956349849701
464,forward,0.0128224678337574,2.9880553483963013e-05,0.023065682500600815,0.023095563054084778,7.86706805229187e-05,0.0,0.0
464,backward,0.011347420513629913,1.711025834083557e-05,0.0696954969316721,0.06971260719001293,8.280016481876373e-05,0.0,0.0
464,optimizer,0.00118350051343441,3.201141953468323e-05,0.0012579206377267838,0.001289932057261467,2.6790425181388855e-05,0.0004910081624984741,0.00044126808643341064
465,forward,0.012839017435908318,3.132037818431854e-05,0.023146875202655792,0.02317819558084011,7.999129593372345e-05,0.0,0.0
465,backward,0.011292854323983192,1.8699094653129578e-05,0.06946261040866375,0.06948130950331688,7.89295881986618e-05,0.0,0.0
465,optimizer,0.0011490900069475174,2.793222665786743e-05,0.0012595392763614655,0.0012874715030193329,2.57100909948349e-05,0.0004904977977275848,0.0004342086613178253
466,forward,0.01255633495748043,3.124214708805084e-05,0.023364655673503876,0.023395897820591927,8.23531299829483e-05,0.0,0.0
466,backward,0.011486407369375229,1.92299485206604e-05,0.06968368403613567,0.06970291398465633,8.499994874000549e-05,0.0,0.0
466,optimizer,0.0012316890060901642,2.9090791940689087e-05,0.0012585930526256561,0.0012876838445663452,2.4799257516860962e-05,0.000810764729976654,0.000459916889667511
467,forward,0.01241634227335453,3.170967102050781e-05,0.023500097915530205,0.023531807586550713,8.331984281539917e-05,0.0,0.0
467,backward,0.01112750917673111,1.6842037439346313e-05,0.06978246569633484,0.06979930773377419,8.585117757320404e-05,0.0,0.0
467,optimizer,0.001242680475115776,2.7060508728027344e-05,0.001260802149772644,0.0012878626585006714,2.4959444999694824e-05,0.0004902761429548264,0.00046823546290397644
468,forward,0.012784438207745552,2.954341471195221e-05,0.02314252220094204,0.02317206561565399,8.356012403964996e-05,0.0,0.0
468,backward,0.011169496923685074,1.6029924154281616e-05,0.0697352085262537,0.06975123845040798,8.007138967514038e-05,0.0,0.0
468,optimizer,0.001204121857881546,2.919137477874756e-05,0.00126677006483078,0.0012959614396095276,2.601929008960724e-05,0.0004906486719846725,0.0004458390176296234
469,forward,0.012820510193705559,3.057904541492462e-05,0.023130401968955994,0.02316098101437092,7.874332368373871e-05,0.0,0.0
469,backward,0.011304551735520363,1.4390796422958374e-05,0.06981576792895794,0.0698301587253809,8.284300565719604e-05,0.0,0.0
469,optimizer,0.0012270621955394745,3.147125244140625e-05,0.001263599842786789,0.0012950710952281952,2.3612752556800842e-05,0.0008973740041255951,0.0004379972815513611
470,forward,0.012490253895521164,2.938695251941681e-05,0.023439818993210793,0.02346920594573021,8.014030754566193e-05,0.0,0.0
470,backward,0.011238791048526764,1.6508623957633972e-05,0.06972185522317886,0.0697383638471365,7.906369864940643e-05,0.0,0.0
470,optimizer,0.0012182407081127167,2.904050052165985e-05,0.0012614112347364426,0.0012904517352581024,2.7161091566085815e-05,0.0004955586045980453,0.0004367753863334656
471,forward,0.012853406369686127,3.095902502536774e-05,0.023068642243742943,0.02309960126876831,7.89295881986618e-05,0.0,0.0
471,backward,0.01131037250161171,1.6318634152412415e-05,0.06993656046688557,0.06995287910103798,8.233077824115753e-05,0.0,0.0
471,optimizer,0.0011537373065948486,3.0351802706718445e-05,0.0012601520866155624,0.0012905038893222809,2.3271888494491577e-05,0.0008812658488750458,0.0004429258406162262
472,forward,0.012864487245678902,3.0411407351493835e-05,0.023137524724006653,0.023167936131358147,8.364208042621613e-05,0.0,0.0
472,backward,0.011280791833996773,1.4871358871459961e-05,0.06960595399141312,0.06962082535028458,8.174218237400055e-05,0.0,0.0
472,optimizer,0.001146087422966957,2.8131529688835144e-05,0.0012572631239891052,0.0012853946536779404,2.477318048477173e-05,0.0004988983273506165,0.00044771842658519745
473,forward,0.012370647862553596,3.194063901901245e-05,0.023540019989013672,0.023571960628032684,8.095987141132355e-05,0.0,0.0
473,backward,0.011178292334079742,1.6029924154281616e-05,0.0700713898986578,0.07008741982281208,8.460134267807007e-05,0.0,0.0
473,optimizer,0.0011726953089237213,2.744235098361969e-05,0.0012393444776535034,0.001266786828637123,2.5467947125434875e-05,0.0009215362370014191,0.00046214647591114044
474,forward,0.01244858093559742,3.13296914100647e-05,0.02348247915506363,0.023513808846473694,8.115172386169434e-05,0.0,0.0
474,backward,0.011218128725886345,1.757219433784485e-05,0.06955938413739204,0.06957695633172989,8.770264685153961e-05,0.0,0.0
474,optimizer,0.001166386529803276,2.7218833565711975e-05,0.0012629125267267227,0.0012901313602924347,2.4480745196342468e-05,0.0004959907382726669,0.00046202726662158966
475,forward,0.012429781258106232,2.8349459171295166e-05,0.02343914844095707,0.023467497900128365,8.389912545681e-05,0.0,0.0
475,backward,0.011203808709979057,1.7292797565460205e-05,0.06986210867762566,0.06987940147519112,8.098036050796509e-05,0.0,0.0
475,optimizer,0.0012033004313707352,2.7820467948913574e-05,0.00125989131629467,0.0012877117842435837,2.462230622768402e-05,0.0008781738579273224,0.0004398152232170105
476,forward,0.012506632134318352,3.057904541492462e-05,0.023478640243411064,0.02350921928882599,8.003972470760345e-05,0.0,0.0
476,backward,0.011246839538216591,1.7348676919937134e-05,0.06950364261865616,0.0695209912955761,7.84415751695633e-05,0.0,0.0
476,optimizer,0.0012682992964982986,2.6831403374671936e-05,0.0012628734111785889,0.0012897048145532608,2.7643516659736633e-05,0.0004982668906450272,0.00043747760355472565
477,forward,0.012483999133110046,3.095902502536774e-05,0.02339709922671318,0.02342805825173855,7.846206426620483e-05,0.0,0.0
477,backward,0.011317543685436249,1.4992430806159973e-05,0.06975201331079006,0.06976700574159622,7.866136729717255e-05,0.0,0.0
477,optimizer,0.0012211129069328308,3.0059367418289185e-05,0.0012666527181863785,0.0012967120856046677,2.5851652026176453e-05,0.004990516230463982,0.00046301446855068207
478,forward,0.012819917872548103,3.129057586193085e-05,0.02309422194957733,0.023125512525439262,8.058175444602966e-05,0.0,0.0
478,backward,0.011285552754998207,1.7201527953147888e-05,0.06964591331779957,0.06966311484575272,7.890164852142334e-05,0.0,0.0
478,optimizer,0.0011585373431444168,2.858974039554596e-05,0.0012614820152521133,0.0012900717556476593,2.9569491744041443e-05,0.0004973895847797394,0.0004425346851348877
479,forward,0.012633876875042915,3.264099359512329e-05,0.023289725184440613,0.023322366178035736,8.053332567214966e-05,0.0,0.0
479,backward,0.011214982718229294,1.727975904941559e-05,0.06993705779314041,0.06995433755218983,7.994286715984344e-05,0.0,0.0
479,optimizer,0.001142619177699089,2.88989394903183e-05,0.0012669600546360016,0.0012958589941263199,2.4331733584403992e-05,0.0008816644549369812,0.0004411265254020691
480,forward,0.012469824403524399,3.311969339847565e-05,0.023392915725708008,0.023426035419106483,8.621253073215485e-05,0.0,0.0
480,backward,0.01112620159983635,1.6182661056518555e-05,0.06978559494018555,0.06980177760124207,9.003281593322754e-05,0.0,0.0
480,optimizer,0.0012268219143152237,2.8470531105995178e-05,0.0012593790888786316,0.0012878496199846268,2.652965486049652e-05,0.0004962682723999023,0.0004698801785707474
481,forward,0.012466242536902428,2.958253026008606e-05,0.02340436726808548,0.023433949798345566,8.164159953594208e-05,0.0,0.0
481,backward,0.011245662346482277,1.4059245586395264e-05,0.0695800818502903,0.0695941410958767,8.357875049114227e-05,0.0,0.0
481,optimizer,0.0012394711375236511,2.7488917112350464e-05,0.0012553725391626358,0.0012828614562749863,2.7127563953399658e-05,0.0004899557679891586,0.0004629567265510559
482,forward,0.012495143339037895,2.777203917503357e-05,0.023378588259220123,0.023406360298395157,7.649324834346771e-05,0.0,0.0
482,backward,0.011545153334736824,2.0207837224006653e-05,0.06947453133761883,0.06949473917484283,8.055940270423889e-05,0.0,0.0
482,optimizer,0.001279471442103386,2.5499612092971802e-05,0.0012634024024009705,0.0012889020144939423,2.5181099772453308e-05,0.0007905736565589905,0.000447198748588562
483,forward,0.012556442990899086,3.17208468914032e-05,0.023426879197359085,0.02345860004425049,7.837265729904175e-05,0.0,0.0
483,backward,0.011302134022116661,1.7471611499786377e-05,0.0695420615375042,0.06955953314900398,8.258223533630371e-05,0.0,0.0
483,optimizer,0.0012324824929237366,3.129057586193085e-05,0.0012560486793518066,0.0012873392552137375,2.684071660041809e-05,0.0004823487251996994,0.00044137798249721527
484,forward,0.012518782168626785,3.165006637573242e-05,0.02340538799762726,0.02343703806400299,8.095987141132355e-05,0.0,0.0
484,backward,0.011390665546059608,1.551210880279541e-05,0.06985359452664852,0.06986910663545132,8.188001811504364e-05,0.0,0.0
484,optimizer,0.0012067295610904694,2.7669593691825867e-05,0.001267431303858757,0.0012951008975505829,2.454034984111786e-05,0.0008067954331636429,0.0004426371306180954
485,forward,0.012419499456882477,3.089010715484619e-05,0.02356887236237526,0.023599762469530106,7.969141006469727e-05,0.0,0.0
485,backward,0.011154437437653542,1.8259510397911072e-05,0.06970525532960892,0.06972351484000683,7.887184619903564e-05,0.0,0.0
485,optimizer,0.0011981111019849777,2.9707327485084534e-05,0.0012636519968509674,0.001293359324336052,2.9811635613441467e-05,0.0004950482398271561,0.0004368368536233902
486,forward,0.012506153434515,3.1519681215286255e-05,0.0234557893127203,0.023487308993935585,8.027255535125732e-05,0.0,0.0
486,backward,0.01128275878727436,1.866184175014496e-05,0.0698136780411005,0.06983233988285065,7.813237607479095e-05,0.0,0.0
486,optimizer,0.0011523272842168808,2.956204116344452e-05,0.0012637916952371597,0.0012933537364006042,2.4398788809776306e-05,0.0008078645914793015,0.00047712773084640503
487,forward,0.012717386707663536,3.2592564821243286e-05,0.023260345682501793,0.023292938247323036,8.581206202507019e-05,0.0,0.0
487,backward,0.011104809120297432,1.5519559383392334e-05,0.06968640349805355,0.06970192305743694,8.329004049301147e-05,0.0,0.0
487,optimizer,0.0009583458304405212,3.186054527759552e-05,0.00125943124294281,0.0012912917882204056,2.6868656277656555e-05,0.00048195943236351013,0.00047119706869125366
488,forward,0.012470224872231483,3.060884773731232e-05,0.02343006804585457,0.02346067689359188,0.00010652095079421997,0.0,0.0
488,backward,0.01129426434636116,3.371201455593109e-05,0.06990673579275608,0.06994044780731201,9.110011160373688e-05,0.0,0.0
488,optimizer,0.0014563743025064468,3.0020251870155334e-05,0.0012139417231082916,0.001243961974978447,2.351030707359314e-05,0.0008253045380115509,0.000539800152182579
489,forward,0.013294057920575142,2.8580427169799805e-05,0.022678283974528313,0.022706864401698112,7.870234549045563e-05,0.0,0.0
489,backward,0.011334402486681938,1.885928213596344e-05,0.06959771364927292,0.06961657293140888,8.023157715797424e-05,0.0,0.0
489,optimizer,0.0011549387127161026,2.9090791940689087e-05,0.00125892274081707,0.001288013532757759,2.3329630494117737e-05,0.0004828795790672302,0.00043442845344543457
490,forward,0.012536365538835526,3.020837903022766e-05,0.0234094075858593,0.023439615964889526,8.079223334789276e-05,0.0,0.0
490,backward,0.01118706539273262,1.7980113625526428e-05,0.06999095343053341,0.07000893354415894,7.79908150434494e-05,0.0,0.0
490,optimizer,0.0012193024158477783,2.9141083359718323e-05,0.001264108344912529,0.0012932494282722473,2.850964665412903e-05,0.00048265792429447174,0.00043623894453048706
491,forward,0.012885456904768944,3.0260533094406128e-05,0.023053564131259918,0.023083824664354324,8.3141028881073e-05,0.0,0.0
491,backward,0.011300642043352127,1.5202909708023071e-05,0.0695023313164711,0.06951753422617912,9.295903146266937e-05,0.0,0.0
491,optimizer,0.0012043993920087814,3.001280128955841e-05,0.0012621022760868073,0.0012921150773763657,2.707168459892273e-05,0.0004900302737951279,0.00044587627053260803
492,forward,0.012529192492365837,3.012828528881073e-05,0.02337338775396347,0.02340351603925228,8.04513692855835e-05,0.0,0.0
492,backward,0.011276882141828537,1.806020736694336e-05,0.06979692541062832,0.06981498561799526,8.106231689453125e-05,0.0,0.0
492,optimizer,0.0012063197791576385,2.5780871510505676e-05,0.0012619905173778534,0.001287771388888359,2.6699155569076538e-05,0.0009704548865556717,0.0004460252821445465
493,forward,0.012801267206668854,3.1381845474243164e-05,0.023169053718447685,0.02320043556392193,0.00022110342979431152,0.0,0.0
493,backward,0.011246932670474052,2.677924931049347e-05,0.0696712527424097,0.0696980319917202,7.88513571023941e-05,0.0,0.0
493,optimizer,0.0011969320476055145,2.503208816051483e-05,0.0012596920132637024,0.0012847241014242172,2.400018274784088e-05,0.0004895757883787155,0.0004659481346607208
494,forward,0.012397091835737228,3.334134817123413e-05,0.023518748581409454,0.02355208992958069,8.356012403964996e-05,0.0,0.0
494,backward,0.011152418330311775,1.8483027815818787e-05,0.06977849826216698,0.0697969812899828,8.472055196762085e-05,0.0,0.0
494,optimizer,0.0012342073023319244,2.9560178518295288e-05,0.0012611839920282364,0.0012907441705465317,2.6632100343704224e-05,0.0008532945066690445,0.000474587082862854
495,forward,0.012380821630358696,2.855062484741211e-05,0.02350986935198307,0.023538419976830482,8.496083319187164e-05,0.0,0.0
495,backward,0.011100780218839645,1.3830140233039856e-05,0.0701417326927185,0.07015556283295155,8.531101047992706e-05,0.0,0.0
495,optimizer,0.0012212097644805908,2.745911478996277e-05,0.001260504126548767,0.0012879632413387299,2.4711713194847107e-05,0.00067950040102005,0.0004677865654230118
496,forward,0.01246161013841629,3.0452385544776917e-05,0.023471150547266006,0.023501602932810783,7.976219058036804e-05,0.0,0.0
496,backward,0.011444693431258202,1.5679746866226196e-05,0.06936269998550415,0.06937837973237038,8.081085979938507e-05,0.0,0.0
496,optimizer,0.001206783577799797,2.855062484741211e-05,0.00125826895236969,0.001286819577217102,3.3268705010414124e-05,0.0004959367215633392,0.0004428364336490631
497,forward,0.012567242607474327,3.0411407351493835e-05,0.023374779149889946,0.02340519055724144,7.775053381919861e-05,0.0,0.0
497,backward,0.01123448833823204,1.773238182067871e-05,0.06982672773301601,0.06984446011483669,7.990002632141113e-05,0.0,0.0
497,optimizer,0.0012175478041172028,2.8211623430252075e-05,0.0012643728405237198,0.0012925844639539719,2.5000423192977905e-05,0.0008117556571960449,0.00043247640132904053
498,forward,0.012708256021142006,3.0178576707839966e-05,0.023226695135235786,0.023256873711943626,7.871165871620178e-05,0.0,0.0
498,backward,0.011291740462183952,1.8572434782981873e-05,0.0698929000645876,0.06991147249937057,7.802434265613556e-05,0.0,0.0
498,optimizer,0.0012097414582967758,2.6831403374671936e-05,0.0012672115117311478,0.0012940429151058197,2.530030906200409e-05,0.0007773339748382568,0.00043738819658756256
499,forward,0.012814819812774658,2.9910355806350708e-05,0.023133613169193268,0.02316352352499962,7.921084761619568e-05,0.0,0.0
499,backward,0.011250901967287064,1.7900019884109497e-05,0.06959502398967743,0.06961292400956154,8.034147322177887e-05,0.0,0.0
499,optimizer,0.0012440122663974762,2.8129667043685913e-05,0.0012592915445566177,0.0012874212116003036,2.468004822731018e-05,0.0004901178181171417,0.00044167786836624146
500,forward,0.012596415355801582,3.075040876865387e-05,0.023336347192525864,0.023367097601294518,7.917359471321106e-05,0.0,0.0
500,backward,0.011251822113990784,1.9632279872894287e-05,0.06983889825642109,0.06985853053629398,8.167140185832977e-05,0.0,0.0
500,optimizer,0.0012655220925807953,2.709031105041504e-05,0.0012414492666721344,0.0012685395777225494,2.6213005185127258e-05,0.0009018164128065109,0.0004409477114677429
501,forward,0.01268063485622406,3.276020288467407e-05,0.02327258512377739,0.023305345326662064,8.150376379489899e-05,0.0,0.0
501,backward,0.011120500043034554,1.6301870346069336e-05,0.06967423297464848,0.06969053484499454,8.843280375003815e-05,0.0,0.0
501,optimizer,0.00122775137424469,2.553313970565796e-05,0.0012589506804943085,0.0012844838201999664,2.272985875606537e-05,0.0004895180463790894,0.0004802476614713669
502,forward,0.01237575151026249,2.9690563678741455e-05,0.023503027856349945,0.023532718420028687,8.459202945232391e-05,0.0,0.0
502,backward,0.011363880708813667,1.67209655046463e-05,0.06979071721434593,0.06980743817985058,8.715130388736725e-05,0.0,0.0
502,optimizer,0.0011836625635623932,2.697855234146118e-05,0.0012584012001752853,0.0012853797525167465,2.32793390750885e-05,0.0007410850375890732,0.0004660673439502716
503,forward,0.01246415264904499,2.8911978006362915e-05,0.02344364859163761,0.023472560569643974,8.163042366504669e-05,0.0,0.0
503,backward,0.011263690888881683,1.695007085800171e-05,0.06963635236024857,0.06965330243110657,8.095055818557739e-05,0.0,0.0
503,optimizer,0.001268601045012474,3.003142774105072e-05,0.001263381913304329,0.0012934133410453796,2.728775143623352e-05,0.00048271752893924713,0.0004454292356967926
504,forward,0.012592321261763573,3.028102219104767e-05,0.023320447653532028,0.023350728675723076,7.754005491733551e-05,0.0,0.0
504,backward,0.0112567488104105,1.6609206795692444e-05,0.0700314324349165,0.07004804164171219,8.479319512844086e-05,0.0,0.0
504,optimizer,0.001218041405081749,2.8831884264945984e-05,0.0012609008699655533,0.0012897327542304993,2.358853816986084e-05,0.0007854439318180084,0.00045398809015750885
505,forward,0.012588072568178177,2.9219314455986023e-05,0.023298166692256927,0.023327386006712914,8.245185017585754e-05,0.0,0.0
505,backward,0.011218173429369926,1.5672296285629272e-05,0.06973845511674881,0.06975412741303444,0.00019422359764575958,0.0,0.0
505,optimizer,0.0012902412563562393,4.4990330934524536e-05,0.0012563318014144897,0.0013013221323490143,2.8302893042564392e-05,0.0004891287535429001,0.0004612579941749573
506,forward,0.012395551428198814,3.0469149351119995e-05,0.023495979607105255,0.023526448756456375,8.42120498418808e-05,0.0,0.0
506,backward,0.011137409135699272,1.7240643501281738e-05,0.06985650584101677,0.06987374648451805,8.345209062099457e-05,0.0,0.0
506,optimizer,0.0011954717338085175,2.7960166335105896e-05,0.0012682396918535233,0.0012961998581886292,2.3948028683662415e-05,0.0008352715522050858,0.0004753880202770233
507,forward,0.012398630380630493,2.8168782591819763e-05,0.02345517836511135,0.02348334714770317,8.490122854709625e-05,0.0,0.0
507,backward,0.011096619069576263,1.6869977116584778e-05,0.07007143087685108,0.07008830085396767,7.362104952335358e-05,0.0,0.0
507,optimizer,0.0012827292084693909,3.185868263244629e-05,0.0012544617056846619,0.0012863203883171082,2.3789703845977783e-05,0.0006836410611867905,0.00043424777686595917
508,forward,0.01279233768582344,3.311038017272949e-05,0.023195743560791016,0.023228853940963745,8.245185017585754e-05,0.0,0.0
508,backward,0.011230360716581345,1.7059966921806335e-05,0.0695684440433979,0.06958550401031971,8.163228631019592e-05,0.0,0.0
508,optimizer,0.0012157820165157318,3.377161920070648e-05,0.0012595709413290024,0.0012933425605297089,2.8289854526519775e-05,0.0004906784743070602,0.0004527382552623749
509,forward,0.012346290051937103,2.9651448130607605e-05,0.02350066788494587,0.023530319333076477,7.819198071956635e-05,0.0,0.0
509,backward,0.011323792859911919,1.7700716853141785e-05,0.06977692618966103,0.06979462690651417,8.442997932434082e-05,0.0,0.0
509,optimizer,0.0012131407856941223,3.116019070148468e-05,0.0012680906802415848,0.0012992508709430695,2.5881454348564148e-05,0.0007824152708053589,0.00045708566904067993
510,forward,0.012796720489859581,2.8291717171669006e-05,0.023092612624168396,0.023120904341340065,7.86222517490387e-05,0.0,0.0
510,backward,0.011630726978182793,1.8242746591567993e-05,0.06951871141791344,0.069536954164505,8.34241509437561e-05,0.0,0.0
510,optimizer,0.001237921416759491,3.2359734177589417e-05,0.001263730227947235,0.0012960899621248245,2.5371089577674866e-05,0.00048658810555934906,0.0005333069711923599
511,forward,0.012447269633412361,3.0878931283950806e-05,0.023470010608434677,0.023500889539718628,8.006952702999115e-05,0.0,0.0
511,backward,0.011513747274875641,1.763179898262024e-05,0.0695700217038393,0.06958765350282192,8.462183177471161e-05,0.0,0.0
511,optimizer,0.0012387093156576157,3.395974636077881e-05,0.0012616533786058426,0.0012956131249666214,2.3499131202697754e-05,0.000798884779214859,0.00045496784150600433
512,forward,0.01234469749033451,3.126077353954315e-05,0.023581242188811302,0.023612502962350845,8.198060095310211e-05,0.0,0.0
512,backward,0.011448565870523453,1.5750527381896973e-05,0.06935542821884155,0.06937117874622345,8.527189493179321e-05,0.0,0.0
512,optimizer,0.00131240114569664,3.2359734177589417e-05,0.0012619215995073318,0.0012942813336849213,2.4361535906791687e-05,0.0004869215190410614,0.000458667054772377
513,forward,0.012304229661822319,2.8988346457481384e-05,0.023576950654387474,0.023605939000844955,7.953308522701263e-05,0.0,0.0
513,backward,0.0114634670317173,1.532025635242462e-05,0.06963008269667625,0.06964540295302868,8.701905608177185e-05,0.0,0.0
513,optimizer,0.0012214109301567078,3.383122384548187e-05,0.0012621600180864334,0.0012959912419319153,2.2759661078453064e-05,0.0043012835085392,0.0004585292190313339
514,forward,0.012255296111106873,2.9511749744415283e-05,0.023651383817195892,0.023680895566940308,8.053146302700043e-05,0.0,0.0
514,backward,0.01145896315574646,2.055056393146515e-05,0.06948848254978657,0.06950903311371803,9.411200881004333e-05,0.0,0.0
514,optimizer,0.0013436209410429,6.080232560634613e-05,0.0012473519891500473,0.0013081543147563934,2.4238601326942444e-05,0.0004991274327039719,0.0004815775901079178
515,forward,0.012503055855631828,2.8559938073158264e-05,0.02341603673994541,0.02344459667801857,7.812492549419403e-05,0.0,0.0
515,backward,0.011172039434313774,1.80024653673172e-05,0.06987643800675869,0.06989444047212601,8.385255932807922e-05,0.0,0.0
515,optimizer,0.001171870157122612,3.272108733654022e-05,0.0012605618685483932,0.0012932829558849335,2.3059546947479248e-05,0.0005501974374055862,0.00045750662684440613
516,forward,0.012691214680671692,3.0292198061943054e-05,0.02316557615995407,0.023195868358016014,8.335895836353302e-05,0.0,0.0
516,backward,0.011655539274215698,1.621246337890625e-05,0.06955156289041042,0.06956777535378933,8.427351713180542e-05,0.0,0.0
516,optimizer,0.0011943969875574112,3.452040255069733e-05,0.0012587923556566238,0.0012933127582073212,2.4652108550071716e-05,0.000991346314549446,0.00045415759086608887
517,forward,0.012778336182236671,3.0411407351493835e-05,0.02312501333653927,0.023155424743890762,7.897242903709412e-05,0.0,0.0
517,backward,0.011606939136981964,1.7059966921806335e-05,0.0694885291159153,0.0695055890828371,8.215196430683136e-05,0.0,0.0
517,optimizer,0.0012200027704238892,3.309175372123718e-05,0.0012591611593961716,0.0012922529131174088,2.4370849132537842e-05,0.0008867457509040833,0.0004552006721496582
518,forward,0.012525884434580803,2.9399991035461426e-05,0.023413317278027534,0.023442717269062996,7.947348058223724e-05,0.0,0.0
518,backward,0.011512253433465958,2.0023435354232788e-05,0.0693075880408287,0.06932761147618294,8.300133049488068e-05,0.0,0.0
518,optimizer,0.0013953354209661484,3.0446797609329224e-05,0.0012612007558345795,0.0012916475534439087,2.8699636459350586e-05,0.0004964563995599747,0.0004605669528245926
519,forward,0.012725386768579483,3.028102219104767e-05,0.023188482969999313,0.02321876399219036,8.036196231842041e-05,0.0,0.0
519,backward,0.011447131633758545,1.7371028661727905e-05,0.06972075626254082,0.06973812729120255,0.0002588760107755661,0.0,0.0
519,optimizer,0.0012198220938444138,3.53492796421051e-05,0.0012608524411916733,0.0012962017208337784,2.5548040866851807e-05,0.000490015372633934,0.0004601087421178818
520,forward,0.01260688342154026,3.0621886253356934e-05,0.023303886875510216,0.023334508761763573,8.353032171726227e-05,0.0,0.0
520,backward,0.011285170912742615,1.9371509552001953e-05,0.06948595121502876,0.06950532272458076,8.477084338665009e-05,0.0,0.0
520,optimizer,0.0013338252902030945,3.096088767051697e-05,0.0012589190155267715,0.0012898799031972885,2.672150731086731e-05,0.0005450788885354996,0.0004578884690999985
521,forward,0.012669002637267113,2.8546899557113647e-05,0.023237816989421844,0.023266363888978958,7.981061935424805e-05,0.0,0.0
521,backward,0.011259455233812332,1.9161030650138855e-05,0.07001356780529022,0.07003272883594036,8.484162390232086e-05,0.0,0.0
521,optimizer,0.0012300927191972733,3.3641234040260315e-05,0.001257309690117836,0.0012909509241580963,2.3312866687774658e-05,0.0007946919649839401,0.0005344003438949585
522,forward,0.012814078480005264,3.0178576707839966e-05,0.023134933784604073,0.023165112361311913,7.945112884044647e-05,0.0,0.0
522,backward,0.011451024562120438,1.8229708075523376e-05,0.06940660998225212,0.06942483969032764,8.556246757507324e-05,0.0,0.0
522,optimizer,0.0012548323720693588,3.208033740520477e-05,0.0012518428266048431,0.001283923164010048,2.575106918811798e-05,0.000490257516503334,0.00045599788427352905
523,forward,0.01260516420006752,2.7220696210861206e-05,0.02326117642223835,0.02328839711844921,8.170120418071747e-05,0.0,0.0
523,backward,0.011332252994179726,1.7259269952774048e-05,0.06966965273022652,0.06968691200017929,8.26120376586914e-05,0.0,0.0
523,optimizer,0.001267760992050171,3.243051469326019e-05,0.0012650713324546814,0.0012975018471479416,2.635084092617035e-05,0.000811651349067688,0.0004589073359966278
524,forward,0.012440819293260574,3.387033939361572e-05,0.023500151932239532,0.023534022271633148,8.09207558631897e-05,0.0,0.0
524,backward,0.011151261627674103,1.706928014755249e-05,0.06994854845106602,0.06996561773121357,8.564256131649017e-05,0.0,0.0
524,optimizer,0.0012199506163597107,3.415904939174652e-05,0.0012649409472942352,0.0012990999966859818,3.207847476005554e-05,0.0008240509778261185,0.0004608277231454849
525,forward,0.012490283697843552,2.8131529688835144e-05,0.023424826562404633,0.023452958092093468,8.059106767177582e-05,0.0,0.0
525,backward,0.011546719819307327,1.702830195426941e-05,0.06933190673589706,0.06934893503785133,8.467212319374084e-05,0.0,0.0
525,optimizer,0.0012248195707798004,3.0372291803359985e-05,0.0012617316097021103,0.0012921039015054703,2.4102628231048584e-05,0.00049617700278759,0.0004595071077346802
526,forward,0.012373348698019981,2.9139220714569092e-05,0.023499539121985435,0.023528678342700005,8.094124495983124e-05,0.0,0.0
526,backward,0.011539528146386147,1.9650906324386597e-05,0.06937506794929504,0.06939471885561943,8.15223902463913e-05,0.0,0.0
526,optimizer,0.0009443815797567368,3.349222242832184e-05,0.0012673195451498032,0.001300811767578125,2.5199726223945618e-05,0.00048360787332057953,0.00045610032975673676
527,forward,0.012580782175064087,3.0200928449630737e-05,0.02330607734620571,0.023336278274655342,0.00016130320727825165,0.0,0.0
527,backward,0.011249648407101631,1.842901110649109e-05,0.06967242620885372,0.06969085521996021,8.674152195453644e-05,0.0,0.0
527,optimizer,0.0012204088270664215,3.322213888168335e-05,0.001256704330444336,0.0012899264693260193,2.8099864721298218e-05,0.0005064904689788818,0.000459328293800354
528,forward,0.012531470507383347,3.0022114515304565e-05,0.023358719423413277,0.02338874153792858,7.867254316806793e-05,0.0,0.0
528,backward,0.011329730972647667,1.7100945115089417e-05,0.0695906039327383,0.0696077048778534,8.689053356647491e-05,0.0,0.0
528,optimizer,0.001153441146016121,3.178231418132782e-05,0.0012622512876987457,0.0012940336018800735,2.3519620299339294e-05,0.0004938393831253052,0.0005597900599241257
529,forward,0.012444565072655678,2.9321759939193726e-05,0.023474346846342087,0.02350366860628128,7.932260632514954e-05,0.0,0.0
529,backward,0.0115812998265028,1.5759840607643127e-05,0.06957227177917957,0.06958803161978722,8.167140185832977e-05,0.0,0.0
529,optimizer,0.0011665597558021545,3.200024366378784e-05,0.0012618713080883026,0.0012938715517520905,2.567097544670105e-05,0.000490700826048851,0.0004593748599290848
530,forward,0.012427173554897308,2.8440728783607483e-05,0.023466018959879875,0.023494459688663483,8.168071508407593e-05,0.0,0.0
530,backward,0.011478446424007416,1.963973045349121e-05,0.06930054910480976,0.06932018883526325,8.087977766990662e-05,0.0,0.0
530,optimizer,0.0011754110455513,3.274157643318176e-05,0.0012549404054880142,0.001287681981921196,2.6579946279525757e-05,0.0005377605557441711,0.0005038883537054062
531,forward,0.01259719580411911,2.90796160697937e-05,0.023304766044020653,0.023333845660090446,8.189119398593903e-05,0.0,0.0
531,backward,0.011543145403265953,1.730024814605713e-05,0.0696393046528101,0.06965660490095615,8.559226989746094e-05,0.0,0.0
531,optimizer,0.0012270919978618622,3.457069396972656e-05,0.0012600123882293701,0.0012945830821990967,2.4149194359779358e-05,0.0009181927889585495,0.0004581194370985031
532,forward,0.013076109811663628,3.030337393283844e-05,0.022887449711561203,0.02291775308549404,9.302236139774323e-05,0.0,0.0
532,backward,0.012070788070559502,2.765841782093048e-05,0.06898115202784538,0.06900881044566631,8.212216198444366e-05,0.0,0.0
532,optimizer,0.0012361817061901093,3.427080810070038e-05,0.0012647900730371475,0.001299060881137848,2.2912397980690002e-05,0.0007577016949653625,0.00045749731361866
533,forward,0.012536775320768356,2.9668211936950684e-05,0.023345576599240303,0.023375244811177254,7.960014045238495e-05,0.0,0.0
533,backward,0.011336103081703186,1.6629695892333984e-05,0.06971804425120354,0.06973467394709587,8.302181959152222e-05,0.0,0.0
533,optimizer,0.001225832849740982,3.2067298889160156e-05,0.00125960074365139,0.0012916680425405502,2.423115074634552e-05,0.0008042939007282257,0.00045694783329963684
534,forward,0.01244434341788292,3.134831786155701e-05,0.023578928783535957,0.023610277101397514,7.942318916320801e-05,0.0,0.0
534,backward,0.011180194094777107,1.7628073692321777e-05,0.06964780203998089,0.06966543011367321,8.388422429561615e-05,0.0,0.0
534,optimizer,0.0012389197945594788,3.278069198131561e-05,0.001262051984667778,0.0012948326766490936,2.551265060901642e-05,0.0004945583641529083,0.0004689376801252365
535,forward,0.01249336451292038,2.8219074010849e-05,0.0233765859156847,0.02340480498969555,8.019059896469116e-05,0.0,0.0
535,backward,0.011203942820429802,1.7819926142692566e-05,0.06978839635848999,0.06980621628463268,8.182413876056671e-05,0.0,0.0
535,optimizer,0.001248663291335106,2.9241666197776794e-05,0.0012499094009399414,0.0012791510671377182,2.577155828475952e-05,0.0009366553276777267,0.00045770592987537384
536,forward,0.012733222916722298,3.3099204301834106e-05,0.023345287889242172,0.023378387093544006,9.247288107872009e-05,0.0,0.0
536,backward,0.012185705825686455,2.9731541872024536e-05,0.06881045177578926,0.06884018331766129,9.883195161819458e-05,0.0,0.0
536,optimizer,0.0014426950365304947,3.0722469091415405e-05,0.0012336894869804382,0.0012644119560718536,4.9192458391189575e-05,0.0004999004304409027,0.000487547367811203
537,forward,0.012750446796417236,3.322027623653412e-05,0.02327028475701809,0.023303505033254623,8.522160351276398e-05,0.0,0.0
537,backward,0.011882388964295387,2.0459294319152832e-05,0.06927516870200634,0.06929562799632549,8.713267743587494e-05,0.0,0.0
537,optimizer,0.0012412294745445251,3.2670795917510986e-05,0.0012460816651582718,0.0012787524610757828,3.886222839355469e-05,0.0008823350071907043,0.0005226880311965942
538,forward,0.013034330680966377,3.3210963010787964e-05,0.022963320836424828,0.022996531799435616,9.05599445104599e-05,0.0,0.0
538,backward,0.012374671176075935,2.3059546947479248e-05,0.06872711703181267,0.06875017657876015,9.242258965969086e-05,0.0,0.0
538,optimizer,0.0012530926614999771,3.088079392910004e-05,0.0012418515980243683,0.0012727323919534683,5.480833351612091e-05,0.0004953481256961823,0.00048208795487880707
539,forward,0.01285242848098278,3.3289194107055664e-05,0.023120682686567307,0.023153971880674362,9.927339851856232e-05,0.0,0.0
539,backward,0.012061512097716331,2.6579946279525757e-05,0.06893288344144821,0.06895946338772774,8.894316852092743e-05,0.0,0.0
539,optimizer,0.0012915637344121933,3.8780272006988525e-05,0.0012381002306938171,0.0012768805027008057,4.710257053375244e-05,0.000497717410326004,0.00047401711344718933
540,forward,0.012470604851841927,3.2261013984680176e-05,0.023479897528886795,0.023512158542871475,8.337199687957764e-05,0.0,0.0
540,backward,0.01146918535232544,1.6869977116584778e-05,0.06948496960103512,0.0695018395781517,8.764304220676422e-05,0.0,0.0
540,optimizer,0.0011573806405067444,3.162957727909088e-05,0.0012603513896465302,0.001291980966925621,2.4771317839622498e-05,0.0004908982664346695,0.0004578772932291031
541,forward,0.01264149695634842,2.9530376195907593e-05,0.02326122298836708,0.02329075336456299,7.726065814495087e-05,0.0,0.0
541,backward,0.01132931001484394,2.002716064453125e-05,0.06969541497528553,0.06971544213593006,8.283182978630066e-05,0.0,0.0
541,optimizer,0.0011831633746623993,3.1171366572380066e-05,0.0012473389506340027,0.0012785103172063828,2.3620203137397766e-05,0.000733550637960434,0.0004520881921052933
542,forward,0.012399131432175636,2.796761691570282e-05,0.02349906973540783,0.023527037352323532,7.969141006469727e-05,0.0,0.0
542,backward,0.011626986786723137,1.5949830412864685e-05,0.06942829117178917,0.06944424100220203,8.232146501541138e-05,0.0,0.0
542,optimizer,0.001194799318909645,3.1773000955581665e-05,0.0012541618198156357,0.0012859348207712173,2.9001384973526e-05,0.0005567576736211777,0.00045773759484291077
543,forward,0.012437831610441208,3.174133598804474e-05,0.02349395863711834,0.023525699973106384,8.313171565532684e-05,0.0,0.0
543,backward,0.011850051581859589,1.5519559383392334e-05,0.06922481581568718,0.06924033537507057,8.633174002170563e-05,0.0,0.0
543,optimizer,0.0011847391724586487,2.9752030968666077e-05,0.0012655127793550491,0.0012952648103237152,2.4108216166496277e-05,0.0008708741515874863,0.0004551168531179428
544,forward,0.012789210304617882,3.2300129532814026e-05,0.023107150569558144,0.023139450699090958,7.90916383266449e-05,0.0,0.0
544,backward,0.011458994820713997,1.7741695046424866e-05,0.06956890225410461,0.06958664394915104,8.42120498418808e-05,0.0,0.0
544,optimizer,0.0011894628405570984,3.097020089626312e-05,0.0012569613754749298,0.001287931576371193,2.7099624276161194e-05,0.0004958286881446838,0.00045522116124629974
545,forward,0.012322630733251572,3.06982547044754e-05,0.02358444221317768,0.023615140467882156,0.03995541110634804,0.0,0.0
545,backward,0.011970171704888344,5.123205482959747e-05,0.06851109676063061,0.0685623288154602,8.584000170230865e-05,0.0,0.0
545,optimizer,0.0011970195919275284,3.7690624594688416e-05,0.001261172816157341,0.0012988634407520294,2.5799497961997986e-05,0.0007883720099925995,0.00046035461127758026
546,forward,0.012362269684672356,3.091059625148773e-05,0.02358667179942131,0.023617582395672798,8.434988558292389e-05,0.0,0.0
546,backward,0.011151142418384552,1.5031546354293823e-05,0.0696791224181652,0.0696941539645195,8.685141801834106e-05,0.0,0.0
546,optimizer,0.0012221597135066986,2.880208194255829e-05,0.001261262223124504,0.0012900643050670624,2.5620684027671814e-05,0.0004908479750156403,0.00046625547111034393
547,forward,0.012280415743589401,2.9901042580604553e-05,0.023615311831235886,0.02364521287381649,8.243322372436523e-05,0.0,0.0
547,backward,0.011138387024402618,2.5406479835510254e-05,0.06978429667651653,0.06980970315635204,8.521974086761475e-05,0.0,0.0
547,optimizer,0.0012443307787179947,2.816133201122284e-05,0.001263052225112915,0.0012912135571241379,2.6028603315353394e-05,0.0004937797784805298,0.000466860830783844
548,forward,0.012326227501034737,2.931244671344757e-05,0.023584851995110512,0.02361416444182396,8.358433842658997e-05,0.0,0.0
548,backward,0.011140242218971252,1.6586855053901672e-05,0.07008705846965313,0.07010364532470703,0.00010973215103149414,0.0,0.0
548,optimizer,0.002090495079755783,5.681253969669342e-05,0.0009751468896865845,0.001031959429383278,2.633221447467804e-05,0.0004937071353197098,0.0004853401333093643
549,forward,0.01320062205195427,2.985261380672455e-05,0.02276344783604145,0.022793300449848175,8.613243699073792e-05,0.0,0.0
549,backward,0.011294791474938393,1.6259029507637024e-05,0.0695299431681633,0.06954620219767094,9.287334978580475e-05,0.0,0.0
549,optimizer,0.0012298915535211563,2.607889473438263e-05,0.0012583807110786438,0.0012844596058130264,2.4801120162010193e-05,0.0005483683198690414,0.0004716794937849045
550,forward,0.012376530095934868,3.120116889476776e-05,0.02353501133620739,0.023566212505102158,8.415058255195618e-05,0.0,0.0
550,backward,0.011196982115507126,1.3653188943862915e-05,0.06999423913657665,0.07000789232552052,9.211339056491852e-05,0.0,0.0
550,optimizer,0.0012322813272476196,2.4279579520225525e-05,0.0012614801526069641,0.0012857597321271896,2.5469809770584106e-05,0.0008139759302139282,0.0004894975572824478
551,forward,0.012313026934862137,2.8409063816070557e-05,0.023634152486920357,0.023662561550736427,8.805282413959503e-05,0.0,0.0
551,backward,0.011166958138346672,1.561082899570465e-05,0.0696391649544239,0.06965477578341961,9.039044380187988e-05,0.0,0.0
551,optimizer,0.0012522712349891663,2.606026828289032e-05,0.0012557022273540497,0.00128176249563694,2.4449080228805542e-05,0.0004970300942659378,0.0004716869443655014
552,forward,0.012386610731482506,3.0741095542907715e-05,0.023518148809671402,0.02354888990521431,8.685141801834106e-05,0.0,0.0
552,backward,0.011167919263243675,1.5061348676681519e-05,0.06996415928006172,0.0699792206287384,8.914060890674591e-05,0.0,0.0
552,optimizer,0.0012289676815271378,2.8889626264572144e-05,0.0012607332319021225,0.0012896228581666946,3.0040740966796875e-05,0.0005210191011428833,0.0004706084728240967
553,forward,0.012317100539803505,2.9200688004493713e-05,0.02362201176583767,0.023651212453842163,8.760020136833191e-05,0.0,0.0
553,backward,0.011153047904372215,1.4079734683036804e-05,0.06965284422039986,0.0696669239550829,9.20519232749939e-05,0.0,0.0
553,optimizer,0.00122758187353611,2.7183443307876587e-05,0.0012622494250535965,0.001289432868361473,2.5259330868721008e-05,0.0004972890019416809,0.00047134049236774445
554,forward,0.012340107932686806,2.9869377613067627e-05,0.02355095185339451,0.023580821231007576,8.577108383178711e-05,0.0,0.0
554,backward,0.01113089732825756,1.4299526810646057e-05,0.06992606073617935,0.06994036026299,9.02712345123291e-05,0.0,0.0
554,optimizer,0.0012283902615308762,2.902001142501831e-05,0.001261092722415924,0.0012901127338409424,2.546049654483795e-05,0.0052021704614162445,0.00047051720321178436
555,forward,0.012325441464781761,3.094039857387543e-05,0.02357259951531887,0.023603539913892746,8.563324809074402e-05,0.0,0.0
555,backward,0.011130096390843391,1.600012183189392e-05,0.06977072916924953,0.06978672929108143,8.662231266498566e-05,0.0,0.0
555,optimizer,0.001218751072883606,2.7788802981376648e-05,0.0012608915567398071,0.0012886803597211838,2.5939196348190308e-05,0.0004850011318922043,0.00046710483729839325
556,forward,0.012358259409666061,3.4710392355918884e-05,0.023498577997088432,0.02353328838944435,8.611194789409637e-05,0.0,0.0
556,backward,0.011472653597593307,1.3619661331176758e-05,0.06974976509809494,0.06976338475942612,8.830241858959198e-05,0.0,0.0
556,optimizer,0.0012305621057748795,2.763979136943817e-05,0.0012646690011024475,0.0012923087924718857,2.4100765585899353e-05,0.0008795261383056641,0.0004680473357439041
557,forward,0.012284239754080772,2.9709190130233765e-05,0.0235971100628376,0.023626819252967834,8.562207221984863e-05,0.0,0.0
557,backward,0.011189183220267296,1.6320496797561646e-05,0.06978620402514935,0.06980252452194691,8.613243699073792e-05,0.0,0.0
557,optimizer,0.001233380287885666,2.8779730200767517e-05,0.0012572910636663437,0.0012860707938671112,2.8070062398910522e-05,0.0004899278283119202,0.0004675760865211487
558,forward,0.012305499985814095,3.170035779476166e-05,0.023555081337690353,0.023586781695485115,8.130259811878204e-05,0.0,0.0
558,backward,0.011113259941339493,1.5651807188987732e-05,0.06993468850851059,0.06995034031569958,9.329244494438171e-05,0.0,0.0
558,optimizer,0.0012306105345487595,2.45608389377594e-05,0.0012604519724845886,0.001285012811422348,2.4100765585899353e-05,0.0009223558008670807,0.00046628713607788086
559,forward,0.012323090806603432,2.740137279033661e-05,0.023574670776724815,0.023602072149515152,8.593127131462097e-05,0.0,0.0
559,backward,0.01117321103811264,1.6810372471809387e-05,0.07000904902815819,0.07002585940063,9.144283831119537e-05,0.0,0.0
559,optimizer,0.0012295432388782501,2.72504985332489e-05,0.0012629497796297073,0.0012902002781629562,2.598203718662262e-05,0.0008794032037258148,0.0004705674946308136
560,forward,0.012396259233355522,3.166310489177704e-05,0.023528950288891792,0.02356061339378357,8.881092071533203e-05,0.0,0.0
560,backward,0.011141937226057053,1.4839693903923035e-05,0.0700065903365612,0.07002143003046513,9.177066385746002e-05,0.0,0.0
560,optimizer,0.001232469454407692,2.9379501938819885e-05,0.001264842227101326,0.0012942217290401459,2.3460015654563904e-05,0.0007915720343589783,0.0004714690148830414
561,forward,0.012301381677389145,2.980045974254608e-05,0.023629339411854744,0.02365913987159729,8.568167686462402e-05,0.0,0.0
561,backward,0.011166578158736229,1.527927815914154e-05,0.06968716531991959,0.06970244459807873,9.230151772499084e-05,0.0,0.0
561,optimizer,0.0011503715068101883,2.9182061553001404e-05,0.0012594815343618393,0.0012886635959148407,2.6280060410499573e-05,0.000490289181470871,0.00046999938786029816
562,forward,0.012337230145931244,2.9880553483963013e-05,0.023569460958242416,0.02359934151172638,8.747167885303497e-05,0.0,0.0
562,backward,0.011234637349843979,1.6391277313232422e-05,0.06985696963965893,0.06987336091697216,9.100325405597687e-05,0.0,0.0
562,optimizer,0.001160740852355957,2.5952234864234924e-05,0.0012614000588655472,0.001287352293729782,2.4920329451560974e-05,0.000496789813041687,0.0004668682813644409
563,forward,0.012328049167990685,2.750009298324585e-05,0.02359156124293804,0.023619061335921288,8.529052138328552e-05,0.0,0.0
563,backward,0.011173449456691742,1.630932092666626e-05,0.06955264136195183,0.0695689506828785,8.751265704631805e-05,0.0,0.0
563,optimizer,0.001163007691502571,2.8088688850402832e-05,0.0012599118053913116,0.0012880004942417145,2.333894371986389e-05,0.0005421601235866547,0.00048122741281986237
564,forward,0.012307431548833847,2.9033049941062927e-05,0.023577099665999413,0.023606132715940475,8.784420788288116e-05,0.0,0.0
564,backward,0.011223047971725464,1.4452263712882996e-05,0.06990360841155052,0.0699180606752634,8.818134665489197e-05,0.0,0.0
564,optimizer,0.0011521819978952408,2.956204116344452e-05,0.0012561995536088943,0.0012857615947723389,2.3720785975456238e-05,0.0007929820567369461,0.00048162974417209625
565,forward,0.012343693524599075,2.9901042580604553e-05,0.023613449186086655,0.02364335022866726,8.715130388736725e-05,0.0,0.0
565,backward,0.01117195188999176,1.4280900359153748e-05,0.06960953213274479,0.06962381303310394,8.984096348285675e-05,0.0,0.0
565,optimizer,0.0009541697800159454,2.923049032688141e-05,0.0012559853494167328,0.0012852158397436142,2.5119632482528687e-05,0.00048620812594890594,0.0004687253385782242
566,forward,0.012374578043818474,2.9072165489196777e-05,0.023485010489821434,0.02351408265531063,8.051283657550812e-05,0.0,0.0
566,backward,0.011151228100061417,1.736171543598175e-05,0.069932010024786,0.06994937174022198,8.5512176156044e-05,0.0,0.0
566,optimizer,0.001247897744178772,2.9141083359718323e-05,0.0012624617666006088,0.0012916028499603271,2.4810433387756348e-05,0.0008955951780080795,0.0004648752510547638
567,forward,0.012304486706852913,2.7991831302642822e-05,0.02358333207666874,0.023611323907971382,8.357129991054535e-05,0.0,0.0
567,backward,0.01114942878484726,1.742132008075714e-05,0.06988340802490711,0.06990082934498787,9.087100625038147e-05,0.0,0.0
567,optimizer,0.0011692214757204056,2.535991370677948e-05,0.001264350488781929,0.0012897104024887085,2.7231872081756592e-05,0.0004991479218006134,0.000466248020529747
568,forward,0.01235939934849739,3.016926348209381e-05,0.02351757138967514,0.023547740653157234,9.03196632862091e-05,0.0,0.0
568,backward,0.011597434058785439,1.4388933777809143e-05,0.06949660181999207,0.06951099075376987,9.317882359027863e-05,0.0,0.0
568,optimizer,0.0011507514864206314,2.6559457182884216e-05,0.0012644287198781967,0.001290988177061081,2.541951835155487e-05,0.0007992535829544067,0.000470627099275589
569,forward,0.012301422655582428,3.0821189284324646e-05,0.02362707071006298,0.023657891899347305,8.618086576461792e-05,0.0,0.0
569,backward,0.011301042512059212,1.4390796422958374e-05,0.06952237151563168,0.06953676231205463,8.932128548622131e-05,0.0,0.0
569,optimizer,0.001238107681274414,2.5698915123939514e-05,0.0012620333582162857,0.0012877322733402252,2.6008114218711853e-05,0.00048626773059368134,0.0004683472216129303
570,forward,0.012454831972718239,3.0232593417167664e-05,0.023424847051501274,0.023455079644918442,8.703954517841339e-05,0.0,0.0
570,backward,0.01110466942191124,1.7169862985610962e-05,0.07009178958833218,0.07010895945131779,8.883140981197357e-05,0.0,0.0
570,optimizer,0.0012408606708049774,2.7399510145187378e-05,0.0012541916221380234,0.0012815911322832108,2.4242326617240906e-05,0.0007025618106126785,0.0004671793431043625
571,forward,0.012340528890490532,3.0102208256721497e-05,0.023581281304359436,0.023611383512616158,8.57822597026825e-05,0.0,0.0
571,backward,0.011171337217092514,1.3940036296844482e-05,0.06986274756491184,0.06987668760120869,8.862093091011047e-05,0.0,0.0
571,optimizer,0.0011577121913433075,2.7691945433616638e-05,0.0012634899467229843,0.001291181892156601,2.7760863304138184e-05,0.0009830296039581299,0.00047416798770427704
572,forward,0.012232717126607895,3.0798837542533875e-05,0.023737123236060143,0.023767922073602676,8.811242878437042e-05,0.0,0.0
572,backward,0.011134287342429161,1.4131888747215271e-05,0.06977366842329502,0.06978780031204224,9.198300540447235e-05,0.0,0.0
572,optimizer,0.0012200791388750076,2.824142575263977e-05,0.001258302479982376,0.0012865439057350159,2.374127507209778e-05,0.0004901178181171417,0.00047596730291843414
573,forward,0.012293528765439987,2.9100105166435242e-05,0.023595262318849564,0.023624362424016,8.485279977321625e-05,0.0,0.0
573,backward,0.01121542975306511,1.4880672097206116e-05,0.06968997605144978,0.06970485672354698,8.699111640453339e-05,0.0,0.0
573,optimizer,0.0011699311435222626,2.8420239686965942e-05,0.0012595821171998978,0.0012880023568868637,2.4531036615371704e-05,0.00048289820551872253,0.0004663746803998947
574,forward,0.012337818741798401,2.896226942539215e-05,0.023551400750875473,0.023580363020300865,8.451193571090698e-05,0.0,0.0
574,backward,0.01154593750834465,1.589953899383545e-05,0.06964150257408619,0.06965740211308002,8.827261626720428e-05,0.0,0.0
574,optimizer,0.0012302901595830917,2.7040019631385803e-05,0.0012705624103546143,0.001297602429986,2.9651448130607605e-05,0.0004980377852916718,0.0004666280001401901
575,forward,0.012656394392251968,2.73287296295166e-05,0.02327776700258255,0.023305095732212067,8.551031351089478e-05,0.0,0.0
575,backward,0.011593848466873169,1.4679506421089172e-05,0.06924694590270519,0.06926162540912628,8.747167885303497e-05,0.0,0.0
575,optimizer,0.0012226887047290802,2.861209213733673e-05,0.0012571513652801514,0.001285763457417488,2.520717680454254e-05,0.0004938263446092606,0.0004731789231300354
576,forward,0.0122624970972538,3.1013041734695435e-05,0.02365226298570633,0.023683276027441025,8.341297507286072e-05,0.0,0.0
576,backward,0.01115327887237072,1.644901931285858e-05,0.07014952227473259,0.07016597129404545,8.931010961532593e-05,0.0,0.0
576,optimizer,0.0012234244495630264,2.8392300009727478e-05,0.0012620799243450165,0.001290472224354744,2.3009255528450012e-05,0.001019468531012535,0.0004688482731580734
577,forward,0.012285107746720314,3.0251219868659973e-05,0.023630283772945404,0.023660534992814064,0.00016632303595542908,0.0,0.0
577,backward,0.011168897151947021,2.752058207988739e-05,0.06975344754755497,0.06978096812963486,9.102001786231995e-05,0.0,0.0
577,optimizer,0.0011572390794754028,2.4512410163879395e-05,0.0012627802789211273,0.0012872926890850067,2.5607645511627197e-05,0.0004919953644275665,0.0004695206880569458
578,forward,0.012384580448269844,3.0841678380966187e-05,0.023518860340118408,0.023549702018499374,8.688308298587799e-05,0.0,0.0
578,backward,0.01113535650074482,1.580081880092621e-05,0.07001198083162308,0.070027781650424,8.936040103435516e-05,0.0,0.0
578,optimizer,0.0012250300496816635,2.7280300855636597e-05,0.001259882003068924,0.0012871623039245605,2.5101006031036377e-05,0.0008079204708337784,0.0004626363515853882
579,forward,0.012386370450258255,2.9360875487327576e-05,0.02355846017599106,0.023587821051478386,9.094364941120148e-05,0.0,0.0
579,backward,0.011175088584423065,1.418963074684143e-05,0.0696290023624897,0.06964319199323654,9.426102042198181e-05,0.0,0.0
579,optimizer,0.001220420002937317,2.655014395713806e-05,0.00125880166888237,0.001285351812839508,2.3132190108299255e-05,0.0004974193871021271,0.0004726201295852661
580,forward,0.012449951842427254,3.1361356377601624e-05,0.023455888032913208,0.02348724938929081,8.454173803329468e-05,0.0,0.0
580,backward,0.011326862499117851,1.3729557394981384e-05,0.0698228757828474,0.06983660534024239,9.068287909030914e-05,0.0,0.0
580,optimizer,0.0011601801961660385,2.7691945433616638e-05,0.0012630410492420197,0.0012907329946756363,2.32793390750885e-05,0.0008044745773077011,0.00046776793897151947
581,forward,0.012371519580483437,2.903863787651062e-05,0.023612402379512787,0.023641441017389297,8.674152195453644e-05,0.0,0.0
581,backward,0.011510815471410751,1.562945544719696e-05,0.06938004866242409,0.06939567811787128,8.791312575340271e-05,0.0,0.0
581,optimizer,0.0011700689792633057,2.969987690448761e-05,0.0012595802545547485,0.0012892801314592361,2.365000545978546e-05,0.0004986263811588287,0.000476958230137825
582,forward,0.01227523759007454,2.973899245262146e-05,0.02359406277537346,0.02362380176782608,8.409097790718079e-05,0.0,0.0
582,backward,0.012074893340468407,4.0123239159584045e-05,0.06912601366639137,0.06916613690555096,8.710101246833801e-05,0.0,0.0
582,optimizer,0.0012512113898992538,2.8580427169799805e-05,0.0012632329016923904,0.0012918133288621902,2.720952033996582e-05,0.0005505308508872986,0.0004745274782180786
583,forward,0.012529252097010612,2.758018672466278e-05,0.023363597691059113,0.023391177877783775,8.425302803516388e-05,0.0,0.0
583,backward,0.011122765019536018,1.4970079064369202e-05,0.06996041163802147,0.06997538171708584,9.003095328807831e-05,0.0,0.0
583,optimizer,0.0012249033898115158,2.794899046421051e-05,0.0012548808008432388,0.0012828297913074493,2.473965287208557e-05,0.0007808934897184372,0.0004738885909318924
584,forward,0.012577876448631287,3.06200236082077e-05,0.02334945648908615,0.02338007651269436,8.763186633586884e-05,0.0,0.0
584,backward,0.011110696941614151,1.3820827007293701e-05,0.06965408474206924,0.06966790556907654,8.77920538187027e-05,0.0,0.0
584,optimizer,0.0012159217149019241,2.940930426120758e-05,0.0012600906193256378,0.0012894999235868454,2.4022534489631653e-05,0.000482877716422081,0.0004697181284427643
585,forward,0.012345736846327782,2.9686838388442993e-05,0.02351365238428116,0.0235433392226696,8.114241063594818e-05,0.0,0.0
585,backward,0.011176679283380508,1.730024814605713e-05,0.06998701207339764,0.0700043123215437,9.227171540260315e-05,0.0,0.0
585,optimizer,0.001181870698928833,2.6268884539604187e-05,0.0012569315731525421,0.0012832004576921463,2.3460015654563904e-05,0.0007842574268579483,0.00046239979565143585
586,forward,0.01230837032198906,2.9148533940315247e-05,0.023596512153744698,0.023625660687685013,0.00020496360957622528,0.0,0.0
586,backward,0.011113479733467102,2.9709190130233765e-05,0.06977325677871704,0.06980296596884727,9.096041321754456e-05,0.0,0.0
586,optimizer,0.0012348480522632599,2.6579946279525757e-05,0.0012594331055879593,0.001286013051867485,2.650730311870575e-05,0.000492507591843605,0.0004709400236606598
587,forward,0.012305507436394691,2.850964665412903e-05,0.02358173206448555,0.02361024171113968,8.635222911834717e-05,0.0,0.0
587,backward,0.011168912053108215,1.3960525393486023e-05,0.06989354826509953,0.06990750879049301,9.047985076904297e-05,0.0,0.0
587,optimizer,0.0012322813272476196,2.5959685444831848e-05,0.0012526102364063263,0.0012785699218511581,2.7321279048919678e-05,0.0008878838270902634,0.0004732683300971985
588,forward,0.012315897271037102,2.9802322387695312e-05,0.02357083186507225,0.023600634187459946,8.702278137207031e-05,0.0,0.0
588,backward,0.011222971603274345,1.556985080242157e-05,0.06985755823552608,0.0698731280863285,9.240210056304932e-05,0.0,0.0
588,optimizer,0.0011555925011634827,2.850964665412903e-05,0.001262100413441658,0.001290610060095787,2.5181099772453308e-05,0.0005063600838184357,0.00047211721539497375
589,forward,0.012344971299171448,2.9180198907852173e-05,0.023556260392069817,0.02358544059097767,8.636340498924255e-05,0.0,0.0
589,backward,0.011228691786527634,1.590140163898468e-05,0.06983273662626743,0.06984863802790642,9.099207818508148e-05,0.0,0.0
589,optimizer,0.0011633168905973434,2.9010698199272156e-05,0.0012599024921655655,0.0012889131903648376,2.4342909455299377e-05,0.0008650738745927811,0.0004671066999435425
590,forward,0.012366918846964836,2.9092654585838318e-05,0.02352830022573471,0.02355739288032055,0.00015498138964176178,0.0,0.0
590,backward,0.011177746579051018,1.741945743560791e-05,0.06966623663902283,0.06968365609645844,8.186139166355133e-05,0.0,0.0
590,optimizer,0.00118195079267025,3.817118704319e-05,0.0012452509254217148,0.0012834221124649048,2.6911497116088867e-05,0.0004953183233737946,0.0004428792744874954
591,forward,0.012309689074754715,4.403106868267059e-05,0.0235959030687809,0.02363993413746357,9.29124653339386e-05,0.0,0.0
591,backward,0.011158719658851624,1.5098601579666138e-05,0.0699029490351677,0.06991804763674736,9.036064147949219e-05,0.0,0.0
591,optimizer,0.0011638570576906204,2.783164381980896e-05,0.0012615732848644257,0.0012894049286842346,2.3638829588890076e-05,0.0008829832077026367,0.0004746280610561371
592,forward,0.012780018150806427,3.103911876678467e-05,0.023100802674889565,0.02313184179365635,8.523277938365936e-05,0.0,0.0
592,backward,0.011199796572327614,1.4699995517730713e-05,0.06998782977461815,0.07000252977013588,8.893199265003204e-05,0.0,0.0
592,optimizer,0.0011468790471553802,2.7820467948913574e-05,0.0012656617909669876,0.0012934822589159012,2.3072585463523865e-05,0.0009095091372728348,0.00046477653086185455
593,forward,0.012453848496079445,3.0327588319778442e-05,0.023432539775967598,0.023462867364287376,8.245930075645447e-05,0.0,0.0
593,backward,0.011145230382680893,1.6160309314727783e-05,0.06981920637190342,0.06983536668121815,8.64621251821518e-05,0.0,0.0
593,optimizer,0.0011573396623134613,2.8099864721298218e-05,0.0012623630464076996,0.0012904629111289978,2.230145037174225e-05,0.0006017200648784637,0.0004655085504055023
594,forward,0.012319961562752724,2.98917293548584e-05,0.023557059466838837,0.023586951196193695,8.522160351276398e-05,0.0,0.0
594,backward,0.011109847575426102,1.7840415239334106e-05,0.06999436020851135,0.07001220062375069,9.156018495559692e-05,0.0,0.0
594,optimizer,0.0012564808130264282,2.5929883122444153e-05,0.0012569613754749298,0.001282891258597374,2.847239375114441e-05,0.00051167793571949,0.0004665181040763855
595,forward,0.012297237291932106,2.7259811758995056e-05,0.023627130314707756,0.02365439012646675,8.470378816127777e-05,0.0,0.0
595,backward,0.011128105223178864,1.5603378415107727e-05,0.06971192732453346,0.06972753070294857,9.096227586269379e-05,0.0,0.0
595,optimizer,0.001239243894815445,2.518296241760254e-05,0.00125947967171669,0.0012846626341342926,2.580694854259491e-05,0.0004920884966850281,0.0004748981446027756
596,forward,0.012358836829662323,3.058090806007385e-05,0.023582322522997856,0.02361290343105793,8.620135486125946e-05,0.0,0.0
596,backward,0.011542197316884995,1.4860183000564575e-05,0.06978072412312031,0.06979558430612087,9.451992809772491e-05,0.0,0.0
596,optimizer,0.0012266021221876144,2.5227665901184082e-05,0.0012600012123584747,0.0012852288782596588,2.2821128368377686e-05,0.0008110236376523972,0.0004759170114994049
597,forward,0.012316159904003143,2.8500333428382874e-05,0.023657752200961113,0.023686252534389496,8.581206202507019e-05,0.0,0.0
597,backward,0.011473122984170914,1.574680209159851e-05,0.06934292800724506,0.06935867480933666,9.226053953170776e-05,0.0,0.0
597,optimizer,0.001161620020866394,2.8172507882118225e-05,0.0012591313570737839,0.001287303864955902,2.280808985233307e-05,0.0004993956536054611,0.0004818178713321686
598,forward,0.012358110398054123,2.9832124710083008e-05,0.023553580045700073,0.023583412170410156,8.593127131462097e-05,0.0,0.0
598,backward,0.011179180815815926,1.805834472179413e-05,0.06995457783341408,0.06997263617813587,8.735060691833496e-05,0.0,0.0
598,optimizer,0.0011666994541883469,2.795085310935974e-05,0.0012650303542613983,0.001292981207370758,2.329982817173004e-05,0.0010377783328294754,0.00047205761075019836
599,forward,0.012239130213856697,3.144703805446625e-05,0.02365897037088871,0.023690417408943176,8.649192750453949e-05,0.0,0.0
599,backward,0.011204740032553673,1.559033989906311e-05,0.06984636932611465,0.06986195966601372,9.34302806854248e-05,0.0,0.0
599,optimizer,0.001160239800810814,2.8070062398910522e-05,0.0012585818767547607,0.0012866519391536713,2.468004822731018e-05,0.0008656326681375504,0.0004708077758550644
600,forward,0.012434469535946846,3.0502676963806152e-05,0.023437747731804848,0.023468250408768654,8.607283234596252e-05,0.0,0.0
600,backward,0.011206278577446938,1.4711171388626099e-05,0.06994668953120708,0.06996140070259571,9.024329483509064e-05,0.0,0.0
600,optimizer,0.0011594295501708984,2.7431175112724304e-05,0.0012609902769327164,0.0012884214520454407,2.67811119556427e-05,0.0004923287779092789,0.0004681367427110672
601,forward,0.012326318770647049,2.8539448976516724e-05,0.02355501987040043,0.023583559319376945,8.966214954853058e-05,0.0,0.0
601,backward,0.01116126962006092,1.8261373043060303e-05,0.06971237435936928,0.06973063573241234,8.490495383739471e-05,0.0,0.0
601,optimizer,0.001162191852927208,2.7351081371307373e-05,0.0012630708515644073,0.0012904219329357147,2.6229768991470337e-05,0.0004946980625391006,0.00046854838728904724
602,forward,0.012820936739444733,2.8928741812705994e-05,0.023054461926221848,0.023083390668034554,8.441135287284851e-05,0.0,0.0
602,backward,0.011171683669090271,1.5690922737121582e-05,0.07006567902863026,0.07008136995136738,8.834339678287506e-05,0.0,0.0
602,optimizer,0.0011883806437253952,2.8450042009353638e-05,0.0012585613876581192,0.0012870114296674728,2.541951835155487e-05,0.0008889138698577881,0.0004648882895708084
603,forward,0.012350218370556831,3.1288713216781616e-05,0.023557713255286217,0.023589001968503,8.570030331611633e-05,0.0,0.0
603,backward,0.011199293658137321,1.560710370540619e-05,0.06955145113170147,0.06956705823540688,8.594058454036713e-05,0.0,0.0
603,optimizer,0.0011630672961473465,3.005191683769226e-05,0.001261252909898758,0.0012913048267364502,2.4979934096336365e-05,0.0006760228425264359,0.00046356767416000366
604,forward,0.01242103986442089,3.1070783734321594e-05,0.023484740406274796,0.023515811190009117,8.095242083072662e-05,0.0,0.0
604,backward,0.011184602975845337,1.5700235962867737e-05,0.06987819634377956,0.06989389657974243,9.343214333057404e-05,0.0,0.0
604,optimizer,0.0009582843631505966,2.6112422347068787e-05,0.0012584421783685684,0.0012845546007156372,2.561137080192566e-05,0.0004987772554159164,0.0004678592085838318
605,forward,0.012260878458619118,2.898275852203369e-05,0.023690853267908096,0.02371983602643013,8.722208440303802e-05,0.0,0.0
605,backward,0.011093026027083397,1.76113098859787e-05,0.0697344671934843,0.06975207850337029,9.342096745967865e-05,0.0,0.0
605,optimizer,0.001157158985733986,2.4691224098205566e-05,0.001255962997674942,0.0012806542217731476,2.4721026420593262e-05,0.0004969779402017593,0.0004773791879415512
606,forward,0.012396732345223427,2.937018871307373e-05,0.023496687412261963,0.023526057600975037,8.613057434558868e-05,0.0,0.0
606,backward,0.011207951232790947,1.4431774616241455e-05,0.06988365761935711,0.06989808939397335,8.923187851905823e-05,0.0,0.0
606,optimizer,0.0011765006929636002,2.8599053621292114e-05,0.0012633614242076874,0.0012919604778289795,2.419017255306244e-05,0.0008897855877876282,0.0004652291536331177
607,forward,0.012387922033667564,2.9999762773513794e-05,0.02353930100798607,0.023569300770759583,9.071268141269684e-05,0.0,0.0
607,backward,0.011220840737223625,1.5089288353919983e-05,0.06961995363235474,0.06963504292070866,9.321048855781555e-05,0.0,0.0
607,optimizer,0.0011792909353971481,2.964027225971222e-05,0.001260051503777504,0.0012896917760372162,2.4791806936264038e-05,0.0005062408745288849,0.00046931952238082886
608,forward,0.01237541064620018,3.0059367418289185e-05,0.02348726987838745,0.02351732924580574,8.42902809381485e-05,0.0,0.0
608,backward,0.011180451139807701,1.4750286936759949e-05,0.0698708277195692,0.06988557800650597,9.03792679309845e-05,0.0,0.0
608,optimizer,0.0011662989854812622,2.919137477874756e-05,0.0012628622353076935,0.001292053610086441,2.5480985641479492e-05,0.0008497554808855057,0.00046554766595363617
609,forward,0.012359367683529854,3.086961805820465e-05,0.02355223149061203,0.023583101108670235,8.409097790718079e-05,0.0,0.0
609,backward,0.011147409677505493,1.5638768672943115e-05,0.06998039968311787,0.06999603845179081,8.665956556797028e-05,0.0,0.0
609,optimizer,0.001160239800810814,2.6609748601913452e-05,0.0012624803930521011,0.0012890901416540146,2.3962929844856262e-05,0.000910906121134758,0.00048103928565979004
610,forward,0.012407280504703522,2.857111394405365e-05,0.023536570370197296,0.02356514148414135,8.726119995117188e-05,0.0,0.0
610,backward,0.011075938120484352,1.5202909708023071e-05,0.06974446587264538,0.0697596687823534,8.756108582019806e-05,0.0,0.0
610,optimizer,0.0012284517288208008,2.7447938919067383e-05,0.0012599620968103409,0.0012874100357294083,2.3011118173599243e-05,0.0004912484437227249,0.00046730972826480865
611,forward,0.012375801801681519,2.8621405363082886e-05,0.02350729890167713,0.023535920307040215,8.598901331424713e-05,0.0,0.0
611,backward,0.011153608560562134,1.597963273525238e-05,0.06974258460104465,0.06975856423377991,8.771941065788269e-05,0.0,0.0
611,optimizer,0.00122162327170372,3.476068377494812e-05,0.0012684892863035202,0.0013032499700784683,2.4240463972091675e-05,0.0004990287125110626,0.0004714597016572952
612,forward,0.012404821813106537,3.078952431678772e-05,0.023477349430322647,0.023508138954639435,8.269213140010834e-05,0.0,0.0
612,backward,0.011158209294080734,1.4601275324821472e-05,0.06997022032737732,0.06998482160270214,9.451247751712799e-05,0.0,0.0
612,optimizer,0.0011731311678886414,2.7319416403770447e-05,0.0012642499059438705,0.001291569322347641,2.7533620595932007e-05,0.0004975758492946625,0.0004701279103755951
613,forward,0.012429740279912949,3.082863986492157e-05,0.02345522865653038,0.023486057296395302,7.959268987178802e-05,0.0,0.0
613,backward,0.01121591031551361,1.781061291694641e-05,0.0698203556239605,0.06983816623687744,9.240210056304932e-05,0.0,0.0
613,optimizer,0.0011696983128786087,2.53431499004364e-05,0.0012552719563245773,0.0012806151062250137,2.3478642106056213e-05,0.0010513290762901306,0.0004764385521411896
614,forward,0.012450061738491058,2.9120594263076782e-05,0.023423397913575172,0.02345251850783825,8.871033787727356e-05,0.0,0.0
614,backward,0.01119263842701912,1.4899298548698425e-05,0.06986396946012974,0.06987886875867844,9.311176836490631e-05,0.0,0.0
614,optimizer,0.0011682100594043732,2.7079135179519653e-05,0.001261591911315918,0.0012886710464954376,2.5210902094841003e-05,0.0004928987473249435,0.0004673972725868225
615,forward,0.012372279539704323,3.1132251024246216e-05,0.02351859025657177,0.023549722507596016,8.906237781047821e-05,0.0,0.0
615,backward,0.011190660297870636,1.490861177444458e-05,0.0698753371834755,0.06989024579524994,9.486265480518341e-05,0.0,0.0
615,optimizer,0.0011538304388523102,2.8653070330619812e-05,0.001260221004486084,0.0012888740748167038,2.3281201720237732e-05,0.0008314251899719238,0.0004704464226961136
616,forward,0.012394590303301811,3.181956708431244e-05,0.023545999079942703,0.023577818647027016,0.00011847168207168579,0.0,0.0
616,backward,0.011988533660769463,3.304146230220795e-05,0.06929266825318336,0.06932570971548557,9.295158088207245e-05,0.0,0.0
616,optimizer,0.0011803917586803436,2.6889145374298096e-05,0.001257050782442093,0.001283939927816391,2.494826912879944e-05,0.0004986394196748734,0.00047434866428375244
617,forward,0.012397589161992073,2.974085509777069e-05,0.023523671552538872,0.023553412407636642,8.6979940533638e-05,0.0,0.0
617,backward,0.011159928515553474,1.7059966921806335e-05,0.06995301134884357,0.06997007131576538,8.860975503921509e-05,0.0,0.0
617,optimizer,0.0011757276952266693,2.8099864721298218e-05,0.0012626834213733673,0.0012907832860946655,2.609938383102417e-05,0.0010508894920349121,0.00046564824879169464
618,forward,0.01237817108631134,2.8382986783981323e-05,0.023576421663165092,0.023604804649949074,8.804909884929657e-05,0.0,0.0
618,backward,0.011267684400081635,1.4808028936386108e-05,0.06952113099396229,0.06953593902289867,8.872151374816895e-05,0.0,0.0
618,optimizer,0.001166846603155136,2.7799978852272034e-05,0.001262173056602478,0.00128997303545475,2.5043264031410217e-05,0.0005006361752748489,0.0004734210669994354
619,forward,0.012299889698624611,3.729015588760376e-05,0.02358660101890564,0.023623891174793243,8.766353130340576e-05,0.0,0.0
619,backward,0.011167651042342186,1.4210119843482971e-05,0.06986436806619167,0.06987857818603516,9.131059050559998e-05,0.0,0.0
619,optimizer,0.0011633485555648804,3.040023148059845e-05,0.001256631687283516,0.0012870319187641144,2.368912100791931e-05,0.000872734934091568,0.00046800822019577026
620,forward,0.012416541576385498,3.100931644439697e-05,0.023534629493951797,0.023565638810396194,8.273124694824219e-05,0.0,0.0
620,backward,0.011103076860308647,1.4550983905792236e-05,0.06978275813162327,0.06979730911552906,8.731149137020111e-05,0.0,0.0
620,optimizer,0.001232888549566269,2.5620684027671814e-05,0.0012583117932081223,0.001283932477235794,2.4769455194473267e-05,0.0005009602755308151,0.00046930089592933655
621,forward,0.012723656371235847,2.8232112526893616e-05,0.02312932349741459,0.023157555609941483,8.239224553108215e-05,0.0,0.0
621,backward,0.011111248284578323,1.8319115042686462e-05,0.06972057744860649,0.06973889656364918,9.151920676231384e-05,0.0,0.0
621,optimizer,0.0012297406792640686,2.7349218726158142e-05,0.0012642722576856613,0.0012916214764118195,2.6319175958633423e-05,0.00048454105854034424,0.000467667356133461
622,forward,0.01234843023121357,2.747960388660431e-05,0.02352461963891983,0.023552099242806435,7.991865277290344e-05,0.0,0.0
622,backward,0.01109285093843937,1.638941466808319e-05,0.06989295594394207,0.06990934535861015,9.211339056491852e-05,0.0,0.0
622,optimizer,0.0012375414371490479,2.7548521757125854e-05,0.001261511817574501,0.001289060339331627,2.5199726223945618e-05,0.0008506830781698227,0.00047150813043117523
623,forward,0.012297030538320541,3.130920231342316e-05,0.02359963208436966,0.023630941286683083,8.879974484443665e-05,0.0,0.0
623,backward,0.011196119710803032,1.4599412679672241e-05,0.06960422545671463,0.0696188248693943,9.29608941078186e-05,0.0,0.0
623,optimizer,0.0012174006551504135,2.6948750019073486e-05,0.00125931017100811,0.0012862589210271835,2.3560598492622375e-05,0.0004908367991447449,0.00047017820179462433
624,forward,0.012351980432868004,2.9379501938819885e-05,0.02353127859532833,0.02356065809726715,8.638016879558563e-05,0.0,0.0
624,backward,0.01112138107419014,1.4347955584526062e-05,0.07014228217303753,0.07015663012862206,9.100139141082764e-05,0.0,0.0
624,optimizer,0.0012275483459234238,2.9221177101135254e-05,0.0012644920498132706,0.0012937132269144058,2.2860243916511536e-05,0.0009076464921236038,0.0004642978310585022
625,forward,0.012350969016551971,2.9381364583969116e-05,0.023548969998955727,0.023578351363539696,8.600205183029175e-05,0.0,0.0
625,backward,0.011140009388327599,1.6178935766220093e-05,0.06980985589325428,0.0698260348290205,0.00010046176612377167,0.0,0.0
625,optimizer,0.0012180637568235397,2.7729198336601257e-05,0.0012602414935827255,0.0012879706919193268,2.6278197765350342e-05,0.0004912782460451126,0.0004668179899454117
626,forward,0.012319870293140411,2.9399991035461426e-05,0.023595212027430534,0.023624612018465996,8.6270272731781e-05,0.0,0.0
626,backward,0.011133050546050072,1.5031546354293823e-05,0.06957743130624294,0.06959246285259724,8.700042963027954e-05,0.0,0.0
626,optimizer,0.001228339970111847,2.861209213733673e-05,0.0012623202055692673,0.001290932297706604,2.5480985641479492e-05,0.0005376413464546204,0.0004669874906539917
627,forward,0.012355281040072441,3.056041896343231e-05,0.02352334000170231,0.02355390042066574,8.85985791683197e-05,0.0,0.0
627,backward,0.0111358892172575,1.4301389455795288e-05,0.07007177174091339,0.07008607313036919,8.95913690328598e-05,0.0,0.0
627,optimizer,0.0012206099927425385,2.8440728783607483e-05,0.0012602228671312332,0.0012886635959148407,2.5579705834388733e-05,0.0005552489310503006,0.00046361610293388367
628,forward,0.012657614424824715,3.056041896343231e-05,0.02327120676636696,0.02330176718533039,8.645094931125641e-05,0.0,0.0
628,backward,0.011078720912337303,1.4118850231170654e-05,0.0697499755769968,0.06976409442722797,8.66912305355072e-05,0.0,0.0
628,optimizer,0.001232009381055832,2.9299408197402954e-05,0.0012577716261148453,0.0012870710343122482,2.5600194931030273e-05,0.0004950109869241714,0.0004659295082092285
629,forward,0.012417059391736984,3.16910445690155e-05,0.0234955083578825,0.023527199402451515,8.327141404151917e-05,0.0,0.0
629,backward,0.011141337454319,1.7290934920310974e-05,0.069999560713768,0.07001685164868832,8.575059473514557e-05,0.0,0.0
629,optimizer,0.0012293905019760132,2.7611851692199707e-05,0.001260221004486084,0.0012878328561782837,2.608075737953186e-05,0.002365492284297943,0.0004696883261203766
630,forward,0.012737840414047241,2.9159709811210632e-05,0.023199351504445076,0.023228511214256287,8.338317275047302e-05,0.0,0.0
630,backward,0.011130748316645622,1.703202724456787e-05,0.06965459324419498,0.06967162527143955,9.342096745967865e-05,0.0,0.0
630,optimizer,0.0012374203652143478,2.788752317428589e-05,0.0012586619704961777,0.0012865494936704636,2.386048436164856e-05,0.0004913676530122757,0.0004708487540483475
631,forward,0.012357760220766068,3.1150877475738525e-05,0.023540139198303223,0.02357129007577896,8.80509614944458e-05,0.0,0.0
631,backward,0.011197023093700409,1.379847526550293e-05,0.06983340531587601,0.06984720379114151,9.489990770816803e-05,0.0,0.0
631,optimizer,0.001217098906636238,2.7220696210861206e-05,0.001261252909898758,0.0012884736061096191,2.3908913135528564e-05,0.0008613038808107376,0.0004702974110841751
632,forward,0.01240709237754345,3.0759721994400024e-05,0.023479918017983437,0.023510677739977837,8.700229227542877e-05,0.0,0.0
632,backward,0.011141840368509293,1.5042722225189209e-05,0.07002703100442886,0.07004207372665405,8.956156671047211e-05,0.0,0.0
632,optimizer,0.0012304000556468964,2.9159709811210632e-05,0.0012679826468229294,0.00129714235663414,2.61012464761734e-05,0.0009568464010953903,0.0004705488681793213
633,forward,0.012402631342411041,2.7300789952278137e-05,0.023526139557361603,0.02355344034731388,8.73710960149765e-05,0.0,0.0
633,backward,0.01110466755926609,1.5849247574806213e-05,0.06970281526446342,0.06971866451203823,8.958205580711365e-05,0.0,0.0
633,optimizer,0.0012216977775096893,2.6632100343704224e-05,0.001262841746211052,0.0012894738465547562,2.4860724806785583e-05,0.0004929788410663605,0.0004681479185819626
634,forward,0.012657232582569122,2.9198825359344482e-05,0.02325494773685932,0.023284146562218666,8.392892777919769e-05,0.0,0.0
634,backward,0.0110974982380867,1.5340745449066162e-05,0.07014359347522259,0.07015893422067165,9.042210876941681e-05,0.0,0.0
634,optimizer,0.0012186113744974136,2.789124846458435e-05,0.0012638121843338013,0.0012917034327983856,2.290681004524231e-05,0.0009614564478397369,0.0004693884402513504
635,forward,0.012338642030954361,3.090128302574158e-05,0.023604420945048332,0.023635322228074074,8.888170123100281e-05,0.0,0.0
635,backward,0.011293342337012291,1.4802441000938416e-05,0.06949038058519363,0.06950518302619457,9.129196405410767e-05,0.0,0.0
635,optimizer,0.0011514779180288315,2.905912697315216e-05,0.0012566018849611282,0.0012856610119342804,2.3730099201202393e-05,0.0004943683743476868,0.0004723183810710907
636,forward,0.012404600158333778,3.2318755984306335e-05,0.023502979427576065,0.02353529818356037,8.440017700195312e-05,0.0,0.0
636,backward,0.011164799332618713,1.5459954738616943e-05,0.06990936025977135,0.06992482021450996,8.855201303958893e-05,0.0,0.0
636,optimizer,0.0011482778936624527,2.73287296295166e-05,0.0012560412287712097,0.0012833699584007263,2.4419277906417847e-05,0.0004904977977275848,0.0004630088806152344
637,forward,0.012422779574990273,2.997182309627533e-05,0.023509029299020767,0.023539001122117043,8.346326649188995e-05,0.0,0.0
637,backward,0.011188481003046036,1.6860663890838623e-05,0.06978314556181431,0.06980000622570515,8.61920416355133e-05,0.0,0.0
637,optimizer,0.0011634603142738342,2.668239176273346e-05,0.0012632329016923904,0.001289915293455124,2.3029744625091553e-05,0.0007990319281816483,0.00048661790788173676
638,forward,0.012793328613042831,2.9712915420532227e-05,0.02313513122498989,0.023164844140410423,0.00020249374210834503,0.0,0.0
638,backward,0.011158069595694542,2.683885395526886e-05,0.06970429234206676,0.06973113119602203,8.588097989559174e-05,0.0,0.0
638,optimizer,0.0011610686779022217,2.96812504529953e-05,0.0012610815465450287,0.001290762796998024,2.6250258088111877e-05,0.0004988685250282288,0.0004729796200990677
639,forward,0.012381019070744514,2.9729679226875305e-05,0.0235221516340971,0.023551881313323975,8.266046643257141e-05,0.0,0.0
639,backward,0.01119757816195488,1.6590580344200134e-05,0.06979633867740631,0.06981292925775051,9.075179696083069e-05,0.0,0.0
639,optimizer,0.001167459413409233,2.8440728783607483e-05,0.0012633223086595535,0.001291763037443161,2.403929829597473e-05,0.000872613862156868,0.0004817284643650055
640,forward,0.012412013486027718,2.9200688004493713e-05,0.023462167009711266,0.02349136769771576,8.059293031692505e-05,0.0,0.0
640,backward,0.011101758107542992,1.5558674931526184e-05,0.06981321796774864,0.06982877664268017,8.937157690525055e-05,0.0,0.0
640,optimizer,0.001228542998433113,2.8269365429878235e-05,0.0012569986283779144,0.0012852679938077927,2.5480985641479492e-05,0.0004913192242383957,0.00046880729496479034
641,forward,0.012322599068284035,2.896040678024292e-05,0.023584989830851555,0.023613950237631798,8.608214557170868e-05,0.0,0.0
641,backward,0.011100169271230698,1.663900911808014e-05,0.06967426463961601,0.06969090364873409,9.180046617984772e-05,0.0,0.0
641,optimizer,0.0012314822524785995,2.6378780603408813e-05,0.0012630317360162735,0.0012894105166196823,2.4627894163131714e-05,0.0004847683012485504,0.00047418102622032166
642,forward,0.012387771159410477,2.888217568397522e-05,0.023510560393333435,0.02353944256901741,8.320063352584839e-05,0.0,0.0
642,backward,0.011162890121340752,1.4230608940124512e-05,0.06995456852018833,0.06996879912912846,9.00421291589737e-05,0.0,0.0
642,optimizer,0.0012570619583129883,2.9692426323890686e-05,0.0012613721191883087,0.0012910645455121994,2.6240944862365723e-05,0.0008666440844535828,0.0004743989557027817
643,forward,0.012368083000183105,2.9569491744041443e-05,0.023564890027046204,0.023594459518790245,8.921138942241669e-05,0.0,0.0
643,backward,0.011156605556607246,1.3560056686401367e-05,0.06954871863126755,0.06956227868795395,9.311176836490631e-05,0.0,0.0
643,optimizer,0.0009397156536579132,3.224983811378479e-05,0.0012605413794517517,0.0012927912175655365,2.3750588297843933e-05,0.0004985276609659195,0.00047241710126399994
644,forward,0.012423381209373474,2.9647722840309143e-05,0.023471558466553688,0.023501206189393997,8.523277938365936e-05,0.0,0.0
644,backward,0.011125527322292328,1.6001984477043152e-05,0.06995000876486301,0.06996601074934006,9.067356586456299e-05,0.0,0.0
644,optimizer,0.0012284088879823685,2.7392059564590454e-05,0.0012585632503032684,0.0012859553098678589,9.994208812713623e-05,0.000516427680850029,0.0004690196365118027
645,forward,0.012359600514173508,2.9379501938819885e-05,0.0234899390488863,0.02351931855082512,8.127093315124512e-05,0.0,0.0
645,backward,0.011139869689941406,1.7561018466949463e-05,0.06980084627866745,0.0698184072971344,8.879974484443665e-05,0.0,0.0
645,optimizer,0.0012317914515733719,2.777017652988434e-05,0.0012668706476688385,0.0012946408241987228,2.4098902940750122e-05,0.0008163247257471085,0.00046962685883045197
646,forward,0.012407911941409111,2.9593706130981445e-05,0.023488769307732582,0.023518363013863564,8.655153214931488e-05,0.0,0.0
646,backward,0.011158687993884087,1.3841316103935242e-05,0.07006322219967842,0.07007706351578236,8.901208639144897e-05,0.0,0.0
646,optimizer,0.00121317058801651,3.0027702450752258e-05,0.0012565813958644867,0.001286609098315239,2.4860724806785583e-05,0.0007979925721883774,0.00046729668974876404
647,forward,0.012413481250405312,3.0739232897758484e-05,0.023472007364034653,0.02350274659693241,8.430145680904388e-05,0.0,0.0
647,backward,0.011156195774674416,1.445971429347992e-05,0.06964709609746933,0.06966155581176281,8.566118776798248e-05,0.0,0.0
647,optimizer,0.0012235995382070541,2.9142946004867554e-05,0.0012590214610099792,0.0012881644070148468,2.397969365119934e-05,0.0005021672695875168,0.00046646036207675934
648,forward,0.012427862733602524,2.8859823942184448e-05,0.02342814765870571,0.023457007482647896,8.168071508407593e-05,0.0,0.0
648,backward,0.011156788095831871,1.62515789270401e-05,0.06995487026870251,0.06997112184762955,9.291060268878937e-05,0.0,0.0
648,optimizer,0.0012368429452180862,2.466142177581787e-05,0.0012639891356229782,0.001288650557398796,2.343021333217621e-05,0.0022174175828695297,0.0004655364900827408
649,forward,0.012357769533991814,2.9919669032096863e-05,0.02356228046119213,0.023592200130224228,8.311308920383453e-05,0.0,0.0
649,backward,0.01107758842408657,1.806020736694336e-05,0.06971776485443115,0.0697358250617981,9.313039481639862e-05,0.0,0.0
649,optimizer,0.0012352615594863892,2.68593430519104e-05,0.0012510605156421661,0.0012779198586940765,2.5508925318717957e-05,0.0004902295768260956,0.0004689600318670273
650,forward,0.013331035152077675,5.171075463294983e-05,0.022780058905482292,0.022831769660115242,0.00010813213884830475,0.0,0.0
650,backward,0.011207953095436096,1.6380101442337036e-05,0.06975597515702248,0.06977235525846481,9.184330701828003e-05,0.0,0.0
650,optimizer,0.0013337228447198868,2.5309622287750244e-05,0.001252179965376854,0.0012774895876646042,2.6348978281021118e-05,0.000495515763759613,0.0005259010940790176
651,forward,0.012345138937234879,3.0079856514930725e-05,0.023544229567050934,0.023574309423565865,8.297152817249298e-05,0.0,0.0
651,backward,0.01112188771367073,1.4331191778182983e-05,0.07008380256593227,0.07009813375771046,9.487941861152649e-05,0.0,0.0
651,optimizer,0.0011979565024375916,2.5220215320587158e-05,0.001256762072443962,0.0012819822877645493,2.3419037461280823e-05,0.0008713342249393463,0.0004762187600135803
652,forward,0.01241978257894516,2.927146852016449e-05,0.023536959663033485,0.02356623113155365,8.562207221984863e-05,0.0,0.0
652,backward,0.01105748862028122,1.6221776604652405e-05,0.06969376280903816,0.06970998458564281,8.974410593509674e-05,0.0,0.0
652,optimizer,0.0012401789426803589,2.958066761493683e-05,0.0012612249702215195,0.0012908056378364563,2.6671215891838074e-05,0.0005015097558498383,0.0004688054323196411
653,forward,0.012461172416806221,2.7611851692199707e-05,0.023462818935513496,0.023490430787205696,8.836202323436737e-05,0.0,0.0
653,backward,0.011201350018382072,1.4580786228179932e-05,0.0700487419962883,0.07006332278251648,8.37612897157669e-05,0.0,0.0
653,optimizer,0.0011497493833303452,2.8749927878379822e-05,0.0012558717280626297,0.0012846216559410095,2.5423243641853333e-05,0.0008021742105484009,0.0004840400069952011
654,forward,0.012443149462342262,3.071129322052002e-05,0.023492319509387016,0.023523030802607536,8.158013224601746e-05,0.0,0.0
654,backward,0.011399457231163979,1.4591962099075317e-05,0.06940838694572449,0.06942297890782356,8.935295045375824e-05,0.0,0.0
654,optimizer,0.0011753756552934647,2.9999762773513794e-05,0.0012583639472723007,0.0012883637100458145,2.3271888494491577e-05,0.0004908014088869095,0.0004681181162595749
655,forward,0.01235870085656643,2.890266478061676e-05,0.023547790944576263,0.02357669360935688,8.478574454784393e-05,0.0,0.0
655,backward,0.01119455136358738,1.449882984161377e-05,0.06990417838096619,0.0699186772108078,8.96211713552475e-05,0.0,0.0
655,optimizer,0.0011610724031925201,3.672204911708832e-05,0.0012544207274913788,0.001291142776608467,2.3499131202697754e-05,0.0008805058896541595,0.00046903640031814575
656,forward,0.012348458170890808,2.9260292649269104e-05,0.023523060604929924,0.023552320897579193,9.470246732234955e-05,0.0,0.0
656,backward,0.01113489642739296,1.6029924154281616e-05,0.06996753066778183,0.06998356059193611,8.533336222171783e-05,0.0,0.0
656,optimizer,0.0011691581457853317,2.8619542717933655e-05,0.0012602321803569794,0.001288851723074913,2.8332695364952087e-05,0.0004954878240823746,0.00046466849744319916
657,forward,0.012691626325249672,2.755969762802124e-05,0.02323056384921074,0.02325812354683876,8.308328688144684e-05,0.0,0.0
657,backward,0.011196810752153397,1.600012183189392e-05,0.069606713950634,0.0696227140724659,8.8520348072052e-05,0.0,0.0
657,optimizer,0.0011649467051029205,2.760067582130432e-05,0.0012573525309562683,0.0012849532067775726,2.2470951080322266e-05,0.0004924274981021881,0.00046484731137752533
658,forward,0.012360628694295883,2.9763206839561462e-05,0.023525210097432137,0.023554973304271698,8.572079241275787e-05,0.0,0.0
658,backward,0.011219313368201256,1.6819685697555542e-05,0.06986547634005547,0.06988229602575302,9.310059249401093e-05,0.0,0.0
658,optimizer,0.0011799931526184082,2.42721289396286e-05,0.0012578312307596207,0.0012821033596992493,2.7760863304138184e-05,0.0009249560534954071,0.0004727691411972046
659,forward,0.01236385852098465,3.056041896343231e-05,0.023543940857052803,0.023574501276016235,8.707866072654724e-05,0.0,0.0
659,backward,0.011172501370310783,1.4338642358779907e-05,0.06989912688732147,0.06991346552968025,9.030476212501526e-05,0.0,0.0
659,optimizer,0.00122126005589962,2.6678666472434998e-05,0.0012605022639036179,0.0012871809303760529,2.650916576385498e-05,0.000499136745929718,0.00047552771866321564
660,forward,0.012398472055792809,2.9571354389190674e-05,0.02351422794163227,0.02354379929602146,8.676201105117798e-05,0.0,0.0
660,backward,0.011145936325192451,1.6432255506515503e-05,0.06973341666162014,0.06974984891712666,8.928216993808746e-05,0.0,0.0
660,optimizer,0.0012303125113248825,2.7898699045181274e-05,0.0012624915689229965,0.0012903902679681778,2.5499612092971802e-05,0.0005064290016889572,0.00047401897609233856
661,forward,0.012341869994997978,2.8621405363082886e-05,0.023532558232545853,0.023561179637908936,8.397921919822693e-05,0.0,0.0
661,backward,0.011183343827724457,1.5778467059135437e-05,0.0700263474136591,0.07004212588071823,8.931197226047516e-05,0.0,0.0
661,optimizer,0.0012066718190908432,3.045983612537384e-05,0.001262841746211052,0.0012933015823364258,2.5022774934768677e-05,0.0004988089203834534,0.00046839751303195953
662,forward,0.012336788699030876,3.008916974067688e-05,0.023538120090961456,0.023568209260702133,8.594244718551636e-05,0.0,0.0
662,backward,0.011198695749044418,1.4720484614372253e-05,0.06953662447631359,0.06955134496092796,9.197182953357697e-05,0.0,0.0
662,optimizer,0.001232212409377098,2.8403475880622864e-05,0.001262189820408821,0.001290593296289444,2.5549903512001038e-05,0.000500677153468132,0.00047125667333602905
663,forward,0.01231856644153595,3.608129918575287e-05,0.023563291877508163,0.023599373176693916,8.469074964523315e-05,0.0,0.0
663,backward,0.011151248589158058,1.5169382095336914e-05,0.07004823163151741,0.07006340101361275,8.673220872879028e-05,0.0,0.0
663,optimizer,0.001226622611284256,2.8682872653007507e-05,0.001260479912161827,0.0012891627848148346,2.5132670998573303e-05,0.0009822249412536621,0.0004708487540483475
664,forward,0.012392211705446243,2.829916775226593e-05,0.02356048859655857,0.023588787764310837,8.750520646572113e-05,0.0,0.0
664,backward,0.01115885004401207,1.666136085987091e-05,0.06961900368332863,0.0696356650441885,8.549168705940247e-05,0.0,0.0
664,optimizer,0.0012170784175395966,2.75392085313797e-05,0.0012620221823453903,0.00128956139087677,2.63899564743042e-05,0.0004933979362249374,0.0004652980715036392
665,forward,0.012315381318330765,2.9880553483963013e-05,0.023571519181132317,0.02360139973461628,8.553825318813324e-05,0.0,0.0
665,backward,0.011114489287137985,1.4651566743850708e-05,0.07003693096339703,0.07005158253014088,8.986331522464752e-05,0.0,0.0
665,optimizer,0.0012296829372644424,2.893991768360138e-05,0.0012634694576263428,0.0012924093753099442,2.228282392024994e-05,0.0008078645914793015,0.00048537738621234894
666,forward,0.012542001903057098,3.1480565667152405e-05,0.023379458114504814,0.023410938680171967,8.592009544372559e-05,0.0,0.0
666,backward,0.011132987216114998,1.6629695892333984e-05,0.06972881592810154,0.06974544562399387,8.861161768436432e-05,0.0,0.0
666,optimizer,0.0012216009199619293,3.178045153617859e-05,0.0012605302035808563,0.001292310655117035,2.5589019060134888e-05,0.000490410253405571,0.00047788769006729126
667,forward,0.012310771271586418,2.90796160697937e-05,0.023570319637656212,0.023599399253726006,8.024275302886963e-05,0.0,0.0
667,backward,0.011092418804764748,1.529976725578308e-05,0.07018271274864674,0.07019801251590252,9.278208017349243e-05,0.0,0.0
667,optimizer,0.001244470477104187,2.576783299446106e-05,0.0012620817869901657,0.0012878496199846268,2.354942262172699e-05,0.0014380943030118942,0.0004678182303905487
668,forward,0.012338636443018913,3.0182301998138428e-05,0.023582151159644127,0.023612333461642265,8.764304220676422e-05,0.0,0.0
668,backward,0.011155029758810997,1.7639249563217163e-05,0.06965918466448784,0.06967682391405106,9.064003825187683e-05,0.0,0.0
668,optimizer,0.0012387800961732864,2.5020912289619446e-05,0.0012547429651021957,0.0012797638773918152,2.4352222681045532e-05,0.0004853680729866028,0.0004808399826288223
669,forward,0.012321708723902702,2.763979136943817e-05,0.023530350998044014,0.023557990789413452,8.659064769744873e-05,0.0,0.0
669,backward,0.011185171082615852,1.5409663319587708e-05,0.06985657475888729,0.06987198442220688,9.167008101940155e-05,0.0,0.0
669,optimizer,0.0012245681136846542,2.81408429145813e-05,0.0012647230178117752,0.0012928638607263565,2.2619962692260742e-05,0.0007111430168151855,0.00046501681208610535
670,forward,0.012346621602773666,2.9280781745910645e-05,0.02355891838669777,0.02358819916844368,8.954107761383057e-05,0.0,0.0
670,backward,0.011159539222717285,1.5130266547203064e-05,0.07000109925866127,0.07001622952520847,9.139254689216614e-05,0.0,0.0
670,optimizer,0.0012301094830036163,2.782978117465973e-05,0.0012584533542394638,0.0012862831354141235,2.5387853384017944e-05,0.0008124727755784988,0.00047010742127895355
671,forward,0.012701205909252167,3.0409544706344604e-05,0.023271214216947556,0.0233016237616539,8.683279156684875e-05,0.0,0.0
671,backward,0.011151408776640892,1.5400350093841553e-05,0.06967462413012981,0.06969002448022366,9.111873805522919e-05,0.0,0.0
671,optimizer,0.0012251436710357666,2.798996865749359e-05,0.0012588389217853546,0.0012868288904428482,2.5812536478042603e-05,0.0005158782005310059,0.00047149695456027985
672,forward,0.01230527088046074,2.8820708394050598e-05,0.023569729179143906,0.023598549887537956,8.383020758628845e-05,0.0,0.0
672,backward,0.011671867221593857,1.6110017895698547e-05,0.06932231970131397,0.06933842971920967,8.866004645824432e-05,0.0,0.0
672,optimizer,0.0011610239744186401,2.7252361178398132e-05,0.0012622792273759842,0.0012895315885543823,2.343207597732544e-05,0.0008354838937520981,0.0004699360579252243
673,forward,0.012370899319648743,2.9988586902618408e-05,0.023511169478297234,0.023541158065199852,8.541159331798553e-05,0.0,0.0
673,backward,0.011154521256685257,1.4569610357284546e-05,0.06995425745844841,0.0699688270688057,9.020231664180756e-05,0.0,0.0
673,optimizer,0.0011606216430664062,2.5833025574684143e-05,0.0012509208172559738,0.001276753842830658,2.5819987058639526e-05,0.0004950091242790222,0.00046845898032188416
674,forward,0.012372860684990883,2.9942020773887634e-05,0.023517591878771782,0.02354753389954567,8.768215775489807e-05,0.0,0.0
674,backward,0.011293122544884682,1.699291169643402e-05,0.06960179284214973,0.06961878575384617,9.490177035331726e-05,0.0,0.0
674,optimizer,0.0011525116860866547,2.7921050786972046e-05,0.00126601941883564,0.001293940469622612,2.5542452931404114e-05,0.0005000289529561996,0.0004649963229894638
675,forward,0.012271258980035782,3.215298056602478e-05,0.023620320484042168,0.023652473464608192,7.922016084194183e-05,0.0,0.0
675,backward,0.011153999716043472,1.5480443835258484e-05,0.0699552483856678,0.06997072882950306,8.93808901309967e-05,0.0,0.0
675,optimizer,0.0012327693402767181,2.5700777769088745e-05,0.0012588724493980408,0.0012845732271671295,2.7259811758995056e-05,0.000500749796628952,0.00046910904347896576
676,forward,0.012381810694932938,2.9692426323890686e-05,0.023522639647126198,0.02355233207345009,8.152984082698822e-05,0.0,0.0
676,backward,0.011174321174621582,1.850910484790802e-05,0.06972498632967472,0.06974349543452263,8.748285472393036e-05,0.0,0.0
676,optimizer,0.001167861744761467,2.703070640563965e-05,0.0012550409883260727,0.0012820716947317123,2.6732683181762695e-05,0.0005034077912569046,0.00046454742550849915
677,forward,0.01229361817240715,3.097951412200928e-05,0.02360038086771965,0.02363136038184166,8.773244917392731e-05,0.0,0.0
677,backward,0.011332893744111061,1.4292076230049133e-05,0.06959044188261032,0.06960473395884037,8.951127529144287e-05,0.0,0.0
677,optimizer,0.0012392215430736542,2.738088369369507e-05,0.001258261501789093,0.001285642385482788,2.294965088367462e-05,0.0004993993788957596,0.00046627968549728394
678,forward,0.012290555983781815,2.9090791940689087e-05,0.02358529157936573,0.02361438237130642,8.86227935552597e-05,0.0,0.0
678,backward,0.011161867529153824,1.4930963516235352e-05,0.06956573389470577,0.06958066485822201,9.046308696269989e-05,0.0,0.0
678,optimizer,0.0012249313294887543,2.8088688850402832e-05,0.0012619607150554657,0.0012900494039058685,2.5041401386260986e-05,0.0005002878606319427,0.000469820573925972
679,forward,0.012326939031481743,3.189966082572937e-05,0.023554731160402298,0.023586630821228027,8.426979184150696e-05,0.0,0.0
679,backward,0.011454051360487938,1.4990568161010742e-05,0.06968953646719456,0.06970452703535557,8.905306458473206e-05,0.0,0.0
679,optimizer,0.0012173820286989212,2.649053931236267e-05,0.001261889934539795,0.0012883804738521576,2.4883076548576355e-05,0.000548897311091423,0.00046552903950214386
680,forward,0.0123143270611763,2.8070062398910522e-05,0.023628583177924156,0.023656653240323067,8.859299123287201e-05,0.0,0.0
680,backward,0.011180361732840538,1.658312976360321e-05,0.06959644332528114,0.06961302645504475,8.703954517841339e-05,0.0,0.0
680,optimizer,0.0012436918914318085,2.760067582130432e-05,0.0012576822191476822,0.0012852828949689865,2.6209279894828796e-05,0.0004978012293577194,0.0004788395017385483
681,forward,0.012265138328075409,3.0001625418663025e-05,0.023644233122467995,0.023674234747886658,8.708052337169647e-05,0.0,0.0
681,backward,0.01117515005171299,1.4910474419593811e-05,0.07001709006726742,0.07003200054168701,8.744187653064728e-05,0.0,0.0
681,optimizer,0.0012318510562181473,2.9239803552627563e-05,0.0012607425451278687,0.0012899823486804962,2.680160105228424e-05,0.0004980284720659256,0.00046919845044612885
682,forward,0.012349758297204971,3.0450522899627686e-05,0.02352903038263321,0.023559480905532837,8.567050099372864e-05,0.0,0.0
682,backward,0.011185931041836739,1.5379860997200012e-05,0.06989300809800625,0.06990838795900345,9.068101644515991e-05,0.0,0.0
682,optimizer,0.001174531877040863,2.8431415557861328e-05,0.0012612920254468918,0.0012897234410047531,2.400018274784088e-05,0.0009750276803970337,0.00047280825674533844
683,forward,0.0124985221773386,2.9068440198898315e-05,0.023401865735650063,0.02343093417584896,8.360110223293304e-05,0.0,0.0
683,backward,0.011061687022447586,1.4249235391616821e-05,0.07009146176278591,0.07010571099817753,8.609145879745483e-05,0.0,0.0
683,optimizer,0.0012218020856380463,2.679973840713501e-05,0.001263260841369629,0.001290060579776764,2.7019530534744263e-05,0.0004909485578536987,0.0004663150757551193
684,forward,0.012506041675806046,4.433095455169678e-05,0.0234427098184824,0.023487040773034096,9.625963866710663e-05,0.0,0.0
684,backward,0.011273263022303581,1.8091872334480286e-05,0.06980712711811066,0.06982521899044514,8.681230247020721e-05,0.0,0.0
684,optimizer,0.001205911859869957,2.6360154151916504e-05,0.001252099871635437,0.0012784600257873535,2.5760382413864136e-05,0.000992264598608017,0.00048661790788173676
685,forward,0.012319859117269516,2.9120594263076782e-05,0.023559100925922394,0.02358822152018547,8.545257151126862e-05,0.0,0.0
685,backward,0.011168228462338448,1.5972182154655457e-05,0.06992183811962605,0.0699378103017807,9.305216372013092e-05,0.0,0.0
685,optimizer,0.001184588298201561,2.526119351387024e-05,0.0012582521885633469,0.001283513382077217,2.651102840900421e-05,0.0004999693483114243,0.00047132745385169983
686,forward,0.012331869453191757,3.0469149351119995e-05,0.02360653132200241,0.02363700047135353,8.841976523399353e-05,0.0,0.0
686,backward,0.011246582493185997,1.372024416923523e-05,0.06947583891451359,0.06948955915868282,9.425356984138489e-05,0.0,0.0
686,optimizer,0.001154409721493721,2.7611851692199707e-05,0.0012585017830133438,0.0012861136347055435,2.3789703845977783e-05,0.0004919171333312988,0.0004756283015012741
687,forward,0.0122144166380167,2.9919669032096863e-05,0.023699764162302017,0.023729683831334114,8.445233106613159e-05,0.0,0.0
687,backward,0.01114003174006939,1.5171244740486145e-05,0.06999906897544861,0.0700142402201891,9.123235940933228e-05,0.0,0.0
687,optimizer,0.0011625420302152634,2.7649104595184326e-05,0.0012589599937200546,0.001286609098315239,2.3109838366508484e-05,0.0008614342659711838,0.0004694182425737381
688,forward,0.012360092252492905,2.9999762773513794e-05,0.023564239963889122,0.023594239726662636,8.783303201198578e-05,0.0,0.0
688,backward,0.011194862425327301,1.524016261100769e-05,0.06971396505832672,0.06972920522093773,9.009242057800293e-05,0.0,0.0
688,optimizer,0.0011583603918552399,2.8040260076522827e-05,0.0012596230953931808,0.0012876633554697037,2.45608389377594e-05,0.0004912391304969788,0.0004692394286394119
689,forward,0.012381847947835922,2.9249116778373718e-05,0.023504121229052544,0.023533370345830917,8.744373917579651e-05,0.0,0.0
689,backward,0.011286331340670586,1.4550983905792236e-05,0.06980294547975063,0.06981749646365643,9.032152593135834e-05,0.0,0.0
689,optimizer,0.001164877787232399,2.9092654585838318e-05,0.0012581534683704376,0.001287246122956276,2.6531517505645752e-05,0.0004989281296730042,0.00047281570732593536
690,forward,0.012418599799275398,3.0200928449630737e-05,0.02350481040775776,0.02353501133620739,8.641928434371948e-05,0.0,0.0
690,backward,0.011224210262298584,1.477077603340149e-05,0.0698369275778532,0.0698516983538866,9.053200483322144e-05,0.0,0.0
690,optimizer,0.0012353621423244476,2.859160304069519e-05,0.0012649092823266983,0.0012935008853673935,2.56318598985672e-05,0.0009828060865402222,0.0004698280245065689
691,forward,0.012237166985869408,2.932921051979065e-05,0.023725252598524094,0.023754581809043884,8.605234324932098e-05,0.0,0.0
691,backward,0.011117339134216309,1.6139820218086243e-05,0.06965712644159794,0.06967326626181602,8.59331339597702e-05,0.0,0.0
691,optimizer,0.0011693090200424194,2.7759000658988953e-05,0.0012579821050167084,0.0012857411056756973,2.5501474738121033e-05,0.0004921350628137589,0.00046682916581630707
692,forward,0.012359855696558952,2.7272850275039673e-05,0.02349907159805298,0.023526344448328018,7.720105350017548e-05,0.0,0.0
692,backward,0.011608237400650978,1.636892557144165e-05,0.06931519880890846,0.0693315677344799,8.847005665302277e-05,0.0,0.0
692,optimizer,0.0011783409863710403,2.884119749069214e-05,0.0012582913041114807,0.0012871325016021729,2.415105700492859e-05,0.0005028489977121353,0.0004640985280275345
693,forward,0.012705788016319275,2.9910355806350708e-05,0.023196043446660042,0.023225953802466393,8.760206401348114e-05,0.0,0.0
693,backward,0.011142449453473091,1.512095332145691e-05,0.06978432461619377,0.06979944556951523,8.833222091197968e-05,0.0,0.0
693,optimizer,0.0012258198112249374,2.9828399419784546e-05,0.0012595131993293762,0.0012893415987491608,2.7019530534744263e-05,0.00047762878239154816,0.00046833790838718414
694,forward,0.012339010834693909,2.9649585485458374e-05,0.023563869297504425,0.023593518882989883,7.991306483745575e-05,0.0,0.0
694,backward,0.011155040934681892,1.5119090676307678e-05,0.06967818364501,0.0696933027356863,9.139254689216614e-05,0.0,0.0
694,optimizer,0.0012157820165157318,2.527981996536255e-05,0.0012606699019670486,0.0012859497219324112,2.4691224098205566e-05,0.0004923567175865173,0.0004651881754398346
695,forward,0.012396130710840225,3.070943057537079e-05,0.023522472009062767,0.023553181439638138,8.21426510810852e-05,0.0,0.0
695,backward,0.011162009090185165,1.7171725630760193e-05,0.06995275989174843,0.06996993161737919,9.189173579216003e-05,0.0,0.0
695,optimizer,0.0012319665402173996,2.5661662220954895e-05,0.001261591911315918,0.0012872535735368729,2.5499612092971802e-05,0.0004927366971969604,0.0004642978310585022
696,forward,0.01230786181986332,2.977997064590454e-05,0.02358935959637165,0.023619139567017555,8.542090654373169e-05,0.0,0.0
696,backward,0.011163577437400818,1.4718621969223022e-05,0.06957100331783295,0.06958572193980217,9.154528379440308e-05,0.0,0.0
696,optimizer,0.001156400889158249,2.8012320399284363e-05,0.0012738518416881561,0.0013018641620874405,2.368912100791931e-05,0.0006818920373916626,0.00046825967729091644
697,forward,0.012533791363239288,3.0800700187683105e-05,0.023375678807497025,0.023406479507684708,8.716993033885956e-05,0.0,0.0
697,backward,0.011095987632870674,1.5500932931900024e-05,0.06996208988130093,0.06997759081423283,9.007193148136139e-05,0.0,0.0
697,optimizer,0.0012201014906167984,2.835877239704132e-05,0.0012621711939573288,0.0012905299663543701,2.501159906387329e-05,0.0009813159704208374,0.0004973188042640686
698,forward,0.012376068159937859,3.078952431678772e-05,0.02353271096944809,0.023563500493764877,8.549168705940247e-05,0.0,0.0
698,backward,0.011162159964442253,1.4767050743103027e-05,0.06987267732620239,0.0698874443769455,8.802302181720734e-05,0.0,0.0
698,optimizer,0.0012219734489917755,2.6967376470565796e-05,0.0012601707130670547,0.0012871380895376205,2.5682151317596436e-05,0.0009982865303754807,0.0004641767591238022
699,forward,0.012287316843867302,3.814697265625e-05,0.023578962311148643,0.023617109283804893,8.577108383178711e-05,0.0,0.0
699,backward,0.011133026331663132,1.7259269952774048e-05,0.07004482112824917,0.07006208039820194,8.730404078960419e-05,0.0,0.0
699,optimizer,0.0012322403490543365,2.8820708394050598e-05,0.0012611709535121918,0.0012899916619062424,2.6533380150794983e-05,0.0004918798804283142,0.00046967528760433197
700,forward,0.012321937829256058,2.8578564524650574e-05,0.023605702444911003,0.023634281009435654,8.887983858585358e-05,0.0,0.0
700,backward,0.011111117899417877,2.2230669856071472e-05,0.06966395489871502,0.06968618556857109,8.773244917392731e-05,0.0,0.0
700,optimizer,0.001218630000948906,2.8060749173164368e-05,0.001264931634068489,0.0012929923832416534,2.4160370230674744e-05,0.0005602501332759857,0.0004660561680793762
701,forward,0.012317219749093056,3.0141323804855347e-05,0.02357717975974083,0.023607321083545685,8.762255311012268e-05,0.0,0.0
701,backward,0.011109359562397003,1.486949622631073e-05,0.06992780789732933,0.06994267739355564,8.797086775302887e-05,0.0,0.0
701,optimizer,0.0009436439722776413,3.067962825298309e-05,0.0012598726898431778,0.0012905523180961609,2.3987144231796265e-05,0.0008580069988965988,0.00046842917799949646
702,forward,0.012324260547757149,3.0061230063438416e-05,0.023562341928482056,0.023592403158545494,8.064135909080505e-05,0.0,0.0
702,backward,0.01114942878484726,1.5232712030410767e-05,0.07000093907117844,0.07001617178320885,8.665211498737335e-05,0.0,0.0
702,optimizer,0.0012381188571453094,2.991221845149994e-05,0.0012646224349737167,0.0012945346534252167,2.530030906200409e-05,0.0010129064321517944,0.00046622753143310547
703,forward,0.012767966836690903,2.888031303882599e-05,0.023145364597439766,0.023174244910478592,8.076243102550507e-05,0.0,0.0
703,backward,0.011161180213093758,1.809932291507721e-05,0.06985963694751263,0.0698777362704277,9.274110198020935e-05,0.0,0.0
703,optimizer,0.0012228209525346756,2.3331493139266968e-05,0.0012586023658514023,0.0012819338589906693,2.3812055587768555e-05,0.0007058214396238327,0.00047502852976322174
704,forward,0.01236656866967678,2.9481947422027588e-05,0.02357364259660244,0.023603124544024467,8.41096043586731e-05,0.0,0.0
704,backward,0.01110541820526123,1.6471371054649353e-05,0.06970839574933052,0.06972486712038517,9.243190288543701e-05,0.0,0.0
704,optimizer,0.0012161359190940857,2.6639550924301147e-05,0.0012613050639629364,0.0012879446148872375,2.451986074447632e-05,0.0004985686391592026,0.0004890374839305878
705,forward,0.012321077287197113,2.9770657420158386e-05,0.02355959266424179,0.02358936332166195,8.903257548809052e-05,0.0,0.0
705,backward,0.011137738823890686,1.5430152416229248e-05,0.0696759857237339,0.06969141587615013,9.180046617984772e-05,0.0,0.0
705,optimizer,0.001259269192814827,2.6090070605278015e-05,0.0012591015547513962,0.0012851916253566742,2.5879591703414917e-05,0.0005811396986246109,0.00046732835471630096
706,forward,0.012426691129803658,3.0059367418289185e-05,0.023504871875047684,0.023534931242465973,8.563324809074402e-05,0.0,0.0
706,backward,0.011110721156001091,1.3278797268867493e-05,0.06997037678956985,0.06998365558683872,9.313225746154785e-05,0.0,0.0
706,optimizer,0.001230662688612938,3.0092895030975342e-05,0.0012629907578229904,0.0012930836528539658,2.541951835155487e-05,0.0004829689860343933,0.0004766564816236496
707,forward,0.01234176754951477,3.137066960334778e-05,0.02356991358101368,0.023601284250617027,8.690543472766876e-05,0.0,0.0
707,backward,0.01111040823161602,1.6979873180389404e-05,0.06966212391853333,0.06967910379171371,8.982047438621521e-05,0.0,0.0
707,optimizer,0.0012229029089212418,2.6611611247062683e-05,0.0012633614242076874,0.00128997303545475,2.355128526687622e-05,0.0004831068217754364,0.00047040730714797974
708,forward,0.012400297448039055,2.8599053621292114e-05,0.023513931781053543,0.023542530834674835,8.481182157993317e-05,0.0,0.0
708,backward,0.011114120483398438,1.5690922737121582e-05,0.07013157196342945,0.07014726288616657,8.868053555488586e-05,0.0,0.0
708,optimizer,0.001214468851685524,2.9958784580230713e-05,0.001261889934539795,0.0012918487191200256,2.2878870368003845e-05,0.0008507147431373596,0.00046496838331222534
709,forward,0.012413989752531052,3.1692907214164734e-05,0.023511530831456184,0.02354322373867035,8.994154632091522e-05,0.0,0.0
709,backward,0.011144818738102913,1.4970079064369202e-05,0.06960831210017204,0.06962328217923641,9.017996490001678e-05,0.0,0.0
709,optimizer,0.001268278807401657,3.0240043997764587e-05,0.00125863216817379,0.0012888722121715546,2.4160370230674744e-05,0.0004904475063085556,0.0004708189517259598
710,forward,0.012423258274793625,2.96812504529953e-05,0.02346339076757431,0.023493072018027306,8.321180939674377e-05,0.0,0.0
710,backward,0.011123176664113998,1.4651566743850708e-05,0.07004602067172527,0.07006067223846912,8.660182356834412e-05,0.0,0.0
710,optimizer,0.0012256614863872528,2.9431656002998352e-05,0.0012620389461517334,0.0012914706021547318,2.645142376422882e-05,0.000822683796286583,0.00046742893755435944
711,forward,0.012660093605518341,2.9241666197776794e-05,0.023205474019050598,0.023234715685248375,8.508190512657166e-05,0.0,0.0
711,backward,0.011100837960839272,1.6199424862861633e-05,0.0698073785752058,0.06982357800006866,8.645281195640564e-05,0.0,0.0
711,optimizer,0.0012598615139722824,2.674199640750885e-05,0.0012345705181360245,0.0012613125145435333,2.8410926461219788e-05,0.0004855692386627197,0.0004669874906539917
712,forward,0.012718696147203445,2.9262155294418335e-05,0.02317974343895912,0.02320900559425354,8.388981223106384e-05,0.0,0.0
712,backward,0.011169848963618279,1.68532133102417e-05,0.06978741474449635,0.06980426795780659,8.918903768062592e-05,0.0,0.0
712,optimizer,0.00122126005589962,2.820044755935669e-05,0.0012605618685483932,0.00128876231610775,2.39592045545578e-05,0.0005065780133008957,0.0004692971706390381
713,forward,0.012222429737448692,3.068894147872925e-05,0.023652730509638786,0.023683419451117516,8.203275501728058e-05,0.0,0.0
713,backward,0.011111641302704811,1.5772879123687744e-05,0.06970249302685261,0.0697182659059763,9.422190487384796e-05,0.0,0.0
713,optimizer,0.0012219902127981186,3.091245889663696e-05,0.0012697428464889526,0.0013006553053855896,2.2960826754570007e-05,0.000486668199300766,0.0004706587642431259
714,forward,0.012335449457168579,2.9379501938819885e-05,0.02354465052485466,0.02357403002679348,8.636154234409332e-05,0.0,0.0
714,backward,0.011126501485705376,1.5540048480033875e-05,0.06995824910700321,0.06997378915548325,9.212270379066467e-05,0.0,0.0
714,optimizer,0.0012256074696779251,2.9200688004493713e-05,0.0012561734765768051,0.0012853741645812988,2.594105899333954e-05,0.0004909783601760864,0.00047327764332294464
715,forward,0.01240488886833191,2.964027225971222e-05,0.023509999737143517,0.02353964000940323,8.702091872692108e-05,0.0,0.0
715,backward,0.0110895074903965,1.619011163711548e-05,0.06982120871543884,0.06983739882707596,9.221211075782776e-05,0.0,0.0
715,optimizer,0.0012386608868837357,2.7449801564216614e-05,0.0012558922171592712,0.0012833420187234879,2.290867269039154e-05,0.00048438645899295807,0.0004708077758550644
716,forward,0.012407761067152023,2.927146852016449e-05,0.02349807880818844,0.023527350276708603,8.921884000301361e-05,0.0,0.0
716,backward,0.011151060461997986,1.521967351436615e-05,0.06987184658646584,0.0698870662599802,9.065307676792145e-05,0.0,0.0
716,optimizer,0.00122041255235672,2.9170885682106018e-05,0.0012582913041114807,0.0012874621897935867,2.767890691757202e-05,0.0004993882030248642,0.00047475844621658325
717,forward,0.01262548379600048,3.173016011714935e-05,0.023291517049074173,0.023323247209191322,8.548237383365631e-05,0.0,0.0
717,backward,0.011144652962684631,1.3671815395355225e-05,0.06988424435257912,0.06989791616797447,9.09026712179184e-05,0.0,0.0
717,optimizer,0.0012273937463760376,2.784840762615204e-05,0.0012603513896465302,0.0012881997972726822,2.5900080800056458e-05,0.0008693542331457138,0.0004694554954767227
718,forward,0.012380333617329597,2.7962028980255127e-05,0.023517047986388206,0.02354501001536846,8.608028292655945e-05,0.0,0.0
718,backward,0.011216560378670692,1.6920268535614014e-05,0.06995357945561409,0.0699704997241497,8.864328265190125e-05,0.0,0.0
718,optimizer,0.0011809300631284714,2.9671937227249146e-05,0.0012652594596147537,0.0012949313968420029,2.3500993847846985e-05,0.0008129440248012543,0.0004680771380662918
719,forward,0.014471946284174919,5.111284554004669e-05,0.022147485986351967,0.022198598831892014,0.0001036226749420166,0.0,0.0
719,backward,0.01125982403755188,1.605972647666931e-05,0.06972078420221806,0.06973684392869473,9.036064147949219e-05,0.0,0.0
719,optimizer,0.0013407506048679352,2.892129123210907e-05,0.0012125428766012192,0.0012414641678333282,2.4730339646339417e-05,0.0008556544780731201,0.0004888679832220078
720,forward,0.012367160990834236,2.995319664478302e-05,0.023528551682829857,0.02355850487947464,8.766166865825653e-05,0.0,0.0
720,backward,0.011110318824648857,1.4292076230049133e-05,0.07002608105540276,0.0700403731316328,9.06921923160553e-05,0.0,0.0
720,optimizer,0.0012330133467912674,2.9470771551132202e-05,0.0012611113488674164,0.0012905821204185486,2.413056790828705e-05,0.000792892649769783,0.00046557746827602386
721,forward,0.012407610192894936,4.8840418457984924e-05,0.023508019745349884,0.02355686016380787,8.54097306728363e-05,0.0,0.0
721,backward,0.011134549975395203,1.4260411262512207e-05,0.06966811418533325,0.06968237459659576,8.45193862915039e-05,0.0,0.0
721,optimizer,0.0012275110930204391,2.897903323173523e-05,0.0012597013264894485,0.0012886803597211838,2.551265060901642e-05,0.0005014408379793167,0.0004663784056901932
722,forward,0.012419231235980988,2.855248749256134e-05,0.023455549031496048,0.02348410151898861,7.941201329231262e-05,0.0,0.0
722,backward,0.011151188984513283,1.7510727047920227e-05,0.07004171051084995,0.07005922123789787,9.312108159065247e-05,0.0,0.0
722,optimizer,0.0012511610984802246,2.6322901248931885e-05,0.0012625232338905334,0.0012888461351394653,2.4301931262016296e-05,0.0007996838539838791,0.0004716552793979645
723,forward,0.012391230091452599,3.001280128955841e-05,0.023513101041316986,0.023543113842606544,8.216127753257751e-05,0.0,0.0
723,backward,0.011090647429227829,1.6920268535614014e-05,0.06971568614244461,0.06973260641098022,9.261257946491241e-05,0.0,0.0
723,optimizer,0.001228122040629387,2.572871744632721e-05,0.00125851109623909,0.0012842398136854172,2.3700296878814697e-05,0.0004849489778280258,0.00047218799591064453
724,forward,0.012404309585690498,3.1540170311927795e-05,0.02350934036076069,0.023540880531072617,8.591078221797943e-05,0.0,0.0
724,backward,0.011238103732466698,1.5009194612503052e-05,0.06992573663592339,0.06994074583053589,9.152106940746307e-05,0.0,0.0
724,optimizer,0.001235857605934143,2.636946737766266e-05,0.001264963299036026,0.0012913327664136887,2.459995448589325e-05,0.0007981248199939728,0.000471288338303566
725,forward,0.012387186288833618,3.003142774105072e-05,0.023525552824139595,0.023555584251880646,8.58604907989502e-05,0.0,0.0
725,backward,0.011163758113980293,1.4299526810646057e-05,0.0697155762463808,0.06972987577319145,9.198300540447235e-05,0.0,0.0
725,optimizer,0.0012341290712356567,2.553313970565796e-05,0.0012622829526662827,0.0012878160923719406,2.645142376422882e-05,0.0005052387714385986,0.00046963803470134735
726,forward,0.012441160157322884,3.0171126127243042e-05,0.023432059213519096,0.02346223033964634,8.715130388736725e-05,0.0,0.0
726,backward,0.011123040691018105,1.7371028661727905e-05,0.06996922008693218,0.06998659111559391,8.904002606868744e-05,0.0,0.0
726,optimizer,0.0012260973453521729,2.6999041438102722e-05,0.0012615639716386795,0.0012885630130767822,2.5192275643348694e-05,0.0008876752108335495,0.0004695691168308258
727,forward,0.012368278577923775,2.863258123397827e-05,0.023594362661242485,0.023622995242476463,8.42418521642685e-05,0.0,0.0
727,backward,0.01112373173236847,1.526065170764923e-05,0.06972268410027027,0.06973794475197792,9.036250412464142e-05,0.0,0.0
727,optimizer,0.0012247487902641296,2.8390437364578247e-05,0.0012689922004938126,0.0012973826378583908,2.3379921913146973e-05,0.0004951301962137222,0.0004757195711135864
728,forward,0.012387169525027275,2.8759241104125977e-05,0.023487700149416924,0.02351645939052105,8.960254490375519e-05,0.0,0.0
728,backward,0.011168399825692177,1.475214958190918e-05,0.06973954476416111,0.06975429691374302,9.156204760074615e-05,0.0,0.0
728,optimizer,0.0012237317860126495,2.6522204279899597e-05,0.0012575816363096237,0.0012841038405895233,2.487190067768097e-05,0.00048452988266944885,0.0004686471074819565
729,forward,0.01238776184618473,2.9850751161575317e-05,0.02347392961382866,0.023503780364990234,8.415244519710541e-05,0.0,0.0
729,backward,0.011133790016174316,1.4252960681915283e-05,0.07002322748303413,0.07003748044371605,8.44709575176239e-05,0.0,0.0
729,optimizer,0.0012286528944969177,2.748146653175354e-05,0.001263689249753952,0.0012911707162857056,2.530030906200409e-05,0.000737139955163002,0.00047048740088939667
730,forward,0.012396048754453659,2.972036600112915e-05,0.023537151515483856,0.023566871881484985,8.263997733592987e-05,0.0,0.0
730,backward,0.011133106425404549,1.7832964658737183e-05,0.06964188441634178,0.06965971738100052,9.261257946491241e-05,0.0,0.0
730,optimizer,0.001239212229847908,2.5920569896697998e-05,0.001263502985239029,0.001289423555135727,2.5780871510505676e-05,0.000491579994559288,0.00047277845442295074
731,forward,0.012402091175317764,2.9200688004493713e-05,0.023472368717193604,0.023501569405198097,8.23289155960083e-05,0.0,0.0
731,backward,0.011082949116826057,1.664087176322937e-05,0.07005418092012405,0.07007082179188728,9.3851238489151e-05,0.0,0.0
731,optimizer,0.0012502539902925491,2.580881118774414e-05,0.0012595206499099731,0.0012853294610977173,2.5041401386260986e-05,0.0007917210459709167,0.0004687011241912842
732,forward,0.01253383420407772,2.9180198907852173e-05,0.023370487615466118,0.02339966781437397,9.038113057613373e-05,0.0,0.0
732,backward,0.011180434376001358,1.4640390872955322e-05,0.06974806822836399,0.06976270861923695,9.309127926826477e-05,0.0,0.0
732,optimizer,0.0012398306280374527,2.388283610343933e-05,0.0012561921030282974,0.0012800749391317368,2.4279579520225525e-05,0.0004978999495506287,0.0004742089658975601
733,forward,0.0124126598238945,3.0800700187683105e-05,0.02347332052886486,0.023504121229052544,8.513219654560089e-05,0.0,0.0
733,backward,0.011100856587290764,1.3222917914390564e-05,0.06994497030973434,0.06995819322764874,9.833276271820068e-05,0.0,0.0
733,optimizer,0.0012149587273597717,2.9120594263076782e-05,0.0012658126652240753,0.001294933259487152,2.5151297450065613e-05,0.000851951539516449,0.00047247670590877533
734,forward,0.012398721650242805,2.9921531677246094e-05,0.02349162846803665,0.023521549999713898,8.721277117729187e-05,0.0,0.0
734,backward,0.01113784871995449,1.600012183189392e-05,0.06971831619739532,0.06973431631922722,9.017065167427063e-05,0.0,0.0
734,optimizer,0.0012444406747817993,2.899952232837677e-05,0.0012479014694690704,0.0012769009917974472,2.565234899520874e-05,0.0004987400025129318,0.000469747930765152
735,forward,0.012366382405161858,2.789124846458435e-05,0.023515857756137848,0.023543749004602432,8.570030331611633e-05,0.0,0.0
735,backward,0.011094409972429276,1.5230849385261536e-05,0.06970792450010777,0.06972315534949303,8.831173181533813e-05,0.0,0.0
735,optimizer,0.0012405794113874435,3.0059367418289185e-05,0.0012580826878547668,0.001288142055273056,2.419017255306244e-05,0.0004841778427362442,0.0004691183567047119
736,forward,0.01240573264658451,3.090128302574158e-05,0.023466307669878006,0.023497208952903748,8.57524573802948e-05,0.0,0.0
736,backward,0.011133722960948944,1.4692544937133789e-05,0.06992004625499249,0.06993473879992962,9.331293404102325e-05,0.0,0.0
736,optimizer,0.0012444350868463516,2.9299408197402954e-05,0.0012576188892126083,0.0012869182974100113,2.6660040020942688e-05,0.0004937071353197098,0.0004695877432823181
737,forward,0.012405702844262123,2.9958784580230713e-05,0.02347227744758129,0.023502236232161522,8.157268166542053e-05,0.0,0.0
737,backward,0.011138029396533966,1.4469027519226074e-05,0.06986029632389545,0.06987476535141468,8.718110620975494e-05,0.0,0.0
737,optimizer,0.001236502081155777,2.896040678024292e-05,0.0012557022273540497,0.0012846626341342926,2.4849548935890198e-05,0.0008742064237594604,0.0004666093736886978
738,forward,0.012382352724671364,3.0171126127243042e-05,0.023559648543596268,0.02358981966972351,8.390098810195923e-05,0.0,0.0
738,backward,0.011109739542007446,1.712702214717865e-05,0.06998850964009762,0.0700056366622448,8.443929255008698e-05,0.0,0.0
738,optimizer,0.0012366808950901031,2.8131529688835144e-05,0.001262979581952095,0.0012911111116409302,2.5453045964241028e-05,0.000498596578836441,0.0004215668886899948
739,forward,0.012763530015945435,3.0681490898132324e-05,0.023114321753382683,0.023145003244280815,8.483976125717163e-05,0.0,0.0
739,backward,0.011113977059721947,1.6672536730766296e-05,0.06991967931389809,0.06993635185062885,8.73412936925888e-05,0.0,0.0
739,optimizer,0.0012360233813524246,2.9591843485832214e-05,0.0012638792395591736,0.0012934710830450058,2.4499371647834778e-05,0.0009694378823041916,0.00047628767788410187
740,forward,0.012373000383377075,3.091990947723389e-05,0.023540349677205086,0.02357126958668232,8.544325828552246e-05,0.0,0.0
740,backward,0.011174255982041359,1.5830621123313904e-05,0.06992272101342678,0.0699385516345501,9.390152990818024e-05,0.0,0.0
740,optimizer,0.0009599756449460983,3.024190664291382e-05,0.0012634322047233582,0.001293674111366272,2.436898648738861e-05,0.0005559287965297699,0.0004695095121860504
741,forward,0.01239028014242649,3.055110573768616e-05,0.023486729711294174,0.02351728081703186,8.201226592063904e-05,0.0,0.0
741,backward,0.011210260912775993,1.34296715259552e-05,0.06957407295703888,0.06958750262856483,9.131059050559998e-05,0.0,0.0
741,optimizer,0.0012253597378730774,2.3309141397476196e-05,0.001257631927728653,0.0012809410691261292,2.2679567337036133e-05,0.0004970747977495193,0.0004937797784805298
742,forward,0.012397604063153267,3.016926348209381e-05,0.023493846878409386,0.02352401614189148,8.582323789596558e-05,0.0,0.0
742,backward,0.011110248044133186,1.5759840607643127e-05,0.06991239823400974,0.06992815807461739,9.164214134216309e-05,0.0,0.0
742,optimizer,0.0012383237481117249,2.738088369369507e-05,0.0012620408087968826,0.0012894216924905777,2.6969239115715027e-05,0.004247521981596947,0.00047304853796958923
743,forward,0.012500910088419914,2.9072165489196777e-05,0.023353397846221924,0.02338247001171112,8.567236363887787e-05,0.0,0.0
743,backward,0.011085588485002518,1.5111640095710754e-05,0.07000753097236156,0.07002264261245728,9.078159928321838e-05,0.0,0.0
743,optimizer,0.0012448802590370178,2.7509406208992004e-05,0.0012582428753376007,0.0012857522815465927,2.7621164917945862e-05,0.0004926007241010666,0.0004711877554655075
744,forward,0.01233762875199318,3.0120834708213806e-05,0.023578152060508728,0.023608272895216942,8.927285671234131e-05,0.0,0.0
744,backward,0.011103127151727676,1.5079975128173828e-05,0.06984056904911995,0.06985564902424812,9.160861372947693e-05,0.0,0.0
744,optimizer,0.0012174826115369797,2.775155007839203e-05,0.0012617111206054688,0.0012894626706838608,2.3638829588890076e-05,0.0005066972225904465,0.0004674382507801056
745,forward,0.012364888563752174,3.071129322052002e-05,0.02356049232184887,0.02359120361506939,8.521229028701782e-05,0.0,0.0
745,backward,0.01115136593580246,1.5340745449066162e-05,0.07000710070133209,0.07002244144678116,8.911825716495514e-05,0.0,0.0
745,optimizer,0.0012476816773414612,2.8930604457855225e-05,0.0012551303952932358,0.001284060999751091,2.816133201122284e-05,0.0004924777895212173,0.0004652980715036392
746,forward,0.012713104486465454,3.056973218917847e-05,0.023185255005955696,0.023215824738144875,8.511170744895935e-05,0.0,0.0
746,backward,0.011189170181751251,1.872144639492035e-05,0.06985478661954403,0.06987350806593895,8.675083518028259e-05,0.0,0.0
746,optimizer,0.0011582598090171814,2.790801227092743e-05,0.0012594908475875854,0.0012873988598585129,2.4331733584403992e-05,0.0008085425943136215,0.0004689376801252365
747,forward,0.012496212497353554,2.9360875487327576e-05,0.023449480533599854,0.02347884140908718,8.522160351276398e-05,0.0,0.0
747,backward,0.01117582805454731,1.4429911971092224e-05,0.06970785558223724,0.06972228549420834,8.617900311946869e-05,0.0,0.0
747,optimizer,0.0011545605957508087,2.9539689421653748e-05,0.0012643318623304367,0.0012938715517520905,2.457946538925171e-05,0.0004903711378574371,0.0004726182669401169
748,forward,0.012650717049837112,3.045983612537384e-05,0.02323015406727791,0.023260613903403282,8.394010365009308e-05,0.0,0.0
748,backward,0.011122196912765503,1.6460195183753967e-05,0.07011810317635536,0.07013456337153912,8.839182555675507e-05,0.0,0.0
748,optimizer,0.0012410134077072144,2.9141083359718323e-05,0.0012655314058065414,0.0012946724891662598,2.3189932107925415e-05,0.0010932572185993195,0.00046889670193195343
749,forward,0.012437401339411736,2.9159709811210632e-05,0.02348562888801098,0.02351478859782219,7.86222517490387e-05,0.0,0.0
749,backward,0.01111241988837719,2.1530315279960632e-05,0.06966517306864262,0.06968670338392258,9.316019713878632e-05,0.0,0.0
749,optimizer,0.0012427251785993576,2.6032328605651855e-05,0.0012551788240671158,0.0012812111526727676,2.3853033781051636e-05,0.0004929900169372559,0.0004683881998062134
750,forward,0.012392090633511543,2.92118638753891e-05,0.023505577817559242,0.02353478968143463,8.629262447357178e-05,0.0,0.0
750,backward,0.011147208511829376,1.7073005437850952e-05,0.0697317086160183,0.06974878162145615,9.124167263507843e-05,0.0,0.0
750,optimizer,0.0012229103595018387,2.7820467948913574e-05,0.0012625716626644135,0.001290392130613327,2.619996666908264e-05,0.0004878975450992584,0.00047789886593818665
751,forward,0.0123753622174263,2.961978316307068e-05,0.023559780791401863,0.023589400574564934,8.88388603925705e-05,0.0,0.0
751,backward,0.011143019422888756,1.5119090676307678e-05,0.06977627612650394,0.06979139521718025,9.121187031269073e-05,0.0,0.0
751,optimizer,0.001217348501086235,2.9262155294418335e-05,0.0012611113488674164,0.0012903735041618347,2.6380643248558044e-05,0.0004944577813148499,0.00048502907156944275
752,forward,0.012455595657229424,3.0240043997764587e-05,0.023490987718105316,0.02352122776210308,8.545257151126862e-05,0.0,0.0
752,backward,0.011097673326730728,1.4407560229301453e-05,0.06994912773370743,0.06996353529393673,9.047240018844604e-05,0.0,0.0
752,optimizer,0.001213371753692627,2.7919188141822815e-05,0.0012579802423715591,0.001285899430513382,2.365000545978546e-05,0.0008084233850240707,0.0004776977002620697
753,forward,0.012398919090628624,4.2028725147247314e-05,0.02348024956882,0.023522278293967247,8.814036846160889e-05,0.0,0.0
753,backward,0.011060332879424095,1.6646459698677063e-05,0.0698718149214983,0.06988846138119698,8.958019316196442e-05,0.0,0.0
753,optimizer,0.0012408290058374405,2.7708709239959717e-05,0.0012596920132637024,0.0012874007225036621,2.351216971874237e-05,0.0004933346062898636,0.00047262758016586304
754,forward,0.012365100905299187,2.9200688004493713e-05,0.02353677898645401,0.023565979674458504,8.4633007645607e-05,0.0,0.0
754,backward,0.011088307946920395,1.5659257769584656e-05,0.06965400464832783,0.06966966390609741,8.681043982505798e-05,0.0,0.0
754,optimizer,0.001244058832526207,3.10409814119339e-05,0.001257704570889473,0.0012887455523014069,2.6600435376167297e-05,0.0004940200597047806,0.00046762824058532715
755,forward,0.012444913387298584,2.8030946850776672e-05,0.02342228777706623,0.023450318723917007,8.492916822433472e-05,0.0,0.0
755,backward,0.011129871010780334,1.492723822593689e-05,0.06984837725758553,0.06986330449581146,8.968077600002289e-05,0.0,0.0
755,optimizer,0.001215299591422081,2.970173954963684e-05,0.0012658927589654922,0.001295594498515129,2.2800639271736145e-05,0.0008605550974607468,0.00047496892511844635
756,forward,0.01268286444246769,2.8781592845916748e-05,0.023181993514299393,0.02321077510714531,8.593127131462097e-05,0.0,0.0
756,backward,0.011141927912831306,1.5478581190109253e-05,0.06997867301106453,0.06999415159225464,8.693896234035492e-05,0.0,0.0
756,optimizer,0.0012344233691692352,2.78521329164505e-05,0.0012586191296577454,0.0012864712625741959,2.616085112094879e-05,0.0008071325719356537,0.00046871788799762726
757,forward,0.012295778840780258,3.0839815735816956e-05,0.023587269708514214,0.02361810952425003,8.057057857513428e-05,0.0,0.0
757,backward,0.011110320687294006,1.656077802181244e-05,0.06989406794309616,0.06991062872111797,9.160116314888e-05,0.0,0.0
757,optimizer,0.0012311264872550964,2.4590641260147095e-05,0.001270592212677002,0.001295182853937149,2.4409964680671692e-05,0.0008461344987154007,0.00047032907605171204
758,forward,0.012398002669215202,2.9470771551132202e-05,0.023544330149888992,0.023573800921440125,8.382275700569153e-05,0.0,0.0
758,backward,0.011108919978141785,1.849047839641571e-05,0.06977363675832748,0.0697921272367239,8.863955736160278e-05,0.0,0.0
758,optimizer,0.001225138083100319,2.7451664209365845e-05,0.0012577325105667114,0.0012851841747760773,2.8129667043685913e-05,0.00048516690731048584,0.0004723351448774338
759,forward,0.01237063854932785,2.9809772968292236e-05,0.023539260029792786,0.023569069802761078,8.966028690338135e-05,0.0,0.0
759,backward,0.011214811354875565,1.519918441772461e-05,0.07005703262984753,0.07007223181426525,9.14204865694046e-05,0.0,0.0
759,optimizer,0.0012335926294326782,2.820044755935669e-05,0.0012554507702589035,0.0012836512178182602,2.3659318685531616e-05,0.0008159428834915161,0.00048004835844039917
760,forward,0.012403331696987152,4.3720006942749023e-05,0.02352689951658249,0.023570619523525238,9.021349251270294e-05,0.0,0.0
760,backward,0.011155461892485619,1.405179500579834e-05,0.06960655190050602,0.06962060369551182,8.939206600189209e-05,0.0,0.0
760,optimizer,0.001222340390086174,3.003142774105072e-05,0.001262599602341652,0.0012926310300827026,2.3772940039634705e-05,0.000503096729516983,0.00046891719102859497
761,forward,0.012751096859574318,2.9262155294418335e-05,0.02312731370329857,0.023156575858592987,8.592195808887482e-05,0.0,0.0
761,backward,0.011144978925585747,1.6901642084121704e-05,0.06999316066503525,0.07001006230711937,9.362027049064636e-05,0.0,0.0
761,optimizer,0.0012440215796232224,2.8289854526519775e-05,0.0012589506804943085,0.0012872405350208282,2.316012978553772e-05,0.000828305259346962,0.00046780891716480255
762,forward,0.012320855632424355,2.849102020263672e-05,0.023569371551275253,0.02359786257147789,8.663162589073181e-05,0.0,0.0
762,backward,0.011123200878500938,1.6279518604278564e-05,0.06977131590247154,0.06978759542107582,8.936971426010132e-05,0.0,0.0
762,optimizer,0.0012228712439537048,2.7218833565711975e-05,0.0012555122375488281,0.00128273107111454,2.4473294615745544e-05,0.000505669042468071,0.00046771764755249023
763,forward,0.012426512315869331,2.9962509870529175e-05,0.02352267876267433,0.02355264127254486,8.976273238658905e-05,0.0,0.0
763,backward,0.011119211092591286,1.4511868357658386e-05,0.07012272253632545,0.07013723440468311,9.093247354030609e-05,0.0,0.0
763,optimizer,0.0012188386172056198,2.90796160697937e-05,0.001263052225112915,0.0012921318411827087,2.6220455765724182e-05,0.0008835848420858383,0.0004719402641057968
764,forward,0.012364659458398819,3.0061230063438416e-05,0.023483850061893463,0.0235139112919569,8.744187653064728e-05,0.0,0.0
764,backward,0.011143138632178307,1.380033791065216e-05,0.06991997919976711,0.06993377953767776,8.749216794967651e-05,0.0,0.0
764,optimizer,0.0012267418205738068,2.8060749173164368e-05,0.0012591425329446793,0.0012872032821178436,2.5000423192977905e-05,0.0004918277263641357,0.00046359747648239136
765,forward,0.012379569932818413,2.8459355235099792e-05,0.02348741702735424,0.02351587638258934,8.225254714488983e-05,0.0,0.0
765,backward,0.011101897805929184,1.570954918861389e-05,0.0698971077799797,0.06991281732916832,8.703209459781647e-05,0.0,0.0
765,optimizer,0.0012308228760957718,2.697855234146118e-05,0.0012544412165880203,0.0012814197689294815,2.265162765979767e-05,0.00090806744992733,0.00046735629439353943
766,forward,0.012702163308858871,2.9420480132102966e-05,0.02324167639017105,0.023271096870303154,8.339062333106995e-05,0.0,0.0
766,backward,0.011122841387987137,1.6799196600914e-05,0.06965323351323605,0.06967003270983696,8.757226169109344e-05,0.0,0.0
766,optimizer,0.0012196414172649384,3.0899420380592346e-05,0.0012541506439447403,0.0012850500643253326,2.6131048798561096e-05,0.0004918072372674942,0.00046437792479991913
767,forward,0.012380000203847885,2.9101967811584473e-05,0.023497529327869415,0.023526631295681,8.464232087135315e-05,0.0,0.0
767,backward,0.01138286106288433,1.667998731136322e-05,0.06952795200049877,0.06954463198781013,9.467080235481262e-05,0.0,0.0
767,optimizer,0.0012281890958547592,2.8248876333236694e-05,0.0012610424309968948,0.0012892913073301315,2.5879591703414917e-05,0.00048664771020412445,0.0004773493856191635
768,forward,0.012402292340993881,3.063119947910309e-05,0.023472847416996956,0.02350347861647606,8.082017302513123e-05,0.0,0.0
768,backward,0.011185508221387863,1.553073525428772e-05,0.06990343704819679,0.06991896778345108,9.095296263694763e-05,0.0,0.0
768,optimizer,0.0011574216187000275,2.4879351258277893e-05,0.001262381672859192,0.0012872610241174698,2.6920810341835022e-05,0.0004914365708827972,0.0004678890109062195
769,forward,0.012771444395184517,2.7460977435112e-05,0.023150162771344185,0.023177623748779297,8.513219654560089e-05,0.0,0.0
769,backward,0.011116350069642067,1.5612691640853882e-05,0.06964328326284885,0.06965889595448971,9.257160127162933e-05,0.0,0.0
769,optimizer,0.001236042007803917,2.775341272354126e-05,0.001260252669453621,0.0012880060821771622,2.407841384410858e-05,0.0005576591938734055,0.0005024280399084091
770,forward,0.012416983023285866,3.0210241675376892e-05,0.023438936099410057,0.023469146341085434,8.603930473327637e-05,0.0,0.0
770,backward,0.01116890087723732,1.584179699420929e-05,0.06996325962245464,0.06997910141944885,9.175203740596771e-05,0.0,0.0
770,optimizer,0.0011703427881002426,2.9942020773887634e-05,0.0012568198144435883,0.0012867618352174759,2.4020671844482422e-05,0.0009434167295694351,0.0004680771380662918
771,forward,0.012302719056606293,3.063119947910309e-05,0.023621922358870506,0.02365255355834961,8.771196007728577e-05,0.0,0.0
771,backward,0.011155206710100174,1.521967351436615e-05,0.06981123797595501,0.06982645764946938,8.677318692207336e-05,0.0,0.0
771,optimizer,0.0011624470353126526,2.9342249035835266e-05,0.0012607928365468979,0.0012901350855827332,2.5289133191108704e-05,0.0008518937975168228,0.00046510808169841766
772,forward,0.013911865651607513,3.0349940061569214e-05,0.02202598564326763,0.0220563355833292,8.298270404338837e-05,0.0,0.0
772,backward,0.011396726593375206,1.3772398233413696e-05,0.06955204159021378,0.06956581398844719,9.067356586456299e-05,0.0,0.0
772,optimizer,0.0011679306626319885,2.931058406829834e-05,0.0012580212205648422,0.0012873318046331406,2.3130327463150024e-05,0.0004907771944999695,0.0004683397710323334
773,forward,0.012417852878570557,2.820044755935669e-05,0.02347070723772049,0.023498907685279846,8.45007598400116e-05,0.0,0.0
773,backward,0.011145878583192825,1.6801059246063232e-05,0.06962991505861282,0.06964671611785889,8.834525942802429e-05,0.0,0.0
773,optimizer,0.001230614259839058,2.7410686016082764e-05,0.001256648451089859,0.0012840591371059418,2.5190412998199463e-05,0.0004927292466163635,0.00046739913523197174
774,forward,0.012447191402316093,2.9480084776878357e-05,0.0234738290309906,0.02350330911576748,8.448027074337006e-05,0.0,0.0
774,backward,0.011181525886058807,1.5379860997200012e-05,0.06997007131576538,0.06998545117676258,8.974038064479828e-05,0.0,0.0
774,optimizer,0.0011608898639678955,2.758018672466278e-05,0.0012608207762241364,0.0012884009629487991,2.285093069076538e-05,0.0009026266634464264,0.0004703998565673828
775,forward,0.012422069907188416,3.032200038433075e-05,0.023535599932074547,0.023565921932458878,8.811242878437042e-05,0.0,0.0
775,backward,0.011161580681800842,1.4089047908782959e-05,0.06969879567623138,0.06971288472414017,8.665956556797028e-05,0.0,0.0
775,optimizer,0.0011614281684160233,3.005005419254303e-05,0.0012593325227499008,0.0012893825769424438,2.4240463972091675e-05,0.0004993975162506104,0.000478208065032959
776,forward,0.012386789545416832,3.0431896448135376e-05,0.023508861660957336,0.023539293557405472,8.141063153743744e-05,0.0,0.0
776,backward,0.011117206886410713,1.5420839190483093e-05,0.0699362400919199,0.06995166093111038,9.196065366268158e-05,0.0,0.0
776,optimizer,0.0011565331369638443,2.6091933250427246e-05,0.0012594088912010193,0.0012855008244514465,2.3670494556427002e-05,0.000773133710026741,0.00047611817717552185
777,forward,0.012279806658625603,2.9709190130233765e-05,0.02358006313443184,0.023609772324562073,8.313916623592377e-05,0.0,0.0
777,backward,0.011095687747001648,1.8201768398284912e-05,0.06965821422636509,0.06967641599476337,9.232200682163239e-05,0.0,0.0
777,optimizer,0.001226501539349556,2.5819987058639526e-05,0.0012611709535121918,0.0012869909405708313,2.4059787392616272e-05,0.0004983581602573395,0.0004829578101634979
778,forward,0.012313377112150192,2.92118638753891e-05,0.023553982377052307,0.023583194240927696,8.96211713552475e-05,0.0,0.0
778,backward,0.011219821870326996,1.4580786228179932e-05,0.0699935294687748,0.07000811025500298,9.147264063358307e-05,0.0,0.0
778,optimizer,0.0011791680008172989,2.574920654296875e-05,0.0012624803930521011,0.0012882295995950699,2.614036202430725e-05,0.0008934345096349716,0.00047031790018081665
779,forward,0.012381207197904587,3.0722469091415405e-05,0.0235519427806139,0.023582665249705315,9.073130786418915e-05,0.0,0.0
779,backward,0.011215763166546822,1.3999640941619873e-05,0.06963720172643661,0.06965120136737823,9.319931268692017e-05,0.0,0.0
779,optimizer,0.0009595174342393875,3.0700117349624634e-05,0.0012615304440259933,0.001292230561375618,2.3521482944488525e-05,0.0004992391914129257,0.00046776793897151947
780,forward,0.01242201216518879,3.0349940061569214e-05,0.02350221946835518,0.023532569408416748,8.419901132583618e-05,0.0,0.0
780,backward,0.011174868792295456,1.4938414096832275e-05,0.06989838741719723,0.06991332583129406,9.304285049438477e-05,0.0,0.0
780,optimizer,0.00116632878780365,2.747960388660431e-05,0.0012611430138349533,0.0012886226177215576,2.3620203137397766e-05,0.000999176874756813,0.0004783589392900467
781,forward,0.012341506779193878,2.890080213546753e-05,0.023545091971755028,0.023573992773890495,8.66912305355072e-05,0.0,0.0
781,backward,0.011084996163845062,1.683272421360016e-05,0.06993295066058636,0.06994978338479996,8.751265704631805e-05,0.0,0.0
781,optimizer,0.0012404508888721466,2.732314169406891e-05,0.0012584421783685684,0.0012857653200626373,2.57100909948349e-05,0.0007783528417348862,0.0004698280245065689
782,forward,0.012405142188072205,2.8889626264572144e-05,0.023470908403396606,0.02349979802966118,8.504092693328857e-05,0.0,0.0
782,backward,0.011090116575360298,1.5242025256156921e-05,0.07001089118421078,0.07002613320946693,9.153038263320923e-05,0.0,0.0
782,optimizer,0.0012175589799880981,4.082918167114258e-05,0.0012569818645715714,0.001297811046242714,0.00013953261077404022,0.0005108751356601715,0.00047145597636699677
783,forward,0.012361990287899971,3.1050294637680054e-05,0.02358713001012802,0.0236181803047657,8.618086576461792e-05,0.0,0.0
783,backward,0.011118222028017044,1.4299526810646057e-05,0.06969961524009705,0.06971391476690769,9.060092270374298e-05,0.0,0.0
783,optimizer,0.0012118816375732422,2.845190465450287e-05,0.0012618303298950195,0.0012902822345495224,2.218969166278839e-05,0.0004902686923742294,0.0004672296345233917
784,forward,0.012687254697084427,3.056228160858154e-05,0.023213865235447884,0.023244427517056465,8.325092494487762e-05,0.0,0.0
784,backward,0.011112967506051064,1.5780329704284668e-05,0.07003252021968365,0.07004830054938793,8.75815749168396e-05,0.0,0.0
784,optimizer,0.0012341123074293137,2.6751309633255005e-05,0.0012588612735271454,0.0012856125831604004,2.400018274784088e-05,0.0008144639432430267,0.00047517940402030945
785,forward,0.012381119653582573,2.8369948267936707e-05,0.023537112399935722,0.02356548234820366,8.383952081203461e-05,0.0,0.0
785,backward,0.011126510798931122,1.8166378140449524e-05,0.06971997395157814,0.06973814032971859,8.527934551239014e-05,0.0,0.0
785,optimizer,0.0012263841927051544,2.7699396014213562e-05,0.0012674611061811447,0.0012951605021953583,2.5140121579170227e-05,0.0004907157272100449,0.0004675164818763733
786,forward,0.012583734467625618,2.9560178518295288e-05,0.023339377716183662,0.023368937894701958,8.507072925567627e-05,0.0,0.0
786,backward,0.01112479716539383,1.554936170578003e-05,0.07005543261766434,0.07007098197937012,9.133294224739075e-05,0.0,0.0
786,optimizer,0.0012192334979772568,2.6520341634750366e-05,0.0012663304805755615,0.0012928508222103119,2.5600194931030273e-05,0.0008450131863355637,0.0004829075187444687
787,forward,0.012357410043478012,3.1031668186187744e-05,0.023540079593658447,0.023571111261844635,8.106231689453125e-05,0.0,0.0
787,backward,0.011074580252170563,1.449882984161377e-05,0.06967607326805592,0.06969057209789753,9.028054773807526e-05,0.0,0.0
787,optimizer,0.001229122281074524,2.8232112526893616e-05,0.001260019838809967,0.0012882519513368607,2.6188790798187256e-05,0.0004937872290611267,0.0004842374473810196
788,forward,0.012424563989043236,2.9353424906730652e-05,0.023461466655135155,0.023490820080041885,8.459202945232391e-05,0.0,0.0
788,backward,0.011126618832349777,1.6029924154281616e-05,0.06994729861617088,0.06996332854032516,9.478256106376648e-05,0.0,0.0
788,optimizer,0.001229388639330864,2.8751790523529053e-05,0.0012578107416629791,0.0012865625321865082,2.501159906387329e-05,0.0008065346628427505,0.0004736483097076416
789,forward,0.012242831289768219,3.0260533094406128e-05,0.02369603142142296,0.023726291954517365,8.83098691701889e-05,0.0,0.0
789,backward,0.01105564832687378,1.5579164028167725e-05,0.06966744363307953,0.0696830227971077,9.003281593322754e-05,0.0,0.0
789,optimizer,0.001234542578458786,3.018975257873535e-05,0.0012567099183797836,0.001286899670958519,2.2741034626960754e-05,0.0004870891571044922,0.0004684366285800934
790,forward,0.012379618361592293,2.8500333428382874e-05,0.023521210998296738,0.02354971133172512,8.556246757507324e-05,0.0,0.0
790,backward,0.011138519272208214,1.559033989906311e-05,0.0698588564991951,0.06987444683909416,8.854083716869354e-05,0.0,0.0
790,optimizer,0.0012355819344520569,2.8781592845916748e-05,0.0012586899101734161,0.0012874715030193329,2.389959990978241e-05,0.0004910994321107864,0.0004704277962446213
791,forward,0.01233706995844841,3.127939999103546e-05,0.023533619940280914,0.02356489934027195,8.673965930938721e-05,0.0,0.0
791,backward,0.011125458404421806,1.3999640941619873e-05,0.0698371883481741,0.06985118798911572,8.926168084144592e-05,0.0,0.0
791,optimizer,0.0011585894972085953,2.9982998967170715e-05,0.001254100352525711,0.0012840833514928818,2.726912498474121e-05,0.0004984568804502487,0.00046820007264614105
792,forward,0.01237238198518753,2.866983413696289e-05,0.02350875921547413,0.02353742904961109,8.532963693141937e-05,0.0,0.0
792,backward,0.011113978922367096,1.5221536159515381e-05,0.06958737410604954,0.06960259564220905,8.663162589073181e-05,0.0,0.0
792,optimizer,0.001238880679011345,2.8422102332115173e-05,0.0012582708150148392,0.0012866929173469543,2.4070963263511658e-05,0.0005493201315402985,0.0004679560661315918
793,forward,0.012310897931456566,2.932921051979065e-05,0.023586291819810867,0.023615621030330658,8.371099829673767e-05,0.0,0.0
793,backward,0.011118436232209206,1.6959384083747864e-05,0.06993400119245052,0.06995096057653427,8.70823860168457e-05,0.0,0.0
793,optimizer,0.0012368131428956985,2.8990209102630615e-05,0.0012589190155267715,0.0012879092246294022,2.7239322662353516e-05,0.000813264399766922,0.0004642680287361145
794,forward,0.012452132999897003,2.888031303882599e-05,0.02346791885793209,0.023496799170970917,8.670426905155182e-05,0.0,0.0
794,backward,0.011177090927958488,1.605972647666931e-05,0.06960808299481869,0.06962414272129536,9.189173579216003e-05,0.0,0.0
794,optimizer,0.0012474507093429565,2.54213809967041e-05,0.001257721334695816,0.0012831427156925201,2.6201829314231873e-05,0.0005439110100269318,0.0005073584616184235
795,forward,0.012310517951846123,3.0878931283950806e-05,0.023594388738274574,0.023625267669558525,7.987953722476959e-05,0.0,0.0
795,backward,0.011131618171930313,1.5031546354293823e-05,0.06996887922286987,0.06998391076922417,9.082071483135223e-05,0.0,0.0
795,optimizer,0.001154361292719841,2.7569010853767395e-05,0.0012602098286151886,0.001287778839468956,2.6309862732887268e-05,0.0005067288875579834,0.0004716087132692337
796,forward,0.012376759201288223,2.9981136322021484e-05,0.023560592904686928,0.02359057404100895,8.22208821773529e-05,0.0,0.0
796,backward,0.011185979470610619,1.6940757632255554e-05,0.06978379562497139,0.06980073638260365,9.15825366973877e-05,0.0,0.0
796,optimizer,0.0011540371924638748,2.8887763619422913e-05,0.0012634918093681335,0.0012923795729875565,2.541951835155487e-05,0.001011967658996582,0.00047762878239154816
797,forward,0.012417793273925781,3.0122697353363037e-05,0.0235440693795681,0.023574192076921463,8.760951459407806e-05,0.0,0.0
797,backward,0.011178528890013695,1.5020370483398438e-05,0.06963903456926346,0.06965405493974686,9.259209036827087e-05,0.0,0.0
797,optimizer,0.0012334845960140228,2.5581568479537964e-05,0.001258939504623413,0.001284521073102951,2.4693086743354797e-05,0.0004977583885192871,0.00047461874783039093
798,forward,0.012435093522071838,3.094784915447235e-05,0.02346924878656864,0.023500196635723114,8.71904194355011e-05,0.0,0.0
798,backward,0.011213181540369987,1.594051718711853e-05,0.0700142402201891,0.07003018073737621,9.419955313205719e-05,0.0,0.0
798,optimizer,0.0012278128415346146,2.970173954963684e-05,0.001255519688129425,0.0012852214276790619,2.3989006876945496e-05,0.0009069759398698807,0.00047534704208374023
799,forward,0.012375181540846825,3.061071038246155e-05,0.02350538969039917,0.02353600040078163,8.501298725605011e-05,0.0,0.0
799,backward,0.011214196681976318,1.5769153833389282e-05,0.06949235312640667,0.06950812228024006,8.985213935375214e-05,0.0,0.0
799,optimizer,0.0011675786226987839,2.6309862732887268e-05,0.0012662317603826523,0.0012925416231155396,2.3791566491127014e-05,0.0004999376833438873,0.00047100894153118134
800,forward,0.012307453900575638,3.0353665351867676e-05,0.023619819432497025,0.023650173097848892,8.540228009223938e-05,0.0,0.0
800,backward,0.011118730530142784,1.6430392861366272e-05,0.07001883909106255,0.07003526948392391,8.66129994392395e-05,0.0,0.0
800,optimizer,0.0011632293462753296,2.9420480132102966e-05,0.00125880166888237,0.001288222149014473,2.4709850549697876e-05,0.0008092131465673447,0.0004683472216129303
801,forward,0.012255655601620674,2.859160304069519e-05,0.023662002757191658,0.023690594360232353,8.942373096942902e-05,0.0,0.0
801,backward,0.011112961918115616,1.4139339327812195e-05,0.06970699317753315,0.06972113251686096,9.019114077091217e-05,0.0,0.0
801,optimizer,0.0011547990143299103,2.961978316307068e-05,0.0012615211308002472,0.0012911409139633179,2.4380162358283997e-05,0.0004850756376981735,0.0004889760166406631
802,forward,0.01251327432692051,3.037974238395691e-05,0.023416846990585327,0.023447226732969284,8.596107363700867e-05,0.0,0.0
802,backward,0.011224787682294846,1.3619661331176758e-05,0.06985998898744583,0.06987360864877701,8.743256330490112e-05,0.0,0.0
802,optimizer,0.0011644531041383743,2.9012560844421387e-05,0.0012619514018297195,0.001290963962674141,2.7332454919815063e-05,0.0004863683134317398,0.0004701577126979828
803,forward,0.012357521802186966,2.8342008590698242e-05,0.02359107881784439,0.02361942082643509,8.60895961523056e-05,0.0,0.0
803,backward,0.011193238198757172,1.5487894415855408e-05,0.0695765633136034,0.06959205120801926,8.681230247020721e-05,0.0,0.0
803,optimizer,0.0011607501655817032,2.9129907488822937e-05,0.001260600984096527,0.00128973089158535,2.3730099201202393e-05,0.0005001313984394073,0.0004664957523345947
804,forward,0.01240154355764389,2.8971582651138306e-05,0.023542389273643494,0.023571360856294632,8.589029312133789e-05,0.0,0.0
804,backward,0.011169958859682083,1.676008105278015e-05,0.06994457170367241,0.06996133178472519,8.869916200637817e-05,0.0,0.0
804,optimizer,0.0011563412845134735,2.972222864627838e-05,0.0012600012123584747,0.0012897234410047531,2.319924533367157e-05,0.000908704474568367,0.0004752296954393387
805,forward,0.012334739789366722,3.1247735023498535e-05,0.02357427217066288,0.02360551990568638,8.660182356834412e-05,0.0,0.0
805,backward,0.011100566014647484,1.5269964933395386e-05,0.0698135569691658,0.0698288269340992,9.482167661190033e-05,0.0,0.0
805,optimizer,0.0011680442839860916,2.5589019060134888e-05,0.0012465286999940872,0.001272117719054222,2.450123429298401e-05,0.0004949960857629776,0.000467667356133461
806,forward,0.012418940663337708,3.257952630519867e-05,0.023439990356564522,0.02347256988286972,8.199363946914673e-05,0.0,0.0
806,backward,0.011174948886036873,1.5329569578170776e-05,0.07007665187120438,0.07009198144078255,9.437091648578644e-05,0.0,0.0
806,optimizer,0.0011593084782361984,2.4050474166870117e-05,0.0012637116014957428,0.001287762075662613,2.5888904929161072e-05,0.000839943066239357,0.00047427788376808167
807,forward,0.012389609590172768,3.018975257873535e-05,0.023508859798312187,0.023539049550890923,8.57524573802948e-05,0.0,0.0
807,backward,0.011203868314623833,1.784786581993103e-05,0.06956464238464832,0.06958249025046825,9.183213114738464e-05,0.0,0.0
807,optimizer,0.001156393438577652,2.4331733584403992e-05,0.0012645088136196136,0.0012888405472040176,2.321973443031311e-05,0.0004984289407730103,0.0004708971828222275
808,forward,0.012362552806735039,2.8170645236968994e-05,0.02352292835712433,0.023551099002361298,8.661113679409027e-05,0.0,0.0
808,backward,0.011122029274702072,1.5720725059509277e-05,0.06996935792267323,0.06998507864773273,9.067170321941376e-05,0.0,0.0
808,optimizer,0.0012250430881977081,3.0782073736190796e-05,0.0012718290090560913,0.001302611082792282,2.378039062023163e-05,0.0008934047073125839,0.0004707165062427521
809,forward,0.012482753023505211,3.090128302574158e-05,0.023477647453546524,0.023508548736572266,9.074248373508453e-05,0.0,0.0
809,backward,0.011162379756569862,1.4571473002433777e-05,0.06958483159542084,0.06959940306842327,9.308010339736938e-05,0.0,0.0
809,optimizer,0.00122138112783432,2.898089587688446e-05,0.001257140189409256,0.0012861210852861404,2.5510787963867188e-05,0.0004967004060745239,0.0004698950797319412
810,forward,0.012420957908034325,3.0471011996269226e-05,0.02348802052438259,0.02351849153637886,8.316151797771454e-05,0.0,0.0
810,backward,0.011191679164767265,1.4066696166992188e-05,0.0699304100126028,0.0699444767087698,9.17091965675354e-05,0.0,0.0
810,optimizer,0.0011491384357213974,2.6931986212730408e-05,0.0012674517929553986,0.001294383779168129,2.245977520942688e-05,0.0005879290401935577,0.00046356767416000366
811,forward,0.012421810999512672,2.789124846458435e-05,0.023493940010666847,0.02352183125913143,8.543208241462708e-05,0.0,0.0
811,backward,0.011148657649755478,1.6769394278526306e-05,0.06966195441782475,0.06967872381210327,8.46516340970993e-05,0.0,0.0
811,optimizer,0.0012313127517700195,2.57100909948349e-05,0.0012647192925214767,0.0012904293835163116,2.6492401957511902e-05,0.0004915967583656311,0.0004718676209449768
812,forward,0.012356853112578392,2.8431415557861328e-05,0.023521360009908676,0.023549791425466537,8.558109402656555e-05,0.0,0.0
812,backward,0.011176740750670433,1.5271827578544617e-05,0.06981856748461723,0.06983383931219578,8.889101445674896e-05,0.0,0.0
812,optimizer,0.0011712387204170227,2.961978316307068e-05,0.0012632720172405243,0.001292891800403595,2.5192275643348694e-05,0.0008299238979816437,0.0004669949412345886
813,forward,0.012372922152280807,3.059953451156616e-05,0.023598061874508858,0.023628661409020424,8.887983858585358e-05,0.0,0.0
813,backward,0.011151069775223732,1.594051718711853e-05,0.06963683292269707,0.06965277343988419,9.018182754516602e-05,0.0,0.0
813,optimizer,0.0012185219675302505,3.063306212425232e-05,0.0012619588524103165,0.0012925919145345688,2.311915159225464e-05,0.0004905890673398972,0.00048119761049747467
814,forward,0.01240801066160202,2.934969961643219e-05,0.023463919758796692,0.023493269458413124,8.03191214799881e-05,0.0,0.0
814,backward,0.011247321963310242,1.5459954738616943e-05,0.06980689615011215,0.06982235610485077,8.993037045001984e-05,0.0,0.0
814,optimizer,0.0011569205671548843,2.9051676392555237e-05,0.0012587923556566238,0.001287844032049179,2.693943679332733e-05,0.0008422546088695526,0.0004582982510328293
815,forward,0.012394988909363747,2.9569491744041443e-05,0.02347361110150814,0.023503180593252182,8.201226592063904e-05,0.0,0.0
815,backward,0.011541249230504036,1.6940757632255554e-05,0.06973390281200409,0.06975084356963634,9.3093141913414e-05,0.0,0.0
815,optimizer,0.0012586694210767746,2.6609748601913452e-05,0.0012637730687856674,0.0012903828173875809,2.4730339646339417e-05,0.0009904950857162476,0.0004766210913658142
816,forward,0.014011276885867119,2.9319897294044495e-05,0.021926263347268105,0.02195558324456215,8.883140981197357e-05,0.0,0.0
816,backward,0.011939112097024918,1.477077603340149e-05,0.06911749579012394,0.06913226656615734,9.06623899936676e-05,0.0,0.0
816,optimizer,0.0012615807354450226,3.1620264053344727e-05,0.0012622512876987457,0.0012938715517520905,2.271123230457306e-05,0.0004988610744476318,0.00046690739691257477
817,forward,0.01234566979110241,3.2240524888038635e-05,0.023584110662341118,0.023616351187229156,9.19196754693985e-05,0.0,0.0
817,backward,0.011128919199109077,1.4942139387130737e-05,0.06984618678689003,0.06986112892627716,9.200163185596466e-05,0.0,0.0
817,optimizer,0.0012356508523225784,2.931058406829834e-05,0.0012606214731931686,0.001289932057261467,2.3670494556427002e-05,0.0004905983805656433,0.0004734788089990616
818,forward,0.0124070905148983,2.9470771551132202e-05,0.023454949259757996,0.023484420031309128,8.453056216239929e-05,0.0,0.0
818,backward,0.01120605319738388,1.4601275324821472e-05,0.06978148594498634,0.06979608722031116,8.893944323062897e-05,0.0,0.0
818,optimizer,0.0009530354291200638,3.1299889087677e-05,0.0012635327875614166,0.0012948326766490936,2.4899840354919434e-05,0.0008430462330579758,0.00046688690781593323
819,forward,0.01243717409670353,2.9139220714569092e-05,0.023514289408922195,0.023543428629636765,8.66912305355072e-05,0.0,0.0
819,backward,0.011115701869130135,1.7508864402770996e-05,0.0696689635515213,0.06968647241592407,8.782185614109039e-05,0.0,0.0
819,optimizer,0.001266898587346077,2.972222864627838e-05,0.001261681318283081,0.0012914035469293594,2.815946936607361e-05,0.00048563815653324127,0.000469917431473732
820,forward,0.012376232072710991,2.8988346457481384e-05,0.023528389632701874,0.023557377979159355,8.879043161869049e-05,0.0,0.0
820,backward,0.011178569868206978,1.3660639524459839e-05,0.07010643184185028,0.07012009248137474,9.156204760074615e-05,0.0,0.0
820,optimizer,0.0011817235499620438,3.063119947910309e-05,0.0012569092214107513,0.0012875404208898544,2.3480504751205444e-05,0.0006835218518972397,0.0004919692873954773
821,forward,0.012322351336479187,3.097951412200928e-05,0.023536838591098785,0.023567818105220795,8.605234324932098e-05,0.0,0.0
821,backward,0.011110108345746994,1.4530494809150696e-05,0.06964602507650852,0.06966055557131767,9.036436676979065e-05,0.0,0.0
821,optimizer,0.0012194011360406876,2.8811395168304443e-05,0.0012566614896059036,0.001285472884774208,2.6170164346694946e-05,0.0008597243577241898,0.0004717875272035599
822,forward,0.012415321543812752,2.8701499104499817e-05,0.02348416857421398,0.02351287007331848,8.301995694637299e-05,0.0,0.0
822,backward,0.011090988293290138,1.528114080429077e-05,0.06990078650414944,0.06991606764495373,8.719228208065033e-05,0.0,0.0
822,optimizer,0.0012446511536836624,2.841278910636902e-05,0.0012580808252096176,0.0012864936143159866,2.4262815713882446e-05,0.0010337065905332565,0.0004671867936849594
823,forward,0.01254216954112053,2.9861927032470703e-05,0.02339804917573929,0.02342791110277176,8.373893797397614e-05,0.0,0.0
823,backward,0.011161020025610924,1.483038067817688e-05,0.06955291144549847,0.06956774182617664,8.867122232913971e-05,0.0,0.0
823,optimizer,0.0011673476547002792,2.826005220413208e-05,0.0012617819011211395,0.0012900419533252716,2.3329630494117737e-05,0.0004917271435260773,0.0004669558256864548
824,forward,0.012426568195223808,2.8289854526519775e-05,0.023479759693145752,0.02350804954767227,8.336454629898071e-05,0.0,0.0
824,backward,0.011162489652633667,1.5130266547203064e-05,0.06976557523012161,0.06978070549666882,9.175948798656464e-05,0.0,0.0
824,optimizer,0.0011727828532457352,2.6708468794822693e-05,0.0012602303177118301,0.0012869387865066528,2.310238778591156e-05,0.0006531719118356705,0.0004779752343893051
825,forward,0.012421960011124611,3.143027424812317e-05,0.023518208414316177,0.0235496386885643,7.993169128894806e-05,0.0,0.0
825,backward,0.011228399351239204,1.582130789756775e-05,0.06960933469235897,0.06962515600025654,9.382888674736023e-05,0.0,0.0
825,optimizer,0.0012340787798166275,2.49519944190979e-05,0.00126650370657444,0.001291455700993538,2.4767592549324036e-05,0.0005065798759460449,0.00047046877443790436
826,forward,0.012346912175416946,2.9092654585838318e-05,0.023516248911619186,0.023545341566205025,8.493103086948395e-05,0.0,0.0
826,backward,0.011109398677945137,1.6687437891960144e-05,0.06867005676031113,0.06868674419820309,9.11913812160492e-05,0.0,0.0
826,optimizer,0.0012159012258052826,2.3579224944114685e-05,0.0012628212571144104,0.001286400482058525,2.3709610104560852e-05,0.0005000270903110504,0.0004742871969938278
827,forward,0.012374330312013626,2.927146852016449e-05,0.023561419919133186,0.02359069138765335,8.792243897914886e-05,0.0,0.0
827,backward,0.011072659865021706,1.5679746866226196e-05,0.07014833204448223,0.07016401179134846,9.015202522277832e-05,0.0,0.0
827,optimizer,0.001228291541337967,2.6969239115715027e-05,0.0012565627694129944,0.0012835320085287094,2.540089190006256e-05,0.000991668552160263,0.0004703979939222336
828,forward,0.01235889084637165,3.028102219104767e-05,0.02353042922914028,0.02356071025133133,9.996257722377777e-05,0.0,0.0
828,backward,0.011187899857759476,1.4211982488632202e-05,0.06979517638683319,0.06980938836932182,8.966028690338135e-05,0.0,0.0
828,optimizer,0.00115981325507164,2.946890890598297e-05,0.0012614596635103226,0.0012909285724163055,2.483278512954712e-05,0.0010070055723190308,0.0004713684320449829
829,forward,0.012245237827301025,4.501268267631531e-05,0.023624081164598465,0.02366909384727478,8.525140583515167e-05,0.0,0.0
829,backward,0.01110159419476986,1.3861805200576782e-05,0.07004985213279724,0.07006371393799782,9.08728688955307e-05,0.0,0.0
829,optimizer,0.0012302510440349579,2.930872142314911e-05,0.0012579914182424545,0.0012873001396656036,2.7880072593688965e-05,0.0006143897771835327,0.0004687551409006119
830,forward,0.012451237067580223,2.831965684890747e-05,0.023457631468772888,0.023485951125621796,8.593127131462097e-05,0.0,0.0
830,backward,0.011128045618534088,1.529976725578308e-05,0.06970137730240822,0.069716677069664,8.532218635082245e-05,0.0,0.0
830,optimizer,0.0012313518673181534,2.880766987800598e-05,0.0012638624757528305,0.0012926701456308365,2.403929829597473e-05,0.0004981085658073425,0.0004635583609342575
831,forward,0.012314967811107635,2.991221845149994e-05,0.023578371852636337,0.023608284071087837,8.39531421661377e-05,0.0,0.0
831,backward,0.011061016470193863,1.619011163711548e-05,0.07019497454166412,0.07021116465330124,8.822977542877197e-05,0.0,0.0
831,optimizer,0.0012404732406139374,2.8129667043685913e-05,0.0012633297592401505,0.0012914594262838364,2.32793390750885e-05,0.0009494181722402573,0.0004639383405447006
832,forward,0.012362819164991379,3.137998282909393e-05,0.02353637106716633,0.023567751049995422,8.904188871383667e-05,0.0,0.0
832,backward,0.011186828836798668,1.4659017324447632e-05,0.0698211882263422,0.06983584724366665,8.650310337543488e-05,0.0,0.0
832,optimizer,0.0012323707342147827,2.7660280466079712e-05,0.0012607201933860779,0.0012883804738521576,2.5391578674316406e-05,0.0008577164262533188,0.00046868808567523956
833,forward,0.012372151017189026,2.9910355806350708e-05,0.023548560217022896,0.023578470572829247,8.15410166978836e-05,0.0,0.0
833,backward,0.011195739731192589,1.556798815727234e-05,0.06998167932033539,0.06999724730849266,8.921138942241669e-05,0.0,0.0
833,optimizer,0.0011711008846759796,2.6162713766098022e-05,0.0012590419501066208,0.0012852046638727188,2.600252628326416e-05,0.0007898546755313873,0.0004646759480237961
834,forward,0.012408677488565445,2.931058406829834e-05,0.023531652987003326,0.023560963571071625,8.131004869937897e-05,0.0,0.0
834,backward,0.011160574853420258,1.650676131248474e-05,0.06965409033000469,0.06967059709131718,9.382329881191254e-05,0.0,0.0
834,optimizer,0.001164168119430542,2.4491921067237854e-05,0.001260140910744667,0.001284632831811905,2.466142177581787e-05,0.0004913993179798126,0.0004768781363964081
835,forward,0.01239234209060669,2.8859823942184448e-05,0.023490387946367264,0.023519247770309448,8.595176041126251e-05,0.0,0.0
835,backward,0.011159960180521011,1.574307680130005e-05,0.06990732811391354,0.06992307119071484,9.049102663993835e-05,0.0,0.0
835,optimizer,0.0011768322438001633,2.7760863304138184e-05,0.0012593716382980347,0.0012871325016021729,2.34115868806839e-05,0.0010217409580945969,0.0004691369831562042
836,forward,0.012392701581120491,3.001280128955841e-05,0.023552769795060158,0.023582782596349716,8.947215974330902e-05,0.0,0.0
836,backward,0.011177299544215202,1.5139579772949219e-05,0.06964442506432533,0.06965956464409828,9.340047836303711e-05,0.0,0.0
836,optimizer,0.0011969096958637238,2.8470531105995178e-05,0.001256810501217842,0.0012852810323238373,2.6050955057144165e-05,0.0004907157272100449,0.0004679877310991287
837,forward,0.012414762750267982,3.125891089439392e-05,0.023483678698539734,0.023514937609434128,8.485093712806702e-05,0.0,0.0
837,backward,0.011203421279788017,1.4640390872955322e-05,0.06995728984475136,0.06997193023562431,9.136274456977844e-05,0.0,0.0
837,optimizer,0.0011735688894987106,2.779066562652588e-05,0.0012621525675058365,0.0012899432331323624,2.319924533367157e-05,0.0008065234869718552,0.00046524778008461
838,forward,0.012411147356033325,2.976134419441223e-05,0.023562932386994362,0.023592693731188774,8.633919060230255e-05,0.0,0.0
838,backward,0.011166688054800034,1.765228807926178e-05,0.0698170680552721,0.06983472034335136,8.588097989559174e-05,0.0,0.0
838,optimizer,0.0011668112128973007,2.8699636459350586e-05,0.0012568514794111252,0.0012855511158704758,2.6360154151916504e-05,0.0004941876977682114,0.0004786476492881775
839,forward,0.012371741235256195,2.8273090720176697e-05,0.02350223995745182,0.023530513048171997,8.477270603179932e-05,0.0,0.0
839,backward,0.011164670810103416,1.6119331121444702e-05,0.06990792788565159,0.06992404721677303,9.025260806083679e-05,0.0,0.0
839,optimizer,0.0011675115674734116,2.937205135822296e-05,0.001266520470380783,0.001295892521739006,2.302229404449463e-05,0.003063291311264038,0.0004710070788860321
840,forward,0.012393621727824211,3.009103238582611e-05,0.023570019751787186,0.023600110784173012,8.83396714925766e-05,0.0,0.0
840,backward,0.011466564610600471,1.5618279576301575e-05,0.06947619095444679,0.0694918092340231,9.136088192462921e-05,0.0,0.0
840,optimizer,0.00115165114402771,2.8420239686965942e-05,0.0012596715241670609,0.0012880917638540268,2.419017255306244e-05,0.0004915986210107803,0.0004703979939222336
841,forward,0.012409878894686699,2.8820708394050598e-05,0.02350897155702114,0.02353779226541519,8.191168308258057e-05,0.0,0.0
841,backward,0.011166844516992569,1.6180798411369324e-05,0.06962307170033455,0.06963925249874592,8.74493271112442e-05,0.0,0.0
841,optimizer,0.001169878989458084,2.841278910636902e-05,0.0012619122862815857,0.0012903250753879547,2.4631619453430176e-05,0.0004957467317581177,0.0004705078899860382
842,forward,0.012425830587744713,3.056973218917847e-05,0.023502128198742867,0.023532697930932045,8.193217217922211e-05,0.0,0.0
842,backward,0.011233378201723099,1.8892809748649597e-05,0.0699625015258789,0.06998139433562756,8.61436128616333e-05,0.0,0.0
842,optimizer,0.0011539850383996964,2.4961307644844055e-05,0.0012622736394405365,0.0012872349470853806,2.609938383102417e-05,0.000494830310344696,0.00046910718083381653
843,forward,0.012327419593930244,2.8640031814575195e-05,0.02358544059097767,0.023614080622792244,8.2431361079216e-05,0.0,0.0
843,backward,0.011227089911699295,1.6538426280021667e-05,0.06976356916129589,0.06978010758757591,9.407289326190948e-05,0.0,0.0
843,optimizer,0.0011692214757204056,2.5482848286628723e-05,0.0012575890868902206,0.0012830719351768494,2.3281201720237732e-05,0.0004941485822200775,0.0004712603986263275
844,forward,0.012336688116192818,2.8209760785102844e-05,0.023537563160061836,0.02356577292084694,8.949078619480133e-05,0.0,0.0
844,backward,0.011243952438235283,1.5132129192352295e-05,0.0699740219861269,0.06998915411531925,9.246170520782471e-05,0.0,0.0
844,optimizer,0.0011579599231481552,2.7453526854515076e-05,0.0012586135417222977,0.0012860670685768127,2.4961307644844055e-05,0.0007840115576982498,0.00047684647142887115
845,forward,0.012351030483841896,3.1791627407073975e-05,0.023600321263074875,0.02363211289048195,8.727051317691803e-05,0.0,0.0
845,backward,0.01111774705350399,1.5171244740486145e-05,0.06970028765499592,0.0697154588997364,8.992105722427368e-05,0.0,0.0
845,optimizer,0.0012304019182920456,2.7569010853767395e-05,0.0012616608291864395,0.001289229840040207,2.5529414415359497e-05,0.0004915893077850342,0.00046930834650993347
846,forward,0.012498512864112854,3.0452385544776917e-05,0.02349381148815155,0.023524263873696327,8.613243699073792e-05,0.0,0.0
846,backward,0.011146757751703262,1.6240403056144714e-05,0.07000853307545185,0.070024773478508,8.876249194145203e-05,0.0,0.0
846,optimizer,0.0012242384254932404,2.9342249035835266e-05,0.0012629926204681396,0.001292334869503975,2.4650245904922485e-05,0.0009129345417022705,0.00046270713210105896
847,forward,0.012411346659064293,2.8388574719429016e-05,0.023520153015851974,0.023548541590571404,8.551031351089478e-05,0.0,0.0
847,backward,0.011164668947458267,1.528114080429077e-05,0.06975485943257809,0.06977014057338238,9.029172360897064e-05,0.0,0.0
847,optimizer,0.0011840090155601501,2.8349459171295166e-05,0.0012570321559906006,0.0012853816151618958,2.3720785975456238e-05,0.00048558786511421204,0.0004778783768415451
848,forward,0.012379812076687813,3.0411407351493835e-05,0.0235466118901968,0.023577023297548294,8.509308099746704e-05,0.0,0.0
848,backward,0.01116940751671791,1.603923738002777e-05,0.06964879669249058,0.0696648359298706,9.013339877128601e-05,0.0,0.0
848,optimizer,0.001158071681857109,2.7760863304138184e-05,0.0012599211186170578,0.001287681981921196,2.3700296878814697e-05,0.0006311312317848206,0.0004697795957326889
849,forward,0.012385720387101173,3.1519681215286255e-05,0.023523882031440735,0.02355540171265602,8.592195808887482e-05,0.0,0.0
849,backward,0.011122757568955421,1.4269724488258362e-05,0.07004999369382858,0.07006426341831684,8.62516462802887e-05,0.0,0.0
849,optimizer,0.0012401416897773743,2.7438625693321228e-05,0.0012609511613845825,0.0012883897870779037,2.7120113372802734e-05,0.0004899688065052032,0.00047330930829048157
850,forward,0.012352598831057549,2.8369948267936707e-05,0.023574212566018105,0.02360258251428604,8.273310959339142e-05,0.0,0.0
850,backward,0.01116211898624897,1.7022714018821716e-05,0.0696406252682209,0.06965764798223972,8.988194167613983e-05,0.0,0.0
850,optimizer,0.0012446306645870209,2.4080276489257812e-05,0.0012609027326107025,0.0012849830090999603,2.343021333217621e-05,0.0004920400679111481,0.00045638903975486755
851,forward,0.012384239584207535,2.896040678024292e-05,0.02354850061237812,0.023577461019158363,8.199363946914673e-05,0.0,0.0
851,backward,0.011048795655369759,1.733936369419098e-05,0.07001803256571293,0.07003537192940712,9.243004024028778e-05,0.0,0.0
851,optimizer,0.0012237504124641418,2.530217170715332e-05,0.0012592524290084839,0.0012845546007156372,2.573244273662567e-05,0.0008562654256820679,0.00046774744987487793
852,forward,0.012333398684859276,2.8369948267936707e-05,0.023524252697825432,0.02355262264609337,8.763931691646576e-05,0.0,0.0
852,backward,0.01114262267947197,1.4387071132659912e-05,0.06996485032141209,0.06997923739254475,8.988194167613983e-05,0.0,0.0
852,optimizer,0.001230662688612938,2.5041401386260986e-05,0.0012581795454025269,0.0012832209467887878,2.2972002625465393e-05,0.0008004754781723022,0.0004699360579252243
853,forward,0.012410437688231468,3.2220035791397095e-05,0.02349589206278324,0.02352811209857464,8.411146700382233e-05,0.0,0.0
853,backward,0.011073138564825058,1.561082899570465e-05,0.06983892992138863,0.06985454075038433,8.931197226047516e-05,0.0,0.0
853,optimizer,0.0012228786945343018,2.864934504032135e-05,0.001257382333278656,0.0012860316783189774,2.421066164970398e-05,0.0004902798682451248,0.0004674885421991348
854,forward,0.012366510927677155,2.7222558856010437e-05,0.023517239838838577,0.023544462397694588,8.64323228597641e-05,0.0,0.0
854,backward,0.01112004742026329,1.5290454030036926e-05,0.06998490355908871,0.07000019401311874,9.091198444366455e-05,0.0,0.0
854,optimizer,0.0012402012944221497,2.7859583497047424e-05,0.001262551173567772,0.0012904107570648193,2.380087971687317e-05,0.000886525958776474,0.00047076866030693054
855,forward,0.012395991012454033,2.9558315873146057e-05,0.02353242225944996,0.023561980575323105,8.65589827299118e-05,0.0,0.0
855,backward,0.011097768321633339,1.5929341316223145e-05,0.069679856300354,0.06969578564167023,8.97720456123352e-05,0.0,0.0
855,optimizer,0.0012162905186414719,2.7652829885482788e-05,0.0012579020112752914,0.0012855548411607742,2.3322179913520813e-05,0.0004917550832033157,0.0004860907793045044
856,forward,0.012437129393219948,2.7740374207496643e-05,0.02343936078250408,0.02346710115671158,8.557923138141632e-05,0.0,0.0
856,backward,0.011148089542984962,1.5620142221450806e-05,0.07000722177326679,0.07002284191548824,9.047985076904297e-05,0.0,0.0
856,optimizer,0.0012310240417718887,3.089010715484619e-05,0.0012609995901584625,0.0012918896973133087,2.5520101189613342e-05,0.0023165494203567505,0.00047125667333602905
857,forward,0.012370821088552475,3.1072646379470825e-05,0.023549161851406097,0.023580234497785568,8.616968989372253e-05,0.0,0.0
857,backward,0.011143287643790245,1.4502555131912231e-05,0.06963680870831013,0.06965131126344204,8.754990994930267e-05,0.0,0.0
857,optimizer,0.001223122701048851,2.8500333428382874e-05,0.0012599900364875793,0.0012884903699159622,2.5801360607147217e-05,0.0005002394318580627,0.00046806782484054565
858,forward,0.01241489127278328,2.9399991035461426e-05,0.023473478853702545,0.023502878844738007,8.33999365568161e-05,0.0,0.0
858,backward,0.011165669187903404,1.5430152416229248e-05,0.06986827030777931,0.06988370046019554,8.741207420825958e-05,0.0,0.0
858,optimizer,0.0012279916554689407,2.7708709239959717e-05,0.001258712261915207,0.0012864209711551666,2.32793390750885e-05,0.0007917433977127075,0.0004689488559961319
859,forward,0.012303894385695457,2.9820948839187622e-05,0.023570839315652847,0.023600660264492035,8.302181959152222e-05,0.0,0.0
859,backward,0.011089816689491272,2.4123117327690125e-05,0.0700247623026371,0.07004888541996479,9.384192526340485e-05,0.0,0.0
859,optimizer,0.001224098727107048,2.6669353246688843e-05,0.0012598522007465363,0.001286521553993225,2.6132911443710327e-05,0.0004959572106599808,0.0004716794937849045
860,forward,0.012382781133055687,2.995133399963379e-05,0.023533649742603302,0.023563601076602936,0.00010867230594158173,0.0,0.0
860,backward,0.011252470314502716,3.2220035791397095e-05,0.06977252848446369,0.06980474852025509,9.441003203392029e-05,0.0,0.0
860,optimizer,0.0014792922884225845,2.497062087059021e-05,0.0012138709425926208,0.001238841563463211,2.6579946279525757e-05,0.0008695628494024277,0.0005391500890254974
861,forward,0.01312372274696827,2.937205135822296e-05,0.022814009338617325,0.022843381389975548,8.406303822994232e-05,0.0,0.0
861,backward,0.01112697459757328,1.3301149010658264e-05,0.07003258541226387,0.07004588656127453,8.932314813137054e-05,0.0,0.0
861,optimizer,0.00121990405023098,3.127194941043854e-05,0.0012630391865968704,0.001294311136007309,2.3039057850837708e-05,0.00089295394718647,0.0004656873643398285
862,forward,0.012449881061911583,2.931244671344757e-05,0.023477058857679367,0.023506371304392815,8.655153214931488e-05,0.0,0.0
862,backward,0.011124970391392708,1.5478581190109253e-05,0.06969146616756916,0.06970694474875927,9.025260806083679e-05,0.0,0.0
862,optimizer,0.0011656507849693298,2.9848888516426086e-05,0.0012486521154642105,0.0012785010039806366,2.378039062023163e-05,0.0004991088062524796,0.00046891719102859497
863,forward,0.012388870120048523,3.848038613796234e-05,0.023531481623649597,0.02356996200978756,8.992105722427368e-05,0.0,0.0
863,backward,0.011105161160230637,1.6430392861366272e-05,0.06998349167406559,0.06999992206692696,9.112060070037842e-05,0.0,0.0
863,optimizer,0.0012286603450775146,3.0269846320152283e-05,0.0012550316751003265,0.0012853015214204788,2.7010217308998108e-05,0.0004891064018011093,0.0004672277718782425
864,forward,0.012701667845249176,2.964213490486145e-05,0.023178042843937874,0.023207684978842735,8.94404947757721e-05,0.0,0.0
864,backward,0.01114666648209095,1.4068558812141418e-05,0.06954887695610523,0.06956294551491737,8.840113878250122e-05,0.0,0.0
864,optimizer,0.0012447014451026917,2.70698219537735e-05,0.0012637805193662643,0.0012908503413200378,2.7231872081756592e-05,0.0005275197327136993,0.000473877415060997
865,forward,0.01273052766919136,3.0782073736190796e-05,0.023151913657784462,0.023182695731520653,8.41822475194931e-05,0.0,0.0
865,backward,0.011172560974955559,1.535378396511078e-05,0.06990408152341843,0.06991943530738354,8.684210479259491e-05,0.0,0.0
865,optimizer,0.0012309197336435318,2.8001144528388977e-05,0.0012661442160606384,0.0012941453605890274,2.7611851692199707e-05,0.0004905276000499725,0.00047072768211364746
866,forward,0.012433791533112526,2.8699636459350586e-05,0.023514410480856895,0.023543110117316246,8.388236165046692e-05,0.0,0.0
866,backward,0.011176196858286858,1.6460195183753967e-05,0.06964258849620819,0.06965904869139194,8.592195808887482e-05,0.0,0.0
866,optimizer,0.001219049096107483,2.7202069759368896e-05,0.0012602023780345917,0.0012874044477939606,2.4110078811645508e-05,0.0007406137883663177,0.000464119017124176
867,forward,0.012390311807394028,2.779066562652588e-05,0.023496918380260468,0.023524709045886993,8.351169526576996e-05,0.0,0.0
867,backward,0.011395061388611794,1.7272308468818665e-05,0.06961802579462528,0.0696352981030941,8.796341717243195e-05,0.0,0.0
867,optimizer,0.0012302491813898087,2.8099864721298218e-05,0.00125851109623909,0.0012866109609603882,2.3739412426948547e-05,0.0008794646710157394,0.0004684869199991226
868,forward,0.012379851192235947,2.9379501938819885e-05,0.02358059212565422,0.02360997162759304,8.405931293964386e-05,0.0,0.0
868,backward,0.01111927255988121,1.642853021621704e-05,0.06974893622100353,0.06976536475121975,9.42423939704895e-05,0.0,0.0
868,optimizer,0.0012262910604476929,2.703256905078888e-05,0.0012666098773479462,0.001293642446398735,2.5110319256782532e-05,0.0004918202757835388,0.00047220103442668915
869,forward,0.012403029948472977,3.1189993023872375e-05,0.023493750020861626,0.023524940013885498,8.70823860168457e-05,0.0,0.0
869,backward,0.011184470728039742,1.3949349522590637e-05,0.06975098885595798,0.06976493820548058,9.012222290039062e-05,0.0,0.0
869,optimizer,0.001233268529176712,2.8120353817939758e-05,0.0012603625655174255,0.0012884829193353653,2.6419758796691895e-05,0.0004903096705675125,0.0004717279225587845
870,forward,0.012356879189610481,2.830103039741516e-05,0.023526310920715332,0.023554611951112747,8.67210328578949e-05,0.0,0.0
870,backward,0.011121461167931557,1.5171244740486145e-05,0.07011261209845543,0.07012778334319592,9.040907025337219e-05,0.0,0.0
870,optimizer,0.0012127924710512161,2.8207898139953613e-05,0.001258261501789093,0.0012864693999290466,2.365000545978546e-05,0.0009207874536514282,0.00046827830374240875
871,forward,0.012393077835440636,3.005005419254303e-05,0.023497970774769783,0.023528020828962326,8.546002209186554e-05,0.0,0.0
871,backward,0.011078499257564545,1.5970319509506226e-05,0.0697904173284769,0.06980638764798641,9.244121611118317e-05,0.0,0.0
871,optimizer,0.001237461343407631,2.8818845748901367e-05,0.001256430521607399,0.0012852493673563004,2.3830682039260864e-05,0.0004995372146368027,0.00047304853796958923
872,forward,0.01240176148712635,3.188103437423706e-05,0.023497601971030235,0.023529483005404472,8.93622636795044e-05,0.0,0.0
872,backward,0.011103270575404167,1.5370547771453857e-05,0.06994584016501904,0.06996121071279049,9.3802809715271e-05,0.0,0.0
872,optimizer,0.0012346524745225906,2.8019770979881287e-05,0.0012524314224720001,0.0012804511934518814,2.6749446988105774e-05,0.00048507750034332275,0.00047383829951286316
873,forward,0.01233874261379242,3.1441450119018555e-05,0.023557109758257866,0.023588551208376884,8.386187255382538e-05,0.0,0.0
873,backward,0.011055009439587593,1.3699755072593689e-05,0.07001378200948238,0.07002748176455498,9.192898869514465e-05,0.0,0.0
873,optimizer,0.0012310631573200226,2.705119550228119e-05,0.0012673120945692062,0.0012943632900714874,2.2951513528823853e-05,0.000944875180721283,0.00047004781663417816
874,forward,0.012397440150380135,2.9539689421653748e-05,0.023533672094345093,0.023563211783766747,8.662045001983643e-05,0.0,0.0
874,backward,0.011161023750901222,1.6439706087112427e-05,0.06957884319126606,0.06959528289735317,8.56202095746994e-05,0.0,0.0
874,optimizer,0.001152755692601204,3.065168857574463e-05,0.0012621935456991196,0.0012928452342748642,2.5130808353424072e-05,0.0004902482032775879,0.0004656277596950531
875,forward,0.01243436150252819,2.7259811758995056e-05,0.02347295917570591,0.023500218987464905,8.502230048179626e-05,0.0,0.0
875,backward,0.011149043217301369,1.4893710613250732e-05,0.06994147039949894,0.06995636411011219,8.807145059108734e-05,0.0,0.0
875,optimizer,0.0012407712638378143,2.9006972908973694e-05,0.0012619420886039734,0.001290949061512947,2.4789944291114807e-05,0.003278665244579315,0.0004789680242538452
876,forward,0.012390153482556343,3.130920231342316e-05,0.023531509563326836,0.02356281876564026,8.759275078773499e-05,0.0,0.0
876,backward,0.011182861402630806,1.4390796422958374e-05,0.06986851058900356,0.06988290138542652,9.375251829624176e-05,0.0,0.0
876,optimizer,0.0009568966925144196,3.0510127544403076e-05,0.0012622401118278503,0.0012927502393722534,2.5538727641105652e-05,0.0004834085702896118,0.00046523846685886383
877,forward,0.012383487075567245,2.9899179935455322e-05,0.0234849713742733,0.023514870554208755,8.319132030010223e-05,0.0,0.0
877,backward,0.011134492233395576,1.592002809047699e-05,0.06963394396007061,0.06964986398816109,9.034201502799988e-05,0.0,0.0
877,optimizer,0.0012393221259117126,2.4531036615371704e-05,0.0012617111206054688,0.0012862421572208405,2.5920569896697998e-05,0.0005424898117780685,0.00046742893755435944
878,forward,0.012323038652539253,2.8911978006362915e-05,0.023556509986519814,0.023585421964526176,8.577294647693634e-05,0.0,0.0
878,backward,0.011195061728358269,1.831166446208954e-05,0.06982455961406231,0.0698428712785244,9.266287088394165e-05,0.0,0.0
878,optimizer,0.0012382995337247849,2.3368746042251587e-05,0.0012652631849050522,0.0012886319309473038,2.3409724235534668e-05,0.0008650757372379303,0.000471239909529686
879,forward,0.012371843680739403,2.931244671344757e-05,0.023605361580848694,0.02363467402756214,8.568912744522095e-05,0.0,0.0
879,backward,0.011152999475598335,1.6199424862861633e-05,0.0696386769413948,0.06965487636625767,9.313225746154785e-05,0.0,0.0
879,optimizer,0.001164499670267105,2.7321279048919678e-05,0.001260390505194664,0.0012877117842435837,2.286955714225769e-05,0.0004950296133756638,0.0004691667854785919
880,forward,0.012417728081345558,2.897903323173523e-05,0.023489052429795265,0.023518031463027,8.726119995117188e-05,0.0,0.0
880,backward,0.011167729273438454,1.4392659068107605e-05,0.06973285973072052,0.06974725238978863,9.24915075302124e-05,0.0,0.0
880,optimizer,0.001153038814663887,2.7509406208992004e-05,0.0012619420886039734,0.0012894514948129654,2.4527311325073242e-05,0.0004917997866868973,0.0004861988127231598
881,forward,0.012405039742588997,3.055110573768616e-05,0.02350112982094288,0.023531680926680565,8.426234126091003e-05,0.0,0.0
881,backward,0.011175639927387238,1.5690922737121582e-05,0.06991845183074474,0.06993414275348186,9.018182754516602e-05,0.0,0.0
881,optimizer,0.001163119450211525,2.7898699045181274e-05,0.0012581031769514084,0.0012860018759965897,2.8969720005989075e-05,0.0004986599087715149,0.0004703886806964874
882,forward,0.01237824372947216,2.8720125555992126e-05,0.02358417958021164,0.02361289970576763,9.068287909030914e-05,0.0,0.0
882,backward,0.011206619441509247,1.5363097190856934e-05,0.0696419756859541,0.06965733878314495,8.868053555488586e-05,0.0,0.0
882,optimizer,0.0011581480503082275,2.8461217880249023e-05,0.0012597423046827316,0.0012882035225629807,2.3230910301208496e-05,0.0005046576261520386,0.0004649478942155838
883,forward,0.012454360723495483,2.8640031814575195e-05,0.02350837178528309,0.023537011817097664,8.597970008850098e-05,0.0,0.0
883,backward,0.011052343994379044,1.4591962099075317e-05,0.0700888354331255,0.07010342739522457,8.882954716682434e-05,0.0,0.0
883,optimizer,0.0012255609035491943,2.9962509870529175e-05,0.0012623127549886703,0.0012922752648591995,2.356991171836853e-05,0.0008004233241081238,0.00046949833631515503
884,forward,0.012370133772492409,2.9301270842552185e-05,0.023485247045755386,0.02351454831659794,8.59331339597702e-05,0.0,0.0
884,backward,0.01115988940000534,1.5642493963241577e-05,0.06986871920526028,0.06988436169922352,8.936412632465363e-05,0.0,0.0
884,optimizer,0.001235920935869217,2.9090791940689087e-05,0.0012608133256435394,0.0012899041175842285,2.468004822731018e-05,0.000494249165058136,0.0004656575620174408
885,forward,0.012316931039094925,3.0510127544403076e-05,0.023604221642017365,0.023634731769561768,8.18595290184021e-05,0.0,0.0
885,backward,0.011106610298156738,1.5780329704284668e-05,0.06968901678919792,0.0697047971189022,9.397044777870178e-05,0.0,0.0
885,optimizer,0.0012363698333501816,2.7472153306007385e-05,0.0012607425451278687,0.001288214698433876,2.271123230457306e-05,0.0004985891282558441,0.00047119706869125366
886,forward,0.012429039925336838,2.8459355235099792e-05,0.023502560332417488,0.023531019687652588,8.685141801834106e-05,0.0,0.0
886,backward,0.011137539520859718,1.5029683709144592e-05,0.06995280086994171,0.06996783055365086,9.041093289852142e-05,0.0,0.0
886,optimizer,0.0012351013720035553,2.6891008019447327e-05,0.001251043751835823,0.0012779347598552704,2.4080276489257812e-05,0.0007919538766145706,0.0004776977002620697
887,forward,0.012346543371677399,2.9439106583595276e-05,0.02349371835589409,0.023523157462477684,8.734315633773804e-05,0.0,0.0
887,backward,0.01108996570110321,1.676008105278015e-05,0.07004978507757187,0.07006654515862465,9.11131501197815e-05,0.0,0.0
887,optimizer,0.00122150219976902,2.790987491607666e-05,0.0012612789869308472,0.0012891888618469238,2.339296042919159e-05,0.0010354164987802505,0.0004707612097263336
888,forward,0.012379651889204979,2.9129907488822937e-05,0.023537389934062958,0.02356651984155178,8.69501382112503e-05,0.0,0.0
888,backward,0.011154767125844955,1.4258548617362976e-05,0.06957660429179668,0.06959086284041405,8.763186633586884e-05,0.0,0.0
888,optimizer,0.001225791871547699,2.8500333428382874e-05,0.0012625902891159058,0.0012910906225442886,2.4760141968727112e-05,0.0005641002207994461,0.00047241896390914917
889,forward,0.012352637946605682,2.9968097805976868e-05,0.023505311459302902,0.02353527955710888,8.475035429000854e-05,0.0,0.0
889,backward,0.011261820793151855,1.444108784198761e-05,0.06982969865202904,0.06984413973987103,8.03731381893158e-05,0.0,0.0
889,optimizer,0.0012863222509622574,3.596767783164978e-05,0.0012596026062965393,0.001295570284128189,2.6611611247062683e-05,0.0008708424866199493,0.0004313867539167404
890,forward,0.012559324502944946,2.925284206867218e-05,0.023327307775616646,0.023356560617685318,8.130073547363281e-05,0.0,0.0
890,backward,0.011448096483945847,1.7307698726654053e-05,0.06967377476394176,0.06969108246266842,8.458085358142853e-05,0.0,0.0
890,optimizer,0.0012483913451433182,3.102235496044159e-05,0.0012475010007619858,0.0012785233557224274,0.00010718405246734619,0.0005098171532154083,0.0004664566367864609
891,forward,0.01257922500371933,2.985261380672455e-05,0.023357046768069267,0.023386899381875992,8.055195212364197e-05,0.0,0.0
891,backward,0.011126948520541191,1.732073724269867e-05,0.06965329684317112,0.06967061758041382,8.483231067657471e-05,0.0,0.0
891,optimizer,0.001246752217411995,2.8369948267936707e-05,0.0012629218399524689,0.0012912917882204056,2.4339184165000916e-05,0.00048256851732730865,0.0004795864224433899
892,forward,0.012465251609683037,2.854876220226288e-05,0.023429779335856438,0.0234583280980587,7.839128375053406e-05,0.0,0.0
892,backward,0.011148108169436455,1.8619000911712646e-05,0.07005764357745647,0.07007626257836819,8.852221071720123e-05,0.0,0.0
892,optimizer,0.0012222211807966232,3.0100345611572266e-05,0.0012633316218852997,0.001293431967496872,2.4607405066490173e-05,0.0008723139762878418,0.00047437846660614014
893,forward,0.012311926111578941,2.862885594367981e-05,0.023615818470716476,0.023644447326660156,8.017197251319885e-05,0.0,0.0
893,backward,0.011314401403069496,1.6242265701293945e-05,0.06947607360780239,0.06949231587350368,9.268335998058319e-05,0.0,0.0
893,optimizer,0.0012496896088123322,3.100000321865082e-05,0.0012519918382167816,0.0012829918414354324,2.4488195776939392e-05,0.0004929155111312866,0.00047081708908081055
894,forward,0.012309420853853226,2.9571354389190674e-05,0.023552440106868744,0.023582011461257935,8.591264486312866e-05,0.0,0.0
894,backward,0.011432915925979614,1.7130747437477112e-05,0.06945867091417313,0.0694758016616106,8.744001388549805e-05,0.0,0.0
894,optimizer,0.0012551918625831604,3.0720606446266174e-05,0.0012617520987987518,0.001292472705245018,2.5819987058639526e-05,0.0004835166037082672,0.00046937912702560425
895,forward,0.01233489066362381,2.84537672996521e-05,0.023557139560580254,0.023585593327879906,8.569099009037018e-05,0.0,0.0
895,backward,0.011300332844257355,1.5558674931526184e-05,0.0699994508177042,0.07001500949263573,8.949264883995056e-05,0.0,0.0
895,optimizer,0.0012457221746444702,2.7120113372802734e-05,0.0012690406292676926,0.0012961607426404953,2.5287270545959473e-05,0.0008537750691175461,0.0004695672541856766
896,forward,0.012403622269630432,2.9480084776878357e-05,0.02349149063229561,0.023520970717072487,8.469074964523315e-05,0.0,0.0
896,backward,0.011132139712572098,1.609884202480316e-05,0.06979365646839142,0.06980975531041622,8.887983858585358e-05,0.0,0.0
896,optimizer,0.0012398622930049896,2.7779489755630493e-05,0.0012589097023010254,0.0012866891920566559,2.4881213903427124e-05,0.0004920084029436111,0.0004697553813457489
897,forward,0.012447264045476913,2.9342249035835266e-05,0.023427437990903854,0.02345678023993969,8.775107562541962e-05,0.0,0.0
897,backward,0.011162420734763145,1.592002809047699e-05,0.07010277174413204,0.07011869177222252,8.741207420825958e-05,0.0,0.0
897,optimizer,0.0012256316840648651,2.7218833565711975e-05,0.0012585800141096115,0.0012857988476753235,2.5449320673942566e-05,0.0008932873606681824,0.00047158822417259216
898,forward,0.01250467449426651,3.115832805633545e-05,0.02348569966852665,0.023516857996582985,8.363276720046997e-05,0.0,0.0
898,backward,0.011179221794009209,1.5772879123687744e-05,0.06967356614768505,0.06968933902680874,8.946098387241364e-05,0.0,0.0
898,optimizer,0.001246349886059761,3.166124224662781e-05,0.0012599900364875793,0.0012916512787342072,2.5020912289619446e-05,0.0004980284720659256,0.0004723481833934784
899,forward,0.012564584612846375,3.006868064403534e-05,0.023364538326859474,0.02339460700750351,8.332915604114532e-05,0.0,0.0
899,backward,0.011286234483122826,1.7408281564712524e-05,0.06993613950908184,0.06995354779064655,8.417107164859772e-05,0.0,0.0
899,optimizer,0.0012344997376203537,3.0251219868659973e-05,0.001258431002497673,0.001288682222366333,2.5959685444831848e-05,0.000726751983165741,0.0004635173827409744
900,forward,0.01261630654335022,2.969987690448761e-05,0.02327507548034191,0.0233047753572464,8.384324610233307e-05,0.0,0.0
900,backward,0.011494224891066551,1.6586855053901672e-05,0.06938820146024227,0.06940478831529617,7.957965135574341e-05,0.0,0.0
900,optimizer,0.0012590307742357254,2.7531757950782776e-05,0.0012587904930114746,0.0012863222509622574,2.4002045392990112e-05,0.0004902482032775879,0.00045467913150787354
901,forward,0.0127696692943573,3.0271708965301514e-05,0.023144003003835678,0.02317427471280098,7.631257176399231e-05,0.0,0.0
901,backward,0.011298451572656631,1.735985279083252e-05,0.06992110051214695,0.06993846036493778,8.406117558479309e-05,0.0,0.0
901,optimizer,0.0011634211987257004,2.6538968086242676e-05,0.0012597311288118362,0.001286270096898079,2.5739893317222595e-05,0.0009014066308736801,0.00045556947588920593
902,forward,0.012639796361327171,3.19797545671463e-05,0.023274527862668037,0.023306507617235184,8.030049502849579e-05,0.0,0.0
902,backward,0.011426569893956184,1.6480684280395508e-05,0.06931964121758938,0.06933612190186977,8.913315832614899e-05,0.0,0.0
902,optimizer,0.0012219492346048355,3.099068999290466e-05,0.001260463148355484,0.0012914538383483887,2.6499852538108826e-05,0.0005431398749351501,0.000470748171210289
903,forward,0.0123333390802145,2.884119749069214e-05,0.023557599633932114,0.023586440831422806,8.593127131462097e-05,0.0,0.0
903,backward,0.011188238859176636,1.6849488019943237e-05,0.06989077106118202,0.06990762054920197,8.479319512844086e-05,0.0,0.0
903,optimizer,0.0012301132082939148,2.7460977435112e-05,0.0012693516910076141,0.0012968126684427261,2.4789944291114807e-05,0.0009481459856033325,0.00047095678746700287
904,forward,0.012536704540252686,3.110244870185852e-05,0.023389797657728195,0.023420900106430054,8.42418521642685e-05,0.0,0.0
904,backward,0.011407475918531418,1.7080456018447876e-05,0.06945268251001835,0.0694697629660368,9.803101420402527e-05,0.0,0.0
904,optimizer,0.0013258922845125198,5.817040801048279e-05,0.001249929890036583,0.0013081002980470657,2.3230910301208496e-05,0.0004923678934574127,0.000489288941025734
905,forward,0.012443110346794128,3.124214708805084e-05,0.023499900475144386,0.023531142622232437,9.44826751947403e-05,0.0,0.0
905,backward,0.011423075571656227,1.8967315554618835e-05,0.06970319710671902,0.06972216442227364,9.233132004737854e-05,0.0,0.0
905,optimizer,0.0012183710932731628,3.0269846320152283e-05,0.0012629404664039612,0.0012932103127241135,2.7330592274665833e-05,0.0008524041622877121,0.0004650373011827469
906,forward,0.01263529621064663,3.150664269924164e-05,0.023271584883332253,0.023303091526031494,7.883086800575256e-05,0.0,0.0
906,backward,0.011255890130996704,1.5720725059509277e-05,0.06969424895942211,0.06970996968448162,0.00010295957326889038,0.0,0.0
906,optimizer,0.0012419912964105606,3.085285425186157e-05,0.001259680837392807,0.0012905336916446686,2.7270987629890442e-05,0.000491047278046608,0.0004688166081905365
907,forward,0.012340188026428223,2.9420480132102966e-05,0.02355182357132435,0.02358124405145645,8.292123675346375e-05,0.0,0.0
907,backward,0.011274531483650208,1.6869977116584778e-05,0.06945043243467808,0.06946730241179466,8.75517725944519e-05,0.0,0.0
907,optimizer,0.0012262724339962006,2.9707327485084534e-05,0.0012590810656547546,0.0012887883931398392,2.5501474738121033e-05,0.0004972387105226517,0.00047111697494983673
908,forward,0.01242196373641491,3.024190664291382e-05,0.023460619151592255,0.02349086105823517,8.381903171539307e-05,0.0,0.0
908,backward,0.011108970269560814,1.6300007700920105e-05,0.07004798203706741,0.07006428204476833,9.035132825374603e-05,0.0,0.0
908,optimizer,0.001230010762810707,2.8779730200767517e-05,0.0012626796960830688,0.0012914594262838364,2.3778527975082397e-05,0.0009829271584749222,0.0004788599908351898
909,forward,0.012736938893795013,2.9750168323516846e-05,0.02318602427840233,0.023215774446725845,8.365139365196228e-05,0.0,0.0
909,backward,0.011325504630804062,1.6480684280395508e-05,0.06939519010484219,0.06941167078912258,8.685141801834106e-05,0.0,0.0
909,optimizer,0.0012688394635915756,2.964213490486145e-05,0.0012594517320394516,0.001289093866944313,2.5190412998199463e-05,0.0004846099764108658,0.00046967528760433197
910,forward,0.012591512873768806,3.1381845474243164e-05,0.02331116609275341,0.023342547938227654,7.899291813373566e-05,0.0,0.0
910,backward,0.011230671778321266,1.7041340470314026e-05,0.06993367150425911,0.06995071284472942,8.733198046684265e-05,0.0,0.0
910,optimizer,0.0012480132281780243,2.5609508156776428e-05,0.001257309690117836,0.0012829191982746124,2.6220455765724182e-05,0.0009142160415649414,0.0004657171666622162
911,forward,0.012583106756210327,2.972036600112915e-05,0.023325355723500252,0.02335507608950138,8.526444435119629e-05,0.0,0.0
911,backward,0.011177491396665573,1.7330050468444824e-05,0.0696248933672905,0.06964222341775894,9.20705497264862e-05,0.0,0.0
911,optimizer,0.0012309588491916656,2.822279930114746e-05,0.0012587718665599823,0.0012869946658611298,2.4449080228805542e-05,0.000490240752696991,0.00046942010521888733
912,forward,0.01233075000345707,2.8410926461219788e-05,0.02358037233352661,0.02360878325998783,8.58306884765625e-05,0.0,0.0
912,backward,0.011190665885806084,1.734308898448944e-05,0.06982790119946003,0.06984524428844452,8.815154433250427e-05,0.0,0.0
912,optimizer,0.0012181419879198074,3.1210482120513916e-05,0.0012656319886446,0.0012968424707651138,2.6399269700050354e-05,0.0008950848132371902,0.0004654284566640854
913,forward,0.012639723718166351,3.0351802706718445e-05,0.023238565772771835,0.023268917575478554,8.361227810382843e-05,0.0,0.0
913,backward,0.011446943506598473,1.602061092853546e-05,0.06972299702465534,0.06973901763558388,9.077228605747223e-05,0.0,0.0
913,optimizer,0.0012260954827070236,2.9629096388816833e-05,0.0012573488056659698,0.0012869779020547867,2.501159906387329e-05,0.0008564572781324387,0.00047416798770427704
914,forward,0.01241438090801239,3.2199546694755554e-05,0.02350321039557457,0.023535409942269325,8.567236363887787e-05,0.0,0.0
914,backward,0.011175040155649185,1.5459954738616943e-05,0.06963783502578735,0.06965329498052597,8.215382695198059e-05,0.0,0.0
914,optimizer,0.0012501813471317291,3.071129322052002e-05,0.0012633521109819412,0.0012940634042024612,2.7840957045555115e-05,0.0005072988569736481,0.00045563653111457825
915,forward,0.012536443769931793,2.8539448976516724e-05,0.02332368493080139,0.02335222437977791,8.211284875869751e-05,0.0,0.0
915,backward,0.011234203353524208,1.6780570149421692e-05,0.06967202574014664,0.06968880631029606,8.525140583515167e-05,0.0,0.0
915,optimizer,0.0009442344307899475,3.417022526264191e-05,0.0012625716626644135,0.0012967418879270554,2.4091452360153198e-05,0.0005996692925691605,0.0004669874906539917
916,forward,0.01247057318687439,2.8468668460845947e-05,0.02342361770570278,0.023452086374163628,9.472295641899109e-05,0.0,0.0
916,backward,0.01119881123304367,2.106092870235443e-05,0.07005185261368752,0.07007291354238987,8.767098188400269e-05,0.0,0.0
916,optimizer,0.0012346208095550537,3.1519681215286255e-05,0.0012650825083255768,0.001296602189540863,2.5540590286254883e-05,0.0008889250457286835,0.00046676769852638245
917,forward,0.012334506958723068,2.817995846271515e-05,0.023569293320178986,0.0235974732786417,8.097104728221893e-05,0.0,0.0
917,backward,0.011396145448088646,1.6709789633750916e-05,0.06956736370921135,0.0695840734988451,8.45007598400116e-05,0.0,0.0
917,optimizer,0.0012310296297073364,2.7660280466079712e-05,0.001262141391634941,0.0012898016721010208,2.5780871510505676e-05,0.0005019493401050568,0.0004657004028558731
918,forward,0.012320980429649353,2.9772520065307617e-05,0.023579498752951622,0.02360927127301693,9.92119312286377e-05,0.0,0.0
918,backward,0.011531807482242584,1.642853021621704e-05,0.06921200826764107,0.06922843679785728,9.064190089702606e-05,0.0,0.0
918,optimizer,0.0011903606355190277,2.9599294066429138e-05,0.0012622233480215073,0.0012918226420879364,2.400018274784088e-05,0.0005002953112125397,0.00046665966510772705
919,forward,0.012413391843438148,3.0100345611572266e-05,0.023476500064134598,0.02350660040974617,8.377246558666229e-05,0.0,0.0
919,backward,0.01152709685266018,1.689046621322632e-05,0.06971398554742336,0.06973087601363659,9.066425263881683e-05,0.0,0.0
919,optimizer,0.001238413155078888,2.940930426120758e-05,0.0012584924697875977,0.0012879017740488052,2.4512410163879395e-05,0.0007913410663604736,0.00046881847083568573
920,forward,0.012343183159828186,3.0288472771644592e-05,0.023529568687081337,0.02355985715985298,8.548237383365631e-05,0.0,0.0
920,backward,0.011478306725621223,1.989118754863739e-05,0.06939869001507759,0.06941858120262623,9.062141180038452e-05,0.0,0.0
920,optimizer,0.0012293513864278793,3.139115869998932e-05,0.0012595206499099731,0.0012909118086099625,2.5700777769088745e-05,0.0004994887858629227,0.00046335719525814056
921,forward,0.012456461787223816,2.7252361178398132e-05,0.02342977002263069,0.02345702238380909,8.234195411205292e-05,0.0,0.0
921,backward,0.01126142218708992,1.5018507838249207e-05,0.06998646259307861,0.07000148110091686,8.960254490375519e-05,0.0,0.0
921,optimizer,0.0012229979038238525,3.1229108572006226e-05,0.001262173056602478,0.0012934021651744843,2.3020431399345398e-05,0.0010524895042181015,0.00046560727059841156
922,forward,0.012359481304883957,3.167055547237396e-05,0.023520151153206825,0.0235518217086792,8.384138345718384e-05,0.0,0.0
922,backward,0.011444643139839172,1.5720725059509277e-05,0.06946132518351078,0.06947704590857029,9.021162986755371e-05,0.0,0.0
922,optimizer,0.0012154392898082733,3.0780211091041565e-05,0.0012662727385759354,0.001297052949666977,2.3752450942993164e-05,0.0004906374961137772,0.0004705972969532013
923,forward,0.0123017318546772,3.091059625148773e-05,0.023572569712996483,0.02360348030924797,8.492171764373779e-05,0.0,0.0
923,backward,0.011121286079287529,1.5111640095710754e-05,0.06998754292726517,0.07000265456736088,8.69017094373703e-05,0.0,0.0
923,optimizer,0.001230163499712944,2.6540830731391907e-05,0.0012640412896871567,0.0012905821204185486,2.598203718662262e-05,0.0005001481622457504,0.00046436674892902374
924,forward,0.012413069605827332,2.9550865292549133e-05,0.023479299619793892,0.02350885048508644,8.48919153213501e-05,0.0,0.0
924,backward,0.011090710759162903,1.5441328287124634e-05,0.06998313963413239,0.06999858096241951,8.937157690525055e-05,0.0,0.0
924,optimizer,0.0012218412011861801,2.837926149368286e-05,0.0012605208903551102,0.001288900151848793,2.3281201720237732e-05,0.0008957143872976303,0.0004678666591644287
925,forward,0.012767275795340538,2.9589980840682983e-05,0.02311425283551216,0.023143842816352844,8.670426905155182e-05,0.0,0.0
925,backward,0.01115483045578003,1.5519559383392334e-05,0.06980490870773792,0.06982042826712132,8.907169103622437e-05,0.0,0.0
925,optimizer,0.001226477324962616,2.90796160697937e-05,0.0012603439390659332,0.001289423555135727,2.645142376422882e-05,0.0004921704530715942,0.00046714581549167633
926,forward,0.0124311912804842,3.203190863132477e-05,0.023482292890548706,0.02351432479918003,0.00011275336146354675,0.0,0.0
926,backward,0.011084197089076042,1.631118357181549e-05,0.06982214748859406,0.06983845867216587,9.40132886171341e-05,0.0,0.0
926,optimizer,0.0012289024889469147,2.791173756122589e-05,0.001264479011297226,0.0012923907488584518,2.356991171836853e-05,0.00048551149666309357,0.0004660002887248993
927,forward,0.0123963113874197,2.798810601234436e-05,0.023466678336262703,0.023494666442275047,8.105114102363586e-05,0.0,0.0
927,backward,0.011127479374408722,1.5949830412864685e-05,0.0699335802346468,0.06994953006505966,9.218230843544006e-05,0.0,0.0
927,optimizer,0.0012368205934762955,2.544000744819641e-05,0.0012542232871055603,0.0012796632945537567,2.2981315851211548e-05,0.0008961241692304611,0.00047262944281101227
928,forward,0.012379070743918419,2.8559938073158264e-05,0.023505698889493942,0.0235342588275671,8.815154433250427e-05,0.0,0.0
928,backward,0.011159040033817291,1.732073724269867e-05,0.07001158036291599,0.07002890110015869,9.02712345123291e-05,0.0,0.0
928,optimizer,0.0012264903634786606,2.8371810913085938e-05,0.0012604724615812302,0.001288844272494316,2.7449801564216614e-05,0.0005001705139875412,0.00047267600893974304
929,forward,0.012571316212415695,2.7660280466079712e-05,0.023392338305711746,0.023419998586177826,8.698180317878723e-05,0.0,0.0
929,backward,0.011160291731357574,1.5778467059135437e-05,0.06964794360101223,0.06966372206807137,9.062327444553375e-05,0.0,0.0
929,optimizer,0.001226034015417099,2.784840762615204e-05,0.0012669097632169724,0.0012947581708431244,2.353079617023468e-05,0.0004998873919248581,0.0004806406795978546
930,forward,0.012388002127408981,3.100000321865082e-05,0.0235007181763649,0.02353171817958355,8.974038064479828e-05,0.0,0.0
930,backward,0.011167779564857483,1.4679506421089172e-05,0.07013036496937275,0.07014504447579384,9.246170520782471e-05,0.0,0.0
930,optimizer,0.0012198612093925476,3.1346455216407776e-05,0.0012630410492420197,0.0012943875044584274,2.2860243916511536e-05,0.000957125797867775,0.0004737973213195801
931,forward,0.012393947690725327,3.116019070148468e-05,0.023533491417765617,0.023564651608467102,8.57226550579071e-05,0.0,0.0
931,backward,0.011203760281205177,1.6592442989349365e-05,0.06968862749636173,0.06970521993935108,9.114295244216919e-05,0.0,0.0
931,optimizer,0.0011705495417118073,2.8712674975395203e-05,0.0012617632746696472,0.0012904759496450424,2.5391578674316406e-05,0.0004999879747629166,0.0004647485911846161
932,forward,0.012440664693713188,3.0349940061569214e-05,0.023447707295417786,0.023478057235479355,8.595176041126251e-05,0.0,0.0
932,backward,0.011130990460515022,1.5350058674812317e-05,0.06994321942329407,0.06995856948196888,8.798204362392426e-05,0.0,0.0
932,optimizer,0.0011659376323223114,3.0139461159706116e-05,0.0012568123638629913,0.0012869518250226974,3.5841017961502075e-05,0.0004985202103853226,0.00046705640852451324
933,forward,0.012351542711257935,3.032013773918152e-05,0.023531978949904442,0.023562299087643623,8.646957576274872e-05,0.0,0.0
933,backward,0.01117837056517601,1.567043364048004e-05,0.0695196334272623,0.06953530386090279,8.630193769931793e-05,0.0,0.0
933,optimizer,0.0011608395725488663,3.0409544706344604e-05,0.0012628529220819473,0.001293262466788292,2.600066363811493e-05,0.00048392824828624725,0.0004694480448961258
934,forward,0.012453991919755936,3.03611159324646e-05,0.023417409509420395,0.02344777062535286,8.346326649188995e-05,0.0,0.0
934,backward,0.011201143264770508,1.4042481780052185e-05,0.0698750764131546,0.06988911889493465,8.5439532995224e-05,0.0,0.0
934,optimizer,0.001172950491309166,2.969987690448761e-05,0.00125972181558609,0.0012894216924905777,2.3778527975082397e-05,0.0007068514823913574,0.0004672277718782425
935,forward,0.012432534247636795,2.9129907488822937e-05,0.023513339459896088,0.02354246936738491,8.177198469638824e-05,0.0,0.0
935,backward,0.011177033185958862,1.6128644347190857e-05,0.06957182288169861,0.0695879515260458,9.096227586269379e-05,0.0,0.0
935,optimizer,0.0011760890483856201,2.2880733013153076e-05,0.0012627523392438889,0.001285633072257042,2.3270025849342346e-05,0.0004984401166439056,0.0004696287214756012
936,forward,0.012457631528377533,2.9789283871650696e-05,0.02350798062980175,0.0235377699136734,8.384138345718384e-05,0.0,0.0
936,backward,0.011187270283699036,1.772865653038025e-05,0.07011879421770573,0.0701365228742361,9.134970605373383e-05,0.0,0.0
936,optimizer,0.0011673495173454285,2.8930604457855225e-05,0.0012652315199375153,0.0012941621243953705,2.6280060410499573e-05,0.0007976032793521881,0.000470796599984169
937,forward,0.012307766824960709,2.899952232837677e-05,0.023691194131970406,0.023720193654298782,9.05115157365799e-05,0.0,0.0
937,backward,0.011179309338331223,2.0170584321022034e-05,0.06962978467345238,0.0696499552577734,9.393133223056793e-05,0.0,0.0
937,optimizer,0.0011701583862304688,2.602115273475647e-05,0.0012589618563652039,0.0012849830090999603,2.3052096366882324e-05,0.0004957970231771469,0.0004837978631258011
938,forward,0.01240469142794609,3.0839815735816956e-05,0.023509351536631584,0.0235401913523674,8.665211498737335e-05,0.0,0.0
938,backward,0.011166630312800407,1.339055597782135e-05,0.0699223093688488,0.06993569992482662,9.044073522090912e-05,0.0,0.0
938,optimizer,0.0011792220175266266,2.8893351554870605e-05,0.0012582503259181976,0.0012871436774730682,2.2659078240394592e-05,0.0008860435336828232,0.0004724375903606415
939,forward,0.01242593303322792,2.8870999813079834e-05,0.02352548949420452,0.0235543604940176,8.768029510974884e-05,0.0,0.0
939,backward,0.011157380416989326,1.605972647666931e-05,0.069725027307868,0.06974108703434467,8.966028690338135e-05,0.0,0.0
939,optimizer,0.001178467646241188,2.859160304069519e-05,0.001264212653040886,0.0012928042560815811,2.3301690816879272e-05,0.0004997216165065765,0.0004695672541856766
940,forward,0.012436911463737488,2.83215194940567e-05,0.023474719375371933,0.02350304089486599,8.592940866947174e-05,0.0,0.0
940,backward,0.011239150539040565,1.663900911808014e-05,0.0695499237626791,0.06956656277179718,8.638016879558563e-05,0.0,0.0
940,optimizer,0.001179080456495285,2.906098961830139e-05,0.001258382573723793,0.0012874435633420944,2.8081238269805908e-05,0.0004960782825946808,0.00046977773308753967
941,forward,0.012365331873297691,2.8092414140701294e-05,0.023557940497994423,0.023586032912135124,8.679181337356567e-05,0.0,0.0
941,backward,0.011185551062226295,1.6421079635620117e-05,0.06992576085031033,0.06994218192994595,8.86823982000351e-05,0.0,0.0
941,optimizer,0.0011690296232700348,2.831965684890747e-05,0.001261809840798378,0.0012901294976472855,2.5549903512001038e-05,0.00088493712246418,0.0004743579775094986
942,forward,0.012542862445116043,3.137066960334778e-05,0.02338774874806404,0.02341911941766739,8.933991193771362e-05,0.0,0.0
942,backward,0.011211389675736427,1.3859942555427551e-05,0.06949909217655659,0.06951295211911201,8.793175220489502e-05,0.0,0.0
942,optimizer,0.001154724508523941,2.8539448976516724e-05,0.0012590084224939346,0.0012875478714704514,2.3091211915016174e-05,0.000506548210978508,0.00047117844223976135
943,forward,0.012462671846151352,3.060139715671539e-05,0.02343429997563362,0.023464901372790337,8.263066411018372e-05,0.0,0.0
943,backward,0.01123129203915596,1.7000362277030945e-05,0.07000132091343403,0.07001832127571106,9.429268538951874e-05,0.0,0.0
943,optimizer,0.0011880304664373398,2.535991370677948e-05,0.0012524425983428955,0.001277802512049675,2.4529173970222473e-05,0.001109190285205841,0.00046930834650993347
944,forward,0.012371998280286789,3.0549243092536926e-05,0.02355758287012577,0.023588132113218307,8.311308920383453e-05,0.0,0.0
944,backward,0.011134987697005272,1.7171725630760193e-05,0.06962070427834988,0.06963787600398064,9.305961430072784e-05,0.0,0.0
944,optimizer,0.0011849161237478256,2.7062371373176575e-05,0.0012555122375488281,0.0012825746089220047,2.5581568479537964e-05,0.0005018580704927444,0.0004724878817796707
945,forward,0.012393653392791748,2.8170645236968994e-05,0.02350156009197235,0.02352973073720932,8.685141801834106e-05,0.0,0.0
945,backward,0.011190520599484444,1.4159828424453735e-05,0.06987923942506313,0.06989339925348759,9.174272418022156e-05,0.0,0.0
945,optimizer,0.001249833032488823,3.048032522201538e-05,0.0012616794556379318,0.0012921597808599472,2.67811119556427e-05,0.000998547300696373,0.00047372840344905853
946,forward,0.012450691312551498,3.745220601558685e-05,0.0234342273324728,0.023471679538488388,8.922070264816284e-05,0.0,0.0
946,backward,0.011216811835765839,1.6013160347938538e-05,0.06996997073292732,0.06998598389327526,9.009242057800293e-05,0.0,0.0
946,optimizer,0.0012147072702646255,3.140978515148163e-05,0.0012649130076169968,0.0012963227927684784,2.4160370230674744e-05,0.0010629966855049133,0.0004650373011827469
947,forward,0.012447984889149666,2.899952232837677e-05,0.023502087220549583,0.02353108674287796,8.244253695011139e-05,0.0,0.0
947,backward,0.011461634188890457,1.473352313041687e-05,0.06935968063771725,0.06937441416084766,8.662417531013489e-05,0.0,0.0
947,optimizer,0.0011560507118701935,3.076903522014618e-05,0.0012597199529409409,0.001290488988161087,2.2621825337409973e-05,0.0004892777651548386,0.0004627276211977005
948,forward,0.012457571923732758,2.9921531677246094e-05,0.023446619510650635,0.02347654104232788,8.143112063407898e-05,0.0,0.0
948,backward,0.011301403865218163,1.8538907170295715e-05,0.06962390430271626,0.06964244320988655,8.384324610233307e-05,0.0,0.0
948,optimizer,0.0011646673083305359,3.134831786155701e-05,0.0012597329914569855,0.0012910813093185425,2.3869797587394714e-05,0.0005151685327291489,0.00046306848526000977
949,forward,0.012819208204746246,2.7881935238838196e-05,0.023114724084734917,0.023142606019973755,8.225999772548676e-05,0.0,0.0
949,backward,0.011200902983546257,1.632794737815857e-05,0.06996547058224678,0.06998179852962494,8.413195610046387e-05,0.0,0.0
949,optimizer,0.0012278910726308823,3.0152499675750732e-05,0.0012626703828573227,0.0012928228825330734,2.4531036615371704e-05,0.0009921565651893616,0.0004631970077753067
950,forward,0.012726075947284698,3.0299648642539978e-05,0.023127524182200432,0.023157823830842972,8.410029113292694e-05,0.0,0.0
950,backward,0.011186391115188599,1.6320496797561646e-05,0.06960099563002586,0.06961731612682343,8.467212319374084e-05,0.0,0.0
950,optimizer,0.001297028735280037,2.9491260647773743e-05,0.0012622121721506119,0.0012917034327983856,2.6209279894828796e-05,0.0004912484437227249,0.0004591960459947586
951,forward,0.012503175064921379,3.1188130378723145e-05,0.02337084710597992,0.023402035236358643,8.22022557258606e-05,0.0,0.0
951,backward,0.011528007686138153,1.734122633934021e-05,0.06955804489552975,0.06957538612186909,8.60411673784256e-05,0.0,0.0
951,optimizer,0.0011679306626319885,2.6749446988105774e-05,0.0012578517198562622,0.001284601166844368,2.5521963834762573e-05,0.0007859021425247192,0.00046529993414878845
952,forward,0.012705639004707336,3.089010715484619e-05,0.02324608340859413,0.023276973515748978,8.027255535125732e-05,0.0,0.0
952,backward,0.011471547186374664,1.8380582332611084e-05,0.06930317915976048,0.06932155974209309,8.876249194145203e-05,0.0,0.0
952,optimizer,0.0011689979583024979,3.034248948097229e-05,0.0012648720294237137,0.001295214518904686,2.356991171836853e-05,0.0004872288554906845,0.0004592202603816986
953,forward,0.014333700761198997,5.1451846957206726e-05,0.02216956950724125,0.022221021354198456,9.750388562679291e-05,0.0,0.0
953,backward,0.011506075039505959,1.4320015907287598e-05,0.06966138631105423,0.06967570632696152,8.806213736534119e-05,0.0,0.0
953,optimizer,0.0012613385915756226,2.7660280466079712e-05,0.0012058615684509277,0.0012335218489170074,2.9560178518295288e-05,0.0005824081599712372,0.0005183108150959015
954,forward,0.012408863753080368,3.051944077014923e-05,0.023502588272094727,0.023533107712864876,8.275173604488373e-05,0.0,0.0
954,backward,0.011542126536369324,1.5271827578544617e-05,0.06949618458747864,0.06951145641505718,8.642114698886871e-05,0.0,0.0
954,optimizer,0.0009657610207796097,3.4147873520851135e-05,0.0012621283531188965,0.0012962762266397476,2.3847445845603943e-05,0.0008311830461025238,0.00046300701797008514
955,forward,0.01245868019759655,2.8872862458229065e-05,0.023469191044569016,0.023498063907027245,8.202157914638519e-05,0.0,0.0
955,backward,0.011501284316182137,1.6629695892333984e-05,0.06945907324552536,0.0694757029414177,8.738040924072266e-05,0.0,0.0
955,optimizer,0.0011756569147109985,2.9610469937324524e-05,0.001259801909327507,0.0012894123792648315,2.5039538741111755e-05,0.0005018897354602814,0.0004624277353286743
956,forward,0.012528965249657631,3.0018389225006104e-05,0.02338617853820324,0.023416196927428246,8.212216198444366e-05,0.0,0.0
956,backward,0.011490795761346817,1.8347054719924927e-05,0.06951184384524822,0.06953019089996815,8.550100028514862e-05,0.0,0.0
956,optimizer,0.0011644288897514343,3.003142774105072e-05,0.0012646708637475967,0.0012947022914886475,2.7859583497047424e-05,0.0008181929588317871,0.00046486780047416687
957,forward,0.012256797403097153,2.9169023036956787e-05,0.02366413176059723,0.023693300783634186,8.717179298400879e-05,0.0,0.0
957,backward,0.011172570288181305,1.6300007700920105e-05,0.06968003697693348,0.0696963369846344,8.638016879558563e-05,0.0,0.0
957,optimizer,0.0012278631329536438,3.079324960708618e-05,0.0012627821415662766,0.0012935753911733627,2.459995448589325e-05,0.0004979074001312256,0.0004622954875230789
958,forward,0.012333907186985016,2.958066761493683e-05,0.02353782206773758,0.023567402735352516,8.18893313407898e-05,0.0,0.0
958,backward,0.011298689991235733,1.564808189868927e-05,0.06959144584834576,0.06960709393024445,9.56319272518158e-05,0.0,0.0
958,optimizer,0.0012397989630699158,3.5451725125312805e-05,0.0012603625655174255,0.0012958142906427383,2.4098902940750122e-05,0.0004922263324260712,0.000463828444480896
959,forward,0.012448150664567947,2.8870999813079834e-05,0.023423397913575172,0.023452268913388252,7.934309542179108e-05,0.0,0.0
959,backward,0.01111706905066967,1.5970319509506226e-05,0.07012977451086044,0.07014574483036995,8.492358028888702e-05,0.0,0.0
959,optimizer,0.001235058531165123,2.92900949716568e-05,0.0012590829282999039,0.0012883730232715607,2.3582950234413147e-05,0.0008519534021615982,0.00046134740114212036
960,forward,0.012619417160749435,2.995319664478302e-05,0.023370996117591858,0.02340094931423664,8.016079664230347e-05,0.0,0.0
960,backward,0.01114312931895256,1.8551945686340332e-05,0.06970280781388283,0.06972135975956917,8.522160351276398e-05,0.0,0.0
960,optimizer,0.0012347698211669922,3.2939016819000244e-05,0.0012641418725252151,0.0012970808893442154,2.5600194931030273e-05,0.0004933886229991913,0.0004616081714630127
961,forward,0.012483103200793266,2.8870999813079834e-05,0.02343129925429821,0.02346017025411129,8.244998753070831e-05,0.0,0.0
961,backward,0.01112290844321251,1.673959195613861e-05,0.07013851590454578,0.07015525549650192,8.879229426383972e-05,0.0,0.0
961,optimizer,0.0012463480234146118,2.8410926461219788e-05,0.0012629050761461258,0.0012913160026073456,2.3227185010910034e-05,0.0009399037808179855,0.0004634149372577667
962,forward,0.012493113055825233,3.04393470287323e-05,0.023411639034748077,0.02344207838177681,7.767230272293091e-05,0.0,0.0
962,backward,0.01144772581756115,1.7821788787841797e-05,0.0693015493452549,0.06931937113404274,8.86823982000351e-05,0.0,0.0
962,optimizer,0.0012314841151237488,2.7019530534744263e-05,0.0012587811797857285,0.0012858007103204727,2.468004822731018e-05,0.0008371137082576752,0.0004698578268289566
963,forward,0.012458205223083496,2.8911978006362915e-05,0.023454707115888596,0.02348361909389496,8.426234126091003e-05,0.0,0.0
963,backward,0.011339724063873291,1.8289312720298767e-05,0.06992709077894688,0.06994538009166718,8.844956755638123e-05,0.0,0.0
963,optimizer,0.0012384410947561264,2.7040019631385803e-05,0.0012585315853357315,0.0012855716049671173,2.359040081501007e-05,0.0006697699427604675,0.0004545152187347412
964,forward,0.012504031881690025,3.12216579914093e-05,0.023417050018906593,0.023448271676898003,8.173100650310516e-05,0.0,0.0
964,backward,0.011456485837697983,1.5988945960998535e-05,0.06956274434924126,0.06957873329520226,8.628331124782562e-05,0.0,0.0
964,optimizer,0.0012126713991165161,2.8779730200767517e-05,0.0012624002993106842,0.0012911800295114517,2.384185791015625e-05,0.0008783843368291855,0.00046098604798316956
965,forward,0.012471554800868034,3.0061230063438416e-05,0.023430056869983673,0.02346011810004711,8.919090032577515e-05,0.0,0.0
965,backward,0.011174598708748817,1.662038266658783e-05,0.0699453204870224,0.06996194086968899,8.487328886985779e-05,0.0,0.0
965,optimizer,0.0012425146996974945,2.9319897294044495e-05,0.001265350729227066,0.0012946706265211105,2.7239322662353516e-05,0.0004981085658073425,0.00046230852603912354
966,forward,0.012812567874789238,3.1400471925735474e-05,0.023084424436092377,0.023115824908018112,7.922947406768799e-05,0.0,0.0
966,backward,0.011147718876600266,1.5581026673316956e-05,0.06974684819579124,0.06976242922246456,8.653104305267334e-05,0.0,0.0
966,optimizer,0.001257229596376419,2.761930227279663e-05,0.0012603309005498886,0.0012879502028226852,2.7429312467575073e-05,0.000493926927447319,0.0004596766084432602
967,forward,0.0127339456230402,3.0310824513435364e-05,0.02317354641854763,0.023203857243061066,8.212216198444366e-05,0.0,0.0
967,backward,0.011281479150056839,1.849234104156494e-05,0.06983520090579987,0.06985369324684143,8.480250835418701e-05,0.0,0.0
967,optimizer,0.0012341402471065521,3.10409814119339e-05,0.0012630801647901535,0.0012941211462020874,2.61794775724411e-05,0.0005059484392404556,0.0004595685750246048
968,forward,0.012775488197803497,2.876855432987213e-05,0.023205677047371864,0.023234445601701736,8.141249418258667e-05,0.0,0.0
968,backward,0.011191848665475845,1.617148518562317e-05,0.06963667459785938,0.069652846083045,8.78404825925827e-05,0.0,0.0
968,optimizer,0.0012368392199277878,3.466010093688965e-05,0.0012590643018484116,0.0012937244027853012,2.4760141968727112e-05,0.0004914365708827972,0.0004637874662876129
969,forward,0.012737786397337914,3.2162293791770935e-05,0.023158473894000053,0.023190636187791824,8.393265306949615e-05,0.0,0.0
969,backward,0.01134646125137806,1.5269964933395386e-05,0.06980291940271854,0.06981818936765194,0.00010137073695659637,0.0,0.0
969,optimizer,0.0012358035892248154,3.2220035791397095e-05,0.0012665912508964539,0.001298811286687851,2.5019049644470215e-05,0.0007814448326826096,0.0004750192165374756
970,forward,0.012496812269091606,3.296881914138794e-05,0.023453589528799057,0.023486558347940445,7.968023419380188e-05,0.0,0.0
970,backward,0.011153731495141983,1.6318634152412415e-05,0.06970882602035999,0.0697251446545124,7.901154458522797e-05,0.0,0.0
970,optimizer,0.0012428686022758484,2.7840957045555115e-05,0.001260463148355484,0.0012883041054010391,2.538040280342102e-05,0.0004905089735984802,0.00043620727956295013
971,forward,0.012381820008158684,2.96812504529953e-05,0.02348008006811142,0.023509761318564415,8.115172386169434e-05,0.0,0.0
971,backward,0.011166909709572792,1.985020935535431e-05,0.06998959183692932,0.07000944204628468,8.732080459594727e-05,0.0,0.0
971,optimizer,0.0012432895600795746,2.919323742389679e-05,0.001256462186574936,0.0012856554239988327,2.426840364933014e-05,0.0009001940488815308,0.0004626493901014328
972,forward,0.012462582439184189,2.919137477874756e-05,0.023488039150834084,0.02351723052561283,9.195879101753235e-05,0.0,0.0
972,backward,0.01129971258342266,2.0720064640045166e-05,0.06948064267635345,0.0695013627409935,8.292123675346375e-05,0.0,0.0
972,optimizer,0.0012294147163629532,2.8390437364578247e-05,0.0012615099549293518,0.00128990039229393,2.5110319256782532e-05,0.0006845295429229736,0.0004662759602069855
973,forward,0.012383101508021355,3.0413269996643066e-05,0.02349000982940197,0.023520423099398613,8.570216596126556e-05,0.0,0.0
973,backward,0.01119409129023552,1.5679746866226196e-05,0.06985740922391415,0.06987308897078037,8.815154433250427e-05,0.0,0.0
973,optimizer,0.0012351032346487045,3.270059823989868e-05,0.001261221244931221,0.0012939218431711197,2.5520101189613342e-05,0.0009396672248840332,0.0004600081592798233
974,forward,0.012376505881547928,3.0202791094779968e-05,0.02352333255112171,0.02355353534221649,8.117035031318665e-05,0.0,0.0
974,backward,0.011386675760149956,1.602061092853546e-05,0.0696801170706749,0.06969613768160343,8.792057633399963e-05,0.0,0.0
974,optimizer,0.0011940822005271912,2.960115671157837e-05,0.0012576393783092499,0.0012872405350208282,2.680160105228424e-05,0.0004916004836559296,0.0004618670791387558
975,forward,0.012425310909748077,2.9670074582099915e-05,0.023514792323112488,0.023544462397694588,8.350983262062073e-05,0.0,0.0
975,backward,0.011472761631011963,1.7559155821800232e-05,0.06932645291090012,0.06934401206672192,8.80211591720581e-05,0.0,0.0
975,optimizer,0.0012420322746038437,2.954155206680298e-05,0.00126643106341362,0.001295972615480423,2.642907202243805e-05,0.0005428791046142578,0.0005496088415384293
976,forward,0.012507084757089615,2.92900949716568e-05,0.023451507091522217,0.023480797186493874,8.080154657363892e-05,0.0,0.0
976,backward,0.011120729148387909,1.6689300537109375e-05,0.07011056505143642,0.07012725435197353,8.8471919298172e-05,0.0,0.0
976,optimizer,0.00122053362429142,2.8390437364578247e-05,0.0012566596269607544,0.0012850500643253326,2.611987292766571e-05,0.0008562766015529633,0.00046224892139434814
977,forward,0.012786535546183586,2.841278910636902e-05,0.023085052147507668,0.023113464936614037,8.597224950790405e-05,0.0,0.0
977,backward,0.01116999052464962,1.4349818229675293e-05,0.06976390816271305,0.06977825798094273,8.866190910339355e-05,0.0,0.0
977,optimizer,0.001252938061952591,2.8003007173538208e-05,0.0012611635029315948,0.001289166510105133,2.748146653175354e-05,0.0004970580339431763,0.00046847574412822723
978,forward,0.012796487659215927,3.168173134326935e-05,0.023118063807487488,0.023149745538830757,8.078105747699738e-05,0.0,0.0
978,backward,0.011159971356391907,1.6532838344573975e-05,0.06990651972591877,0.06992305256426334,8.328258991241455e-05,0.0,0.0
978,optimizer,0.0012183208018541336,3.1091272830963135e-05,0.0012637116014957428,0.001294802874326706,2.4428591132164e-05,0.00104442797601223,0.0004650671035051346
979,forward,0.012341709807515144,2.790987491607666e-05,0.023548783734440804,0.02357669360935688,8.173100650310516e-05,0.0,0.0
979,backward,0.011157020926475525,1.7881393432617188e-05,0.06993738003075123,0.06995526142418385,8.735060691833496e-05,0.0,0.0
979,optimizer,0.00124320387840271,2.7779489755630493e-05,0.0012554805725812912,0.0012832600623369217,2.3659318685531616e-05,0.0008686147630214691,0.0005272496491670609
980,forward,0.012667397037148476,2.9552727937698364e-05,0.023254767060279846,0.023284319788217545,8.06320458650589e-05,0.0,0.0
980,backward,0.011457307264208794,1.7859041690826416e-05,0.06942983344197273,0.06944769248366356,8.720159530639648e-05,0.0,0.0
980,optimizer,0.001257374882698059,2.843327820301056e-05,0.0012600496411323547,0.0012884829193353653,2.6250258088111877e-05,0.0004942156374454498,0.00046054646372795105
981,forward,0.012682754546403885,3.256089985370636e-05,0.023276938125491142,0.02330949902534485,8.53128731250763e-05,0.0,0.0
981,backward,0.011282192543148994,1.541338860988617e-05,0.06956196390092373,0.06957737728953362,8.670054376125336e-05,0.0,0.0
981,optimizer,0.0012316424399614334,2.6049092411994934e-05,0.0012593697756528854,0.0012854188680648804,2.425163984298706e-05,0.000494120642542839,0.000463288277387619
982,forward,0.012718398123979568,3.227218985557556e-05,0.023161863908171654,0.02319413609802723,8.363276720046997e-05,0.0,0.0
982,backward,0.011246193200349808,1.4780089259147644e-05,0.07003821060061455,0.0700529906898737,8.688308298587799e-05,0.0,0.0
982,optimizer,0.0011577494442462921,3.0232593417167664e-05,0.00126677006483078,0.0012970026582479477,2.5920569896697998e-05,0.0008837468922138214,0.0004626084119081497
983,forward,0.012804366648197174,3.040023148059845e-05,0.023095743730664253,0.02312614396214485,8.538179099559784e-05,0.0,0.0
983,backward,0.011359984055161476,1.6380101442337036e-05,0.06955366395413876,0.06957004405558109,8.903257548809052e-05,0.0,0.0
983,optimizer,0.001257350668311119,3.0230730772018433e-05,0.0012634024024009705,0.001293633133172989,2.75392085313797e-05,0.000492950901389122,0.00046710483729839325
984,forward,0.012648114934563637,2.8429552912712097e-05,0.02323717623949051,0.02326560579240322,8.761323988437653e-05,0.0,0.0
984,backward,0.01116282120347023,1.596100628376007e-05,0.06976966559886932,0.06978562660515308,9.117275476455688e-05,0.0,0.0
984,optimizer,0.001238252967596054,2.898089587688446e-05,0.0012522991746664047,0.0012812800705432892,2.6600435376167297e-05,0.0004902686923742294,0.00047200731933116913
985,forward,0.012694304808974266,3.0899420380592346e-05,0.023221585899591446,0.02325248531997204,8.454173803329468e-05,0.0,0.0
985,backward,0.01140514388680458,1.5350058674812317e-05,0.06936915032565594,0.06938450038433075,9.135156869888306e-05,0.0,0.0
985,optimizer,0.0012221615761518478,2.939067780971527e-05,0.0012617111206054688,0.001291101798415184,2.4089589715003967e-05,0.0004904083907604218,0.0004737880080938339
986,forward,0.012434501200914383,2.9560178518295288e-05,0.023489560931921005,0.0235191211104393,8.411332964897156e-05,0.0,0.0
986,backward,0.0111306793987751,1.7352402210235596e-05,0.07001690194010735,0.07003425434231758,8.563324809074402e-05,0.0,0.0
986,optimizer,0.0013144612312316895,2.8191134333610535e-05,0.00125192292034626,0.0012801140546798706,2.50302255153656e-05,0.0008926931768655777,0.0004609283059835434
987,forward,0.012534001842141151,3.032013773918152e-05,0.023360667750239372,0.023390987887978554,8.140131831169128e-05,0.0,0.0
987,backward,0.011143108829855919,1.8250197172164917e-05,0.06974121741950512,0.06975946761667728,8.98316502571106e-05,0.0,0.0
987,optimizer,0.001242881640791893,2.8120353817939758e-05,0.0012609902769327164,0.0012891106307506561,2.365000545978546e-05,0.0004995204508304596,0.0004689488559961319
988,forward,0.012643452733755112,2.857111394405365e-05,0.023242685943841934,0.023271257057785988,8.361227810382843e-05,0.0,0.0
988,backward,0.01114150881767273,1.4521181583404541e-05,0.0701411534100771,0.0701556745916605,8.50725919008255e-05,0.0,0.0
988,optimizer,0.0012270063161849976,2.7781352400779724e-05,0.0012629535049200058,0.0012907348573207855,2.5430694222450256e-05,0.0009101033210754395,0.000467127189040184
989,forward,0.012430604547262192,3.102049231529236e-05,0.0235732514411211,0.023604271933436394,0.00010412000119686127,0.0,0.0
989,backward,0.011184772476553917,2.1791085600852966e-05,0.06960910372436047,0.06963089480996132,9.107030928134918e-05,0.0,0.0
989,optimizer,0.0012267306447029114,3.117881715297699e-05,0.0012617316097021103,0.0012929104268550873,2.3419037461280823e-05,0.0004965104162693024,0.00046620890498161316
990,forward,0.012644033879041672,2.8830021619796753e-05,0.023244095966219902,0.0232729259878397,8.185207843780518e-05,0.0,0.0
990,backward,0.011260870844125748,1.6242265701293945e-05,0.06976185739040375,0.06977809965610504,8.832104504108429e-05,0.0,0.0
990,optimizer,0.0013082530349493027,2.721138298511505e-05,0.0012203603982925415,0.0012475717812776566,2.3949891328811646e-05,0.000500459223985672,0.00046165473759174347
991,forward,0.012410473078489304,2.9319897294044495e-05,0.02348414808511734,0.023513467982411385,8.309073746204376e-05,0.0,0.0
991,backward,0.011173654347658157,1.8380582332611084e-05,0.07007738202810287,0.07009576261043549,8.60709697008133e-05,0.0,0.0
991,optimizer,0.0012260526418685913,3.238208591938019e-05,0.0012611709535121918,0.001293553039431572,2.755969762802124e-05,0.0009155459702014923,0.0004664883017539978
992,forward,0.012429531663656235,2.9470771551132202e-05,0.023477179929614067,0.0235066507011652,8.460134267807007e-05,0.0,0.0
992,backward,0.011504016816616058,1.5730038285255432e-05,0.06936775147914886,0.06938348151743412,8.608028292655945e-05,0.0,0.0
992,optimizer,0.0012365411967039108,3.1439587473869324e-05,0.001261349767446518,0.0012927893549203873,2.4789944291114807e-05,0.0004924796521663666,0.0004597809165716171
993,forward,0.012326482683420181,2.9532238841056824e-05,0.02357276901602745,0.023602301254868507,8.400343358516693e-05,0.0,0.0
993,backward,0.011428914964199066,1.589953899383545e-05,0.06965485587716103,0.06967075541615486,8.90921801328659e-05,0.0,0.0
993,optimizer,0.0009597241878509521,3.2590702176094055e-05,0.0012616124004125595,0.0012942031025886536,2.3487955331802368e-05,0.0009177364408969879,0.0004622954875230789
994,forward,0.012423332780599594,3.2100826501846313e-05,0.023478180170059204,0.02351028099656105,7.697194814682007e-05,0.0,0.0
994,backward,0.011393724009394646,1.6300007700920105e-05,0.06971622630953789,0.06973252631723881,8.635967969894409e-05,0.0,0.0
994,optimizer,0.0012173894792795181,2.8839334845542908e-05,0.0012598931789398193,0.0012887325137853622,2.6440247893333435e-05,0.0004911292344331741,0.0004683788865804672
995,forward,0.012456933036446571,2.9161572456359863e-05,0.0234637800604105,0.02349294163286686,7.991306483745575e-05,0.0,0.0
995,backward,0.01135011576116085,1.7940998077392578e-05,0.06947170197963715,0.06948964297771454,8.545070886611938e-05,0.0,0.0
995,optimizer,0.0012362226843833923,3.092736005783081e-05,0.001262972131371498,0.001293899491429329,2.5250017642974854e-05,0.0004929788410663605,0.000522928312420845
996,forward,0.012843269854784012,2.869032323360443e-05,0.023069903254508972,0.023098593577742577,8.26120376586914e-05,0.0,0.0
996,backward,0.01132173277437687,1.524016261100769e-05,0.06976623646914959,0.0697814766317606,8.439086377620697e-05,0.0,0.0
996,optimizer,0.0012240596115589142,3.0841678380966187e-05,0.001257132738828659,0.0012879744172096252,2.8120353817939758e-05,0.0004902780055999756,0.000481288880109787
997,forward,0.012764185667037964,3.0299648642539978e-05,0.023183396086096764,0.023213695734739304,8.125975728034973e-05,0.0,0.0
997,backward,0.011160938069224358,1.5970319509506226e-05,0.06989902071654797,0.06991499103605747,9.178183972835541e-05,0.0,0.0
997,optimizer,0.0012740828096866608,2.6501715183258057e-05,0.0012557115405797958,0.001282213255763054,2.4219974875450134e-05,0.0009979959577322006,0.00046176835894584656
998,forward,0.012581892311573029,2.9791146516799927e-05,0.02331947721540928,0.02334926836192608,7.655099034309387e-05,0.0,0.0
998,backward,0.011170228943228722,1.7659738659858704e-05,0.07001679204404354,0.0700344517827034,8.623301982879639e-05,0.0,0.0
998,optimizer,0.0012357104569673538,2.7921050786972046e-05,0.0012607891112565994,0.0012887101620435715,2.6181340217590332e-05,0.0008094813674688339,0.0004632584750652313
999,forward,0.012407472357153893,2.866797149181366e-05,0.023524532094597816,0.02355320006608963,8.584372699260712e-05,0.0,0.0
999,backward,0.011512195691466331,1.8848106265068054e-05,0.06939841248095036,0.06941726058721542,8.817203342914581e-05,0.0,0.0
999,optimizer,0.0012783613055944443,2.939067780971527e-05,0.0012570712715387344,0.0012864619493484497,2.5371089577674866e-05,0.0004987586289644241,0.00046206824481487274
1000,forward,0.012383941560983658,2.8699636459350586e-05,0.023522568866610527,0.023551268503069878,8.689239621162415e-05,0.0,0.0
1000,backward,0.011104188859462738,1.662038266658783e-05,0.06981449015438557,0.06983111053705215,8.744001388549805e-05,0.0,0.0
1000,optimizer,0.0012341421097517014,2.8463080525398254e-05,0.0012620799243450165,0.0012905430048704147,2.23405659198761e-05,0.000498531386256218,0.00046688690781593323
1001,forward,0.0134547408670187,4.6022236347198486e-05,0.02289377897977829,0.02293980121612549,8.600018918514252e-05,0.0,0.0
1001,backward,0.011251362040638924,1.650303602218628e-05,0.06994481198489666,0.06996131502091885,9.315274655818939e-05,0.0,0.0
1001,optimizer,0.0012365113943815231,2.758018672466278e-05,0.00125817209482193,0.0012857522815465927,2.541951835155487e-05,0.0004895981401205063,0.0004751477390527725
1002,forward,0.012463578954339027,3.181956708431244e-05,0.023401260375976562,0.023433079943060875,8.145160973072052e-05,0.0,0.0
1002,backward,0.011667879298329353,1.583993434906006e-05,0.06938046962022781,0.06939630955457687,8.78702849149704e-05,0.0,0.0
1002,optimizer,0.0012471824884414673,2.636946737766266e-05,0.0012615509331226349,0.0012879204005002975,2.5387853384017944e-05,0.0009744875133037567,0.0004724375903606415
1003,forward,0.012420199811458588,2.8127804398536682e-05,0.023499252274632454,0.02352738007903099,8.121132850646973e-05,0.0,0.0
1003,backward,0.011284872889518738,1.8540769815444946e-05,0.07003621198236942,0.07005475275218487,8.544325828552246e-05,0.0,0.0
1003,optimizer,0.001236211508512497,3.0389055609703064e-05,0.0012675914913415909,0.001297980546951294,2.4810433387756348e-05,0.000996667891740799,0.00046176835894584656
1004,forward,0.012454552575945854,3.175996243953705e-05,0.023450719192624092,0.02348247915506363,8.775293827056885e-05,0.0,0.0
1004,backward,0.011097747832536697,1.5286728739738464e-05,0.06993008032441139,0.06994536705315113,8.274242281913757e-05,0.0,0.0
1004,optimizer,0.0012547094374895096,3.159232437610626e-05,0.0012581124901771545,0.0012897048145532608,2.6309862732887268e-05,0.0008557327091693878,0.00045640021562576294
1005,forward,0.01268099620938301,3.072991967201233e-05,0.023199524730443954,0.023230254650115967,8.213147521018982e-05,0.0,0.0
1005,backward,0.011307252570986748,1.5871599316596985e-05,0.06982199847698212,0.06983787007629871,8.675083518028259e-05,0.0,0.0
1005,optimizer,0.0012302305549383163,3.273040056228638e-05,0.001252623274922371,0.0012853536754846573,2.5181099772453308e-05,0.00048608891665935516,0.00048161856830120087
1006,forward,0.012442400678992271,2.9500573873519897e-05,0.023456251248717308,0.023485751822590828,8.339248597621918e-05,0.0,0.0
1006,backward,0.011361053213477135,1.6940757632255554e-05,0.06976507790386677,0.06978201866149902,8.277036249637604e-05,0.0,0.0
1006,optimizer,0.0012383926659822464,2.6220455765724182e-05,0.001261511817574501,0.0012877322733402252,2.399832010269165e-05,0.0009382553398609161,0.0004420168697834015
1007,forward,0.01241610199213028,2.9878690838813782e-05,0.02352607063949108,0.023555949330329895,8.430145680904388e-05,0.0,0.0
1007,backward,0.011341096833348274,1.6799196600914e-05,0.06947536021471024,0.06949215941131115,9.278394281864166e-05,0.0,0.0
1007,optimizer,0.0012364499270915985,2.8328970074653625e-05,0.0012581832706928253,0.001286512240767479,2.5888904929161072e-05,0.0005004405975341797,0.0004731081426143646
1008,forward,0.012348750606179237,2.9182061553001404e-05,0.023584851995110512,0.023614034056663513,8.58008861541748e-05,0.0,0.0
1008,backward,0.011289602145552635,1.5988945960998535e-05,0.06965369544923306,0.06966968439519405,9.21003520488739e-05,0.0,0.0
1008,optimizer,0.0012303311377763748,2.876855432987213e-05,0.0012577623128890991,0.0012865308672189713,2.3599714040756226e-05,0.0004908386617898941,0.00047105737030506134
1009,forward,0.012497492134571075,3.24789434671402e-05,0.023356540128588676,0.023389019072055817,8.383020758628845e-05,0.0,0.0
1009,backward,0.011107290163636208,1.627206802368164e-05,0.06988141685724258,0.06989768892526627,9.157322347164154e-05,0.0,0.0
1009,optimizer,0.0012293830513954163,2.9770657420158386e-05,0.0012666713446378708,0.0012964420020580292,2.5700777769088745e-05,0.0005069579929113388,0.0004645269364118576
1010,forward,0.012774225324392319,2.9500573873519897e-05,0.023127363994717598,0.023156864568591118,8.351169526576996e-05,0.0,0.0
1010,backward,0.011161750182509422,1.703016459941864e-05,0.06983621791005135,0.06985324807465076,8.857250213623047e-05,0.0,0.0
1010,optimizer,0.001252681016921997,2.9439106583595276e-05,0.0012575220316648483,0.0012869611382484436,2.4592503905296326e-05,0.0009081438183784485,0.0004651695489883423
1011,forward,0.012646354734897614,2.8870999813079834e-05,0.023312287405133247,0.023341158404946327,8.630193769931793e-05,0.0,0.0
1011,backward,0.011127857491374016,1.7039477825164795e-05,0.06973187811672688,0.06974891759455204,8.288025856018066e-05,0.0,0.0
1011,optimizer,0.0013178028166294098,2.961978316307068e-05,0.0012566912919282913,0.001286311075091362,2.5909394025802612e-05,0.0004935767501592636,0.0004470162093639374
1012,forward,0.012796109542250633,3.094971179962158e-05,0.023099754005670547,0.02313070371747017,8.55717808008194e-05,0.0,0.0
1012,backward,0.011124717071652412,1.5500932931900024e-05,0.0701690074056387,0.0701845083385706,8.697062730789185e-05,0.0,0.0
1012,optimizer,0.0012293066829442978,3.0061230063438416e-05,0.0012617520987987518,0.0012918133288621902,3.337301313877106e-05,0.000894937664270401,0.00047831982374191284
1013,forward,0.012722918763756752,3.0759721994400024e-05,0.02324807643890381,0.02327883616089821,8.402019739151001e-05,0.0,0.0
1013,backward,0.01122458279132843,1.5867874026298523e-05,0.06966506503522396,0.06968093290925026,8.645281195640564e-05,0.0,0.0
1013,optimizer,0.001253833994269371,2.815946936607361e-05,0.001261431723833084,0.0012895911931991577,2.6281923055648804e-05,0.0004995409399271011,0.0004628673195838928
1014,forward,0.012438751757144928,3.078952431678772e-05,0.023463670164346695,0.023494459688663483,8.12038779258728e-05,0.0,0.0
1014,backward,0.011163480579853058,1.648813486099243e-05,0.06987161003053188,0.06988809816539288,8.580274879932404e-05,0.0,0.0
1014,optimizer,0.0012226011604070663,2.8910115361213684e-05,0.0012613516300916672,0.0012902617454528809,2.3948028683662415e-05,0.0008819475769996643,0.0004660375416278839
1015,forward,0.01280771754682064,3.0308961868286133e-05,0.023135824128985405,0.02316613309085369,8.280202746391296e-05,0.0,0.0
1015,backward,0.011153029277920723,1.4720484614372253e-05,0.06966252624988556,0.06967724673449993,8.682161569595337e-05,0.0,0.0
1015,optimizer,0.001233801245689392,3.580749034881592e-05,0.0012689810246229172,0.001304788514971733,2.32011079788208e-05,0.0006435196846723557,0.0004704166203737259
1016,forward,0.012450020760297775,3.0472874641418457e-05,0.023430349305272102,0.02346082217991352,8.09207558631897e-05,0.0,0.0
1016,backward,0.011364100500941277,1.6670674085617065e-05,0.0696284081786871,0.06964507885277271,9.378045797348022e-05,0.0,0.0
1016,optimizer,0.0011594705283641815,2.675876021385193e-05,0.0012577809393405914,0.0012845396995544434,2.5311484932899475e-05,0.0008423738181591034,0.00046910718083381653
1017,forward,0.012688234448432922,3.1152740120887756e-05,0.023240147158503532,0.02327129989862442,8.568167686462402e-05,0.0,0.0
1017,backward,0.011479105800390244,1.5711411833763123e-05,0.06982103735208511,0.06983674876391888,8.610449731349945e-05,0.0,0.0
1017,optimizer,0.0011671483516693115,2.8371810913085938e-05,0.0012589525431394577,0.0012873243540525436,2.5192275643348694e-05,0.000823192298412323,0.0004625283181667328
1018,forward,0.012545444071292877,3.081001341342926e-05,0.023425480350852013,0.023456290364265442,0.00011517293751239777,0.0,0.0
1018,backward,0.011383861303329468,1.8030405044555664e-05,0.06942726485431194,0.0694452952593565,9.350292384624481e-05,0.0,0.0
1018,optimizer,0.001161506399512291,2.9461458325386047e-05,0.0012599825859069824,0.0012894440442323685,2.4801120162010193e-05,0.0004893597215414047,0.00046841613948345184
1019,forward,0.012362789362668991,2.954341471195221e-05,0.023541253060102463,0.023570796474814415,8.136220276355743e-05,0.0,0.0
1019,backward,0.011254772543907166,1.6419216990470886e-05,0.06999533250927925,0.07001175172626972,8.41822475194931e-05,0.0,0.0
1019,optimizer,0.0013262256979942322,3.141164779663086e-05,0.0012677516788244247,0.0012991633266210556,2.470053732395172e-05,0.0009026750922203064,0.0004646964371204376
1020,forward,0.012468723580241203,3.254041075706482e-05,0.023465128615498543,0.023497669026255608,8.750520646572113e-05,0.0,0.0
1020,backward,0.011168058961629868,1.547113060951233e-05,0.06971175596117973,0.06972722709178925,8.886493742465973e-05,0.0,0.0
1020,optimizer,0.0012185387313365936,3.092177212238312e-05,0.001263633370399475,0.0012945551425218582,2.2569671273231506e-05,0.0004905872046947479,0.00046766921877861023
1021,forward,0.012515764683485031,3.051944077014923e-05,0.023420898243784904,0.023451417684555054,8.220039308071136e-05,0.0,0.0
1021,backward,0.011164408177137375,5.205906927585602e-05,0.06999846361577511,0.07005052268505096,8.444488048553467e-05,0.0,0.0
1021,optimizer,0.0012404602020978928,2.9733404517173767e-05,0.0012633111327886581,0.001293044537305832,2.5991350412368774e-05,0.0008254442363977432,0.000463288277387619
1022,forward,0.012383351102471352,3.02288681268692e-05,0.02355211228132248,0.02358234114944935,8.448399603366852e-05,0.0,0.0
1022,backward,0.011532215401530266,1.879967749118805e-05,0.06929321028292179,0.06931200996041298,8.141249418258667e-05,0.0,0.0
1022,optimizer,0.0012364629656076431,3.1480565667152405e-05,0.001264931634068489,0.0012964121997356415,2.6170164346694946e-05,0.0004909876734018326,0.0004429072141647339
1023,forward,0.012381689622998238,3.040209412574768e-05,0.023531032726168633,0.02356143482029438,8.284486830234528e-05,0.0,0.0
1023,backward,0.011290382593870163,1.6799196600914e-05,0.06977679766714573,0.06979359686374664,8.544139564037323e-05,0.0,0.0
1023,optimizer,0.0012254714965820312,3.056041896343231e-05,0.0012646615505218506,0.001295221969485283,2.236105501651764e-05,0.0008980259299278259,0.0004880763590335846
1024,forward,0.012627094984054565,3.14079225063324e-05,0.02328265644609928,0.023314064368605614,8.20402055978775e-05,0.0,0.0
1024,backward,0.011334691196680069,1.697055995464325e-05,0.06960214488208294,0.06961911544203758,8.825212717056274e-05,0.0,0.0
1024,optimizer,0.0012168213725090027,3.3991411328315735e-05,0.001259591430425644,0.0012935828417539597,2.7213245630264282e-05,0.0004950873553752899,0.0004886500537395477
1025,forward,0.012796977534890175,3.160163760185242e-05,0.02311764471232891,0.023149246349930763,7.821246981620789e-05,0.0,0.0
1025,backward,0.011173252016305923,1.7240643501281738e-05,0.06991522945463657,0.06993247009813786,9.81111079454422e-05,0.0,0.0
1025,optimizer,0.0012442506849765778,3.487244248390198e-05,0.0012634415179491043,0.0012983139604330063,2.4029985070228577e-05,0.0008994359523057938,0.0005145389586687088
1026,forward,0.012349389493465424,2.9169023036956787e-05,0.023534730076789856,0.023563899099826813,8.630193769931793e-05,0.0,0.0
1026,backward,0.011165309697389603,1.6940757632255554e-05,0.06990018114447594,0.06991712190210819,9.065307676792145e-05,0.0,0.0
1026,optimizer,0.0012383386492729187,3.0251219868659973e-05,0.0012605004012584686,0.0012907516211271286,2.5833025574684143e-05,0.0004908982664346695,0.0004711076617240906
1027,forward,0.012708589434623718,2.993084490299225e-05,0.02319152280688286,0.02322145365178585,8.54097306728363e-05,0.0,0.0
1027,backward,0.02681433968245983,1.5988945960998535e-05,0.054272882640361786,0.054288871586322784,8.781254291534424e-05,0.0,0.0
1027,optimizer,0.0011560693383216858,2.4490058422088623e-05,0.0012302305549383163,0.001254720613360405,2.4959444999694824e-05,0.0007217023521661758,0.0004662889987230301
1028,forward,0.012411991134285927,3.2531097531318665e-05,0.02351249009370804,0.023545021191239357,8.552148938179016e-05,0.0,0.0
1028,backward,0.011257851496338844,1.67209655046463e-05,0.06962538696825504,0.06964210793375969,8.65831971168518e-05,0.0,0.0
1028,optimizer,0.0011599976569414139,3.330036997795105e-05,0.0012611020356416702,0.0012944024056196213,2.289004623889923e-05,0.0004966370761394501,0.000463925302028656
1029,forward,0.012427041307091713,2.9521062970161438e-05,0.023481350392103195,0.023510871455073357,8.236244320869446e-05,0.0,0.0
1029,backward,0.011407934129238129,1.769326627254486e-05,0.06979418732225895,0.0698118805885315,8.771196007728577e-05,0.0,0.0
1029,optimizer,0.0011655576527118683,3.0249357223510742e-05,0.0012606419622898102,0.001290891319513321,2.2852793335914612e-05,0.0008171852678060532,0.000467449426651001
1030,forward,0.012465352192521095,2.9820948839187622e-05,0.023462770506739616,0.023492591455578804,8.634105324745178e-05,0.0,0.0
1030,backward,0.011384762823581696,1.804158091545105e-05,0.06945105269551277,0.06946909427642822,8.930079638957977e-05,0.0,0.0
1030,optimizer,0.0012423824518918991,3.196299076080322e-05,0.001254148781299591,0.0012861117720603943,2.4091452360153198e-05,0.0004909876734018326,0.00046628713607788086
1031,forward,0.01265626773238182,2.9353424906730652e-05,0.02324756421148777,0.0232769176363945,8.427910506725311e-05,0.0,0.0
1031,backward,0.011507885530591011,1.6139820218086243e-05,0.06958912685513496,0.06960526667535305,8.558109402656555e-05,0.0,0.0
1031,optimizer,0.0012743324041366577,3.134086728096008e-05,0.0012593790888786316,0.0012907199561595917,2.5270506739616394e-05,0.0008785836398601532,0.00046883709728717804
1032,forward,0.01233075000345707,3.200210630893707e-05,0.023596031591296196,0.023628033697605133,8.426234126091003e-05,0.0,0.0
1032,backward,0.011485733091831207,1.6979873180389404e-05,0.06928748078644276,0.06930446065962315,8.480995893478394e-05,0.0,0.0
1032,optimizer,0.0012338105589151382,3.053061664104462e-05,0.0012598615139722824,0.001290392130613327,2.5412067770957947e-05,0.0005558189004659653,0.0004640407860279083
1033,forward,0.012692084535956383,2.8800219297409058e-05,0.023190384730696678,0.023219184949994087,7.97417014837265e-05,0.0,0.0
1033,backward,0.011376094073057175,1.8348917365074158e-05,0.06973384693264961,0.06975219585001469,8.404254913330078e-05,0.0,0.0
1033,optimizer,0.0012275408953428268,3.0059367418289185e-05,0.0012625213712453842,0.0012925807386636734,2.6309862732887268e-05,0.0008073840290307999,0.0004968699067831039
1034,forward,0.012849558144807816,2.9629096388816833e-05,0.023099035024642944,0.02312866412103176,8.090212941169739e-05,0.0,0.0
1034,backward,0.01129535399377346,1.7721205949783325e-05,0.06947183050215244,0.06948955170810223,8.78404825925827e-05,0.0,0.0
1034,optimizer,0.0012249313294887543,3.042072057723999e-05,0.0012612808495759964,0.0012917015701532364,2.3622065782546997e-05,0.0005078557878732681,0.000464828684926033
1035,forward,0.012405259534716606,3.060139715671539e-05,0.023495271801948547,0.023525873199105263,8.208490908145905e-05,0.0,0.0
1035,backward,0.01154368743300438,1.6530975699424744e-05,0.06971132569015026,0.06972785666584969,8.93808901309967e-05,0.0,0.0
1035,optimizer,0.0013257022947072983,2.8653070330619812e-05,0.0012455619871616364,0.0012742150574922562,2.451986074447632e-05,0.0008438862860202789,0.0004635881632566452
1036,forward,0.012451941147446632,2.972222864627838e-05,0.023402927443385124,0.023432649672031403,7.91698694229126e-05,0.0,0.0
1036,backward,0.011597808450460434,1.7939135432243347e-05,0.06920095905661583,0.06921889819204807,8.65831971168518e-05,0.0,0.0
1036,optimizer,0.0012223906815052032,2.9530376195907593e-05,0.001264430582523346,0.0012939609587192535,2.6360154151916504e-05,0.0004985760897397995,0.0004643891006708145
1037,forward,0.01238660141825676,2.919137477874756e-05,0.02350662089884281,0.02353581227362156,8.104182779788971e-05,0.0,0.0
1037,backward,0.011153535917401314,1.9311904907226562e-05,0.07013074681162834,0.07015005871653557,8.676014840602875e-05,0.0,0.0
1037,optimizer,0.0012203436344861984,2.7799978852272034e-05,0.0012726020067930222,0.0013004019856452942,2.3810192942619324e-05,0.0006664525717496872,0.00046327710151672363
1038,forward,0.01241789385676384,2.8971582651138306e-05,0.02353421039879322,0.02356318198144436,8.453242480754852e-05,0.0,0.0
1038,backward,0.011125579476356506,1.6612932085990906e-05,0.06967639550566673,0.06969300843775272,8.426979184150696e-05,0.0,0.0
1038,optimizer,0.0012435689568519592,3.095157444477081e-05,0.0012662820518016815,0.0012972336262464523,2.524256706237793e-05,0.0006595831364393234,0.0004628375172615051
1039,forward,0.012444211170077324,3.145076334476471e-05,0.02344774827361107,0.023479199036955833,9.474530816078186e-05,0.0,0.0
1039,backward,0.011530617251992226,1.6693025827407837e-05,0.0695160124450922,0.06953270547091961,8.872151374816895e-05,0.0,0.0
1039,optimizer,0.001227099448442459,3.137066960334778e-05,0.0012564826756715775,0.0012878533452749252,2.3249536752700806e-05,0.0008297543972730637,0.000467836856842041
1040,forward,0.012360047549009323,3.06498259305954e-05,0.023480791598558426,0.02351144142448902,8.126161992549896e-05,0.0,0.0
1040,backward,0.011469783261418343,1.529976725578308e-05,0.06969596818089485,0.06971126794815063,9.669177234172821e-05,0.0,0.0
1040,optimizer,0.0012157000601291656,3.229081630706787e-05,0.0012655910104513168,0.0012978818267583847,2.584978938102722e-05,0.0006704125553369522,0.00046342797577381134
1041,forward,0.012439893558621407,2.9979273676872253e-05,0.023469340056180954,0.023499319329857826,8.120015263557434e-05,0.0,0.0
1041,backward,0.011189298704266548,1.7199665307998657e-05,0.0696839764714241,0.0697011761367321,8.80807638168335e-05,0.0,0.0
1041,optimizer,0.0012305323034524918,2.9921531677246094e-05,0.0012657009065151215,0.0012956224381923676,2.3620203137397766e-05,0.0004918593913316727,0.00047153979539871216
1042,forward,0.012552706524729729,2.9921531677246094e-05,0.023322876542806625,0.02335279807448387,8.071213960647583e-05,0.0,0.0
1042,backward,0.0113882627338171,1.7993152141571045e-05,0.06988532096147537,0.06990331411361694,8.828192949295044e-05,0.0,0.0
1042,optimizer,0.0012425631284713745,3.371201455593109e-05,0.0012610498815774918,0.0012947618961334229,2.3230910301208496e-05,0.0008825045078992844,0.0004659276455640793
1043,forward,0.012368002906441689,3.1890347599983215e-05,0.02349916845560074,0.023531058803200722,8.153170347213745e-05,0.0,0.0
1043,backward,0.011113738641142845,1.731887459754944e-05,0.06968747824430466,0.0697047971189022,9.265169501304626e-05,0.0,0.0
1043,optimizer,0.0012268591672182083,2.972036600112915e-05,0.0012614037841558456,0.0012911241501569748,2.4648383259773254e-05,0.0004944950342178345,0.00046531669795513153
1044,forward,0.012581592425704002,2.961978316307068e-05,0.02332419715821743,0.0233538169413805,7.834099233150482e-05,0.0,0.0
1044,backward,0.011291563510894775,1.7238780856132507e-05,0.06992536038160324,0.06994259916245937,8.885934948921204e-05,0.0,0.0
1044,optimizer,0.001238349825143814,2.882257103919983e-05,0.0012632720172405243,0.0012920945882797241,2.5251880288124084e-05,0.0008093249052762985,0.000467836856842041
1045,forward,0.012514911592006683,2.7259811758995056e-05,0.023377789184451103,0.0234050489962101,8.299946784973145e-05,0.0,0.0
1045,backward,0.011400524526834488,1.7369166016578674e-05,0.0695581641048193,0.06957553327083588,9.16309654712677e-05,0.0,0.0
1045,optimizer,0.0012287404388189316,3.0253082513809204e-05,0.0012642908841371536,0.0012945439666509628,2.4080276489257812e-05,0.0004984810948371887,0.00047051720321178436
1046,forward,0.012570753693580627,3.053061664104462e-05,0.023336688056588173,0.023367218673229218,7.887184619903564e-05,0.0,0.0
1046,backward,0.01149376668035984,1.6022473573684692e-05,0.0695593822747469,0.06957540474832058,8.783303201198578e-05,0.0,0.0
1046,optimizer,0.0012578517198562622,3.205239772796631e-05,0.0012565311044454575,0.0012885835021734238,2.5039538741111755e-05,0.000884663313627243,0.0004607066512107849
1047,forward,0.012714633718132973,3.0839815735816956e-05,0.023218225687742233,0.02324906550347805,8.251331746578217e-05,0.0,0.0
1047,backward,0.011327175423502922,1.4759600162506104e-05,0.06946324184536934,0.06947800144553185,8.907169103622437e-05,0.0,0.0
1047,optimizer,0.0012157205492258072,3.221072256565094e-05,0.0012607499957084656,0.0012929607182741165,2.50302255153656e-05,0.0004837196320295334,0.00047140009701251984
1048,forward,0.012468729168176651,2.9811635613441467e-05,0.023427119478583336,0.023456931114196777,7.662177085876465e-05,0.0,0.0
1048,backward,0.011159287765622139,1.6361474990844727e-05,0.07013225555419922,0.07014861702919006,8.676014840602875e-05,0.0,0.0
1048,optimizer,0.0012411698698997498,3.101862967014313e-05,0.0012456215918064117,0.0012766402214765549,2.329982817173004e-05,0.0008090734481811523,0.00046545639634132385
1049,forward,0.012514473870396614,2.8619542717933655e-05,0.02342463843524456,0.023453257977962494,0.00011443160474300385,0.0,0.0
1049,backward,0.01208488829433918,3.4691765904426575e-05,0.06918439641594887,0.0692190881818533,9.060464799404144e-05,0.0,0.0
1049,optimizer,0.0012629330158233643,3.074854612350464e-05,0.0012589208781719208,0.0012896694242954254,2.3931264877319336e-05,0.0004919879138469696,0.0004643872380256653
1050,forward,0.012416904792189598,3.242120146751404e-05,0.02356661856174469,0.023599039763212204,8.64621251821518e-05,0.0,0.0
1050,backward,0.011301735416054726,1.479126513004303e-05,0.06961960345506668,0.06963439472019672,8.845888078212738e-05,0.0,0.0
1050,optimizer,0.001239309087395668,2.9560178518295288e-05,0.0012602414935827255,0.0012898016721010208,2.34115868806839e-05,0.000497329980134964,0.00048493966460227966
1051,forward,0.01241673156619072,3.124028444290161e-05,0.023463618010282516,0.023494858294725418,8.524022996425629e-05,0.0,0.0
1051,backward,0.011452935636043549,1.486949622631073e-05,0.06972409598529339,0.0697389654815197,8.91517847776413e-05,0.0,0.0
1051,optimizer,0.0009707659482955933,3.3698976039886475e-05,0.0012669023126363754,0.001300601288676262,2.4881213903427124e-05,0.0008662045001983643,0.0004672389477491379
1052,forward,0.012442531064152718,2.9949471354484558e-05,0.023486550897359848,0.023516500368714333,8.011981844902039e-05,0.0,0.0
1052,backward,0.011150429025292397,1.796148717403412e-05,0.06974586844444275,0.06976382993161678,8.227862417697906e-05,0.0,0.0
1052,optimizer,0.0012276098132133484,3.098882734775543e-05,0.0012679118663072586,0.001298900693655014,2.616085112094879e-05,0.0004890300333499908,0.000464586541056633
1053,forward,0.012348078191280365,2.7708709239959717e-05,0.02354581095278263,0.02357351966202259,8.234195411205292e-05,0.0,0.0
1053,backward,0.011259658262133598,1.7490237951278687e-05,0.06981986947357655,0.06983735971152782,8.591264486312866e-05,0.0,0.0
1053,optimizer,0.0012638214975595474,3.0159950256347656e-05,0.0012609325349330902,0.0012910924851894379,2.3812055587768555e-05,0.0008688550442457199,0.00047100894153118134
1054,forward,0.012399133294820786,3.009103238582611e-05,0.02347675710916519,0.023506848141551018,8.348189294338226e-05,0.0,0.0
1054,backward,0.01150885783135891,1.7290934920310974e-05,0.06956314481794834,0.06958043575286865,8.681230247020721e-05,0.0,0.0
1054,optimizer,0.0012146476656198502,2.8230249881744385e-05,0.0012634042650461197,0.001291634514927864,2.6732683181762695e-05,0.0004941578954458237,0.0004657674580812454
1055,forward,0.012383602559566498,3.0191615223884583e-05,0.0234783086925745,0.023508500307798386,8.206069469451904e-05,0.0,0.0
1055,backward,0.011145438998937607,1.644901931285858e-05,0.06982696987688541,0.06984341889619827,8.860975503921509e-05,0.0,0.0
1055,optimizer,0.0013181660324335098,2.7680769562721252e-05,0.001260438933968544,0.0012881197035312653,2.6151537895202637e-05,0.000847136601805687,0.00046776048839092255
1056,forward,0.012447783723473549,2.9910355806350708e-05,0.0234910286962986,0.02352093905210495,8.230283856391907e-05,0.0,0.0
1056,backward,0.011556575074791908,1.7181038856506348e-05,0.06940283253788948,0.06942001357674599,8.872896432876587e-05,0.0,0.0
1056,optimizer,0.001233341172337532,2.6499852538108826e-05,0.0012627430260181427,0.0012892428785562515,2.718903124332428e-05,0.0004913900047540665,0.00047144852578639984
1057,forward,0.012675317004323006,2.9480084776878357e-05,0.023255405947566032,0.02328488603234291,8.339062333106995e-05,0.0,0.0
1057,backward,0.01116110198199749,1.6909092664718628e-05,0.06964914314448833,0.06966605223715305,8.873268961906433e-05,0.0,0.0
1057,optimizer,0.0011524185538291931,3.135018050670624e-05,0.0012645702809095383,0.0012959204614162445,2.3752450942993164e-05,0.0006824284791946411,0.00046694837510585785
1058,forward,0.012463986873626709,2.9379501938819885e-05,0.023445894941687584,0.023475274443626404,8.491054177284241e-05,0.0,0.0
1058,backward,0.011205479502677917,1.7760321497917175e-05,0.06993011198937893,0.06994787231087685,8.647143840789795e-05,0.0,0.0
1058,optimizer,0.001153789460659027,3.1443312764167786e-05,0.0012572705745697021,0.00128871388733387,2.352893352508545e-05,0.0008056946098804474,0.0004677381366491318
1059,forward,0.01250477321445942,3.101862967014313e-05,0.02344018965959549,0.023471208289265633,8.188001811504364e-05,0.0,0.0
1059,backward,0.011384131386876106,1.4118850231170654e-05,0.06945822387933731,0.06947234272956848,8.931197226047516e-05,0.0,0.0
1059,optimizer,0.0011688191443681717,2.9919669032096863e-05,0.0012652929872274399,0.0012952126562595367,2.5661662220954895e-05,0.0004920382052659988,0.0004866272211074829
1060,forward,0.01236986555159092,3.095157444477081e-05,0.02352033369243145,0.02355128526687622,8.21724534034729e-05,0.0,0.0
1060,backward,0.011563645675778389,1.7881393432617188e-05,0.06957082636654377,0.06958870775997639,8.091889321804047e-05,0.0,0.0
1060,optimizer,0.0011589601635932922,2.760067582130432e-05,0.001265011727809906,0.0012926124036312103,2.5480985641479492e-05,0.0008381567895412445,0.0004494674503803253
1061,forward,0.012671496719121933,2.7533620595932007e-05,0.023211205378174782,0.023238738998770714,8.43927264213562e-05,0.0,0.0
1061,backward,0.011251140385866165,1.848861575126648e-05,0.06968600675463676,0.06970449537038803,8.681043982505798e-05,0.0,0.0
1061,optimizer,0.0011687204241752625,3.2531097531318665e-05,0.0012566596269607544,0.001289190724492073,2.391822636127472e-05,0.0004970971494913101,0.0004679076373577118
1062,forward,0.012330610305070877,2.969987690448761e-05,0.023529259487986565,0.023558959364891052,8.517317473888397e-05,0.0,0.0
1062,backward,0.011410532519221306,1.646764576435089e-05,0.06968750804662704,0.0697039756923914,8.616037666797638e-05,0.0,0.0
1062,optimizer,0.0011614300310611725,2.8410926461219788e-05,0.0012529119849205017,0.0012813229113817215,2.343021333217621e-05,0.0008888635784387589,0.0004687272012233734
1063,forward,0.012339968234300613,3.147311508655548e-05,0.02360321395099163,0.023634687066078186,7.913075387477875e-05,0.0,0.0
1063,backward,0.0114104263484478,1.5469267964363098e-05,0.06941748969256878,0.06943295896053314,8.671171963214874e-05,0.0,0.0
1063,optimizer,0.0011586993932724,3.106892108917236e-05,0.0012618917971849442,0.0012929607182741165,2.7300789952278137e-05,0.0005010664463043213,0.0004632677882909775
1064,forward,0.012588636949658394,2.930872142314911e-05,0.02332659438252449,0.02335590310394764,8.596107363700867e-05,0.0,0.0
1064,backward,0.011376064270734787,1.9073486328125e-05,0.06986271776258945,0.06988179124891758,8.497200906276703e-05,0.0,0.0
1064,optimizer,0.001164538785815239,2.6628375053405762e-05,0.0012581218034029007,0.0012847501784563065,2.387911081314087e-05,0.0007882639765739441,0.00045519880950450897
1065,forward,0.012353260070085526,2.974085509777069e-05,0.02355959266424179,0.02358933351933956,8.402019739151001e-05,0.0,0.0
1065,backward,0.011478785425424576,1.8559396266937256e-05,0.06945594400167465,0.06947450339794159,0.00011500343680381775,0.0,0.0
1065,optimizer,0.0011769682168960571,3.3060088753700256e-05,0.00126546248793602,0.0012985225766897202,2.644956111907959e-05,0.0004930086433887482,0.0004684552550315857
1066,forward,0.01227770745754242,2.9908493161201477e-05,0.023615991696715355,0.023645900189876556,8.393079042434692e-05,0.0,0.0
1066,backward,0.011142879724502563,1.4988705515861511e-05,0.06976200640201569,0.06977699510753155,8.791126310825348e-05,0.0,0.0
1066,optimizer,0.0011591296643018723,3.71001660823822e-05,0.0012656319886446,0.0013027321547269821,2.6891008019447327e-05,0.000500088557600975,0.00047281570732593536
1067,forward,0.012515110895037651,3.110244870185852e-05,0.023431940004229546,0.023463042452931404,8.336268365383148e-05,0.0,0.0
1067,backward,0.011302055791020393,1.5851110219955444e-05,0.06979217566549778,0.06980802677571774,8.837133646011353e-05,0.0,0.0
1067,optimizer,0.001232791692018509,3.0701979994773865e-05,0.0012625716626644135,0.0012932736426591873,2.7341768145561218e-05,0.0004983358085155487,0.0005119591951370239
1068,forward,0.012364750728011131,3.052130341529846e-05,0.023529721423983574,0.023560242727398872,8.434057235717773e-05,0.0,0.0
1068,backward,0.011115208268165588,1.698918640613556e-05,0.06988751143217087,0.069904500618577,8.66912305355072e-05,0.0,0.0
1068,optimizer,0.0012959837913513184,3.137253224849701e-05,0.0012491196393966675,0.0012804921716451645,2.452172338962555e-05,0.0008717160671949387,0.00046387873589992523
1069,forward,0.012391261756420135,3.0040740966796875e-05,0.02349625900387764,0.023526299744844437,8.319132030010223e-05,0.0,0.0
1069,backward,0.011271171271800995,1.6881152987480164e-05,0.06986157037317753,0.06987845152616501,8.744187653064728e-05,0.0,0.0
1069,optimizer,0.001250050961971283,2.9459595680236816e-05,0.0012588221579790115,0.0012882817536592484,2.5488436222076416e-05,0.0004919376224279404,0.00046545639634132385
1070,forward,0.01248071901500225,3.932975232601166e-05,0.023509880527853966,0.023549210280179977,8.435361087322235e-05,0.0,0.0
1070,backward,0.011193737387657166,1.4739111065864563e-05,0.06959797628223896,0.06961271539330482,8.700229227542877e-05,0.0,0.0
1070,optimizer,0.0012215506285429,3.055855631828308e-05,0.0012636911123991013,0.0012942496687173843,2.4041160941123962e-05,0.0004926472902297974,0.0004812180995941162
1071,forward,0.012701684609055519,3.060139715671539e-05,0.0231783464550972,0.023208947852253914,8.004158735275269e-05,0.0,0.0
1071,backward,0.01118142157793045,1.7000362277030945e-05,0.07015371322631836,0.07017071358859539,8.828192949295044e-05,0.0,0.0
1071,optimizer,0.0012425724416971207,2.7008354663848877e-05,0.0012627225369215012,0.00128973089158535,2.6989728212356567e-05,0.0009685549885034561,0.0004811882972717285
1072,forward,0.012781444936990738,3.008916974067688e-05,0.023193536326289177,0.023223625496029854,8.19917768239975e-05,0.0,0.0
1072,backward,0.011479593813419342,1.8367543816566467e-05,0.06936414167284966,0.06938250921666622,9.007938206195831e-05,0.0,0.0
1072,optimizer,0.001226760447025299,2.5561079382896423e-05,0.00125851109623909,0.0012840721756219864,2.576969563961029e-05,0.0004911106079816818,0.0004828665405511856
1073,forward,0.01243826188147068,3.086961805820465e-05,0.023491980507969856,0.02352285012602806,8.937157690525055e-05,0.0,0.0
1073,backward,0.011425334960222244,1.9980594515800476e-05,0.06979288905858994,0.06981286965310574,8.729100227355957e-05,0.0,0.0
1073,optimizer,0.0012340843677520752,2.6248395442962646e-05,0.0012572798877954483,0.001283528283238411,2.580694854259491e-05,0.0009178873151540756,0.0004697665572166443
1074,forward,0.012374050915241241,3.2100826501846313e-05,0.02355298027396202,0.023585081100463867,8.58604907989502e-05,0.0,0.0
1074,backward,0.011121070012450218,1.4979392290115356e-05,0.0697617381811142,0.06977671757340431,8.994899690151215e-05,0.0,0.0
1074,optimizer,0.0012233909219503403,2.969987690448761e-05,0.0012632925063371658,0.0012929923832416534,2.3540109395980835e-05,0.0005043391138315201,0.0004974976181983948
1075,forward,0.01242017187178135,2.9591843485832214e-05,0.023443659767508507,0.02347325161099434,8.475035429000854e-05,0.0,0.0
1075,backward,0.011128371581435204,1.629069447517395e-05,0.07015970349311829,0.07017599418759346,9.078159928321838e-05,0.0,0.0
1075,optimizer,0.0012302510440349579,2.9560178518295288e-05,0.0012576114386320114,0.0012871716171503067,2.2800639271736145e-05,0.002022465690970421,0.0004697795957326889
1076,forward,0.012469762936234474,3.041885793209076e-05,0.023492319509387016,0.023522738367319107,8.492171764373779e-05,0.0,0.0
1076,backward,0.011497603729367256,1.6201287508010864e-05,0.06945758312940598,0.06947378441691399,8.55419784784317e-05,0.0,0.0
1076,optimizer,0.0012355595827102661,3.1299889087677e-05,0.0012535527348518372,0.0012848526239395142,2.4080276489257812e-05,0.0004935171455144882,0.0004665795713663101
1077,forward,0.012483123689889908,2.8621405363082886e-05,0.023424137383699417,0.0234527587890625,8.188001811504364e-05,0.0,0.0
1077,backward,0.011175040155649185,1.6767531633377075e-05,0.06992943957448006,0.06994620710611343,9.015016257762909e-05,0.0,0.0
1077,optimizer,0.0012447219341993332,3.151223063468933e-05,0.0012605506926774979,0.0012920629233121872,2.3799017071723938e-05,0.0008051637560129166,0.0004686769098043442
1078,forward,0.012711176648736,3.0720606446266174e-05,0.02319720759987831,0.023227928206324577,8.287280797958374e-05,0.0,0.0
1078,backward,0.011205442249774933,1.479126513004303e-05,0.06995617039501667,0.06997096166014671,9.786151349544525e-05,0.0,0.0
1078,optimizer,0.001246800646185875,3.3739954233169556e-05,0.0012586116790771484,0.001292351633310318,2.7701258659362793e-05,0.0004982966929674149,0.0004647187888622284
1079,forward,0.012585652992129326,3.0681490898132324e-05,0.023335807025432587,0.02336648851633072,8.22804868221283e-05,0.0,0.0
1079,backward,0.011232959106564522,1.4333054423332214e-05,0.0698840320110321,0.06989836506545544,8.41822475194931e-05,0.0,0.0
1079,optimizer,0.001240583136677742,2.9632821679115295e-05,0.001255800947546959,0.0012854337692260742,2.5600194931030273e-05,0.0008087735623121262,0.00046385638415813446
1080,forward,0.012443279847502708,3.110058605670929e-05,0.02348514087498188,0.02351624146103859,8.097104728221893e-05,0.0,0.0
1080,backward,0.011127723380923271,1.849047839641571e-05,0.06971187517046928,0.0697303656488657,8.571147918701172e-05,0.0,0.0
1080,optimizer,0.001241382211446762,3.0443072319030762e-05,0.001260310411453247,0.0012907534837722778,2.6948750019073486e-05,0.0004913080483675003,0.0004729758948087692
1081,forward,0.012696314603090286,2.9360875487327576e-05,0.023200366646051407,0.023229727521538734,7.946044206619263e-05,0.0,0.0
1081,backward,0.011174401268362999,1.6510486602783203e-05,0.06964549608528614,0.06966200657188892,8.793175220489502e-05,0.0,0.0
1081,optimizer,0.0012409128248691559,2.652965486049652e-05,0.001261599361896515,0.0012881290167570114,2.3562461137771606e-05,0.0004909094423055649,0.00046823732554912567
1082,forward,0.012401793152093887,2.999044954776764e-05,0.023516979068517685,0.023546969518065453,8.427165448665619e-05,0.0,0.0
1082,backward,0.011341581121087074,1.5789642930030823e-05,0.06970679573714733,0.06972258538007736,8.721277117729187e-05,0.0,0.0
1082,optimizer,0.0012153834104537964,3.0839815735816956e-05,0.001263551414012909,0.0012943912297487259,2.6050955057144165e-05,0.0008031837642192841,0.0004757773131132126
1083,forward,0.012438660487532616,2.9651448130607605e-05,0.023462790995836258,0.023492442443966866,8.296966552734375e-05,0.0,0.0
1083,backward,0.011181110516190529,1.5089288353919983e-05,0.06993666291236877,0.0699517522007227,8.53613018989563e-05,0.0,0.0
1083,optimizer,0.0012846887111663818,2.9899179935455322e-05,0.0012580733746290207,0.001287972554564476,2.726912498474121e-05,0.0004916079342365265,0.0004643164575099945
1084,forward,0.012596303597092628,2.9610469937324524e-05,0.023348519578576088,0.023378130048513412,8.083134889602661e-05,0.0,0.0
1084,backward,0.01131020113825798,1.7639249563217163e-05,0.06971620582044125,0.06973384507000446,8.521042764186859e-05,0.0,0.0
1084,optimizer,0.0012234821915626526,3.2259151339530945e-05,0.0012658815830945969,0.0012981407344341278,2.4721026420593262e-05,0.0007197242230176926,0.0005856212228536606
1085,forward,0.012412002310156822,2.741999924182892e-05,0.023467687889933586,0.023495107889175415,8.104182779788971e-05,0.0,0.0
1085,backward,0.011166820302605629,1.7620623111724854e-05,0.06992319971323013,0.06994082033634186,8.81291925907135e-05,0.0,0.0
1085,optimizer,0.0012402422726154327,3.208965063095093e-05,0.0012571495026350021,0.001289239153265953,2.506934106349945e-05,0.00048498809337615967,0.0004655364900827408
1086,forward,0.01248961128294468,2.9498711228370667e-05,0.023468468338251114,0.023497967049479485,9.017996490001678e-05,0.0,0.0
1086,backward,0.011313831433653831,1.6180798411369324e-05,0.06955194473266602,0.06956812553107738,8.762069046497345e-05,0.0,0.0
1086,optimizer,0.001221315935254097,3.1791627407073975e-05,0.0012561231851577759,0.0012879148125648499,2.4380162358283997e-05,0.0004999786615371704,0.0005382280796766281
1087,forward,0.012462429702281952,3.178045153617859e-05,0.023452330380678177,0.023484110832214355,8.777342736721039e-05,0.0,0.0
1087,backward,0.011259909719228745,1.5659257769584656e-05,0.06993827037513256,0.06995392963290215,8.384138345718384e-05,0.0,0.0
1087,optimizer,0.001223009079694748,3.0482187867164612e-05,0.0012610536068677902,0.0012915357947349548,2.4652108550071716e-05,0.000942528247833252,0.0004694070667028427
1088,forward,0.012456631287932396,3.0230730772018433e-05,0.023486988618969917,0.023517219349741936,8.361227810382843e-05,0.0,0.0
1088,backward,0.011556517332792282,1.8961727619171143e-05,0.06921936757862568,0.06923832930624485,8.529983460903168e-05,0.0,0.0
1088,optimizer,0.0012232698500156403,3.048032522201538e-05,0.0012609120458364487,0.001291392371058464,2.6259571313858032e-05,0.0004974976181983948,0.0004678480327129364
1089,forward,0.012379232794046402,2.9752030968666077e-05,0.023502949625253677,0.023532701656222343,7.607229053974152e-05,0.0,0.0
1089,backward,0.011150412261486053,1.76895409822464e-05,0.06973638571798801,0.06975407525897026,8.728913962841034e-05,0.0,0.0
1089,optimizer,0.0012321900576353073,2.8450042009353638e-05,0.001260431483387947,0.0012888815253973007,5.4741278290748596e-05,0.0004889685660600662,0.00046405941247940063
1090,forward,0.012456761673092842,3.105960786342621e-05,0.023458920419216156,0.023489980027079582,8.555129170417786e-05,0.0,0.0
1090,backward,0.011290773749351501,1.5873461961746216e-05,0.06962995417416096,0.0696458276361227,8.99583101272583e-05,0.0,0.0
1090,optimizer,0.0012174379080533981,2.5423243641853333e-05,0.0012560132890939713,0.0012814365327358246,2.4020671844482422e-05,0.0004954878240823746,0.0004657171666622162
1091,forward,0.012344298884272575,2.9589980840682983e-05,0.023554200306534767,0.02358379028737545,8.571892976760864e-05,0.0,0.0
1091,backward,0.011274360120296478,1.5322118997573853e-05,0.06983630917966366,0.06985163129866123,8.634291589260101e-05,0.0,0.0
1091,optimizer,0.0012471191585063934,2.828054130077362e-05,0.0012588929384946823,0.001287173479795456,2.538040280342102e-05,0.0008373241871595383,0.0004697665572166443
1092,forward,0.012317432090640068,2.9500573873519897e-05,0.023578619584441185,0.023608120158314705,8.425116539001465e-05,0.0,0.0
1092,backward,0.011270064860582352,1.634657382965088e-05,0.06992554664611816,0.06994189321994781,8.787214756011963e-05,0.0,0.0
1092,optimizer,0.0012384019792079926,2.80626118183136e-05,0.0012593716382980347,0.0012874342501163483,5.40316104888916e-05,0.0005157496780157089,0.0004702545702457428
1093,forward,0.01239069178700447,2.905912697315216e-05,0.023491960018873215,0.023521019145846367,8.33515077829361e-05,0.0,0.0
1093,backward,0.011514455080032349,1.520104706287384e-05,0.06948810257017612,0.069503303617239,8.186325430870056e-05,0.0,0.0
1093,optimizer,0.0012218430638313293,3.366917371749878e-05,0.0012621916830539703,0.0012958608567714691,2.2679567337036133e-05,0.0004885978996753693,0.0004511270672082901
1094,forward,0.012454681098461151,3.205984830856323e-05,0.023488132283091545,0.02352019213140011,8.760206401348114e-05,0.0,0.0
1094,backward,0.01155494712293148,1.5079975128173828e-05,0.0693853609263897,0.06940044090151787,8.467026054859161e-05,0.0,0.0
1094,optimizer,0.0012280605733394623,2.8839334845542908e-05,0.0012674536556005478,0.0012962929904460907,2.343207597732544e-05,0.0005009174346923828,0.0004511568695306778
1095,forward,0.012428872287273407,3.124028444290161e-05,0.023540519177913666,0.023571759462356567,8.207187056541443e-05,0.0,0.0
1095,backward,0.011282144114375114,2.1560117602348328e-05,0.06960662454366684,0.06962818466126919,8.331239223480225e-05,0.0,0.0
1095,optimizer,0.0012419279664754868,3.384053707122803e-05,0.001266593113541603,0.0013004336506128311,2.381950616836548e-05,0.0004906971007585526,0.0004568677395582199
1096,forward,0.012555129826068878,2.7980655431747437e-05,0.0233408585190773,0.02336883917450905,8.079037070274353e-05,0.0,0.0
1096,backward,0.011228563264012337,1.7959624528884888e-05,0.06986642815172672,0.06988438777625561,9.389221668243408e-05,0.0,0.0
1096,optimizer,0.001230631023645401,3.6738812923431396e-05,0.0012573599815368652,0.0012940987944602966,2.2979453206062317e-05,0.0007952731102705002,0.00045824795961380005
1097,forward,0.012776175513863564,3.0471011996269226e-05,0.02320396713912487,0.02323443815112114,0.00010872073471546173,0.0,0.0
1097,backward,0.011327851563692093,3.225170075893402e-05,0.06959766335785389,0.06962991505861282,9.318254888057709e-05,0.0,0.0
1097,optimizer,0.0014620888978242874,3.236904740333557e-05,0.001220928505063057,0.0012532975524663925,2.4702399969100952e-05,0.0005011577159166336,0.0005150772631168365
1098,forward,0.013676146045327187,3.1460076570510864e-05,0.028752019628882408,0.02878347970545292,9.383074939250946e-05,0.0,0.0
1098,backward,0.011310383677482605,2.132914960384369e-05,0.06972608715295792,0.06974741630256176,8.132867515087128e-05,0.0,0.0
1098,optimizer,0.0011550504714250565,3.322213888168335e-05,0.0012585502117872238,0.0012917723506689072,2.522207796573639e-05,0.0005054567009210587,0.00045466795563697815
1099,forward,0.012485833838582039,2.9591843485832214e-05,0.02342901937663555,0.023458611220121384,7.81714916229248e-05,0.0,0.0
1099,backward,0.011198742315173149,1.771189272403717e-05,0.06987196952104568,0.06988968141376972,8.301250636577606e-05,0.0,0.0
1099,optimizer,0.0012575183063745499,3.636069595813751e-05,0.0012618638575077057,0.0012982245534658432,2.71480530500412e-05,0.0008736643940210342,0.00045682862401008606
1100,forward,0.012658165767788887,2.961978316307068e-05,0.023327097296714783,0.023356717079877853,8.273310959339142e-05,0.0,0.0
1100,backward,0.011276032775640488,1.7020851373672485e-05,0.06953355297446251,0.06955057382583618,8.981116116046906e-05,0.0,0.0
1100,optimizer,0.0012787021696567535,3.189966082572937e-05,0.001259341835975647,0.0012912414968013763,2.4879351258277893e-05,0.0007828753441572189,0.0004582982510328293
1101,forward,0.01304532214999199,3.163143992424011e-05,0.022862708196043968,0.02289433963596821,7.969886064529419e-05,0.0,0.0
1101,backward,0.011460725218057632,2.0889565348625183e-05,0.0697186067700386,0.06973949633538723,9.135901927947998e-05,0.0,0.0
1101,optimizer,0.0011735521256923676,3.6912038922309875e-05,0.0012595504522323608,0.0012964624911546707,2.5110319256782532e-05,0.0007887836545705795,0.00045392848551273346
1102,forward,0.012847308069467545,3.184005618095398e-05,0.023124204948544502,0.023156045004725456,8.018128573894501e-05,0.0,0.0
1102,backward,0.01715175434947014,1.6830861568450928e-05,0.06416216120123863,0.06417899206280708,8.059106767177582e-05,0.0,0.0
1102,optimizer,0.0011511128395795822,3.1072646379470825e-05,0.001260640099644661,0.0012917127460241318,2.6069581508636475e-05,0.0007953625172376633,0.00044590793550014496
1103,forward,0.012456672266125679,3.166124224662781e-05,0.023475319147109985,0.023506980389356613,8.091144263744354e-05,0.0,0.0
1103,backward,0.011206543073058128,1.985020935535431e-05,0.0697599072009325,0.06977975741028786,8.281320333480835e-05,0.0,0.0
1103,optimizer,0.0011504702270030975,3.546290099620819e-05,0.001265592873096466,0.0013010557740926743,2.2331252694129944e-05,0.0004998799413442612,0.00045279599726200104
1104,forward,0.012522062286734581,2.9692426323890686e-05,0.023359348997473717,0.023389041423797607,7.720291614532471e-05,0.0,0.0
1104,backward,0.01133047416806221,1.8579885363578796e-05,0.06997238099575043,0.069990960881114,8.521974086761475e-05,0.0,0.0
1104,optimizer,0.0011839699000120163,2.826191484928131e-05,0.0012488998472690582,0.0012771617621183395,2.5251880288124084e-05,0.0010339189320802689,0.0004586465656757355
1105,forward,0.012506235390901566,3.201141953468323e-05,0.023479320108890533,0.023511331528425217,8.972175419330597e-05,0.0,0.0
1105,backward,0.011674849316477776,2.1891668438911438e-05,0.06922626867890358,0.06924816034734249,8.57822597026825e-05,0.0,0.0
1105,optimizer,0.0012399815022945404,3.0741095542907715e-05,0.0012506507337093353,0.001281391829252243,3.273971378803253e-05,0.0004944596439599991,0.000466788187623024
1106,forward,0.012703916057944298,3.274157643318176e-05,0.023295225575566292,0.023327967151999474,7.982179522514343e-05,0.0,0.0
1106,backward,0.011301428079605103,1.5681609511375427e-05,0.06948376446962357,0.06949944607913494,8.505210280418396e-05,0.0,0.0
1106,optimizer,0.0012416113168001175,2.9552727937698364e-05,0.0012619923800230026,0.001291545107960701,2.567097544670105e-05,0.0004968177527189255,0.0004648584872484207
1107,forward,0.012438783422112465,3.0079856514930725e-05,0.02348696067929268,0.02351704053580761,8.48621129989624e-05,0.0,0.0
1107,backward,0.0113444235175848,1.7540529370307922e-05,0.06987940892577171,0.06989694945514202,8.814036846160889e-05,0.0,0.0
1107,optimizer,0.0012517031282186508,3.010779619216919e-05,0.0012606307864189148,0.001290738582611084,2.3419037461280823e-05,0.0008689668029546738,0.00046502798795700073
1108,forward,0.012589603662490845,3.316998481750488e-05,0.023359868675470352,0.023393038660287857,7.978267967700958e-05,0.0,0.0
1108,backward,0.011360745877027512,1.8211081624031067e-05,0.06981869786977768,0.06983690895140171,8.193962275981903e-05,0.0,0.0
1108,optimizer,0.0012399237602949142,3.300979733467102e-05,0.0012620389461517334,0.0012950487434864044,5.4249539971351624e-05,0.000512387603521347,0.0004527680575847626
1109,forward,0.012349769473075867,2.9530376195907593e-05,0.02671818435192108,0.02674771472811699,8.166022598743439e-05,0.0,0.0
1109,backward,0.011166660115122795,2.1707266569137573e-05,0.06944150291383266,0.0694632101804018,8.510984480381012e-05,0.0,0.0
1109,optimizer,0.0009472165256738663,3.215111792087555e-05,0.0012657921761274338,0.0012979432940483093,2.5661662220954895e-05,0.0005522705614566803,0.00046788714826107025
1110,forward,0.012333666905760765,2.9122456908226013e-05,0.023538513109087944,0.02356763556599617,7.809139788150787e-05,0.0,0.0
1110,backward,0.011532429605722427,1.8501654267311096e-05,0.06962163373827934,0.06964013539254665,8.738972246646881e-05,0.0,0.0
1110,optimizer,0.001241002231836319,3.067031502723694e-05,0.001261269673705101,0.001291939988732338,2.5412067770957947e-05,0.000888824462890625,0.0004579070955514908
1111,forward,0.012344472110271454,3.0290335416793823e-05,0.023546528071165085,0.02357681840658188,8.005276322364807e-05,0.0,0.0
1111,backward,0.01146436482667923,1.4271587133407593e-05,0.06963150389492512,0.06964577548205853,8.394010365009308e-05,0.0,0.0
1111,optimizer,0.0012449026107788086,3.252178430557251e-05,0.001255318522453308,0.0012878403067588806,2.8342008590698242e-05,0.0004935078322887421,0.0004729572683572769
1112,forward,0.012385841459035873,3.094971179962158e-05,0.02350476011633873,0.02353570982813835,8.003227412700653e-05,0.0,0.0
1112,backward,0.011348782107234001,1.5599653124809265e-05,0.06969453766942024,0.06971013732254505,8.690357208251953e-05,0.0,0.0
1112,optimizer,0.001231759786605835,3.1189993023872375e-05,0.0012657120823860168,0.0012969020754098892,2.3500993847846985e-05,0.001025468111038208,0.0004594549536705017
1113,forward,0.012581795454025269,3.0143186450004578e-05,0.023323005065321922,0.023353148251771927,8.082203567028046e-05,0.0,0.0
1113,backward,0.011572107672691345,1.7719343304634094e-05,0.06965134479105473,0.06966906413435936,8.420087397098541e-05,0.0,0.0
1113,optimizer,0.001234598457813263,3.420934081077576e-05,0.0012620631605386734,0.0012962725013494492,2.7749687433242798e-05,0.0004983004182577133,0.00045613572001457214
1114,forward,0.012318098917603493,3.0202791094779968e-05,0.023545891046524048,0.023576093837618828,8.212216198444366e-05,0.0,0.0
1114,backward,0.011364996433258057,1.6070902347564697e-05,0.06961903348565102,0.06963510438799858,7.928162813186646e-05,0.0,0.0
1114,optimizer,0.0012237504124641418,3.327988088130951e-05,0.0012645404785871506,0.00129782035946846,2.5492161512374878e-05,0.0008436832576990128,0.0004569888114929199
1115,forward,0.012632396072149277,2.9012560844421387e-05,0.023336226120591164,0.023365238681435585,8.579157292842865e-05,0.0,0.0
1115,backward,0.011700740084052086,1.5340745449066162e-05,0.06917561776936054,0.06919095851480961,8.059106767177582e-05,0.0,0.0
1115,optimizer,0.0014742985367774963,2.8429552912712097e-05,0.0012598000466823578,0.0012882295995950699,2.8079375624656677e-05,0.000490240752696991,0.00045615993440151215
1116,forward,0.012372162193059921,3.149174153804779e-05,0.023499589413404465,0.023531081154942513,8.215196430683136e-05,0.0,0.0
1116,backward,0.011459317058324814,1.4469027519226074e-05,0.06962953507900238,0.0696440041065216,8.309073746204376e-05,0.0,0.0
1116,optimizer,0.0012304913252592087,3.315135836601257e-05,0.0012597404420375824,0.001292891800403595,2.581067383289337e-05,0.0008764136582612991,0.0004539676010608673
1117,forward,0.012372730299830437,2.99699604511261e-05,0.02359500341117382,0.023624973371624947,8.133240044116974e-05,0.0,0.0
1117,backward,0.011403298005461693,1.5752390027046204e-05,0.0694276113063097,0.06944336369633675,8.331239223480225e-05,0.0,0.0
1117,optimizer,0.0012332089245319366,2.9671937227249146e-05,0.0012587327510118484,0.0012884046882390976,2.3931264877319336e-05,0.0004906468093395233,0.0004605557769536972
1118,forward,0.012873494997620583,3.236159682273865e-05,0.023143790662288666,0.023176152259111404,8.061155676841736e-05,0.0,0.0
1118,backward,0.01170681044459343,1.4599412679672241e-05,0.06920879893004894,0.06922339834272861,8.213147521018982e-05,0.0,0.0
1118,optimizer,0.001242397353053093,3.374181687831879e-05,0.0012551043182611465,0.0012888461351394653,3.452040255069733e-05,0.0004915576428174973,0.00045474618673324585
1119,forward,0.012484082952141762,3.201141953468323e-05,0.023429319262504578,0.02346133068203926,7.966160774230957e-05,0.0,0.0
1119,backward,0.011422943323850632,1.51023268699646e-05,0.06974969804286957,0.06976480036973953,8.476153016090393e-05,0.0,0.0
1119,optimizer,0.0012309905141592026,3.209151327610016e-05,0.0012603402137756348,0.001292431727051735,2.351030707359314e-05,0.0007571522146463394,0.00045360811054706573
1120,forward,0.012665243819355965,3.0120834708213806e-05,0.023215364664793015,0.02324548549950123,7.989257574081421e-05,0.0,0.0
1120,backward,0.011307267472147942,1.890026032924652e-05,0.06959815323352814,0.06961705349385738,9.033828973770142e-05,0.0,0.0
1120,optimizer,0.0012433528900146484,2.7671456336975098e-05,0.0012622792273759842,0.0012899506837129593,2.4801120162010193e-05,0.0004897788166999817,0.00045857951045036316
1121,forward,0.012358622625470161,3.121979534626007e-05,0.02357408031821251,0.02360530011355877,7.800199091434479e-05,0.0,0.0
1121,backward,0.011398252099752426,1.7892569303512573e-05,0.06937053240835667,0.06938842497766018,8.277222514152527e-05,0.0,0.0
1121,optimizer,0.0012401044368743896,3.251992166042328e-05,0.0012644603848457336,0.001296980306506157,2.308003604412079e-05,0.0005088374018669128,0.000452287495136261
1122,forward,0.012301543727517128,3.1011179089546204e-05,0.023593688383698463,0.02362469956278801,7.880106568336487e-05,0.0,0.0
1122,backward,0.011608116328716278,1.615099608898163e-05,0.06955270282924175,0.06956885382533073,8.499249815940857e-05,0.0,0.0
1122,optimizer,0.0011790599673986435,3.174133598804474e-05,0.0012692995369434357,0.0013010408729314804,2.4862587451934814e-05,0.0007826108485460281,0.00045406073331832886
1123,forward,0.012493385002017021,3.192201256752014e-05,0.024312373250722885,0.024344295263290405,7.853098213672638e-05,0.0,0.0
1123,backward,0.011632287874817848,1.8812716007232666e-05,0.06949985213577747,0.0695186648517847,8.797086775302887e-05,0.0,0.0
1123,optimizer,0.0011757705360651016,2.8738752007484436e-05,0.0012612417340278625,0.001289980486035347,2.345070242881775e-05,0.0010752975940704346,0.00045940838754177094
1124,forward,0.012602156028151512,4.504993557929993e-05,0.023368576541543007,0.023413626477122307,0.00010626204311847687,0.0,0.0
1124,backward,0.011199820786714554,1.8011778593063354e-05,0.06993337906897068,0.06995139084756374,8.595176041126251e-05,0.0,0.0
1124,optimizer,0.001229340210556984,3.04393470287323e-05,0.0012598037719726562,0.0012902431190013885,2.9860064387321472e-05,0.0005133282393217087,0.0004573073238134384
1125,forward,0.012713167816400528,3.132037818431854e-05,0.023219933733344078,0.023251254111528397,7.968209683895111e-05,0.0,0.0
1125,backward,0.011272113770246506,1.3669952750205994e-05,0.06979084759950638,0.06980451755225658,8.773244917392731e-05,0.0,0.0
1125,optimizer,0.0012282505631446838,3.337860107421875e-05,0.0012616999447345734,0.0012950785458087921,2.3951753973960876e-05,0.0008901655673980713,0.00046386756002902985
1126,forward,0.012542672455310822,3.21902334690094e-05,0.02340659871697426,0.023438788950443268,7.972307503223419e-05,0.0,0.0
1126,backward,0.011368533596396446,2.206861972808838e-05,0.06995980069041252,0.06998186931014061,8.393079042434692e-05,0.0,0.0
1126,optimizer,0.0012378506362438202,3.296881914138794e-05,0.0012671016156673431,0.001300070434808731,6.858073174953461e-05,0.000513371080160141,0.000453360378742218
1127,forward,0.01266261376440525,2.9247254133224487e-05,0.02325446717441082,0.023283714428544044,8.164159953594208e-05,0.0,0.0
1127,backward,0.011209219694137573,1.7531216144561768e-05,0.06982690840959549,0.06984443962574005,8.659064769744873e-05,0.0,0.0
1127,optimizer,0.0012234635651111603,3.357045352458954e-05,0.0012614987790584564,0.001295069232583046,2.3579224944114685e-05,0.0008541829884052277,0.0005027502775192261
1128,forward,0.012714624404907227,3.071315586566925e-05,0.023175453767180443,0.023206166923046112,8.198060095310211e-05,0.0,0.0
1128,backward,0.011182872578501701,1.6028061509132385e-05,0.06994999013841152,0.06996601819992065,8.622929453849792e-05,0.0,0.0
1128,optimizer,0.0012877099215984344,3.367103636264801e-05,0.0012443717569112778,0.0012780427932739258,2.4721026420593262e-05,0.0008741840720176697,0.00045620836317539215
1129,forward,0.012685924768447876,2.9381364583969116e-05,0.023446790874004364,0.023476172238588333,8.903257548809052e-05,0.0,0.0
1129,backward,0.011193409562110901,1.940689980983734e-05,0.06967884674668312,0.06969825364649296,8.507072925567627e-05,0.0,0.0
1129,optimizer,0.0012285709381103516,3.370828926563263e-05,0.0012622307986021042,0.0012959390878677368,2.3968517780303955e-05,0.0004842989146709442,0.0004533585160970688
1130,forward,0.012797389179468155,3.0502676963806152e-05,0.023130172863602638,0.023160675540566444,8.03135335445404e-05,0.0,0.0
1130,backward,0.01123611256480217,1.656077802181244e-05,0.06993385963141918,0.069950420409441,8.569285273551941e-05,0.0,0.0
1130,optimizer,0.001235615462064743,3.003142774105072e-05,0.001259729266166687,0.0012897606939077377,2.5682151317596436e-05,0.0005006082355976105,0.00046640820801258087
1131,forward,0.012765549123287201,2.964027225971222e-05,0.023151513189077377,0.02318115346133709,8.306838572025299e-05,0.0,0.0
1131,backward,0.011211933568120003,1.7138198018074036e-05,0.06981825828552246,0.06983539648354053,8.446164429187775e-05,0.0,0.0
1131,optimizer,0.0012202747166156769,3.3291056752204895e-05,0.0012615490704774857,0.0012948401272296906,2.3731961846351624e-05,0.005033954977989197,0.00046912766993045807
1132,forward,0.012795006856322289,4.197843372821808e-05,0.023137252777814865,0.023179231211543083,9.48924571275711e-05,0.0,0.0
1132,backward,0.011254005134105682,1.8808990716934204e-05,0.06957145407795906,0.069590263068676,8.323043584823608e-05,0.0,0.0
1132,optimizer,0.0012156032025814056,3.008916974067688e-05,0.0012649912387132645,0.0012950804084539413,2.5900080800056458e-05,0.0005533918738365173,0.000454489141702652
1133,forward,0.01245032250881195,2.9399991035461426e-05,0.023419028148055077,0.023448428139090538,8.22208821773529e-05,0.0,0.0
1133,backward,0.011188240721821785,1.7240643501281738e-05,0.06979155726730824,0.06980879791080952,8.514150977134705e-05,0.0,0.0
1133,optimizer,0.0012380201369524002,3.135949373245239e-05,0.0012612193822860718,0.0012925788760185242,2.4409964680671692e-05,0.0008582547307014465,0.0004622284322977066
1134,forward,0.012529879808425903,3.0681490898132324e-05,0.023434972390532494,0.023465653881430626,8.005090057849884e-05,0.0,0.0
1134,backward,0.011209720745682716,1.659989356994629e-05,0.06957651302218437,0.06959311291575432,8.246302604675293e-05,0.0,0.0
1134,optimizer,0.0012224484235048294,3.2471492886543274e-05,0.0012591034173965454,0.0012915749102830887,2.3066997528076172e-05,0.0004963576793670654,0.0005061682313680649
1135,forward,0.012453462928533554,2.9051676392555237e-05,0.023460259661078453,0.02348931133747101,8.123181760311127e-05,0.0,0.0
1135,backward,0.011254055425524712,1.700781285762787e-05,0.0697340052574873,0.06975101307034492,8.39531421661377e-05,0.0,0.0
1135,optimizer,0.001560823991894722,2.8289854526519775e-05,0.0012558642774820328,0.0012841541320085526,2.6660040020942688e-05,0.000812184065580368,0.00045202113687992096
1136,forward,0.012513121590018272,3.202073276042938e-05,0.023409178480505943,0.023441199213266373,7.93803483247757e-05,0.0,0.0
1136,backward,0.011232808232307434,1.8987804651260376e-05,0.06990856304764748,0.06992755085229874,8.665956556797028e-05,0.0,0.0
1136,optimizer,0.0012477729469537735,3.410130739212036e-05,0.00125805102288723,0.0012921523302793503,2.4672597646713257e-05,0.0008962657302618027,0.0004554577171802521
1137,forward,0.012410039082169533,2.9070302844047546e-05,0.02349015139043331,0.02351922169327736,8.001178503036499e-05,0.0,0.0
1137,backward,0.011188939213752747,2.0150095224380493e-05,0.07198277674615383,0.07200292684137821,0.0001034419983625412,0.0,0.0
1137,optimizer,0.0012857615947723389,3.479979932308197e-05,0.0012581031769514084,0.0012929029762744904,2.471916377544403e-05,0.0004931576550006866,0.00046361610293388367
1138,forward,0.0124465711414814,3.443285822868347e-05,0.023493340238928795,0.02352777309715748,7.683038711547852e-05,0.0,0.0
1138,backward,0.011468533426523209,1.7469748854637146e-05,0.06943881325423717,0.06945628300309181,8.431822061538696e-05,0.0,0.0
1138,optimizer,0.0012425333261489868,3.097020089626312e-05,0.001260358840227127,0.0012913290411233902,2.374127507209778e-05,0.000490676611661911,0.0004548747092485428
1139,forward,0.012709097936749458,2.9910355806350708e-05,0.023251445963978767,0.023281356319785118,0.00013325922191143036,0.0,0.0
1139,backward,0.011460216715931892,2.078898251056671e-05,0.06947518140077591,0.06949597038328648,8.215941488742828e-05,0.0,0.0
1139,optimizer,0.001226268708705902,3.141909837722778e-05,0.0012596026062965393,0.001291021704673767,2.3562461137771606e-05,0.0004975777119398117,0.0004523489624261856
1140,forward,0.01246604137122631,2.96812504529953e-05,0.02344943955540657,0.023479120805859566,8.121132850646973e-05,0.0,0.0
1140,backward,0.011338723823428154,1.7940998077392578e-05,0.06976579874753952,0.06978373974561691,8.624233305454254e-05,0.0,0.0
1140,optimizer,0.0012315884232521057,2.9860064387321472e-05,0.0012599434703588486,0.00128980353474617,2.368912100791931e-05,0.0008908864110708237,0.00045507773756980896
1141,forward,0.012533184140920639,3.17990779876709e-05,0.02341564930975437,0.023447448387742043,8.44411551952362e-05,0.0,0.0
1141,backward,0.011357054114341736,1.488998532295227e-05,0.0695150438696146,0.06952993385493755,8.707121014595032e-05,0.0,0.0
1141,optimizer,0.001223493367433548,3.425963222980499e-05,0.0014051031321287155,0.0014393627643585205,2.8971582651138306e-05,0.000490967184305191,0.0004583187401294708
1142,forward,0.012390440329909325,3.053992986679077e-05,0.023473219946026802,0.023503759875893593,8.156150579452515e-05,0.0,0.0
1142,backward,0.011143432930111885,1.4999881386756897e-05,0.06993855908513069,0.06995355896651745,8.57040286064148e-05,0.0,0.0
1142,optimizer,0.0012226719409227371,3.312341868877411e-05,0.0012586917728185654,0.0012918151915073395,2.4760141968727112e-05,0.0008354559540748596,0.00045721977949142456
1143,forward,0.012608535587787628,3.060139715671539e-05,0.023355497047305107,0.023386098444461823,8.218362927436829e-05,0.0,0.0
1143,backward,0.011258482933044434,2.0060688257217407e-05,0.06955825351178646,0.06957831420004368,8.399970829486847e-05,0.0,0.0
1143,optimizer,0.0012306887656450272,3.61613929271698e-05,0.00125892274081707,0.0012950841337442398,2.3208558559417725e-05,0.0004898682236671448,0.0004600677639245987
1144,forward,0.013311294838786125,2.9198825359344482e-05,0.022555725648999214,0.02258492447435856,8.997134864330292e-05,0.0,0.0
1144,backward,0.011568978428840637,1.5020370483398438e-05,0.0695028007030487,0.0695178210735321,8.698925375938416e-05,0.0,0.0
1144,optimizer,0.0014513637870550156,3.246217966079712e-05,0.0012465622276067734,0.0012790244072675705,2.5428831577301025e-05,0.00083138607442379,0.00048805586993694305
1145,forward,0.012374762445688248,3.055110573768616e-05,0.023532990366220474,0.02356354147195816,8.273124694824219e-05,0.0,0.0
1145,backward,0.011652207002043724,1.8281862139701843e-05,0.06929724104702473,0.06931552290916443,7.827021181583405e-05,0.0,0.0
1145,optimizer,0.0011699013411998749,3.5079196095466614e-05,0.0012634694576263428,0.0012985486537218094,2.635084092617035e-05,0.0004968680441379547,0.00045232847332954407
1146,forward,0.01248837262392044,3.0782073736190796e-05,0.023391807451844215,0.023422589525580406,7.886067032814026e-05,0.0,0.0
1146,backward,0.01128319837152958,1.652166247367859e-05,0.06970230862498283,0.06971883028745651,8.25393944978714e-05,0.0,0.0
1146,optimizer,0.0011656098067760468,2.937018871307373e-05,0.0012657120823860168,0.0012950822710990906,2.7490779757499695e-05,0.0008216239511966705,0.00045667774975299835
1147,forward,0.012379439547657967,3.0020251870155334e-05,0.023513231426477432,0.023543251678347588,7.920339703559875e-05,0.0,0.0
1147,backward,0.011476956307888031,1.733936369419098e-05,0.06970210745930672,0.06971944682300091,8.597224950790405e-05,0.0,0.0
1147,optimizer,0.0013365335762500763,2.8809532523155212e-05,0.0012537799775600433,0.0012825895100831985,2.63899564743042e-05,0.0004909876734018326,0.00044480711221694946
1148,forward,0.012677483260631561,2.9949471354484558e-05,0.023281298577785492,0.023311248049139977,7.843039929866791e-05,0.0,0.0
1148,backward,0.011691771447658539,2.2940337657928467e-05,0.06909710541367531,0.06912004575133324,7.947161793708801e-05,0.0,0.0
1148,optimizer,0.0011748317629098892,3.48016619682312e-05,0.0012595411390066147,0.0012943428009748459,2.4590641260147095e-05,0.0005444679409265518,0.00044250674545764923
1149,forward,0.01249716430902481,3.065168857574463e-05,0.023398658260703087,0.02342930994927883,8.151121437549591e-05,0.0,0.0
1149,backward,0.011482926085591316,1.6851350665092468e-05,0.06975519843399525,0.06977204978466034,8.592195808887482e-05,0.0,0.0
1149,optimizer,0.001161208376288414,3.223307430744171e-05,0.0012638717889785767,0.0012961048632860184,2.5259330868721008e-05,0.000812554731965065,0.00045691803097724915
1150,forward,0.012803366407752037,3.1171366572380066e-05,0.023107284680008888,0.02313845604658127,8.116289973258972e-05,0.0,0.0
1150,backward,0.011314483359456062,1.6439706087112427e-05,0.06956824287772179,0.0695846825838089,8.732452988624573e-05,0.0,0.0
1150,optimizer,0.0012283101677894592,3.0349940061569214e-05,0.0012626033276319504,0.0012929532676935196,2.3351982235908508e-05,0.0004894491285085678,0.00045874714851379395
1151,forward,0.01234637200832367,2.8951093554496765e-05,0.023566599935293198,0.023595551028847694,8.10530036687851e-05,0.0,0.0
1151,backward,0.011522777378559113,1.8708407878875732e-05,0.0696436669677496,0.06966237537562847,8.325092494487762e-05,0.0,0.0
1151,optimizer,0.001222178339958191,3.440864384174347e-05,0.0012613609433174133,0.0012957695871591568,2.4572014808654785e-05,0.000827305018901825,0.00045510753989219666
1152,forward,0.012620026245713234,2.9880553483963013e-05,0.02326306514441967,0.023292945697903633,7.890909910202026e-05,0.0,0.0
1152,backward,0.011209363117814064,1.8090009689331055e-05,0.06960620358586311,0.06962429359555244,8.500181138515472e-05,0.0,0.0
1152,optimizer,0.0013135727494955063,3.323890268802643e-05,0.0012519024312496185,0.001285141333937645,2.724863588809967e-05,0.000492708757519722,0.0004623178392648697
1153,forward,0.012402191758155823,3.0331313610076904e-05,0.023468168452382088,0.023498499765992165,8.256174623966217e-05,0.0,0.0
1153,backward,0.011632489040493965,1.6491860151290894e-05,0.06966877542436123,0.06968526728451252,8.617155253887177e-05,0.0,0.0
1153,optimizer,0.0013289432972669601,2.9889866709709167e-05,0.0012562405318021774,0.0012861303985118866,2.466142177581787e-05,0.0007806438952684402,0.0004556272178888321
1154,forward,0.01249651424586773,3.0059367418289185e-05,0.02340114675462246,0.02343120612204075,8.194148540496826e-05,0.0,0.0
1154,backward,0.011114779859781265,1.6899779438972473e-05,0.06990046054124832,0.0699173603206873,8.413195610046387e-05,0.0,0.0
1154,optimizer,0.001233898103237152,2.8839334845542908e-05,0.0012626219540834427,0.0012914612889289856,2.5821849703788757e-05,0.0004977583885192871,0.0004544071853160858
1155,forward,0.012433109804987907,2.972222864627838e-05,0.023494791239500046,0.023524513468146324,8.140876889228821e-05,0.0,0.0
1155,backward,0.011089958250522614,1.7190352082252502e-05,0.06987694837152958,0.06989413872361183,8.373148739337921e-05,0.0,0.0
1155,optimizer,0.0012284088879823685,3.428943455219269e-05,0.0012636519968509674,0.00129794143140316,2.4029985070228577e-05,0.0004858076572418213,0.0004557184875011444
1156,forward,0.012575393542647362,3.048032522201538e-05,0.028210489079356194,0.02824096940457821,0.00010200217366218567,0.0,0.0
1156,backward,0.01123100146651268,2.023950219154358e-05,0.06976555846631527,0.06978579796850681,8.60113650560379e-05,0.0,0.0
1156,optimizer,0.0012129396200180054,3.209151327610016e-05,0.00125955231487751,0.0012916438281536102,2.2999942302703857e-05,0.0004966184496879578,0.00045610591769218445
1157,forward,0.012573692947626114,3.0741095542907715e-05,0.023331958800554276,0.023362699896097183,8.119083940982819e-05,0.0,0.0
1157,backward,0.011241300031542778,1.770816743373871e-05,0.0700420644134283,0.07005977258086205,8.250027894973755e-05,0.0,0.0
1157,optimizer,0.0013284757733345032,2.8891488909721375e-05,0.0012559294700622559,0.0012848209589719772,2.506934106349945e-05,0.0008915457874536514,0.00045694783329963684
1158,forward,0.012403327971696854,2.9938295483589172e-05,0.023518580943346024,0.023548519238829613,8.218362927436829e-05,0.0,0.0
1158,backward,0.011152544990181923,1.878291368484497e-05,0.06965763866901398,0.06967642158269882,8.033961057662964e-05,0.0,0.0
1158,optimizer,0.001227639615535736,3.161095082759857e-05,0.0012681614607572556,0.0012997724115848541,2.5991350412368774e-05,0.0004997085779905319,0.00046834908425807953
1159,forward,0.01283050887286663,2.958066761493683e-05,0.023122623562812805,0.023152204230427742,7.973983883857727e-05,0.0,0.0
1159,backward,0.011335184797644615,1.9019469618797302e-05,0.06987581960856915,0.06989483907818794,8.40313732624054e-05,0.0,0.0
1159,optimizer,0.0012283995747566223,3.1130388379096985e-05,0.0012648329138755798,0.0012959633022546768,2.5060027837753296e-05,0.0007736124098300934,0.00045790895819664
1160,forward,0.01283278688788414,3.3620744943618774e-05,0.02314339391887188,0.0231770146638155,7.918290793895721e-05,0.0,0.0
1160,backward,0.011220822110772133,1.6240403056144714e-05,0.06973595730960369,0.06975219771265984,8.746236562728882e-05,0.0,0.0
1160,optimizer,0.0012303590774536133,2.9627233743667603e-05,0.0012591425329446793,0.0012887697666883469,2.7369707822799683e-05,0.00048477761447429657,0.00045682862401008606
1161,forward,0.012543553486466408,2.9519200325012207e-05,0.023347940295934677,0.02337745949625969,7.924996316432953e-05,0.0,0.0
1161,backward,0.011224716901779175,2.0928680896759033e-05,0.06986897066235542,0.06988989934325218,8.203089237213135e-05,0.0,0.0
1161,optimizer,0.0013604331761598587,3.268197178840637e-05,0.0012525320053100586,0.001285213977098465,2.987310290336609e-05,0.0010178480297327042,0.00045732781291007996
1162,forward,0.012527182698249817,3.005005419254303e-05,0.02338038943707943,0.023410439491271973,8.307024836540222e-05,0.0,0.0
1162,backward,0.011271322146058083,1.7220154404640198e-05,0.06955080479383469,0.06956802494823933,8.89897346496582e-05,0.0,0.0
1162,optimizer,0.0012283902615308762,3.330223262310028e-05,0.001261310651898384,0.0012946128845214844,2.4549663066864014e-05,0.0004862286150455475,0.0004602968692779541
1163,forward,0.012474849820137024,3.083236515522003e-05,0.02340376004576683,0.02343459241092205,8.178874850273132e-05,0.0,0.0
1163,backward,0.011379841715097427,1.6100704669952393e-05,0.06997593119740486,0.06999203190207481,8.523091673851013e-05,0.0,0.0
1163,optimizer,0.0012633726000785828,2.7008354663848877e-05,0.001261422410607338,0.0012884307652711868,2.6579946279525757e-05,0.0008556339889764786,0.0004620961844921112
1164,forward,0.012447172775864601,2.9319897294044495e-05,0.02350318804383278,0.023532507941126823,8.239969611167908e-05,0.0,0.0
1164,backward,0.011261789128184319,1.8341466784477234e-05,0.06968935765326023,0.06970769912004471,8.68719071149826e-05,0.0,0.0
1164,optimizer,0.001164821907877922,2.866983413696289e-05,0.0012639109045267105,0.0012925807386636734,2.5600194931030273e-05,0.0005034413188695908,0.00046213530004024506
1165,forward,0.012526242062449455,2.8932467103004456e-05,0.023406697437167168,0.023435629904270172,7.905066013336182e-05,0.0,0.0
1165,backward,0.011557525023818016,1.6780570149421692e-05,0.06962740793824196,0.06964418850839138,8.66129994392395e-05,0.0,0.0
1165,optimizer,0.0011667273938655853,3.1031668186187744e-05,0.001262502744793892,0.0012935344129800797,2.277269959449768e-05,0.0008043218404054642,0.0004614870995283127
1166,forward,0.012631427496671677,2.8450042009353638e-05,0.023285064846277237,0.02331351488828659,8.470192551612854e-05,0.0,0.0
1166,backward,0.011529717594385147,1.5169382095336914e-05,0.06938361935317516,0.0693987887352705,8.57040286064148e-05,0.0,0.0
1166,optimizer,0.0011686403304338455,2.7921050786972046e-05,0.0012569427490234375,0.0012848637998104095,2.7060508728027344e-05,0.0004994496703147888,0.00046090036630630493
1167,forward,0.012463770806789398,3.1150877475738525e-05,0.023412849754095078,0.023444000631570816,8.192472159862518e-05,0.0,0.0
1167,backward,0.011296611279249191,1.6666948795318604e-05,0.06960013508796692,0.06961680203676224,8.46516340970993e-05,0.0,0.0
1167,optimizer,0.00095367431640625,3.366917371749878e-05,0.001262381672859192,0.0012960508465766907,2.3210421204566956e-05,0.00048310868442058563,0.0004572086036205292
1168,forward,0.012499602511525154,2.802908420562744e-05,0.02337270975112915,0.023400738835334778,8.091330528259277e-05,0.0,0.0
1168,backward,0.011165520176291466,1.811981201171875e-05,0.0698796883225441,0.06989780813455582,8.375197649002075e-05,0.0,0.0
1168,optimizer,0.0011582281440496445,2.9608607292175293e-05,0.0012615323066711426,0.0012911409139633179,2.380087971687317e-05,0.0009092558175325394,0.0004985388368368149
1169,forward,0.012391522526741028,3.571994602680206e-05,0.023543039336800575,0.023578759282827377,9.407289326190948e-05,0.0,0.0
1169,backward,0.011190660297870636,2.0990148186683655e-05,0.06960923597216606,0.06963022612035275,8.619949221611023e-05,0.0,0.0
1169,optimizer,0.001156289130449295,3.262236714363098e-05,0.0012651607394218445,0.0012977831065654755,2.5520101189613342e-05,0.0005560088902711868,0.0004651471972465515
1170,forward,0.01274077594280243,2.9260292649269104e-05,0.02315954491496086,0.02318880520761013,8.057244122028351e-05,0.0,0.0
1170,backward,0.011235931888222694,1.6780570149421692e-05,0.06984314136207104,0.06985992193222046,9.38214361667633e-05,0.0,0.0
1170,optimizer,0.001156087964773178,3.262236714363098e-05,0.001259833574295044,0.001292455941438675,2.440623939037323e-05,0.0008822157979011536,0.0004898980259895325
1171,forward,0.012639956548810005,3.09087336063385e-05,0.023312196135520935,0.023343104869127274,8.42418521642685e-05,0.0,0.0
1171,backward,0.01154627650976181,1.6732141375541687e-05,0.06930530071258545,0.06932203285396099,8.863210678100586e-05,0.0,0.0
1171,optimizer,0.001171128824353218,2.976134419441223e-05,0.0012594833970069885,0.0012892447412014008,2.4009495973587036e-05,0.0004905611276626587,0.0004759877920150757
1172,forward,0.012609824538230896,2.981908619403839e-05,0.023261766880750656,0.023291585966944695,8.188188076019287e-05,0.0,0.0
1172,backward,0.011418873444199562,1.8319115042686462e-05,0.06983490847051144,0.06985322758555412,8.900091052055359e-05,0.0,0.0
1172,optimizer,0.001161370426416397,3.200024366378784e-05,0.0012616533786058426,0.0012936536222696304,2.2567808628082275e-05,0.0010787378996610641,0.0004623048007488251
1173,forward,0.012382270768284798,2.9571354389190674e-05,0.023523621261119843,0.023553192615509033,8.215196430683136e-05,0.0,0.0
1173,backward,0.011470284312963486,1.895986497402191e-05,0.06933053024113178,0.0693494901061058,8.585304021835327e-05,0.0,0.0
1173,optimizer,0.0012302026152610779,3.089196979999542e-05,0.0012605097144842148,0.0012914016842842102,2.470053732395172e-05,0.0004930980503559113,0.0004846882075071335
1174,forward,0.012522045522928238,2.8738752007484436e-05,0.023403536528348923,0.023432275280356407,8.570030331611633e-05,0.0,0.0
1174,backward,0.011229999363422394,1.631304621696472e-05,0.07005096413195133,0.0700672771781683,8.763186633586884e-05,0.0,0.0
1174,optimizer,0.001238519325852394,3.153271973133087e-05,0.0012559127062559128,0.0012874454259872437,2.4452805519104004e-05,0.0009078159928321838,0.0004587490111589432
1175,forward,0.012398479506373405,3.058090806007385e-05,0.023522960022091866,0.02355354093015194,8.337944746017456e-05,0.0,0.0
1175,backward,0.011205382645130157,1.3438984751701355e-05,0.0696181133389473,0.069631552323699,8.689239621162415e-05,0.0,0.0
1175,optimizer,0.0012191683053970337,3.0430033802986145e-05,0.0012583527714014053,0.0012887828052043915,2.5019049644470215e-05,0.0004990492016077042,0.00047898851335048676
1176,forward,0.012359118089079857,2.9161572456359863e-05,0.023517422378063202,0.023546583950519562,8.257292211055756e-05,0.0,0.0
1176,backward,0.011262871325016022,1.7980113625526428e-05,0.06998873129487038,0.0700067114084959,8.435174822807312e-05,0.0,0.0
1176,optimizer,0.0011670012027025223,3.040023148059845e-05,0.010896813124418259,0.010927213355898857,4.211999475955963e-05,0.0005073565989732742,0.0004766564816236496
1177,forward,0.012343758717179298,3.097951412200928e-05,0.023520831018686295,0.023551810532808304,8.331052958965302e-05,0.0,0.0
1177,backward,0.011545389890670776,1.7309561371803284e-05,0.06951440311968327,0.06953171268105507,8.353032171726227e-05,0.0,0.0
1177,optimizer,0.001156950369477272,3.0932947993278503e-05,0.0012606121599674225,0.001291545107960701,2.7192756533622742e-05,0.004499346017837524,0.0004601292312145233
1178,forward,0.012704867869615555,3.007054328918457e-05,0.023233093321323395,0.02326316386461258,8.242018520832062e-05,0.0,0.0
1178,backward,0.011219650506973267,1.765042543411255e-05,0.06970228627324104,0.06971993669867516,8.55717808008194e-05,0.0,0.0
1178,optimizer,0.0011559166014194489,3.5181641578674316e-05,0.001262802630662918,0.0012979842722415924,2.4031847715377808e-05,0.0004967749118804932,0.000452408567070961
1179,forward,0.01265934482216835,2.9711052775382996e-05,0.023256246000528336,0.02328595705330372,7.704086601734161e-05,0.0,0.0
1179,backward,0.01160522736608982,1.926906406879425e-05,0.06961500458419323,0.06963427364826202,8.176080882549286e-05,0.0,0.0
1179,optimizer,0.0012387912720441818,3.380328416824341e-05,0.0012626908719539642,0.0012964941561222076,2.6689842343330383e-05,0.0007914416491985321,0.00045665912330150604
1180,forward,0.012479905039072037,2.9420480132102966e-05,0.02345537766814232,0.02348479814827442,7.845275104045868e-05,0.0,0.0
1180,backward,0.01122097298502922,1.8728896975517273e-05,0.0695339236408472,0.06955265253782272,8.634105324745178e-05,0.0,0.0
1180,optimizer,0.0013203620910644531,3.082863986492157e-05,0.001255132257938385,0.0012859608978033066,2.5939196348190308e-05,0.000489547848701477,0.0004528667777776718
1181,forward,0.012759044766426086,2.816133201122284e-05,0.023172935470938683,0.023201096802949905,8.128955960273743e-05,0.0,0.0
1181,backward,0.011325431987643242,1.5739351511001587e-05,0.06974401697516441,0.06975975632667542,8.387304842472076e-05,0.0,0.0
1181,optimizer,0.0011726804077625275,2.7921050786972046e-05,0.0012584328651428223,0.0012863539159297943,2.6520341634750366e-05,0.0008766334503889084,0.0004607066512107849
1182,forward,0.01252441480755806,3.0329450964927673e-05,0.02341073751449585,0.023441066965460777,8.09989869594574e-05,0.0,0.0
1182,backward,0.011336244642734528,1.9069761037826538e-05,0.06989315897226334,0.06991222873330116,8.146464824676514e-05,0.0,0.0
1182,optimizer,0.0012356303632259369,3.527291119098663e-05,0.001260261982679367,0.0012955348938703537,2.2763386368751526e-05,0.000876815989613533,0.00046699680387973785
1183,forward,0.012552004307508469,2.9299408197402954e-05,0.023386698216199875,0.023415997624397278,7.789209485054016e-05,0.0,0.0
1183,backward,0.011337967589497566,1.7240643501281738e-05,0.06949678063392639,0.06951402127742767,8.368119597434998e-05,0.0,0.0
1183,optimizer,0.0011662300676107407,3.0472874641418457e-05,0.001260761171579361,0.0012912340462207794,2.3912638425827026e-05,0.0005492977797985077,0.0004539079964160919
1184,forward,0.012492313981056213,2.995133399963379e-05,0.023414859548211098,0.02344481088221073,8.053146302700043e-05,0.0,0.0
1184,backward,0.011185558512806892,1.6849488019943237e-05,0.06971744820475578,0.06973429769277573,8.529052138328552e-05,0.0,0.0
1184,optimizer,0.0012588724493980408,3.378279507160187e-05,0.001256721094250679,0.0012905038893222809,2.5432556867599487e-05,0.000499410554766655,0.0004536285996437073
1185,forward,0.012377670034766197,2.855062484741211e-05,0.023534061387181282,0.023562612012028694,9.727291762828827e-05,0.0,0.0
1185,backward,0.011375091969966888,1.892074942588806e-05,0.06940264254808426,0.06942156329751015,8.384138345718384e-05,0.0,0.0
1185,optimizer,0.0012399908155202866,3.276020288467407e-05,0.0012645889073610306,0.0012973491102457047,2.3582950234413147e-05,0.000491088256239891,0.0004704482853412628
1186,forward,0.012513212859630585,3.159046173095703e-05,0.02342119999229908,0.023452790454030037,7.642246782779694e-05,0.0,0.0
1186,backward,0.01158875972032547,1.5581026673316956e-05,0.06956885196268559,0.0695844329893589,8.087977766990662e-05,0.0,0.0
1186,optimizer,0.0011564288288354874,3.528967499732971e-05,0.0012591611593961716,0.0012944508343935013,2.387911081314087e-05,0.0005325302481651306,0.0006109587848186493
1187,forward,0.012661416083574295,2.9360875487327576e-05,0.02325783483684063,0.023287195712327957,8.0132856965065e-05,0.0,0.0
1187,backward,0.011198852211236954,1.6530975699424744e-05,0.06961425393819809,0.06963078491389751,8.244067430496216e-05,0.0,0.0
1187,optimizer,0.0011676568537950516,3.3350661396980286e-05,0.0012686718255281448,0.0013020224869251251,2.559088170528412e-05,0.0005007199943065643,0.00045478157699108124
1188,forward,0.012661606073379517,2.9491260647773743e-05,0.02326531521975994,0.023294806480407715,7.903203368186951e-05,0.0,0.0
1188,backward,0.011261839419603348,2.2372230887413025e-05,0.07000535167753696,0.07002772390842438,8.106231689453125e-05,0.0,0.0
1188,optimizer,0.0011618603020906448,3.6792829632759094e-05,0.0012573618441820145,0.0012941546738147736,2.5408342480659485e-05,0.0009187329560518265,0.0004525277763605118
1189,forward,0.01254209317266941,3.0700117349624634e-05,0.023356806486845016,0.02338750660419464,8.034147322177887e-05,0.0,0.0
1189,backward,0.011452604085206985,1.7328187823295593e-05,0.06942271254956722,0.06944004073739052,8.878856897354126e-05,0.0,0.0
1189,optimizer,0.0011578872799873352,3.097020089626312e-05,0.0012630335986614227,0.0012940037995576859,2.431124448776245e-05,0.0004875697195529938,0.00045626796782016754
1190,forward,0.012928487733006477,3.222934901714325e-05,0.023054633289575577,0.02308686263859272,7.756054401397705e-05,0.0,0.0
1190,backward,0.011570487171411514,1.802109181880951e-05,0.06922226957976818,0.06924029067158699,8.495151996612549e-05,0.0,0.0
1190,optimizer,0.001159951090812683,3.312155604362488e-05,0.0012574493885040283,0.0012905709445476532,2.3439526557922363e-05,0.0004928112030029297,0.0004551652818918228
1191,forward,0.01255028322339058,3.045983612537384e-05,0.02351859025657177,0.023549050092697144,8.157268166542053e-05,0.0,0.0
1191,backward,0.011436376720666885,1.9701197743415833e-05,0.0698402002453804,0.06985990144312382,8.278153836727142e-05,0.0,0.0
1191,optimizer,0.0011691190302371979,3.298930823802948e-05,0.0012584030628204346,0.001291392371058464,2.46390700340271e-05,0.0008001234382390976,0.000458788126707077
1192,forward,0.014411147683858871,4.749000072479248e-05,0.022167814895510674,0.022215304896235466,9.952113032341003e-05,0.0,0.0
1192,backward,0.011450197547674179,1.6808509826660156e-05,0.06940359063446522,0.06942039914429188,8.359178900718689e-05,0.0,0.0
1192,optimizer,0.0012498535215854645,3.199279308319092e-05,0.0012137703597545624,0.0012457631528377533,2.9599294066429138e-05,0.0005099978297948837,0.00047764740884304047
1193,forward,0.01257314346730709,3.602169454097748e-05,0.023343557491898537,0.023379579186439514,8.014217019081116e-05,0.0,0.0
1193,backward,0.011323340237140656,1.609884202480316e-05,0.06997827254235744,0.06999437138438225,8.773058652877808e-05,0.0,0.0
1193,optimizer,0.0012310128659009933,3.558211028575897e-05,0.0012654196470975876,0.0013010017573833466,2.3359432816505432e-05,0.0009707249701023102,0.0004579387605190277
1194,forward,0.012510450556874275,2.8539448976516724e-05,0.02345110848546028,0.023479647934436798,8.147209882736206e-05,0.0,0.0
1194,backward,0.011209191754460335,1.8250197172164917e-05,0.06961227394640446,0.06963052414357662,8.456967771053314e-05,0.0,0.0
1194,optimizer,0.0011647921055555344,3.408081829547882e-05,0.0012616012245416641,0.001295682042837143,2.3229047656059265e-05,0.0004915595054626465,0.0004518181085586548
1195,forward,0.012328673154115677,2.9560178518295288e-05,0.023548180237412453,0.023577740415930748,7.978267967700958e-05,0.0,0.0
1195,backward,0.011220762506127357,1.8246471881866455e-05,0.06972524709999561,0.06974349357187748,8.586980402469635e-05,0.0,0.0
1195,optimizer,0.001274222508072853,2.9278919100761414e-05,0.001241590827703476,0.0012708697468042374,2.3931264877319336e-05,0.0004946980625391006,0.00046546943485736847
1196,forward,0.01241770014166832,2.6380643248558044e-05,0.023493299260735512,0.02351967990398407,8.417293429374695e-05,0.0,0.0
1196,backward,0.011408843100070953,1.7859041690826416e-05,0.06985734030604362,0.06987519934773445,8.508190512657166e-05,0.0,0.0
1196,optimizer,0.0012309122830629349,3.170035779476166e-05,0.001262512058019638,0.0012942124158143997,2.237968146800995e-05,0.0010622180998325348,0.0004657972604036331
1197,forward,0.01255776546895504,3.083236515522003e-05,0.023352885618805885,0.023383717983961105,8.382275700569153e-05,0.0,0.0
1197,backward,0.011218832805752754,1.602061092853546e-05,0.06958048418164253,0.06959650479257107,8.806958794593811e-05,0.0,0.0
1197,optimizer,0.001163538545370102,3.1091272830963135e-05,0.001263391226530075,0.0012944824993610382,2.335384488105774e-05,0.0007517244666814804,0.0005442984402179718
1198,forward,0.01232399046421051,2.927333116531372e-05,0.023559851571917534,0.023589124903082848,7.866881787776947e-05,0.0,0.0
1198,backward,0.011577118188142776,1.710839569568634e-05,0.06955248489975929,0.06956959329545498,8.81832093000412e-05,0.0,0.0
1198,optimizer,0.0011627878993749619,3.0007213354110718e-05,0.0012619514018297195,0.0012919586151838303,2.5492161512374878e-05,0.0008858237415552139,0.0004595089703798294
1199,forward,0.012399261817336082,3.01506370306015e-05,0.023556720465421677,0.023586871102452278,8.041039109230042e-05,0.0,0.0
1199,backward,0.011566683650016785,1.905113458633423e-05,0.06923630088567734,0.06925535202026367,9.097158908843994e-05,0.0,0.0
1199,optimizer,0.0012499522417783737,3.1152740120887756e-05,0.0012613516300916672,0.001292504370212555,2.5760382413864136e-05,0.00048276782035827637,0.00046830810606479645
1200,forward,0.012330509722232819,2.8289854526519775e-05,0.023585952818393707,0.023614242672920227,7.9398974776268e-05,0.0,0.0
1200,backward,0.011190786957740784,1.4880672097206116e-05,0.06990513205528259,0.0699200127273798,8.589215576648712e-05,0.0,0.0
1200,optimizer,0.0012414585798978806,3.140978515148163e-05,0.0012625735253095627,0.0012939833104610443,2.2992491722106934e-05,0.006987379863858223,0.00046434812247753143
1201,forward,0.012370668351650238,3.208965063095093e-05,0.023544682189822197,0.023576771840453148,8.050166070461273e-05,0.0,0.0
1201,backward,0.011418944224715233,1.4821067452430725e-05,0.06967251561582088,0.06968733668327332,8.532218635082245e-05,0.0,0.0
1201,optimizer,0.0012539494782686234,2.999231219291687e-05,0.0012581124901771545,0.0012881048023700714,2.6129186153411865e-05,0.0008844155818223953,0.00045316852629184723
1202,forward,0.012570282444357872,2.8522685170173645e-05,0.023353228345513344,0.023381751030683517,8.003227412700653e-05,0.0,0.0
1202,backward,0.011579006910324097,1.7719343304634094e-05,0.06938832253217697,0.0694060418754816,8.581951260566711e-05,0.0,0.0
1202,optimizer,0.0012619402259588242,3.24007123708725e-05,0.0012580212205648422,0.0012904219329357147,2.4242326617240906e-05,0.0004901178181171417,0.00045321881771087646
1203,forward,0.012663699686527252,3.0452385544776917e-05,0.023252494633197784,0.02328294701874256,7.66906887292862e-05,0.0,0.0
1203,backward,0.011638278141617775,1.8611550331115723e-05,0.06966280564665794,0.06968141719698906,8.322298526763916e-05,0.0,0.0
1203,optimizer,0.0012545734643936157,3.4088268876075745e-05,0.0012628696858882904,0.0012969579547643661,2.5561079382896423e-05,0.0007905829697847366,0.0004555359482765198
1204,forward,0.012467838823795319,3.0953437089920044e-05,0.023453300818800926,0.023484254255890846,8.13119113445282e-05,0.0,0.0
1204,backward,0.011534294113516808,1.7780810594558716e-05,0.06929678097367287,0.06931456178426743,8.338131010532379e-05,0.0,0.0
1204,optimizer,0.0012306924909353256,3.2572075724601746e-05,0.0012543704360723495,0.0012869425117969513,2.555176615715027e-05,0.0004900991916656494,0.00045472756028175354
1205,forward,0.012432059273123741,3.159046173095703e-05,0.023488642647862434,0.02352023310959339,7.818080484867096e-05,0.0,0.0
1205,backward,0.01151680201292038,1.4210119843482971e-05,0.06949162483215332,0.0695058349519968,8.40015709400177e-05,0.0,0.0
1205,optimizer,0.0012351013720035553,3.184005618095398e-05,0.0012656040489673615,0.0012974441051483154,2.7552247047424316e-05,0.0004958286881446838,0.0004544295370578766
1206,forward,0.012464459985494614,2.974085509777069e-05,0.023453660309314728,0.0234834011644125,8.055940270423889e-05,0.0,0.0
1206,backward,0.011391863226890564,1.8250197172164917e-05,0.06987318024039268,0.06989143043756485,8.863210678100586e-05,0.0,0.0
1206,optimizer,0.0012480802834033966,2.7000904083251953e-05,0.0012621823698282242,0.0012891832739114761,2.538040280342102e-05,0.0008892063051462173,0.00045794062316417694
1207,forward,0.012438531965017319,2.8699636459350586e-05,0.023489180952310562,0.023517880588769913,8.40015709400177e-05,0.0,0.0
1207,backward,0.011555440723896027,1.4958903193473816e-05,0.0692214872688055,0.06923644617199898,8.390098810195923e-05,0.0,0.0
1207,optimizer,0.0012290999293327332,2.972036600112915e-05,0.001268012449145317,0.0012977328151464462,2.712942659854889e-05,0.0004884283989667892,0.0004619080573320389
1208,forward,0.012352393940091133,3.1149014830589294e-05,0.023536307737231255,0.023567456752061844,8.216500282287598e-05,0.0,0.0
1208,backward,0.011540019884705544,1.5212222933769226e-05,0.06963552348315716,0.06965073570609093,8.366070687770844e-05,0.0,0.0
1208,optimizer,0.0012456197291612625,3.0290335416793823e-05,0.0012539122253656387,0.0012842025607824326,2.8353184461593628e-05,0.00048396922647953033,0.0004611089825630188
1209,forward,0.012353001162409782,2.9210001230239868e-05,0.023541372269392014,0.023570582270622253,8.025206625461578e-05,0.0,0.0
1209,backward,0.011545948684215546,1.7562881112098694e-05,0.06949141062796116,0.06950897350907326,8.543208241462708e-05,0.0,0.0
1209,optimizer,0.0012313015758991241,3.1011179089546204e-05,0.0012496300041675568,0.001280641183257103,2.4499371647834778e-05,0.0009438637644052505,0.00046454742550849915
1210,forward,0.012372864410281181,2.8800219297409058e-05,0.02350933849811554,0.02353813871741295,8.041039109230042e-05,0.0,0.0
1210,backward,0.011248521506786346,1.6512349247932434e-05,0.0698950719088316,0.06991158425807953,8.853338658809662e-05,0.0,0.0
1210,optimizer,0.0012462623417377472,3.064051270484924e-05,0.001258930191397667,0.0012895707041025162,2.5190412998199463e-05,0.0010363571345806122,0.00046405568718910217
1211,forward,0.012407129630446434,3.2650306820869446e-05,0.02348046936094761,0.02351311966776848,7.935985922813416e-05,0.0,0.0
1211,backward,0.011460185050964355,1.7251819372177124e-05,0.06946173124015331,0.06947898305952549,8.554011583328247e-05,0.0,0.0
1211,optimizer,0.0012321099638938904,2.9688701033592224e-05,0.001260092481970787,0.0012897811830043793,2.5140121579170227e-05,0.0004872884601354599,0.0004631485790014267
1212,forward,0.012480391189455986,3.0662864446640015e-05,0.023382460698485374,0.023413123562932014,8.210539817810059e-05,0.0,0.0
1212,backward,0.011546986177563667,1.4919787645339966e-05,0.0697417389601469,0.06975665874779224,8.526258170604706e-05,0.0,0.0
1212,optimizer,0.0012319795787334442,2.911314368247986e-05,0.0012576114386320114,0.0012867245823144913,2.580694854259491e-05,0.0007942356169223785,0.0003533754497766495
1213,forward,0.012314409017562866,2.9690563678741455e-05,0.023576490581035614,0.023606181144714355,8.32434743642807e-05,0.0,0.0
1213,backward,0.011406384408473969,1.7581507563591003e-05,0.06938253156840801,0.0694001130759716,8.295290172100067e-05,0.0,0.0
1213,optimizer,0.0012605972588062286,3.0299648642539978e-05,0.0012570042163133621,0.001287303864955902,2.4331733584403992e-05,0.0004983581602573395,0.00043886713683605194
1214,forward,0.01240997202694416,3.094039857387543e-05,0.02353690192103386,0.023567842319607735,8.190050721168518e-05,0.0,0.0
1214,backward,0.040974995121359825,1.5307217836380005e-05,0.03980500064790249,0.03982030786573887,8.470006287097931e-05,0.0,0.0
1214,optimizer,0.0011988524347543716,2.0580366253852844e-05,0.001266680657863617,0.0012872610241174698,2.4121254682540894e-05,0.0004925373941659927,0.00045483745634555817
1215,forward,0.012376919388771057,3.02828848361969e-05,0.023548392578959465,0.023578675463795662,8.037127554416656e-05,0.0,0.0
1215,backward,0.011607905849814415,1.7240643501281738e-05,0.06971115805208683,0.06972839869558811,8.612312376499176e-05,0.0,0.0
1215,optimizer,0.0012289006263017654,3.208033740520477e-05,0.0012676715850830078,0.0012997519224882126,2.3113563656806946e-05,0.0010028760880231857,0.0004854593425989151
1216,forward,0.01245422288775444,3.160163760185242e-05,0.02345745824277401,0.023489059880375862,7.740408182144165e-05,0.0,0.0
1216,backward,0.011606425046920776,1.7022714018821716e-05,0.06939530372619629,0.06941232644021511,8.43927264213562e-05,0.0,0.0
1216,optimizer,0.0012220107018947601,3.2359734177589417e-05,0.00125972181558609,0.0012920815497636795,2.38809734582901e-05,0.00048720650374889374,0.0004548579454421997
1217,forward,0.012574883177876472,2.7159228920936584e-05,0.023329520598053932,0.02335667982697487,8.184276521205902e-05,0.0,0.0
1217,backward,0.01152004674077034,1.5480443835258484e-05,0.0696907639503479,0.06970624439418316,8.444301784038544e-05,0.0,0.0
1217,optimizer,0.0014040041714906693,3.1732022762298584e-05,0.0012634005397558212,0.0012951325625181198,2.378039062023163e-05,0.0008760765194892883,0.0004577580839395523
1218,forward,0.01262163370847702,2.981908619403839e-05,0.023335067555308342,0.02336488664150238,8.463114500045776e-05,0.0,0.0
1218,backward,0.011574773117899895,1.4388933777809143e-05,0.06929471157491207,0.06930910050868988,8.396990597248077e-05,0.0,0.0
1218,optimizer,0.0012300796806812286,3.205239772796631e-05,0.001264931634068489,0.0012969840317964554,2.5570392608642578e-05,0.0004922281950712204,0.00045314617455005646
1219,forward,0.012433432042598724,3.191269934177399e-05,0.023479288443922997,0.02351120114326477,7.876195013523102e-05,0.0,0.0
1219,backward,0.011265840381383896,1.5301629900932312e-05,0.06998933106660843,0.07000463269650936,8.200109004974365e-05,0.0,0.0
1219,optimizer,0.0012622736394405365,2.8859823942184448e-05,0.0012594815343618393,0.0012883413583040237,2.5408342480659485e-05,0.001506805419921875,0.00045570917427539825
1220,forward,0.012443453073501587,2.9869377613067627e-05,0.023465819656848907,0.023495689034461975,8.006952702999115e-05,0.0,0.0
1220,backward,0.011225920170545578,2.415105700492859e-05,0.06958549469709396,0.06960964575409889,8.540228009223938e-05,0.0,0.0
1220,optimizer,0.0012518204748630524,3.24007123708725e-05,0.001254592090845108,0.0012869928032159805,2.7200207114219666e-05,0.0006348025053739548,0.000453215092420578
1221,forward,0.012833578512072563,2.755969762802124e-05,0.023072561249136925,0.023100120946764946,7.667206227779388e-05,0.0,0.0
1221,backward,0.011232692748308182,1.9378960132598877e-05,0.07002816163003445,0.07004754059016705,8.497200906276703e-05,0.0,0.0
1221,optimizer,0.0013140998780727386,2.9832124710083008e-05,0.0012644026428461075,0.0012942347675561905,2.5272369384765625e-05,0.000796683132648468,0.0004561878740787506
1222,forward,0.012475894764065742,3.1361356377601624e-05,0.023446718230843544,0.023478079587221146,8.329935371875763e-05,0.0,0.0
1222,backward,0.011278163641691208,1.8792226910591125e-05,0.06955307349562645,0.06957186572253704,8.68234783411026e-05,0.0,0.0
1222,optimizer,0.0013091210275888443,3.186054527759552e-05,0.0012606512755155563,0.0012925118207931519,2.4631619453430176e-05,0.0004872996360063553,0.0004553571343421936
1223,forward,0.012518033385276794,3.045983612537384e-05,0.023364057764410973,0.023394517600536346,7.429160177707672e-05,0.0,0.0
1223,backward,0.011261122301220894,1.9680708646774292e-05,0.06989954970777035,0.06991923041641712,8.474290370941162e-05,0.0,0.0
1223,optimizer,0.0013348143547773361,3.092922270298004e-05,0.0012689922004938126,0.0012999214231967926,2.8060749173164368e-05,0.0004963073879480362,0.00045593827962875366
1224,forward,0.012808987870812416,3.057904541492462e-05,0.02309691160917282,0.023127490654587746,7.884390652179718e-05,0.0,0.0
1224,backward,0.011256974190473557,1.802295446395874e-05,0.06983913853764534,0.0698571614921093,8.269958198070526e-05,0.0,0.0
1224,optimizer,0.0011923164129257202,3.52226197719574e-05,0.0012602731585502625,0.0012954957783222198,2.8092414140701294e-05,0.0008983034640550613,0.00045498088002204895
1225,forward,0.01246982254087925,2.8731301426887512e-05,0.02344413846731186,0.023472869768738747,8.117221295833588e-05,0.0,0.0
1225,backward,0.011196982115507126,1.7270445823669434e-05,0.06994105875492096,0.06995832920074463,8.399225771427155e-05,0.0,0.0
1225,optimizer,0.0009964555501937866,3.679096698760986e-05,0.0012569520622491837,0.0012937430292367935,2.828054130077362e-05,0.0004943180829286575,0.00045882537961006165
1226,forward,0.012397591024637222,3.0839815735816956e-05,0.023476697504520416,0.023507537320256233,8.35321843624115e-05,0.0,0.0
1226,backward,0.011344412341713905,1.6499310731887817e-05,0.06972459703683853,0.06974109634757042,9.159184992313385e-05,0.0,0.0
1226,optimizer,0.0012317001819610596,2.9612332582473755e-05,0.0012562200427055359,0.0012858323752880096,2.3640692234039307e-05,0.0010357145220041275,0.0004693884402513504
1227,forward,0.012404289096593857,2.8623268008232117e-05,0.02354005165398121,0.02356867492198944,8.6221843957901e-05,0.0,0.0
1227,backward,0.01113346591591835,1.7490237951278687e-05,0.06971253827214241,0.06973002851009369,8.51023942232132e-05,0.0,0.0
1227,optimizer,0.0012596137821674347,3.0120834708213806e-05,0.0012315716594457626,0.0012616924941539764,2.4020671844482422e-05,0.0004961006343364716,0.00046529620885849
1228,forward,0.012359166517853737,3.0061230063438416e-05,0.023510821163654327,0.023540882393717766,8.58791172504425e-05,0.0,0.0
1228,backward,0.011074716225266457,1.6860663890838623e-05,0.06985619105398655,0.06987305171787739,8.474290370941162e-05,0.0,0.0
1228,optimizer,0.001233961433172226,3.306940197944641e-05,0.0012624599039554596,0.001295529305934906,2.565234899520874e-05,0.0008277837187051773,0.0004365667700767517
1229,forward,0.01249377615749836,2.993270754814148e-05,0.023434607312083244,0.023464540019631386,8.952058851718903e-05,0.0,0.0
1229,backward,0.01159997470676899,1.6558915376663208e-05,0.06917324848473072,0.06918980740010738,8.786097168922424e-05,0.0,0.0
1229,optimizer,0.0012482721358537674,3.3289194107055664e-05,0.0012260600924491882,0.001259349286556244,2.67811119556427e-05,0.00048420950770378113,0.00046670064330101013
1230,forward,0.012455642223358154,3.2959505915641785e-05,0.023446589708328247,0.02347954921424389,8.136220276355743e-05,0.0,0.0
1230,backward,0.011348173022270203,1.5599653124809265e-05,0.06989572942256927,0.06991132907569408,8.404068648815155e-05,0.0,0.0
1230,optimizer,0.0012314897030591965,3.295019268989563e-05,0.0012624617666006088,0.0012954119592905045,2.5350600481033325e-05,0.0007777046412229538,0.0004647970199584961
1231,forward,0.012389453127980232,2.9521062970161438e-05,0.023531459271907806,0.023560980334877968,8.33217054605484e-05,0.0,0.0
1231,backward,0.011225342750549316,1.6478821635246277e-05,0.06959832459688187,0.06961480341851711,8.91517847776413e-05,0.0,0.0
1231,optimizer,0.0012333095073699951,3.0860304832458496e-05,0.001261092722415924,0.0012919530272483826,2.368912100791931e-05,0.0007792916148900986,0.00046379491686820984
1232,forward,0.01236865296959877,3.3060088753700256e-05,0.023524129763245583,0.023557189851999283,8.115172386169434e-05,0.0,0.0
1232,backward,0.011558080092072487,1.6180798411369324e-05,0.06961125321686268,0.06962743401527405,9.185075759887695e-05,0.0,0.0
1232,optimizer,0.001169990748167038,2.8518959879875183e-05,0.0012624319642782211,0.0012909509241580963,3.196112811565399e-05,0.0008841045200824738,0.0004663784056901932
1233,forward,0.012431202456355095,3.0299648642539978e-05,0.02351437881588936,0.0235446784645319,8.775107562541962e-05,0.0,0.0
1233,backward,0.011246399953961372,1.548975706100464e-05,0.06960624642670155,0.06962173618376255,8.674152195453644e-05,0.0,0.0
1233,optimizer,0.0012361500412225723,3.22926789522171e-05,0.0012580715119838715,0.0012903641909360886,2.4810433387756348e-05,0.0005047786980867386,0.00046467967331409454
1234,forward,0.012554123997688293,3.2221898436546326e-05,0.023323705419898033,0.02335592731833458,8.17812979221344e-05,0.0,0.0
1234,backward,0.01110243983566761,1.4092773199081421e-05,0.06985294818878174,0.06986704096198082,8.469261229038239e-05,0.0,0.0
1234,optimizer,0.001245221123099327,3.1830742955207825e-05,0.0012623798102140427,0.0012942105531692505,2.526119351387024e-05,0.0008740760385990143,0.0004457365721464157
1235,forward,0.012372929602861404,3.0860304832458496e-05,0.02357994206249714,0.023610802367329597,8.71904194355011e-05,0.0,0.0
1235,backward,0.011130569502711296,1.6668811440467834e-05,0.06969929672777653,0.069715965539217,8.494220674037933e-05,0.0,0.0
1235,optimizer,0.001236332580447197,3.439374268054962e-05,0.0012625008821487427,0.0012968946248292923,2.432987093925476e-05,0.0004887301474809647,0.00046336837112903595
1236,forward,0.012290768325328827,3.069080412387848e-05,0.02357986383140087,0.02361055463552475,8.346140384674072e-05,0.0,0.0
1236,backward,0.011159438639879227,1.4919787645339966e-05,0.06981165707111359,0.06982657685875893,8.553080260753632e-05,0.0,0.0
1236,optimizer,0.0012304522097110748,3.255903720855713e-05,0.0012584198266267776,0.0012909788638353348,2.2280961275100708e-05,0.0008597131818532944,0.00046484731137752533
1237,forward,0.012327617034316063,4.1890889406204224e-05,0.023594951257109642,0.023636842146515846,9.93628054857254e-05,0.0,0.0
1237,backward,0.011172380298376083,1.549161970615387e-05,0.06998036988079548,0.06999586150050163,8.706003427505493e-05,0.0,0.0
1237,optimizer,0.001228630542755127,3.3371150493621826e-05,0.0012614000588655472,0.001294771209359169,2.4842098355293274e-05,0.0007842108607292175,0.0004679486155509949
1238,forward,0.012370064854621887,2.966076135635376e-05,0.023502307012677193,0.023531967774033546,8.421950042247772e-05,0.0,0.0
1238,backward,0.011211968958377838,1.570954918861389e-05,0.06989764980971813,0.06991335935890675,8.51508229970932e-05,0.0,0.0
1238,optimizer,0.0012286528944969177,3.028102219104767e-05,0.0012656524777412415,0.0012959334999322891,2.568960189819336e-05,0.0008239243179559708,0.0004675779491662979
1239,forward,0.012377660721540451,2.9139220714569092e-05,0.023540260270237923,0.023569399490952492,8.337199687957764e-05,0.0,0.0
1239,backward,0.01118152029812336,1.8209218978881836e-05,0.06991153210401535,0.06992974132299423,8.659064769744873e-05,0.0,0.0
1239,optimizer,0.0012357626110315323,3.0120834708213806e-05,0.001257890835404396,0.0012880116701126099,2.527981996536255e-05,0.00048329494893550873,0.00046391598880290985
1240,forward,0.013147393241524696,4.553981125354767e-05,0.023147795349359512,0.02319333516061306,8.272193372249603e-05,0.0,0.0
1240,backward,0.011205682530999184,1.589953899383545e-05,0.06983041949570179,0.06984631903469563,8.688122034072876e-05,0.0,0.0
1240,optimizer,0.0012249741703271866,3.211013972759247e-05,0.0012514088302850723,0.0012835189700126648,2.5266781449317932e-05,0.004519825801253319,0.0004729088395833969
1241,forward,0.012327142059803009,3.0409544706344604e-05,0.023600660264492035,0.02363106980919838,8.132308721542358e-05,0.0,0.0
1241,backward,0.011458853259682655,2.1850690245628357e-05,0.06950853392481804,0.06953038461506367,9.262003004550934e-05,0.0,0.0
1241,optimizer,0.0012326613068580627,3.057904541492462e-05,0.0012624729424715042,0.0012930519878864288,2.362951636314392e-05,0.0004952792078256607,0.00047324039041996
1242,forward,0.012407088652253151,3.055110573768616e-05,0.02347567118704319,0.023506222292780876,8.31708312034607e-05,0.0,0.0
1242,backward,0.011297283694148064,1.738034188747406e-05,0.06976738758385181,0.06978476792573929,8.930079638957977e-05,0.0,0.0
1242,optimizer,0.001241389662027359,2.8839334845542908e-05,0.001256672665476799,0.001285512000322342,2.392008900642395e-05,0.0009736083447933197,0.00045821815729141235
1243,forward,0.012417800724506378,2.7699396014213562e-05,0.02346871979534626,0.023496419191360474,8.523277938365936e-05,0.0,0.0
1243,backward,0.011455236002802849,1.7480924725532532e-05,0.0697459951043129,0.06976347602903843,8.711032569408417e-05,0.0,0.0
1243,optimizer,0.0012487620115280151,3.350153565406799e-05,0.001260600984096527,0.001294102519750595,2.5972723960876465e-05,0.000927504152059555,0.00046924687922000885
1244,forward,0.012339428067207336,2.8170645236968994e-05,0.023544562980532646,0.023572733625769615,8.367188274860382e-05,0.0,0.0
1244,backward,0.011257791891694069,1.5558674931526184e-05,0.0694370623677969,0.06945262104272842,8.818134665489197e-05,0.0,0.0
1244,optimizer,0.0012342315167188644,3.219209611415863e-05,0.0012676697224378586,0.0012998618185520172,2.6071444153785706e-05,0.00048825889825820923,0.0004700571298599243
1245,forward,0.012374570593237877,3.001280128955841e-05,0.02352524921298027,0.02355526201426983,8.844956755638123e-05,0.0,0.0
1245,backward,0.01135510578751564,1.483224332332611e-05,0.06971485540270805,0.06972968764603138,8.509121835231781e-05,0.0,0.0
1245,optimizer,0.0015657972544431686,2.937018871307373e-05,0.0009222365915775299,0.0009516067802906036,2.323836088180542e-05,0.0008442513644695282,0.0004494674503803253
1246,forward,0.012387210503220558,3.1093135476112366e-05,0.02347704954445362,0.023508142679929733,8.345022797584534e-05,0.0,0.0
1246,backward,0.01113005168735981,1.7100945115089417e-05,0.07006081193685532,0.0700779128819704,8.407235145568848e-05,0.0,0.0
1246,optimizer,0.0012444518506526947,3.097951412200928e-05,0.0012638811022043228,0.001294860616326332,2.6151537895202637e-05,0.0005036480724811554,0.00046575628221035004
1247,forward,0.01239755004644394,2.9452145099639893e-05,0.02349509857594967,0.02352455072104931,8.367374539375305e-05,0.0,0.0
1247,backward,0.01130124181509018,1.7780810594558716e-05,0.06957335397601128,0.06959113478660583,8.603185415267944e-05,0.0,0.0
1247,optimizer,0.0012262221425771713,3.4049153327941895e-05,0.001256301999092102,0.001290351152420044,2.5080516934394836e-05,0.0004889480769634247,0.00046313926577568054
1248,forward,0.01238483190536499,2.8761103749275208e-05,0.023484669625759125,0.0235134307295084,8.073262870311737e-05,0.0,0.0
1248,backward,0.011452816426753998,1.708976924419403e-05,0.06968096271157265,0.06969805248081684,8.362345397472382e-05,0.0,0.0
1248,optimizer,0.001229671761393547,3.385171294212341e-05,0.0012626107782125473,0.0012964624911546707,2.2761523723602295e-05,0.0006467737257480621,0.0004618745297193527
1249,forward,0.01238241232931614,3.0180439352989197e-05,0.023550530895590782,0.02358071133494377,8.300319314002991e-05,0.0,0.0
1249,backward,0.011433860287070274,1.5951693058013916e-05,0.0693914033472538,0.06940735504031181,9.048543870449066e-05,0.0,0.0
1249,optimizer,0.0012434795498847961,2.9999762773513794e-05,0.0012645237147808075,0.0012945234775543213,2.580694854259491e-05,0.0004797205328941345,0.0004707779735326767
1250,forward,0.012337079271674156,3.081001341342926e-05,0.02358718030154705,0.02361799031496048,8.126161992549896e-05,0.0,0.0
1250,backward,0.011222857981920242,1.4502555131912231e-05,0.06985892169177532,0.06987342424690723,8.890964090824127e-05,0.0,0.0
1250,optimizer,0.0012506544589996338,2.902187407016754e-05,0.0012598205357789993,0.0012888424098491669,2.674013376235962e-05,0.0008806847035884857,0.00046975724399089813
1251,forward,0.012452933937311172,2.9169023036956787e-05,0.023481208831071854,0.02351037785410881,8.665211498737335e-05,0.0,0.0
1251,backward,0.01144084520637989,1.7190352082252502e-05,0.06937086023390293,0.06938805058598518,8.989125490188599e-05,0.0,0.0
1251,optimizer,0.001275729387998581,2.8127804398536682e-05,0.0012200530618429184,0.001248180866241455,2.5039538741111755e-05,0.0004977378994226456,0.00046620704233646393
1252,forward,0.012696363031864166,2.8461217880249023e-05,0.023209545761346817,0.023238006979227066,8.330121636390686e-05,0.0,0.0
1252,backward,0.011436395347118378,1.6512349247932434e-05,0.06960997357964516,0.06962648592889309,8.861906826496124e-05,0.0,0.0
1252,optimizer,0.0012270156294107437,3.273040056228638e-05,0.0012632254511117935,0.00129595585167408,2.3208558559417725e-05,0.0008424259722232819,0.0004662666469812393
1253,forward,0.012372169643640518,3.0310824513435364e-05,0.023515760898590088,0.023546071723103523,8.76300036907196e-05,0.0,0.0
1253,backward,0.011134190484881401,1.519918441772461e-05,0.07011058367788792,0.07012578286230564,8.594989776611328e-05,0.0,0.0
1253,optimizer,0.0012236107140779495,3.403984010219574e-05,0.0012693721801042557,0.0013034120202064514,2.6667490601539612e-05,0.0004936084151268005,0.00046401843428611755
1254,forward,0.012387489899992943,2.9461458325386047e-05,0.02354407124221325,0.023573532700538635,8.494406938552856e-05,0.0,0.0
1254,backward,0.011141650378704071,1.475214958190918e-05,0.0696222335100174,0.0696369856595993,8.689239621162415e-05,0.0,0.0
1254,optimizer,0.0012479722499847412,3.0992552638053894e-05,0.001265520229935646,0.0012965127825737,2.4538487195968628e-05,0.0005002673715353012,0.0004671066999435425
1255,forward,0.01242223009467125,2.9342249035835266e-05,0.023477818816900253,0.02350716106593609,8.316151797771454e-05,0.0,0.0
1255,backward,0.01114358939230442,1.6888603568077087e-05,0.06993767060339451,0.06995455920696259,8.280016481876373e-05,0.0,0.0
1255,optimizer,0.0012864023447036743,3.094039857387543e-05,0.0012602005153894424,0.0012911409139633179,2.4160370230674744e-05,0.0008854474872350693,0.00046442821621894836
1256,forward,0.012440413236618042,3.1812116503715515e-05,0.023495938628911972,0.023527750745415688,8.228234946727753e-05,0.0,0.0
1256,backward,0.011561013758182526,1.7233192920684814e-05,0.0692338403314352,0.06925107352435589,8.265115320682526e-05,0.0,0.0
1256,optimizer,0.0012370534241199493,3.059208393096924e-05,0.0012584906071424484,0.0012890826910734177,2.324022352695465e-05,0.0004964880645275116,0.00044419802725315094
1257,forward,0.012351568788290024,2.8420239686965942e-05,0.023508330807089806,0.02353675104677677,8.466094732284546e-05,0.0,0.0
1257,backward,0.01146598532795906,1.613236963748932e-05,0.06959214434027672,0.06960827670991421,9.368173778057098e-05,0.0,0.0
1257,optimizer,0.001230139285326004,2.9359012842178345e-05,0.001264471560716629,0.0012938305735588074,2.415105700492859e-05,0.0008316747844219208,0.0004839673638343811
1258,forward,0.012498753145337105,3.230944275856018e-05,0.02345120906829834,0.0234835185110569,8.062086999416351e-05,0.0,0.0
1258,backward,0.011486833915114403,1.631304621696472e-05,0.06936502270400524,0.0693813357502222,8.749216794967651e-05,0.0,0.0
1258,optimizer,0.0012130308896303177,2.5950372219085693e-05,0.0012649409472942352,0.001290891319513321,2.6902183890342712e-05,0.0004867948591709137,0.0004929397255182266
1259,forward,0.012339113280177116,2.9202550649642944e-05,0.023571209982037544,0.023600412532687187,8.724071085453033e-05,0.0,0.0
1259,backward,0.011166790500283241,1.562945544719696e-05,0.06956153362989426,0.06957716308534145,8.795224130153656e-05,0.0,0.0
1259,optimizer,0.0012272391468286514,3.059953451156616e-05,0.0012588836252689362,0.0012894831597805023,2.3167580366134644e-05,0.0004921797662973404,0.00047708675265312195
1260,forward,0.01241983287036419,2.8099864721298218e-05,0.023456750437617302,0.0234848503023386,8.632242679595947e-05,0.0,0.0
1260,backward,0.011569196358323097,1.619011163711548e-05,0.06953077390789986,0.06954696401953697,8.60709697008133e-05,0.0,0.0
1260,optimizer,0.0011343881487846375,2.751871943473816e-05,0.001260342076420784,0.0012878607958555222,2.5250017642974854e-05,0.0008943639695644379,0.0004698876291513443
1261,forward,0.01238865777850151,2.8502196073532104e-05,0.023495471104979515,0.023523973301053047,8.642487227916718e-05,0.0,0.0
1261,backward,0.01116533949971199,1.4452263712882996e-05,0.0700107216835022,0.07002517394721508,8.63000750541687e-05,0.0,0.0
1261,optimizer,0.001202501356601715,3.306940197944641e-05,0.0012573003768920898,0.0012903697788715363,2.7371570467948914e-05,0.000998217612504959,0.0004679877310991287
1262,forward,0.012579644098877907,2.9793009161949158e-05,0.02340969815850258,0.023439491167664528,7.672235369682312e-05,0.0,0.0
1262,backward,0.011600783094763756,1.6169622540473938e-05,0.06924818083643913,0.0692643504589796,8.737854659557343e-05,0.0,0.0
1262,optimizer,0.0011490099132061005,3.4401193261146545e-05,0.001264762133359909,0.0012991633266210556,2.4750828742980957e-05,0.0006825923919677734,0.00046442821621894836
1263,forward,0.012864300981163979,2.96812504529953e-05,0.02301209233701229,0.023041773587465286,7.398240268230438e-05,0.0,0.0
1263,backward,0.011527236551046371,1.6519799828529358e-05,0.06955664418637753,0.06957316398620605,8.36104154586792e-05,0.0,0.0
1263,optimizer,0.0012440718710422516,3.0200928449630737e-05,0.0012624319642782211,0.0012926328927278519,2.481229603290558e-05,0.0008076149970293045,0.0004501882940530777
1264,forward,0.012560654431581497,3.013014793395996e-05,0.023444488644599915,0.023474618792533875,7.463060319423676e-05,0.0,0.0
1264,backward,0.011476116254925728,1.9721686840057373e-05,0.06932670064270496,0.06934642232954502,7.706880569458008e-05,0.0,0.0
1264,optimizer,0.0011760983616113663,3.1519681215286255e-05,0.0012529026716947556,0.0012844223529100418,2.584978938102722e-05,0.0004897098988294601,0.0005027148872613907
1265,forward,0.012424912303686142,2.865120768547058e-05,0.023471219465136528,0.023499870672822,8.367933332920074e-05,0.0,0.0
1265,backward,0.011210972443223,1.697242259979248e-05,0.06984535977244377,0.06986233219504356,9.42125916481018e-05,0.0,0.0
1265,optimizer,0.0011678803712129593,2.9319897294044495e-05,0.001269722357392311,0.0012990422546863556,2.640858292579651e-05,0.0006883814930915833,0.0004734378308057785
1266,forward,0.01233196072280407,2.9880553483963013e-05,0.023553360253572464,0.023583240807056427,8.969008922576904e-05,0.0,0.0
1266,backward,0.011236397549510002,1.473166048526764e-05,0.07000239379703999,0.07001712545752525,9.410269558429718e-05,0.0,0.0
1266,optimizer,0.0011577140539884567,2.8520822525024414e-05,0.0012591183185577393,0.0012876391410827637,2.290867269039154e-05,0.0009203553199768066,0.0004700683057308197
1267,forward,0.012359069660305977,3.0230730772018433e-05,0.02361246384680271,0.02364269457757473,8.397176861763e-05,0.0,0.0
1267,backward,0.011195600032806396,1.553259789943695e-05,0.06972127594053745,0.06973680853843689,8.97534191608429e-05,0.0,0.0
1267,optimizer,0.0011684317141771317,2.958066761493683e-05,0.0012625399976968765,0.0012921206653118134,2.481229603290558e-05,0.0004889480769634247,0.00046830810606479645
1268,forward,0.012365639209747314,2.9070302844047546e-05,0.023533619940280914,0.023562690243124962,8.594058454036713e-05,0.0,0.0
1268,backward,0.011477263644337654,1.6558915376663208e-05,0.06977079808712006,0.06978735700249672,8.903071284294128e-05,0.0,0.0
1268,optimizer,0.0011725109070539474,2.9010698199272156e-05,0.0012563392519950867,0.0012853499501943588,2.4149194359779358e-05,0.0008989963680505753,0.0005189105868339539
1269,forward,0.012370079755783081,2.7978792786598206e-05,0.02352203242480755,0.023550011217594147,8.730031549930573e-05,0.0,0.0
1269,backward,0.011168600991368294,1.4398247003555298e-05,0.06966700591146946,0.06968140415847301,8.733198046684265e-05,0.0,0.0
1269,optimizer,0.0012506190687417984,2.9403716325759888e-05,0.0012621823698282242,0.001291586086153984,2.61794775724411e-05,0.0004939083009958267,0.0004739370197057724
1270,forward,0.01242942176759243,2.9139220714569092e-05,0.023465227335691452,0.02349436655640602,8.155219256877899e-05,0.0,0.0
1270,backward,0.011353226378560066,2.451986074447632e-05,0.06977025605738163,0.0697947759181261,8.627213537693024e-05,0.0,0.0
1270,optimizer,0.0011672601103782654,3.5570934414863586e-05,0.0012596920132637024,0.001295262947678566,2.2761523723602295e-05,0.0009001754224300385,0.00046350806951522827
1271,forward,0.012369291856884956,3.0312687158584595e-05,0.02362283319234848,0.023653145879507065,0.00010272301733493805,0.0,0.0
1271,backward,0.01138189248740673,1.66185200214386e-05,0.06944331154227257,0.069459930062294,8.854083716869354e-05,0.0,0.0
1271,optimizer,0.0012456104159355164,3.2670795917510986e-05,0.0012639444321393967,0.0012966152280569077,3.606081008911133e-05,0.0004954766482114792,0.00045901909470558167
1272,forward,0.01248670369386673,3.159046173095703e-05,0.023387057706713676,0.023418648168444633,7.964111864566803e-05,0.0,0.0
1272,backward,0.011443093419075012,1.9179657101631165e-05,0.06968816742300987,0.0697073470801115,8.506141602993011e-05,0.0,0.0
1272,optimizer,0.0012612901628017426,3.2240524888038635e-05,0.001258261501789093,0.0012905020266771317,2.6600435376167297e-05,0.0004891995340585709,0.00044216960668563843
1273,forward,0.012406246736645699,2.8973445296287537e-05,0.023511752486228943,0.02354072593152523,8.40313732624054e-05,0.0,0.0
1273,backward,0.011388450860977173,1.547113060951233e-05,0.06937244348227978,0.06938791461288929,8.530169725418091e-05,0.0,0.0
1273,optimizer,0.001230034977197647,3.1732022762298584e-05,0.0012575704604387283,0.001289302483201027,2.2688880562782288e-05,0.0004958007484674454,0.0004610475152730942
1274,forward,0.012406421825289726,3.106892108917236e-05,0.023499829694628716,0.023530898615717888,8.057244122028351e-05,0.0,0.0
1274,backward,0.011150501668453217,1.705065369606018e-05,0.070017971098423,0.07003502175211906,8.641928434371948e-05,0.0,0.0
1274,optimizer,0.001230744644999504,2.9219314455986023e-05,0.0012599993497133255,0.0012892186641693115,2.4860724806785583e-05,0.0009076967835426331,0.00046042725443840027
1275,forward,0.012473272159695625,2.890080213546753e-05,0.023491129279136658,0.023520030081272125,8.309073746204376e-05,0.0,0.0
1275,backward,0.01122811809182167,1.704879105091095e-05,0.06960319727659225,0.06962024606764317,8.800067007541656e-05,0.0,0.0
1275,optimizer,0.0012375954538583755,2.6501715183258057e-05,0.0012587103992700577,0.0012852121144533157,2.2970139980316162e-05,0.0006091911345720291,0.0004701297730207443
1276,forward,0.012721046805381775,2.9262155294418335e-05,0.02317025512456894,0.023199517279863358,8.35023820400238e-05,0.0,0.0
1276,backward,0.011160541325807571,1.8259510397911072e-05,0.06978757679462433,0.06980583630502224,8.864142000675201e-05,0.0,0.0
1276,optimizer,0.0012468695640563965,2.867169678211212e-05,0.0012628622353076935,0.0012915339320898056,2.7529895305633545e-05,0.0008081439882516861,0.00046046823263168335
1277,forward,0.012547295540571213,2.7399510145187378e-05,0.023378759622573853,0.02340615913271904,8.441880345344543e-05,0.0,0.0
1277,backward,0.01120356097817421,1.607835292816162e-05,0.07006214186549187,0.07007822021842003,7.74729996919632e-05,0.0,0.0
1277,optimizer,0.0011621303856372833,2.997182309627533e-05,0.0012569818645715714,0.0012869536876678467,2.5838613510131836e-05,0.0009217169135808945,0.00045768730342388153
1278,forward,0.012464920058846474,4.614889621734619e-05,0.023428579792380333,0.02347472868859768,8.588284254074097e-05,0.0,0.0
1278,backward,0.01130044274032116,1.5640631318092346e-05,0.06958315521478653,0.06959879584610462,8.819252252578735e-05,0.0,0.0
1278,optimizer,0.0011717304587364197,3.089010715484619e-05,0.0012634824961423874,0.0012943726032972336,2.3949891328811646e-05,0.0004960298538208008,0.0004621874541044235
1279,forward,0.012497901916503906,3.0132010579109192e-05,0.023434121161699295,0.023464253172278404,8.26716423034668e-05,0.0,0.0
1279,backward,0.011524967849254608,1.6802921891212463e-05,0.06962773390114307,0.06964453682303429,8.49403440952301e-05,0.0,0.0
1279,optimizer,0.0011705104261636734,2.8502196073532104e-05,0.0012640710920095444,0.0012925732880830765,2.6382505893707275e-05,0.0004958286881446838,0.00046452879905700684
1280,forward,0.012469058856368065,2.8172507882118225e-05,0.02346361242234707,0.023491784930229187,8.26716423034668e-05,0.0,0.0
1280,backward,0.011359723284840584,2.0099803805351257e-05,0.0694927629083395,0.06951286271214485,8.523277938365936e-05,0.0,0.0
1280,optimizer,0.0012343879789113998,3.0100345611572266e-05,0.0012591928243637085,0.0012892931699752808,2.6728957891464233e-05,0.0005043074488639832,0.0004670470952987671
1281,forward,0.012486431747674942,2.93683260679245e-05,0.02341179922223091,0.023441167548298836,8.9302659034729e-05,0.0,0.0
1281,backward,0.011169539764523506,1.445971429347992e-05,0.06997754983603954,0.06999200955033302,8.438155055046082e-05,0.0,0.0
1281,optimizer,0.0012399740517139435,3.0079856514930725e-05,0.0012707412242889404,0.0013008210808038712,2.5639310479164124e-05,0.0008716639131307602,0.00045468658208847046
1282,forward,0.012335384264588356,3.014877438545227e-05,0.02358401007950306,0.02361415885388851,8.22804868221283e-05,0.0,0.0
1282,backward,0.011306043714284897,1.5713274478912354e-05,0.06965001486241817,0.06966572813689709,9.201094508171082e-05,0.0,0.0
1282,optimizer,0.001228252425789833,2.6388093829154968e-05,0.001260470598936081,0.001286858692765236,2.381950616836548e-05,0.0004917196929454803,0.0004692617803812027
1283,forward,0.01242206059396267,3.718957304954529e-05,0.023488150909543037,0.023525340482592583,8.028000593185425e-05,0.0,0.0
1283,backward,0.011128479614853859,1.6061589121818542e-05,0.06995810940861702,0.06997417099773884,9.297206997871399e-05,0.0,0.0
1283,optimizer,0.0009616855531930923,2.5622546672821045e-05,0.001262342557311058,0.001287965103983879,2.6419758796691895e-05,0.0008019246160984039,0.0004634689539670944
1284,forward,0.012388905510306358,2.8779730200767517e-05,0.023520713672041893,0.02354949340224266,8.366256952285767e-05,0.0,0.0
1284,backward,0.01122962310910225,1.666136085987091e-05,0.0698489174246788,0.06986557878553867,9.04332846403122e-05,0.0,0.0
1284,optimizer,0.001177290454506874,2.6600435376167297e-05,0.0012626610696315765,0.0012892615050077438,2.6009976863861084e-05,0.0004957187920808792,0.00046776793897151947
1285,forward,0.01235475018620491,2.782978117465973e-05,0.023518038913607597,0.023545868694782257,8.585117757320404e-05,0.0,0.0
1285,backward,0.011550461873412132,1.4379620552062988e-05,0.06921232119202614,0.0692267008125782,8.616037666797638e-05,0.0,0.0
1285,optimizer,0.0012471210211515427,3.130920231342316e-05,0.0012620128691196442,0.0012933220714330673,2.645142376422882e-05,0.0004922468215227127,0.00047168880701065063
1286,forward,0.012362368404865265,3.1327828764915466e-05,0.02349386177957058,0.023525189608335495,8.573196828365326e-05,0.0,0.0
1286,backward,0.011473657563328743,1.605972647666931e-05,0.06962106563150883,0.0696371253579855,8.838064968585968e-05,0.0,0.0
1286,optimizer,0.00122879259288311,3.077276051044464e-05,0.0012626610696315765,0.0012934338301420212,2.4260953068733215e-05,0.0007978715002536774,0.00046230852603912354
1287,forward,0.012705795466899872,3.0333176255226135e-05,0.023272935301065445,0.02330326847732067,7.70222395658493e-05,0.0,0.0
1287,backward,0.011131908744573593,1.6300007700920105e-05,0.06970205716788769,0.06971835717558861,8.513219654560089e-05,0.0,0.0
1287,optimizer,0.0012265294790267944,2.8012320399284363e-05,0.0012632515281438828,0.0012912638485431671,2.562999725341797e-05,0.0004915464669466019,0.00046336837112903595
1288,forward,0.012418340891599655,2.970173954963684e-05,0.023488910868763924,0.02351861260831356,7.818080484867096e-05,0.0,0.0
1288,backward,0.011966906487941742,3.4149736166000366e-05,0.0695895329117775,0.0696236826479435,8.466094732284546e-05,0.0,0.0
1288,optimizer,0.001257050782442093,2.9260292649269104e-05,0.001258760690689087,0.001288020983338356,2.644956111907959e-05,0.0009578056633472443,0.0004634689539670944
1289,forward,0.012471683323383331,3.202259540557861e-05,0.02348092943429947,0.023512952029705048,8.145906031131744e-05,0.0,0.0
1289,backward,0.011191390454769135,1.602061092853546e-05,0.07009389437735081,0.07010991498827934,8.608028292655945e-05,0.0,0.0
1289,optimizer,0.001262633129954338,3.3328309655189514e-05,0.001260221004486084,0.0012935493141412735,2.5799497961997986e-05,0.0009071547538042068,0.00046001747250556946
1290,forward,0.012754406780004501,3.19797545671463e-05,0.023197166621685028,0.023229146376252174,8.22804868221283e-05,0.0,0.0
1290,backward,0.01114337332546711,1.5778467059135437e-05,0.06974284537136555,0.06975862383842468,0.00010317191481590271,0.0,0.0
1290,optimizer,0.001219388097524643,3.174133598804474e-05,0.0012587439268827438,0.0012904852628707886,2.3759901523590088e-05,0.0004973597824573517,0.000462409108877182
1291,forward,0.01256035640835762,3.116019070148468e-05,0.023351425305008888,0.023382585495710373,8.289329707622528e-05,0.0,0.0
1291,backward,0.011137917637825012,1.6532838344573975e-05,0.06997460126876831,0.06999113410711288,8.470192551612854e-05,0.0,0.0
1291,optimizer,0.0012321732938289642,2.931244671344757e-05,0.0012640319764614105,0.001293344423174858,2.7799978852272034e-05,0.0004979297518730164,0.0004694368690252304
1292,forward,0.012322181835770607,2.9198825359344482e-05,0.023557258769869804,0.02358645759522915,8.472055196762085e-05,0.0,0.0
1292,backward,0.011142570525407791,1.6158446669578552e-05,0.06988022848963737,0.06989638693630695,8.417293429374695e-05,0.0,0.0
1292,optimizer,0.0012362934648990631,2.822093665599823e-05,0.001259680837392807,0.0012879017740488052,2.6499852538108826e-05,0.000865565612912178,0.00046604685485363007
1293,forward,0.012394271790981293,3.065913915634155e-05,0.023510808125138283,0.023541467264294624,0.00020712241530418396,0.0,0.0
1293,backward,0.011119091883301735,2.781301736831665e-05,0.0697709359228611,0.06979874894022942,9.183026850223541e-05,0.0,0.0
1293,optimizer,0.0012371428310871124,2.9882416129112244e-05,0.0012652501463890076,0.0012951325625181198,2.497062087059021e-05,0.0004954207688570023,0.00046466849744319916
1294,forward,0.012483671307563782,2.991221845149994e-05,0.023411279544234276,0.023441191762685776,8.079968392848969e-05,0.0,0.0
1294,backward,0.011132121086120605,1.68532133102417e-05,0.07007778249680996,0.0700946357101202,9.041093289852142e-05,0.0,0.0
1294,optimizer,0.0012193303555250168,2.8399750590324402e-05,0.0012570731341838837,0.001285472884774208,2.501159906387329e-05,0.0018287915736436844,0.0004706289619207382
1295,forward,0.012344090268015862,2.7332454919815063e-05,0.023509589955210686,0.0235369224101305,8.560158312320709e-05,0.0,0.0
1295,backward,0.01108786091208458,1.529976725578308e-05,0.07001062110066414,0.07002592086791992,8.758902549743652e-05,0.0,0.0
1295,optimizer,0.0013721715658903122,3.1299889087677e-05,0.0012568831443786621,0.0012881830334663391,2.8809532523155212e-05,0.000491999089717865,0.0004678778350353241
1296,forward,0.012438181787729263,2.927146852016449e-05,0.023468157276511192,0.023497428745031357,8.569099009037018e-05,0.0,0.0
1296,backward,0.011128690093755722,1.59386545419693e-05,0.06965269520878792,0.06966863386332989,8.68719071149826e-05,0.0,0.0
1296,optimizer,0.001220792531967163,2.9830262064933777e-05,0.001258639618754387,0.0012884698808193207,2.6872381567955017e-05,0.0005421992391347885,0.0004646480083465576
1297,forward,0.012357411906123161,3.0100345611572266e-05,0.023538440465927124,0.023568540811538696,8.161179721355438e-05,0.0,0.0
1297,backward,0.011134419590234756,1.7559155821800232e-05,0.07002856209874153,0.07004612125456333,8.814223110675812e-05,0.0,0.0
1297,optimizer,0.0012170802801847458,2.969987690448761e-05,0.0012628324329853058,0.0012925323098897934,0.00010962411761283875,0.0005024895071983337,0.0004642009735107422
1298,forward,0.012402931228280067,2.987310290336609e-05,0.02349517121911049,0.023525044322013855,8.369237184524536e-05,0.0,0.0
1298,backward,0.01119588129222393,1.6339123249053955e-05,0.06979072652757168,0.06980706565082073,7.893890142440796e-05,0.0,0.0
1298,optimizer,0.001253729686141014,2.8273090720176697e-05,0.001236962154507637,0.0012652352452278137,2.3832544684410095e-05,0.0008794832974672318,0.00045512616634368896
1299,forward,0.012396031990647316,2.970173954963684e-05,0.023493019863963127,0.023522721603512764,8.414871990680695e-05,0.0,0.0
1299,backward,0.01109558716416359,1.7799437046051025e-05,0.06983708031475544,0.06985487975180149,8.778087794780731e-05,0.0,0.0
1299,optimizer,0.0012294091284275055,3.2179057598114014e-05,0.0012628044933080673,0.0012949835509061813,2.6207417249679565e-05,0.0004899278283119202,0.000466909259557724
1300,forward,0.012446481734514236,3.098137676715851e-05,0.02345331758260727,0.023484298959374428,0.00010078400373458862,0.0,0.0
1300,backward,0.011299772188067436,1.954101026058197e-05,0.06985173933207989,0.06987128034234047,8.952058851718903e-05,0.0,0.0
1300,optimizer,0.0012429393827915192,2.905912697315216e-05,0.001264931634068489,0.0012939907610416412,2.4979934096336365e-05,0.0008247736841440201,0.0004680994898080826
1301,forward,0.012308962643146515,2.9612332582473755e-05,0.023572178557515144,0.023601790890097618,8.340179920196533e-05,0.0,0.0
1301,backward,0.011136449873447418,1.5521422028541565e-05,0.06992143020033836,0.0699369516223669,8.541159331798553e-05,0.0,0.0
1301,optimizer,0.0012413393706083298,2.726912498474121e-05,0.0012600813060998917,0.0012873504310846329,2.7140602469444275e-05,0.0004976782947778702,0.00046646781265735626
1302,forward,0.01235230639576912,2.7760863304138184e-05,0.023600492626428604,0.023628253489732742,8.261948823928833e-05,0.0,0.0
1302,backward,0.011489124968647957,1.6510486602783203e-05,0.06931851990520954,0.06933503039181232,8.706003427505493e-05,0.0,0.0
1302,optimizer,0.0012338105589151382,2.8010457754135132e-05,0.0012573320418596268,0.001285342499613762,2.573058009147644e-05,0.000490507110953331,0.00046392716467380524
1303,forward,0.012424664571881294,2.853013575077057e-05,0.023482857272028923,0.023511387407779694,8.529238402843475e-05,0.0,0.0
1303,backward,0.01117795892059803,1.7220154404640198e-05,0.06986127234995365,0.06987849250435829,8.706189692020416e-05,0.0,0.0
1303,optimizer,0.0012925229966640472,2.787262201309204e-05,0.0012266617268323898,0.0012545343488454819,2.664141356945038e-05,0.0008004941046237946,0.0004621688276529312
1304,forward,0.012426402419805527,3.105960786342621e-05,0.023539172485470772,0.023570232093334198,8.739903569221497e-05,0.0,0.0
1304,backward,0.01114155724644661,1.6339123249053955e-05,0.06970238871872425,0.0697187278419733,8.689053356647491e-05,0.0,0.0
1304,optimizer,0.0012657716870307922,2.9012560844421387e-05,0.0012609120458364487,0.00128992460668087,2.784840762615204e-05,0.0004822779446840286,0.0004641581326723099
1305,forward,0.012437628582119942,3.091245889663696e-05,0.02343367040157318,0.023464582860469818,8.519180119037628e-05,0.0,0.0
1305,backward,0.011163698509335518,1.4511868357658386e-05,0.07007589377462864,0.0700904056429863,8.75517725944519e-05,0.0,0.0
1305,optimizer,0.0012303497642278671,2.9968097805976868e-05,0.001259801909327507,0.0012897700071334839,2.4260953068733215e-05,0.0008852630853652954,0.00046693533658981323
1306,forward,0.012342380359768867,3.0143186450004578e-05,0.023577850311994553,0.023607993498444557,8.62516462802887e-05,0.0,0.0
1306,backward,0.01114986278116703,1.85500830411911e-05,0.06974405609071255,0.06976260617375374,8.711032569408417e-05,0.0,0.0
1306,optimizer,0.001235421746969223,3.1128525733947754e-05,0.0012626629322767258,0.0012937914580106735,2.460181713104248e-05,0.00048304907977581024,0.00047096796333789825
1307,forward,0.012462971732020378,2.8420239686965942e-05,0.023451829329133034,0.02348024956882,8.673034608364105e-05,0.0,0.0
1307,backward,0.011279022321105003,1.7890706658363342e-05,0.07001264207065105,0.07003053277730942,8.82912427186966e-05,0.0,0.0
1307,optimizer,0.0012330487370491028,3.069080412387848e-05,0.0012609325349330902,0.0012916233390569687,2.450123429298401e-05,0.0008755028247833252,0.00046753883361816406
1308,forward,0.01235785149037838,3.0491501092910767e-05,0.02358025312423706,0.02361074462532997,8.825212717056274e-05,0.0,0.0
1308,backward,0.011112598702311516,1.5191733837127686e-05,0.06975052878260612,0.06976572051644325,8.939206600189209e-05,0.0,0.0
1308,optimizer,0.001241268590092659,2.786889672279358e-05,0.0012607835233211517,0.0012886524200439453,2.5831162929534912e-05,0.0004959981888532639,0.0004700571298599243
1309,forward,0.012366699054837227,3.06498259305954e-05,0.02354656159877777,0.023577211424708366,9.09212976694107e-05,0.0,0.0
1309,backward,0.011430885642766953,1.842901110649109e-05,0.06981909647583961,0.0698375254869461,8.279085159301758e-05,0.0,0.0
1309,optimizer,0.0012359507381916046,3.0219554901123047e-05,0.0012590717524290085,0.0012892913073301315,2.438761293888092e-05,0.0008417144417762756,0.0004587490111589432
1310,forward,0.012553542852401733,3.0219554901123047e-05,0.023454340174794197,0.02348455972969532,8.366256952285767e-05,0.0,0.0
1310,backward,0.011136477813124657,1.7430633306503296e-05,0.06967483833432198,0.06969226896762848,8.586235344409943e-05,0.0,0.0
1310,optimizer,0.0012439507991075516,3.048032522201538e-05,0.0012627020478248596,0.001293182373046875,2.5879591703414917e-05,0.00048437900841236115,0.0004741065204143524
1311,forward,0.012367310002446175,2.9750168323516846e-05,0.02352830022573471,0.023558050394058228,8.199922740459442e-05,0.0,0.0
1311,backward,0.011214468628168106,1.6830861568450928e-05,0.06989962235093117,0.06991645321249962,8.82912427186966e-05,0.0,0.0
1311,optimizer,0.0011756401509046555,2.7680769562721252e-05,0.001259293407201767,0.0012869741767644882,2.294965088367462e-05,0.0008028037846088409,0.00046485476195812225
1312,forward,0.012390080839395523,3.0020251870155334e-05,0.023499179631471634,0.02352919988334179,8.186139166355133e-05,0.0,0.0
1312,backward,0.011209232732653618,1.6847625374794006e-05,0.06974511779844761,0.0697619654238224,8.656084537506104e-05,0.0,0.0
1312,optimizer,0.0012906529009342194,2.6851892471313477e-05,0.0012605488300323486,0.0012874007225036621,2.6971101760864258e-05,0.0004986803978681564,0.00046614743769168854
1313,forward,0.012483101338148117,3.135018050670624e-05,0.0234224796295166,0.023453829810023308,8.308328688144684e-05,0.0,0.0
1313,backward,0.011260943487286568,1.6260892152786255e-05,0.0697373766452074,0.06975363753736019,8.721277117729187e-05,0.0,0.0
1313,optimizer,0.0012339819222688675,2.5628134608268738e-05,0.0012624915689229965,0.0012881197035312653,2.3519620299339294e-05,0.005124308168888092,0.00046628713607788086
1314,forward,0.01243310235440731,3.7981197237968445e-05,0.023491520434617996,0.023529501631855965,8.51023942232132e-05,0.0,0.0
1314,backward,0.011206427589058876,1.7140060663223267e-05,0.06965211778879166,0.06966925784945488,8.493103086948395e-05,0.0,0.0
1314,optimizer,0.001169620081782341,2.9509887099266052e-05,0.0012645814567804337,0.0012940913438796997,2.5589019060134888e-05,0.00049578957259655,0.000458667054772377
1315,forward,0.012405449524521828,2.7080997824668884e-05,0.02349166013300419,0.023518741130828857,8.249282836914062e-05,0.0,0.0
1315,backward,0.011144621297717094,1.6130506992340088e-05,0.06975365802645683,0.06976978853344917,8.931010961532593e-05,0.0,0.0
1315,optimizer,0.0012450404465198517,2.904050052165985e-05,0.001254720613360405,0.0012837611138820648,2.2660940885543823e-05,0.0004831366240978241,0.00046611763536930084
1316,forward,0.012749757617712021,3.005005419254303e-05,0.023135852068662643,0.023165902122855186,8.767098188400269e-05,0.0,0.0
1316,backward,0.011120669543743134,1.4379620552062988e-05,0.07001391425728798,0.07002829387784004,8.670240640640259e-05,0.0,0.0
1316,optimizer,0.0012331921607255936,2.891942858695984e-05,0.001259809359908104,0.0012887287884950638,2.5698915123939514e-05,0.000491635873913765,0.00046155601739883423
1317,forward,0.01274658739566803,2.9999762773513794e-05,0.023168552666902542,0.023198552429676056,8.351169526576996e-05,0.0,0.0
1317,backward,0.011191001161932945,1.5482306480407715e-05,0.06958442367613316,0.06959990598261356,8.892267942428589e-05,0.0,0.0
1317,optimizer,0.001229630783200264,2.8971582651138306e-05,0.0012570209801197052,0.0012859925627708435,2.6380643248558044e-05,0.0004906468093395233,0.00045948848128318787
1318,forward,0.01245088316500187,2.9910355806350708e-05,0.02342972718179226,0.02345963753759861,8.309073746204376e-05,0.0,0.0
1318,backward,0.011190187186002731,1.8207356333732605e-05,0.06996268406510353,0.06998089142143726,8.541159331798553e-05,0.0,0.0
1318,optimizer,0.0012646913528442383,2.926960587501526e-05,0.001261051744222641,0.0012903213500976562,2.4119392037391663e-05,0.0009097754955291748,0.0004669874906539917
1319,forward,0.012685807421803474,2.9899179935455322e-05,0.02323644421994686,0.023266343399882317,8.315965533256531e-05,0.0,0.0
1319,backward,0.01119021326303482,1.5091150999069214e-05,0.06976518779993057,0.06978027895092964,8.881092071533203e-05,0.0,0.0
1319,optimizer,0.0012204796075820923,3.085099160671234e-05,0.0012577921152114868,0.0012886431068181992,2.575106918811798e-05,0.0006049815565347672,0.00046664662659168243
1320,forward,0.01274045743048191,3.1011179089546204e-05,0.023137392476201057,0.023168403655290604,8.280202746391296e-05,0.0,0.0
1320,backward,0.01126767136156559,1.7469748854637146e-05,0.06986132822930813,0.06987879797816277,8.64807516336441e-05,0.0,0.0
1320,optimizer,0.0012372396886348724,3.0143186450004578e-05,0.0012577418237924576,0.0012878850102424622,2.4428591132164e-05,0.0009323656558990479,0.00046301819384098053
1321,forward,0.012508070096373558,2.9671937227249146e-05,0.02337309904396534,0.02340277098119259,8.084066212177277e-05,0.0,0.0
1321,backward,0.011183708906173706,1.705065369606018e-05,0.0696837492287159,0.06970079988241196,8.798018097877502e-05,0.0,0.0
1321,optimizer,0.001253439113497734,2.674013376235962e-05,0.0012612435966730118,0.0012879837304353714,2.4380162358283997e-05,0.0004977677017450333,0.0004758574068546295
1322,forward,0.012361330911517143,2.9340386390686035e-05,0.023517752066254616,0.023547092452645302,8.636340498924255e-05,0.0,0.0
1322,backward,0.011184146627783775,1.6909092664718628e-05,0.06988740712404251,0.06990431621670723,8.902326226234436e-05,0.0,0.0
1322,optimizer,0.0012340415269136429,2.740137279033661e-05,0.0012610908597707748,0.0012884922325611115,2.6360154151916504e-05,0.0008097440004348755,0.0004668384790420532
1323,forward,0.01234384998679161,2.9649585485458374e-05,0.023595411330461502,0.02362506091594696,8.850172162055969e-05,0.0,0.0
1323,backward,0.011083191260695457,1.4619901776313782e-05,0.06969820521771908,0.06971282511949539,8.806213736534119e-05,0.0,0.0
1323,optimizer,0.0012348946183919907,3.0040740966796875e-05,0.001263229176402092,0.0012932699173688889,2.796947956085205e-05,0.0004911869764328003,0.0004667583853006363
1324,forward,0.012607954442501068,3.156810998916626e-05,0.023299938067793846,0.023331506177783012,8.301064372062683e-05,0.0,0.0
1324,backward,0.01120849885046482,1.656077802181244e-05,0.06986162066459656,0.06987818144261837,8.606165647506714e-05,0.0,0.0
1324,optimizer,0.0011906027793884277,3.106892108917236e-05,0.0012595895677804947,0.001290658488869667,2.4709850549697876e-05,0.0008885059505701065,0.0004616081714630127
1325,forward,0.012500964105129242,2.981908619403839e-05,0.023410558700561523,0.023440377786755562,7.987208664417267e-05,0.0,0.0
1325,backward,0.011236019432544708,1.6549602150917053e-05,0.0699617825448513,0.06997833214700222,8.553080260753632e-05,0.0,0.0
1325,optimizer,0.0011562295258045197,2.728961408138275e-05,0.001268092542886734,0.0012953821569681168,2.6360154151916504e-05,0.0004981383681297302,0.0004585590213537216
1326,forward,0.012516273185610771,2.9999762773513794e-05,0.023373596370220184,0.023403596132993698,8.53314995765686e-05,0.0,0.0
1326,backward,0.011129887774586678,1.775100827217102e-05,0.06998913362622261,0.07000688463449478,8.554384112358093e-05,0.0,0.0
1326,optimizer,0.001177821308374405,2.974085509777069e-05,0.0012617707252502441,0.0012915115803480148,2.7321279048919678e-05,0.0008165929466485977,0.00046815723180770874
1327,forward,0.01242833025753498,2.9249116778373718e-05,0.023498019203543663,0.023527268320322037,8.519180119037628e-05,0.0,0.0
1327,backward,0.011157011613249779,1.5251338481903076e-05,0.06974872574210167,0.06976397708058357,8.479133248329163e-05,0.0,0.0
1327,optimizer,0.0012896973639726639,2.826005220413208e-05,0.0012140534818172455,0.0012423135340213776,2.869032323360443e-05,0.0004990771412849426,0.0004755072295665741
1328,forward,0.012430984526872635,2.9491260647773743e-05,0.023446569219231606,0.02347606047987938,8.402206003665924e-05,0.0,0.0
1328,backward,0.0111446063965559,1.7480924725532532e-05,0.06963205710053444,0.06964953802525997,8.551962673664093e-05,0.0,0.0
1328,optimizer,0.001307642087340355,2.925284206867218e-05,0.0012579616159200668,0.001287214457988739,2.4927780032157898e-05,0.0005390588194131851,0.00045854784548282623
1329,forward,0.012275347486138344,2.9750168323516846e-05,0.02359185181558132,0.02362160198390484,8.153170347213745e-05,0.0,0.0
1329,backward,0.01109972782433033,1.6380101442337036e-05,0.0699558723717928,0.06997225247323513,8.791126310825348e-05,0.0,0.0
1329,optimizer,0.0012240875512361526,2.723000943660736e-05,0.0012569651007652283,0.0012841951102018356,2.4450942873954773e-05,0.0008888933807611465,0.000463997945189476
1330,forward,0.01227651908993721,2.969987690448761e-05,0.023614492267370224,0.02364419214427471,8.686259388923645e-05,0.0,0.0
1330,backward,0.011160049587488174,1.7520040273666382e-05,0.06998188234865665,0.06999940238893032,8.375011384487152e-05,0.0,0.0
1330,optimizer,0.0012282785028219223,2.898089587688446e-05,0.0012626610696315765,0.001291641965508461,2.635084092617035e-05,0.0008024312555789948,0.0004626959562301636
1331,forward,0.012361349537968636,2.9789283871650696e-05,0.023584013804793358,0.02361380308866501,8.299201726913452e-05,0.0,0.0
1331,backward,0.011109817773103714,1.7160549759864807e-05,0.06994020193815231,0.06995736248791218,8.496083319187164e-05,0.0,0.0
1331,optimizer,0.0012390539050102234,2.8559938073158264e-05,0.0012586116790771484,0.0012871716171503067,2.424977719783783e-05,0.005233787000179291,0.0004718564450740814
1332,forward,0.012457352131605148,3.094226121902466e-05,0.023465119302272797,0.02349606156349182,8.506327867507935e-05,0.0,0.0
1332,backward,0.011142529547214508,2.2780150175094604e-05,0.06963279657065868,0.06965557672083378,8.602254092693329e-05,0.0,0.0
1332,optimizer,0.0012217611074447632,3.097951412200928e-05,0.001265019178390503,0.0012959986925125122,2.2398307919502258e-05,0.0007194019854068756,0.00046120956540107727
1333,forward,0.012400422245264053,2.882257103919983e-05,0.02347741834819317,0.02350624091923237,8.35619866847992e-05,0.0,0.0
1333,backward,0.011176900938153267,1.640990376472473e-05,0.07006297260522842,0.07007938250899315,8.733198046684265e-05,0.0,0.0
1333,optimizer,0.001246931031346321,2.8021633625030518e-05,0.0012603122740983963,0.0012883339077234268,2.4318695068359375e-05,0.0008128639310598373,0.00046067871153354645
1334,forward,0.012485342100262642,2.9589980840682983e-05,0.023440269753336906,0.02346985973417759,8.715130388736725e-05,0.0,0.0
1334,backward,0.011165041476488113,1.6858801245689392e-05,0.06960342451930046,0.06962028332054615,8.446164429187775e-05,0.0,0.0
1334,optimizer,0.0012323744595050812,3.220885992050171e-05,0.0012572593986988068,0.0012894682586193085,2.5920569896697998e-05,0.0005338601768016815,0.00046478770673274994
1335,forward,0.01238810271024704,2.8878450393676758e-05,0.023524798452854156,0.023553676903247833,9.372085332870483e-05,0.0,0.0
1335,backward,0.011130081489682198,1.594051718711853e-05,0.06995273940265179,0.0699686799198389,8.777342736721039e-05,0.0,0.0
1335,optimizer,0.0012421011924743652,3.1692907214164734e-05,0.0012572519481182098,0.0012889448553323746,2.569146454334259e-05,0.0009060464799404144,0.0004677809774875641
1336,forward,0.012349281460046768,2.9999762773513794e-05,0.023536430671811104,0.023566430434584618,0.0001071728765964508,0.0,0.0
1336,backward,0.011268293485045433,3.0780211091041565e-05,0.0699088592082262,0.06993963941931725,8.731335401535034e-05,0.0,0.0
1336,optimizer,0.001467086374759674,3.0860304832458496e-05,0.00121409073472023,0.0012449510395526886,2.6013702154159546e-05,0.0005059149116277695,0.0005308277904987335
1337,forward,0.013139253482222557,2.7859583497047424e-05,0.022818077355623245,0.022845936939120293,7.897242903709412e-05,0.0,0.0
1337,backward,0.011091271415352821,1.5739351511001587e-05,0.0696970745921135,0.0697128139436245,8.66129994392395e-05,0.0,0.0
1337,optimizer,0.0012605469673871994,2.9986724257469177e-05,0.00125981867313385,0.0012898053973913193,2.6959925889968872e-05,0.0004817601293325424,0.0004639476537704468
1338,forward,0.012466393411159515,2.977997064590454e-05,0.023429349064826965,0.02345912903547287,8.185207843780518e-05,0.0,0.0
1338,backward,0.011126620694994926,1.958012580871582e-05,0.06994039006531239,0.0699599701911211,8.791312575340271e-05,0.0,0.0
1338,optimizer,0.0012249816209077835,2.5391578674316406e-05,0.0012635905295610428,0.0012889821082353592,2.42721289396286e-05,0.0008938033133745193,0.0004669949412345886
1339,forward,0.012394832447171211,3.0061230063438416e-05,0.023556958884000778,0.023587020114064217,8.337199687957764e-05,0.0,0.0
1339,backward,0.011154459789395332,1.5640631318092346e-05,0.06961644627153873,0.06963208690285683,8.543208241462708e-05,0.0,0.0
1339,optimizer,0.0012251976877450943,2.9729679226875305e-05,0.0012638848274946213,0.0012936145067214966,3.5841017961502075e-05,0.0005022771656513214,0.0004613678902387619
1340,forward,0.01234625093638897,3.037974238395691e-05,0.023536840453743935,0.02356722019612789,8.322112262248993e-05,0.0,0.0
1340,backward,0.01115453988313675,1.6592442989349365e-05,0.06972375698387623,0.06974034942686558,8.851289749145508e-05,0.0,0.0
1340,optimizer,0.0011547394096851349,2.9122456908226013e-05,0.001253252848982811,0.001282375305891037,2.4650245904922485e-05,0.00048206746578216553,0.00046528875827789307
1341,forward,0.01248987391591072,3.037974238395691e-05,0.02337842807173729,0.023408807814121246,8.233077824115753e-05,0.0,0.0
1341,backward,0.01117442175745964,1.5560537576675415e-05,0.07009122334420681,0.07010678388178349,8.749216794967651e-05,0.0,0.0
1341,optimizer,0.0010409355163574219,3.081187605857849e-05,0.001261681318283081,0.0012924931943416595,2.723000943660736e-05,0.0007898248732089996,0.00046410784125328064
1342,forward,0.012340119108557701,2.94465571641922e-05,0.023589473217725754,0.023618919774889946,8.341856300830841e-05,0.0,0.0
1342,backward,0.011246399953961372,1.8600374460220337e-05,0.06971935741603374,0.06973795779049397,8.597224950790405e-05,0.0,0.0
1342,optimizer,0.00118195079267025,3.069080412387848e-05,0.0012606307864189148,0.0012913215905427933,2.468004822731018e-05,0.0004909206181764603,0.00046450085937976837
1343,forward,0.012360619381070137,3.002956509590149e-05,0.023522451519966125,0.023552481085062027,8.570961654186249e-05,0.0,0.0
1343,backward,0.011479120701551437,1.6158446669578552e-05,0.06974305585026741,0.06975921429693699,8.677877485752106e-05,0.0,0.0
1343,optimizer,0.0011934135109186172,3.246776759624481e-05,0.0012568794190883636,0.0012893471866846085,2.4059787392616272e-05,0.0008941665291786194,0.0004597660154104233
1344,forward,0.012331811711192131,3.048032522201538e-05,0.023623991757631302,0.023654472082853317,0.00013241171836853027,0.0,0.0
1344,backward,0.011143539100885391,1.6849488019943237e-05,0.06977714784443378,0.06979399733245373,8.628331124782562e-05,0.0,0.0
1344,optimizer,0.00122763030230999,3.070756793022156e-05,0.0012580621987581253,0.0012887697666883469,2.4762004613876343e-05,0.0004841480404138565,0.00046919845044612885
1345,forward,0.012343451380729675,3.057345747947693e-05,0.02356327883899212,0.023593852296471596,7.838010787963867e-05,0.0,0.0
1345,backward,0.011247921735048294,1.727975904941559e-05,0.06961885467171669,0.0696361344307661,8.482113480567932e-05,0.0,0.0
1345,optimizer,0.0011764392256736755,2.61794775724411e-05,0.001265043392777443,0.001291222870349884,2.546049654483795e-05,0.0004913359880447388,0.0005039684474468231
1346,forward,0.012676024809479713,3.0802562832832336e-05,0.023253846913576126,0.02328464947640896,8.872337639331818e-05,0.0,0.0
1346,backward,0.011197719722986221,1.844950020313263e-05,0.06991977989673615,0.06993822939693928,8.546561002731323e-05,0.0,0.0
1346,optimizer,0.0011683888733386993,2.63117253780365e-05,0.0012634620070457458,0.0012897737324237823,2.6360154151916504e-05,0.0004903879016637802,0.0004596579819917679
1347,forward,0.012463444843888283,3.084726631641388e-05,0.023467419669032097,0.02349826693534851,8.004158735275269e-05,0.0,0.0
1347,backward,0.011196771636605263,1.8719583749771118e-05,0.06986958906054497,0.06988830864429474,8.907169103622437e-05,0.0,0.0
1347,optimizer,0.0011610575020313263,2.969987690448761e-05,0.0012617725878953934,0.001291472464799881,2.4069100618362427e-05,0.0010272171348333359,0.0005186107009649277
1348,forward,0.012353600934147835,3.1130388379096985e-05,0.02353834919631481,0.02356947958469391,8.638016879558563e-05,0.0,0.0
1348,backward,0.011096717789769173,1.552887260913849e-05,0.07009712420403957,0.07011265307664871,8.867122232913971e-05,0.0,0.0
1348,optimizer,0.0012279003858566284,3.0200928449630737e-05,0.001261543482542038,0.0012917444109916687,2.4061650037765503e-05,0.0009221863001585007,0.00046652741730213165
1349,forward,0.012663254514336586,3.090128302574158e-05,0.023248424753546715,0.023279326036572456,8.3141028881073e-05,0.0,0.0
1349,backward,0.011158490553498268,1.6469508409500122e-05,0.06963225454092026,0.06964872404932976,9.098276495933533e-05,0.0,0.0
1349,optimizer,0.001254212111234665,2.8172507882118225e-05,0.0012565813958644867,0.001284753903746605,2.5110319256782532e-05,0.00051092728972435,0.0004685688763856888
1350,forward,0.012383481487631798,2.931244671344757e-05,0.02352645993232727,0.023555772379040718,8.896179497241974e-05,0.0,0.0
1350,backward,0.011193638667464256,1.7609447240829468e-05,0.0699940025806427,0.07001161202788353,8.862093091011047e-05,0.0,0.0
1350,optimizer,0.0011640824377536774,2.8749927878379822e-05,0.001258770003914833,0.0012875199317932129,2.3107975721359253e-05,0.000998757779598236,0.00046724826097488403
1351,forward,0.012433361262083054,2.8990209102630615e-05,0.02347083017230034,0.02349982038140297,8.741207420825958e-05,0.0,0.0
1351,backward,0.011244671419262886,1.4388933777809143e-05,0.06971532665193081,0.06972971558570862,8.099153637886047e-05,0.0,0.0
1351,optimizer,0.0011589322239160538,3.153085708618164e-05,0.0012635886669158936,0.0012951195240020752,2.5250017642974854e-05,0.000492926687002182,0.0004957877099514008
1352,forward,0.012411484494805336,3.07522714138031e-05,0.023479318246245384,0.023510070517659187,8.491985499858856e-05,0.0,0.0
1352,backward,0.011243041604757309,2.0829960703849792e-05,0.06991174072027206,0.06993257068097591,8.695200085639954e-05,0.0,0.0
1352,optimizer,0.0011569391936063766,3.14079225063324e-05,0.001261841505765915,0.0012932494282722473,2.2852793335914612e-05,0.0008523445576429367,0.00046341679990291595
1353,forward,0.0123409703373909,3.0230730772018433e-05,0.023598242551088333,0.02362847328186035,8.141249418258667e-05,0.0,0.0
1353,backward,0.011274809017777443,1.51805579662323e-05,0.06953975558280945,0.06955493614077568,8.170120418071747e-05,0.0,0.0
1353,optimizer,0.0012439023703336716,2.63899564743042e-05,0.0012602508068084717,0.0012866407632827759,2.4901703000068665e-05,0.0004972945898771286,0.0004613678902387619
1354,forward,0.012776469811797142,2.979859709739685e-05,0.02309689298272133,0.023126691579818726,8.250214159488678e-05,0.0,0.0
1354,backward,0.011095862835645676,1.7618760466575623e-05,0.07007817178964615,0.07009579055011272,8.208118379116058e-05,0.0,0.0
1354,optimizer,0.0012250617146492004,2.8349459171295166e-05,0.0012638606131076813,0.0012922100722789764,2.652779221534729e-05,0.0008874237537384033,0.00046297721564769745
1355,forward,0.01247900165617466,2.9379501938819885e-05,0.023423708975315094,0.023453088477253914,8.367002010345459e-05,0.0,0.0
1355,backward,0.01122983917593956,1.667998731136322e-05,0.0697853285819292,0.06980200856924057,8.90921801328659e-05,0.0,0.0
1355,optimizer,0.001173403114080429,2.8079375624656677e-05,0.0012580100446939468,0.0012860894203186035,2.3368746042251587e-05,0.000829135999083519,0.000462215393781662
1356,forward,0.012326201424002647,3.061257302761078e-05,0.023593539372086525,0.023624151945114136,8.233077824115753e-05,0.0,0.0
1356,backward,0.01142522320151329,1.738034188747406e-05,0.06957191415131092,0.0695892944931984,9.035132825374603e-05,0.0,0.0
1356,optimizer,0.00122871994972229,2.564862370491028e-05,0.001258552074432373,0.0012842006981372833,2.6809051632881165e-05,0.0004952363669872284,0.00046413950622081757
1357,forward,0.012337308377027512,2.954155206680298e-05,0.02357476018369198,0.02360430173575878,8.240528404712677e-05,0.0,0.0
1357,backward,0.011128019541501999,1.595914363861084e-05,0.06999874114990234,0.07001470029354095,8.805282413959503e-05,0.0,0.0
1357,optimizer,0.0012377109378576279,2.672336995601654e-05,0.0012585017830133438,0.0012852251529693604,2.380087971687317e-05,0.0008247848600149155,0.00046524778008461
1358,forward,0.012319590896368027,2.8809532523155212e-05,0.02364298142492771,0.023671790957450867,8.558109402656555e-05,0.0,0.0
1358,backward,0.011153249070048332,1.6439706087112427e-05,0.0697300173342228,0.0697464570403099,8.759088814258575e-05,0.0,0.0
1358,optimizer,0.0012291576713323593,2.7319416403770447e-05,0.0012561026960611343,0.0012834221124649048,2.3521482944488525e-05,0.0004925783723592758,0.00046322867274284363
1359,forward,0.012361319735646248,3.1322240829467773e-05,0.023528899997472763,0.02356022223830223,8.668005466461182e-05,0.0,0.0
1359,backward,0.011283213272690773,1.5178695321083069e-05,0.06998364068567753,0.06999881938099861,8.754432201385498e-05,0.0,0.0
1359,optimizer,0.0012509338557720184,2.8599053621292114e-05,0.0012619998306035995,0.0012905988842248917,2.5112181901931763e-05,0.0008867532014846802,0.00046157650649547577
1360,forward,0.012424299493432045,3.220885992050171e-05,0.02348020114004612,0.02351240999996662,8.15708190202713e-05,0.0,0.0
1360,backward,0.011148221790790558,1.41877681016922e-05,0.06960388273000717,0.06961807049810886,8.449144661426544e-05,0.0,0.0
1360,optimizer,0.001243390142917633,2.8248876333236694e-05,0.001264970749616623,0.0012932196259498596,2.5169923901557922e-05,0.0004878900945186615,0.0004577748477458954
1361,forward,0.012365933507680893,2.7941539883613586e-05,0.023533210158348083,0.023561151698231697,8.369982242584229e-05,0.0,0.0
1361,backward,0.011276943609118462,1.638755202293396e-05,0.06976926699280739,0.06978565454483032,8.479878306388855e-05,0.0,0.0
1361,optimizer,0.0011719521135091782,2.8712674975395203e-05,0.0012545902281999588,0.001283302903175354,2.5250017642974854e-05,0.0009226854890584946,0.0004643090069293976
1362,forward,0.012315681204199791,3.110058605670929e-05,0.023643402382731438,0.023674502968788147,9.257905185222626e-05,0.0,0.0
1362,backward,0.011187760159373283,1.5692785382270813e-05,0.06964333727955818,0.06965903006494045,8.655153214931488e-05,0.0,0.0
1362,optimizer,0.0012307073920965195,2.9982998967170715e-05,0.001257631927728653,0.0012876149266958237,2.5920569896697998e-05,0.0004934705793857574,0.00046602822840213776
1363,forward,0.01245715469121933,3.304891288280487e-05,0.02345798723399639,0.023491036146879196,8.070282638072968e-05,0.0,0.0
1363,backward,0.011313421651721,1.7551705241203308e-05,0.06988965161144733,0.06990720331668854,8.621066808700562e-05,0.0,0.0
1363,optimizer,0.00121329165995121,3.094039857387543e-05,0.001260649412870407,0.0012915898114442825,2.3059546947479248e-05,0.0008597839623689651,0.00045754946768283844
1364,forward,0.012422079220414162,3.767944872379303e-05,0.023516220971941948,0.02355390042066574,8.347071707248688e-05,0.0,0.0
1364,backward,0.011235009878873825,1.555308699607849e-05,0.06981620006263256,0.06983175314962864,8.505024015903473e-05,0.0,0.0
1364,optimizer,0.0011628195643424988,2.7321279048919678e-05,0.0012634024024009705,0.0012907236814498901,3.429129719734192e-05,0.0005534198135137558,0.0004591885954141617
1365,forward,0.01237284205853939,2.8721988201141357e-05,0.023534299805760384,0.023563021793961525,8.458271622657776e-05,0.0,0.0
1365,backward,0.011084550991654396,2.34115868806839e-05,0.07010675221681595,0.07013016380369663,8.386373519897461e-05,0.0,0.0
1365,optimizer,0.001233372837305069,2.923049032688141e-05,0.0012603923678398132,0.0012896228581666946,2.6147812604904175e-05,0.0008125249296426773,0.00047459639608860016
1366,forward,0.012446772307157516,2.8818845748901367e-05,0.02350783906877041,0.02353665791451931,8.48621129989624e-05,0.0,0.0
1366,backward,0.011210879310965538,1.627020537853241e-05,0.0696217268705368,0.06963799707591534,9.948201477527618e-05,0.0,0.0
1366,optimizer,0.0011573974043130875,2.7859583497047424e-05,0.001258132979273796,0.0012859925627708435,2.6870518922805786e-05,0.0004892703145742416,0.00046584010124206543
1367,forward,0.012397648766636848,3.0370429158210754e-05,0.02346223033964634,0.02349260076880455,8.45734030008316e-05,0.0,0.0
1367,backward,0.011244140565395355,1.583993434906006e-05,0.07004252448678017,0.07005836442112923,8.729100227355957e-05,0.0,0.0
1367,optimizer,0.0012246686965227127,2.826191484928131e-05,0.0012568309903144836,0.001285092905163765,2.378039062023163e-05,0.0007932242006063461,0.0004621390253305435
1368,forward,0.012661095708608627,2.941116690635681e-05,0.023249976336956024,0.02327938750386238,8.296407759189606e-05,0.0,0.0
1368,backward,0.011161336675286293,1.62515789270401e-05,0.06980618089437485,0.06982243247330189,8.67210328578949e-05,0.0,0.0
1368,optimizer,0.0012290608137845993,2.758018672466278e-05,0.0012549720704555511,0.001282552257180214,2.603977918624878e-05,0.000497547909617424,0.0004747379571199417
1369,forward,0.012442033737897873,2.9942020773887634e-05,0.023456299677491188,0.023486241698265076,8.548237383365631e-05,0.0,0.0
1369,backward,0.011120490729808807,1.8849968910217285e-05,0.06962171569466591,0.06964056566357613,8.6270272731781e-05,0.0,0.0
1369,optimizer,0.0012349877506494522,2.966076135635376e-05,0.0012605227530002594,0.0012901835143566132,2.4031847715377808e-05,0.000784311443567276,0.0004666689783334732
1370,forward,0.012454291805624962,2.983957529067993e-05,0.023440420627593994,0.023470260202884674,8.373893797397614e-05,0.0,0.0
1370,backward,0.011438855901360512,1.5070661902427673e-05,0.06973582692444324,0.06975089758634567,8.882209658622742e-05,0.0,0.0
1370,optimizer,0.001242922618985176,3.191269934177399e-05,0.001260809600353241,0.001292722299695015,2.3873522877693176e-05,0.0009546466171741486,0.0004716385155916214
1371,forward,0.012335559353232384,3.008916974067688e-05,0.023623064160346985,0.023653153330087662,8.468888700008392e-05,0.0,0.0
1371,backward,0.011174269020557404,1.727975904941559e-05,0.06976226903498173,0.06977954879403114,9.224005043506622e-05,0.0,0.0
1371,optimizer,0.001236582174897194,2.8580427169799805e-05,0.001252051442861557,0.0012806318700313568,2.3148953914642334e-05,0.0004901085048913956,0.0004691481590270996
1372,forward,0.012363627552986145,3.203935921192169e-05,0.023530080914497375,0.023562120273709297,8.349120616912842e-05,0.0,0.0
1372,backward,0.011132078245282173,1.488812267780304e-05,0.06992307119071484,0.06993795931339264,8.463114500045776e-05,0.0,0.0
1372,optimizer,0.0012259278446435928,3.205239772796631e-05,0.0012617520987987518,0.0012938044965267181,3.319978713989258e-05,0.0008523762226104736,0.00045907869935035706
1373,forward,0.012517405673861504,3.148987889289856e-05,0.023441366851329803,0.023472856730222702,8.19619745016098e-05,0.0,0.0
1373,backward,0.01120959036052227,1.923181116580963e-05,0.0696538258343935,0.06967305764555931,8.450262248516083e-05,0.0,0.0
1373,optimizer,0.0012143533676862717,3.244169056415558e-05,0.0012607090175151825,0.001293150708079338,2.5499612092971802e-05,0.0004899166524410248,0.0004628673195838928
1374,forward,0.012500882148742676,2.8248876333236694e-05,0.023399660363793373,0.02342790924012661,8.163973689079285e-05,0.0,0.0
1374,backward,0.011203119531273842,1.6398727893829346e-05,0.06967916898429394,0.06969556771218777,8.600205183029175e-05,0.0,0.0
1374,optimizer,0.0012348238378763199,2.5529414415359497e-05,0.0012579597532749176,0.001283489167690277,2.2392719984054565e-05,0.0004888884723186493,0.00047955848276615143
1375,forward,0.012354511767625809,2.942979335784912e-05,0.023563111200928688,0.023592540994286537,8.567050099372864e-05,0.0,0.0
1375,backward,0.011510595679283142,1.621060073375702e-05,0.06960437446832657,0.06962058506906033,9.844265878200531e-05,0.0,0.0
1375,optimizer,0.0012379903346300125,2.793222665786743e-05,0.001256052404642105,0.0012839846312999725,2.4592503905296326e-05,0.0008882451802492142,0.0004690885543823242
1376,forward,0.012380840256810188,3.036297857761383e-05,0.023557420819997787,0.0235877837985754,8.339248597621918e-05,0.0,0.0
1376,backward,0.011577252298593521,1.4740973711013794e-05,0.06933207251131535,0.06934681348502636,8.608214557170868e-05,0.0,0.0
1376,optimizer,0.0012253783643245697,2.898089587688446e-05,0.0012571532279253006,0.001286134123802185,2.5490298867225647e-05,0.0004888083785772324,0.00046599842607975006
1377,forward,0.012395063415169716,3.01506370306015e-05,0.02353248931467533,0.023562639951705933,9.017251431941986e-05,0.0,0.0
1377,backward,0.01146763376891613,1.8201768398284912e-05,0.06986436061561108,0.06988256238400936,8.798204362392426e-05,0.0,0.0
1377,optimizer,0.0012453235685825348,2.857111394405365e-05,0.0012632384896278381,0.0012918096035718918,2.4281442165374756e-05,0.0008871238678693771,0.0004663970321416855
1378,forward,0.012409569695591927,3.064051270484924e-05,0.023512350395321846,0.023542990908026695,8.576363325119019e-05,0.0,0.0
1378,backward,0.011180620640516281,1.4813616871833801e-05,0.06970422714948654,0.06971904076635838,8.483231067657471e-05,0.0,0.0
1378,optimizer,0.001184338703751564,3.009103238582611e-05,0.0012473221868276596,0.0012774132192134857,2.6399269700050354e-05,0.0004907902330160141,0.00046489760279655457
1379,forward,0.012325199320912361,2.899952232837677e-05,0.023578772321343422,0.0236077718436718,8.735060691833496e-05,0.0,0.0
1379,backward,0.01117757335305214,1.3999640941619873e-05,0.07007339224219322,0.07008739188313484,8.652172982692719e-05,0.0,0.0
1379,optimizer,0.0011636409908533096,2.9053539037704468e-05,0.0012607723474502563,0.0012898258864879608,2.304092049598694e-05,0.0008939746767282486,0.0004601888358592987
1380,forward,0.012449085712432861,3.0299648642539978e-05,0.02348225936293602,0.02351255901157856,8.374080061912537e-05,0.0,0.0
1380,backward,0.01131003350019455,1.5020370483398438e-05,0.06949648261070251,0.06951150298118591,8.435174822807312e-05,0.0,0.0
1380,optimizer,0.0011590979993343353,2.7799978852272034e-05,0.0012609735131263733,0.0012887734919786453,2.3989006876945496e-05,0.0004893876612186432,0.0004589185118675232
1381,forward,0.012359729036688805,3.069266676902771e-05,0.023537689819931984,0.02356838248670101,8.289143443107605e-05,0.0,0.0
1381,backward,0.011341454461216927,1.689046621322632e-05,0.06981788948178291,0.06983477994799614,8.409097790718079e-05,0.0,0.0
1381,optimizer,0.0011685602366924286,2.827867865562439e-05,0.0012582112103700638,0.0012864898890256882,2.7300789952278137e-05,0.0004893001168966293,0.0004583485424518585
1382,forward,0.012334242463111877,2.8399750590324402e-05,0.023616179823875427,0.02364457957446575,8.453242480754852e-05,0.0,0.0
1382,backward,0.011305203661322594,1.4808028936386108e-05,0.06954042240977287,0.06955523043870926,8.497200906276703e-05,0.0,0.0
1382,optimizer,0.0012578517198562622,2.7760863304138184e-05,0.00125926174223423,0.0012870226055383682,2.608262002468109e-05,0.0004993677139282227,0.000466248020529747
1383,forward,0.01231866143643856,3.053992986679077e-05,0.023609019815921783,0.023639559745788574,8.121132850646973e-05,0.0,0.0
1383,backward,0.011534566059708595,1.7512589693069458e-05,0.06964640691876411,0.06966391950845718,9.165331721305847e-05,0.0,0.0
1383,optimizer,0.001240929588675499,2.602115273475647e-05,0.0012637712061405182,0.0012897923588752747,2.3173168301582336e-05,0.0008735544979572296,0.000475248321890831
1384,forward,0.012233879417181015,2.9591843485832214e-05,0.023629361763596535,0.023658953607082367,8.056312799453735e-05,0.0,0.0
1384,backward,0.011558277532458305,1.7508864402770996e-05,0.06944899074733257,0.06946649961173534,9.750388562679291e-05,0.0,0.0
1384,optimizer,0.00134982168674469,5.551055073738098e-05,0.0012416094541549683,0.0012971200048923492,2.4260953068733215e-05,0.0004967581480741501,0.00048715807497501373
1385,forward,0.012484611943364143,2.9919669032096863e-05,0.023454630747437477,0.023484550416469574,8.541345596313477e-05,0.0,0.0
1385,backward,0.011283710598945618,1.5778467059135437e-05,0.06967711634933949,0.06969289481639862,9.189173579216003e-05,0.0,0.0
1385,optimizer,0.0011785700917243958,2.544000744819641e-05,0.0012623313814401627,0.001287771388888359,2.5331974029541016e-05,0.0004979968070983887,0.0004668477922677994
1386,forward,0.012368371710181236,4.179030656814575e-05,0.023549409583210945,0.02359119988977909,0.00010450184345245361,0.0,0.0
1386,backward,0.011167431250214577,1.4251098036766052e-05,0.06957587413489819,0.06959012523293495,8.582882583141327e-05,0.0,0.0
1386,optimizer,0.0011749397963285446,2.7779489755630493e-05,0.001258261501789093,0.0012860409915447235,2.721138298511505e-05,0.000527210533618927,0.0004766806960105896
1387,forward,0.012376932427287102,3.1519681215286255e-05,0.02353237010538578,0.023563889786601067,8.244253695011139e-05,0.0,0.0
1387,backward,0.011468855664134026,1.553073525428772e-05,0.06976025551557541,0.0697757862508297,8.794479072093964e-05,0.0,0.0
1387,optimizer,0.0012414325028657913,2.8809532523155212e-05,0.0012562517076730728,0.001285061240196228,2.5268644094467163e-05,0.0008659958839416504,0.0004726983606815338
1388,forward,0.012362860143184662,5.603022873401642e-05,0.023542901501059532,0.02359893172979355,9.588152170181274e-05,0.0,0.0
1388,backward,0.011215761303901672,1.689232885837555e-05,0.06949074193835258,0.06950763426721096,8.18297266960144e-05,0.0,0.0
1388,optimizer,0.0012404397130012512,2.965889871120453e-05,0.0012585017830133438,0.0012881606817245483,2.4119392037391663e-05,0.0009037256240844727,0.0004544258117675781
1389,forward,0.01236596331000328,3.042072057723999e-05,0.023524869233369827,0.023555289953947067,8.345209062099457e-05,0.0,0.0
1389,backward,0.011334840208292007,1.551210880279541e-05,0.069599075242877,0.0696145873516798,8.883140981197357e-05,0.0,0.0
1389,optimizer,0.0012657009065151215,2.8541311621665955e-05,0.0012577306479215622,0.0012862719595432281,2.361088991165161e-05,0.0004978179931640625,0.0004648752510547638
1390,forward,0.012580342590808868,3.1441450119018555e-05,0.02331489697098732,0.02334633842110634,8.581206202507019e-05,0.0,0.0
1390,backward,0.01115872897207737,1.598149538040161e-05,0.06989764049649239,0.06991362199187279,8.989125490188599e-05,0.0,0.0
1390,optimizer,0.0012232717126607895,3.0122697353363037e-05,0.0012580100446939468,0.0012881327420473099,2.2942200303077698e-05,0.0009766370058059692,0.00046293437480926514
1391,forward,0.012967182323336601,3.1499192118644714e-05,0.02300965040922165,0.023041149601340294,8.296221494674683e-05,0.0,0.0
1391,backward,0.01117824949324131,1.622922718524933e-05,0.06963006593286991,0.06964629516005516,8.53314995765686e-05,0.0,0.0
1391,optimizer,0.0012407917529344559,2.7952715754508972e-05,0.0012577008455991745,0.0012856535613536835,2.324022352695465e-05,0.0004903599619865417,0.0004657767713069916
1392,forward,0.01271277666091919,2.845190465450287e-05,0.023170823231339455,0.023199275135993958,8.254498243331909e-05,0.0,0.0
1392,backward,0.011172670871019363,1.886114478111267e-05,0.06983171962201595,0.06985058076679707,8.863210678100586e-05,0.0,0.0
1392,optimizer,0.0012232139706611633,2.771243453025818e-05,0.0012594014406204224,0.0012871138751506805,2.347119152545929e-05,0.000869356095790863,0.0005185510963201523
1393,forward,0.012361288070678711,2.70698219537735e-05,0.02354361116886139,0.023570680990815163,8.14925879240036e-05,0.0,0.0
1393,backward,0.011170169338583946,1.707114279270172e-05,0.07011804357171059,0.07013511471450329,8.683279156684875e-05,0.0,0.0
1393,optimizer,0.0011843610554933548,2.9919669032096863e-05,0.0012589413672685623,0.0012888610363006592,2.3500993847846985e-05,0.0009050071239471436,0.0004598591476678848
1394,forward,0.012635143473744392,4.323013126850128e-05,0.023319415748119354,0.023362645879387856,9.94708389043808e-05,0.0,0.0
1394,backward,0.01120666228234768,1.788698136806488e-05,0.069617485627532,0.06963537260890007,8.902512490749359e-05,0.0,0.0
1394,optimizer,0.0012230705469846725,2.9712915420532227e-05,0.0012586414813995361,0.0012883543968200684,2.5190412998199463e-05,0.0005407202988862991,0.0004896689206361771
1395,forward,0.01267709955573082,3.138743340969086e-05,0.02323424443602562,0.02326563186943531,8.368119597434998e-05,0.0,0.0
1395,backward,0.011179087683558464,1.6259029507637024e-05,0.06990569271147251,0.06992195174098015,8.591078221797943e-05,0.0,0.0
1395,optimizer,0.0012354031205177307,3.0491501092910767e-05,0.00125901959836483,0.0012895110994577408,2.5991350412368774e-05,0.0007872246205806732,0.00046134740114212036
1396,forward,0.012377770617604256,3.006868064403534e-05,0.023563241586089134,0.02359331026673317,8.602254092693329e-05,0.0,0.0
1396,backward,0.011195117607712746,1.741945743560791e-05,0.06968478858470917,0.06970220804214478,8.687935769557953e-05,0.0,0.0
1396,optimizer,0.0012302901595830917,2.9278919100761414e-05,0.0012654606252908707,0.001294739544391632,2.4858862161636353e-05,0.0004977080971002579,0.0004979502409696579
1397,forward,0.012471793219447136,2.9727816581726074e-05,0.023446127772331238,0.023475855588912964,8.438900113105774e-05,0.0,0.0
1397,backward,0.011157827451825142,1.6333535313606262e-05,0.070176025852561,0.0701923593878746,8.549168705940247e-05,0.0,0.0
1397,optimizer,0.0012286044657230377,3.088079392910004e-05,0.001257520169019699,0.0012884009629487991,2.645142376422882e-05,0.0008204523473978043,0.0004684571176767349
1398,forward,0.012376690283417702,2.9731541872024536e-05,0.023525230586528778,0.023554962128400803,8.307024836540222e-05,0.0,0.0
1398,backward,0.011313322931528091,1.858919858932495e-05,0.06966576538980007,0.0696843545883894,9.023211896419525e-05,0.0,0.0
1398,optimizer,0.001247091218829155,2.9480084776878357e-05,0.0012595616281032562,0.0012890417128801346,2.572871744632721e-05,0.0004959478974342346,0.00046813488006591797
1399,forward,0.012505142018198967,2.9578804969787598e-05,0.023404749110341072,0.02343432791531086,7.947906851768494e-05,0.0,0.0
1399,backward,0.011151537299156189,1.4470890164375305e-05,0.06988432072103024,0.06989879161119461,8.668191730976105e-05,0.0,0.0
1399,optimizer,0.0009623579680919647,3.035925328731537e-05,0.0012596417218446732,0.0012900009751319885,2.4961307644844055e-05,0.0008368436247110367,0.00046157650649547577
1400,forward,0.01241859421133995,3.1132251024246216e-05,0.02347828820347786,0.023509420454502106,8.242949843406677e-05,0.0,0.0
1400,backward,0.011205801740288734,1.727975904941559e-05,0.06989290937781334,0.06991018913686275,8.451007306575775e-05,0.0,0.0
1400,optimizer,0.001219162717461586,2.9498711228370667e-05,0.0012598298490047455,0.0012893285602331161,2.6132911443710327e-05,0.00048531778156757355,0.00045848824083805084
1401,forward,0.01238420233130455,2.9249116778373718e-05,0.02351129986345768,0.023540548980236053,8.492171764373779e-05,0.0,0.0
1401,backward,0.011172449216246605,1.803971827030182e-05,0.06976859830319881,0.06978663802146912,8.275918662548065e-05,0.0,0.0
1401,optimizer,0.0012439098209142685,3.102049231529236e-05,0.001265382394194603,0.0012964028865098953,2.3989006876945496e-05,0.00048226863145828247,0.00046706758439540863
1402,forward,0.012446383014321327,3.034248948097229e-05,0.023503201082348824,0.023533543571829796,8.147023618221283e-05,0.0,0.0
1402,backward,0.011216741055250168,1.778826117515564e-05,0.06995993107557297,0.06997771933674812,8.821114897727966e-05,0.0,0.0
1402,optimizer,0.0012439992278814316,2.789124846458435e-05,0.0012644119560718536,0.001292303204536438,2.4899840354919434e-05,0.0004967767745256424,0.00045919790863990784
1403,forward,0.012840548530220985,3.059953451156616e-05,0.023072851821780205,0.02310345135629177,7.99223780632019e-05,0.0,0.0
1403,backward,0.011138778179883957,1.6041100025177002e-05,0.06991426274180412,0.0699303038418293,8.704140782356262e-05,0.0,0.0
1403,optimizer,0.0012284386903047562,2.6600435376167297e-05,0.001259712502360344,0.0012863129377365112,2.2700056433677673e-05,0.0009755175560712814,0.0004908479750156403
1404,forward,0.01276225596666336,2.9439106583595276e-05,0.02313494309782982,0.023164382204413414,0.00010814331471920013,0.0,0.0
1404,backward,0.011262571439146996,1.8341466784477234e-05,0.06979929842054844,0.06981763988733292,8.591078221797943e-05,0.0,0.0
1404,optimizer,0.001223187893629074,2.8740614652633667e-05,0.0012556910514831543,0.001284431666135788,2.8420239686965942e-05,0.0004976876080036163,0.0004568789154291153
1405,forward,0.012539096176624298,2.7839094400405884e-05,0.02331443689763546,0.023342275992035866,8.72444361448288e-05,0.0,0.0
1405,backward,0.01112767681479454,1.624971628189087e-05,0.0697961114346981,0.06981236115098,8.957087993621826e-05,0.0,0.0
1405,optimizer,0.0012395717203617096,2.651102840900421e-05,0.0012594927102327347,0.001286003738641739,2.601929008960724e-05,0.0004976987838745117,0.00046901777386665344
1406,forward,0.01234162412583828,3.0800700187683105e-05,0.02357937954366207,0.023610180243849754,8.437037467956543e-05,0.0,0.0
1406,backward,0.011127421632409096,1.4159828424453735e-05,0.06980987638235092,0.06982403621077538,9.598955512046814e-05,0.0,0.0
1406,optimizer,0.0012411046773195267,2.7840957045555115e-05,0.0012507792562246323,0.0012786202132701874,2.392008900642395e-05,0.0004893001168966293,0.00047188811004161835
1407,forward,0.012362409383058548,3.533065319061279e-05,0.02354351244866848,0.023578843101859093,8.540228009223938e-05,0.0,0.0
1407,backward,0.01113453134894371,1.4767050743103027e-05,0.06977380812168121,0.06978857517242432,8.71121883392334e-05,0.0,0.0
1407,optimizer,0.0012293234467506409,2.859160304069519e-05,0.0012588798999786377,0.0012874715030193329,2.4022534489631653e-05,0.00048498809337615967,0.00045998021960258484
1408,forward,0.012886857613921165,2.9860064387321472e-05,0.02307356335222721,0.023103423416614532,8.413940668106079e-05,0.0,0.0
1408,backward,0.011133329942822456,1.636892557144165e-05,0.07004974223673344,0.07006611116230488,8.562207221984863e-05,0.0,0.0
1408,optimizer,0.0012361984699964523,3.108009696006775e-05,0.0012600217014551163,0.001291101798415184,2.6280060410499573e-05,0.00048250891268253326,0.000463997945189476
1409,forward,0.012760769575834274,2.858974039554596e-05,0.023168163374066353,0.0231967531144619,8.4633007645607e-05,0.0,0.0
1409,backward,0.011143269017338753,1.602061092853546e-05,0.06968830712139606,0.0697043277323246,8.461065590381622e-05,0.0,0.0
1409,optimizer,0.0012197699397802353,3.067962825298309e-05,0.001265471801161766,0.0012961514294147491,2.7779489755630493e-05,0.0004981290549039841,0.00046368688344955444
1410,forward,0.012561148032546043,3.0159950256347656e-05,0.02334846556186676,0.023378625512123108,8.280016481876373e-05,0.0,0.0
1410,backward,0.01122014969587326,1.580081880092621e-05,0.07005106285214424,0.07006686367094517,8.631125092506409e-05,0.0,0.0
1410,optimizer,0.001240970566868782,3.2009556889533997e-05,0.0012619514018297195,0.0012939609587192535,2.2958964109420776e-05,0.0009276550263166428,0.0004619695246219635
1411,forward,0.012735409662127495,2.8431415557861328e-05,0.02315758354961872,0.023186014965176582,8.1600621342659e-05,0.0,0.0
1411,backward,0.011165859177708626,1.7890706658363342e-05,0.06963754631578922,0.06965543702244759,8.87606292963028e-05,0.0,0.0
1411,optimizer,0.0012372322380542755,2.61794775724411e-05,0.001254720613360405,0.001280900090932846,2.4488195776939392e-05,0.000508427619934082,0.00046679750084877014
1412,forward,0.01250581257045269,3.145262598991394e-05,0.023418517783284187,0.0234499704092741,8.210167288780212e-05,0.0,0.0
1412,backward,0.011147869750857353,1.8090009689331055e-05,0.06999057345092297,0.0700086634606123,9.126216173171997e-05,0.0,0.0
1412,optimizer,0.0012431908398866653,2.5587156414985657e-05,0.001255221664905548,0.0012808088213205338,0.00013159215450286865,0.0005011893808841705,0.0004725605249404907
1413,forward,0.012329069897532463,2.9262155294418335e-05,0.023626191541552544,0.023655453696846962,9.052082896232605e-05,0.0,0.0
1413,backward,0.011197604238986969,1.413002610206604e-05,0.06966387294232845,0.06967800296843052,9.346380829811096e-05,0.0,0.0
1413,optimizer,0.001236695796251297,2.7900561690330505e-05,0.0012639593333005905,0.001291859894990921,2.7980655431747437e-05,0.0005054492503404617,0.0004712585359811783
1414,forward,0.012386290356516838,3.085285425186157e-05,0.023516898974776268,0.02354775182902813,8.423998951911926e-05,0.0,0.0
1414,backward,0.011130640283226967,1.3861805200576782e-05,0.07004904188215733,0.0700629036873579,8.725188672542572e-05,0.0,0.0
1414,optimizer,0.0012333672493696213,2.9668211936950684e-05,0.0012587923556566238,0.0012884605675935745,2.5130808353424072e-05,0.0009461361914873123,0.0004633590579032898
1415,forward,0.012455344200134277,2.8520822525024414e-05,0.023486807942390442,0.023515328764915466,8.57040286064148e-05,0.0,0.0
1415,backward,0.0111763384193182,1.621060073375702e-05,0.0695967748761177,0.06961298547685146,8.774362504482269e-05,0.0,0.0
1415,optimizer,0.0012357719242572784,3.0193477869033813e-05,0.0012544989585876465,0.0012846924364566803,2.4780631065368652e-05,0.0004825759679079056,0.0004632994532585144
1416,forward,0.01261051557958126,2.9999762773513794e-05,0.023282155394554138,0.023312155157327652,8.584186434745789e-05,0.0,0.0
1416,backward,0.011175209656357765,1.699104905128479e-05,0.06989537924528122,0.0699123702943325,8.781068027019501e-05,0.0,0.0
1416,optimizer,0.0012506414204835892,3.865920007228851e-05,0.0012654811143875122,0.0013041403144598007,2.294965088367462e-05,0.0008800439536571503,0.0004642978310585022
1417,forward,0.01233500987291336,3.1869858503341675e-05,0.023628512397408485,0.023660382255911827,8.713267743587494e-05,0.0,0.0
1417,backward,0.01155872642993927,1.5402212738990784e-05,0.06929589062929153,0.06931129284203053,8.801184594631195e-05,0.0,0.0
1417,optimizer,0.001232178881764412,2.9239803552627563e-05,0.0012624133378267288,0.0012916531413793564,2.376176416873932e-05,0.000491579994559288,0.0004654582589864731
1418,forward,0.012298813089728355,3.094226121902466e-05,0.023611240088939667,0.02364218235015869,8.413940668106079e-05,0.0,0.0
1418,backward,0.01116388663649559,1.5242025256156921e-05,0.06969022937119007,0.06970547139644623,8.735246956348419e-05,0.0,0.0
1418,optimizer,0.001223091036081314,3.0327588319778442e-05,0.0012630727142095566,0.001293400302529335,2.3460015654563904e-05,0.0004966892302036285,0.0004724878817796707
1419,forward,0.012518543750047684,3.1249597668647766e-05,0.023395627737045288,0.023426877334713936,8.069165050983429e-05,0.0,0.0
1419,backward,0.01122705452144146,1.5540048480033875e-05,0.06986412778496742,0.06987966783344746,8.506141602993011e-05,0.0,0.0
1419,optimizer,0.0011684689670801163,2.6052817702293396e-05,0.001263551414012909,0.0012896042317152023,2.5141984224319458e-05,0.0004899799823760986,0.0004660356789827347
1420,forward,0.012335408478975296,2.890266478061676e-05,0.023593822494149208,0.023622725158929825,8.162297308444977e-05,0.0,0.0
1420,backward,0.011215560138225555,1.8211081624031067e-05,0.06979350745677948,0.06981171853840351,9.126029908657074e-05,0.0,0.0
1420,optimizer,0.0011782515794038773,2.5620684027671814e-05,0.0012631416320800781,0.00128876231610775,2.41696834564209e-05,0.00069374218583107,0.00046214833855628967
1421,forward,0.012417281046509743,2.9528513550758362e-05,0.02353356033563614,0.023563088849186897,8.159317076206207e-05,0.0,0.0
1421,backward,0.011564437299966812,1.6810372471809387e-05,0.06974972784519196,0.06976653821766376,8.780136704444885e-05,0.0,0.0
1421,optimizer,0.0011559315025806427,2.7820467948913574e-05,0.0012599416077136993,0.001287762075662613,2.611987292766571e-05,0.0007873326539993286,0.00047117844223976135
1422,forward,0.012265181168913841,3.102235496044159e-05,0.02366665191948414,0.02369767427444458,8.434988558292389e-05,0.0,0.0
1422,backward,0.01158558763563633,1.5409663319587708e-05,0.06931737996637821,0.0693327896296978,8.746050298213959e-05,0.0,0.0
1422,optimizer,0.0012302212417125702,2.6630237698554993e-05,0.001254672184586525,0.00128130242228508,2.389959990978241e-05,0.0004903599619865417,0.0004636477679014206
1423,forward,0.012416277080774307,2.8831884264945984e-05,0.023503832519054413,0.02353266440331936,8.474104106426239e-05,0.0,0.0
1423,backward,0.01113482192158699,1.6100704669952393e-05,0.06998209841549397,0.06999819912016392,8.415244519710541e-05,0.0,0.0
1423,optimizer,0.0012490935623645782,2.8312206268310547e-05,0.0012559201568365097,0.0012842323631048203,2.4789944291114807e-05,0.0008969753980636597,0.0004613678902387619
1424,forward,0.012285998091101646,2.835877239704132e-05,0.02354426123201847,0.023572620004415512,8.370168507099152e-05,0.0,0.0
1424,backward,0.011429933831095695,1.5929341316223145e-05,0.06965586729347706,0.06967179663479328,8.559972047805786e-05,0.0,0.0
1424,optimizer,0.0012468881905078888,2.8830021619796753e-05,0.0012588035315275192,0.001287633553147316,2.5199726223945618e-05,0.0007331632077693939,0.0004613678902387619
1425,forward,0.012349659577012062,2.9359012842178345e-05,0.023540951311588287,0.023570310324430466,8.586235344409943e-05,0.0,0.0
1425,backward,0.011407487094402313,1.4489516615867615e-05,0.06952252238988876,0.06953701190650463,8.48919153213501e-05,0.0,0.0
1425,optimizer,0.0012369398027658463,2.96812504529953e-05,0.0012638010084629059,0.0012934822589159012,2.343207597732544e-05,0.0004898775368928909,0.00047001801431179047
1426,forward,0.01239234209060669,3.17692756652832e-05,0.02351212128996849,0.023543890565633774,8.514150977134705e-05,0.0,0.0
1426,backward,0.011214902624487877,1.6260892152786255e-05,0.06994801945984364,0.06996428035199642,8.990243077278137e-05,0.0,0.0
1426,optimizer,0.0012036096304655075,2.891942858695984e-05,0.001264801248908043,0.0012937206774950027,2.5091692805290222e-05,0.0004966873675584793,0.00046348758041858673
1427,forward,0.012500764802098274,2.8761103749275208e-05,0.02346600778400898,0.023494768887758255,8.144229650497437e-05,0.0,0.0
1427,backward,0.01114969328045845,1.7890706658363342e-05,0.0696935560554266,0.06971144676208496,8.5439532995224e-05,0.0,0.0
1427,optimizer,0.0012339502573013306,2.690032124519348e-05,0.0012565404176712036,0.001283440738916397,2.4899840354919434e-05,0.0004888474941253662,0.00046491995453834534
1428,forward,0.012748587876558304,3.0007213354110718e-05,0.02314174175262451,0.023171748965978622,8.208118379116058e-05,0.0,0.0
1428,backward,0.011508598923683167,1.8209218978881836e-05,0.06975997611880302,0.0697781853377819,8.670054376125336e-05,0.0,0.0
1428,optimizer,0.001250293105840683,2.7570873498916626e-05,0.0012543722987174988,0.0012819431722164154,2.580881118774414e-05,0.0008083339780569077,0.0004619266837835312
1429,forward,0.012372259050607681,2.927333116531372e-05,0.023505572229623795,0.02353484556078911,8.390843868255615e-05,0.0,0.0
1429,backward,0.011555695906281471,1.6119331121444702e-05,0.06927009113132954,0.06928621046245098,8.801184594631195e-05,0.0,0.0
1429,optimizer,0.0012458693236112595,2.5700777769088745e-05,0.0012659840285778046,0.0012916848063468933,2.5959685444831848e-05,0.0004973895847797394,0.00046726688742637634
1430,forward,0.012338418513536453,3.0471011996269226e-05,0.02353976108133793,0.023570232093334198,9.567104279994965e-05,0.0,0.0
1430,backward,0.011415364220738411,1.496821641921997e-05,0.06967960670590401,0.06969457492232323,8.581206202507019e-05,0.0,0.0
1430,optimizer,0.001217702403664589,2.6868656277656555e-05,0.0012612026184797287,0.0012880712747573853,2.2700056433677673e-05,0.000885283574461937,0.000459400936961174
1431,forward,0.012314273044466972,2.8410926461219788e-05,0.0235840305685997,0.02361244149506092,8.230283856391907e-05,0.0,0.0
1431,backward,0.01154574565589428,1.52587890625e-05,0.06957034394145012,0.06958560273051262,8.638016879558563e-05,0.0,0.0
1431,optimizer,0.001236042007803917,2.9340386390686035e-05,0.0012610722333192825,0.0012904126197099686,2.5879591703414917e-05,0.0004973579198122025,0.0004645977169275284
1432,forward,0.012279180809855461,2.871081233024597e-05,0.02361113205552101,0.023639842867851257,8.676014840602875e-05,0.0,0.0
1432,backward,0.011329395696520805,1.6419216990470886e-05,0.06949192099273205,0.06950834020972252,0.00010674074292182922,0.0,0.0
1432,optimizer,0.002055082470178604,5.675293505191803e-05,0.0009807068854570389,0.001037459820508957,2.7960166335105896e-05,0.0004926063120365143,0.0004856996238231659
1433,forward,0.01330372504889965,3.069266676902771e-05,0.02267242595553398,0.02270311862230301,8.50725919008255e-05,0.0,0.0
1433,backward,0.011339841410517693,1.4659017324447632e-05,0.06985819898545742,0.06987285800278187,8.812174201011658e-05,0.0,0.0
1433,optimizer,0.0012532919645309448,2.9189512133598328e-05,0.0012572314590215683,0.0012864209711551666,2.5959685444831848e-05,0.0005031079053878784,0.00047046877443790436
1434,forward,0.012262370437383652,3.143027424812317e-05,0.02367769181728363,0.023709122091531754,8.887238800525665e-05,0.0,0.0
1434,backward,0.011302072554826736,1.3560056686401367e-05,0.06951785273849964,0.06953141279518604,8.61920416355133e-05,0.0,0.0
1434,optimizer,0.0012344494462013245,2.896040678024292e-05,0.0012615099549293518,0.0012904703617095947,2.44826078414917e-05,0.00048457831144332886,0.0004667174071073532
1435,forward,0.012308789417147636,2.9418617486953735e-05,0.0235782191157341,0.023607637733221054,8.309073746204376e-05,0.0,0.0
1435,backward,0.011262472718954086,1.7080456018447876e-05,0.06987922824919224,0.06989630870521069,8.361227810382843e-05,0.0,0.0
1435,optimizer,0.0012305714190006256,2.711080014705658e-05,0.0012593120336532593,0.0012864228338003159,3.1968578696250916e-05,0.0008348971605300903,0.00046118907630443573
1436,forward,0.012709429487586021,2.896226942539215e-05,0.02325957454741001,0.023288536816835403,7.995963096618652e-05,0.0,0.0
1436,backward,0.011362385004758835,1.5720725059509277e-05,0.06946488283574581,0.06948060356080532,8.51023942232132e-05,0.0,0.0
1436,optimizer,0.0012384690344333649,2.964027225971222e-05,0.0012621134519577026,0.0012917537242174149,2.787075936794281e-05,0.0004906672984361649,0.00045928917825222015
1437,forward,0.012509150430560112,2.8681010007858276e-05,0.023401860147714615,0.023430541157722473,8.297152817249298e-05,0.0,0.0
1437,backward,0.011174948886036873,1.6819685697555542e-05,0.06982214003801346,0.06983895972371101,8.623301982879639e-05,0.0,0.0
1437,optimizer,0.0012211594730615616,2.7548521757125854e-05,0.001264382153749466,0.0012919306755065918,2.5900080800056458e-05,0.0005092211067676544,0.0004816874861717224
1438,forward,0.012341722846031189,3.0370429158210754e-05,0.02351859025657177,0.02354896068572998,8.730962872505188e-05,0.0,0.0
1438,backward,0.011445693671703339,1.5093013644218445e-05,0.06982368975877762,0.06983878277242184,9.017996490001678e-05,0.0,0.0
1438,optimizer,0.001237243413925171,2.6559457182884216e-05,0.0012664292007684708,0.001292988657951355,2.2999942302703857e-05,0.0009144265204668045,0.0004689674824476242
1439,forward,0.012424122542142868,3.230944275856018e-05,0.023497210815548897,0.023529520258307457,8.218176662921906e-05,0.0,0.0
1439,backward,0.01117601990699768,1.528114080429077e-05,0.06969468481838703,0.06970996595919132,8.624233305454254e-05,0.0,0.0
1439,optimizer,0.001234421506524086,2.5900080800056458e-05,0.0012629833072423935,0.00128888338804245,2.5220215320587158e-05,0.00048202089965343475,0.00046463683247566223
1440,forward,0.012394269928336143,3.241002559661865e-05,0.02355785109102726,0.02359026111662388,8.42418521642685e-05,0.0,0.0
1440,backward,0.011295029893517494,1.7933547496795654e-05,0.06992258131504059,0.06994051486253738,8.559226989746094e-05,0.0,0.0
1440,optimizer,0.0011802613735198975,2.8422102332115173e-05,0.0012619588524103165,0.0012903809547424316,2.6952475309371948e-05,0.0007981341332197189,0.0004637278616428375
1441,forward,0.012345261871814728,2.8740614652633667e-05,0.023613231256604195,0.02364197187125683,8.609890937805176e-05,0.0,0.0
1441,backward,0.011190768331289291,1.4368444681167603e-05,0.0696712676435709,0.06968563608825207,8.519180119037628e-05,0.0,0.0
1441,optimizer,0.0011680684983730316,2.9148533940315247e-05,0.001255704089999199,0.0012848526239395142,2.654828131198883e-05,0.0004987604916095734,0.00046762824058532715
1442,forward,0.012544231489300728,3.137066960334778e-05,0.023358158767223358,0.023389529436826706,8.458085358142853e-05,0.0,0.0
1442,backward,0.011485245078802109,1.4059245586395264e-05,0.06976678967475891,0.0697808489203453,8.835829794406891e-05,0.0,0.0
1442,optimizer,0.0012439712882041931,3.0251219868659973e-05,0.0012619402259588242,0.0012921914458274841,2.3772940039634705e-05,0.0008280724287033081,0.00045661628246307373
1443,forward,0.01239188015460968,2.8619542717933655e-05,0.02354886196553707,0.023577481508255005,8.252263069152832e-05,0.0,0.0
1443,backward,0.0114930160343647,1.7488375306129456e-05,0.06955878436565399,0.06957627274096012,8.491985499858856e-05,0.0,0.0
1443,optimizer,0.0012518763542175293,2.7000904083251953e-05,0.0012567024677991867,0.0012837033718824387,2.4322420358657837e-05,0.0007892046123743057,0.00046239979565143585
1444,forward,0.012358633801341057,3.0331313610076904e-05,0.023547708988189697,0.023578040301799774,8.367933332920074e-05,0.0,0.0
1444,backward,0.011497706174850464,1.6300007700920105e-05,0.06960714608430862,0.06962344609200954,8.64807516336441e-05,0.0,0.0
1444,optimizer,0.0012364797294139862,2.8500333428382874e-05,0.001263132318854332,0.0012916326522827148,2.5799497961997986e-05,0.0004893094301223755,0.00046206824481487274
1445,forward,0.012583324685692787,2.8640031814575195e-05,0.02337493933737278,0.023403579369187355,8.573941886425018e-05,0.0,0.0
1445,backward,0.011558225378394127,1.5912577509880066e-05,0.06923787854611874,0.06925379112362862,8.770078420639038e-05,0.0,0.0
1445,optimizer,0.0012258701026439667,2.958253026008606e-05,0.0012561511248350143,0.0012857336550951004,2.3538246750831604e-05,0.0004897676408290863,0.00047572702169418335
1446,forward,0.012310819700360298,3.206916153430939e-05,0.023600833490490913,0.023632902652025223,8.06320458650589e-05,0.0,0.0
1446,backward,0.011515332385897636,1.547299325466156e-05,0.06965681724250317,0.06967229023575783,8.845143020153046e-05,0.0,0.0
1446,optimizer,0.0012307427823543549,3.0232593417167664e-05,0.0012616105377674103,0.001291843131184578,2.7731060981750488e-05,0.0004958789795637131,0.0004609879106283188
1447,forward,0.012445149943232536,2.98917293548584e-05,0.023493491113185883,0.02352338284254074,8.135102689266205e-05,0.0,0.0
1447,backward,0.011549647897481918,1.835078001022339e-05,0.06932999938726425,0.06934835016727448,8.888356387615204e-05,0.0,0.0
1447,optimizer,0.0012419912964105606,2.6792287826538086e-05,0.0012500099837779999,0.001276802271604538,2.3448839783668518e-05,0.00048282742500305176,0.0004682764410972595
1448,forward,0.012356381863355637,2.9301270842552185e-05,0.02349803037941456,0.02352733165025711,8.678250014781952e-05,0.0,0.0
1448,backward,0.01156974583864212,1.6439706087112427e-05,0.06978144869208336,0.06979788839817047,9.053200483322144e-05,0.0,0.0
1448,optimizer,0.0012473315000534058,2.8211623430252075e-05,0.0012600105255842209,0.001288222149014473,2.538226544857025e-05,0.0008578654378652573,0.0004725400358438492
1449,forward,0.012348506599664688,3.222934901714325e-05,0.0235369224101305,0.023569151759147644,8.629262447357178e-05,0.0,0.0
1449,backward,0.011531984433531761,1.490861177444458e-05,0.0693849828094244,0.06939989142119884,8.792988955974579e-05,0.0,0.0
1449,optimizer,0.0012373290956020355,2.8872862458229065e-05,0.001261632889509201,0.0012905057519674301,2.4668872356414795e-05,0.0004916191101074219,0.0004635397344827652
1450,forward,0.012346521019935608,3.071129322052002e-05,0.02355790138244629,0.02358861267566681,8.381158113479614e-05,0.0,0.0
1450,backward,0.01151035726070404,1.551024615764618e-05,0.0695758443325758,0.06959135457873344,8.550286293029785e-05,0.0,0.0
1450,optimizer,0.0012326017022132874,2.83215194940567e-05,0.0012572724372148514,0.001285593956708908,2.5561079382896423e-05,0.0004898589104413986,0.0004624556750059128
1451,forward,0.012376049533486366,3.034062683582306e-05,0.023533780127763748,0.02356412075459957,8.335337042808533e-05,0.0,0.0
1451,backward,0.01158674992620945,1.706741750240326e-05,0.06946926191449165,0.06948632933199406,8.402951061725616e-05,0.0,0.0
1451,optimizer,0.0012379121035337448,2.7840957045555115e-05,0.0012580212205648422,0.0012858621776103973,2.4901703000068665e-05,0.0008610915392637253,0.00045892782509326935
1452,forward,0.012356661260128021,2.926960587501526e-05,0.02351071871817112,0.023539988324046135,8.195079863071442e-05,0.0,0.0
1452,backward,0.011575818061828613,1.4627352356910706e-05,0.06954894587397575,0.06956357322633266,8.477270603179932e-05,0.0,0.0
1452,optimizer,0.0011653788387775421,2.798810601234436e-05,0.0012594126164913177,0.0012874007225036621,2.5928020477294922e-05,0.0004886500537395477,0.00046418793499469757
1453,forward,0.012289078906178474,3.0253082513809204e-05,0.023599060252308846,0.023629313334822655,8.581206202507019e-05,0.0,0.0
1453,backward,0.011153159663081169,1.727975904941559e-05,0.06966906599700451,0.06968634575605392,8.735060691833496e-05,0.0,0.0
1453,optimizer,0.0012284033000469208,3.184191882610321e-05,0.0012595001608133316,0.0012913420796394348,2.269074320793152e-05,0.0007241629064083099,0.0004642680287361145
1454,forward,0.012984979897737503,3.1773000955581665e-05,0.022975942119956017,0.023007715120911598,8.226186037063599e-05,0.0,0.0
1454,backward,0.011205591261386871,1.666136085987091e-05,0.06981522776186466,0.06983188912272453,8.486025035381317e-05,0.0,0.0
1454,optimizer,0.0011705011129379272,2.8692185878753662e-05,0.0012628324329853058,0.0012915246188640594,2.532079815864563e-05,0.0008932165801525116,0.00048144906759262085
1455,forward,0.012388890609145164,3.0860304832458496e-05,0.023536281660199165,0.023567141965031624,8.30087810754776e-05,0.0,0.0
1455,backward,0.011097738519310951,1.7879530787467957e-05,0.06973130814731121,0.06974918767809868,8.587166666984558e-05,0.0,0.0
1455,optimizer,0.001228630542755127,2.9139220714569092e-05,0.0012636017054319382,0.0012927409261465073,2.4439767003059387e-05,0.0004801880568265915,0.00046625733375549316
1456,forward,0.012279089540243149,2.771243453025818e-05,0.02362368069589138,0.02365139313042164,8.099153637886047e-05,0.0,0.0
1456,backward,0.011138807982206345,1.6588717699050903e-05,0.0699328314512968,0.06994942016899586,9.01203602552414e-05,0.0,0.0
1456,optimizer,0.001251809298992157,3.0212104320526123e-05,0.0012599322944879532,0.0012901443988084793,2.3322179913520813e-05,0.0008170045912265778,0.00046868808567523956
1457,forward,0.012664642184972763,3.1443312764167786e-05,0.023272838443517685,0.023304281756281853,8.333101868629456e-05,0.0,0.0
1457,backward,0.011209242045879364,1.701340079307556e-05,0.06972393579781055,0.06974094919860363,8.792243897914886e-05,0.0,0.0
1457,optimizer,0.0010309591889381409,2.980045974254608e-05,0.0012467801570892334,0.0012765806168317795,2.6829540729522705e-05,0.0004891380667686462,0.00046183541417121887
1458,forward,0.012462455779314041,3.089196979999542e-05,0.023467067629098892,0.023497959598898888,8.373148739337921e-05,0.0,0.0
1458,backward,0.011234389618039131,1.6266480088233948e-05,0.06957793422043324,0.06959420070052147,8.787959814071655e-05,0.0,0.0
1458,optimizer,0.0011641886085271835,2.9888004064559937e-05,0.0012619514018297195,0.0012918394058942795,2.747960388660431e-05,0.00048362836241722107,0.00045862793922424316
1459,forward,0.012403570115566254,2.9869377613067627e-05,0.023493250831961632,0.0235231202095747,8.480064570903778e-05,0.0,0.0
1459,backward,0.011183058843016624,1.6400590538978577e-05,0.07000055350363255,0.07001695409417152,9.422190487384796e-05,0.0,0.0
1459,optimizer,0.0012436695396900177,2.9418617486953735e-05,0.0012589246034622192,0.001288343220949173,2.3812055587768555e-05,0.0009370837360620499,0.00047033652663230896
1460,forward,0.012724917382001877,3.088079392910004e-05,0.02317313477396965,0.02320401556789875,8.28523188829422e-05,0.0,0.0
1460,backward,0.011151960119605064,1.631118357181549e-05,0.06983760930597782,0.06985392048954964,9.111128747463226e-05,0.0,0.0
1460,optimizer,0.0012210551649332047,3.275088965892792e-05,0.0012577902525663376,0.0012905411422252655,2.5741755962371826e-05,0.0007843542844057083,0.00046399980783462524
1461,forward,0.012758247554302216,3.244727849960327e-05,0.02321341633796692,0.023245863616466522,8.513033390045166e-05,0.0,0.0
1461,backward,0.011175233870744705,1.7249956727027893e-05,0.0696856752038002,0.06970292516052723,8.879229426383972e-05,0.0,0.0
1461,optimizer,0.0012439209967851639,3.06200236082077e-05,0.0012598801404237747,0.0012905001640319824,2.535991370677948e-05,0.0004821997135877609,0.0004659481346607208
1462,forward,0.012376680970191956,2.9101967811584473e-05,0.023521840572357178,0.023550942540168762,8.507072925567627e-05,0.0,0.0
1462,backward,0.011171441525220871,1.58604234457016e-05,0.06996943056583405,0.06998529098927975,8.029118180274963e-05,0.0,0.0
1462,optimizer,0.001224348321557045,2.896040678024292e-05,0.0012515932321548462,0.0012805536389350891,2.4946406483650208e-05,0.0008160434663295746,0.0004576202481985092
1463,forward,0.012450901791453362,2.8971582651138306e-05,0.023488610982894897,0.023517582565546036,8.402206003665924e-05,0.0,0.0
1463,backward,0.01115432009100914,1.8481165170669556e-05,0.06964249536395073,0.0696609765291214,8.540041744709015e-05,0.0,0.0
1463,optimizer,0.0012341905385255814,2.7632340788841248e-05,0.0012625418603420258,0.001290174201130867,2.789124846458435e-05,0.0006684120744466782,0.0004599969834089279
1464,forward,0.012705232948064804,2.8381124138832092e-05,0.02321438677608967,0.0232427679002285,8.479133248329163e-05,0.0,0.0
1464,backward,0.011163588613271713,1.659989356994629e-05,0.0697921384125948,0.06980873830616474,9.465031325817108e-05,0.0,0.0
1464,optimizer,0.0011705495417118073,3.577210009098053e-05,0.0012600701302289963,0.0012958422303199768,2.6440247893333435e-05,0.000795343890786171,0.00046626850962638855
1465,forward,0.012639157474040985,3.157183527946472e-05,0.023276302963495255,0.02330787479877472,0.0001353733241558075,0.0,0.0
1465,backward,0.011205751448869705,1.784972846508026e-05,0.0697510577738285,0.06976890750229359,8.839182555675507e-05,0.0,0.0
1465,optimizer,0.001163652166724205,2.8518959879875183e-05,0.0012615397572517395,0.0012900587171316147,2.4009495973587036e-05,0.0004912670701742172,0.0004618074744939804
1466,forward,0.012285454198718071,2.9360875487327576e-05,0.02361277863383293,0.02364213950932026,8.150003850460052e-05,0.0,0.0
1466,backward,0.01106133684515953,1.705065369606018e-05,0.06994941085577011,0.06996646150946617,8.71606171131134e-05,0.0,0.0
1466,optimizer,0.0012335199862718582,2.6512891054153442e-05,0.0012595318257808685,0.001286044716835022,2.4238601326942444e-05,0.0008858945220708847,0.00046484917402267456
1467,forward,0.012752577662467957,2.9150396585464478e-05,0.023155424743890762,0.023184575140476227,8.548982441425323e-05,0.0,0.0
1467,backward,0.011147551238536835,1.8671154975891113e-05,0.07002613320946693,0.07004480436444283,8.730031549930573e-05,0.0,0.0
1467,optimizer,0.0012527629733085632,2.7339905500411987e-05,0.0012570004910230637,0.0012843403965234756,2.7650967240333557e-05,0.0009086150676012039,0.00046460703015327454
1468,forward,0.01248028501868248,2.93683260679245e-05,0.02348901890218258,0.023518387228250504,8.74008983373642e-05,0.0,0.0
1468,backward,0.011275991797447205,1.628883183002472e-05,0.06966503523290157,0.0696813240647316,8.775107562541962e-05,0.0,0.0
1468,optimizer,0.001235252246260643,3.24491411447525e-05,0.00125977024435997,0.0012922193855047226,2.6708468794822693e-05,0.0006761718541383743,0.0004671365022659302
1469,forward,0.01234370842576027,2.9759481549263e-05,0.02355383150279522,0.023583590984344482,8.733011782169342e-05,0.0,0.0
1469,backward,0.01111079752445221,1.4580786228179932e-05,0.06995691359043121,0.0699714943766594,8.834339678287506e-05,0.0,0.0
1469,optimizer,0.0012397095561027527,3.076903522014618e-05,0.001266462728381157,0.001297231763601303,2.3832544684410095e-05,0.0010014679282903671,0.0004644859582185745
1470,forward,0.012374568730592728,2.9031187295913696e-05,0.023498419672250748,0.02352745085954666,8.414126932621002e-05,0.0,0.0
1470,backward,0.011094719171524048,1.4789402484893799e-05,0.07005333341658115,0.07006812281906605,8.655153214931488e-05,0.0,0.0
1470,optimizer,0.0012377388775348663,2.8520822525024414e-05,0.0012638624757528305,0.001292383298277855,2.389959990978241e-05,0.0007966626435518265,0.0004584789276123047
1471,forward,0.012394888326525688,3.0200928449630737e-05,0.0235665924847126,0.02359679341316223,8.351169526576996e-05,0.0,0.0
1471,backward,0.011144347488880157,1.8378719687461853e-05,0.06964012794196606,0.06965850666165352,8.51508229970932e-05,0.0,0.0
1471,optimizer,0.0012299194931983948,2.7311965823173523e-05,0.0012596119195222855,0.001286923885345459,2.627260982990265e-05,0.0007096398621797562,0.00046072714030742645
1472,forward,0.012741556391119957,2.9809772968292236e-05,0.023139584809541702,0.023169394582509995,8.20402055978775e-05,0.0,0.0
1472,backward,0.011175813153386116,1.735985279083252e-05,0.06980990804731846,0.06982726790010929,8.52830708026886e-05,0.0,0.0
1472,optimizer,0.0012815706431865692,3.0141323804855347e-05,0.0012511909008026123,0.0012813322246074677,2.487190067768097e-05,0.0006096009165048599,0.0004572570323944092
1473,forward,0.012593775987625122,3.109872341156006e-05,0.023299627006053925,0.023330725729465485,7.616356015205383e-05,0.0,0.0
1473,backward,0.01120302826166153,1.6883015632629395e-05,0.06989825144410133,0.06991513445973396,8.756108582019806e-05,0.0,0.0
1473,optimizer,0.0012041814625263214,2.603977918624878e-05,0.0012651514261960983,0.001291191205382347,2.9139220714569092e-05,0.0004942379891872406,0.0004637259989976883
1474,forward,0.012399507686495781,3.010965883731842e-05,0.023537803441286087,0.023567913100123405,8.299015462398529e-05,0.0,0.0
1474,backward,0.011213762685656548,1.5068799257278442e-05,0.06959906406700611,0.06961413286626339,8.540228009223938e-05,0.0,0.0
1474,optimizer,0.0012275706976652145,2.9766932129859924e-05,0.0012662224471569061,0.001295989379286766,2.462044358253479e-05,0.0005327984690666199,0.000463828444480896
1475,forward,0.012430081143975258,2.9871240258216858e-05,0.023489249870181084,0.0235191211104393,8.365139365196228e-05,0.0,0.0
1475,backward,0.011324619874358177,2.0101666450500488e-05,0.06986247189342976,0.06988257355988026,9.66191291809082e-05,0.0,0.0
1475,optimizer,0.0012336503714323044,2.7138739824295044e-05,0.001263512298464775,0.0012906510382890701,2.6347115635871887e-05,0.0004908200353384018,0.0004669204354286194
1476,forward,0.012424981221556664,3.100000321865082e-05,0.023478800430893898,0.02350980043411255,8.631311357021332e-05,0.0,0.0
1476,backward,0.011133138090372086,1.5029683709144592e-05,0.06979027017951012,0.06980529986321926,8.995085954666138e-05,0.0,0.0
1476,optimizer,0.0012277811765670776,2.8911978006362915e-05,0.0012577511370182037,0.0012866631150245667,2.2619962692260742e-05,0.0004906784743070602,0.00046520866453647614
1477,forward,0.01238463819026947,3.056973218917847e-05,0.023558972403407097,0.023589542135596275,8.699297904968262e-05,0.0,0.0
1477,backward,0.0111626498401165,1.4990568161010742e-05,0.06998315267264843,0.06999814324080944,9.026005864143372e-05,0.0,0.0
1477,optimizer,0.0012285411357879639,2.976134419441223e-05,0.0012624803930521011,0.0012922417372465134,2.4182721972465515e-05,0.0004913154989480972,0.0005449093878269196
1478,forward,0.012442929670214653,2.9949471354484558e-05,0.023480240255594254,0.023510189726948738,8.365325629711151e-05,0.0,0.0
1478,backward,0.011161359027028084,1.6087666153907776e-05,0.06962045654654503,0.06963654421269894,8.087977766990662e-05,0.0,0.0
1478,optimizer,0.0012299828231334686,3.0132010579109192e-05,0.0012611392885446548,0.001291271299123764,2.627260982990265e-05,0.0004963092505931854,0.00045406073331832886
1479,forward,0.012414641678333282,2.9709190130233765e-05,0.02348649874329567,0.023516207933425903,8.025206625461578e-05,0.0,0.0
1479,backward,0.01115826889872551,1.878105103969574e-05,0.06996001303195953,0.06997879408299923,8.320249617099762e-05,0.0,0.0
1479,optimizer,0.0012344904243946075,2.816133201122284e-05,0.0012566018849611282,0.001284763216972351,2.5661662220954895e-05,0.002944687381386757,0.000496547669172287
1480,forward,0.012325538322329521,2.9120594263076782e-05,0.023569641634821892,0.02359876222908497,8.21724534034729e-05,0.0,0.0
1480,backward,0.011153418570756912,1.8732622265815735e-05,0.06979561038315296,0.06981434300541878,8.670985698699951e-05,0.0,0.0
1480,optimizer,0.0012236014008522034,2.966076135635376e-05,0.0012584216892719269,0.0012880824506282806,2.5859102606773376e-05,0.0004829075187444687,0.000464707612991333
1481,forward,0.01322721503674984,4.800967872142792e-05,0.023066604509949684,0.023114614188671112,8.313171565532684e-05,0.0,0.0
1481,backward,0.0113234743475914,1.77677720785141e-05,0.06995590962469578,0.06997367739677429,8.664466440677643e-05,0.0,0.0
1481,optimizer,0.0012304801493883133,3.137253224849701e-05,0.0012598726898431778,0.0012912452220916748,2.4128705263137817e-05,0.0008923541754484177,0.0004612579941749573
1482,forward,0.012793639674782753,3.1441450119018555e-05,0.023149704560637474,0.023181146010756493,8.212216198444366e-05,0.0,0.0
1482,backward,0.011322623118758202,1.7618760466575623e-05,0.0695058535784483,0.06952347233891487,9.017065167427063e-05,0.0,0.0
1482,optimizer,0.0011683814227581024,2.680160105228424e-05,0.0012540016323328018,0.001280803233385086,2.569146454334259e-05,0.0004993081092834473,0.0004680883139371872
1483,forward,0.012386370450258255,3.0318275094032288e-05,0.02353472076356411,0.023565039038658142,8.171051740646362e-05,0.0,0.0
1483,backward,0.011183030903339386,1.8268823623657227e-05,0.07001433335244656,0.07003260217607021,8.130259811878204e-05,0.0,0.0
1483,optimizer,0.0011911801993846893,2.790987491607666e-05,0.001259712502360344,0.0012876223772764206,2.8520822525024414e-05,0.0004994682967662811,0.0004488285630941391
1484,forward,0.012398922815918922,2.8701499104499817e-05,0.02349194884300232,0.02352065034210682,8.619017899036407e-05,0.0,0.0
1484,backward,0.011166991665959358,1.603923738002777e-05,0.0698291677981615,0.06984520703554153,8.52588564157486e-05,0.0,0.0
1484,optimizer,0.0012092608958482742,3.0139461159706116e-05,0.0012589320540428162,0.0012890715152025223,2.5389716029167175e-05,0.0008592642843723297,0.0004630759358406067
1485,forward,0.012740472331643105,3.0279159545898438e-05,0.023129120469093323,0.02315939962863922,8.354149758815765e-05,0.0,0.0
1485,backward,0.011178592219948769,1.559220254421234e-05,0.07007094472646713,0.07008653692901134,8.78404825925827e-05,0.0,0.0
1485,optimizer,0.001166660338640213,3.1091272830963135e-05,0.0012649018317461014,0.0012959931045770645,2.425163984298706e-05,0.0009655747562646866,0.0004641171544790268
1486,forward,0.01240788958966732,3.0489638447761536e-05,0.02346937172114849,0.023499861359596252,8.449144661426544e-05,0.0,0.0
1486,backward,0.011165712028741837,1.7061829566955566e-05,0.06977471895515919,0.06979178078472614,8.539296686649323e-05,0.0,0.0
1486,optimizer,0.0012216437608003616,2.7978792786598206e-05,0.0012579001486301422,0.0012858789414167404,2.6181340217590332e-05,0.0004973206669092178,0.00046108849346637726
1487,forward,0.01269148476421833,3.1150877475738525e-05,0.023218786343932152,0.02324993722140789,8.307211101055145e-05,0.0,0.0
1487,backward,0.011163156479597092,1.8360093235969543e-05,0.06961972825229168,0.06963808834552765,8.852966129779816e-05,0.0,0.0
1487,optimizer,0.0012251995503902435,3.1441450119018555e-05,0.0012601427733898163,0.0012915842235088348,2.427026629447937e-05,0.0004930570721626282,0.00046412087976932526
1488,forward,0.012411631643772125,2.796761691570282e-05,0.023525580763816833,0.023553548380732536,8.294172585010529e-05,0.0,0.0
1488,backward,0.011212922632694244,1.64080411195755e-05,0.06982504948973656,0.06984145753085613,8.749961853027344e-05,0.0,0.0
1488,optimizer,0.0011567901819944382,3.065168857574463e-05,0.001259559765458107,0.0012902114540338516,2.4128705263137817e-05,0.0008020512759685516,0.0004640202969312668
1489,forward,0.01261594332754612,3.118254244327545e-05,0.02332412824034691,0.023355310782790184,8.588284254074097e-05,0.0,0.0
1489,backward,0.01137467473745346,1.842901110649109e-05,0.0695071741938591,0.06952560320496559,9.979866445064545e-05,0.0,0.0
1489,optimizer,0.0011414885520935059,2.7438625693321228e-05,0.0012631714344024658,0.001290610060095787,2.6870518922805786e-05,0.0004964582622051239,0.0004636179655790329
1490,forward,0.012666983529925346,3.059953451156616e-05,0.02320975624024868,0.023240355774760246,8.482858538627625e-05,0.0,0.0
1490,backward,0.011124759912490845,1.6627833247184753e-05,0.06987185962498188,0.06988848745822906,8.906051516532898e-05,0.0,0.0
1490,optimizer,0.0011392198503017426,2.594664692878723e-05,0.0012611299753189087,0.001287076622247696,2.4361535906791687e-05,0.0009055249392986298,0.00046107731759548187
1491,forward,0.012416543439030647,2.9360875487327576e-05,0.02344190888106823,0.023471269756555557,8.039921522140503e-05,0.0,0.0
1491,backward,0.011114537715911865,1.8680468201637268e-05,0.06999808177351952,0.07001676224172115,8.819252252578735e-05,0.0,0.0
1491,optimizer,0.0011827703565359116,4.1268765926361084e-05,0.0012587029486894608,0.0012999717146158218,2.6687979698181152e-05,0.0004896000027656555,0.00046519748866558075
1492,forward,0.012432362884283066,2.8129667043685913e-05,0.023480799049139023,0.02350892871618271,8.451193571090698e-05,0.0,0.0
1492,backward,0.011235393583774567,1.6359612345695496e-05,0.06957122310996056,0.06958758272230625,8.589215576648712e-05,0.0,0.0
1492,optimizer,0.001168796792626381,2.6168301701545715e-05,0.0012577828019857407,0.0012839511036872864,2.7660280466079712e-05,0.0005773268640041351,0.00046324729919433594
1493,forward,0.012615663930773735,3.0200928449630737e-05,0.023316707462072372,0.023346908390522003,8.489936590194702e-05,0.0,0.0
1493,backward,0.011195702478289604,1.5700235962867737e-05,0.06999751180410385,0.07001321204006672,8.554011583328247e-05,0.0,0.0
1493,optimizer,0.0011673793196678162,2.8120353817939758e-05,0.0012547820806503296,0.0012829024344682693,2.4471431970596313e-05,0.0008653849363327026,0.00046158023178577423
1494,forward,0.01243491843342781,3.1540170311927795e-05,0.023528292775154114,0.02355983294546604,8.51023942232132e-05,0.0,0.0
1494,backward,0.011191710829734802,1.5400350093841553e-05,0.06965395621955395,0.06966935656964779,8.547306060791016e-05,0.0,0.0
1494,optimizer,0.0011654403060674667,3.008730709552765e-05,0.0012637991458177567,0.0012938864529132843,2.5529414415359497e-05,0.0004950501024723053,0.0004622172564268112
1495,forward,0.012601025402545929,3.0450522899627686e-05,0.0233196672052145,0.023350117728114128,8.357129991054535e-05,0.0,0.0
1495,backward,0.011211581528186798,1.9019469618797302e-05,0.07010828517377377,0.07012730464339256,8.81291925907135e-05,0.0,0.0
1495,optimizer,0.001161457970738411,2.9392540454864502e-05,0.001259012147784233,0.0012884046882390976,2.396106719970703e-05,0.0008071158081293106,0.00046473555266857147
1496,forward,0.012404251843690872,3.059953451156616e-05,0.023539813235402107,0.023570412769913673,8.534267544746399e-05,0.0,0.0
1496,backward,0.011377569288015366,2.1111220121383667e-05,0.06945261545479298,0.06947372667491436,8.682161569595337e-05,0.0,0.0
1496,optimizer,0.001201041042804718,2.7259811758995056e-05,0.001261923462152481,0.0012891832739114761,2.3227185010910034e-05,0.0004969015717506409,0.0004626959562301636
1497,forward,0.01242658868432045,3.003142774105072e-05,0.02347821183502674,0.023508243262767792,8.445233106613159e-05,0.0,0.0
1497,backward,0.011070575565099716,1.5439465641975403e-05,0.06986270099878311,0.06987814046442509,8.811987936496735e-05,0.0,0.0
1497,optimizer,0.0012162476778030396,2.8450042009353638e-05,0.0012617036700248718,0.0012901537120342255,2.504885196685791e-05,0.00056413933634758,0.00046124495565891266
1498,forward,0.012659244239330292,2.9353424906730652e-05,0.02324073575437069,0.02327008917927742,8.060038089752197e-05,0.0,0.0
1498,backward,0.01105118915438652,1.6219913959503174e-05,0.07008908316493034,0.07010530307888985,8.680112659931183e-05,0.0,0.0
1498,optimizer,0.001257728785276413,2.7159228920936584e-05,0.001260342076420784,0.0012875013053417206,2.6220455765724182e-05,0.000801553949713707,0.00047182850539684296
1499,forward,0.012754987925291061,2.9832124710083008e-05,0.023172354325652122,0.023202186450362206,8.152052760124207e-05,0.0,0.0
1499,backward,0.011132709681987762,1.803971827030182e-05,0.06971389800310135,0.06973193772137165,8.742325007915497e-05,0.0,0.0
1499,optimizer,0.0012357085943222046,2.7708709239959717e-05,0.001256544142961502,0.0012842528522014618,2.4780631065368652e-05,0.0004892703145742416,0.00046510808169841766
1500,forward,0.01267402432858944,2.9221177101135254e-05,0.023226747289299965,0.0232559684664011,8.72388482093811e-05,0.0,0.0
1500,backward,0.011192681267857552,1.6961246728897095e-05,0.06988785974681377,0.06990482099354267,9.53134149312973e-05,0.0,0.0
1500,optimizer,0.0012291204184293747,3.6111101508140564e-05,0.0012586303055286407,0.0012947414070367813,2.4091452360153198e-05,0.0008087437599897385,0.0004642270505428314
1501,forward,0.012352211400866508,2.9049813747406006e-05,0.02356870099902153,0.023597750812768936,8.71606171131134e-05,0.0,0.0
1501,backward,0.011176170781254768,1.6519799828529358e-05,0.07000939175486565,0.07002591155469418,8.836016058921814e-05,0.0,0.0
1501,optimizer,0.0012315399944782257,3.156997263431549e-05,0.001262972131371498,0.0012945421040058136,2.3951753973960876e-05,0.0008898749947547913,0.000475861132144928
1502,forward,0.012449882924556732,3.1927600502967834e-05,0.02348880097270012,0.023520728573203087,8.41096043586731e-05,0.0,0.0
1502,backward,0.011220971122384071,1.67209655046463e-05,0.06967348605394363,0.06969020701944828,8.43927264213562e-05,0.0,0.0
1502,optimizer,0.0011660531163215637,3.089196979999542e-05,0.0012582708150148392,0.0012891627848148346,2.457946538925171e-05,0.0004965178668498993,0.0004731174558401108
1503,forward,0.012792116031050682,2.8859823942184448e-05,0.02308487333357334,0.023113733157515526,8.397176861763e-05,0.0,0.0
1503,backward,0.011270131915807724,1.7551705241203308e-05,0.07001170329749584,0.07002925500273705,9.704194962978363e-05,0.0,0.0
1503,optimizer,0.0012147240340709686,2.9511749744415283e-05,0.0012675505131483078,0.001297062262892723,2.458132803440094e-05,0.0008097141981124878,0.00046362727880477905
1504,forward,0.012697534635663033,2.9511749744415283e-05,0.023217516019940376,0.02324702776968479,8.484162390232086e-05,0.0,0.0
1504,backward,0.011086149141192436,1.552887260913849e-05,0.06963159702718258,0.06964712589979172,8.73710960149765e-05,0.0,0.0
1504,optimizer,0.0012082308530807495,2.7980655431747437e-05,0.0012633316218852997,0.0012913122773170471,2.3908913135528564e-05,0.0004904977977275848,0.00046515651047229767
1505,forward,0.012408548966050148,3.127008676528931e-05,0.023480592295527458,0.023511862382292747,8.68234783411026e-05,0.0,0.0
1505,backward,0.011099247261881828,1.4699995517730713e-05,0.07000472396612167,0.0700194239616394,8.715316653251648e-05,0.0,0.0
1505,optimizer,0.001156870275735855,3.180280327796936e-05,0.0012647304683923721,0.0012965332716703415,2.5933608412742615e-05,0.0004926081746816635,0.00046170689165592194
1506,forward,0.012750046327710152,3.010779619216919e-05,0.023166494444012642,0.02319660224020481,8.177012205123901e-05,0.0,0.0
1506,backward,0.011163020506501198,1.759268343448639e-05,0.0697077251970768,0.06972531788051128,8.502975106239319e-05,0.0,0.0
1506,optimizer,0.0012215189635753632,2.9942020773887634e-05,0.0012623406946659088,0.0012922827154397964,2.674199640750885e-05,0.00048809684813022614,0.00046360865235328674
1507,forward,0.012445040047168732,2.8312206268310547e-05,0.023461250588297844,0.023489562794566154,9.59206372499466e-05,0.0,0.0
1507,backward,0.011179860681295395,2.127327024936676e-05,0.06981818750500679,0.06983946077525616,8.79727303981781e-05,0.0,0.0
1507,optimizer,0.0012502726167440414,2.7008354663848877e-05,0.0012610815465450287,0.0012880899012088776,2.429075539112091e-05,0.0006079990416765213,0.00046220794320106506
1508,forward,0.012450532987713814,3.032013773918152e-05,0.023443829268217087,0.02347414940595627,8.55717808008194e-05,0.0,0.0
1508,backward,0.01120017096400261,1.6761943697929382e-05,0.06988024897873402,0.06989701092243195,8.877180516719818e-05,0.0,0.0
1508,optimizer,0.001275189220905304,2.5520101189613342e-05,0.0012596435844898224,0.0012851636856794357,2.7799978852272034e-05,0.0004988890141248703,0.00046886876225471497
1509,forward,0.012318657711148262,2.9109418392181396e-05,0.023551201447844505,0.023580310866236687,9.753182530403137e-05,0.0,0.0
1509,backward,0.011157376691699028,1.5752390027046204e-05,0.06984080001711845,0.0698565524071455,9.031035006046295e-05,0.0,0.0
1509,optimizer,0.0011670272797346115,3.001280128955841e-05,0.0012619048357009888,0.0012919176369905472,2.5482848286628723e-05,0.0007798951119184494,0.00047134794294834137
1510,forward,0.012433990836143494,3.130175173282623e-05,0.023450380191206932,0.02348168194293976,8.438155055046082e-05,0.0,0.0
1510,backward,0.01142607256770134,1.8650665879249573e-05,0.06970474869012833,0.06972339935600758,8.665025234222412e-05,0.0,0.0
1510,optimizer,0.0011458396911621094,2.9010698199272156e-05,0.0012611020356416702,0.0012901127338409424,2.7319416403770447e-05,0.0004908386617898941,0.00046350806951522827
1511,forward,0.012577515095472336,2.9871240258216858e-05,0.023279057815670967,0.023308929055929184,8.449889719486237e-05,0.0,0.0
1511,backward,0.01132655143737793,1.6439706087112427e-05,0.06968721747398376,0.06970365718007088,8.897297084331512e-05,0.0,0.0
1511,optimizer,0.001147998496890068,2.5391578674316406e-05,0.001265212893486023,0.0012906044721603394,2.3400411009788513e-05,0.0009855292737483978,0.0004685595631599426
1512,forward,0.012643283233046532,2.9161572456359863e-05,0.02321653626859188,0.02324569784104824,8.51023942232132e-05,0.0,0.0
1512,backward,0.011009177193045616,1.7412006855010986e-05,0.07008902356028557,0.07010643556714058,8.811056613922119e-05,0.0,0.0
1512,optimizer,0.0012397021055221558,2.9029324650764465e-05,0.001262640580534935,0.0012916699051856995,2.7511268854141235e-05,0.0005012378096580505,0.00045951642096042633
1513,forward,0.012353848665952682,2.92900949716568e-05,0.023607103154063225,0.02363639324903488,8.708983659744263e-05,0.0,0.0
1513,backward,0.011132659390568733,1.559033989906311e-05,0.06967922672629356,0.06969481706619263,8.899159729480743e-05,0.0,0.0
1513,optimizer,0.0012310333549976349,2.8500333428382874e-05,0.0012608319520950317,0.0012893322855234146,2.6520341634750366e-05,0.0004917792975902557,0.0004733167588710785
1514,forward,0.01245933212339878,3.120116889476776e-05,0.02340712770819664,0.023438328877091408,8.155964314937592e-05,0.0,0.0
1514,backward,0.011127587407827377,1.5050172805786133e-05,0.06992882303893566,0.06994387321174145,8.529052138328552e-05,0.0,0.0
1514,optimizer,0.0012248903512954712,3.042072057723999e-05,0.0012622233480215073,0.0012926440685987473,2.3188069462776184e-05,0.004579911008477211,0.0004593394696712494
1515,forward,0.012406250461935997,2.977997064590454e-05,0.023571202531456947,0.023600982502102852,8.294358849525452e-05,0.0,0.0
1515,backward,0.01117141917347908,1.9982457160949707e-05,0.06970110721886158,0.06972108967602253,8.438341319561005e-05,0.0,0.0
1515,optimizer,0.0009626671671867371,3.528967499732971e-05,0.001262793317437172,0.0012980829924345016,2.413056790828705e-05,0.0004930160939693451,0.0004582274705171585
1516,forward,0.012454411014914513,2.925097942352295e-05,0.023430848494172096,0.02346009947359562,9.257905185222626e-05,0.0,0.0
1516,backward,0.01117321103811264,1.767091453075409e-05,0.07006841339170933,0.07008608430624008,8.908100426197052e-05,0.0,0.0
1516,optimizer,0.0012362804263830185,3.0430033802986145e-05,0.0012670233845710754,0.0012974534183740616,2.4158507585525513e-05,0.0008577648550271988,0.00046891719102859497
1517,forward,0.012573415413498878,2.7999281883239746e-05,0.02332325652241707,0.023351255804300308,8.691102266311646e-05,0.0,0.0
1517,backward,0.011397743597626686,1.6432255506515503e-05,0.06972227804362774,0.06973871029913425,8.839927613735199e-05,0.0,0.0
1517,optimizer,0.0012870728969573975,2.61012464761734e-05,0.0012421607971191406,0.001268262043595314,2.676062285900116e-05,0.0004918482154607773,0.0004661809653043747
1518,forward,0.01263449713587761,3.0118972063064575e-05,0.023271964862942696,0.02330208383500576,8.316151797771454e-05,0.0,0.0
1518,backward,0.011069457978010178,1.596100628376007e-05,0.06964805535972118,0.06966401636600494,0.00010016188025474548,0.0,0.0
1518,optimizer,0.001201443374156952,3.219209611415863e-05,0.0012638606131076813,0.00129605270922184,2.451986074447632e-05,0.0005598310381174088,0.00046664848923683167
1519,forward,0.012383121997117996,2.7379021048545837e-05,0.02346130833029747,0.023488687351346016,8.413195610046387e-05,0.0,0.0
1519,backward,0.011082286015152931,1.6340985894203186e-05,0.06999190151691437,0.07000824250280857,8.558109402656555e-05,0.0,0.0
1519,optimizer,0.001243051141500473,2.880766987800598e-05,0.0012640710920095444,0.0012928787618875504,2.34898179769516e-05,0.0008874945342540741,0.000463876873254776
1520,forward,0.012495003640651703,2.9539689421653748e-05,0.0233925674110651,0.023422107100486755,8.456967771053314e-05,0.0,0.0
1520,backward,0.011198800057172775,1.726113259792328e-05,0.06996976397931576,0.06998702511191368,8.53128731250763e-05,0.0,0.0
1520,optimizer,0.00123513862490654,3.0351802706718445e-05,0.0012629125267267227,0.0012932643294334412,2.7390196919441223e-05,0.0004973467439413071,0.00046063587069511414
1521,forward,0.012623345479369164,2.894178032875061e-05,0.0233671385794878,0.02339608035981655,8.318200707435608e-05,0.0,0.0
1521,backward,0.011123988777399063,1.609884202480316e-05,0.06971964798867702,0.06973574683070183,8.469074964523315e-05,0.0,0.0
1521,optimizer,0.0012752506881952286,3.137066960334778e-05,0.0012635309249162674,0.0012949015945196152,2.3830682039260864e-05,0.0004906300455331802,0.00046163611114025116
1522,forward,0.012738075107336044,3.094226121902466e-05,0.02313416451215744,0.023165106773376465,8.447282016277313e-05,0.0,0.0
1522,backward,0.011148128658533096,1.4940276741981506e-05,0.07019462436437607,0.07020956464111805,9.021162986755371e-05,0.0,0.0
1522,optimizer,0.0012856721878051758,3.19797545671463e-05,0.001260092481970787,0.0012920722365379333,2.4840235710144043e-05,0.0009216275066137314,0.0004622992128133774
1523,forward,0.01242603175342083,3.008916974067688e-05,0.02347845956683159,0.023508548736572266,8.213333785533905e-05,0.0,0.0
1523,backward,0.011168969795107841,1.6439706087112427e-05,0.0697108656167984,0.06972730532288551,8.628144860267639e-05,0.0,0.0
1523,optimizer,0.0012238584458827972,2.8099864721298218e-05,0.0012600626796483994,0.0012881625443696976,2.392195165157318e-05,0.0004957579076290131,0.00046085938811302185
1524,forward,0.01243148185312748,3.057904541492462e-05,0.02346709929406643,0.023497678339481354,9.787268936634064e-05,0.0,0.0
1524,backward,0.011313803493976593,2.4840235710144043e-05,0.06988101825118065,0.06990585848689079,8.887238800525665e-05,0.0,0.0
1524,optimizer,0.0012104865163564682,2.8422102332115173e-05,0.0012661255896091461,0.0012945476919412613,3.70517373085022e-05,0.00088532455265522,0.00046515651047229767
1525,forward,0.01243220828473568,3.0430033802986145e-05,0.023426400497555733,0.02345683053135872,8.363276720046997e-05,0.0,0.0
1525,backward,0.011072598397731781,1.6611069440841675e-05,0.06964180618524551,0.06965841725468636,8.861906826496124e-05,0.0,0.0
1525,optimizer,0.0012167729437351227,2.4920329451560974e-05,0.0012628119438886642,0.0012877322733402252,2.580881118774414e-05,0.0004917383193969727,0.00046732835471630096
1526,forward,0.012483185157179832,3.1052157282829285e-05,0.023388396948575974,0.023419449105858803,8.225999772548676e-05,0.0,0.0
1526,backward,0.011120276525616646,1.57281756401062e-05,0.06997356191277504,0.06998929008841515,9.168311953544617e-05,0.0,0.0
1526,optimizer,0.0012208856642246246,2.8252601623535156e-05,0.00125921331346035,0.0012874659150838852,2.3426488041877747e-05,0.0009795371443033218,0.0005272887647151947
1527,forward,0.012493954971432686,3.0200928449630737e-05,0.023430457338690758,0.02346065826714039,8.40798020362854e-05,0.0,0.0
1527,backward,0.011154631152749062,1.667998731136322e-05,0.06987407989799976,0.06989075988531113,8.605234324932098e-05,0.0,0.0
1527,optimizer,0.0012443102896213531,2.9880553483963013e-05,0.0012628622353076935,0.0012927427887916565,2.4629756808280945e-05,0.0004841592162847519,0.0004622284322977066
1528,forward,0.012465231120586395,2.9260292649269104e-05,0.023422859609127045,0.023452119901776314,8.409842848777771e-05,0.0,0.0
1528,backward,0.011092618107795715,1.7160549759864807e-05,0.07008474320173264,0.0701019037514925,8.475221693515778e-05,0.0,0.0
1528,optimizer,0.0013142116367816925,2.9550865292549133e-05,0.001224670559167862,0.001254221424460411,2.5559216737747192e-05,0.0008091311901807785,0.0004629753530025482
1529,forward,0.012878060340881348,4.3042004108428955e-05,0.023407768458127975,0.023450810462236404,0.00010963156819343567,0.0,0.0
1529,backward,0.01154511608183384,1.9200146198272705e-05,0.0696385856717825,0.06965778581798077,8.975155651569366e-05,0.0,0.0
1529,optimizer,0.0012367330491542816,2.9571354389190674e-05,0.001264519989490509,0.0012940913438796997,2.761930227279663e-05,0.0010027159005403519,0.00046366825699806213
1530,forward,0.012511573731899261,3.100000321865082e-05,0.02348261885344982,0.023513618856668472,8.327141404151917e-05,0.0,0.0
1530,backward,0.011583449319005013,1.5487894415855408e-05,0.06936142034828663,0.06937690824270248,8.778274059295654e-05,0.0,0.0
1530,optimizer,0.0011580567806959152,2.886168658733368e-05,0.0012588929384946823,0.001287754625082016,2.470053732395172e-05,0.0004978291690349579,0.000542839989066124
1531,forward,0.012424800544977188,3.000907599925995e-05,0.023488320410251617,0.023518329486250877,8.25393944978714e-05,0.0,0.0
1531,backward,0.011632809415459633,1.7859041690826416e-05,0.06932413950562477,0.0693419985473156,8.49403440952301e-05,0.0,0.0
1531,optimizer,0.0012178793549537659,3.0132010579109192e-05,0.0012655314058065414,0.0012956634163856506,2.676062285900116e-05,0.0004975609481334686,0.00046238675713539124
1532,forward,0.012503646314144135,2.9830262064933777e-05,0.023381445556879044,0.023411275818943977,8.301064372062683e-05,0.0,0.0
1532,backward,0.011022176593542099,1.5521422028541565e-05,0.06990325078368187,0.06991877220571041,8.743256330490112e-05,0.0,0.0
1532,optimizer,0.0012036021798849106,2.9200688004493713e-05,0.001261979341506958,0.0012911800295114517,2.4858862161636353e-05,0.0005040746182203293,0.0004612170159816742
1533,forward,0.012431001290678978,2.9532238841056824e-05,0.023455681279301643,0.0234852135181427,8.292309939861298e-05,0.0,0.0
1533,backward,0.011161910369992256,1.6240403056144714e-05,0.06994965113699436,0.0699658915400505,8.63000750541687e-05,0.0,0.0
1533,optimizer,0.0012395810335874557,3.0290335416793823e-05,0.0012633707374334335,0.0012936610728502274,2.324022352695465e-05,0.005014954134821892,0.00046404823660850525
1534,forward,0.012466264888644218,3.141909837722778e-05,0.023496028035879135,0.023527447134256363,8.831173181533813e-05,0.0,0.0
1534,backward,0.011184332892298698,1.6590580344200134e-05,0.06964658387005329,0.06966317445039749,8.530914783477783e-05,0.0,0.0
1534,optimizer,0.00123676098883152,2.676062285900116e-05,0.001257050782442093,0.001283811405301094,2.662278711795807e-05,0.0004973486065864563,0.0004615373909473419
1535,forward,0.012442560866475105,2.871081233024597e-05,0.02344626933336258,0.023474980145692825,8.59331339597702e-05,0.0,0.0
1535,backward,0.011202210560441017,1.931004226207733e-05,0.0697410274296999,0.06976033747196198,8.813105523586273e-05,0.0,0.0
1535,optimizer,0.0012351814657449722,2.7060508728027344e-05,0.0012606121599674225,0.0012876726686954498,2.4059787392616272e-05,0.0004888772964477539,0.0004614591598510742
1536,forward,0.012432102113962173,2.9589980840682983e-05,0.023447969928383827,0.02347755990922451,8.488073945045471e-05,0.0,0.0
1536,backward,0.01118369959294796,1.5052035450935364e-05,0.0699833333492279,0.06999838538467884,8.681975305080414e-05,0.0,0.0
1536,optimizer,0.0012844838201999664,2.925284206867218e-05,0.0012585408985614777,0.0012877937406301498,2.4771317839622498e-05,0.0007775407284498215,0.0004688277840614319
1537,forward,0.012348100543022156,3.085099160671234e-05,0.023628903552889824,0.023659754544496536,8.71121883392334e-05,0.0,0.0
1537,backward,0.011165659874677658,1.5391036868095398e-05,0.06973572820425034,0.06975111924111843,8.795969188213348e-05,0.0,0.0
1537,optimizer,0.0012431517243385315,3.007054328918457e-05,0.0012641232460737228,0.0012941937893629074,2.547912299633026e-05,0.000496281310915947,0.0004650093615055084
1538,forward,0.012298619374632835,2.991221845149994e-05,0.023557791486382484,0.023587703704833984,8.137337863445282e-05,0.0,0.0
1538,backward,0.011279366910457611,1.6551464796066284e-05,0.06966992281377316,0.06968647427856922,8.592195808887482e-05,0.0,0.0
1538,optimizer,0.0012002885341644287,2.693943679332733e-05,0.0012630429118871689,0.0012899823486804962,2.535991370677948e-05,0.00048378854990005493,0.00046235881745815277
1539,forward,0.012390444055199623,3.0061230063438416e-05,0.02348320744931698,0.023513268679380417,8.433125913143158e-05,0.0,0.0
1539,backward,0.011076366528868675,1.6260892152786255e-05,0.06995386257767677,0.06997012346982956,8.59387218952179e-05,0.0,0.0
1539,optimizer,0.0012199487537145615,2.8209760785102844e-05,0.0012655723839998245,0.0012937821447849274,2.8839334845542908e-05,0.0004925206303596497,0.0004661679267883301
1540,forward,0.012380551546812057,2.9986724257469177e-05,0.02348528988659382,0.023515276610851288,8.380971848964691e-05,0.0,0.0
1540,backward,0.011365003883838654,1.6240403056144714e-05,0.0695751141756773,0.06959135457873344,8.37426632642746e-05,0.0,0.0
1540,optimizer,0.0012357085943222046,3.835931420326233e-05,0.001257631927728653,0.0012959912419319153,2.4570152163505554e-05,0.0005967095494270325,0.0004434678703546524
1541,forward,0.01243373192846775,3.0450522899627686e-05,0.02349362149834633,0.023524072021245956,8.492171764373779e-05,0.0,0.0
1541,backward,0.011171219870448112,1.6070902347564697e-05,0.07011711224913597,0.07013318315148354,8.595362305641174e-05,0.0,0.0
1541,optimizer,0.0012500900775194168,2.931058406829834e-05,0.0012580305337905884,0.0012873411178588867,2.4089589715003967e-05,0.0008908137679100037,0.00046226754784584045
1542,forward,0.012464862316846848,3.1188130378723145e-05,0.023408008739352226,0.02343919686973095,8.93808901309967e-05,0.0,0.0
1542,backward,0.01119871437549591,1.8209218978881836e-05,0.06963806226849556,0.06965627148747444,8.619949221611023e-05,0.0,0.0
1542,optimizer,0.0012401603162288666,2.721138298511505e-05,0.001262810081243515,0.00129002146422863,2.639368176460266e-05,0.0005261283367872238,0.00048747844994068146
1543,forward,0.01249726116657257,2.9558315873146057e-05,0.023423008620738983,0.02345256693661213,8.13603401184082e-05,0.0,0.0
1543,backward,0.011114910244941711,1.8911436200141907e-05,0.06998207047581673,0.07000098191201687,8.595921099185944e-05,0.0,0.0
1543,optimizer,0.0012445785105228424,3.002956509590149e-05,0.0012587234377861023,0.0012887530028820038,2.5859102606773376e-05,0.0009154044091701508,0.0004655681550502777
1544,forward,0.012339901179075241,2.847239375114441e-05,0.023652711883187294,0.02368118427693844,8.45491886138916e-05,0.0,0.0
1544,backward,0.011226719245314598,1.56499445438385e-05,0.06963475607335567,0.06965040601789951,8.646398782730103e-05,0.0,0.0
1544,optimizer,0.001241752877831459,3.6422163248062134e-05,0.0012632105499505997,0.0012996327131986618,2.540089190006256e-05,0.0004999488592147827,0.0004623960703611374
1545,forward,0.01233845017850399,2.942979335784912e-05,0.023588959127664566,0.023618388921022415,8.490309119224548e-05,0.0,0.0
1545,backward,0.01140153594315052,1.5009194612503052e-05,0.06995354034006596,0.06996854953467846,8.756108582019806e-05,0.0,0.0
1545,optimizer,0.0012109801173210144,2.7470290660858154e-05,0.001260479912161827,0.0012879502028226852,2.389959990978241e-05,0.0009074956178665161,0.0004633665084838867
1546,forward,0.01233811303973198,3.097020089626312e-05,0.02354981005191803,0.023580780252814293,8.689239621162415e-05,0.0,0.0
1546,backward,0.011314183473587036,1.368112862110138e-05,0.06940230913460255,0.06941599026322365,8.90921801328659e-05,0.0,0.0
1546,optimizer,0.0012118015438318253,2.4799257516860962e-05,0.001253470778465271,0.001278270035982132,2.4178996682167053e-05,0.0004974305629730225,0.0004656575620174408
1547,forward,0.012286052107810974,2.9552727937698364e-05,0.023564519360661507,0.023594072088599205,8.521974086761475e-05,0.0,0.0
1547,backward,0.01113186962902546,1.589953899383545e-05,0.07008423283696175,0.07010013237595558,8.354336023330688e-05,0.0,0.0
1547,optimizer,0.0012404434382915497,2.8450042009353638e-05,0.0012582316994667053,0.001286681741476059,2.4478882551193237e-05,0.0009378362447023392,0.0004576388746500015
1548,forward,0.012349098920822144,2.995133399963379e-05,0.02363470569252968,0.023664657026529312,8.317269384860992e-05,0.0,0.0
1548,backward,0.011139711365103722,1.4940276741981506e-05,0.069689916446805,0.06970485672354698,8.561089634895325e-05,0.0,0.0
1548,optimizer,0.0012142602354288101,2.7492642402648926e-05,0.0012675411999225616,0.0012950338423252106,3.117881715297699e-05,0.0004919376224279404,0.0004615355283021927
1549,forward,0.01235126331448555,3.032200038433075e-05,0.02353178709745407,0.023562109097838402,8.449144661426544e-05,0.0,0.0
1549,backward,0.011519750580191612,1.5139579772949219e-05,0.06950252130627632,0.06951766088604927,8.402951061725616e-05,0.0,0.0
1549,optimizer,0.001248801127076149,2.845190465450287e-05,0.0012576114386320114,0.0012860633432865143,2.485327422618866e-05,0.0008067525923252106,0.0004608985036611557
1550,forward,0.012529024854302406,3.126263618469238e-05,0.02340223826467991,0.0234335009008646,8.281134068965912e-05,0.0,0.0
1550,backward,0.011554094031453133,1.4308840036392212e-05,0.06939247250556946,0.06940678134560585,8.603185415267944e-05,0.0,0.0
1550,optimizer,0.001223573461174965,2.7021393179893494e-05,0.0012594908475875854,0.001286512240767479,2.4732202291488647e-05,0.0004890281707048416,0.0004627685993909836
1551,forward,0.012383488938212395,2.991221845149994e-05,0.023536410182714462,0.023566322401165962,8.09989869594574e-05,0.0,0.0
1551,backward,0.011208878830075264,1.8013641238212585e-05,0.06958668492734432,0.06960469856858253,0.00010445341467857361,0.0,0.0
1551,optimizer,0.0012309495359659195,2.4942681193351746e-05,0.001269141212105751,0.0012940838932991028,2.5220215320587158e-05,0.0005629099905490875,0.000466248020529747
1552,forward,0.012383781373500824,3.046169877052307e-05,0.023517461493611336,0.02354792319238186,8.173100650310516e-05,0.0,0.0
1552,backward,0.011536797508597374,1.6987323760986328e-05,0.06967209652066231,0.0696890838444233,8.908286690711975e-05,0.0,0.0
1552,optimizer,0.0012170486152172089,2.6829540729522705e-05,0.0012630932033061981,0.0012899227440357208,2.5890767574310303e-05,0.0004905480891466141,0.00046854838728904724
1553,forward,0.012243621051311493,3.0310824513435364e-05,0.023676810786128044,0.02370712161064148,8.552893996238708e-05,0.0,0.0
1553,backward,0.01148085668683052,1.4489516615867615e-05,0.06920611672103405,0.06922060623764992,8.73710960149765e-05,0.0,0.0
1553,optimizer,0.001193959265947342,2.5562942028045654e-05,0.0012631416320800781,0.0012887045741081238,2.5041401386260986e-05,0.000496596097946167,0.0004649162292480469
1554,forward,0.012212378904223442,3.7299469113349915e-05,0.023634960874915123,0.023672260344028473,8.293241262435913e-05,0.0,0.0
1554,backward,0.011041805148124695,1.4388933777809143e-05,0.06981373950839043,0.06982812844216824,8.68719071149826e-05,0.0,0.0
1554,optimizer,0.0012251399457454681,3.775954246520996e-05,0.0012649912387132645,0.0013027507811784744,2.6032328605651855e-05,0.0004878491163253784,0.00046264752745628357
1555,forward,0.012438042089343071,2.71480530500412e-05,0.0234431903809309,0.023470338433980942,8.404254913330078e-05,0.0,0.0
1555,backward,0.011383861303329468,1.6711652278900146e-05,0.06986983120441437,0.06988654285669327,8.792243897914886e-05,0.0,0.0
1555,optimizer,0.0012400299310684204,2.8526410460472107e-05,0.001255713403224945,0.0012842398136854172,2.4341046810150146e-05,0.0007879007607698441,0.00046178698539733887
1556,forward,0.012334190309047699,2.8662383556365967e-05,0.023560181260108948,0.023588843643665314,8.58306884765625e-05,0.0,0.0
1556,backward,0.011073317378759384,1.780688762664795e-05,0.06988364085555077,0.06990144774317741,8.415058255195618e-05,0.0,0.0
1556,optimizer,0.0012330207973718643,3.137253224849701e-05,0.001255011186003685,0.001286383718252182,2.78521329164505e-05,0.0004893969744443893,0.00046185776591300964
1557,forward,0.012606913223862648,2.9280781745910645e-05,0.023318417370319366,0.023347698152065277,8.621253073215485e-05,0.0,0.0
1557,backward,0.011162126436829567,1.57281756401062e-05,0.06962194852530956,0.06963767670094967,8.474290370941162e-05,0.0,0.0
1557,optimizer,0.0012406893074512482,2.9560178518295288e-05,0.0012546125799417496,0.0012841727584600449,2.7099624276161194e-05,0.0004900991916656494,0.00046484917402267456
1558,forward,0.012387651950120926,3.052316606044769e-05,0.02351349964737892,0.02354402281343937,8.318014442920685e-05,0.0,0.0
1558,backward,0.011153599247336388,1.7799437046051025e-05,0.06993911042809486,0.06995690986514091,9.006261825561523e-05,0.0,0.0
1558,optimizer,0.001222638413310051,2.8349459171295166e-05,0.0012608729302883148,0.00128922238945961,2.3460015654563904e-05,0.0008030515164136887,0.00047741644084453583
1559,forward,0.012465571984648705,2.941116690635681e-05,0.023441798985004425,0.023471210151910782,8.054077625274658e-05,0.0,0.0
1559,backward,0.011197291314601898,1.6987323760986328e-05,0.06987178884446621,0.0698887761682272,8.849985897541046e-05,0.0,0.0
1559,optimizer,0.0012231618165969849,2.4849548935890198e-05,0.001259760931134224,0.0012846104800701141,2.460181713104248e-05,0.0004978068172931671,0.00046418793499469757
1560,forward,0.012343540787696838,2.9129907488822937e-05,0.02356749027967453,0.023596620187163353,8.667074143886566e-05,0.0,0.0
1560,backward,0.011073147878050804,1.598149538040161e-05,0.0696327444165945,0.0696487259119749,8.840486407279968e-05,0.0,0.0
1560,optimizer,0.0012073908001184464,2.9003247618675232e-05,0.0012664012610912323,0.0012954045087099075,2.4670735001564026e-05,0.0004904568195343018,0.00046054087579250336
1561,forward,0.012402636930346489,3.166124224662781e-05,0.023472506552934647,0.023504167795181274,8.660927414894104e-05,0.0,0.0
1561,backward,0.011105271056294441,1.4780089259147644e-05,0.06999127194285393,0.07000605203211308,8.865073323249817e-05,0.0,0.0
1561,optimizer,0.0012354105710983276,2.9649585485458374e-05,0.001258770003914833,0.0012884195894002914,2.788938581943512e-05,0.0005002785474061966,0.0004717167466878891
1562,forward,0.012477979063987732,3.123283386230469e-05,0.023494932800531387,0.023526165634393692,8.455291390419006e-05,0.0,0.0
1562,backward,0.01116638071835041,2.2860243916511536e-05,0.06991786137223244,0.06994072161614895,8.795969188213348e-05,0.0,0.0
1562,optimizer,0.0012162700295448303,3.203004598617554e-05,0.001259421929717064,0.0012914519757032394,2.3210421204566956e-05,0.000834265723824501,0.0004642084240913391
1563,forward,0.012721056118607521,2.9182061553001404e-05,0.02320103533565998,0.023230217397212982,7.739104330539703e-05,0.0,0.0
1563,backward,0.011269431561231613,1.5430152416229248e-05,0.0696821752935648,0.06969760544598103,8.555129170417786e-05,0.0,0.0
1563,optimizer,0.001235421746969223,2.8602778911590576e-05,0.0012611094862222672,0.0012897122651338577,2.5559216737747192e-05,0.0004907865077257156,0.0004775002598762512
1564,forward,0.012415602803230286,2.926960587501526e-05,0.023475999012589455,0.02350526861846447,8.341297507286072e-05,0.0,0.0
1564,backward,0.011179937049746513,1.829303801059723e-05,0.0695974063128233,0.06961569935083389,8.451193571090698e-05,0.0,0.0
1564,optimizer,0.0012489277869462967,3.200210630893707e-05,0.00125962495803833,0.0012916270643472672,2.530030906200409e-05,0.0004973094910383224,0.0004618559032678604
1565,forward,0.0124130230396986,3.685988485813141e-05,0.023475119844079018,0.02351197972893715,8.24611634016037e-05,0.0,0.0
1565,backward,0.011108975857496262,1.7920508980751038e-05,0.06996586360037327,0.06998378410935402,8.581019937992096e-05,0.0,0.0
1565,optimizer,0.0012338198721408844,2.8951093554496765e-05,0.0012595001608133316,0.0012884512543678284,2.5549903512001038e-05,0.000791473314166069,0.00046312808990478516
1566,forward,0.012368381023406982,2.985261380672455e-05,0.023506049066781998,0.023535901680588722,8.481182157993317e-05,0.0,0.0
1566,backward,0.011193279176950455,1.7201527953147888e-05,0.07001516409218311,0.07003236562013626,8.320063352584839e-05,0.0,0.0
1566,optimizer,0.0012931711971759796,2.9591843485832214e-05,0.0012615397572517395,0.0012911316007375717,2.7241185307502747e-05,0.0004903487861156464,0.0004607774317264557
1567,forward,0.012442709878087044,2.9889866709709167e-05,0.023432759568095207,0.023462649434804916,8.026137948036194e-05,0.0,0.0
1567,backward,0.011100061237812042,1.6652047634124756e-05,0.06959941424429417,0.06961606629192829,8.803978562355042e-05,0.0,0.0
1567,optimizer,0.0012051444500684738,2.6559457182884216e-05,0.0012661200016736984,0.0012926794588565826,2.5499612092971802e-05,0.0004833471029996872,0.00046365708112716675
1568,forward,0.012402206659317017,2.9828399419784546e-05,0.02350723184645176,0.023537060245871544,8.616037666797638e-05,0.0,0.0
1568,backward,0.011080468073487282,2.8429552912712097e-05,0.07002861239016056,0.07005704194307327,8.586980402469635e-05,0.0,0.0
1568,optimizer,0.0012342091649770737,2.7371570467948914e-05,0.0012602917850017548,0.0012876633554697037,2.5102868676185608e-05,0.0006352905184030533,0.0004636067897081375
1569,forward,0.012545231729745865,2.8820708394050598e-05,0.023404819890856743,0.023433640599250793,8.388049900531769e-05,0.0,0.0
1569,backward,0.011173421517014503,1.6821548342704773e-05,0.06969374790787697,0.06971056945621967,8.814223110675812e-05,0.0,0.0
1569,optimizer,0.0012459103018045425,3.124028444290161e-05,0.001261623576283455,0.0012928638607263565,2.4633482098579407e-05,0.0004891380667686462,0.0004623495042324066
1570,forward,0.012689486145973206,2.945028245449066e-05,0.02321440353989601,0.023243853822350502,8.538365364074707e-05,0.0,0.0
1570,backward,0.011154379695653915,1.6421079635620117e-05,0.06978533789515495,0.06980175897479057,8.715130388736725e-05,0.0,0.0
1570,optimizer,0.0012187622487545013,2.931244671344757e-05,0.00126543827354908,0.0012947507202625275,2.5141984224319458e-05,0.0004905983805656433,0.0005019679665565491
1571,forward,0.01271018572151661,3.0782073736190796e-05,0.023173615336418152,0.023204397410154343,8.349120616912842e-05,0.0,0.0
1571,backward,0.011195091530680656,1.555122435092926e-05,0.07010338269174099,0.07011893391609192,8.644163608551025e-05,0.0,0.0
1571,optimizer,0.00123588927090168,2.896040678024292e-05,0.0012646503746509552,0.0012936107814311981,2.6220455765724182e-05,0.0011292193084955215,0.0004739966243505478
1572,forward,0.012407399713993073,3.0491501092910767e-05,0.023565642535686493,0.023596134036779404,9.401142597198486e-05,0.0,0.0
1572,backward,0.011110631749033928,1.7348676919937134e-05,0.06971473433077335,0.06973208300769329,8.543208241462708e-05,0.0,0.0
1572,optimizer,0.001231163740158081,3.116205334663391e-05,0.0012648683041334152,0.0012960303574800491,2.400018274784088e-05,0.0004984177649021149,0.00046194903552532196
1573,forward,0.012645287439227104,2.791173756122589e-05,0.023254314437508583,0.02328222617506981,8.1673264503479e-05,0.0,0.0
1573,backward,0.011112969368696213,1.6650184988975525e-05,0.06994108855724335,0.06995773874223232,8.591264486312866e-05,0.0,0.0
1573,optimizer,0.000987119972705841,3.067962825298309e-05,0.001258188858628273,0.001288868486881256,2.6110559701919556e-05,0.0009781848639249802,0.0004613753408193588
1574,forward,0.012623295187950134,2.9278919100761414e-05,0.02322719618678093,0.02325647510588169,8.472241461277008e-05,0.0,0.0
1574,backward,0.01111656241118908,1.662038266658783e-05,0.0699129793792963,0.06992959976196289,8.981116116046906e-05,0.0,0.0
1574,optimizer,0.0012145228683948517,2.8781592845916748e-05,0.0012633688747882843,0.001292150467634201,2.5970861315727234e-05,0.0004899874329566956,0.000458497554063797
1575,forward,0.012363351881504059,3.1288713216781616e-05,0.02352933958172798,0.023560628294944763,8.126161992549896e-05,0.0,0.0
1575,backward,0.011103706434369087,1.6361474990844727e-05,0.06968637742102146,0.0697027388960123,9.11317765712738e-05,0.0,0.0
1575,optimizer,0.0012111924588680267,2.6129186153411865e-05,0.0012659300118684769,0.0012920591980218887,2.421066164970398e-05,0.0007385630160570145,0.0004637613892555237
1576,forward,0.012433473020792007,2.8461217880249023e-05,0.023453067988157272,0.02348152920603752,8.451193571090698e-05,0.0,0.0
1576,backward,0.011319324374198914,1.4120712876319885e-05,0.06977782770991325,0.06979194842278957,8.558109402656555e-05,0.0,0.0
1576,optimizer,0.0012397486716508865,2.7243047952651978e-05,0.0012538619339466095,0.0012811049818992615,2.5110319256782532e-05,0.0008866749703884125,0.00046348758041858673
1577,forward,0.012357840314507484,3.056041896343231e-05,0.023582151159644127,0.02361271157860756,8.512474596500397e-05,0.0,0.0
1577,backward,0.01119994930922985,1.62515789270401e-05,0.06958697363734245,0.0696032252162695,0.0001115892082452774,0.0,0.0
1577,optimizer,0.0014557354152202606,4.724040627479553e-05,0.0012170802801847458,0.0012643206864595413,2.564862370491028e-05,0.0005422383546829224,0.0005211364477872849
1578,forward,0.013116491958498955,2.831965684890747e-05,0.02282479964196682,0.022853119298815727,8.516013622283936e-05,0.0,0.0
1578,backward,0.011608308181166649,1.4409422874450684e-05,0.06953120417892933,0.06954561360180378,8.55904072523117e-05,0.0,0.0
1578,optimizer,0.0012407321482896805,2.8442591428756714e-05,0.0012541599571704865,0.0012826025485992432,2.5760382413864136e-05,0.0008128117769956589,0.0004680268466472626
1579,forward,0.012237517163157463,3.0210241675376892e-05,0.023654231801629066,0.023684442043304443,8.28523188829422e-05,0.0,0.0
1579,backward,0.011497944593429565,1.4802441000938416e-05,0.06970487721264362,0.06971967965364456,8.906051516532898e-05,0.0,0.0
1579,optimizer,0.0012214891612529755,2.893991768360138e-05,0.0012620631605386734,0.0012910030782222748,2.4693086743354797e-05,0.0004887878894805908,0.0004624985158443451
1580,forward,0.012855622917413712,2.9440969228744507e-05,0.02307943068444729,0.023108871653676033,8.559226989746094e-05,0.0,0.0
1580,backward,0.011104060336947441,1.5322118997573853e-05,0.06964814476668835,0.06966346688568592,8.367188274860382e-05,0.0,0.0
1580,optimizer,0.0012011583894491196,2.787075936794281e-05,0.0012609008699655533,0.001288771629333496,2.5132670998573303e-05,0.000506088137626648,0.0005176085978746414
1581,forward,0.012474829331040382,2.8889626264572144e-05,0.02337471954524517,0.023403609171509743,8.419156074523926e-05,0.0,0.0
1581,backward,0.01104068011045456,1.806020736694336e-05,0.07017846405506134,0.07019652426242828,8.435174822807312e-05,0.0,0.0
1581,optimizer,0.0012561511248350143,2.8731301426887512e-05,0.0012636911123991013,0.0012924224138259888,2.6922672986984253e-05,0.0008180532604455948,0.0004663784056901932
1582,forward,0.012716826051473618,2.980045974254608e-05,0.023153845220804214,0.02318364568054676,8.409284055233002e-05,0.0,0.0
1582,backward,0.011070556938648224,1.4690682291984558e-05,0.06973576918244362,0.0697504598647356,8.80807638168335e-05,0.0,0.0
1582,optimizer,0.0012227930128574371,2.8988346457481384e-05,0.0012629106640815735,0.0012918990105390549,2.540089190006256e-05,0.0004827268421649933,0.0004678070545196533
1583,forward,0.012476513162255287,3.104284405708313e-05,0.0234304778277874,0.023461520671844482,8.214078843593597e-05,0.0,0.0
1583,backward,0.011172248050570488,1.753866672515869e-05,0.07016620598733425,0.07018374465405941,8.80807638168335e-05,0.0,0.0
1583,optimizer,0.00122855044901371,2.7399510145187378e-05,0.0012694243341684341,0.0012968238443136215,2.385862171649933e-05,0.000681532546877861,0.00046182796359062195
1584,forward,0.012481683865189552,2.8908252716064453e-05,0.023477887734770775,0.02350679598748684,8.627213537693024e-05,0.0,0.0
1584,backward,0.011263301596045494,1.5379860997200012e-05,0.06974373757839203,0.06975911743938923,8.348189294338226e-05,0.0,0.0
1584,optimizer,0.001162571832537651,2.890266478061676e-05,0.0012631695717573166,0.0012920722365379333,2.5449320673942566e-05,0.0004938077181577682,0.0005040969699621201
1585,forward,0.012707507237792015,3.0469149351119995e-05,0.02324778586626053,0.02327825501561165,8.47112387418747e-05,0.0,0.0
1585,backward,0.011087749153375626,1.7618760466575623e-05,0.07020894438028336,0.07022656314074993,8.666142821311951e-05,0.0,0.0
1585,optimizer,0.0012342706322669983,3.1322240829467773e-05,0.0012584291398525238,0.0012897513806819916,2.676062285900116e-05,0.0008965544402599335,0.0004643760621547699
1586,forward,0.012394929304718971,2.7529895305633545e-05,0.023521000519394875,0.023548530414700508,8.544139564037323e-05,0.0,0.0
1586,backward,0.01113428920507431,1.563131809234619e-05,0.07004580274224281,0.07006143406033516,8.651241660118103e-05,0.0,0.0
1586,optimizer,0.001229921355843544,3.205984830856323e-05,0.0012590214610099792,0.0012910813093185425,2.7779489755630493e-05,0.0004974678158760071,0.0004691407084465027
1587,forward,0.012736627832055092,3.139302134513855e-05,0.02316972427070141,0.023201117292046547,8.119270205497742e-05,0.0,0.0
1587,backward,0.011178916320204735,1.6162171959877014e-05,0.0699190516024828,0.06993521377444267,8.617155253887177e-05,0.0,0.0
1587,optimizer,0.001255720853805542,2.935156226158142e-05,0.0012686531990766525,0.001298004761338234,2.4899840354919434e-05,0.0008726045489311218,0.00046079792082309723
1588,forward,0.012356849387288094,2.8870999813079834e-05,0.023568611592054367,0.023597482591867447,8.498132228851318e-05,0.0,0.0
1588,backward,0.011111157014966011,1.5890225768089294e-05,0.06964875757694244,0.06966464780271053,8.419901132583618e-05,0.0,0.0
1588,optimizer,0.001202872022986412,2.637133002281189e-05,0.001263471320271492,0.001289842650294304,2.5881454348564148e-05,0.0004910584539175034,0.00046476908028125763
1589,forward,0.012428751215338707,3.108009696006775e-05,0.023467469960451126,0.023498550057411194,8.346326649188995e-05,0.0,0.0
1589,backward,0.011085078120231628,1.733936369419098e-05,0.06999102234840393,0.07000836171209812,8.628144860267639e-05,0.0,0.0
1589,optimizer,0.0012401733547449112,2.8209760785102844e-05,0.0012596789747476578,0.0012878887355327606,2.3620203137397766e-05,0.0008575450628995895,0.00046406127512454987
1590,forward,0.012477710843086243,3.0700117349624634e-05,0.023449741303920746,0.02348044142127037,0.00010015256702899933,0.0,0.0
1590,backward,0.01119925081729889,1.659989356994629e-05,0.06961847469210625,0.0696350745856762,8.613243699073792e-05,0.0,0.0
1590,optimizer,0.001165160909295082,3.213062882423401e-05,0.001258552074432373,0.001290682703256607,2.3167580366134644e-05,0.0004910007119178772,0.00046332739293575287
1591,forward,0.012589715421199799,3.1189993023872375e-05,0.023308206349611282,0.023339396342635155,8.581206202507019e-05,0.0,0.0
1591,backward,0.011185318231582642,2.167932689189911e-05,0.07009163312613964,0.07011331245303154,8.27442854642868e-05,0.0,0.0
1591,optimizer,0.001222042366862297,3.0061230063438416e-05,0.0012600310146808624,0.0012900922447443008,2.4979934096336365e-05,0.0008202157914638519,0.0004555806517601013
1592,forward,0.012424340471625328,2.9321759939193726e-05,0.02354848012328148,0.023577801883220673,8.184090256690979e-05,0.0,0.0
1592,backward,0.011131592094898224,1.7929822206497192e-05,0.06986264698207378,0.06988057680428028,8.929893374443054e-05,0.0,0.0
1592,optimizer,0.0012291502207517624,2.869032323360443e-05,0.001260552555322647,0.0012892428785562515,2.3832544684410095e-05,0.000499209389090538,0.0004627387970685959
1593,forward,0.012413501739501953,2.8619542717933655e-05,0.023499198257923126,0.02352781780064106,8.219107985496521e-05,0.0,0.0
1593,backward,0.011123597621917725,1.7698854207992554e-05,0.06992270983755589,0.06994040869176388,8.719228208065033e-05,0.0,0.0
1593,optimizer,0.001285206526517868,2.8232112526893616e-05,0.0012578386813402176,0.0012860707938671112,2.4098902940750122e-05,0.0004898905754089355,0.00046806782484054565
1594,forward,0.012468913570046425,2.8409063816070557e-05,0.023440778255462646,0.023469187319278717,8.877180516719818e-05,0.0,0.0
1594,backward,0.011181417852640152,1.6042962670326233e-05,0.07002109289169312,0.07003713585436344,8.467212319374084e-05,0.0,0.0
1594,optimizer,0.001218348741531372,2.8800219297409058e-05,0.0012658722698688507,0.0012946724891662598,2.4940818548202515e-05,0.0009218174964189529,0.00046499818563461304
1595,forward,0.01236957311630249,3.182142972946167e-05,0.023498229682445526,0.023530051112174988,8.433312177658081e-05,0.0,0.0
1595,backward,0.011061208322644234,1.6089528799057007e-05,0.0697115883231163,0.06972767785191536,8.719228208065033e-05,0.0,0.0
1595,optimizer,0.0012183226644992828,2.7801841497421265e-05,0.001260269433259964,0.0012880712747573853,2.755969762802124e-05,0.0004915948957204819,0.000463828444480896
1596,forward,0.012384038418531418,3.000907599925995e-05,0.023458430543541908,0.023488439619541168,8.4729865193367e-05,0.0,0.0
1596,backward,0.01109335944056511,1.6380101442337036e-05,0.06990517117083073,0.06992155127227306,8.699111640453339e-05,0.0,0.0
1596,optimizer,0.0012486521154642105,2.7162954211235046e-05,0.0012666601687669754,0.0012938231229782104,2.52407044172287e-05,0.0008712746202945709,0.0004620552062988281
1597,forward,0.012389834970235825,2.8740614652633667e-05,0.02355457842350006,0.023583319038152695,8.391030132770538e-05,0.0,0.0
1597,backward,0.011139128357172012,1.9451603293418884e-05,0.06979520805180073,0.06981465965509415,8.628331124782562e-05,0.0,0.0
1597,optimizer,0.0012363828718662262,2.9871240258216858e-05,0.0012609604746103287,0.0012908317148685455,2.6242807507514954e-05,0.0004969071596860886,0.00046560727059841156
1598,forward,0.012560294941067696,2.9092654585838318e-05,0.02334192767739296,0.023371020331978798,8.501112461090088e-05,0.0,0.0
1598,backward,0.011122647672891617,1.5620142221450806e-05,0.06996657140552998,0.06998219154775143,8.698180317878723e-05,0.0,0.0
1598,optimizer,0.0012756213545799255,2.820044755935669e-05,0.0012575220316648483,0.001285722479224205,2.635084092617035e-05,0.0009304359555244446,0.00046264752745628357
1599,forward,0.012712724506855011,3.127194941043854e-05,0.023152584210038185,0.023183856159448624,8.185021579265594e-05,0.0,0.0
1599,backward,0.011162810027599335,1.4739111065864563e-05,0.06997672282159328,0.06999146193265915,8.532404899597168e-05,0.0,0.0
1599,optimizer,0.0011594686657190323,2.890266478061676e-05,0.0012579727917909622,0.001286875456571579,2.575106918811798e-05,0.0004919078201055527,0.00046185776591300964
1600,forward,0.012732885777950287,2.9789283871650696e-05,0.02317747473716736,0.02320726402103901,8.106231689453125e-05,0.0,0.0
1600,backward,0.011205611750483513,1.617148518562317e-05,0.06962983310222626,0.06964600458741188,8.244253695011139e-05,0.0,0.0
1600,optimizer,0.0011632200330495834,2.8127804398536682e-05,0.0012608300894498825,0.0012889578938484192,2.3262575268745422e-05,0.0004980359226465225,0.00045865587890148163
1601,forward,0.012474780902266502,3.0260533094406128e-05,0.02344515174627304,0.023475412279367447,8.234195411205292e-05,0.0,0.0
1601,backward,0.011440983042120934,1.9848346710205078e-05,0.06982460804283619,0.0698444563895464,8.71121883392334e-05,0.0,0.0
1601,optimizer,0.0011776480823755264,2.8599053621292114e-05,0.0012579318135976791,0.0012865308672189713,2.7660280466079712e-05,0.001327063888311386,0.0004661083221435547
1602,forward,0.012305917218327522,2.96812504529953e-05,0.02362496219575405,0.023654643446207047,8.716993033885956e-05,0.0,0.0
1602,backward,0.011235199868679047,1.4469027519226074e-05,0.06947006285190582,0.06948453187942505,8.928216993808746e-05,0.0,0.0
1602,optimizer,0.0011378303170204163,2.6540830731391907e-05,0.0012583713978528976,0.0012849122285842896,2.614036202430725e-05,0.0006735511124134064,0.00046570785343647003
1603,forward,0.012390771880745888,3.087148070335388e-05,0.023487361147999763,0.023518232628703117,8.433312177658081e-05,0.0,0.0
1603,backward,0.01109256036579609,1.5638768672943115e-05,0.06984355673193932,0.06985919550061226,8.775293827056885e-05,0.0,0.0
1603,optimizer,0.0012177731841802597,2.9210001230239868e-05,0.0012646093964576721,0.001293819397687912,2.345070242881775e-05,0.0004892107099294662,0.00046454742550849915
1604,forward,0.01238870806992054,3.1109899282455444e-05,0.023503132164478302,0.023534242063760757,8.504465222358704e-05,0.0,0.0
1604,backward,0.01113118976354599,1.589953899383545e-05,0.07001657225191593,0.07003247179090977,8.720904588699341e-05,0.0,0.0
1604,optimizer,0.0012291017919778824,3.2160431146621704e-05,0.0012619514018297195,0.0012941118329763412,2.6360154151916504e-05,0.00048324838280677795,0.0004692263901233673
1605,forward,0.01246226392686367,2.851150929927826e-05,0.02348984032869339,0.023518351837992668,8.347257971763611e-05,0.0,0.0
1605,backward,0.011152287945151329,1.989305019378662e-05,0.06964954547584057,0.06966943852603436,8.585304021835327e-05,0.0,0.0
1605,optimizer,0.0012325327843427658,3.02288681268692e-05,0.0012633707374334335,0.0012935996055603027,2.5330111384391785e-05,0.0004908088594675064,0.00046005845069885254
1606,forward,0.012472141534090042,2.7999281883239746e-05,0.023398976773023605,0.023426976054906845,8.174031972885132e-05,0.0,0.0
1606,backward,0.011171741411089897,1.6998499631881714e-05,0.06980121694505215,0.06981821544468403,8.541345596313477e-05,0.0,0.0
1606,optimizer,0.0012654047459363937,3.088079392910004e-05,0.0012595206499099731,0.0012904014438390732,2.3560598492622375e-05,0.0008118730038404465,0.0004644785076379776
1607,forward,0.012485133484005928,3.0260533094406128e-05,0.023436548188328743,0.02346680872142315,8.624978363513947e-05,0.0,0.0
1607,backward,0.011156037449836731,1.5819445252418518e-05,0.06990303285419941,0.06991885229945183,8.494965732097626e-05,0.0,0.0
1607,optimizer,0.0012344606220722198,2.9690563678741455e-05,0.0012586303055286407,0.0012883208692073822,2.647005021572113e-05,0.0004886984825134277,0.00047208741307258606
1608,forward,0.012680724263191223,3.1130388379096985e-05,0.023254316300153732,0.02328544668853283,7.826089859008789e-05,0.0,0.0
1608,backward,0.011210590600967407,1.6260892152786255e-05,0.06984994933009148,0.06986621022224426,8.378922939300537e-05,0.0,0.0
1608,optimizer,0.0011873189359903336,2.9671937227249146e-05,0.0012604109942913055,0.0012900829315185547,2.4339184165000916e-05,0.001006685197353363,0.0004580765962600708
1609,forward,0.01229012943804264,2.9630959033966064e-05,0.02357047237455845,0.023600103333592415,8.317269384860992e-05,0.0,0.0
1609,backward,0.011136697605252266,1.857057213783264e-05,0.0699960645288229,0.07001463510096073,8.91219824552536e-05,0.0,0.0
1609,optimizer,0.0011330191045999527,2.6531517505645752e-05,0.0012657828629016876,0.0012923143804073334,2.6309862732887268e-05,0.000489749014377594,0.0004835352301597595
1610,forward,0.012369461357593536,2.995319664478302e-05,0.023520302027463913,0.023550255224108696,8.374080061912537e-05,0.0,0.0
1610,backward,0.01118524931371212,1.51805579662323e-05,0.06974558718502522,0.06976076774299145,8.913129568099976e-05,0.0,0.0
1610,optimizer,0.0011384710669517517,2.5900080800056458e-05,0.001269640401005745,0.0012955404818058014,2.5531277060508728e-05,0.0004899874329566956,0.0004636291414499283
1611,forward,0.012759953737258911,3.040023148059845e-05,0.023163046687841415,0.023193446919322014,8.809007704257965e-05,0.0,0.0
1611,backward,0.011187529191374779,1.6340985894203186e-05,0.07007899507880211,0.07009533606469631,8.681230247020721e-05,0.0,0.0
1611,optimizer,0.0011700782924890518,3.068707883358002e-05,0.0012564528733491898,0.0012871399521827698,2.4946406483650208e-05,0.0007970724254846573,0.00046265870332717896
1612,forward,0.012489143759012222,3.1849369406700134e-05,0.02339564822614193,0.02342749759554863,8.152052760124207e-05,0.0,0.0
1612,backward,0.011258384212851524,1.6489997506141663e-05,0.06973563507199287,0.06975212506949902,8.70637595653534e-05,0.0,0.0
1612,optimizer,0.001166030764579773,3.1070783734321594e-05,0.0012595411390066147,0.0012906119227409363,2.374313771724701e-05,0.000864274799823761,0.0004590991884469986
1613,forward,0.012442639097571373,2.853013575077057e-05,0.023432131856679916,0.023460661992430687,8.488260209560394e-05,0.0,0.0
1613,backward,0.01119764894247055,1.850724220275879e-05,0.07000381126999855,0.07002231851220131,9.781308472156525e-05,0.0,0.0
1613,optimizer,0.001196378841996193,3.3229589462280273e-05,0.0012588035315275192,0.0012920331209897995,2.4089589715003967e-05,0.0007985532283782959,0.00046442821621894836
1614,forward,0.012408552691340446,2.9910355806350708e-05,0.023548919707536697,0.023578830063343048,8.530914783477783e-05,0.0,0.0
1614,backward,0.011124690994620323,1.5139579772949219e-05,0.06961228512227535,0.0696274247020483,8.811242878437042e-05,0.0,0.0
1614,optimizer,0.0012294631451368332,3.054179251194e-05,0.0012587886303663254,0.0012893304228782654,2.5989487767219543e-05,0.0004883669316768646,0.00047170743346214294
1615,forward,0.012441329658031464,3.050081431865692e-05,0.023437712341547012,0.02346821315586567,8.230097591876984e-05,0.0,0.0
1615,backward,0.011170856654644012,1.5579164028167725e-05,0.0699374508112669,0.06995302997529507,8.529238402843475e-05,0.0,0.0
1615,optimizer,0.0012103896588087082,2.826005220413208e-05,0.0012629814445972443,0.0012912414968013763,2.4260953068733215e-05,0.0008022040128707886,0.00046614743769168854
1616,forward,0.012431250885128975,2.9280781745910645e-05,0.02343728020787239,0.0234665609896183,8.211284875869751e-05,0.0,0.0
1616,backward,0.011115850880742073,1.4489516615867615e-05,0.06971679627895355,0.06973128579556942,8.592195808887482e-05,0.0,0.0
1616,optimizer,0.0011586304754018784,2.7330592274665833e-05,0.0012637916952371597,0.0012911222875118256,2.6341527700424194e-05,0.0004915669560432434,0.000459279865026474
1617,forward,0.012601636350154877,2.956204116344452e-05,0.023267805576324463,0.023297367617487907,8.172914385795593e-05,0.0,0.0
1617,backward,0.011150101199746132,1.809932291507721e-05,0.06970964558422565,0.06972774490714073,8.780322968959808e-05,0.0,0.0
1617,optimizer,0.00115186907351017,2.8138980269432068e-05,0.0012590717524290085,0.0012872107326984406,2.4432316422462463e-05,0.0008307714015245438,0.00046823732554912567
1618,forward,0.012457041069865227,2.8450042009353638e-05,0.023450270295143127,0.02347872033715248,7.993169128894806e-05,0.0,0.0
1618,backward,0.011169755831360817,1.7561018466949463e-05,0.06994905136525631,0.06996661238372326,9.062327444553375e-05,0.0,0.0
1618,optimizer,0.0011793803423643112,2.9560178518295288e-05,0.0012637320905923843,0.0012932922691106796,2.3620203137397766e-05,0.0008031446486711502,0.0004591885954141617
1619,forward,0.012420551851391792,2.9958784580230713e-05,0.02353152073919773,0.02356147952377796,8.731149137020111e-05,0.0,0.0
1619,backward,0.011255251243710518,1.6810372471809387e-05,0.06961818598210812,0.06963499635457993,8.800439536571503e-05,0.0,0.0
1619,optimizer,0.0011707302182912827,2.8150156140327454e-05,0.0012639611959457397,0.0012921113520860672,2.6142224669456482e-05,0.0004827473312616348,0.0004641581326723099
1620,forward,0.012770488858222961,3.0798837542533875e-05,0.023123441264033318,0.02315424010157585,8.363276720046997e-05,0.0,0.0
1620,backward,0.01121998205780983,1.5769153833389282e-05,0.0700412318110466,0.07005700096487999,8.78702849149704e-05,0.0,0.0
1620,optimizer,0.001165006309747696,2.7192756533622742e-05,0.001260172575712204,0.0012873653322458267,2.3709610104560852e-05,0.0007899831980466843,0.0004654768854379654
1621,forward,0.012399092316627502,2.9860064387321472e-05,0.023539280518889427,0.02356914058327675,8.530169725418091e-05,0.0,0.0
1621,backward,0.011212551966309547,1.770816743373871e-05,0.06962956488132477,0.0696472730487585,8.651241660118103e-05,0.0,0.0
1621,optimizer,0.001198701560497284,3.0240043997764587e-05,0.001260681077837944,0.0012909211218357086,2.5510787963867188e-05,0.0004931893199682236,0.00046446919441223145
1622,forward,0.012413140386343002,2.9942020773887634e-05,0.02345876954495907,0.023488711565732956,8.256174623966217e-05,0.0,0.0
1622,backward,0.011117428541183472,1.6570091247558594e-05,0.06993864104151726,0.06995521113276482,8.600205183029175e-05,0.0,0.0
1622,optimizer,0.001209339126944542,2.9489398002624512e-05,0.001266060397028923,0.0012955497950315475,2.2960826754570007e-05,0.0007901117205619812,0.00046408921480178833
1623,forward,0.012369154021143913,3.0700117349624634e-05,0.023525718599557877,0.0235564187169075,8.644163608551025e-05,0.0,0.0
1623,backward,0.011041209101676941,1.6421079635620117e-05,0.06971564516425133,0.06973206624388695,8.798949420452118e-05,0.0,0.0
1623,optimizer,0.0012028291821479797,2.9139220714569092e-05,0.0012644529342651367,0.0012935921549797058,2.380087971687317e-05,0.0004897993057966232,0.00046459585428237915
1624,forward,0.012340830639004707,3.0141323804855347e-05,0.023539410904049873,0.02356955222785473,8.454360067844391e-05,0.0,0.0
1624,backward,0.011168727651238441,1.6199424862861633e-05,0.069950632750988,0.06996683217585087,8.615292608737946e-05,0.0,0.0
1624,optimizer,0.0011493880301713943,2.5700777769088745e-05,0.0012600328773260117,0.0012857336550951004,2.4158507585525513e-05,0.0008096136152744293,0.0004580169916152954
1625,forward,0.012635264545679092,2.8621405363082886e-05,0.023341726511716843,0.023370347917079926,8.262321352958679e-05,0.0,0.0
1625,backward,0.011131690815091133,1.6221776604652405e-05,0.06969143450260162,0.06970765627920628,9.332038462162018e-05,0.0,0.0
1625,optimizer,0.0013316553086042404,5.942024290561676e-05,0.0012470893561840057,0.0013065095990896225,2.80085951089859e-05,0.00050312839448452,0.0004829689860343933
1626,forward,0.012564383447170258,2.9742717742919922e-05,0.023349348455667496,0.023379091173410416,8.478201925754547e-05,0.0,0.0
1626,backward,0.011264422908425331,1.7000362277030945e-05,0.06998809054493904,0.07000509090721607,9.020045399665833e-05,0.0,0.0
1626,optimizer,0.001167619600892067,3.0661001801490784e-05,0.0012623127549886703,0.0012929737567901611,2.362765371799469e-05,0.0008378904312849045,0.00046011991798877716
1627,forward,0.012754734605550766,3.099068999290466e-05,0.02316279709339142,0.023193787783384323,7.619336247444153e-05,0.0,0.0
1627,backward,0.01126416027545929,1.6609206795692444e-05,0.0695678573101759,0.06958446651697159,8.841045200824738e-05,0.0,0.0
1627,optimizer,0.0011716373264789581,3.357045352458954e-05,0.0012665912508964539,0.0013001617044210434,2.7021393179893494e-05,0.00048399902880191803,0.0004631783813238144
1628,forward,0.012480901554226875,2.8820708394050598e-05,0.023426538333296776,0.023455359041690826,8.520297706127167e-05,0.0,0.0
1628,backward,0.011233469471335411,1.7520040273666382e-05,0.07008876465260983,0.07010628469288349,8.897297084331512e-05,0.0,0.0
1628,optimizer,0.0011731479316949844,2.5549903512001038e-05,0.0012596119195222855,0.0012851618230342865,2.4510547518730164e-05,0.0008851364254951477,0.0004879795014858246
1629,forward,0.012360502034425735,2.9169023036956787e-05,0.023536579683423042,0.02356574870646,8.647143840789795e-05,0.0,0.0
1629,backward,0.011187532916665077,1.705251634120941e-05,0.06969159469008446,0.06970864720642567,8.791126310825348e-05,0.0,0.0
1629,optimizer,0.0011627711355686188,3.128126263618469e-05,0.0012624803930521011,0.0012937616556882858,2.8820708394050598e-05,0.000498039647936821,0.0004596784710884094
1630,forward,0.012399381026625633,2.90796160697937e-05,0.02345876954495907,0.023487849161028862,8.488260209560394e-05,0.0,0.0
1630,backward,0.011111307889223099,1.5690922737121582e-05,0.07007288374006748,0.0700885746628046,8.83694738149643e-05,0.0,0.0
1630,optimizer,0.001143336296081543,2.7671456336975098e-05,0.0012607928365468979,0.001288464292883873,2.468004822731018e-05,0.0008953548967838287,0.0004662368446588516
1631,forward,0.012357288971543312,3.0878931283950806e-05,0.023544780910015106,0.023575659841299057,8.472055196762085e-05,0.0,0.0
1631,backward,0.011137891560792923,1.4681369066238403e-05,0.06958016380667686,0.0695948451757431,8.605234324932098e-05,0.0,0.0
1631,optimizer,0.0009549949318170547,2.8893351554870605e-05,0.001260383054614067,0.0012892764061689377,2.562999725341797e-05,0.0004982184618711472,0.0004645977169275284
1632,forward,0.012740259990096092,3.051944077014923e-05,0.02318951115012169,0.023220030590891838,8.316338062286377e-05,0.0,0.0
1632,backward,0.011190090328454971,1.7851591110229492e-05,0.06996257230639458,0.0699804238975048,8.530914783477783e-05,0.0,0.0
1632,optimizer,0.0011831503361463547,2.9090791940689087e-05,0.001262189820408821,0.0012912806123495102,2.777203917503357e-05,0.00048329681158065796,0.00045805610716342926
1633,forward,0.012571685016155243,2.9301270842552185e-05,0.023336606100201607,0.02336590737104416,8.316151797771454e-05,0.0,0.0
1633,backward,0.011085759848356247,1.6549602150917053e-05,0.06994418986141682,0.06996073946356773,8.677132427692413e-05,0.0,0.0
1633,optimizer,0.001229315996170044,2.939067780971527e-05,0.001259664073586464,0.0012890547513961792,2.3646280169487e-05,0.000688483938574791,0.0004599951207637787
1634,forward,0.012729065492749214,3.088079392910004e-05,0.023174656555056572,0.023205537348985672,8.51508229970932e-05,0.0,0.0
1634,backward,0.011203519999980927,1.5892088413238525e-05,0.06991155073046684,0.06992744281888008,9.023956954479218e-05,0.0,0.0
1634,optimizer,0.0012235529720783234,3.0098482966423035e-05,0.0012616012245416641,0.0012916997075080872,2.526119351387024e-05,0.0004898179322481155,0.0004631076008081436
1635,forward,0.012920428067445755,2.9690563678741455e-05,0.022984562441706657,0.0230142530053854,8.225999772548676e-05,0.0,0.0
1635,backward,0.01116945967078209,1.4828518033027649e-05,0.06965816579759121,0.06967299431562424,8.375197649002075e-05,0.0,0.0
1635,optimizer,0.0012339521199464798,2.750009298324585e-05,0.0012649819254875183,0.0012924820184707642,2.5659799575805664e-05,0.0004907082766294479,0.0004613976925611496
1636,forward,0.012730047106742859,2.9589980840682983e-05,0.023159753531217575,0.023189343512058258,8.179061114788055e-05,0.0,0.0
1636,backward,0.011163046583533287,1.8771737813949585e-05,0.07007550448179245,0.0700942762196064,8.802302181720734e-05,0.0,0.0
1636,optimizer,0.0012537799775600433,2.5758519768714905e-05,0.0012625809758901596,0.0012883394956588745,2.455897629261017e-05,0.0007882043719291687,0.00046212784945964813
1637,forward,0.012384001165628433,3.003142774105072e-05,0.023571040481328964,0.023601071909070015,8.06804746389389e-05,0.0,0.0
1637,backward,0.011125490069389343,1.640990376472473e-05,0.06961546465754509,0.06963187456130981,8.869171142578125e-05,0.0,0.0
1637,optimizer,0.0011682510375976562,2.6671215891838074e-05,0.0012626200914382935,0.0012892913073301315,2.567283809185028e-05,0.0006113201379776001,0.0004582870751619339
1638,forward,0.012378709390759468,3.096088767051697e-05,0.023512760177254677,0.023543721064925194,8.454360067844391e-05,0.0,0.0
1638,backward,0.011110490188002586,1.676008105278015e-05,0.07003550045192242,0.0700522605329752,9.211897850036621e-05,0.0,0.0
1638,optimizer,0.0012225601822137833,2.8010457754135132e-05,0.0012586619704961777,0.0012866724282503128,2.2761523723602295e-05,0.0007794741541147232,0.0005459804087877274
1639,forward,0.01250796765089035,3.1111761927604675e-05,0.023409176617860794,0.0234402883797884,8.333101868629456e-05,0.0,0.0
1639,backward,0.011191003024578094,1.623108983039856e-05,0.0696178451180458,0.0696340762078762,8.532032370567322e-05,0.0,0.0
1639,optimizer,0.0012369845062494278,2.9649585485458374e-05,0.0012608598917722702,0.0012905094772577286,2.497248351573944e-05,0.0006683710962533951,0.00046333856880664825
1640,forward,0.012567974627017975,3.094226121902466e-05,0.02335180714726448,0.023382749408483505,8.627958595752716e-05,0.0,0.0
1640,backward,0.011151928454637527,1.773051917552948e-05,0.0700561236590147,0.07007385417819023,8.464232087135315e-05,0.0,0.0
1640,optimizer,0.0011623799800872803,2.9688701033592224e-05,0.001259349286556244,0.0012890379875898361,2.590194344520569e-05,0.0004879087209701538,0.00046425871551036835
1641,forward,0.012394808232784271,2.929195761680603e-05,0.02350691147148609,0.023536203429102898,8.501112461090088e-05,0.0,0.0
1641,backward,0.011206062510609627,1.7579644918441772e-05,0.06973993591964245,0.06975751556456089,8.754245936870575e-05,0.0,0.0
1641,optimizer,0.001157168298959732,2.9591843485832214e-05,0.00125972181558609,0.0012893136590719223,2.5609508156776428e-05,0.0007699243724346161,0.00046966783702373505
1642,forward,0.01242121122777462,3.104284405708313e-05,0.023506779223680496,0.02353782206773758,8.279085159301758e-05,0.0,0.0
1642,backward,0.011230990290641785,1.6121193766593933e-05,0.06969258561730385,0.06970870681107044,9.626150131225586e-05,0.0,0.0
1642,optimizer,0.0011789798736572266,3.330036997795105e-05,0.001257244497537613,0.001290544867515564,2.6419758796691895e-05,0.0004885680973529816,0.0004607178270816803
1643,forward,0.01239652931690216,2.9861927032470703e-05,0.023530300706624985,0.023560162633657455,8.697248995304108e-05,0.0,0.0
1643,backward,0.011391323059797287,1.852959394454956e-05,0.06977898813784122,0.06979751773178577,8.579343557357788e-05,0.0,0.0
1643,optimizer,0.0011393316090106964,2.8520822525024414e-05,0.0012603718787431717,0.001288892701268196,2.374686300754547e-05,0.0008859559893608093,0.00045644864439964294
1644,forward,0.012365622445940971,2.837926149368286e-05,0.023586520925164223,0.023614900186657906,8.423253893852234e-05,0.0,0.0
1644,backward,0.011110547930002213,1.6961246728897095e-05,0.06967276893556118,0.06968973018229008,8.616223931312561e-05,0.0,0.0
1644,optimizer,0.0011401381343603134,2.818182110786438e-05,0.0012672431766986847,0.001295424997806549,3.041885793209076e-05,0.0004941187798976898,0.0004586968570947647
1645,forward,0.012446040287613869,2.981908619403839e-05,0.023395080119371414,0.023424899205565453,8.56500118970871e-05,0.0,0.0
1645,backward,0.011078964918851852,1.473166048526764e-05,0.06989872269332409,0.06991345435380936,8.842162787914276e-05,0.0,0.0
1645,optimizer,0.0011581797152757645,2.9001384973526e-05,0.001262502744793892,0.001291504129767418,2.7962028980255127e-05,0.0008707251399755478,0.00046209990978240967
1646,forward,0.0127912238240242,3.171898424625397e-05,0.02317715622484684,0.023208875209093094,8.122064173221588e-05,0.0,0.0
1646,backward,0.011152800172567368,1.5992671251296997e-05,0.06976215727627277,0.06977814994752407,8.547306060791016e-05,0.0,0.0
1646,optimizer,0.0013080816715955734,2.741999924182892e-05,0.0012572426348924637,0.0012846626341342926,2.826005220413208e-05,0.0004892013967037201,0.0004582162946462631
1647,forward,0.012552343308925629,2.9768794775009155e-05,0.023337265476584435,0.023367034271359444,8.298084139823914e-05,0.0,0.0
1647,backward,0.01118626818060875,1.8751248717308044e-05,0.06990825198590755,0.06992700323462486,8.968263864517212e-05,0.0,0.0
1647,optimizer,0.0012426003813743591,2.489238977432251e-05,0.0012603122740983963,0.0012852046638727188,2.3679807782173157e-05,0.0008799433708190918,0.0004845075309276581
1648,forward,0.012396670877933502,3.0180439352989197e-05,0.02354830875992775,0.02357848919928074,8.098408579826355e-05,0.0,0.0
1648,backward,0.011201590299606323,1.6741454601287842e-05,0.06969972513616085,0.06971646659076214,8.870474994182587e-05,0.0,0.0
1648,optimizer,0.0012394525110721588,2.8800219297409058e-05,0.0012427791953086853,0.0012715794146060944,2.3130327463150024e-05,0.0004845559597015381,0.0004659760743379593
1649,forward,0.012452194467186928,2.9340386390686035e-05,0.02343500778079033,0.023464348167181015,8.408352732658386e-05,0.0,0.0
1649,backward,0.011195722967386246,1.6432255506515503e-05,0.07003585249185562,0.07005228474736214,8.661113679409027e-05,0.0,0.0
1649,optimizer,0.0012084469199180603,2.892129123210907e-05,0.0012590326368808746,0.0012879539281129837,2.440810203552246e-05,0.0008494537323713303,0.00046395882964134216
1650,forward,0.012590095400810242,2.9549002647399902e-05,0.023348918184638023,0.023378467187285423,8.897297084331512e-05,0.0,0.0
1650,backward,0.011379463598132133,1.86823308467865e-05,0.06953924335539341,0.0695579256862402,8.704140782356262e-05,0.0,0.0
1650,optimizer,0.001146739348769188,2.8152018785476685e-05,0.001260092481970787,0.0012882445007562637,2.5840476155281067e-05,0.0004983078688383102,0.00046268850564956665
1651,forward,0.01242302916944027,2.9599294066429138e-05,0.023452090099453926,0.023481689393520355,8.626282215118408e-05,0.0,0.0
1651,backward,0.011024121195077896,1.580081880092621e-05,0.07014545425772667,0.0701612550765276,8.63298773765564e-05,0.0,0.0
1651,optimizer,0.0012140292674303055,2.705119550228119e-05,0.0012616626918315887,0.00128871388733387,2.6462599635124207e-05,0.0007902923971414566,0.000466788187623024
1652,forward,0.012372760102152824,2.6678666472434998e-05,0.023505883291363716,0.02353256195783615,8.434243500232697e-05,0.0,0.0
1652,backward,0.011065231636166573,1.6026198863983154e-05,0.06980722770094872,0.0698232538998127,8.472055196762085e-05,0.0,0.0
1652,optimizer,0.0012729223817586899,2.9360875487327576e-05,0.0012531597167253494,0.001282520592212677,2.73287296295166e-05,0.0004826560616493225,0.00046112947165966034
1653,forward,0.012517603114247322,3.267824649810791e-05,0.023399068042635918,0.023431746289134026,9.75634902715683e-05,0.0,0.0
1653,backward,0.011208083480596542,1.7231330275535583e-05,0.07002099230885506,0.07003822363913059,8.645281195640564e-05,0.0,0.0
1653,optimizer,0.0011742394417524338,2.9491260647773743e-05,0.0012650713324546814,0.0012945625931024551,2.7010217308998108e-05,0.0009111147373914719,0.000461408868432045
1654,forward,0.012411501258611679,2.9919669032096863e-05,0.023481888696551323,0.02351180836558342,8.225254714488983e-05,0.0,0.0
1654,backward,0.011234365403652191,1.524016261100769e-05,0.06987205892801285,0.06988729909062386,8.252263069152832e-05,0.0,0.0
1654,optimizer,0.0011617820709943771,2.867169678211212e-05,0.001260930672287941,0.001289602369070053,2.7213245630264282e-05,0.0005082990974187851,0.00045906752347946167
1655,forward,0.012742368504405022,3.06498259305954e-05,0.02320079319179058,0.023231443017721176,8.390098810195923e-05,0.0,0.0
1655,backward,0.011221738532185555,1.9380822777748108e-05,0.06954660452902317,0.06956598535180092,8.70823860168457e-05,0.0,0.0
1655,optimizer,0.0011558867990970612,2.6328489184379578e-05,0.0012600533664226532,0.0012863818556070328,2.4471431970596313e-05,0.0004905704408884048,0.0004604365676641464
1656,forward,0.012418624013662338,2.9029324650764465e-05,0.023469798266887665,0.02349882759153843,8.650310337543488e-05,0.0,0.0
1656,backward,0.01113404706120491,1.8291175365447998e-05,0.06988400220870972,0.06990229338407516,8.865073323249817e-05,0.0,0.0
1656,optimizer,0.0012458320707082748,2.890080213546753e-05,0.0012628715485334396,0.0012917723506689072,2.4689361453056335e-05,0.0008658040314912796,0.00046016648411750793
1657,forward,0.012425731867551804,3.137253224849701e-05,0.023548969998955727,0.023580342531204224,8.711032569408417e-05,0.0,0.0
1657,backward,0.011461496353149414,1.6419216990470886e-05,0.06943604163825512,0.06945246085524559,9.128265082836151e-05,0.0,0.0
1657,optimizer,0.0011402592062950134,2.6213005185127258e-05,0.0012613628059625626,0.0012875758111476898,2.6591122150421143e-05,0.0005007889121770859,0.00046448782086372375
1658,forward,0.012343291193246841,3.819912672042847e-05,0.02350977063179016,0.02354796975851059,8.259899914264679e-05,0.0,0.0
1658,backward,0.011103879660367966,1.5906989574432373e-05,0.07011125423014164,0.07012716121971607,8.766166865825653e-05,0.0,0.0
1658,optimizer,0.001150047406554222,2.576969563961029e-05,0.0012591425329446793,0.0012849122285842896,2.983957529067993e-05,0.0011952128261327744,0.000463997945189476
1659,forward,0.012419803068041801,2.9752030968666077e-05,0.023517519235610962,0.023547271266579628,8.47596675157547e-05,0.0,0.0
1659,backward,0.011091327294707298,1.8231570720672607e-05,0.06983285024762154,0.06985108181834221,8.624233305454254e-05,0.0,0.0
1659,optimizer,0.0012311916798353195,2.7721747756004333e-05,0.0012596603482961655,0.0012873820960521698,2.4162232875823975e-05,0.0005019679665565491,0.00046744756400585175
1660,forward,0.01238437183201313,2.983957529067993e-05,0.02353750169277191,0.02356734126806259,8.310936391353607e-05,0.0,0.0
1660,backward,0.011153586208820343,1.6558915376663208e-05,0.06976992078125477,0.06978647969663143,8.424557745456696e-05,0.0,0.0
1660,optimizer,0.0012265779078006744,3.088265657424927e-05,0.0012515727430582047,0.001282455399632454,2.3631379008293152e-05,0.0004834383726119995,0.0004570670425891876
1661,forward,0.01244066096842289,3.0118972063064575e-05,0.023458320647478104,0.023488439619541168,8.48919153213501e-05,0.0,0.0
1661,backward,0.011152567341923714,1.6519799828529358e-05,0.0699822437018156,0.06999876350164413,8.834898471832275e-05,0.0,0.0
1661,optimizer,0.0012418627738952637,2.944841980934143e-05,0.001265060156583786,0.0012945085763931274,2.4691224098205566e-05,0.0007989443838596344,0.00046416744589805603
1662,forward,0.012729687616229057,3.076717257499695e-05,0.023191824555397034,0.02322259172797203,8.278153836727142e-05,0.0,0.0
1662,backward,0.011159047484397888,1.556798815727234e-05,0.06988737173378468,0.06990293972194195,8.465349674224854e-05,0.0,0.0
1662,optimizer,0.0012859515845775604,2.9910355806350708e-05,0.001253962516784668,0.0012838728725910187,2.7319416403770447e-05,0.0004897713661193848,0.0004611685872077942
1663,forward,0.012724656611680984,3.110058605670929e-05,0.023190543055534363,0.023221643641591072,8.090957999229431e-05,0.0,0.0
1663,backward,0.01111229881644249,1.845136284828186e-05,0.06995713338255882,0.0699755847454071,8.646026253700256e-05,0.0,0.0
1663,optimizer,0.0012452006340026855,2.672150731086731e-05,0.0012578703463077545,0.0012845918536186218,2.562999725341797e-05,0.0009079352021217346,0.00046170875430107117
1664,forward,0.012743424624204636,2.937018871307373e-05,0.023146456107497215,0.02317582629621029,8.023157715797424e-05,0.0,0.0
1664,backward,0.01113182120025158,1.9019469618797302e-05,0.07009277120232582,0.07011179067194462,8.898228406906128e-05,0.0,0.0
1664,optimizer,0.001306859776377678,2.6421621441841125e-05,0.001263512298464775,0.0012899339199066162,2.4149194359779358e-05,0.0009020958095788956,0.0004632081836462021
1665,forward,0.012631777673959732,3.06498259305954e-05,0.023229053243994713,0.023259703069925308,8.689239621162415e-05,0.0,0.0
1665,backward,0.011148260906338692,1.4841556549072266e-05,0.06984440982341766,0.06985925137996674,8.822232484817505e-05,0.0,0.0
1665,optimizer,0.0012334603816270828,2.530217170715332e-05,0.0012654587626457214,0.0012907609343528748,2.7632340788841248e-05,0.0004913080483675003,0.00046656839549541473
1666,forward,0.012343918904662132,2.9899179935455322e-05,0.023492060601711273,0.02352195978164673,8.377991616725922e-05,0.0,0.0
1666,backward,0.011068349704146385,1.45789235830307e-05,0.0701198223978281,0.07013440132141113,8.910894393920898e-05,0.0,0.0
1666,optimizer,0.0012365691363811493,3.0348077416419983e-05,0.0012617427855730057,0.0012920908629894257,2.5259330868721008e-05,0.0008112434297800064,0.0005316268652677536
1667,forward,0.012462044134736061,2.964027225971222e-05,0.023478079587221146,0.023507719859480858,8.473359048366547e-05,0.0,0.0
1667,backward,0.01118214800953865,1.589953899383545e-05,0.0695721972733736,0.06958809681236744,8.839182555675507e-05,0.0,0.0
1667,optimizer,0.0012452397495508194,3.116019070148468e-05,0.0012517813593149185,0.0012829415500164032,2.574920654296875e-05,0.0004893466830253601,0.0004584789276123047
1668,forward,0.012438783422112465,2.9938295483589172e-05,0.023489128798246384,0.023519067093729973,8.552893996238708e-05,0.0,0.0
1668,backward,0.01109381951391697,1.712888479232788e-05,0.06995186023414135,0.06996898911893368,8.659064769744873e-05,0.0,0.0
1668,optimizer,0.0012252423912286758,3.06498259305954e-05,0.0012614894658327103,0.0012921392917633057,2.3292377591133118e-05,0.0009572561830282211,0.0004593152552843094
1669,forward,0.012394111603498459,3.203935921192169e-05,0.023557649925351143,0.023589689284563065,5.658157169818878e-05,0.0,0.0
1669,backward,0.011146441102027893,1.703016459941864e-05,0.06974273547530174,0.06975976563990116,8.937157690525055e-05,0.0,0.0
1669,optimizer,0.0012359507381916046,2.999044954776764e-05,0.0012581516057252884,0.001288142055273056,2.3670494556427002e-05,0.0004997272044420242,0.00046152807772159576
1670,forward,0.012408152222633362,3.187917172908783e-05,0.02350175939500332,0.023533638566732407,8.282996714115143e-05,0.0,0.0
1670,backward,0.011192351579666138,1.552887260913849e-05,0.06998075172305107,0.06999628059566021,8.659064769744873e-05,0.0,0.0
1670,optimizer,0.0012274309992790222,2.8518959879875183e-05,0.0012602098286151886,0.0012887287884950638,2.4607405066490173e-05,0.0007513538002967834,0.0004635881632566452
1671,forward,0.01250874251127243,3.0199065804481506e-05,0.02344522997736931,0.02347542904317379,8.351169526576996e-05,0.0,0.0
1671,backward,0.011517174541950226,1.7272308468818665e-05,0.06944733299314976,0.06946460530161858,9.724311530590057e-05,0.0,0.0
1671,optimizer,0.0012356620281934738,2.8189271688461304e-05,0.0012652017176151276,0.0012933909893035889,2.5799497961997986e-05,0.0005048401653766632,0.0004665963351726532
1672,forward,0.01237562857568264,2.9940158128738403e-05,0.023481231182813644,0.023511171340942383,8.436106145381927e-05,0.0,0.0
1672,backward,0.011053668335080147,1.809932291507721e-05,0.06976291723549366,0.06978101655840874,9.049288928508759e-05,0.0,0.0
1672,optimizer,0.0012026689946651459,2.5469809770584106e-05,0.0012594033032655716,0.0012848731130361557,2.5132670998573303e-05,0.00048421695828437805,0.0004658196121454239
1673,forward,0.014263181015849113,4.4811517000198364e-05,0.02226066030561924,0.022305471822619438,0.00010058283805847168,0.0,0.0
1673,backward,0.01120632141828537,1.708976924419403e-05,0.07001218013465405,0.07002926990389824,9.04034823179245e-05,0.0,0.0
1673,optimizer,0.0013233963400125504,2.7880072593688965e-05,0.0012037288397550583,0.0012316089123487473,2.6050955057144165e-05,0.0009084753692150116,0.0004826486110687256
1674,forward,0.012763889506459236,3.0141323804855347e-05,0.02318311296403408,0.023213254287838936,8.311308920383453e-05,0.0,0.0
1674,backward,0.011114167049527168,1.548975706100464e-05,0.06974508054554462,0.06976057030260563,8.65831971168518e-05,0.0,0.0
1674,optimizer,0.0012372899800539017,2.9381364583969116e-05,0.00125989131629467,0.0012892726808786392,2.3351982235908508e-05,0.0004885159432888031,0.00046232715249061584
1675,forward,0.012550067156553268,2.9759481549263e-05,0.023316405713558197,0.02334616519510746,8.419156074523926e-05,0.0,0.0
1675,backward,0.011127850040793419,1.8829479813575745e-05,0.0699379313737154,0.06995676085352898,8.542276918888092e-05,0.0,0.0
1675,optimizer,0.0012388601899147034,2.906098961830139e-05,0.001260802149772644,0.0012898631393909454,2.5501474738121033e-05,0.0039748381823301315,0.00047662854194641113
1676,forward,0.012747537344694138,2.8701499104499817e-05,0.023140152916312218,0.023168854415416718,8.57226550579071e-05,0.0,0.0
1676,backward,0.011153033003211021,1.7939135432243347e-05,0.06981215812265873,0.06983009725809097,8.837133646011353e-05,0.0,0.0
1676,optimizer,0.0012218132615089417,2.890080213546753e-05,0.0012518689036369324,0.0012807697057724,2.454034984111786e-05,0.0004992187023162842,0.0004646275192499161
1677,forward,0.012458162382245064,2.8820708394050598e-05,0.023442169651389122,0.023470990359783173,0.00011700205504894257,0.0,0.0
1677,backward,0.01112058013677597,1.6527250409126282e-05,0.06962045654654503,0.06963698379695415,8.706189692020416e-05,0.0,0.0
1677,optimizer,0.001222260296344757,2.8420239686965942e-05,0.0012548137456178665,0.0012832339853048325,2.366863191127777e-05,0.0004953686147928238,0.0004652179777622223
1678,forward,0.012615306302905083,3.191269934177399e-05,0.023304825648665428,0.023336738348007202,8.299015462398529e-05,0.0,0.0
1678,backward,0.011210080236196518,1.529976725578308e-05,0.06967392563819885,0.06968922540545464,8.570216596126556e-05,0.0,0.0
1678,optimizer,0.0012133512645959854,2.7019530534744263e-05,0.0012624002993106842,0.0012894198298454285,2.703256905078888e-05,0.0004919078201055527,0.0004599783569574356
1679,forward,0.012408390641212463,2.938695251941681e-05,0.023473819717764854,0.02350320667028427,8.33515077829361e-05,0.0,0.0
1679,backward,0.011071177199482918,1.6430392861366272e-05,0.06989897973835468,0.06991541013121605,8.330307900905609e-05,0.0,0.0
1679,optimizer,0.001214412972331047,2.5682151317596436e-05,0.0012586098164319992,0.0012842919677495956,2.4409964680671692e-05,0.000843144953250885,0.0004938747733831406
1680,forward,0.012354591861367226,2.92900949716568e-05,0.02350711077451706,0.023536400869488716,8.041970431804657e-05,0.0,0.0
1680,backward,0.0110719483345747,1.6849488019943237e-05,0.07003366388380527,0.07005051337182522,8.705258369445801e-05,0.0,0.0
1680,optimizer,0.001221679151058197,2.9480084776878357e-05,0.0012607928365468979,0.0012902729213237762,2.3011118173599243e-05,0.0009223446249961853,0.0004624072462320328
1681,forward,0.012597674503922462,2.93683260679245e-05,0.02336810901761055,0.023397477343678474,8.294172585010529e-05,0.0,0.0
1681,backward,0.011575216427445412,2.0539388060569763e-05,0.06918866746127605,0.06920920684933662,8.724257349967957e-05,0.0,0.0
1681,optimizer,0.0012456122785806656,2.559088170528412e-05,0.001262381672859192,0.001287972554564476,2.6360154151916504e-05,0.00048475898802280426,0.00046676769852638245
1682,forward,0.012316443026065826,3.084912896156311e-05,0.023553939536213875,0.023584788665175438,8.437223732471466e-05,0.0,0.0
1682,backward,0.01130826398730278,1.3880431652069092e-05,0.06958672404289246,0.06960060447454453,8.822977542877197e-05,0.0,0.0
1682,optimizer,0.0012339912354946136,2.817995846271515e-05,0.0012638606131076813,0.0012920405715703964,2.5702640414237976e-05,0.0004823952913284302,0.00046138837933540344
1683,forward,0.012376749888062477,2.9359012842178345e-05,0.023514071479439735,0.023543430492281914,8.34837555885315e-05,0.0,0.0
1683,backward,0.01121487095952034,1.4159828424453735e-05,0.07009761407971382,0.07011177390813828,8.90493392944336e-05,0.0,0.0
1683,optimizer,0.0012291427701711655,2.8230249881744385e-05,0.0012667905539274216,0.001295020803809166,2.6270747184753418e-05,0.0009051952511072159,0.0004618596285581589
1684,forward,0.012355249375104904,3.00724059343338e-05,0.023605382069945335,0.02363545447587967,8.574314415454865e-05,0.0,0.0
1684,backward,0.011488225311040878,1.592002809047699e-05,0.06931836903095245,0.06933428905904293,8.773244917392731e-05,0.0,0.0
1684,optimizer,0.0012420210987329483,2.7719885110855103e-05,0.0012581218034029007,0.0012858416885137558,2.5102868676185608e-05,0.0006902124732732773,0.0004885178059339523
1685,forward,0.012757895514369011,2.837926149368286e-05,0.023129334673285484,0.023157713934779167,8.483231067657471e-05,0.0,0.0
1685,backward,0.011463923379778862,1.4819204807281494e-05,0.06956122443079948,0.06957604363560677,8.40798020362854e-05,0.0,0.0
1685,optimizer,0.0012129303067922592,2.7492642402648926e-05,0.0012627113610506058,0.0012902040034532547,2.6108697056770325e-05,0.0004910584539175034,0.0004667472094297409
1686,forward,0.012237116694450378,3.0780211091041565e-05,0.023597223684191704,0.023628003895282745,8.434057235717773e-05,0.0,0.0
1686,backward,0.011196589097380638,1.380033791065216e-05,0.06961713545024395,0.0696309357881546,8.695200085639954e-05,0.0,0.0
1686,optimizer,0.0012003295123577118,2.5920569896697998e-05,0.0012676622718572617,0.0012935828417539597,2.380087971687317e-05,0.00048379041254520416,0.000462409108877182
1687,forward,0.012290850281715393,2.940930426120758e-05,0.02360287308692932,0.02363228239119053,8.16192477941513e-05,0.0,0.0
1687,backward,0.011132583022117615,1.4290213584899902e-05,0.06990624777972698,0.06992053799331188,8.617155253887177e-05,0.0,0.0
1687,optimizer,0.001209670677781105,2.498924732208252e-05,0.0012656114995479584,0.001290600746870041,2.3188069462776184e-05,0.0008808448910713196,0.0004605073481798172
1688,forward,0.012769406661391258,3.089383244514465e-05,0.02318749390542507,0.023218387737870216,8.377060294151306e-05,0.0,0.0
1688,backward,0.011162888258695602,1.5379860997200012e-05,0.06964900717139244,0.06966438703238964,8.204393088817596e-05,0.0,0.0
1688,optimizer,0.0012218281626701355,2.8429552912712097e-05,0.00125921331346035,0.0012876428663730621,2.6771798729896545e-05,0.0005604289472103119,0.00046553835272789
1689,forward,0.012352759018540382,3.0191615223884583e-05,0.023539772257208824,0.02356996387243271,8.483231067657471e-05,0.0,0.0
1689,backward,0.01152605377137661,1.6070902347564697e-05,0.06969854794442654,0.0697146188467741,9.306147694587708e-05,0.0,0.0
1689,optimizer,0.0009449031203985214,2.9599294066429138e-05,0.0012672320008277893,0.0012968312948942184,2.527981996536255e-05,0.0007444806396961212,0.0004663970321416855
1690,forward,0.012290488928556442,3.123842179775238e-05,0.02358975261449814,0.02362099103629589,7.826276123523712e-05,0.0,0.0
1690,backward,0.011492425575852394,1.5720725059509277e-05,0.06946061179041862,0.06947633251547813,8.511170744895935e-05,0.0,0.0
1690,optimizer,0.0012240484356880188,2.7360394597053528e-05,0.0012566018849611282,0.0012839622795581818,2.3011118173599243e-05,0.0005036201328039169,0.00045679882168769836
1691,forward,0.012317819520831108,2.835877239704132e-05,0.023573650047183037,0.023602008819580078,8.427165448665619e-05,0.0,0.0
1691,backward,0.011521834880113602,1.547299325466156e-05,0.06930417194962502,0.06931964494287968,8.627213537693024e-05,0.0,0.0
1691,optimizer,0.00122845359146595,3.176182508468628e-05,0.0012576915323734283,0.0012894533574581146,2.7060508728027344e-05,0.0004997085779905319,0.0004712287336587906
1692,forward,0.01227349042892456,2.823956310749054e-05,0.02367079257965088,0.02369903214275837,8.42120498418808e-05,0.0,0.0
1692,backward,0.011141059920191765,1.7199665307998657e-05,0.06995840929448605,0.06997560895979404,8.746981620788574e-05,0.0,0.0
1692,optimizer,0.0012302510440349579,2.9610469937324524e-05,0.0012540016323328018,0.0012836121022701263,2.4469569325447083e-05,0.004289872944355011,0.0004684794694185257
1693,forward,0.012220147997140884,2.8641894459724426e-05,0.023712243884801865,0.02374088577926159,8.612126111984253e-05,0.0,0.0
1693,backward,0.01117364875972271,1.4210119843482971e-05,0.06951950490474701,0.06953371502459049,8.38935375213623e-05,0.0,0.0
1693,optimizer,0.0012007486075162888,2.61012464761734e-05,0.0012615825980901718,0.0012876838445663452,2.526119351387024e-05,0.0004905983805656433,0.00046583637595176697
1694,forward,0.01228112168610096,3.0338764190673828e-05,0.023595279082655907,0.02362561784684658,8.377060294151306e-05,0.0,0.0
1694,backward,0.011097976937890053,1.5040859580039978e-05,0.06996546313166618,0.06998050399124622,8.604489266872406e-05,0.0,0.0
1694,optimizer,0.0011991895735263824,2.822279930114746e-05,0.0012634620070457458,0.0012916848063468933,2.2981315851211548e-05,0.0007863026112318039,0.0004650987684726715
1695,forward,0.012325640767812729,3.024749457836151e-05,0.023542489856481552,0.023572737351059914,8.393824100494385e-05,0.0,0.0
1695,backward,0.011468352749943733,1.5409663319587708e-05,0.06964277662336826,0.06965818628668785,8.486025035381317e-05,0.0,0.0
1695,optimizer,0.0012268740683794022,3.2201409339904785e-05,0.0012647993862628937,0.0012970007956027985,2.6108697056770325e-05,0.0004909001290798187,0.0004584193229675293
1696,forward,0.012412231415510178,2.9459595680236816e-05,0.02352404221892357,0.023553501814603806,8.005276322364807e-05,0.0,0.0
1696,backward,0.011273900046944618,1.7059966921806335e-05,0.06944792345166206,0.06946498341858387,8.480064570903778e-05,0.0,0.0
1696,optimizer,0.001231929287314415,2.9401853680610657e-05,0.001256011426448822,0.0012854132801294327,2.54213809967041e-05,0.0006408896297216415,0.00046004727482795715
1697,forward,0.012371253222227097,2.9787421226501465e-05,0.023574000224471092,0.023603787645697594,8.33701342344284e-05,0.0,0.0
1697,backward,0.01119844801723957,1.6858801245689392e-05,0.07018301635980606,0.07019987516105175,8.74493271112442e-05,0.0,0.0
1697,optimizer,0.001231541857123375,2.4788081645965576e-05,0.001264980062842369,0.0012897681444883347,2.4920329451560974e-05,0.0008337050676345825,0.0004894472658634186
1698,forward,0.012331169098615646,3.067031502723694e-05,0.0236190315335989,0.023649701848626137,8.215196430683136e-05,0.0,0.0
1698,backward,0.01113622821867466,1.738034188747406e-05,0.06969812698662281,0.06971550732851028,9.271129965782166e-05,0.0,0.0
1698,optimizer,0.0012210998684167862,2.7552247047424316e-05,0.001266181468963623,0.0012937337160110474,2.3420900106430054e-05,0.00048268772661685944,0.0004657376557588577
1699,forward,0.012349218130111694,3.0038878321647644e-05,0.02355722151696682,0.023587260395288467,8.221901953220367e-05,0.0,0.0
1699,backward,0.011551957577466965,1.562945544719696e-05,0.06960246339440346,0.06961809284985065,8.519180119037628e-05,0.0,0.0
1699,optimizer,0.0012471415102481842,3.612041473388672e-05,0.0012598708271980286,0.0012959912419319153,2.6630237698554993e-05,0.0004931800067424774,0.0004430580884218216
1700,forward,0.012202667072415352,2.8230249881744385e-05,0.023724405094981194,0.023752635344862938,8.448027074337006e-05,0.0,0.0
1700,backward,0.01120070181787014,1.554936170578003e-05,0.06958439387381077,0.06959994323551655,8.593127131462097e-05,0.0,0.0
1700,optimizer,0.001211719587445259,2.643093466758728e-05,0.0012689922004938126,0.0012954231351613998,2.6950612664222717e-05,0.0004983358085155487,0.0004650671035051346
1701,forward,0.012157725170254707,2.6959925889968872e-05,0.023717883974313736,0.023744843900203705,8.342228829860687e-05,0.0,0.0
1701,backward,0.01114565134048462,1.4979392290115356e-05,0.06971512548625469,0.06973010487854481,8.399039506912231e-05,0.0,0.0
1701,optimizer,0.001209532842040062,2.6192516088485718e-05,0.0012595392763614655,0.0012857317924499512,2.263300120830536e-05,0.0004973374307155609,0.0004644487053155899
1702,forward,0.012342851608991623,2.9260292649269104e-05,0.023532170802354813,0.02356143109500408,8.579343557357788e-05,0.0,0.0
1702,backward,0.011511236429214478,1.4469027519226074e-05,0.06974440813064575,0.06975887715816498,8.906982839107513e-05,0.0,0.0
1702,optimizer,0.0012522097676992416,2.9111281037330627e-05,0.001262381672859192,0.0012914929538965225,2.577155828475952e-05,0.0007859822362661362,0.0004632081836462021
1703,forward,0.012397019192576408,3.173016011714935e-05,0.023529861122369766,0.023561591282486916,8.328258991241455e-05,0.0,0.0
1703,backward,0.01115361973643303,2.0792707800865173e-05,0.06964620389044285,0.06966699659824371,8.586980402469635e-05,0.0,0.0
1703,optimizer,0.0013290923088788986,2.933293581008911e-05,0.00125972181558609,0.0012890547513961792,2.4860724806785583e-05,0.0004900414496660233,0.00046220049262046814
1704,forward,0.012485262006521225,3.556162118911743e-05,0.023401467129588127,0.023437028750777245,8.395127952098846e-05,0.0,0.0
1704,backward,0.01116863638162613,1.8758699297904968e-05,0.0699885431677103,0.07000730186700821,8.516199886798859e-05,0.0,0.0
1704,optimizer,0.0012231729924678802,3.0027702450752258e-05,0.0012679491192102432,0.0012979768216609955,2.530030906200409e-05,0.0007559638470411301,0.0004669278860092163
1705,forward,0.012532854452729225,3.0510127544403076e-05,0.02337474748492241,0.023405257612466812,8.760206401348114e-05,0.0,0.0
1705,backward,0.01115868054330349,1.6041100025177002e-05,0.06977109611034393,0.06978713721036911,8.372962474822998e-05,0.0,0.0
1705,optimizer,0.0012174714356660843,3.0430033802986145e-05,0.0012584105134010315,0.0012888405472040176,2.5350600481033325e-05,0.0004844479262828827,0.0004642568528652191
1706,forward,0.012383846566081047,3.087148070335388e-05,0.02351263351738453,0.023543504998087883,8.203275501728058e-05,0.0,0.0
1706,backward,0.011185629293322563,1.6650184988975525e-05,0.0700351744890213,0.07005182467401028,8.833035826683044e-05,0.0,0.0
1706,optimizer,0.0012188199907541275,2.9301270842552185e-05,0.0012634918093681335,0.0012927930802106857,2.5881454348564148e-05,0.0009922049939632416,0.0004596170037984848
1707,forward,0.012414524331688881,2.9899179935455322e-05,0.023554418236017227,0.023584317415952682,8.0132856965065e-05,0.0,0.0
1707,backward,0.011064071208238602,1.806020736694336e-05,0.06974992528557777,0.06976798549294472,8.677132427692413e-05,0.0,0.0
1707,optimizer,0.0012088622897863388,2.5192275643348694e-05,0.001260180026292801,0.0012853723019361496,2.4531036615371704e-05,0.0004897285252809525,0.000466320663690567
1708,forward,0.012327851727604866,2.872943878173828e-05,0.023545099422335625,0.023573828861117363,8.407235145568848e-05,0.0,0.0
1708,backward,0.011156780645251274,1.70879065990448e-05,0.0700906440615654,0.07010773196816444,8.844025433063507e-05,0.0,0.0
1708,optimizer,0.001226041465997696,2.5181099772453308e-05,0.0012558624148368835,0.0012810435146093369,2.7660280466079712e-05,0.0008168444037437439,0.000468207523226738
1709,forward,0.012402722612023354,2.8971582651138306e-05,0.023575009778141975,0.023603981360793114,9.922124445438385e-05,0.0,0.0
1709,backward,0.011122079566121101,1.850724220275879e-05,0.0698406808078289,0.06985918805003166,8.660368621349335e-05,0.0,0.0
1709,optimizer,0.0012341029942035675,3.0253082513809204e-05,0.0012632198631763458,0.001293472945690155,2.6833266019821167e-05,0.0005052108317613602,0.0004626568406820297
1710,forward,0.012778988108038902,3.049895167350769e-05,0.023110931739211082,0.02314143069088459,8.537247776985168e-05,0.0,0.0
1710,backward,0.011168098077178001,1.5927478671073914e-05,0.06971443817019463,0.0697303656488657,8.627213537693024e-05,0.0,0.0
1710,optimizer,0.0012679491192102432,3.010965883731842e-05,0.0012584514915943146,0.001288561150431633,2.455897629261017e-05,0.0004896689206361771,0.00046058744192123413
1711,forward,0.01240512914955616,3.1210482120513916e-05,0.023478040471673012,0.023509250953793526,8.298084139823914e-05,0.0,0.0
1711,backward,0.011138936504721642,1.7153099179267883e-05,0.0700977835804224,0.07011493667960167,8.458457887172699e-05,0.0,0.0
1711,optimizer,0.001224912703037262,2.9049813747406006e-05,0.0012613888829946518,0.0012904386967420578,2.629309892654419e-05,0.0009083356708288193,0.00046000629663467407
1712,forward,0.012461192905902863,2.8390437364578247e-05,0.023425359278917313,0.02345374971628189,8.42902809381485e-05,0.0,0.0
1712,backward,0.011176181957125664,1.776963472366333e-05,0.0700213611125946,0.07003913074731827,8.50725919008255e-05,0.0,0.0
1712,optimizer,0.001236533746123314,2.9198825359344482e-05,0.001260431483387947,0.0012896303087472916,2.5350600481033325e-05,0.0004885178059339523,0.00046143680810928345
1713,forward,0.012573853135108948,2.9353424906730652e-05,0.023403950035572052,0.023433303460478783,8.300319314002991e-05,0.0,0.0
1713,backward,0.011140251532196999,1.7428770661354065e-05,0.06973052583634853,0.06974795460700989,9.291060268878937e-05,0.0,0.0
1713,optimizer,0.001242293044924736,2.9899179935455322e-05,0.0012561306357383728,0.0012860298156738281,2.5799497961997986e-05,0.0005499199032783508,0.0004694480448961258
1714,forward,0.012270169332623482,2.9379501938819885e-05,0.023579701781272888,0.023609081283211708,8.090957999229431e-05,0.0,0.0
1714,backward,0.011485876515507698,1.5228986740112305e-05,0.06950147449970245,0.06951670348644257,8.865073323249817e-05,0.0,0.0
1714,optimizer,0.0012125205248594284,2.546049654483795e-05,0.0012639909982681274,0.0012894514948129654,2.4048611521720886e-05,0.0008665136992931366,0.0004648081958293915
1715,forward,0.012315552681684494,3.0761584639549255e-05,0.02357874996960163,0.02360951155424118,8.385255932807922e-05,0.0,0.0
1715,backward,0.011467564851045609,1.3532117009162903e-05,0.06938411854207516,0.06939765065908432,8.742138743400574e-05,0.0,0.0
1715,optimizer,0.001208081841468811,2.5760382413864136e-05,0.001264890655875206,0.0012906510382890701,2.3759901523590088e-05,0.0004844479262828827,0.0004635471850633621
1716,forward,0.012287797406315804,2.9781833291053772e-05,0.023624811321496964,0.023654593154788017,8.490309119224548e-05,0.0,0.0
1716,backward,0.011142510920763016,1.6352161765098572e-05,0.06990090757608414,0.06991725973784924,8.782371878623962e-05,0.0,0.0
1716,optimizer,0.0012453198432922363,2.8351321816444397e-05,0.0012468118220567703,0.0012751631438732147,2.2992491722106934e-05,0.0008013229817152023,0.0004788171499967575
1717,forward,0.01227249950170517,2.902187407016754e-05,0.02361239306628704,0.023641414940357208,8.554942905902863e-05,0.0,0.0
1717,backward,0.011152701452374458,1.6631558537483215e-05,0.07000754959881306,0.07002418115735054,8.51806253194809e-05,0.0,0.0
1717,optimizer,0.0012453198432922363,2.817995846271515e-05,0.0012586023658514023,0.0012867823243141174,2.884119749069214e-05,0.0004965215921401978,0.00046560727059841156
1718,forward,0.01238304004073143,2.8809532523155212e-05,0.02355296164751053,0.023581771180033684,8.773989975452423e-05,0.0,0.0
1718,backward,0.011144263669848442,1.5329569578170776e-05,0.06967480480670929,0.06969013437628746,8.735992014408112e-05,0.0,0.0
1718,optimizer,0.0012382306158542633,2.9319897294044495e-05,0.0012604612857103348,0.0012897811830043793,2.499110996723175e-05,0.00048191845417022705,0.0005060303956270218
1719,forward,0.012770410627126694,3.1251460313797e-05,0.023171914741396904,0.0232031662017107,8.325278759002686e-05,0.0,0.0
1719,backward,0.011164158582687378,1.619383692741394e-05,0.07001833245158195,0.07003452628850937,8.54935497045517e-05,0.0,0.0
1719,optimizer,0.0012315493077039719,3.246217966079712e-05,0.0012629814445972443,0.0012954436242580414,2.394057810306549e-05,0.0009017661213874817,0.0004661586135625839
1720,forward,0.012378541752696037,3.089196979999542e-05,0.02352857030928135,0.023559462279081345,8.46516340970993e-05,0.0,0.0
1720,backward,0.011128667742013931,1.69314444065094e-05,0.0699039101600647,0.0699208416044712,8.595176041126251e-05,0.0,0.0
1720,optimizer,0.0012459736317396164,2.973899245262146e-05,0.0012596510350704193,0.0012893900275230408,2.3929402232170105e-05,0.0007344726473093033,0.00046380795538425446
1721,forward,0.012520262971520424,2.85319983959198e-05,0.023331038653850555,0.023359570652246475,8.520297706127167e-05,0.0,0.0
1721,backward,0.011014774441719055,1.6149133443832397e-05,0.07027024962008,0.07028639875352383,8.65887850522995e-05,0.0,0.0
1721,optimizer,0.0012306943535804749,2.75392085313797e-05,0.0012633800506591797,0.0012909192591905594,2.5000423192977905e-05,0.0007950831204652786,0.00046392716467380524
1722,forward,0.013206427916884422,4.4250860810279846e-05,0.02318226546049118,0.02322651632130146,8.375197649002075e-05,0.0,0.0
1722,backward,0.011176042258739471,1.605972647666931e-05,0.06969266571104527,0.06970872543752193,8.127838373184204e-05,0.0,0.0
1722,optimizer,0.0012273527681827545,2.7900561690330505e-05,0.0012630391865968704,0.001290939748287201,2.639181911945343e-05,0.0004909280687570572,0.00045960769057273865
1723,forward,0.012435059994459152,3.1031668186187744e-05,0.02345799282193184,0.023489024490118027,8.108839392662048e-05,0.0,0.0
1723,backward,0.01119142584502697,1.726113259792328e-05,0.06992760114371777,0.06994486227631569,8.725188672542572e-05,0.0,0.0
1723,optimizer,0.0012363903224468231,3.0299648642539978e-05,0.0012601427733898163,0.0012904424220323563,2.4240463972091675e-05,0.0008089449256658554,0.00046886689960956573
1724,forward,0.012459533289074898,2.9938295483589172e-05,0.023443639278411865,0.023473577573895454,8.394196629524231e-05,0.0,0.0
1724,backward,0.011217208579182625,1.5871599316596985e-05,0.06990443915128708,0.06992031075060368,8.831359446048737e-05,0.0,0.0
1724,optimizer,0.0012415684759616852,2.8060749173164368e-05,0.0012628529220819473,0.0012909136712551117,2.6730820536613464e-05,0.0004960875958204269,0.00045906566083431244
1725,forward,0.012722410261631012,3.02828848361969e-05,0.02315475232899189,0.023185035213828087,8.450262248516083e-05,0.0,0.0
1725,backward,0.01113523356616497,1.7387792468070984e-05,0.06978270784020424,0.06980009563267231,8.767284452915192e-05,0.0,0.0
1725,optimizer,0.0012541208416223526,3.089383244514465e-05,0.0012626610696315765,0.0012935549020767212,2.5929883122444153e-05,0.0005060285329818726,0.0004636365920305252
1726,forward,0.012373201549053192,2.902001142501831e-05,0.0235506109893322,0.023579631000757217,8.792057633399963e-05,0.0,0.0
1726,backward,0.011167449876666069,1.554936170578003e-05,0.06975667737424374,0.06977222673594952,8.88928771018982e-05,0.0,0.0
1726,optimizer,0.0013255346566438675,2.9960647225379944e-05,0.0012551192194223404,0.0012850798666477203,2.7649104595184326e-05,0.0004911068826913834,0.0004695802927017212
1727,forward,0.012412382289767265,3.092177212238312e-05,0.023518390953540802,0.023549312725663185,8.48919153213501e-05,0.0,0.0
1727,backward,0.011145306751132011,1.6029924154281616e-05,0.06964976713061333,0.06966579705476761,9.720213711261749e-05,0.0,0.0
1727,optimizer,0.001231662929058075,2.934969961643219e-05,0.0012607704848051071,0.0012901201844215393,2.503208816051483e-05,0.0004825182259082794,0.0004644468426704407
1728,forward,0.012411152943968773,2.9632821679115295e-05,0.02345360815525055,0.023483240976929665,8.381158113479614e-05,0.0,0.0
1728,backward,0.01114826649427414,1.6907230019569397e-05,0.06988820061087608,0.06990510784089565,8.51023942232132e-05,0.0,0.0
1728,optimizer,0.001192169263958931,2.845190465450287e-05,0.0012675430625677109,0.0012959949672222137,2.5348737835884094e-05,0.0008102245628833771,0.00046183541417121887
1729,forward,0.01244119182229042,2.9001384973526e-05,0.02348821982741356,0.023517221212387085,8.315965533256531e-05,0.0,0.0
1729,backward,0.011093232780694962,1.636892557144165e-05,0.06966830417513847,0.06968467310070992,8.408166468143463e-05,0.0,0.0
1729,optimizer,0.0012223217636346817,2.7660280466079712e-05,0.0012651216238737106,0.0012927819043397903,2.721138298511505e-05,0.00048224814236164093,0.0004575587809085846
1730,forward,0.012640997767448425,2.8660520911216736e-05,0.023290935903787613,0.02331959642469883,8.316151797771454e-05,0.0,0.0
1730,backward,0.01115213893353939,1.6750767827033997e-05,0.07009231485426426,0.0701090656220913,8.443184196949005e-05,0.0,0.0
1730,optimizer,0.0012300126254558563,2.8291717171669006e-05,0.001263551414012909,0.001291843131184578,2.4391338229179382e-05,0.0008540656417608261,0.00045922771096229553
1731,forward,0.012439711019396782,3.181956708431244e-05,0.023437419906258583,0.023469239473342896,8.147023618221283e-05,0.0,0.0
1731,backward,0.011182229965925217,1.6899779438972473e-05,0.0699501521885395,0.06996705196797848,8.960254490375519e-05,0.0,0.0
1731,optimizer,0.0012346506118774414,2.976134419441223e-05,0.0012608114629983902,0.0012905728071928024,2.5469809770584106e-05,0.0004902668297290802,0.00046490877866744995
1732,forward,0.012491675093770027,2.9420480132102966e-05,0.023384517058730125,0.02341393753886223,8.28523188829422e-05,0.0,0.0
1732,backward,0.011218603700399399,1.5700235962867737e-05,0.06972256489098072,0.06973826512694359,8.841045200824738e-05,0.0,0.0
1732,optimizer,0.0011648479849100113,2.767890691757202e-05,0.0012569818645715714,0.0012846607714891434,2.4531036615371704e-05,0.00048306770622730255,0.00046437792479991913
1733,forward,0.012433970347046852,3.0331313610076904e-05,0.023468710482120514,0.02349904179573059,8.850358426570892e-05,0.0,0.0
1733,backward,0.011140907183289528,1.650117337703705e-05,0.0697769783437252,0.06979347951710224,8.882023394107819e-05,0.0,0.0
1733,optimizer,0.0012368112802505493,3.3039599657058716e-05,0.0012626107782125473,0.001295650377869606,2.7427449822425842e-05,0.0004975982010364532,0.00046741776168346405
1734,forward,0.01239423081278801,2.956204116344452e-05,0.02351410873234272,0.023543670773506165,8.575059473514557e-05,0.0,0.0
1734,backward,0.011130599305033684,1.490861177444458e-05,0.06988197937607765,0.0698968879878521,8.806400001049042e-05,0.0,0.0
1734,optimizer,0.0012203119695186615,3.1929463148117065e-05,0.0012623295187950134,0.0012942589819431305,2.4858862161636353e-05,0.0008142311125993729,0.0004755798727273941
1735,forward,0.012450063601136208,3.150850534439087e-05,0.023523710668087006,0.023555219173431396,8.356943726539612e-05,0.0,0.0
1735,backward,0.011079622432589531,1.9200146198272705e-05,0.06973753497004509,0.06975673511624336,8.683279156684875e-05,0.0,0.0
1735,optimizer,0.0012173689901828766,2.9042363166809082e-05,0.0012607220560312271,0.0012897644191980362,2.5309622287750244e-05,0.000500258058309555,0.0004801396280527115
1736,forward,0.012340633198618889,2.9340386390686035e-05,0.023505479097366333,0.02353481948375702,8.35619866847992e-05,0.0,0.0
1736,backward,0.011084306985139847,1.5759840607643127e-05,0.06974797882139683,0.06976373866200447,8.562952280044556e-05,0.0,0.0
1736,optimizer,0.0012621190398931503,2.6630237698554993e-05,0.0012498833239078522,0.0012765135616064072,2.4899840354919434e-05,0.0004918072372674942,0.0004581473767757416
1737,forward,0.012409450486302376,2.8438866138458252e-05,0.023504430428147316,0.023532869294285774,8.346140384674072e-05,0.0,0.0
1737,backward,0.011163709685206413,1.698918640613556e-05,0.07005457207560539,0.07007156126201153,8.526258170604706e-05,0.0,0.0
1737,optimizer,0.001250293105840683,2.781301736831665e-05,0.0012605320662260056,0.0012883450835943222,2.504885196685791e-05,0.0007905438542366028,0.0004614870995283127
1738,forward,0.012588582932949066,2.9161572456359863e-05,0.02331392653286457,0.02334308810532093,8.358247578144073e-05,0.0,0.0
1738,backward,0.011213069781661034,1.6322359442710876e-05,0.06972322799265385,0.06973955035209656,8.426234126091003e-05,0.0,0.0
1738,optimizer,0.0013418048620224,2.974085509777069e-05,0.0012642908841371536,0.0012940317392349243,2.855248749256134e-05,0.0004891976714134216,0.00046273693442344666
1739,forward,0.012397272512316704,3.1089410185813904e-05,0.023462828248739243,0.023493917658925056,8.32919031381607e-05,0.0,0.0
1739,backward,0.011152587831020355,1.8279999494552612e-05,0.06992848217487335,0.0699467621743679,8.934922516345978e-05,0.0,0.0
1739,optimizer,0.0012639723718166351,2.788938581943512e-05,0.001264931634068489,0.0012928210198879242,2.5210902094841003e-05,0.0008180048316717148,0.00046356767416000366
1740,forward,0.012413199990987778,2.893991768360138e-05,0.023481732234358788,0.02351067215204239,8.087977766990662e-05,0.0,0.0
1740,backward,0.01113768108189106,1.7639249563217163e-05,0.07001379132270813,0.07003143057227135,8.745118975639343e-05,0.0,0.0
1740,optimizer,0.0012350212782621384,2.5482848286628723e-05,0.00125851109623909,0.0012839939445257187,2.592243254184723e-05,0.0004985891282558441,0.0004634689539670944
1741,forward,0.012372240424156189,2.8681010007858276e-05,0.023545192554593086,0.023573873564600945,8.551031351089478e-05,0.0,0.0
1741,backward,0.011174209415912628,1.9008293747901917e-05,0.06961006484925747,0.06962907314300537,9.935162961483002e-05,0.0,0.0
1741,optimizer,0.0012240000069141388,3.1519681215286255e-05,0.0012596510350704193,0.0012911707162857056,2.8362497687339783e-05,0.000554969534277916,0.0004621390253305435
1742,forward,0.012303199619054794,2.8051435947418213e-05,0.02354476787149906,0.02357281930744648,8.68234783411026e-05,0.0,0.0
1742,backward,0.011072490364313126,1.5249475836753845e-05,0.06994371861219406,0.06995896808803082,8.824095129966736e-05,0.0,0.0
1742,optimizer,0.001208210363984108,2.880208194255829e-05,0.001261131837964058,0.0012899339199066162,2.5060027837753296e-05,0.0009229369461536407,0.0004635285586118698
1743,forward,0.012364370748400688,3.178045153617859e-05,0.02347888983786106,0.02351067028939724,8.658133447170258e-05,0.0,0.0
1743,backward,0.01109308935701847,1.5148892998695374e-05,0.06999596022069454,0.07001110911369324,8.761882781982422e-05,0.0,0.0
1743,optimizer,0.0012318715453147888,2.8500333428382874e-05,0.001262890174984932,0.0012913905084133148,2.425163984298706e-05,0.0008864067494869232,0.00046517886221408844
1744,forward,0.01236293651163578,3.186054527759552e-05,0.02349115163087845,0.023523012176156044,8.122436702251434e-05,0.0,0.0
1744,backward,0.011177049949765205,1.726113259792328e-05,0.06964638642966747,0.0696636475622654,8.839182555675507e-05,0.0,0.0
1744,optimizer,0.0012194830924272537,3.053247928619385e-05,0.0012645013630390167,0.0012950338423252106,2.3400411009788513e-05,0.0006465986371040344,0.0004611574113368988
1745,forward,0.012422600761055946,2.997182309627533e-05,0.02345815859735012,0.023488130420446396,8.462928235530853e-05,0.0,0.0
1745,backward,0.011167019605636597,1.6631558537483215e-05,0.07007634453475475,0.07009297609329224,8.535012602806091e-05,0.0,0.0
1745,optimizer,0.0012278500944375992,3.092922270298004e-05,0.0012646317481994629,0.001295560970902443,2.415291965007782e-05,0.0008796043694019318,0.00046001747250556946
1746,forward,0.012516964226961136,2.8420239686965942e-05,0.023369375616312027,0.023397795855998993,8.184090256690979e-05,0.0,0.0
1746,backward,0.01115451194345951,1.7939135432243347e-05,0.06976187601685524,0.06977981515228748,8.629262447357178e-05,0.0,0.0
1746,optimizer,0.0012203827500343323,3.0312687158584595e-05,0.0012595020234584808,0.0012898147106170654,2.6980414986610413e-05,0.0004895776510238647,0.00046113692224025726
1747,forward,0.012376552447676659,3.149174153804779e-05,0.02351658046245575,0.023548072203993797,8.283182978630066e-05,0.0,0.0
1747,backward,0.011143602430820465,1.7568469047546387e-05,0.06998477131128311,0.07000233978033066,8.806400001049042e-05,0.0,0.0
1747,optimizer,0.0010155346244573593,3.092922270298004e-05,0.0012536030262708664,0.0012845322489738464,2.5140121579170227e-05,0.0008986238390207291,0.00046234577894210815
1748,forward,0.012408623471856117,3.0839815735816956e-05,0.023487618193030357,0.023518458008766174,8.723139762878418e-05,0.0,0.0
1748,backward,0.011188730597496033,1.6512349247932434e-05,0.06996562145650387,0.0699821338057518,8.630938827991486e-05,0.0,0.0
1748,optimizer,0.0012329593300819397,2.5659799575805664e-05,0.0012581925839185715,0.0012838523834943771,2.8150156140327454e-05,0.0004995893687009811,0.0004617758095264435
1749,forward,0.012448087334632874,3.0370429158210754e-05,0.02345617488026619,0.0234865453094244,8.351169526576996e-05,0.0,0.0
1749,backward,0.011098479852080345,1.7130747437477112e-05,0.06987414136528969,0.06989127211272717,8.919276297092438e-05,0.0,0.0
1749,optimizer,0.0012094825506210327,2.7691945433616638e-05,0.0012647509574890137,0.0012924429029226303,2.4182721972465515e-05,0.0009773951023817062,0.00046096742153167725
1750,forward,0.012554353103041649,2.9880553483963013e-05,0.023353056982159615,0.023382937535643578,8.493103086948395e-05,0.0,0.0
1750,backward,0.01103992573916912,1.4919787645339966e-05,0.06987398862838745,0.06988890841603279,8.603185415267944e-05,0.0,0.0
1750,optimizer,0.0012204516679048538,2.8410926461219788e-05,0.0012586507946252823,0.001287061721086502,2.4791806936264038e-05,0.0004973169416189194,0.0004704464226961136
1751,forward,0.012360291555523872,3.0858442187309265e-05,0.02353964000940323,0.023570498451590538,8.399039506912231e-05,0.0,0.0
1751,backward,0.011165978386998177,1.659989356994629e-05,0.06987261027097702,0.06988921016454697,8.665025234222412e-05,0.0,0.0
1751,optimizer,0.0012335609644651413,3.1521543860435486e-05,0.00125805102288723,0.0012895725667476654,2.7827918529510498e-05,0.0008996743708848953,0.00046333856880664825
1752,forward,0.012415099889039993,3.0022114515304565e-05,0.023454729467630386,0.02348475158214569,8.145347237586975e-05,0.0,0.0
1752,backward,0.011211080476641655,1.5350058674812317e-05,0.06982680968940258,0.06984215974807739,8.711032569408417e-05,0.0,0.0
1752,optimizer,0.0011577177792787552,2.7319416403770447e-05,0.0012599211186170578,0.0012872405350208282,3.0100345611572266e-05,0.0004923790693283081,0.000461747869849205
1753,forward,0.012441972270607948,3.1072646379470825e-05,0.023484960198402405,0.023516032844781876,8.403323590755463e-05,0.0,0.0
1753,backward,0.011179819703102112,1.69314444065094e-05,0.06991607137024403,0.06993300281465054,8.315965533256531e-05,0.0,0.0
1753,optimizer,0.0011677276343107224,3.080815076828003e-05,0.0012606438249349594,0.0012914519757032394,2.7919188141822815e-05,0.0008019767701625824,0.0004627406597137451
1754,forward,0.012503812089562416,2.9260292649269104e-05,0.023441649973392487,0.023470910266041756,8.638203144073486e-05,0.0,0.0
1754,backward,0.01123037189245224,1.5148892998695374e-05,0.06960140354931355,0.06961655244231224,8.885189890861511e-05,0.0,0.0
1754,optimizer,0.0011571981012821198,3.0191615223884583e-05,0.0012591425329446793,0.0012893341481685638,2.3322179913520813e-05,0.0007481519132852554,0.0004668179899454117
1755,forward,0.012466469779610634,3.217346966266632e-05,0.023411989212036133,0.0234441626816988,8.345022797584534e-05,0.0,0.0
1755,backward,0.011172009631991386,1.5519559383392334e-05,0.06994014978408813,0.06995566934347153,8.562207221984863e-05,0.0,0.0
1755,optimizer,0.001232881098985672,3.121979534626007e-05,0.0012622121721506119,0.001293431967496872,2.635084092617035e-05,0.0008803755044937134,0.00045948848128318787
1756,forward,0.012394610792398453,2.9781833291053772e-05,0.023516392335295677,0.02354617416858673,8.215196430683136e-05,0.0,0.0
1756,backward,0.011061998084187508,1.6029924154281616e-05,0.06970854662358761,0.06972457654774189,8.395127952098846e-05,0.0,0.0
1756,optimizer,0.001216033473610878,2.925097942352295e-05,0.0012646503746509552,0.0012939013540744781,2.9832124710083008e-05,0.0004979893565177917,0.00045930780470371246
1757,forward,0.012407563626766205,3.048032522201538e-05,0.023492788895964622,0.023523269221186638,8.44709575176239e-05,0.0,0.0
1757,backward,0.011093297973275185,1.774914562702179e-05,0.07015442475676537,0.07017217390239239,8.911080658435822e-05,0.0,0.0
1757,optimizer,0.0012233313173055649,2.4612993001937866e-05,0.0012638494372367859,0.0012884624302387238,2.5371089577674866e-05,0.0008343923836946487,0.000459916889667511
1758,forward,0.012467581778764725,3.188103437423706e-05,0.02345694974064827,0.023488830775022507,8.37128609418869e-05,0.0,0.0
1758,backward,0.011192597448825836,1.671910285949707e-05,0.06961982697248459,0.06963654607534409,9.056180715560913e-05,0.0,0.0
1758,optimizer,0.0012316908687353134,2.8692185878753662e-05,0.0012587010860443115,0.0012873932719230652,2.534128725528717e-05,0.0004923883825540543,0.0004618484526872635
1759,forward,0.01237465813755989,2.945028245449066e-05,0.0235272329300642,0.023556683212518692,8.35023820400238e-05,0.0,0.0
1759,backward,0.011289263144135475,1.6748905181884766e-05,0.0698548574000597,0.06987160630524158,8.471310138702393e-05,0.0,0.0
1759,optimizer,0.001165119931101799,2.795085310935974e-05,0.0012633316218852997,0.0012912824749946594,2.491101622581482e-05,0.0007945429533720016,0.0004610680043697357
1760,forward,0.012468680739402771,3.099068999290466e-05,0.023497870191931725,0.02352886088192463,8.316151797771454e-05,0.0,0.0
1760,backward,0.011175988242030144,1.8399208784103394e-05,0.06968378834426403,0.06970218755304813,8.742138743400574e-05,0.0,0.0
1760,optimizer,0.0011519603431224823,2.8450042009353638e-05,0.0012651123106479645,0.0012935623526573181,2.4219974875450134e-05,0.0005048774182796478,0.0004642792046070099
1761,forward,0.012470809742808342,2.958066761493683e-05,0.023407161235809326,0.023436741903424263,8.542090654373169e-05,0.0,0.0
1761,backward,0.011095738038420677,1.6041100025177002e-05,0.06997526250779629,0.06999130360782146,8.757039904594421e-05,0.0,0.0
1761,optimizer,0.0012414883822202682,3.154948353767395e-05,0.0012578312307596207,0.0012893807142972946,2.5561079382896423e-05,0.0007869135588407516,0.000464780256152153
1762,forward,0.012447621673345566,3.203190863132477e-05,0.02351670153439045,0.023548733443021774,8.678436279296875e-05,0.0,0.0
1762,backward,0.011198310181498528,1.6201287508010864e-05,0.0696205273270607,0.06963672861456871,8.582137525081635e-05,0.0,0.0
1762,optimizer,0.001160450279712677,2.863071858882904e-05,0.0012623518705368042,0.0012909825891256332,2.5600194931030273e-05,0.0004962887614965439,0.0004636552184820175
1763,forward,0.012335868552327156,3.1147152185440063e-05,0.023534782230854034,0.023565929383039474,8.416175842285156e-05,0.0,0.0
1763,backward,0.011116009205579758,1.488998532295227e-05,0.0698955412954092,0.06991043128073215,8.605048060417175e-05,0.0,0.0
1763,optimizer,0.001135416328907013,2.7280300855636597e-05,0.0012649111449718475,0.0012921914458274841,2.61794775724411e-05,0.0026145242154598236,0.0004612281918525696
1764,forward,0.012281060218811035,3.0193477869033813e-05,0.023670772090554237,0.02370096556842327,8.19917768239975e-05,0.0,0.0
1764,backward,0.01110454648733139,1.7801299691200256e-05,0.06963580846786499,0.06965360976755619,8.517131209373474e-05,0.0,0.0
1764,optimizer,0.001216258853673935,2.7019530534744263e-05,0.0012605935335159302,0.0012876130640506744,2.5250017642974854e-05,0.0006105508655309677,0.00046233832836151123
1765,forward,0.012506920844316483,2.898089587688446e-05,0.023426689207553864,0.023455670103430748,8.227303624153137e-05,0.0,0.0
1765,backward,0.011342652142047882,1.6821548342704773e-05,0.0699655320495367,0.06998235359787941,8.650124073028564e-05,0.0,0.0
1765,optimizer,0.0011767297983169556,2.980045974254608e-05,0.001257648691534996,0.0012874491512775421,2.602115273475647e-05,0.0009381957352161407,0.0005156192928552628
1766,forward,0.012805217877030373,3.180094063282013e-05,0.023114103823900223,0.023145904764533043,8.455291390419006e-05,0.0,0.0
1766,backward,0.011257292702794075,1.4839693903923035e-05,0.06982415728271008,0.069838996976614,8.515268564224243e-05,0.0,0.0
1766,optimizer,0.0011641085147857666,3.07280570268631e-05,0.001259760931134224,0.001290488988161087,2.3009255528450012e-05,0.001012459397315979,0.00046029873192310333
1767,forward,0.012588443234562874,2.9671937227249146e-05,0.02335979975759983,0.02338947169482708,8.139945566654205e-05,0.0,0.0
1767,backward,0.01119345985352993,1.771003007888794e-05,0.06965064629912376,0.06966835632920265,8.276291191577911e-05,0.0,0.0
1767,optimizer,0.0011813882738351822,2.81408429145813e-05,0.0012572221457958221,0.0012853629887104034,2.3810192942619324e-05,0.0004911292344331741,0.0004607290029525757
1768,forward,0.012345509603619576,2.9686838388442993e-05,0.02356618270277977,0.023595869541168213,8.23531299829483e-05,0.0,0.0
1768,backward,0.011102089658379555,1.8231570720672607e-05,0.0699805598706007,0.06999879144132137,8.939206600189209e-05,0.0,0.0
1768,optimizer,0.0012312829494476318,2.8310343623161316e-05,0.0012591704726219177,0.001287480816245079,2.3171305656433105e-05,0.0008868928998708725,0.0004651583731174469
1769,forward,0.012370327487587929,3.229081630706787e-05,0.02362273447215557,0.02365502528846264,8.566305041313171e-05,0.0,0.0
1769,backward,0.0111866295337677,1.6869977116584778e-05,0.06961321644484997,0.06963008642196655,8.680485188961029e-05,0.0,0.0
1769,optimizer,0.0012061707675457,2.721138298511505e-05,0.0012619104236364365,0.0012891218066215515,2.4380162358283997e-05,0.0004925113171339035,0.0004645809531211853
1770,forward,0.013810547068715096,3.590993583202362e-05,0.0220276340842247,0.022063544020056725,8.907169103622437e-05,0.0,0.0
1770,backward,0.011837171390652657,1.4718621969223022e-05,0.0692464280873537,0.06926114670932293,8.629076182842255e-05,0.0,0.0
1770,optimizer,0.001234833151102066,2.9180198907852173e-05,0.0012636110186576843,0.0012927912175655365,2.530030906200409e-05,0.0005101300776004791,0.0004607588052749634
1771,forward,0.012434881180524826,3.1620264053344727e-05,0.023528801277279854,0.0235604215413332,8.6221843957901e-05,0.0,0.0
1771,backward,0.011119037866592407,1.662038266658783e-05,0.06969031691551208,0.06970693729817867,8.94404947757721e-05,0.0,0.0
1771,optimizer,0.0012163873761892319,2.785027027130127e-05,0.0012578926980495453,0.0012857429683208466,2.567097544670105e-05,0.0004970487207174301,0.00047114863991737366
1772,forward,0.012447010725736618,2.99699604511261e-05,0.023496830835938454,0.02352680079638958,8.300133049488068e-05,0.0,0.0
1772,backward,0.011133817955851555,1.5638768672943115e-05,0.07013820484280586,0.0701538436114788,8.607283234596252e-05,0.0,0.0
1772,optimizer,0.001265302300453186,3.071874380111694e-05,0.0012597423046827316,0.0012904610484838486,2.431124448776245e-05,0.0009249169379472733,0.000464417040348053
1773,forward,0.012365750968456268,3.1210482120513916e-05,0.023557912558317184,0.0235891230404377,8.392333984375e-05,0.0,0.0
1773,backward,0.01117338053882122,1.7130747437477112e-05,0.06953753344714642,0.06955466419458389,8.73412936925888e-05,0.0,0.0
1773,optimizer,0.0012321192771196365,2.9988586902618408e-05,0.0012642629444599152,0.0012942515313625336,2.3700296878814697e-05,0.00049641914665699,0.000460699200630188
1774,forward,0.01241828128695488,3.030151128768921e-05,0.023493479937314987,0.023523781448602676,8.371099829673767e-05,0.0,0.0
1774,backward,0.011160217225551605,1.601874828338623e-05,0.06993712298572063,0.06995314173400402,8.615106344223022e-05,0.0,0.0
1774,optimizer,0.0012207720428705215,2.8092414140701294e-05,0.0012632589787244797,0.001291351392865181,2.2860243916511536e-05,0.0008191745728254318,0.0004638954997062683
1775,forward,0.012674456462264061,2.961978316307068e-05,0.023218875750899315,0.023248495534062386,8.177012205123901e-05,0.0,0.0
1775,backward,0.01115386001765728,1.8229708075523376e-05,0.0698844101279974,0.06990263983607292,0.00010227039456367493,0.0,0.0
1775,optimizer,0.0012207310646772385,2.917274832725525e-05,0.0012582726776599884,0.0012874454259872437,2.6229768991470337e-05,0.0004976987838745117,0.0004654880613088608
1776,forward,0.012450242415070534,2.898089587688446e-05,0.02344941906630993,0.023478399962186813,8.38208943605423e-05,0.0,0.0
1776,backward,0.011200649663805962,1.683272421360016e-05,0.06981205008924007,0.06982888281345367,8.458085358142853e-05,0.0,0.0
1776,optimizer,0.0012957211583852768,2.8820708394050598e-05,0.001261431723833084,0.0012902524322271347,2.407282590866089e-05,0.0009161625057458878,0.00046149641275405884
1777,forward,0.012329785153269768,3.132037818431854e-05,0.023539982736110687,0.023571303114295006,8.289888501167297e-05,0.0,0.0
1777,backward,0.011086929589509964,1.629069447517395e-05,0.06992450915277004,0.06994079984724522,9.009242057800293e-05,0.0,0.0
1777,optimizer,0.0012107528746128082,2.790987491607666e-05,0.0012622103095054626,0.0012901201844215393,0.0001379847526550293,0.000506548210978508,0.00046294182538986206
1778,forward,0.012320568785071373,3.053992986679077e-05,0.023575900122523308,0.0236064400523901,8.360110223293304e-05,0.0,0.0
1778,backward,0.01117255911231041,1.722760498523712e-05,0.06960217468440533,0.06961940228939056,8.819252252578735e-05,0.0,0.0
1778,optimizer,0.0011507943272590637,2.5348737835884094e-05,0.001262068748474121,0.0012874174863100052,2.5451183319091797e-05,0.0005035288631916046,0.0004638880491256714
1779,forward,0.012564443051815033,3.085099160671234e-05,0.02335626631975174,0.023387117311358452,8.359178900718689e-05,0.0,0.0
1779,backward,0.011230720207095146,1.838989555835724e-05,0.06999540328979492,0.07001379318535328,8.547119796276093e-05,0.0,0.0
1779,optimizer,0.0012362096458673477,2.6211142539978027e-05,0.0012642424553632736,0.0012904535979032516,2.349168062210083e-05,0.0008583758026361465,0.00046006031334400177
1780,forward,0.012354597449302673,3.032013773918152e-05,0.02362152375280857,0.023651843890547752,8.866004645824432e-05,0.0,0.0
1780,backward,0.011111877858638763,1.7428770661354065e-05,0.0696900375187397,0.06970746628940105,8.440017700195312e-05,0.0,0.0
1780,optimizer,0.0012418236583471298,3.1130388379096985e-05,0.0012583192437887192,0.0012894496321678162,2.319924533367157e-05,0.0004990994930267334,0.000464119017124176
1781,forward,0.012448610737919807,2.9150396585464478e-05,0.023450709879398346,0.02347986027598381,8.417293429374695e-05,0.0,0.0
1781,backward,0.011166779324412346,1.7570331692695618e-05,0.06985900923609734,0.06987657956779003,8.819997310638428e-05,0.0,0.0
1781,optimizer,0.00122867152094841,3.040209412574768e-05,0.0012428518384695053,0.001273253932595253,2.6250258088111877e-05,0.0008648447692394257,0.00046044960618019104
1782,forward,0.012341052293777466,3.0212104320526123e-05,0.023568060249090195,0.02359827235341072,8.420087397098541e-05,0.0,0.0
1782,backward,0.011194951832294464,1.627206802368164e-05,0.07001162134110928,0.07002789340913296,8.68234783411026e-05,0.0,0.0
1782,optimizer,0.0011692102998495102,3.0331313610076904e-05,0.0012598000466823578,0.0012901313602924347,2.4432316422462463e-05,0.0009897258132696152,0.0004614591598510742
1783,forward,0.012383200228214264,2.9139220714569092e-05,0.023577231913805008,0.023606371134519577,8.430518209934235e-05,0.0,0.0
1783,backward,0.011202342808246613,1.7959624528884888e-05,0.06966880522668362,0.0696867648512125,8.469261229038239e-05,0.0,0.0
1783,optimizer,0.0011674407869577408,2.8911978006362915e-05,0.001259012147784233,0.001287924125790596,2.57100909948349e-05,0.000492660328745842,0.0004579555243253708
1784,forward,0.012719068676233292,3.0839815735816956e-05,0.02314574271440506,0.023176582530140877,8.281320333480835e-05,0.0,0.0
1784,backward,0.011115947738289833,1.7000362277030945e-05,0.06992699950933456,0.0699439998716116,8.526258170604706e-05,0.0,0.0
1784,optimizer,0.0011348109692335129,2.6829540729522705e-05,0.0012622512876987457,0.0012890808284282684,2.4529173970222473e-05,0.0009647775441408157,0.0004986077547073364
1785,forward,0.012672577053308487,2.9461458325386047e-05,0.023293547332286835,0.02332300879061222,8.34297388792038e-05,0.0,0.0
1785,backward,0.011106166988611221,1.5428289771080017e-05,0.06967748701572418,0.06969291530549526,9.223073720932007e-05,0.0,0.0
1785,optimizer,0.0012025963515043259,2.715177834033966e-05,0.0012643635272979736,0.0012915153056383133,2.5900080800056458e-05,0.0004915781319141388,0.00047608837485313416
1786,forward,0.01251058280467987,3.161095082759857e-05,0.023387199267745018,0.023418810218572617,7.752329111099243e-05,0.0,0.0
1786,backward,0.011160120368003845,1.6879290342330933e-05,0.0700911432504654,0.07010802254080772,8.581019937992096e-05,0.0,0.0
1786,optimizer,0.0012222714722156525,2.8809532523155212e-05,0.001260342076420784,0.0012891516089439392,2.41696834564209e-05,0.0008163247257471085,0.0004617888480424881
1787,forward,0.012720795348286629,2.896040678024292e-05,0.023136703297495842,0.023165663704276085,8.319132030010223e-05,0.0,0.0
1787,backward,0.011294079944491386,1.8483027815818787e-05,0.06976127810776234,0.06977976113557816,8.855201303958893e-05,0.0,0.0
1787,optimizer,0.0012559201568365097,2.3972243070602417e-05,0.0012606121599674225,0.001284584403038025,2.5019049644470215e-05,0.000489499419927597,0.00046656839549541473
1788,forward,0.012545082718133926,3.034248948097229e-05,0.023357758298516273,0.023388100787997246,8.517131209373474e-05,0.0,0.0
1788,backward,0.011168239638209343,1.5178695321083069e-05,0.06990928947925568,0.06992446817457676,8.996203541755676e-05,0.0,0.0
1788,optimizer,0.001231631264090538,2.9141083359718323e-05,0.001262962818145752,0.0012921039015054703,2.4531036615371704e-05,0.0008020550012588501,0.0004870668053627014
1789,forward,0.012356752529740334,3.0860304832458496e-05,0.0235927514731884,0.02362361177802086,8.709169924259186e-05,0.0,0.0
1789,backward,0.011165259405970573,1.5093013644218445e-05,0.06964445672929287,0.06965954974293709,9.311176836490631e-05,0.0,0.0
1789,optimizer,0.0012218505144119263,2.974085509777069e-05,0.0012583117932081223,0.001288052648305893,2.3400411009788513e-05,0.0004894398152828217,0.0004758760333061218
1790,forward,0.012376580387353897,3.0430033802986145e-05,0.023525360971689224,0.02355579100549221,8.06804746389389e-05,0.0,0.0
1790,backward,0.0115217175334692,1.592002809047699e-05,0.0696186050772667,0.06963452510535717,8.953176438808441e-05,0.0,0.0
1790,optimizer,0.0012160278856754303,2.8502196073532104e-05,0.001260044053196907,0.0012885462492704391,2.5209039449691772e-05,0.0009084083139896393,0.00046786852180957794
1791,forward,0.012338802218437195,2.9180198907852173e-05,0.023565709590911865,0.023594889789819717,8.265115320682526e-05,0.0,0.0
1791,backward,0.011498935520648956,1.803971827030182e-05,0.06939085200428963,0.06940889172255993,8.45193862915039e-05,0.0,0.0
1791,optimizer,0.001230292022228241,3.196112811565399e-05,0.0012624002993106842,0.0012943614274263382,2.7371570467948914e-05,0.0004918109625577927,0.0004679877310991287
1792,forward,0.012319060042500496,2.831965684890747e-05,0.023587951436638832,0.02361627109348774,8.720159530639648e-05,0.0,0.0
1792,backward,0.011314645409584045,1.4020130038261414e-05,0.06985051929950714,0.0698645394295454,8.505024015903473e-05,0.0,0.0
1792,optimizer,0.0012211874127388,3.211945295333862e-05,0.001264544203877449,0.0012966636568307877,2.5952234864234924e-05,0.0006326492875814438,0.0004990976303815842
1793,forward,0.01235264167189598,3.0232593417167664e-05,0.023510729894042015,0.023540962487459183,8.428096771240234e-05,0.0,0.0
1793,backward,0.011526284739375114,1.4200806617736816e-05,0.06937645189464092,0.06939065270125866,8.649192750453949e-05,0.0,0.0
1793,optimizer,0.0012217182666063309,3.3229589462280273e-05,0.0012623406946659088,0.001295570284128189,2.376176416873932e-05,0.00048276782035827637,0.00046585872769355774
1794,forward,0.012483464553952217,2.8459355235099792e-05,0.023399487137794495,0.023427946493029594,8.29603523015976e-05,0.0,0.0
1794,backward,0.011257285252213478,1.5212222933769226e-05,0.06990545988082886,0.06992067210376263,8.858926594257355e-05,0.0,0.0
1794,optimizer,0.0015802569687366486,2.72504985332489e-05,0.0012613926082849503,0.0012886431068181992,2.516806125640869e-05,0.0006970129907131195,0.0004634801298379898
1795,forward,0.01231473870575428,3.395974636077881e-05,0.023603562265634537,0.023637522011995316,8.087232708930969e-05,0.0,0.0
1795,backward,0.011399874463677406,1.8829479813575745e-05,0.06949861347675323,0.06951744295656681,8.866004645824432e-05,0.0,0.0
1795,optimizer,0.0012489911168813705,2.9200688004493713e-05,0.0012616422027349472,0.001290842890739441,2.7192756533622742e-05,0.0005019865930080414,0.00047230906784534454
1796,forward,0.012345410883426666,2.8273090720176697e-05,0.023545799776911736,0.023574072867631912,8.598901331424713e-05,0.0,0.0
1796,backward,0.011625798419117928,1.413002610206604e-05,0.0693034902215004,0.06931762024760246,9.340234100818634e-05,0.0,0.0
1796,optimizer,0.0012171324342489243,3.088824450969696e-05,0.0012622512876987457,0.0012931395322084427,2.4959444999694824e-05,0.0004853382706642151,0.00047631748020648956
1797,forward,0.01229778677225113,2.9889866709709167e-05,0.023621143773198128,0.023651033639907837,8.627958595752716e-05,0.0,0.0
1797,backward,0.011603159829974174,1.4826655387878418e-05,0.0696763452142477,0.06969117186963558,8.926354348659515e-05,0.0,0.0
1797,optimizer,0.001219267025589943,3.235042095184326e-05,0.0012617725878953934,0.0012941230088472366,2.329982817173004e-05,0.0009624455124139786,0.00046978704631328583
1798,forward,0.01232563890516758,3.050081431865692e-05,0.02355255000293255,0.023583050817251205,8.499063551425934e-05,0.0,0.0
1798,backward,0.011118918657302856,1.4470890164375305e-05,0.06979449652135372,0.0698089674115181,8.716993033885956e-05,0.0,0.0
1798,optimizer,0.0012272819876670837,3.4572556614875793e-05,0.0012623406946659088,0.0012969132512807846,2.6309862732887268e-05,0.00048652663826942444,0.0004666559398174286
1799,forward,0.012325810268521309,2.8889626264572144e-05,0.023537850007414818,0.02356673963367939,8.541345596313477e-05,0.0,0.0
1799,backward,0.011576708406209946,1.7542392015457153e-05,0.06962328404188156,0.06964082643389702,8.551962673664093e-05,0.0,0.0
1799,optimizer,0.0012101829051971436,3.089010715484619e-05,0.0012620799243450165,0.0012929700314998627,2.697296440601349e-05,0.0008901935070753098,0.0004635881632566452
1800,forward,0.012356892228126526,2.9578804969787598e-05,0.023513147607445717,0.023542726412415504,8.386000990867615e-05,0.0,0.0
1800,backward,0.011553125455975533,1.559220254421234e-05,0.06950337439775467,0.06951896660029888,8.739903569221497e-05,0.0,0.0
1800,optimizer,0.0012322533875703812,3.241002559661865e-05,0.0012600608170032501,0.0012924708425998688,2.426840364933014e-05,0.0009641479700803757,0.00047058798372745514
1801,forward,0.012325841933488846,3.135018050670624e-05,0.02359062246978283,0.023621972650289536,9.20221209526062e-05,0.0,0.0
1801,backward,0.011496055871248245,1.451931893825531e-05,0.06922658905386925,0.0692411083728075,8.06022435426712e-05,0.0,0.0
1801,optimizer,0.0012150909751653671,3.412365913391113e-05,0.0012645218521356583,0.0012986455112695694,2.491101622581482e-05,0.0004966408014297485,0.0004545692354440689
1802,forward,0.012320242822170258,3.11192125082016e-05,0.02357431873679161,0.023605437949299812,8.308142423629761e-05,0.0,0.0
1802,backward,0.01152050495147705,1.8049031496047974e-05,0.06941485218703747,0.06943290121853352,8.660182356834412e-05,0.0,0.0
1802,optimizer,0.00123601034283638,3.0001625418663025e-05,0.0012500323355197906,0.0012800339609384537,2.57100909948349e-05,0.00048469752073287964,0.0004644487053155899
1803,forward,0.012321960180997849,2.7913600206375122e-05,0.023642053827643394,0.02366996742784977,8.244067430496216e-05,0.0,0.0
1803,backward,0.011554665863513947,1.5990808606147766e-05,0.06921030022203922,0.06922629103064537,8.624047040939331e-05,0.0,0.0
1803,optimizer,0.001233123242855072,3.1461939215660095e-05,0.0012609399855136871,0.0012924019247293472,2.5952234864234924e-05,0.0004871077835559845,0.00046536698937416077
1804,forward,0.01228645071387291,3.0390918254852295e-05,0.023601461201906204,0.023631852120161057,8.380040526390076e-05,0.0,0.0
1804,backward,0.011227158829569817,1.6728416085243225e-05,0.07007177546620369,0.07008850388228893,8.361227810382843e-05,0.0,0.0
1804,optimizer,0.0012120883911848068,3.206916153430939e-05,0.001256551593542099,0.0012886207550764084,2.557225525379181e-05,0.0008228830993175507,0.0004641283303499222
1805,forward,0.012401802465319633,3.0161812901496887e-05,0.023519368842244148,0.023549530655145645,8.028186857700348e-05,0.0,0.0
1805,backward,0.011346222832798958,1.6938894987106323e-05,0.0694523211568594,0.0694692600518465,8.748844265937805e-05,0.0,0.0
1805,optimizer,0.0009579472243785858,3.16668301820755e-05,0.0012622606009244919,0.0012939274311065674,2.5700777769088745e-05,0.0005039386451244354,0.0004653073847293854
1806,forward,0.012365112081170082,2.9500573873519897e-05,0.023523209616541862,0.023552710190415382,9.01632010936737e-05,0.0,0.0
1806,backward,0.011513713747262955,2.063252031803131e-05,0.06964766792953014,0.06966830044984818,9.222328662872314e-05,0.0,0.0
1806,optimizer,0.0012213587760925293,3.038160502910614e-05,0.0012620128691196442,0.0012923944741487503,2.3439526557922363e-05,0.0008171442896127701,0.0004673358052968979
1807,forward,0.012372724711894989,2.869032323360443e-05,0.023556699976325035,0.02358539029955864,8.67936760187149e-05,0.0,0.0
1807,backward,0.011556481942534447,1.481175422668457e-05,0.06929241307079792,0.0693072248250246,8.912384510040283e-05,0.0,0.0
1807,optimizer,0.0012253019958734512,3.303028643131256e-05,0.0012583397328853607,0.0012913700193166733,2.278946340084076e-05,0.0007043648511171341,0.0004705674946308136
1808,forward,0.012272270396351814,3.174692392349243e-05,0.02360651269555092,0.02363825961947441,8.634105324745178e-05,0.0,0.0
1808,backward,0.011559586971998215,1.5409663319587708e-05,0.06957056373357773,0.06958597339689732,8.749961853027344e-05,0.0,0.0
1808,optimizer,0.0012104380875825882,3.344006836414337e-05,0.0012589450925588608,0.0012923851609230042,2.3031607270240784e-05,0.0010494347661733627,0.00046670064330101013
1809,forward,0.012446662411093712,3.018788993358612e-05,0.02345811016857624,0.023488298058509827,8.456222712993622e-05,0.0,0.0
1809,backward,0.011131979525089264,1.4960765838623047e-05,0.06959639675915241,0.06961135752499104,8.72984528541565e-05,0.0,0.0
1809,optimizer,0.001218823716044426,3.282912075519562e-05,0.0012593399733304977,0.0012921690940856934,2.527981996536255e-05,0.0005044881254434586,0.0004774574190378189
1810,forward,0.012589683756232262,2.9979273676872253e-05,0.023331288248300552,0.023361267521977425,8.236058056354523e-05,0.0,0.0
1810,backward,0.011153748258948326,1.8620863556861877e-05,0.0699660126119852,0.06998463347554207,8.406303822994232e-05,0.0,0.0
1810,optimizer,0.0012358836829662323,3.416091203689575e-05,0.0012613292783498764,0.0012954901903867722,2.8459355235099792e-05,0.0005053579807281494,0.00046765804290771484
1811,forward,0.012369850650429726,2.8789043426513672e-05,0.02351982146501541,0.023548610508441925,8.395127952098846e-05,0.0,0.0
1811,backward,0.01111632026731968,1.4828518033027649e-05,0.06990231946110725,0.06991714797914028,8.809007704257965e-05,0.0,0.0
1811,optimizer,0.0012146104127168655,3.236159682273865e-05,0.0012567415833473206,0.0012891031801700592,2.374127507209778e-05,0.0008737444877624512,0.000478619709610939
1812,forward,0.012396670877933502,2.9809772968292236e-05,0.02347707934677601,0.0235068891197443,8.201971650123596e-05,0.0,0.0
1812,backward,0.011211352422833443,1.6106292605400085e-05,0.06994053162634373,0.06995663791894913,8.66129994392395e-05,0.0,0.0
1812,optimizer,0.001239139586687088,3.3309683203697205e-05,0.0012455619871616364,0.0012788716703653336,2.4091452360153198e-05,0.0009488370269536972,0.00046502798795700073
1813,forward,0.012381888926029205,2.911314368247986e-05,0.023537801578640938,0.023566914722323418,8.075125515460968e-05,0.0,0.0
1813,backward,0.011110382154583931,1.7041340470314026e-05,0.06970446556806564,0.06972150690853596,8.50427895784378e-05,0.0,0.0
1813,optimizer,0.001234559342265129,3.0221417546272278e-05,0.001259012147784233,0.0012892335653305054,2.381950616836548e-05,0.000603940337896347,0.00046597979962825775
1814,forward,0.012363631278276443,2.9072165489196777e-05,0.02354164980351925,0.023570721969008446,8.491985499858856e-05,0.0,0.0
1814,backward,0.011273222044110298,1.8790364265441895e-05,0.06974199786782265,0.06976078823208809,8.35806131362915e-05,0.0,0.0
1814,optimizer,0.001227138563990593,3.056228160858154e-05,0.0012618619948625565,0.001292424276471138,2.6131048798561096e-05,0.0009616669267416,0.000408858060836792
1815,forward,0.012312939390540123,2.9461458325386047e-05,0.023652903735637665,0.02368236519396305,8.246302604675293e-05,0.0,0.0
1815,backward,0.011195817962288857,1.69314444065094e-05,0.06969579868018627,0.06971273012459278,9.085983037948608e-05,0.0,0.0
1815,optimizer,0.0012225322425365448,2.981908619403839e-05,0.0012612901628017426,0.001291109248995781,2.4942681193351746e-05,0.0004936195909976959,0.0004708077758550644
1816,forward,0.012338552623987198,3.065913915634155e-05,0.023563571274280548,0.02359423041343689,8.65589827299118e-05,0.0,0.0
1816,backward,0.011343233287334442,1.5331432223320007e-05,0.06950209476053715,0.06951742619276047,8.861906826496124e-05,0.0,0.0
1816,optimizer,0.001149127259850502,3.1093135476112366e-05,0.0012635719031095505,0.0012946650385856628,2.3301690816879272e-05,0.0004893690347671509,0.00046676769852638245
1817,forward,0.012369049713015556,2.9901042580604553e-05,0.023510070517659187,0.023539971560239792,8.381158113479614e-05,0.0,0.0
1817,backward,0.011145420372486115,1.5001744031906128e-05,0.06998689100146294,0.07000189274549484,8.863024413585663e-05,0.0,0.0
1817,optimizer,0.0012143775820732117,3.034062683582306e-05,0.0012615825980901718,0.0012919232249259949,2.5151297450065613e-05,0.0008180346339941025,0.00046677887439727783
1818,forward,0.012532204389572144,3.1540170311927795e-05,0.02338464744389057,0.0234161876142025,0.0001112520694732666,0.0,0.0
1818,backward,0.011361904442310333,3.3192336559295654e-05,0.06948151253163815,0.06951470486819744,8.957274258136749e-05,0.0,0.0
1818,optimizer,0.0014011543244123459,2.8138980269432068e-05,0.0012130197137594223,0.0012411586940288544,2.7647241950035095e-05,0.0005004610866308212,0.000533057376742363
1819,forward,0.013114335015416145,3.026239573955536e-05,0.02284620888531208,0.022876471281051636,8.535198867321014e-05,0.0,0.0
1819,backward,0.011147592216730118,1.570768654346466e-05,0.06969424523413181,0.06970995292067528,8.98502767086029e-05,0.0,0.0
1819,optimizer,0.0012457184493541718,2.931244671344757e-05,0.0012540016323328018,0.0012833140790462494,2.5410205125808716e-05,0.0004947781562805176,0.00047140754759311676
1820,forward,0.012453984469175339,3.2529234886169434e-05,0.023432567715644836,0.023465096950531006,8.631311357021332e-05,0.0,0.0
1820,backward,0.011212000623345375,1.4372169971466064e-05,0.06985728070139885,0.06987165287137032,8.837319910526276e-05,0.0,0.0
1820,optimizer,0.0012451689690351486,2.5739893317222595e-05,0.0012625418603420258,0.0012882817536592484,2.8463080525398254e-05,0.0004976075142621994,0.0004716571420431137
1821,forward,0.012365015223622322,3.1812116503715515e-05,0.023552129045128822,0.023583941161632538,8.488446474075317e-05,0.0,0.0
1821,backward,0.011196861043572426,1.662038266658783e-05,0.06979136727750301,0.0698079876601696,8.55419784784317e-05,0.0,0.0
1821,optimizer,0.001240188255906105,2.8681010007858276e-05,0.0012557227164506912,0.0012844037264585495,2.5019049644470215e-05,0.0006772205233573914,0.00046936795115470886
1822,forward,0.012341730296611786,3.00481915473938e-05,0.023531218990683556,0.02356126718223095,8.490309119224548e-05,0.0,0.0
1822,backward,0.01117156445980072,1.4510005712509155e-05,0.06974776461720467,0.06976227462291718,8.541159331798553e-05,0.0,0.0
1822,optimizer,0.0011546071618795395,3.148987889289856e-05,0.0012576133012771606,0.0012891031801700592,2.6222318410873413e-05,0.0004951171576976776,0.0004819873720407486
1823,forward,0.012370990589261055,3.170035779476166e-05,0.02351435087621212,0.02354605123400688,8.324161171913147e-05,0.0,0.0
1823,backward,0.011523686349391937,1.8907710909843445e-05,0.06972364708781242,0.06974255479872227,8.725188672542572e-05,0.0,0.0
1823,optimizer,0.0012352410703897476,3.428943455219269e-05,0.0012677311897277832,0.0013020206242799759,2.4009495973587036e-05,0.001507556065917015,0.0004741773009300232
1824,forward,0.012289958074688911,2.8209760785102844e-05,0.02365618385374546,0.023684393614530563,8.408166468143463e-05,0.0,0.0
1824,backward,0.011193482205271721,1.7428770661354065e-05,0.06965625658631325,0.0696736853569746,8.766911923885345e-05,0.0,0.0
1824,optimizer,0.0012243818491697311,3.194063901901245e-05,0.0012560412287712097,0.0012879818677902222,2.387911081314087e-05,0.0004926975816488266,0.0004669800400733948
1825,forward,0.012270748615264893,2.9420480132102966e-05,0.02360789105296135,0.023637311533093452,8.123181760311127e-05,0.0,0.0
1825,backward,0.01149890385568142,1.84718519449234e-05,0.06941083259880543,0.06942930445075035,8.796155452728271e-05,0.0,0.0
1825,optimizer,0.0012342501431703568,2.6300549507141113e-05,0.0012600626796483994,0.0012863632291555405,2.777017652988434e-05,0.0004888977855443954,0.00047252140939235687
1826,forward,0.012296529486775398,2.967938780784607e-05,0.02355254255235195,0.023582221940159798,9.462051093578339e-05,0.0,0.0
1826,backward,0.011571964249014854,1.4433637261390686e-05,0.06957499496638775,0.06958942860364914,8.728168904781342e-05,0.0,0.0
1826,optimizer,0.0012223832309246063,2.709217369556427e-05,0.0012585204094648361,0.0012856125831604004,2.5352463126182556e-05,0.0008362662047147751,0.0004696473479270935
1827,forward,0.012364668771624565,3.1560659408569336e-05,0.023532193154096603,0.023563753813505173,0.022910989820957184,0.0,0.0
1827,backward,0.011758610606193542,4.009157419204712e-05,0.06860910914838314,0.06864920072257519,8.857250213623047e-05,0.0,0.0
1827,optimizer,0.0012190323323011398,3.563240170478821e-05,0.0012624096125364304,0.0012980420142412186,2.4091452360153198e-05,0.0009948965162038803,0.00045673735439777374
1828,forward,0.012381890788674355,2.8828158974647522e-05,0.023548001423478127,0.023576829582452774,8.619949221611023e-05,0.0,0.0
1828,backward,0.01118817925453186,1.5202909708023071e-05,0.06961069442331791,0.06962589733302593,8.993223309516907e-05,0.0,0.0
1828,optimizer,0.0012379791587591171,2.7410686016082764e-05,0.0012638028711080551,0.0012912135571241379,2.4041160941123962e-05,0.0004957485944032669,0.00047033652663230896
1829,forward,0.012325769290328026,2.9750168323516846e-05,0.02355267107486725,0.023582421243190765,8.686073124408722e-05,0.0,0.0
1829,backward,0.011448163539171219,1.5972182154655457e-05,0.0695115439593792,0.06952751614153385,9.146332740783691e-05,0.0,0.0
1829,optimizer,0.0012358408421278,2.7701258659362793e-05,0.0012558810412883759,0.0012835822999477386,2.401880919933319e-05,0.0008193552494049072,0.00047496892511844635
1830,forward,0.012346822768449783,3.0722469091415405e-05,0.02352749928832054,0.023558221757411957,8.562207221984863e-05,0.0,0.0
1830,backward,0.011167461052536964,1.3649463653564453e-05,0.06997905112802982,0.06999270059168339,9.16309654712677e-05,0.0,0.0
1830,optimizer,0.001153489574790001,3.055296838283539e-05,0.0012584328651428223,0.0012889858335256577,2.3070722818374634e-05,0.0007972922176122665,0.000470208004117012
1831,forward,0.012297607958316803,2.8500333428382874e-05,0.02361484244465828,0.023643342778086662,8.679181337356567e-05,0.0,0.0
1831,backward,0.011491604149341583,1.4239922165870667e-05,0.06938046216964722,0.06939470209181309,8.946843445301056e-05,0.0,0.0
1831,optimizer,0.0012298617511987686,2.9381364583969116e-05,0.001261930912733078,0.0012913122773170471,2.4050474166870117e-05,0.000497547909617424,0.0004656892269849777
1832,forward,0.012306120246648788,2.8720125555992126e-05,0.0235870610922575,0.023615781217813492,8.524022996425629e-05,0.0,0.0
1832,backward,0.011221300810575485,1.562759280204773e-05,0.06996871158480644,0.06998433917760849,8.836016058921814e-05,0.0,0.0
1832,optimizer,0.00117575004696846,2.864934504032135e-05,0.0012597925961017609,0.0012884419411420822,2.506934106349945e-05,0.0008530337363481522,0.0004684571176767349
1833,forward,0.012310091406106949,3.0821189284324646e-05,0.023602161556482315,0.02363298274576664,8.761882781982422e-05,0.0,0.0
1833,backward,0.011249441653490067,1.3910233974456787e-05,0.06985496915876865,0.06986887939274311,9.215995669364929e-05,0.0,0.0
1833,optimizer,0.001151297241449356,2.8541311621665955e-05,0.0012619327753782272,0.0012904740869998932,2.4449080228805542e-05,0.0008900929242372513,0.0004846956580877304
1834,forward,0.012321172282099724,2.9940158128738403e-05,0.023539438843727112,0.02356937900185585,8.496083319187164e-05,0.0,0.0
1834,backward,0.011120997369289398,1.3768672943115234e-05,0.06995596177875996,0.06996973045170307,8.601322770118713e-05,0.0,0.0
1834,optimizer,0.0012298524379730225,3.034062683582306e-05,0.0012646522372961044,0.0012949928641319275,2.718716859817505e-05,0.0004955176264047623,0.0004666373133659363
1835,forward,0.012359458953142166,2.9861927032470703e-05,0.023504819720983505,0.023534681648015976,8.279271423816681e-05,0.0,0.0
1835,backward,0.011374542489647865,1.667998731136322e-05,0.0695660449564457,0.06958272494375706,8.411332964897156e-05,0.0,0.0
1835,optimizer,0.0012496411800384521,2.824142575263977e-05,0.0012594815343618393,0.001287722960114479,2.7218833565711975e-05,0.0009499061852693558,0.0004882756620645523
1836,forward,0.012285647913813591,2.830103039741516e-05,0.023573191836476326,0.02360149286687374,8.348189294338226e-05,0.0,0.0
1836,backward,0.01110483892261982,1.6773119568824768e-05,0.06997910141944885,0.06999587453901768,8.997134864330292e-05,0.0,0.0
1836,optimizer,0.0012231692671775818,2.6950612664222717e-05,0.0012575127184391022,0.0012844633311033249,2.5890767574310303e-05,0.0005407389253377914,0.0004671383649110794
1837,forward,0.01231955923140049,2.820044755935669e-05,0.02361440286040306,0.023642603307962418,9.248219430446625e-05,0.0,0.0
1837,backward,0.011301320046186447,1.4608725905418396e-05,0.06949533522129059,0.069509943947196,9.275227785110474e-05,0.0,0.0
1837,optimizer,0.0011735428124666214,2.4478882551193237e-05,0.001255059614777565,0.0012795384973287582,2.6850029826164246e-05,0.0004911981523036957,0.00047774799168109894
1838,forward,0.012209946289658546,2.9759481549263e-05,0.02367343381047249,0.02370319329202175,8.735060691833496e-05,0.0,0.0
1838,backward,0.011117076501250267,1.5312805771827698e-05,0.0696753989905119,0.06969071179628372,9.168870747089386e-05,0.0,0.0
1838,optimizer,0.0012344680726528168,2.7807429432868958e-05,0.0012602023780345917,0.0012880098074674606,2.4529173970222473e-05,0.0004891473799943924,0.0004685577005147934
1839,forward,0.012249048799276352,2.9010698199272156e-05,0.023664772510528564,0.023693783208727837,8.591078221797943e-05,0.0,0.0
1839,backward,0.011134149506688118,1.6512349247932434e-05,0.0700118001550436,0.07002831250429153,9.09026712179184e-05,0.0,0.0
1839,optimizer,0.0012455582618713379,2.8099864721298218e-05,0.0012562628835439682,0.0012843627482652664,2.6401132345199585e-05,0.0004987474530935287,0.00048268772661685944
1840,forward,0.01232914812862873,2.962164580821991e-05,0.023545341566205025,0.023574963212013245,8.55717808008194e-05,0.0,0.0
1840,backward,0.01110215112566948,1.5310943126678467e-05,0.07004007138311863,0.07005538232624531,8.746050298213959e-05,0.0,0.0
1840,optimizer,0.0012199003249406815,2.9049813747406006e-05,0.0012570526450872421,0.0012861024588346481,2.3892149329185486e-05,0.0007905121892690659,0.00046967901289463043
1841,forward,0.012341910973191261,2.981908619403839e-05,0.02352212183177471,0.02355194091796875,8.726119995117188e-05,0.0,0.0
1841,backward,0.011167110875248909,1.4249235391616821e-05,0.0697779580950737,0.06979220733046532,9.053200483322144e-05,0.0,0.0
1841,optimizer,0.001224171370267868,2.6967376470565796e-05,0.0012581218034029007,0.0012850891798734665,2.4240463972091675e-05,0.0005063284188508987,0.0004697386175394058
1842,forward,0.012342140078544617,3.072991967201233e-05,0.023543450981378555,0.023574180901050568,8.578039705753326e-05,0.0,0.0
1842,backward,0.011151192709803581,1.4560297131538391e-05,0.06957176327705383,0.06958632357418537,8.511170744895935e-05,0.0,0.0
1842,optimizer,0.0012292619794607162,2.871081233024597e-05,0.001260051503777504,0.00128876231610775,2.5210902094841003e-05,0.0004898887127637863,0.0004695374518632889
1843,forward,0.012806547805666924,3.2840296626091003e-05,0.023089881986379623,0.023122722283005714,8.244253695011139e-05,0.0,0.0
1843,backward,0.011098228394985199,1.6668811440467834e-05,0.07010142505168915,0.07011809386312962,8.759275078773499e-05,0.0,0.0
1843,optimizer,0.001233840361237526,2.6907771825790405e-05,0.0012670420110225677,0.0012939497828483582,2.2798776626586914e-05,0.0008861050009727478,0.0004679970443248749
1844,forward,0.012314766645431519,2.9340386390686035e-05,0.023609953001141548,0.023639293387532234,8.45193862915039e-05,0.0,0.0
1844,backward,0.011548306792974472,1.8287450075149536e-05,0.06925542838871479,0.06927371583878994,9.492971003055573e-05,0.0,0.0
1844,optimizer,0.0012165084481239319,2.6460736989974976e-05,0.0012599620968103409,0.0012864228338003159,2.324022352695465e-05,0.0004919096827507019,0.00046803802251815796
1845,forward,0.012265099212527275,3.524310886859894e-05,0.02362893335521221,0.02366417646408081,8.392147719860077e-05,0.0,0.0
1845,backward,0.011105785146355629,1.5560537576675415e-05,0.07005306519567966,0.07006862573325634,9.352900087833405e-05,0.0,0.0
1845,optimizer,0.00121971033513546,2.670101821422577e-05,0.0012541115283966064,0.0012808125466108322,2.4052336812019348e-05,0.0009431075304746628,0.00047101639211177826
1846,forward,0.012365646660327911,3.2182782888412476e-05,0.02352907322347164,0.023561256006360054,7.930025458335876e-05,0.0,0.0
1846,backward,0.011534394696354866,1.5892088413238525e-05,0.06950966455042362,0.06952555663883686,9.135343134403229e-05,0.0,0.0
1846,optimizer,0.0012131836265325546,2.3439526557922363e-05,0.0012496300041675568,0.0012730695307254791,2.2299587726593018e-05,0.0008509643375873566,0.0004751216620206833
1847,forward,0.012329550459980965,3.001280128955841e-05,0.02365090139210224,0.0236809141933918,8.658133447170258e-05,0.0,0.0
1847,backward,0.011203249916434288,1.673959195613861e-05,0.06954142451286316,0.0695581641048193,8.987262845039368e-05,0.0,0.0
1847,optimizer,0.0012488793581724167,2.5428831577301025e-05,0.001260681077837944,0.001286109909415245,2.6660040020942688e-05,0.0004987083375453949,0.0004912577569484711
1848,forward,0.012336639687418938,2.9399991035461426e-05,0.023550961166620255,0.023580361157655716,8.819252252578735e-05,0.0,0.0
1848,backward,0.011225182563066483,1.4651566743850708e-05,0.06996440142393112,0.06997905299067497,9.115971624851227e-05,0.0,0.0
1848,optimizer,0.0012285206466913223,2.928823232650757e-05,0.0012679118663072586,0.0012972000986337662,2.5499612092971802e-05,0.0010201595723628998,0.00046776048839092255
1849,forward,0.01230296865105629,2.972222864627838e-05,0.023606393486261368,0.023636115714907646,8.754990994930267e-05,0.0,0.0
1849,backward,0.011151712387800217,1.4368444681167603e-05,0.06993561051785946,0.06994997896254063,9.148195385932922e-05,0.0,0.0
1849,optimizer,0.0012295916676521301,2.9752030968666077e-05,0.0012574922293424606,0.0012872442603111267,2.6090070605278015e-05,0.0004993472248315811,0.0004681181162595749
1850,forward,0.012328598648309708,2.9189512133598328e-05,0.023561211302876472,0.02359040081501007,8.435174822807312e-05,0.0,0.0
1850,backward,0.011213870719075203,1.4951452612876892e-05,0.06957467645406723,0.06958962790668011,8.937157690525055e-05,0.0,0.0
1850,optimizer,0.001225840300321579,2.8621405363082886e-05,0.0012613814324140549,0.0012900028377771378,2.265162765979767e-05,0.000499475747346878,0.0004967208951711655
1851,forward,0.012306693941354752,2.9159709811210632e-05,0.023588528856635094,0.023617688566446304,8.535943925380707e-05,0.0,0.0
1851,backward,0.011108199134469032,2.3499131202697754e-05,0.07012896239757538,0.07015246152877808,8.756481111049652e-05,0.0,0.0
1851,optimizer,0.001225840300321579,2.9509887099266052e-05,0.001258881762623787,0.001288391649723053,2.3791566491127014e-05,0.0008881930261850357,0.0004722569137811661
1852,forward,0.01237955316901207,3.001280128955841e-05,0.023502379655838013,0.02353239245712757,8.825212717056274e-05,0.0,0.0
1852,backward,0.011205889284610748,1.3610348105430603e-05,0.0698191300034523,0.06983274035155773,8.863210678100586e-05,0.0,0.0
1852,optimizer,0.0011533796787261963,3.0489638447761536e-05,0.0012615714222192764,0.001292061060667038,2.491101622581482e-05,0.0008435044437646866,0.0004678666591644287
1853,forward,0.012555623427033424,3.018975257873535e-05,0.023386958986520767,0.023417148739099503,8.645094931125641e-05,0.0,0.0
1853,backward,0.01115368865430355,1.4290213584899902e-05,0.06980273127555847,0.06981702148914337,8.877180516719818e-05,0.0,0.0
1853,optimizer,0.0012241918593645096,2.9552727937698364e-05,0.0012608524411916733,0.0012904051691293716,2.272985875606537e-05,0.0004987567663192749,0.00047534704208374023
1854,forward,0.012719297781586647,2.8429552912712097e-05,0.02313724160194397,0.023165671154856682,8.165277540683746e-05,0.0,0.0
1854,backward,0.011181743815541267,1.730024814605713e-05,0.06966783478856087,0.06968513503670692,9.208172559738159e-05,0.0,0.0
1854,optimizer,0.0011659283190965652,2.5410205125808716e-05,0.0012659728527069092,0.001291383057832718,2.3709610104560852e-05,0.0004914086312055588,0.0004637986421585083
1855,forward,0.012450093403458595,2.948753535747528e-05,0.02344457060098648,0.023474058136343956,8.328258991241455e-05,0.0,0.0
1855,backward,0.01109916903078556,1.8071383237838745e-05,0.06998762115836143,0.07000569254159927,9.25213098526001e-05,0.0,0.0
1855,optimizer,0.0012440439313650131,2.690032124519348e-05,0.0012618396431207657,0.0012887399643659592,2.6771798729896545e-05,0.0004918389022350311,0.00046862848103046417
1856,forward,0.012411700561642647,2.7807429432868958e-05,0.023523231968283653,0.023551039397716522,8.76113772392273e-05,0.0,0.0
1856,backward,0.011197434738278389,1.416727900505066e-05,0.06961409375071526,0.0696282610297203,9.110011160373688e-05,0.0,0.0
1856,optimizer,0.001233171671628952,2.8969720005989075e-05,0.001258479431271553,0.0012874491512775421,2.724677324295044e-05,0.0005005877465009689,0.0004705078899860382
1857,forward,0.012387804687023163,2.9882416129112244e-05,0.02347578853368759,0.023505670949816704,8.6931511759758e-05,0.0,0.0
1857,backward,0.01117200031876564,1.4711171388626099e-05,0.06986537016928196,0.06988008134067059,9.40617173910141e-05,0.0,0.0
1857,optimizer,0.0012284517288208008,2.802908420562744e-05,0.0012608915567398071,0.0012889206409454346,2.3327767848968506e-05,0.0009915269911289215,0.0004753079265356064
1858,forward,0.012463696300983429,3.007054328918457e-05,0.023502957075834274,0.02353302761912346,8.520111441612244e-05,0.0,0.0
1858,backward,0.011197783052921295,1.5169382095336914e-05,0.0695636235177517,0.06957879289984703,9.219162166118622e-05,0.0,0.0
1858,optimizer,0.00116037018597126,2.6419758796691895e-05,0.0012572016566991806,0.0012836214154958725,2.3068860173225403e-05,0.0004989504814147949,0.0004696287214756012
1859,forward,0.012377411127090454,2.7699396014213562e-05,0.023476509377360344,0.023504208773374557,8.594058454036713e-05,0.0,0.0
1859,backward,0.011138210073113441,1.659989356994629e-05,0.06976461783051491,0.06978121772408485,8.744187653064728e-05,0.0,0.0
1859,optimizer,0.0012441407889127731,2.9481947422027588e-05,0.0012562107294797897,0.0012856926769018173,2.606026828289032e-05,0.00048555806279182434,0.00046883709728717804
1860,forward,0.012406611815094948,2.79303640127182e-05,0.023469699546694756,0.023497629910707474,8.443184196949005e-05,0.0,0.0
1860,backward,0.011128157377243042,1.6652047634124756e-05,0.07010107487440109,0.07011772692203522,9.139254689216614e-05,0.0,0.0
1860,optimizer,0.00122150219976902,2.7220696210861206e-05,0.0012604612857103348,0.001287681981921196,2.321973443031311e-05,0.0008836761116981506,0.00047438032925128937
1861,forward,0.012376591563224792,3.2840296626091003e-05,0.023516910150647163,0.023549750447273254,8.79727303981781e-05,0.0,0.0
1861,backward,0.01115858182311058,1.524016261100769e-05,0.06959368474781513,0.06960892491042614,8.873268961906433e-05,0.0,0.0
1861,optimizer,0.0012234803289175034,2.9090791940689087e-05,0.0012571215629577637,0.0012862123548984528,2.3659318685531616e-05,0.0005377493798732758,0.00046560727059841156
1862,forward,0.012410221621394157,2.9560178518295288e-05,0.0234842486679554,0.023513808846473694,8.404254913330078e-05,0.0,0.0
1862,backward,0.011174652725458145,1.677870750427246e-05,0.0699759591370821,0.06999273784458637,8.703209459781647e-05,0.0,0.0
1862,optimizer,0.0012019630521535873,2.6050955057144165e-05,0.0012606196105480194,0.0012866705656051636,2.4180859327316284e-05,0.0006793458014726639,0.00046856701374053955
1863,forward,0.012324128299951553,3.1299889087677e-05,0.023559411987662315,0.023590711876749992,8.345954120159149e-05,0.0,0.0
1863,backward,0.01110037975013256,1.85500830411911e-05,0.06987648829817772,0.06989503838121891,9.245052933692932e-05,0.0,0.0
1863,optimizer,0.0009560491889715195,2.9282644391059875e-05,0.0012595001608133316,0.0012887828052043915,2.5190412998199463e-05,0.005122756585478783,0.0004704277962446213
1864,forward,0.012332597747445107,2.886168658733368e-05,0.023559363558888435,0.02358822524547577,8.383207023143768e-05,0.0,0.0
1864,backward,0.011429104954004288,1.6110017895698547e-05,0.06950558349490166,0.06952169351279736,9.050965309143066e-05,0.0,0.0
1864,optimizer,0.0012196414172649384,2.5948509573936462e-05,0.001260543242096901,0.0012864917516708374,2.6712194085121155e-05,0.0004922188818454742,0.0004700366407632828
1865,forward,0.01232076808810234,3.051944077014923e-05,0.023574741557240486,0.023605260998010635,8.657947182655334e-05,0.0,0.0
1865,backward,0.01118353009223938,1.3811513781547546e-05,0.06988783925771713,0.06990165077149868,9.079277515411377e-05,0.0,0.0
1865,optimizer,0.001239018514752388,2.7779489755630493e-05,0.0012609735131263733,0.0012887530028820038,2.5192275643348694e-05,0.0008141249418258667,0.00047335587441921234
1866,forward,0.012369459494948387,2.9793009161949158e-05,0.02358403243124485,0.0236138254404068,9.67215746641159e-05,0.0,0.0
1866,backward,0.011353202164173126,4.384852945804596e-05,0.06949694454669952,0.06954079307615757,9.058229625225067e-05,0.0,0.0
1866,optimizer,0.0012930426746606827,2.6891008019447327e-05,0.0012517105787992477,0.001278601586818695,2.6280060410499573e-05,0.0004918184131383896,0.0004982594400644302
1867,forward,0.01241048239171505,2.859160304069519e-05,0.023476969450712204,0.0235055610537529,8.666142821311951e-05,0.0,0.0
1867,backward,0.011126955971121788,1.5418976545333862e-05,0.06989453174173832,0.06990995071828365,8.842349052429199e-05,0.0,0.0
1867,optimizer,0.0012469589710235596,2.90796160697937e-05,0.001263584941625595,0.0012926645576953888,2.582743763923645e-05,0.0009039044380187988,0.0004653576761484146
1868,forward,0.01241585984826088,3.141909837722778e-05,0.0235461313277483,0.023577550426125526,9.070895612239838e-05,0.0,0.0
1868,backward,0.011145409196615219,1.5020370483398438e-05,0.06975036859512329,0.06976538896560669,9.149126708507538e-05,0.0,0.0
1868,optimizer,0.0012153591960668564,2.793222665786743e-05,0.0012634117156267166,0.001291343942284584,2.5371089577674866e-05,0.000510387122631073,0.00047048740088939667
1869,forward,0.012367157265543938,2.942979335784912e-05,0.02354179136455059,0.02357122115790844,8.494965732097626e-05,0.0,0.0
1869,backward,0.011161532253026962,1.348927617073059e-05,0.06989750824868679,0.06991099752485752,8.829310536384583e-05,0.0,0.0
1869,optimizer,0.001227300614118576,2.7550384402275085e-05,0.0012621600180864334,0.0012897104024887085,2.5311484932899475e-05,0.0008720364421606064,0.00046946853399276733
1870,forward,0.012319229543209076,2.9549002647399902e-05,0.023607153445482254,0.023636702448129654,8.44411551952362e-05,0.0,0.0
1870,backward,0.011121110990643501,1.6888603568077087e-05,0.06969816610217094,0.06971505470573902,8.470192551612854e-05,0.0,0.0
1870,optimizer,0.0012453217059373856,2.861209213733673e-05,0.0012564416974782944,0.001285053789615631,2.676062285900116e-05,0.0004916489124298096,0.00048106908798217773
1871,forward,0.012299509719014168,2.896040678024292e-05,0.02360399253666401,0.023632952943444252,8.771941065788269e-05,0.0,0.0
1871,backward,0.011159274727106094,1.4819204807281494e-05,0.07009613700211048,0.07011095620691776,8.917227387428284e-05,0.0,0.0
1871,optimizer,0.001164909452199936,2.8012320399284363e-05,0.0012627914547920227,0.001290803775191307,2.559088170528412e-05,0.0008518528193235397,0.00047356821596622467
1872,forward,0.012471623718738556,3.104843199253082e-05,0.02340821735560894,0.02343926578760147,8.557923138141632e-05,0.0,0.0
1872,backward,0.011206869035959244,1.4699995517730713e-05,0.06966884806752205,0.06968354806303978,8.926168084144592e-05,0.0,0.0
1872,optimizer,0.0011668838560581207,4.0298327803611755e-05,0.0012616198509931564,0.0013019181787967682,2.355314791202545e-05,0.0004980675876140594,0.000468667596578598
1873,forward,0.012400900945067406,2.8351321816444397e-05,0.023489300161600113,0.023517651483416557,8.241087198257446e-05,0.0,0.0
1873,backward,0.011183520779013634,1.625344157218933e-05,0.06995487958192825,0.06997113302350044,9.542331099510193e-05,0.0,0.0
1873,optimizer,0.001163499429821968,2.6380643248558044e-05,0.0012560896575450897,0.0012824703007936478,2.6170164346694946e-05,0.0007783640176057816,0.0004750397056341171
1874,forward,0.012403752654790878,3.04393470287323e-05,0.023518452420830727,0.02354889176785946,8.394010365009308e-05,0.0,0.0
1874,backward,0.011191902682185173,1.8473714590072632e-05,0.06958713382482529,0.06960560753941536,9.187310934066772e-05,0.0,0.0
1874,optimizer,0.0011547505855560303,2.5540590286254883e-05,0.0012665018439292908,0.0012920424342155457,2.6341527700424194e-05,0.0004914086312055588,0.0004728492349386215
1875,forward,0.012396398931741714,2.9100105166435242e-05,0.023511052131652832,0.023540152236819267,8.618831634521484e-05,0.0,0.0
1875,backward,0.0112106092274189,1.5469267964363098e-05,0.07006487436592579,0.07008034363389015,9.370222687721252e-05,0.0,0.0
1875,optimizer,0.0012333337217569351,2.4508684873580933e-05,0.0012582894414663315,0.0012827981263399124,2.3039057850837708e-05,0.000961916521191597,0.0004676785320043564
1876,forward,0.012419413775205612,3.226287662982941e-05,0.023463597521185875,0.023495860397815704,8.648261427879333e-05,0.0,0.0
1876,backward,0.011164259165525436,1.4252960681915283e-05,0.06986095942556858,0.0698752123862505,9.262934327125549e-05,0.0,0.0
1876,optimizer,0.001231921836733818,2.539902925491333e-05,0.001263052225112915,0.0012884512543678284,2.5680288672447205e-05,0.0008681062608957291,0.0004838407039642334
1877,forward,0.012668345123529434,3.106333315372467e-05,0.023296698927879333,0.023327762261033058,8.705072104930878e-05,0.0,0.0
1877,backward,0.01138387992978096,1.8190592527389526e-05,0.06957905553281307,0.06959724612534046,9.172037243843079e-05,0.0,0.0
1877,optimizer,0.0012533310800790787,2.73287296295166e-05,0.001266011968255043,0.0012933406978845596,2.63117253780365e-05,0.0004929080605506897,0.0004730168730020523
1878,forward,0.01236804760992527,2.92900949716568e-05,0.023506280034780502,0.02353557012975216,9.512342512607574e-05,0.0,0.0
1878,backward,0.011150319129228592,1.673959195613861e-05,0.06965557672083378,0.06967231631278992,9.009242057800293e-05,0.0,0.0
1878,optimizer,0.0012164469808340073,2.8679147362709045e-05,0.001259172335267067,0.001287851482629776,2.310052514076233e-05,0.000504661351442337,0.0004717782139778137
1879,forward,0.012376518920063972,2.8839334845542908e-05,0.023503100499510765,0.023531939834356308,8.767098188400269e-05,0.0,0.0
1879,backward,0.011247092857956886,1.485086977481842e-05,0.06989868730306625,0.06991353817284107,9.290128946304321e-05,0.0,0.0
1879,optimizer,0.0011786408722400665,2.884119749069214e-05,0.0012455098330974579,0.00127435103058815,2.5112181901931763e-05,0.0008165240287780762,0.00047064758837223053
1880,forward,0.012368837371468544,3.189966082572937e-05,0.02357012778520584,0.02360202744603157,8.715316653251648e-05,0.0,0.0
1880,backward,0.01118452288210392,1.4407560229301453e-05,0.06977321766316891,0.06978762522339821,8.139200508594513e-05,0.0,0.0
1880,optimizer,0.0011568069458007812,3.100186586380005e-05,0.0012618321925401688,0.0012928340584039688,2.4750828742980957e-05,0.0004971195012331009,0.00044600851833820343
1881,forward,0.01239791139960289,2.946332097053528e-05,0.023516539484262466,0.023546002805233,8.53613018989563e-05,0.0,0.0
1881,backward,0.011193593963980675,1.7100945115089417e-05,0.07009528204798698,0.07011238299310207,8.738040924072266e-05,0.0,0.0
1881,optimizer,0.0011774823069572449,2.8992071747779846e-05,0.0012654606252908707,0.0012944526970386505,2.388283610343933e-05,0.0007938016206026077,0.00047558918595314026
1882,forward,0.012452155351638794,2.8500333428382874e-05,0.023426206782460213,0.023454707115888596,8.36830586194992e-05,0.0,0.0
1882,backward,0.011150835081934929,1.8088147044181824e-05,0.06978090107440948,0.06979898922145367,8.823908865451813e-05,0.0,0.0
1882,optimizer,0.001161079853773117,2.830103039741516e-05,0.001260172575712204,0.0012884736061096191,2.530030906200409e-05,0.0004903748631477356,0.000468667596578598
1883,forward,0.012414634227752686,2.866983413696289e-05,0.023516599088907242,0.023545268923044205,8.545070886611938e-05,0.0,0.0
1883,backward,0.011158622801303864,1.601874828338623e-05,0.06987540796399117,0.06989142671227455,9.164027869701385e-05,0.0,0.0
1883,optimizer,0.0011513587087392807,2.5052577257156372e-05,0.0012645814567804337,0.00128963403403759,2.5199726223945618e-05,0.005118988454341888,0.0004775281995534897
1884,forward,0.01236410066485405,3.203190863132477e-05,0.02353903092443943,0.023571062833070755,8.467026054859161e-05,0.0,0.0
1884,backward,0.01116991974413395,1.656077802181244e-05,0.06966033577919006,0.06967689655721188,9.340047836303711e-05,0.0,0.0
1884,optimizer,0.001156376674771309,2.6028603315353394e-05,0.0012559033930301666,0.00128193199634552,2.2759661078453064e-05,0.0006026998162269592,0.00046999938786029816
1885,forward,0.012404881417751312,3.1478703022003174e-05,0.02349662221968174,0.023528100922703743,8.757971227169037e-05,0.0,0.0
1885,backward,0.011142419651150703,1.5506520867347717e-05,0.06977738812565804,0.06979289464652538,0.00011855177581310272,0.0,0.0
1885,optimizer,0.001224299892783165,2.7820467948913574e-05,0.001260681077837944,0.0012885015457868576,2.8949230909347534e-05,0.0004922691732645035,0.000468594953417778
1886,forward,0.012335298582911491,2.9142946004867554e-05,0.023559942841529846,0.023589085787534714,8.888170123100281e-05,0.0,0.0
1886,backward,0.0111001618206501,1.520104706287384e-05,0.06965223513543606,0.06966743618249893,9.115226566791534e-05,0.0,0.0
1886,optimizer,0.001221509650349617,2.954155206680298e-05,0.0012598223984241486,0.0012893639504909515,2.5659799575805664e-05,0.0004920680075883865,0.00048659928143024445
1887,forward,0.012384140864014626,3.1050294637680054e-05,0.02354714274406433,0.02357819303870201,8.804164826869965e-05,0.0,0.0
1887,backward,0.011207951232790947,1.3899058103561401e-05,0.06998858042061329,0.07000247947871685,9.346194565296173e-05,0.0,0.0
1887,optimizer,0.0011631138622760773,3.0059367418289185e-05,0.0012564901262521744,0.0012865494936704636,2.573244273662567e-05,0.0005013681948184967,0.0004704780876636505
1888,forward,0.012458182871341705,2.927146852016449e-05,0.023454729467630386,0.02348400093615055,8.434057235717773e-05,0.0,0.0
1888,backward,0.011205889284610748,1.5249475836753845e-05,0.06959181651473045,0.06960706599056721,9.23648476600647e-05,0.0,0.0
1888,optimizer,0.0011565089225769043,2.6348978281021118e-05,0.001261802390217781,0.0012881513684988022,2.572871744632721e-05,0.0004996377974748611,0.00046954862773418427
1889,forward,0.012395370751619339,2.9960647225379944e-05,0.02352168969810009,0.02355165034532547,8.411146700382233e-05,0.0,0.0
1889,backward,0.011108675971627235,1.6979873180389404e-05,0.07010539621114731,0.0701223760843277,8.781254291534424e-05,0.0,0.0
1889,optimizer,0.0015564169734716415,2.874806523323059e-05,0.0012587513774633408,0.0012874994426965714,2.88989394903183e-05,0.0005132481455802917,0.0004657674580812454
1890,forward,0.012359067797660828,2.9010698199272156e-05,0.023500001057982445,0.023529011756181717,8.75033438205719e-05,0.0,0.0
1890,backward,0.011125506833195686,1.4347955584526062e-05,0.06978108920156956,0.06979543715715408,8.9230015873909e-05,0.0,0.0
1890,optimizer,0.0012290999293327332,2.816133201122284e-05,0.0012659523636102676,0.0012941136956214905,2.2688880562782288e-05,0.0004910081624984741,0.00046795979142189026
1891,forward,0.012730514630675316,3.057904541492462e-05,0.023176265880465508,0.023206844925880432,8.597224950790405e-05,0.0,0.0
1891,backward,0.0111746396869421,1.6570091247558594e-05,0.07009193301200867,0.07010850310325623,8.757226169109344e-05,0.0,0.0
1891,optimizer,0.0011613890528678894,2.9889866709709167e-05,0.001267882063984871,0.00129777193069458,2.3350119590759277e-05,0.0008147545158863068,0.00047943927347660065
1892,forward,0.012378841638565063,2.829916775226593e-05,0.02355267107486725,0.023580970242619514,8.195079863071442e-05,0.0,0.0
1892,backward,0.011171551421284676,1.6847625374794006e-05,0.06978974863886833,0.06980659626424313,8.947029709815979e-05,0.0,0.0
1892,optimizer,0.0011657718569040298,2.6570633053779602e-05,0.0012661516666412354,0.001292722299695015,2.6341527700424194e-05,0.0004931166768074036,0.0004647597670555115
1893,forward,0.012382103130221367,2.973899245262146e-05,0.023509368300437927,0.02353910729289055,8.349306881427765e-05,0.0,0.0
1893,backward,0.011096665635704994,1.8259510397911072e-05,0.06980890035629272,0.06982715986669064,9.023025631904602e-05,0.0,0.0
1893,optimizer,0.0012218784540891647,3.7962570786476135e-05,0.0012596026062965393,0.0012975651770830154,2.4570152163505554e-05,0.0005003102123737335,0.0004749409854412079
1894,forward,0.012307364493608475,2.977997064590454e-05,0.023571278899908066,0.02360105887055397,8.845143020153046e-05,0.0,0.0
1894,backward,0.01115431822836399,1.4042481780052185e-05,0.06975144892930984,0.0697654914110899,9.144097566604614e-05,0.0,0.0
1894,optimizer,0.001224219799041748,2.6030465960502625e-05,0.0012593511492013931,0.0012853816151618958,2.551265060901642e-05,0.0005064569413661957,0.0004705376923084259
1895,forward,0.012343296781182289,3.129057586193085e-05,0.02353215217590332,0.02356344275176525,8.581019937992096e-05,0.0,0.0
1895,backward,0.011232931166887283,1.3392418622970581e-05,0.06989149004220963,0.0699048824608326,9.27317887544632e-05,0.0,0.0
1895,optimizer,0.0011700261384248734,2.8001144528388977e-05,0.0012713633477687836,0.0012993644922971725,2.3500993847846985e-05,0.0007987618446350098,0.00047061964869499207
1896,forward,0.012254200875759125,2.954155206680298e-05,0.023609571158885956,0.02363911271095276,8.512288331985474e-05,0.0,0.0
1896,backward,0.011157497763633728,1.4612451195716858e-05,0.0698305107653141,0.06984512321650982,9.413063526153564e-05,0.0,0.0
1896,optimizer,0.0012283101677894592,2.7740374207496643e-05,0.0012620016932487488,0.0012897420674562454,2.5119632482528687e-05,0.0004998892545700073,0.00047267600893974304
1897,forward,0.012741437181830406,2.794712781906128e-05,0.023182863369584084,0.023210810497403145,8.610077202320099e-05,0.0,0.0
1897,backward,0.011167259886860847,1.6909092664718628e-05,0.06962964497506618,0.0696465540677309,8.77920538187027e-05,0.0,0.0
1897,optimizer,0.0012283418327569962,2.817995846271515e-05,0.0012617520987987518,0.001289932057261467,2.581067383289337e-05,0.0005001481622457504,0.00047102756798267365
1898,forward,0.01234418898820877,2.8971582651138306e-05,0.02350631169974804,0.023535283282399178,8.887238800525665e-05,0.0,0.0
1898,backward,0.011218488216400146,1.605972647666931e-05,0.06990103237330914,0.0699170920997858,9.099207818508148e-05,0.0,0.0
1898,optimizer,0.001165531575679779,2.8058886528015137e-05,0.001258431002497673,0.0012864898890256882,2.5160610675811768e-05,0.0004929285496473312,0.0004746895283460617
1899,forward,0.012346548959612846,3.1288713216781616e-05,0.0235538799315691,0.02358516864478588,8.70637595653534e-05,0.0,0.0
1899,backward,0.011196879670023918,1.5020370483398438e-05,0.0698554702103138,0.0698704905807972,8.65831971168518e-05,0.0,0.0
1899,optimizer,0.001161433756351471,2.7701258659362793e-05,0.0012583192437887192,0.001286020502448082,2.5229528546333313e-05,0.0009768474847078323,0.00048089586198329926
1900,forward,0.012387944385409355,3.0467286705970764e-05,0.02353696897625923,0.023567436262965202,8.661113679409027e-05,0.0,0.0
1900,backward,0.011181579902768135,1.615099608898163e-05,0.06956324353814125,0.06957939453423023,8.703209459781647e-05,0.0,0.0
1900,optimizer,0.001152828335762024,2.625212073326111e-05,0.0012588221579790115,0.0012850742787122726,2.6071444153785706e-05,0.0004987698048353195,0.0004684682935476303
1901,forward,0.01238924078643322,2.8720125555992126e-05,0.023435959592461586,0.023464679718017578,8.291192352771759e-05,0.0,0.0
1901,backward,0.011086110025644302,1.6439706087112427e-05,0.06990393064916134,0.06992037035524845,8.821114897727966e-05,0.0,0.0
1901,optimizer,0.001239566132426262,2.850964665412903e-05,0.00125209242105484,0.0012806020677089691,2.351216971874237e-05,0.0008884463459253311,0.00046863779425621033
1902,forward,0.01229388639330864,2.96812504529953e-05,0.02361428365111351,0.023643964901566505,8.427910506725311e-05,0.0,0.0
1902,backward,0.011170679703354836,1.5459954738616943e-05,0.06986531987786293,0.06988077983260155,9.275227785110474e-05,0.0,0.0
1902,optimizer,0.0012142471969127655,2.497062087059021e-05,0.0012579131871461868,0.001282883808016777,2.568960189819336e-05,0.0006887614727020264,0.00047369860112667084
1903,forward,0.01234377920627594,3.213062882423401e-05,0.023529980331659317,0.02356211096048355,8.340366184711456e-05,0.0,0.0
1903,backward,0.011199550703167915,1.59386545419693e-05,0.06977995671331882,0.0697958953678608,9.15229320526123e-05,0.0,0.0
1903,optimizer,0.0012294314801692963,2.5112181901931763e-05,0.0012582000344991684,0.0012833122164011002,2.4860724806785583e-05,0.0008430946618318558,0.0004722774028778076
1904,forward,0.012327181175351143,2.9848888516426086e-05,0.023554019629955292,0.023583868518471718,8.389167487621307e-05,0.0,0.0
1904,backward,0.011188048869371414,1.8328428268432617e-05,0.06998316198587418,0.07000149041414261,9.335950016975403e-05,0.0,0.0
1904,optimizer,0.0011697188019752502,2.6442110538482666e-05,0.0012621302157640457,0.0012885723263025284,2.2999942302703857e-05,0.0009791050106287003,0.00047218799591064453
1905,forward,0.012333780527114868,2.8189271688461304e-05,0.023609783500432968,0.02363797277212143,8.854083716869354e-05,0.0,0.0
1905,backward,0.01118142157793045,1.5661120414733887e-05,0.069688456133008,0.06970411725342274,8.78404825925827e-05,0.0,0.0
1905,optimizer,0.0011615678668022156,3.038160502910614e-05,0.0012633129954338074,0.0012936946004629135,2.4927780032157898e-05,0.0004921499639749527,0.0004687383770942688
1906,forward,0.01227680966258049,2.9129907488822937e-05,0.023658981546759605,0.02368811145424843,8.704140782356262e-05,0.0,0.0
1906,backward,0.011160029098391533,1.3861805200576782e-05,0.06971371918916702,0.0697275809943676,8.828192949295044e-05,0.0,0.0
1906,optimizer,0.0012143198400735855,2.790987491607666e-05,0.0012612324208021164,0.001289142295718193,2.619996666908264e-05,0.0004933271557092667,0.00047295913100242615
1907,forward,0.0123643409460783,3.0800700187683105e-05,0.023494640365242958,0.02352544106543064,8.568167686462402e-05,0.0,0.0
1907,backward,0.011144232004880905,1.4668330550193787e-05,0.06996919959783554,0.06998386792838573,8.95913690328598e-05,0.0,0.0
1907,optimizer,0.0012276675552129745,3.024749457836151e-05,0.001262793317437172,0.0012930408120155334,2.4920329451560974e-05,0.0004995781928300858,0.0004691891372203827
1908,forward,0.012344570830464363,2.934969961643219e-05,0.02355751022696495,0.023586859926581383,8.442439138889313e-05,0.0,0.0
1908,backward,0.011155439540743828,1.6352161765098572e-05,0.06980663910508156,0.06982299126684666,8.519180119037628e-05,0.0,0.0
1908,optimizer,0.0011666212230920792,2.6380643248558044e-05,0.0012548603117465973,0.0012812409549951553,2.4219974875450134e-05,0.000829676166176796,0.00047025643289089203
1909,forward,0.012335658073425293,2.880208194255829e-05,0.02361033298075199,0.02363913506269455,8.518248796463013e-05,0.0,0.0
1909,backward,0.01113550178706646,1.6730278730392456e-05,0.06960348412394524,0.06962021440267563,8.784979581832886e-05,0.0,0.0
1909,optimizer,0.001244470477104187,2.787075936794281e-05,0.0012610908597707748,0.0012889616191387177,2.619996666908264e-05,0.0004990566521883011,0.00046330876648426056
1910,forward,0.0123772993683815,3.0312687158584595e-05,0.02348988875746727,0.023520201444625854,8.460506796836853e-05,0.0,0.0
1910,backward,0.011153869330883026,1.6180798411369324e-05,0.06989243067800999,0.06990861147642136,8.668936789035797e-05,0.0,0.0
1910,optimizer,0.001215863972902298,2.8930604457855225e-05,0.0012603402137756348,0.00128927081823349,2.5171786546707153e-05,0.0008062627166509628,0.00046478956937789917
1911,forward,0.012288728728890419,3.059953451156616e-05,0.023582791909575462,0.02361339144408703,8.149072527885437e-05,0.0,0.0
1911,backward,0.011147819459438324,1.545064151287079e-05,0.07003054209053516,0.07004599273204803,9.164214134216309e-05,0.0,0.0
1911,optimizer,0.0012435410171747208,2.5492161512374878e-05,0.0012584608048200607,0.0012839529663324356,2.7259811758995056e-05,0.0004918687045574188,0.00047278963029384613
1912,forward,0.01258474588394165,2.9690563678741455e-05,0.023338166996836662,0.023367857560515404,8.692219853401184e-05,0.0,0.0
1912,backward,0.011144232004880905,1.7739832401275635e-05,0.06964007392525673,0.069657813757658,9.151175618171692e-05,0.0,0.0
1912,optimizer,0.0012333523482084274,2.3873522877693176e-05,0.0012621916830539703,0.0012860652059316635,2.487190067768097e-05,0.0005281399935483932,0.0004696883261203766
1913,forward,0.012390552088618279,2.997182309627533e-05,0.02351737953722477,0.023547351360321045,8.814968168735504e-05,0.0,0.0
1913,backward,0.01112004742026329,1.5478581190109253e-05,0.07002557255327702,0.07004105113446712,9.146891534328461e-05,0.0,0.0
1913,optimizer,0.0012168493121862411,2.974085509777069e-05,0.0012581627815961838,0.0012879036366939545,2.386048436164856e-05,0.0009289141744375229,0.00046714767813682556
1914,forward,0.012321392074227333,3.2043084502220154e-05,0.023602239787578583,0.023634282872080803,0.00010907277464866638,0.0,0.0
1914,backward,0.012840928509831429,4.1952356696128845e-05,0.06829417124390602,0.06833612360060215,9.34898853302002e-05,0.0,0.0
1914,optimizer,0.0014115143567323685,2.847239375114441e-05,0.0011860691010951996,0.001214541494846344,2.4819746613502502e-05,0.0008981246501207352,0.0004941988736391068
1915,forward,0.01285071112215519,3.0430033802986145e-05,0.023138264194130898,0.023168694227933884,8.441135287284851e-05,0.0,0.0
1915,backward,0.01117108203470707,1.415051519870758e-05,0.06971733458340168,0.06973148509860039,9.192340075969696e-05,0.0,0.0
1915,optimizer,0.0012264829128980637,2.7708709239959717e-05,0.001262471079826355,0.0012901797890663147,2.3212283849716187e-05,0.0004927609115839005,0.0004683472216129303
1916,forward,0.012271856889128685,2.8481706976890564e-05,0.023652132600545883,0.023680614307522774,8.597224950790405e-05,0.0,0.0
1916,backward,0.011141669005155563,1.6359612345695496e-05,0.06978454813361168,0.06980090774595737,8.87010246515274e-05,0.0,0.0
1916,optimizer,0.0012388527393341064,2.672150731086731e-05,0.0012633726000785828,0.00129009410738945,2.378039062023163e-05,0.0004854779690504074,0.0004693586379289627
1917,forward,0.012327013537287712,2.7470290660858154e-05,0.02357170730829239,0.023599177598953247,8.448027074337006e-05,0.0,0.0
1917,backward,0.011137060821056366,1.5562400221824646e-05,0.06989764049649239,0.06991320289671421,8.831918239593506e-05,0.0,0.0
1917,optimizer,0.0012289118021726608,2.787075936794281e-05,0.0012565720826387405,0.0012844428420066833,2.5430694222450256e-05,0.0009369682520627975,0.00046619586646556854
1918,forward,0.012322651222348213,3.128126263618469e-05,0.02361879125237465,0.023650072515010834,8.671358227729797e-05,0.0,0.0
1918,backward,0.011151749640703201,1.5867874026298523e-05,0.06974310800433159,0.06975897587835789,9.222142398357391e-05,0.0,0.0
1918,optimizer,0.0012219008058309555,2.8431415557861328e-05,0.0012571122497320175,0.0012855436652898788,2.271123230457306e-05,0.0005005206912755966,0.0004677772521972656
1919,forward,0.012366218492388725,2.926960587501526e-05,0.023549281060695648,0.023578550666570663,8.131004869937897e-05,0.0,0.0
1919,backward,0.011163808405399323,1.623108983039856e-05,0.07009968347847462,0.07011591456830502,8.597970008850098e-05,0.0,0.0
1919,optimizer,0.001219090074300766,2.740137279033661e-05,0.0012573320418596268,0.0012847334146499634,2.581067383289337e-05,0.0009217653423547745,0.00047125667333602905
1920,forward,0.01237373985350132,2.8468668460845947e-05,0.023525431752204895,0.02355390042066574,8.138827979564667e-05,0.0,0.0
1920,backward,0.011180432513356209,1.7132610082626343e-05,0.06956673413515091,0.06958386674523354,9.19494777917862e-05,0.0,0.0
1920,optimizer,0.0012557432055473328,2.311915159225464e-05,0.0012574121356010437,0.0012805312871932983,2.469867467880249e-05,0.0004923399537801743,0.0004710182547569275
1921,forward,0.012300658971071243,2.904050052165985e-05,0.023580150678753853,0.023609191179275513,8.207187056541443e-05,0.0,0.0
1921,backward,0.011148037388920784,1.6462057828903198e-05,0.07010816410183907,0.07012462615966797,9.259209036827087e-05,0.0,0.0
1921,optimizer,0.0009541232138872147,2.717040479183197e-05,0.0012545827776193619,0.0012817531824111938,2.455897629261017e-05,0.000733083114027977,0.00046928785741329193
1922,forward,0.012324798852205276,3.05715948343277e-05,0.023625902831554413,0.02365647442638874,8.864142000675201e-05,0.0,0.0
1922,backward,0.011198420077562332,1.4478340744972229e-05,0.06964247487485409,0.06965695321559906,9.257160127162933e-05,0.0,0.0
1922,optimizer,0.0012280214577913284,2.747960388660431e-05,0.0012635905295610428,0.001291070133447647,2.3500993847846985e-05,0.0004903674125671387,0.00048159994184970856
1923,forward,0.012322349473834038,3.1070783734321594e-05,0.02352824993431568,0.023559320718050003,8.577108383178711e-05,0.0,0.0
1923,backward,0.011148219928145409,1.4932826161384583e-05,0.069877028465271,0.06989196129143238,8.95429402589798e-05,0.0,0.0
1923,optimizer,0.001224573701620102,2.8712674975395203e-05,0.0012630503624677658,0.001291763037443161,2.4959444999694824e-05,0.0008366834372282028,0.0004656892269849777
1924,forward,0.012339599430561066,2.902001142501831e-05,0.02352975122630596,0.02355877123773098,8.903071284294128e-05,0.0,0.0
1924,backward,0.011181952431797981,1.629255712032318e-05,0.06991557963192463,0.06993187218904495,8.65105539560318e-05,0.0,0.0
1924,optimizer,0.001255834475159645,2.905912697315216e-05,0.0012645106762647629,0.001293569803237915,2.690032124519348e-05,0.0004991982132196426,0.00046669505536556244
1925,forward,0.012317568063735962,2.7220696210861206e-05,0.02360406145453453,0.023631282150745392,8.991174399852753e-05,0.0,0.0
1925,backward,0.011152531951665878,1.6050413250923157e-05,0.06960315257310867,0.0696192029863596,9.020231664180756e-05,0.0,0.0
1925,optimizer,0.0012249425053596497,3.7319958209991455e-05,0.0012580100446939468,0.0012953300029039383,2.4400651454925537e-05,0.0004956088960170746,0.0004757978022098541
1926,forward,0.012288397178053856,3.132037818431854e-05,0.02360883168876171,0.02364015206694603,8.391216397285461e-05,0.0,0.0
1926,backward,0.011145679280161858,1.673959195613861e-05,0.06994425319135189,0.06996099278330803,8.972175419330597e-05,0.0,0.0
1926,optimizer,0.0012177396565675735,2.8118491172790527e-05,0.0012618526816368103,0.0012899711728096008,2.4789944291114807e-05,0.0004904679954051971,0.00047280825674533844
1927,forward,0.012486174702644348,3.199093043804169e-05,0.023441219702363014,0.023473210632801056,8.584000170230865e-05,0.0,0.0
1927,backward,0.011182058602571487,1.4627352356910706e-05,0.06958665512502193,0.06960128247737885,8.567981421947479e-05,0.0,0.0
1927,optimizer,0.001211034134030342,2.6810914278030396e-05,0.0012614000588655472,0.0012882109731435776,2.4359673261642456e-05,0.0005033612251281738,0.0004692617803812027
1928,forward,0.012300428003072739,3.097020089626312e-05,0.02358771301805973,0.023618683218955994,8.382275700569153e-05,0.0,0.0
1928,backward,0.011135956272482872,1.8319115042686462e-05,0.07012013532221317,0.07013845443725586,9.466893970966339e-05,0.0,0.0
1928,optimizer,0.0012576822191476822,2.413056790828705e-05,0.0012602508068084717,0.0012843813747167587,2.6261433959007263e-05,0.0008065942674875259,0.00046590715646743774
1929,forward,0.012384828180074692,2.9908493161201477e-05,0.023533442988991737,0.02356335148215294,8.298084139823914e-05,0.0,0.0
1929,backward,0.011147759854793549,1.6568228602409363e-05,0.0696585550904274,0.06967512331902981,9.139254689216614e-05,0.0,0.0
1929,optimizer,0.0012229830026626587,2.5909394025802612e-05,0.001265600323677063,0.0012915097177028656,2.386234700679779e-05,0.0004926677793264389,0.00047857873141765594
1930,forward,0.01239757053554058,4.153139889240265e-05,0.023526592180132866,0.02356812357902527,8.224323391914368e-05,0.0,0.0
1930,backward,0.01131558045744896,1.6748905181884766e-05,0.06987007148563862,0.0698868203908205,9.332224726676941e-05,0.0,0.0
1930,optimizer,0.0012278910726308823,2.7768313884735107e-05,0.0012562815099954605,0.0012840498238801956,2.724863588809967e-05,0.000585850328207016,0.0004714597016572952
1931,forward,0.012668434530496597,2.9170885682106018e-05,0.02321719564497471,0.023246366530656815,8.571147918701172e-05,0.0,0.0
1931,backward,0.01128663495182991,1.4530494809150696e-05,0.06962631456553936,0.06964084506034851,9.053200483322144e-05,0.0,0.0
1931,optimizer,0.0012431032955646515,2.535991370677948e-05,0.0012540295720100403,0.0012793894857168198,2.4283304810523987e-05,0.0004986561834812164,0.0004714988172054291
1932,forward,0.012400291860103607,2.9608607292175293e-05,0.023473970592021942,0.023503579199314117,8.674152195453644e-05,0.0,0.0
1932,backward,0.01112709753215313,1.8659979104995728e-05,0.06995481252670288,0.06997347250580788,9.060278534889221e-05,0.0,0.0
1932,optimizer,0.0012326333671808243,2.7311965823173523e-05,0.0012582596391439438,0.0012855716049671173,2.4240463972091675e-05,0.0008960962295532227,0.0004799608141183853
1933,forward,0.01240004226565361,2.9759481549263e-05,0.023535970598459244,0.023565730080008507,8.973106741905212e-05,0.0,0.0
1933,backward,0.011174870654940605,1.449882984161377e-05,0.06965409591794014,0.06966859474778175,8.952058851718903e-05,0.0,0.0
1933,optimizer,0.001226082444190979,2.8990209102630615e-05,0.001257302239537239,0.0012862924486398697,2.6360154151916504e-05,0.0004921481013298035,0.00046893954277038574
1934,forward,0.012399701401591301,3.0040740966796875e-05,0.023486118763685226,0.023516159504652023,8.82316380739212e-05,0.0,0.0
1934,backward,0.0111456997692585,1.4552846550941467e-05,0.07012715190649033,0.07014170475304127,9.201839566230774e-05,0.0,0.0
1934,optimizer,0.0012304913252592087,2.8759241104125977e-05,0.001256801187992096,0.001285560429096222,2.361088991165161e-05,0.0008888039737939835,0.00047186948359012604
1935,forward,0.012428531423211098,2.8500333428382874e-05,0.023429229855537415,0.023457730188965797,8.36402177810669e-05,0.0,0.0
1935,backward,0.011184610426425934,1.576170325279236e-05,0.06975308805704117,0.06976884976029396,8.715316653251648e-05,0.0,0.0
1935,optimizer,0.0011645425111055374,2.5600194931030273e-05,0.0012506600469350815,0.0012762602418661118,2.6552006602287292e-05,0.000501636415719986,0.00047370046377182007
1936,forward,0.01241273246705532,2.7779489755630493e-05,0.02349107898771763,0.02351885847747326,8.670054376125336e-05,0.0,0.0
1936,backward,0.011171078309416771,1.695007085800171e-05,0.06988492049276829,0.06990187056362629,8.65831971168518e-05,0.0,0.0
1936,optimizer,0.001157466322183609,2.8099864721298218e-05,0.0012622624635696411,0.0012903623282909393,2.4998560547828674e-05,0.0008504744619131088,0.00046788714826107025
1937,forward,0.012337779626250267,2.779066562652588e-05,0.023545291274785995,0.02357308194041252,8.475035429000854e-05,0.0,0.0
1937,backward,0.011146077886223793,1.7160549759864807e-05,0.07000942341983318,0.07002658396959305,9.236298501491547e-05,0.0,0.0
1937,optimizer,0.0012327935546636581,2.6570633053779602e-05,0.0012571606785058975,0.0012837313115596771,2.4452805519104004e-05,0.0008062310516834259,0.0004697609692811966
1938,forward,0.01240362785756588,2.9908493161201477e-05,0.023450400680303574,0.023480309173464775,8.393079042434692e-05,0.0,0.0
1938,backward,0.011140638962388039,1.4899298548698425e-05,0.06979158706963062,0.06980648636817932,9.329244494438171e-05,0.0,0.0
1938,optimizer,0.0012424886226654053,2.8479844331741333e-05,0.0012397821992635727,0.001268262043595314,2.3830682039260864e-05,0.0004988387227058411,0.00047300755977630615
1939,forward,0.012393621727824211,2.8660520911216736e-05,0.023480849340558052,0.02350950986146927,8.514150977134705e-05,0.0,0.0
1939,backward,0.011182829737663269,1.3770535588264465e-05,0.07008552365005016,0.07009929418563843,9.130313992500305e-05,0.0,0.0
1939,optimizer,0.0012171734124422073,2.8150156140327454e-05,0.0012614801526069641,0.0012896303087472916,2.357177436351776e-05,0.0020979754626750946,0.0004743468016386032
1940,forward,0.012345775961875916,2.870894968509674e-05,0.023574942722916603,0.0236036516726017,9.294040501117706e-05,0.0,0.0
1940,backward,0.011119145900011063,1.69314444065094e-05,0.06973098963499069,0.0697479210793972,9.780004620552063e-05,0.0,0.0
1940,optimizer,0.0012294072657823563,2.8582289814949036e-05,0.0012662112712860107,0.0012947935611009598,2.4590641260147095e-05,0.0004922579973936081,0.0004690885543823242
1941,forward,0.012439591810107231,2.858787775039673e-05,0.02346482127904892,0.023493409156799316,8.525140583515167e-05,0.0,0.0
1941,backward,0.011163201183080673,1.4632940292358398e-05,0.06969095580279827,0.06970558874309063,9.053200483322144e-05,0.0,0.0
1941,optimizer,0.001245260238647461,2.7921050786972046e-05,0.0012491922825574875,0.0012771133333444595,2.2523105144500732e-05,0.0004911366850137711,0.0004677586257457733
1942,forward,0.012372223660349846,2.9481947422027588e-05,0.023528840392827988,0.023558322340250015,8.886121213436127e-05,0.0,0.0
1942,backward,0.011134648695588112,1.455843448638916e-05,0.0701263640075922,0.07014092244207859,9.343214333057404e-05,0.0,0.0
1942,optimizer,0.0012170840054750443,2.964027225971222e-05,0.0012588296085596085,0.0012884698808193207,2.5350600481033325e-05,0.0008868947625160217,0.00047460757195949554
1943,forward,0.012372160330414772,3.0351802706718445e-05,0.023546580225229263,0.023576932027935982,0.00013901293277740479,0.0,0.0
1943,backward,0.011168032884597778,1.4653429388999939e-05,0.06977252662181854,0.06978718005120754,8.814036846160889e-05,0.0,0.0
1943,optimizer,0.001238228753209114,2.8312206268310547e-05,0.0012609325349330902,0.0012892447412014008,2.6913359761238098e-05,0.0004995949566364288,0.00047004036605358124
1944,forward,0.01273931935429573,3.100000321865082e-05,0.02312767133116722,0.023158671334385872,8.24909657239914e-05,0.0,0.0
1944,backward,0.011121431365609169,1.7462298274040222e-05,0.06992581859230995,0.06994328089058399,8.606165647506714e-05,0.0,0.0
1944,optimizer,0.0011594705283641815,2.9139220714569092e-05,0.0012602917850017548,0.0012894310057163239,2.6807188987731934e-05,0.000976666808128357,0.0004660189151763916
1945,forward,0.012363601475954056,2.8619542717933655e-05,0.023503059521317482,0.023531679064035416,8.307211101055145e-05,0.0,0.0
1945,backward,0.011140633374452591,1.6741454601287842e-05,0.06995993852615356,0.06997667998075485,9.325146675109863e-05,0.0,0.0
1945,optimizer,0.0012004710733890533,2.728961408138275e-05,0.0012603607028722763,0.001287650316953659,2.7252361178398132e-05,0.0004929360002279282,0.00046447664499282837
1946,forward,0.01237918995320797,3.0290335416793823e-05,0.023525839671492577,0.02355613000690937,8.506141602993011e-05,0.0,0.0
1946,backward,0.011116299778223038,1.5420839190483093e-05,0.06962249614298344,0.06963791698217392,9.125284850597382e-05,0.0,0.0
1946,optimizer,0.0012397617101669312,3.0329450964927673e-05,0.0012652594596147537,0.0012955889105796814,4.3101608753204346e-05,0.0005501396954059601,0.00046870671212673187
1947,forward,0.012355061247944832,2.9439106583595276e-05,0.023540109395980835,0.02356954850256443,9.131990373134613e-05,0.0,0.0
1947,backward,0.011149773374199867,1.3850629329681396e-05,0.0699174590408802,0.06993130967020988,9.31229442358017e-05,0.0,0.0
1947,optimizer,0.0012304894626140594,2.7731060981750488e-05,0.0012584719806909561,0.0012862030416727066,2.313964068889618e-05,0.0007402338087558746,0.0004734192043542862
1948,forward,0.012412801384925842,2.936646342277527e-05,0.023486029356718063,0.02351539582014084,8.5512176156044e-05,0.0,0.0
1948,backward,0.011182809248566628,1.3919547200202942e-05,0.06998427025973797,0.06999818980693817,9.114295244216919e-05,0.0,0.0
1948,optimizer,0.0011668913066387177,2.6831403374671936e-05,0.0012615695595741272,0.0012884009629487991,2.3692846298217773e-05,0.0006359796971082687,0.0004695579409599304
1949,forward,0.012300848960876465,3.018975257873535e-05,0.023629631847143173,0.02365982159972191,8.695200085639954e-05,0.0,0.0
1949,backward,0.011221460998058319,1.617148518562317e-05,0.06959237530827522,0.06960854679346085,8.640438318252563e-05,0.0,0.0
1949,optimizer,0.0011599790304899216,2.9481947422027588e-05,0.0012625828385353088,0.0012920647859573364,2.4840235710144043e-05,0.0004939306527376175,0.00046839937567710876
1950,forward,0.012305211275815964,2.8500333428382874e-05,0.023592999204993248,0.02362149953842163,8.746050298213959e-05,0.0,0.0
1950,backward,0.011202661320567131,1.4062970876693726e-05,0.0698853600770235,0.0698994230479002,8.93622636795044e-05,0.0,0.0
1950,optimizer,0.0011606719344854355,2.8528273105621338e-05,0.0012625008821487427,0.001291029155254364,2.4806708097457886e-05,0.0008076559752225876,0.00047739967703819275
1951,forward,0.012368863448500633,3.1091272830963135e-05,0.023600658401846886,0.02363174967467785,8.808262646198273e-05,0.0,0.0
1951,backward,0.011248361319303513,1.3900920748710632e-05,0.0696965679526329,0.06971046887338161,8.999928832054138e-05,0.0,0.0
1951,optimizer,0.0011578388512134552,2.923235297203064e-05,0.0012642927467823029,0.0012935250997543335,2.3307278752326965e-05,0.0004970282316207886,0.0004724394530057907
1952,forward,0.012398069724440575,2.9711052775382996e-05,0.023477939888834953,0.023507650941610336,8.143112063407898e-05,0.0,0.0
1952,backward,0.011159107089042664,1.5441328287124634e-05,0.06974514760077,0.06976058892905712,8.777156472206116e-05,0.0,0.0
1952,optimizer,0.0011552385985851288,2.7427449822425842e-05,0.0012645721435546875,0.0012919995933771133,2.3292377591133118e-05,0.0004914272576570511,0.0004662368446588516
1953,forward,0.012418027967214584,3.0409544706344604e-05,0.023519132286310196,0.02354954183101654,8.345954120159149e-05,0.0,0.0
1953,backward,0.01112290844321251,1.731887459754944e-05,0.06999125145375729,0.07000857032835484,9.156018495559692e-05,0.0,0.0
1953,optimizer,0.001225510612130165,2.697296440601349e-05,0.0012573618441820145,0.001284334808588028,2.8150156140327454e-05,0.0004957765340805054,0.0004724673926830292
1954,forward,0.012393208220601082,2.902001142501831e-05,0.023490671068429947,0.023519691079854965,8.294917643070221e-05,0.0,0.0
1954,backward,0.011212790384888649,1.485086977481842e-05,0.06981548853218555,0.06983033940196037,9.209103882312775e-05,0.0,0.0
1954,optimizer,0.0011640097945928574,2.8459355235099792e-05,0.0012567397207021713,0.0012851990759372711,2.7079135179519653e-05,0.0007930342108011246,0.0004732981324195862
1955,forward,0.012378642335534096,2.9860064387321472e-05,0.02351210080087185,0.02354196086525917,8.43983143568039e-05,0.0,0.0
1955,backward,0.011179020628333092,1.6089528799057007e-05,0.06999102048575878,0.07000711001455784,9.278208017349243e-05,0.0,0.0
1955,optimizer,0.0012402813881635666,2.6520341634750366e-05,0.0012567508965730667,0.001283271238207817,2.351216971874237e-05,0.0007990635931491852,0.0004656165838241577
1956,forward,0.012386301532387733,3.040023148059845e-05,0.02352811023592949,0.023558510467410088,8.616968989372253e-05,0.0,0.0
1956,backward,0.011150700971484184,1.4668330550193787e-05,0.06973609700798988,0.06975076533854008,9.085237979888916e-05,0.0,0.0
1956,optimizer,0.0012369230389595032,2.8507784008979797e-05,0.0012605823576450348,0.0012890901416540146,2.500973641872406e-05,0.0005059093236923218,0.00047090090811252594
1957,forward,0.012259159237146378,2.9919669032096863e-05,0.023625051602721214,0.02365497127175331,8.560158312320709e-05,0.0,0.0
1957,backward,0.011299503967165947,1.856870949268341e-05,0.06979326717555523,0.06981183588504791,8.715875446796417e-05,0.0,0.0
1957,optimizer,0.0011705905199050903,2.893991768360138e-05,0.001258842647075653,0.0012877825647592545,2.4260953068733215e-05,0.0008884668350219727,0.00047063641250133514
1958,forward,0.012342998757958412,2.8092414140701294e-05,0.02352549135684967,0.02355358377099037,8.667074143886566e-05,0.0,0.0
1958,backward,0.011156398802995682,1.5700235962867737e-05,0.06998785212635994,0.07000355236232281,8.864142000675201e-05,0.0,0.0
1958,optimizer,0.0012346729636192322,3.354810178279877e-05,0.0012589916586875916,0.0012925397604703903,2.5639310479164124e-05,0.0005059484392404556,0.0004668477922677994
1959,forward,0.012295739725232124,2.972222864627838e-05,0.023563500493764877,0.023593222722411156,8.703023195266724e-05,0.0,0.0
1959,backward,0.01119404286146164,1.4711171388626099e-05,0.0697009451687336,0.06971565634012222,9.104236960411072e-05,0.0,0.0
1959,optimizer,0.0012350007891654968,2.8990209102630615e-05,0.0012592989951372147,0.0012882892042398453,2.3640692234039307e-05,0.0004847384989261627,0.00046644918620586395
1960,forward,0.012385958805680275,3.1711533665657043e-05,0.023525921627879143,0.0235576331615448,8.193217217922211e-05,0.0,0.0
1960,backward,0.011144867166876793,1.6590580344200134e-05,0.06977862864732742,0.06979521922767162,8.652918040752411e-05,0.0,0.0
1960,optimizer,0.0011584889143705368,3.130175173282623e-05,0.0012644119560718536,0.0012957137078046799,2.658739686012268e-05,0.0004936382174491882,0.0004650391638278961
1961,forward,0.012407941743731499,2.9731541872024536e-05,0.023466508835554123,0.023496240377426147,8.381158113479614e-05,0.0,0.0
1961,backward,0.01116744801402092,1.9008293747901917e-05,0.06974104791879654,0.06976005621254444,8.58008861541748e-05,0.0,0.0
1961,optimizer,0.0011682789772748947,2.9630959033966064e-05,0.0012650508433580399,0.001294681802392006,2.601929008960724e-05,0.0004979576915502548,0.0004673674702644348
1962,forward,0.01230413094162941,2.815946936607361e-05,0.023589832708239555,0.02361799217760563,8.299015462398529e-05,0.0,0.0
1962,backward,0.011193100363016129,1.5009194612503052e-05,0.06997130252420902,0.06998631171882153,9.11131501197815e-05,0.0,0.0
1962,optimizer,0.0015980564057826996,5.416199564933777e-05,0.0012254510074853897,0.0012796130031347275,2.7060508728027344e-05,0.0007501021027565002,0.00047220848500728607
1963,forward,0.012694602832198143,2.99699604511261e-05,0.023271428421139717,0.023301398381590843,8.862465620040894e-05,0.0,0.0
1963,backward,0.011285141110420227,1.4569610357284546e-05,0.06958726420998573,0.06960183382034302,9.175017476081848e-05,0.0,0.0
1963,optimizer,0.0012440234422683716,2.711266279220581e-05,0.0012666396796703339,0.0012937523424625397,2.4441629648208618e-05,0.0004901401698589325,0.00046856701374053955
1964,forward,0.012330858036875725,2.9820948839187622e-05,0.0235687717795372,0.02359859272837639,7.908046245574951e-05,0.0,0.0
1964,backward,0.011190641671419144,1.4141201972961426e-05,0.06969876773655415,0.06971290893852711,9.093992412090302e-05,0.0,0.0
1964,optimizer,0.0012189541012048721,2.738088369369507e-05,0.0012669991701841354,0.0012943800538778305,2.606026828289032e-05,0.0005041081458330154,0.0004719272255897522
1965,forward,0.012416042387485504,2.952292561531067e-05,0.023494519293308258,0.02352404221892357,8.581951260566711e-05,0.0,0.0
1965,backward,0.011194469407200813,1.7352402210235596e-05,0.06990166194736958,0.06991901434957981,8.888915181159973e-05,0.0,0.0
1965,optimizer,0.0011496972292661667,2.629123628139496e-05,0.0012611616402864456,0.0012874528765678406,2.6458874344825745e-05,0.000845104455947876,0.00046831555664539337
1966,forward,0.012370942160487175,2.7222558856010437e-05,0.02353566884994507,0.02356289140880108,8.451193571090698e-05,0.0,0.0
1966,backward,0.011111732572317123,1.553073525428772e-05,0.06978931650519371,0.069804847240448,8.867308497428894e-05,0.0,0.0
1966,optimizer,0.0012345444411039352,2.830103039741516e-05,0.0012549608945846558,0.001283261924982071,2.3171305656433105e-05,0.0004929788410663605,0.0004726666957139969
1967,forward,0.012401500716805458,2.925097942352295e-05,0.023481078445911407,0.02351032942533493,8.847936987876892e-05,0.0,0.0
1967,backward,0.011142520233988762,1.4387071132659912e-05,0.06968206353485584,0.0696964506059885,8.850172162055969e-05,0.0,0.0
1967,optimizer,0.0012157000601291656,2.8399750590324402e-05,0.0012662820518016815,0.001294681802392006,2.3681670427322388e-05,0.0004934147000312805,0.00047708675265312195
1968,forward,0.012358779087662697,3.1931325793266296e-05,0.0235456433147192,0.023577574640512466,8.619949221611023e-05,0.0,0.0
1968,backward,0.011085687205195427,1.4310702681541443e-05,0.07005483470857143,0.07006914541125298,8.631311357021332e-05,0.0,0.0
1968,optimizer,0.0012253187596797943,2.7302652597427368e-05,0.0012613199651241302,0.0012886226177215576,2.682209014892578e-05,0.000497087836265564,0.00047194771468639374
1969,forward,0.01230272650718689,2.923049032688141e-05,0.023588312789797783,0.023617543280124664,8.185207843780518e-05,0.0,0.0
1969,backward,0.01123073324561119,1.7132610082626343e-05,0.0695527233183384,0.06956985592842102,9.164027869701385e-05,0.0,0.0
1969,optimizer,0.0012591220438480377,2.4219974875450134e-05,0.0012588705867528915,0.0012830905616283417,2.508983016014099e-05,0.0004912484437227249,0.00047032907605171204
1970,forward,0.012291135266423225,2.7799978852272034e-05,0.023583173751831055,0.023610973730683327,8.271075785160065e-05,0.0,0.0
1970,backward,0.011074014008045197,1.777149736881256e-05,0.06998258456587791,0.07000035606324673,9.018182754516602e-05,0.0,0.0
1970,optimizer,0.0012292787432670593,2.7738511562347412e-05,0.0012616124004125595,0.001289350911974907,2.5579705834388733e-05,0.0009286049753427505,0.0004847981035709381
1971,forward,0.012284865602850914,2.7919188141822815e-05,0.023586003109812737,0.02361392229795456,8.825026452541351e-05,0.0,0.0
1971,backward,0.011674247682094574,1.3809651136398315e-05,0.06948571279644966,0.06949952244758606,8.713081479072571e-05,0.0,0.0
1971,optimizer,0.0011572390794754028,2.858974039554596e-05,0.0012609399855136871,0.001289529725909233,2.6050955057144165e-05,0.0009114537388086319,0.000470820814371109
1972,forward,0.01218491792678833,2.841278910636902e-05,0.0237477645277977,0.023776177316904068,8.969008922576904e-05,0.0,0.0
1972,backward,0.011260021477937698,1.3710930943489075e-05,0.06957109458744526,0.06958480551838875,9.314343333244324e-05,0.0,0.0
1972,optimizer,0.0011621490120887756,3.404170274734497e-05,0.001256631687283516,0.001290673390030861,2.4029985070228577e-05,0.0004906672984361649,0.0004690755158662796
1973,forward,0.012333828955888748,3.1091272830963135e-05,0.02355795167386532,0.02358904294669628,8.632056415081024e-05,0.0,0.0
1973,backward,0.011231064796447754,1.3960525393486023e-05,0.06968383491039276,0.06969779543578625,8.837133646011353e-05,0.0,0.0
1973,optimizer,0.0011493004858493805,2.686120569705963e-05,0.0012600719928741455,0.0012869331985712051,2.4670735001564026e-05,0.000487256795167923,0.0004748683422803879
1974,forward,0.012320179492235184,2.8360635042190552e-05,0.023524580523371696,0.023552941158413887,8.58791172504425e-05,0.0,0.0
1974,backward,0.011202313005924225,1.666136085987091e-05,0.07006057165563107,0.07007723301649094,8.773989975452423e-05,0.0,0.0
1974,optimizer,0.0011725276708602905,2.8232112526893616e-05,0.0012523643672466278,0.0012805964797735214,2.709217369556427e-05,0.0008275453001260757,0.0004703197628259659
1975,forward,0.012338899075984955,2.9960647225379944e-05,0.02357758954167366,0.02360755018889904,8.529238402843475e-05,0.0,0.0
1975,backward,0.011159518733620644,1.5851110219955444e-05,0.06965473666787148,0.06967058777809143,8.84123146533966e-05,0.0,0.0
1975,optimizer,0.001163790002465248,2.672150731086731e-05,0.001260600984096527,0.0012873224914073944,2.2649765014648438e-05,0.0005643200129270554,0.0004669986665248871
1976,forward,0.012252537533640862,2.9869377613067627e-05,0.023608502000570297,0.023638371378183365,8.498132228851318e-05,0.0,0.0
1976,backward,0.01114468090236187,1.6110017895698547e-05,0.06991373933851719,0.06992984935641289,9.186938405036926e-05,0.0,0.0
1976,optimizer,0.001252301037311554,2.682209014892578e-05,0.0012517813593149185,0.0012786034494638443,2.645142376422882e-05,0.0009531881660223007,0.00046633556485176086
1977,forward,0.012320846319198608,3.1791627407073975e-05,0.023579023778438568,0.023610815405845642,8.066929876804352e-05,0.0,0.0
1977,backward,0.011125920340418816,1.6199424862861633e-05,0.0700765922665596,0.07009279169142246,9.015202522277832e-05,0.0,0.0
1977,optimizer,0.0012244395911693573,2.4460256099700928e-05,0.0012599527835845947,0.0012844130396842957,2.5872141122817993e-05,0.0009264424443244934,0.0004680585116147995
1978,forward,0.012296903878450394,3.0549243092536926e-05,0.02359672077000141,0.02362727001309395,8.775293827056885e-05,0.0,0.0
1978,backward,0.011191612109541893,1.6121193766593933e-05,0.06971313618123531,0.06972925737500191,9.015016257762909e-05,0.0,0.0
1978,optimizer,0.0012266188859939575,3.596208989620209e-05,0.0012592319399118423,0.0012951940298080444,2.6609748601913452e-05,0.000492459163069725,0.0004695393145084381
1979,forward,0.012349430471658707,2.863071858882904e-05,0.023537129163742065,0.023565759882330894,8.798204362392426e-05,0.0,0.0
1979,backward,0.011156449094414711,1.514144241809845e-05,0.07009221240878105,0.07010735385119915,9.220093488693237e-05,0.0,0.0
1979,optimizer,0.0009710211306810379,2.9480084776878357e-05,0.001259833574295044,0.0012893136590719223,2.3327767848968506e-05,0.0008999966084957123,0.0004682987928390503
1980,forward,0.01251298375427723,3.1342729926109314e-05,0.02337522804737091,0.02340657077729702,8.941255509853363e-05,0.0,0.0
1980,backward,0.011045387014746666,1.4750286936759949e-05,0.06974410824477673,0.06975885853171349,9.375065565109253e-05,0.0,0.0
1980,optimizer,0.0012254584580659866,2.9100105166435242e-05,0.0012575425207614899,0.0012866426259279251,2.4652108550071716e-05,0.0007304642349481583,0.0004707369953393936
1981,forward,0.012368550524115562,3.1519681215286255e-05,0.02350063994526863,0.023532159626483917,8.402392268180847e-05,0.0,0.0
1981,backward,0.011185269802808762,1.6108155250549316e-05,0.0698989499360323,0.06991505809128284,8.928030729293823e-05,0.0,0.0
1981,optimizer,0.0012368205934762955,2.5851652026176453e-05,0.0012569911777973175,0.001282842829823494,2.703256905078888e-05,0.0004976391792297363,0.00046904757618904114
1982,forward,0.012394553050398827,2.9319897294044495e-05,0.023526638746261597,0.02355595864355564,8.798949420452118e-05,0.0,0.0
1982,backward,0.011137370020151138,1.656077802181244e-05,0.06960076466202736,0.06961732544004917,8.503161370754242e-05,0.0,0.0
1982,optimizer,0.0012463126331567764,2.904050052165985e-05,0.0012600105255842209,0.0012890510261058807,2.650730311870575e-05,0.0004912782460451126,0.0004672389477491379
1983,forward,0.012375561520457268,2.9239803552627563e-05,0.023513350635766983,0.02354259043931961,8.633919060230255e-05,0.0,0.0
1983,backward,0.011160900816321373,1.4940276741981506e-05,0.0698624886572361,0.06987742893397808,8.84123146533966e-05,0.0,0.0
1983,optimizer,0.001249462366104126,2.9219314455986023e-05,0.0012645702809095383,0.0012937895953655243,2.4050474166870117e-05,0.0008889157325029373,0.00046874769032001495
1984,forward,0.012763217091560364,3.0759721994400024e-05,0.023172253742814064,0.023203013464808464,0.00015563331544399261,0.0,0.0
1984,backward,0.011147892102599144,1.6167759895324707e-05,0.0697310958057642,0.06974726356565952,8.982047438621521e-05,0.0,0.0
1984,optimizer,0.001158490777015686,2.929195761680603e-05,0.0012522116303443909,0.001281503587961197,2.4359673261642456e-05,0.0004891678690910339,0.0004680771380662918
1985,forward,0.012397151440382004,3.056973218917847e-05,0.02351429872214794,0.02354486845433712,8.316151797771454e-05,0.0,0.0
1985,backward,0.011113177984952927,1.63298100233078e-05,0.06979263015091419,0.0698089599609375,9.45311039686203e-05,0.0,0.0
1985,optimizer,0.0012443829327821732,2.6660040020942688e-05,0.001264302060008049,0.0012909621000289917,2.6222318410873413e-05,0.0004930272698402405,0.00047383829951286316
1986,forward,0.012403134256601334,2.9431656002998352e-05,0.02350044809281826,0.02352987974882126,8.069165050983429e-05,0.0,0.0
1986,backward,0.011145269498229027,1.5968456864356995e-05,0.0699442196637392,0.06996018812060356,9.208358824253082e-05,0.0,0.0
1986,optimizer,0.0012469179928302765,2.6419758796691895e-05,0.0012617036700248718,0.0012881234288215637,2.7040019631385803e-05,0.0004989299923181534,0.0004733484238386154
1987,forward,0.012337058782577515,2.831965684890747e-05,0.023597219958901405,0.023625539615750313,8.970126509666443e-05,0.0,0.0
1987,backward,0.011216999962925911,1.5582889318466187e-05,0.06965413503348827,0.06966971792280674,9.905174374580383e-05,0.0,0.0
1987,optimizer,0.0012193713337182999,2.7921050786972046e-05,0.0012654196470975876,0.0012933406978845596,2.4110078811645508e-05,0.0004845373332500458,0.0004687681794166565
1988,forward,0.012353932484984398,2.824142575263977e-05,0.02352692000567913,0.02355516143143177,8.790940046310425e-05,0.0,0.0
1988,backward,0.011211089789867401,1.4860183000564575e-05,0.06972666643559933,0.06974152661859989,9.198114275932312e-05,0.0,0.0
1988,optimizer,0.001165708526968956,2.965889871120453e-05,0.0012570712715387344,0.001286730170249939,2.4411827325820923e-05,0.0004978589713573456,0.0004868488758802414
1989,forward,0.012701604515314102,3.0269846320152283e-05,0.02317514456808567,0.023205414414405823,8.629262447357178e-05,0.0,0.0
1989,backward,0.011095751076936722,1.7039477825164795e-05,0.0702084731310606,0.07022551260888577,9.121187031269073e-05,0.0,0.0
1989,optimizer,0.0012260209769010544,2.9860064387321472e-05,0.001260131597518921,0.0012899916619062424,2.4199485778808594e-05,0.0009247269481420517,0.00047461502254009247
1990,forward,0.012383600696921349,3.0372291803359985e-05,0.02356868050992489,0.02359905280172825,8.591078221797943e-05,0.0,0.0
1990,backward,0.011114830151200294,1.4230608940124512e-05,0.06969544477760792,0.06970967538654804,8.933059871196747e-05,0.0,0.0
1990,optimizer,0.001233970746397972,3.117881715297699e-05,0.0012584812939167023,0.0012896601110696793,2.438947558403015e-05,0.0005043782293796539,0.00046874769032001495
1991,forward,0.012380760163068771,2.860836684703827e-05,0.023487862199544907,0.023516470566391945,8.426979184150696e-05,0.0,0.0
1991,backward,0.011190829798579216,1.5290454030036926e-05,0.0698606800287962,0.06987597048282623,8.701160550117493e-05,0.0,0.0
1991,optimizer,0.0011682715266942978,2.884119749069214e-05,0.0012565311044454575,0.0012853723019361496,2.674013376235962e-05,0.0007926523685455322,0.0004749465733766556
1992,forward,0.012686256319284439,2.9072165489196777e-05,0.023260116577148438,0.023289188742637634,8.703209459781647e-05,0.0,0.0
1992,backward,0.011196451261639595,1.4418736100196838e-05,0.06967101618647575,0.06968543492257595,8.50725919008255e-05,0.0,0.0
1992,optimizer,0.0011561065912246704,3.0271708965301514e-05,0.0012544728815555573,0.0012847445905208588,2.5369226932525635e-05,0.0004915278404951096,0.0004727989435195923
1993,forward,0.012377412989735603,3.0308961868286133e-05,0.023513950407505035,0.02354425936937332,8.091144263744354e-05,0.0,0.0
1993,backward,0.011217428371310234,1.5769153833389282e-05,0.06966951675713062,0.06968528591096401,9.461119771003723e-05,0.0,0.0
1993,optimizer,0.0011724401265382767,2.6499852538108826e-05,0.0012621022760868073,0.001288602128624916,2.3599714040756226e-05,0.0004989579319953918,0.0004722289741039276
1994,forward,0.012668026611208916,3.007054328918457e-05,0.023195603862404823,0.023225674405694008,8.000247180461884e-05,0.0,0.0
1994,backward,0.011185307055711746,1.518242061138153e-05,0.0698604416102171,0.06987562403082848,8.687935769557953e-05,0.0,0.0
1994,optimizer,0.0011623091995716095,2.884119749069214e-05,0.001262173056602478,0.0012910142540931702,2.7699396014213562e-05,0.0004995167255401611,0.00048295967280864716
1995,forward,0.012397540733218193,2.8660520911216736e-05,0.023553751409053802,0.02358241192996502,8.751265704631805e-05,0.0,0.0
1995,backward,0.011182153597474098,1.7389655113220215e-05,0.06959854252636433,0.06961593218147755,8.882395923137665e-05,0.0,0.0
1995,optimizer,0.0011684689670801163,2.891942858695984e-05,0.0012537222355604172,0.001282641664147377,2.497062087059021e-05,0.0004928968846797943,0.00046949833631515503
1996,forward,0.012361548840999603,3.018788993358612e-05,0.023565243929624557,0.023595431819558144,9.072944521903992e-05,0.0,0.0
1996,backward,0.011166051030158997,1.3900920748710632e-05,0.07016554474830627,0.07017944566905499,8.929148316383362e-05,0.0,0.0
1996,optimizer,0.0012483801692724228,2.8479844331741333e-05,0.0012614428997039795,0.0012899227440357208,2.5968998670578003e-05,0.0008960645645856857,0.00047759898006916046
1997,forward,0.012372249737381935,2.9591843485832214e-05,0.023540711030364037,0.02357030287384987,8.420087397098541e-05,0.0,0.0
1997,backward,0.011168137192726135,1.485086977481842e-05,0.06965945847332478,0.0696743093430996,9.326264262199402e-05,0.0,0.0
1997,optimizer,0.0012345928698778152,3.169849514961243e-05,0.0012607797980308533,0.0012924782931804657,2.3871660232543945e-05,0.0006157383322715759,0.0004706084728240967
1998,forward,0.0123532023280859,3.0310824513435364e-05,0.023543749004602432,0.023574059829115868,8.392147719860077e-05,0.0,0.0
1998,backward,0.011131897568702698,1.4392659068107605e-05,0.06981946155428886,0.06983385421335697,8.965283632278442e-05,0.0,0.0
1998,optimizer,0.0012174900621175766,2.723000943660736e-05,0.0012622121721506119,0.0012894421815872192,2.282857894897461e-05,0.000819692388176918,0.00046889670193195343
1999,forward,0.012376297265291214,3.769993782043457e-05,0.023589441552758217,0.02362714149057865,8.475221693515778e-05,0.0,0.0
1999,backward,0.011150548234581947,1.663900911808014e-05,0.06972693838179111,0.0697435773909092,8.550286293029785e-05,0.0,0.0
1999,optimizer,0.0012287497520446777,2.9921531677246094e-05,0.0012659113854169846,0.0012958329170942307,2.703256905078888e-05,0.0004826784133911133,0.0004688873887062073
2000,forward,0.012340288609266281,2.9169023036956787e-05,0.023584812879562378,0.023613981902599335,8.828006684780121e-05,0.0,0.0
2000,backward,0.011225244030356407,1.3871118426322937e-05,0.07005073130130768,0.070064602419734,8.608214557170868e-05,0.0,0.0
2000,optimizer,0.0011543799191713333,2.823956310749054e-05,0.0012570209801197052,0.0012852605432271957,2.532079815864563e-05,0.0008978452533483505,0.000470159575343132
2001,forward,0.012801356613636017,3.1711533665657043e-05,0.023104151710867882,0.02313586324453354,8.610263466835022e-05,0.0,0.0
2001,backward,0.011208571493625641,1.4590099453926086e-05,0.06956255435943604,0.06957714445888996,8.646957576274872e-05,0.0,0.0
2001,optimizer,0.0011565573513507843,2.8269365429878235e-05,0.001257801428437233,0.0012860707938671112,2.2800639271736145e-05,0.0004983097314834595,0.00048195570707321167
2002,forward,0.012300567701458931,2.8772279620170593e-05,0.023575561121106148,0.02360433340072632,8.183158934116364e-05,0.0,0.0
2002,backward,0.011137021705508232,1.7140060663223267e-05,0.07009651325643063,0.07011365331709385,8.872151374816895e-05,0.0,0.0
2002,optimizer,0.0012399405241012573,2.5231391191482544e-05,0.0012638121843338013,0.0012890435755252838,2.3500993847846985e-05,0.0009174160659313202,0.00047248974442481995
2003,forward,0.012349838390946388,2.8390437364578247e-05,0.023519020527601242,0.02354741096496582,8.521974086761475e-05,0.0,0.0
2003,backward,0.01120319776237011,1.7520040273666382e-05,0.06978040933609009,0.06979792937636375,9.143911302089691e-05,0.0,0.0
2003,optimizer,0.001241752877831459,2.647005021572113e-05,0.0012563001364469528,0.001282770186662674,2.6630237698554993e-05,0.0004865191876888275,0.0004709474742412567
2004,forward,0.012292150408029556,2.8580427169799805e-05,0.023579740896821022,0.023608321323990822,9.817257523536682e-05,0.0,0.0
2004,backward,0.011172421276569366,1.4780089259147644e-05,0.06959976255893707,0.06961454264819622,8.91219824552536e-05,0.0,0.0
2004,optimizer,0.0011506974697113037,2.6650726795196533e-05,0.0012606624513864517,0.0012873131781816483,2.5480985641479492e-05,0.0005676280707120895,0.00047751888632774353
2005,forward,0.012267140671610832,3.0407682061195374e-05,0.0235751923173666,0.023605599999427795,8.403882384300232e-05,0.0,0.0
2005,backward,0.011341022327542305,1.6180798411369324e-05,0.06977928802371025,0.06979546882212162,9.223073720932007e-05,0.0,0.0
2005,optimizer,0.0011638794094324112,2.876855432987213e-05,0.0012607518583536148,0.001289520412683487,2.3810192942619324e-05,0.003446178510785103,0.0004725884646177292
2006,forward,0.012348473072052002,3.0431896448135376e-05,0.02356044016778469,0.023590872064232826,8.278153836727142e-05,0.0,0.0
2006,backward,0.011192221194505692,1.4571473002433777e-05,0.06973099708557129,0.06974556855857372,9.0012326836586e-05,0.0,0.0
2006,optimizer,0.001229671761393547,2.7660280466079712e-05,0.0012587103992700577,0.0012863706797361374,2.4529173970222473e-05,0.0004926677793264389,0.00048613548278808594
2007,forward,0.012350598350167274,3.929995000362396e-05,0.02355906181037426,0.023598361760377884,9.152106940746307e-05,0.0,0.0
2007,backward,0.01118389144539833,1.6491860151290894e-05,0.06956720352172852,0.0695836953818798,8.771196007728577e-05,0.0,0.0
2007,optimizer,0.001156531274318695,2.67811119556427e-05,0.0012572109699249268,0.0012839920818805695,2.400018274784088e-05,0.0004905983805656433,0.00048089027404785156
2008,forward,0.012286245822906494,3.1208619475364685e-05,0.023610204458236694,0.02364141307771206,8.637271821498871e-05,0.0,0.0
2008,backward,0.011187439784407616,1.6322359442710876e-05,0.06992194056510925,0.06993826292455196,8.8520348072052e-05,0.0,0.0
2008,optimizer,0.0011640749871730804,2.8602778911590576e-05,0.0012575853615999222,0.0012861881405115128,2.7239322662353516e-05,0.0004986375570297241,0.0004742089658975601
2009,forward,0.012529322877526283,2.9340386390686035e-05,0.023402810096740723,0.02343215048313141,8.646026253700256e-05,0.0,0.0
2009,backward,0.011161752045154572,1.5819445252418518e-05,0.06966520473361015,0.06968102417886257,8.811056613922119e-05,0.0,0.0
2009,optimizer,0.001196710392832756,2.8111040592193604e-05,0.0012597721070051193,0.001287883147597313,2.43503600358963e-05,0.0005563404411077499,0.0004983879625797272
2010,forward,0.012348467484116554,3.180094063282013e-05,0.023495260626077652,0.023527061566710472,8.11498612165451e-05,0.0,0.0
2010,backward,0.011142019182443619,1.5867874026298523e-05,0.07012108527123928,0.07013695314526558,9.28640365600586e-05,0.0,0.0
2010,optimizer,0.0012326017022132874,3.614835441112518e-05,0.0012617800384759903,0.0012979283928871155,2.232193946838379e-05,0.0010475385934114456,0.00047332048416137695
2011,forward,0.012819085270166397,4.289299249649048e-05,0.023459380492568016,0.023502273485064507,8.409284055233002e-05,0.0,0.0
2011,backward,0.011567587032914162,1.6922131180763245e-05,0.06978016719222069,0.06979708932340145,9.215250611305237e-05,0.0,0.0
2011,optimizer,0.0011653024703264236,2.790987491607666e-05,0.0012686103582382202,0.0012965202331542969,2.5061890482902527e-05,0.0008067432790994644,0.00048508867621421814
2012,forward,0.01243593916296959,3.208033740520477e-05,0.02350103296339512,0.023533113300800323,8.150190114974976e-05,0.0,0.0
2012,backward,0.011220697313547134,1.5892088413238525e-05,0.06970711797475815,0.06972301006317139,9.379349648952484e-05,0.0,0.0
2012,optimizer,0.0011725928634405136,2.6231631636619568e-05,0.001258939504623413,0.0012851711362600327,2.4810433387756348e-05,0.0004935581237077713,0.0004714690148830414
2013,forward,0.012324407696723938,3.084354102611542e-05,0.023558450862765312,0.023589294403791428,8.477270603179932e-05,0.0,0.0
2013,backward,0.011195072904229164,1.3872981071472168e-05,0.06995083019137383,0.0699647031724453,9.198114275932312e-05,0.0,0.0
2013,optimizer,0.0012358706444501877,2.614036202430725e-05,0.0012591294944286346,0.001285269856452942,3.17990779876709e-05,0.0004912577569484711,0.0004673488438129425
2014,forward,0.01239488273859024,2.9070302844047546e-05,0.023521479219198227,0.023550549522042274,8.863024413585663e-05,0.0,0.0
2014,backward,0.01114196889102459,1.5541911125183105e-05,0.06960502453148365,0.06962056644260883,8.692964911460876e-05,0.0,0.0
2014,optimizer,0.0012259092181921005,2.7123838663101196e-05,0.0012627914547920227,0.001289915293455124,2.6047229766845703e-05,0.0005007591098546982,0.00047795847058296204
2015,forward,0.012428699061274529,2.9822811484336853e-05,0.023435628041625023,0.02346545085310936,8.549913763999939e-05,0.0,0.0
2015,backward,0.011124160140752792,1.7408281564712524e-05,0.0700329840183258,0.07005039229989052,9.001046419143677e-05,0.0,0.0
2015,optimizer,0.0012456737458705902,3.0038878321647644e-05,0.001249760389328003,0.0012797992676496506,2.45608389377594e-05,0.000837983563542366,0.000464417040348053
2016,forward,0.012367667630314827,3.0020251870155334e-05,0.02355620265007019,0.023586222901940346,8.851103484630585e-05,0.0,0.0
2016,backward,0.011154314503073692,1.4640390872955322e-05,0.06965885497629642,0.06967349536716938,9.096227586269379e-05,0.0,0.0
2016,optimizer,0.001238301396369934,2.8092414140701294e-05,0.001248389482498169,0.0012764818966388702,2.6188790798187256e-05,0.0004834569990634918,0.00047308020293712616
2017,forward,0.012429414317011833,3.0763447284698486e-05,0.023478329181671143,0.02350909262895584,8.389912545681e-05,0.0,0.0
2017,backward,0.011177919805049896,1.4880672097206116e-05,0.06988804042339325,0.06990292109549046,9.440071880817413e-05,0.0,0.0
2017,optimizer,0.0011601522564888,2.7220696210861206e-05,0.0012633316218852997,0.0012905523180961609,2.5387853384017944e-05,0.0006146710366010666,0.00046667642891407013
2018,forward,0.012375818565487862,3.124214708805084e-05,0.023534832522273064,0.023566074669361115,8.836202323436737e-05,0.0,0.0
2018,backward,0.011162439361214638,1.771003007888794e-05,0.06963716633617878,0.06965487636625767,8.583255112171173e-05,0.0,0.0
2018,optimizer,0.0011732690036296844,2.6930123567581177e-05,0.001258181408047676,0.0012851115316152573,2.4551525712013245e-05,0.0005153678357601166,0.0004797372967004776
2019,forward,0.012409720569849014,2.9731541872024536e-05,0.023477451875805855,0.02350718341767788,8.947215974330902e-05,0.0,0.0
2019,backward,0.011149529367685318,1.4586374163627625e-05,0.06995319202542305,0.06996777839958668,8.84905457496643e-05,0.0,0.0
2019,optimizer,0.0012305118143558502,2.8578564524650574e-05,0.001261623576283455,0.0012902021408081055,2.759881317615509e-05,0.0004952382296323776,0.000471627339720726
2020,forward,0.012393319979310036,3.0312687158584595e-05,0.023497389629483223,0.023527702316641808,8.543208241462708e-05,0.0,0.0
2020,backward,0.011351220309734344,1.6519799828529358e-05,0.06955539621412754,0.06957191601395607,8.704140782356262e-05,0.0,0.0
2020,optimizer,0.001143159344792366,2.911873161792755e-05,0.0012620016932487488,0.0012911204248666763,2.2510066628456116e-05,0.0004900991916656494,0.00046998076140880585
2021,forward,0.012427648529410362,3.000907599925995e-05,0.02347378060221672,0.02350378967821598,8.198991417884827e-05,0.0,0.0
2021,backward,0.01112295687198639,1.7780810594558716e-05,0.0699655432254076,0.06998332403600216,9.17930155992508e-05,0.0,0.0
2021,optimizer,0.0011694803833961487,2.499297261238098e-05,0.00125989131629467,0.001284884288907051,2.5132670998573303e-05,0.0004981271922588348,0.00047085992991924286
2022,forward,0.012251798063516617,2.9362738132476807e-05,0.023627612739801407,0.023656975477933884,8.27498733997345e-05,0.0,0.0
2022,backward,0.01104411855340004,1.9120052456855774e-05,0.06970121525228024,0.06972033530473709,8.925981819629669e-05,0.0,0.0
2022,optimizer,0.0012402106076478958,2.738088369369507e-05,0.001256350427865982,0.0012837313115596771,2.755969762802124e-05,0.0004998687654733658,0.00046882033348083496
2023,forward,0.012415952980518341,2.8621405363082886e-05,0.023490339517593384,0.023518960922956467,8.893199265003204e-05,0.0,0.0
2023,backward,0.011188367381691933,1.4040619134902954e-05,0.06983812153339386,0.06985216215252876,0.0001050122082233429,0.0,0.0
2023,optimizer,0.0012239478528499603,2.9500573873519897e-05,0.0012575052678585052,0.0012870058417320251,2.5540590286254883e-05,0.0005006901919841766,0.0004716981202363968
2024,forward,0.01236218772828579,2.9921531677246094e-05,0.023577092215418816,0.02360701374709606,8.886121213436127e-05,0.0,0.0
2024,backward,0.01115596853196621,1.4448538422584534e-05,0.06962361559271812,0.06963806413114071,9.124167263507843e-05,0.0,0.0
2024,optimizer,0.0012154802680015564,3.1499192118644714e-05,0.0012576505541801453,0.00128914974629879,2.2580847144126892e-05,0.0004835892468690872,0.0005017798393964767
2025,forward,0.012422362342476845,2.917274832725525e-05,0.02348347008228302,0.023512642830610275,8.59927386045456e-05,0.0,0.0
2025,backward,0.01115776039659977,1.4839693903923035e-05,0.070072703063488,0.07008754275739193,9.060278534889221e-05,0.0,0.0
2025,optimizer,0.001232776790857315,3.048032522201538e-05,0.0012585651129484177,0.001289045438170433,2.400018274784088e-05,0.0009781382977962494,0.00046563707292079926
2026,forward,0.012372573837637901,2.906098961830139e-05,0.02356528863310814,0.02359434962272644,8.563324809074402e-05,0.0,0.0
2026,backward,0.011156503111124039,1.7000362277030945e-05,0.06970660574734211,0.06972360610961914,8.520297706127167e-05,0.0,0.0
2026,optimizer,0.0011668279767036438,2.752244472503662e-05,0.0012608729302883148,0.0012883953750133514,2.6747584342956543e-05,0.0004975497722625732,0.0004677772521972656
2027,forward,0.012350738048553467,2.73827463388443e-05,0.023543331772089005,0.02357071451842785,8.589215576648712e-05,0.0,0.0
2027,backward,0.011179381981492043,1.4079734683036804e-05,0.06970604509115219,0.06972012482583523,8.764117956161499e-05,0.0,0.0
2027,optimizer,0.0011721141636371613,2.7999281883239746e-05,0.0012653451412916183,0.001293344423174858,2.5181099772453308e-05,0.0005018897354602814,0.0004726983606815338
2028,forward,0.012523012235760689,3.0700117349624634e-05,0.023425178602337837,0.023455878719687462,8.652918040752411e-05,0.0,0.0
2028,backward,0.011160958558321,1.422874629497528e-05,0.06995393335819244,0.06996816210448742,8.674897253513336e-05,0.0,0.0
2028,optimizer,0.0011657103896141052,2.81408429145813e-05,0.0012658610939979553,0.0012940019369125366,2.6110559701919556e-05,0.0006113685667514801,0.00047262758016586304
2029,forward,0.012442080304026604,2.952292561531067e-05,0.023444749414920807,0.023474272340536118,8.297152817249298e-05,0.0,0.0
2029,backward,0.011164400726556778,1.6089528799057007e-05,0.06982872821390629,0.06984481774270535,8.60113650560379e-05,0.0,0.0
2029,optimizer,0.0011580288410186768,2.6881694793701172e-05,0.0012620016932487488,0.00128888338804245,2.397969365119934e-05,0.0008382648229598999,0.0004643872380256653
2030,forward,0.012355867773294449,2.8559938073158264e-05,0.023532843217253685,0.023561403155326843,8.295103907585144e-05,0.0,0.0
2030,backward,0.011179959401488304,1.7199665307998657e-05,0.06998863257467747,0.07000583223998547,9.164959192276001e-05,0.0,0.0
2030,optimizer,0.0011634211987257004,2.5838613510131836e-05,0.001260051503777504,0.0012858901172876358,2.6980414986610413e-05,0.0008078720420598984,0.00047194771468639374
2031,forward,0.012300889939069748,2.834014594554901e-05,0.023642051964998245,0.023670392110943794,8.813105523586273e-05,0.0,0.0
2031,backward,0.011228850111365318,1.4180317521095276e-05,0.06959406472742558,0.06960824504494667,9.175203740596771e-05,0.0,0.0
2031,optimizer,0.0011574216187000275,3.750994801521301e-05,0.0012641996145248413,0.0013017095625400543,2.567097544670105e-05,0.0004919879138469696,0.0004902780055999756
2032,forward,0.012392232194542885,3.0720606446266174e-05,0.023501798510551453,0.02353251911699772,8.675083518028259e-05,0.0,0.0
2032,backward,0.011149849742650986,1.411139965057373e-05,0.07000692188739777,0.07002103328704834,9.115226566791534e-05,0.0,0.0
2032,optimizer,0.0012422893196344376,3.006868064403534e-05,0.0012613534927368164,0.0012914221733808517,6.720051169395447e-05,0.0005045756697654724,0.00047206878662109375
2033,forward,0.012337667867541313,2.9690563678741455e-05,0.023567084223031998,0.02359677478671074,8.677132427692413e-05,0.0,0.0
2033,backward,0.011117486283183098,1.6961246728897095e-05,0.06978355534374714,0.06980051659047604,8.998066186904907e-05,0.0,0.0
2033,optimizer,0.001231163740158081,2.787262201309204e-05,0.001256309449672699,0.001284182071685791,2.4158507585525513e-05,0.0004922505468130112,0.00047238171100616455
2034,forward,0.01229923777282238,3.081187605857849e-05,0.023592783138155937,0.023623595014214516,8.579902350902557e-05,0.0,0.0
2034,backward,0.011104419827461243,1.7091631889343262e-05,0.06999769248068333,0.07001478411257267,8.709169924259186e-05,0.0,0.0
2034,optimizer,0.0012334920465946198,2.8328970074653625e-05,0.0012582596391439438,0.0012865886092185974,2.6499852538108826e-05,0.0007874742150306702,0.00047132931649684906
2035,forward,0.012316379696130753,2.896040678024292e-05,0.02362639270722866,0.023655353114008904,8.702278137207031e-05,0.0,0.0
2035,backward,0.011174051091074944,1.4340505003929138e-05,0.06963242590427399,0.06964676640927792,9.094178676605225e-05,0.0,0.0
2035,optimizer,0.0012263916432857513,2.6460736989974976e-05,0.0012565404176712036,0.0012830011546611786,2.3620203137397766e-05,0.0004913602024316788,0.00047323666512966156
2036,forward,0.01232784055173397,3.045983612537384e-05,0.02359026111662388,0.023620720952749252,8.741207420825958e-05,0.0,0.0
2036,backward,0.0111642275005579,1.4860183000564575e-05,0.06995485350489616,0.06996971368789673,8.972920477390289e-05,0.0,0.0
2036,optimizer,0.0012181326746940613,2.9550865292549133e-05,0.0012565311044454575,0.0012860819697380066,2.3379921913146973e-05,0.0008958857506513596,0.00046520866453647614
2037,forward,0.012639038264751434,2.8813257813453674e-05,0.02327350340783596,0.023302316665649414,0.00021852366626262665,0.0,0.0
2037,backward,0.011154256761074066,2.80626118183136e-05,0.06972303800284863,0.06975110061466694,8.745305240154266e-05,0.0,0.0
2037,optimizer,0.0009459424763917923,2.9141083359718323e-05,0.0012710317969322205,0.0013001728802919388,2.3633241653442383e-05,0.0004920084029436111,0.0004680212587118149
2038,forward,0.012279830873012543,2.8910115361213684e-05,0.02360869199037552,0.023637602105736732,8.50241631269455e-05,0.0,0.0
2038,backward,0.011101940646767616,1.7059966921806335e-05,0.06980374827980995,0.06982080824673176,9.143166244029999e-05,0.0,0.0
2038,optimizer,0.0012256596237421036,2.5330111384391785e-05,0.0012595206499099731,0.001284850761294365,2.6827678084373474e-05,0.0004969201982021332,0.0004663150757551193
2039,forward,0.012318378314375877,2.7991831302642822e-05,0.023568201810121536,0.02359619364142418,8.260086178779602e-05,0.0,0.0
2039,backward,0.0111225675791502,1.7140060663223267e-05,0.07013129629194736,0.07014843635261059,8.16192477941513e-05,0.0,0.0
2039,optimizer,0.001239962875843048,2.816133201122284e-05,0.0012576207518577576,0.0012857820838689804,2.6619061827659607e-05,0.0008073039352893829,0.00045350752770900726
2040,forward,0.012449843809008598,3.098323941230774e-05,0.023474987596273422,0.02350597083568573,8.786283433437347e-05,0.0,0.0
2040,backward,0.011148529127240181,1.3481825590133667e-05,0.06969440542161465,0.06970788724720478,9.246170520782471e-05,0.0,0.0
2040,optimizer,0.0012284424155950546,2.8092414140701294e-05,0.0012604016810655594,0.0012884940952062607,2.3519620299339294e-05,0.0004927478730678558,0.0004695672541856766
2041,forward,0.012273456901311874,3.072991967201233e-05,0.02362203225493431,0.023652762174606323,8.548051118850708e-05,0.0,0.0
2041,backward,0.011097278445959091,1.5040859580039978e-05,0.07005148194730282,0.07006652280688286,9.148195385932922e-05,0.0,0.0
2041,optimizer,0.0012346003204584122,2.633221447467804e-05,0.0012597907334566116,0.0012861229479312897,2.343207597732544e-05,0.0008495934307575226,0.0004705488681793213
2042,forward,0.012344837188720703,2.8911978006362915e-05,0.02355782315135002,0.023586735129356384,8.522160351276398e-05,0.0,0.0
2042,backward,0.011559227481484413,1.7939135432243347e-05,0.06928537972271442,0.06930331885814667,8.671171963214874e-05,0.0,0.0
2042,optimizer,0.001233961433172226,2.736225724220276e-05,0.0012598522007465363,0.001287214457988739,2.5870278477668762e-05,0.0005090199410915375,0.0004696473479270935
2043,forward,0.012289401143789291,3.0020251870155334e-05,0.023596059530973434,0.02362607978284359,8.577294647693634e-05,0.0,0.0
2043,backward,0.011579597368836403,1.4727935194969177e-05,0.06950836442410946,0.06952309235930443,9.036064147949219e-05,0.0,0.0
2043,optimizer,0.0012257900089025497,2.808310091495514e-05,0.001270761713385582,0.0012988448143005371,2.6399269700050354e-05,0.0027549266815185547,0.000477377325296402
2044,forward,0.012404542416334152,3.126077353954315e-05,0.02350923977792263,0.023540500551462173,8.558295667171478e-05,0.0,0.0
2044,backward,0.011159999296069145,1.4131888747215271e-05,0.06963613629341125,0.06965026818215847,8.906051516532898e-05,0.0,0.0
2044,optimizer,0.0012194495648145676,2.8500333428382874e-05,0.0012647714465856552,0.001293271780014038,2.5879591703414917e-05,0.0005215499550104141,0.0004692394286394119
2045,forward,0.012284373864531517,2.9843300580978394e-05,0.023604748770594597,0.023634592071175575,8.481182157993317e-05,0.0,0.0
2045,backward,0.011107129976153374,1.80806964635849e-05,0.06996609270572662,0.06998417340219021,8.675083518028259e-05,0.0,0.0
2045,optimizer,0.001238001510500908,2.9221177101135254e-05,0.0012606307864189148,0.00128985196352005,2.2670254111289978e-05,0.0008149836212396622,0.0004688762128353119
2046,forward,0.012656176462769508,2.8973445296287537e-05,0.023280415683984756,0.023309389129281044,8.635967969894409e-05,0.0,0.0
2046,backward,0.011087365448474884,1.6380101442337036e-05,0.06988147273659706,0.0698978528380394,8.803233504295349e-05,0.0,0.0
2046,optimizer,0.0012257713824510574,2.693943679332733e-05,0.0012660026550292969,0.0012929420918226242,2.5410205125808716e-05,0.000498620793223381,0.00047176890075206757
2047,forward,0.012325627729296684,2.787262201309204e-05,0.023545561358332634,0.023573433980345726,8.505955338478088e-05,0.0,0.0
2047,backward,0.011577056720852852,1.6400590538978577e-05,0.06952229514718056,0.06953869573771954,9.104236960411072e-05,0.0,0.0
2047,optimizer,0.0012326110154390335,4.016980528831482e-05,0.0012619923800230026,0.0013021621853113174,2.3711472749710083e-05,0.0009647347033023834,0.00047111883759498596
2048,forward,0.012293744832277298,3.0511990189552307e-05,0.023632699623703957,0.02366321161389351,8.278153836727142e-05,0.0,0.0
2048,backward,0.011137079447507858,1.6281381249427795e-05,0.0697447881102562,0.06976106949150562,9.064003825187683e-05,0.0,0.0
2048,optimizer,0.0012273099273443222,2.7880072593688965e-05,0.0012579020112752914,0.0012857820838689804,2.421066164970398e-05,0.0004923399537801743,0.00047273561358451843
2049,forward,0.012358052656054497,2.834014594554901e-05,0.02356242947280407,0.02359076961874962,8.480064570903778e-05,0.0,0.0
2049,backward,0.01156155951321125,1.5409663319587708e-05,0.0693188589066267,0.06933426856994629,9.212084114551544e-05,0.0,0.0
2049,optimizer,0.001242930069565773,2.356991171836853e-05,0.0012541916221380234,0.001277761533856392,2.3419037461280823e-05,0.000498620793223381,0.0004703216254711151
2050,forward,0.012417690828442574,2.8459355235099792e-05,0.023478709161281586,0.023507168516516685,8.518435060977936e-05,0.0,0.0
2050,backward,0.011419326066970825,1.5769153833389282e-05,0.06972162611782551,0.0697373952716589,8.94833356142044e-05,0.0,0.0
2050,optimizer,0.0012344010174274445,2.9809772968292236e-05,0.0012602917850017548,0.001290101557970047,2.62334942817688e-05,0.0007976032793521881,0.00046842731535434723
2051,forward,0.012366220355033875,2.9630959033966064e-05,0.02351357974112034,0.023543210700154305,8.746050298213959e-05,0.0,0.0
2051,backward,0.011173078790307045,1.4878809452056885e-05,0.06963885575532913,0.06965373456478119,9.177252650260925e-05,0.0,0.0
2051,optimizer,0.0012313704937696457,2.8351321816444397e-05,0.001260293647646904,0.0012886449694633484,2.403929829597473e-05,0.0004836488515138626,0.0004763193428516388
2052,forward,0.012626728042960167,2.9228627681732178e-05,0.023296885192394257,0.02332611382007599,8.579343557357788e-05,0.0,0.0
2052,backward,0.011082306504249573,1.5418976545333862e-05,0.07010545581579208,0.07012087479233742,9.042955935001373e-05,0.0,0.0
2052,optimizer,0.0012310221791267395,2.935156226158142e-05,0.0012653600424528122,0.0012947116047143936,2.3851171135902405e-05,0.0008220337331295013,0.0004707593470811844
2053,forward,0.012388160452246666,2.9493123292922974e-05,0.023515652865171432,0.023545145988464355,8.501298725605011e-05,0.0,0.0
2053,backward,0.011162307113409042,1.5368685126304626e-05,0.06974256783723831,0.06975793652236462,9.009242057800293e-05,0.0,0.0
2053,optimizer,0.0012299828231334686,2.7859583497047424e-05,0.001260438933968544,0.0012882985174655914,2.3631379008293152e-05,0.0004915669560432434,0.00046885572373867035
2054,forward,0.012333059683442116,2.820044755935669e-05,0.02353564091026783,0.023563841357827187,8.399039506912231e-05,0.0,0.0
2054,backward,0.011098932474851608,1.4970079064369202e-05,0.07004754059016705,0.07006251066923141,9.028427302837372e-05,0.0,0.0
2054,optimizer,0.001222541555762291,3.0390918254852295e-05,0.0012589897960424423,0.0012893807142972946,2.382323145866394e-05,0.0008683260530233383,0.0004703085869550705
2055,forward,0.01256815530359745,3.059208393096924e-05,0.023333387449383736,0.023363979533314705,8.837319910526276e-05,0.0,0.0
2055,backward,0.011173076927661896,1.4867633581161499e-05,0.06970869936048985,0.069723566994071,0.00010059215128421783,0.0,0.0
2055,optimizer,0.001216299831867218,2.9141083359718323e-05,0.0012571010738611221,0.0012862421572208405,2.4080276489257812e-05,0.0004932992160320282,0.00046824850142002106
2056,forward,0.01240927167236805,3.1050294637680054e-05,0.023520639166235924,0.023551689460873604,8.082203567028046e-05,0.0,0.0
2056,backward,0.011134136468172073,1.5292316675186157e-05,0.07001690194010735,0.07003219425678253,8.73412936925888e-05,0.0,0.0
2056,optimizer,0.001248672604560852,2.7101486921310425e-05,0.0012584719806909561,0.0012855734676122665,2.8401613235473633e-05,0.0004980470985174179,0.00046750716865062714
2057,forward,0.012362662702798843,2.925097942352295e-05,0.023583579808473587,0.02361283078789711,8.315220475196838e-05,0.0,0.0
2057,backward,0.011163758113980293,1.648254692554474e-05,0.06963787414133549,0.06965435668826103,9.415298700332642e-05,0.0,0.0
2057,optimizer,0.0012707524001598358,2.4320557713508606e-05,0.001257559284567833,0.0012818798422813416,2.4238601326942444e-05,0.0005072392523288727,0.0004692487418651581
2058,forward,0.012399710714817047,3.0348077416419983e-05,0.023486919701099396,0.023517267778515816,8.529238402843475e-05,0.0,0.0
2058,backward,0.01118042878806591,1.4839693903923035e-05,0.06997521035373211,0.06999005004763603,9.182281792163849e-05,0.0,0.0
2058,optimizer,0.001230461522936821,2.5462359189987183e-05,0.001261059194803238,0.001286521553993225,2.383999526500702e-05,0.0008673258125782013,0.0004912801086902618
2059,forward,0.013146575540304184,4.184059798717499e-05,0.022931549698114395,0.02297339029610157,0.00012097880244255066,0.0,0.0
2059,backward,0.011197362095117569,1.6570091247558594e-05,0.06973781622946262,0.06975438632071018,9.275972843170166e-05,0.0,0.0
2059,optimizer,0.0013270322233438492,2.789124846458435e-05,0.0012594200670719147,0.001287311315536499,2.5331974029541016e-05,0.0005136206746101379,0.0005551297217607498
2060,forward,0.012330800294876099,3.084354102611542e-05,0.02355227991938591,0.023583123460412025,8.032284677028656e-05,0.0,0.0
2060,backward,0.011131322011351585,1.6391277313232422e-05,0.0700247511267662,0.07004114240407944,9.028986096382141e-05,0.0,0.0
2060,optimizer,0.0012401118874549866,2.8312206268310547e-05,0.0012613795697689056,0.0012896917760372162,2.5218352675437927e-05,0.0004902482032775879,0.00047287717461586
2061,forward,0.012369448319077492,2.9960647225379944e-05,0.02351149171590805,0.02354145236313343,8.739158511161804e-05,0.0,0.0
2061,backward,0.011108528822660446,1.8250197172164917e-05,0.06996050104498863,0.0699787512421608,8.665211498737335e-05,0.0,0.0
2061,optimizer,0.0012235399335622787,2.942793071269989e-05,0.001260712742805481,0.0012901406735181808,2.942979335784912e-05,0.0007991436868906021,0.00047173723578453064
2062,forward,0.012440161779522896,2.9940158128738403e-05,0.023495281115174294,0.023525221273303032,8.986145257949829e-05,0.0,0.0
2062,backward,0.011122651398181915,1.5089288353919983e-05,0.06965095549821854,0.06966604478657246,9.093247354030609e-05,0.0,0.0
2062,optimizer,0.001228203997015953,2.9560178518295288e-05,0.001263689249753952,0.0012932494282722473,2.3562461137771606e-05,0.0004988573491573334,0.0004717875272035599
2063,forward,0.012390412390232086,3.188103437423706e-05,0.02351691946387291,0.023548800498247147,8.229352533817291e-05,0.0,0.0
2063,backward,0.011146299540996552,1.5612691640853882e-05,0.0700061023235321,0.07002171501517296,9.173154830932617e-05,0.0,0.0
2063,optimizer,0.001220541074872017,3.9070844650268555e-05,0.0012627001851797104,0.001301771029829979,2.316012978553772e-05,0.0022652875632047653,0.00047717802226543427
2064,forward,0.012424929067492485,2.9750168323516846e-05,0.02347750961780548,0.023507259786128998,8.315034210681915e-05,0.0,0.0
2064,backward,0.01115323230624199,1.735985279083252e-05,0.06971927545964718,0.06973663531243801,8.618272840976715e-05,0.0,0.0
2064,optimizer,0.001230953261256218,2.6833266019821167e-05,0.0012663118541240692,0.0012931451201438904,2.4849548935890198e-05,0.0004843175411224365,0.0004739779978990555
2065,forward,0.01235751062631607,2.9422342777252197e-05,0.023533448576927185,0.023562870919704437,8.729100227355957e-05,0.0,0.0
2065,backward,0.011151619255542755,1.4510005712509155e-05,0.0699420515447855,0.06995656155049801,9.24915075302124e-05,0.0,0.0
2065,optimizer,0.0012438800185918808,2.8969720005989075e-05,0.0012574922293424606,0.0012864619493484497,2.600252628326416e-05,0.000490088015794754,0.00046622008085250854
2066,forward,0.012773478403687477,3.0113384127616882e-05,0.023137953132390976,0.023168066516518593,9.498186409473419e-05,0.0,0.0
2066,backward,0.011185452342033386,1.4159828424453735e-05,0.06958886422216892,0.06960302405059338,8.815154433250427e-05,0.0,0.0
2066,optimizer,0.0011538676917552948,2.9599294066429138e-05,0.001254511997103691,0.0012841112911701202,2.4160370230674744e-05,0.000500701367855072,0.0004761200398206711
2067,forward,0.012381261214613914,3.056041896343231e-05,0.023516511544585228,0.02354707196354866,8.030980825424194e-05,0.0,0.0
2067,backward,0.01113315299153328,1.5409663319587708e-05,0.07001283206045628,0.07002824172377586,8.918158710002899e-05,0.0,0.0
2067,optimizer,0.0012275800108909607,2.5000423192977905e-05,0.0012609828263521194,0.0012859832495450974,0.00013262219727039337,0.0005004089325666428,0.0004765484482049942
2068,forward,0.012250609695911407,2.9919669032096863e-05,0.02363714389503002,0.02366706356406212,8.234195411205292e-05,0.0,0.0
2068,backward,0.01109335944056511,1.860782504081726e-05,0.0698135569691658,0.06983216479420662,9.437277913093567e-05,0.0,0.0
2068,optimizer,0.0012245122343301773,2.831965684890747e-05,0.001255059614777565,0.0012833792716264725,2.432987093925476e-05,0.0004906486719846725,0.00047117844223976135
2069,forward,0.012302948161959648,2.9459595680236816e-05,0.02356618084013462,0.023595640435814857,8.726119995117188e-05,0.0,0.0
2069,backward,0.011185374110937119,1.4439225196838379e-05,0.06993700750172138,0.06995144672691822,9.041279554367065e-05,0.0,0.0
2069,optimizer,0.0012263208627700806,2.7241185307502747e-05,0.0012621115893125534,0.0012893527746200562,2.684071660041809e-05,0.000498579815030098,0.00047923624515533447
2070,forward,0.012297667562961578,3.0180439352989197e-05,0.023581603541970253,0.023611783981323242,8.806958794593811e-05,0.0,0.0
2070,backward,0.011177681386470795,1.4528632164001465e-05,0.06960201263427734,0.06961654126644135,9.227171540260315e-05,0.0,0.0
2070,optimizer,0.0012309346348047256,2.7710571885108948e-05,0.0012637246400117874,0.0012914352118968964,2.3659318685531616e-05,0.0004973076283931732,0.0004659872502088547
2071,forward,0.012514062225818634,2.9360875487327576e-05,0.023401301354169846,0.023430662229657173,8.412264287471771e-05,0.0,0.0
2071,backward,0.011153589934110641,1.4549121260643005e-05,0.07009205408394337,0.07010660320520401,9.031035006046295e-05,0.0,0.0
2071,optimizer,0.0012351814657449722,2.6959925889968872e-05,0.0012601707130670547,0.0012871306389570236,2.500973641872406e-05,0.0009611677378416061,0.0004651285707950592
2072,forward,0.012288959696888924,2.831965684890747e-05,0.023582689464092255,0.023611009120941162,7.881224155426025e-05,0.0,0.0
2072,backward,0.011165892705321312,1.788325607776642e-05,0.0697608757764101,0.06977875903248787,8.65589827299118e-05,0.0,0.0
2072,optimizer,0.001235002651810646,2.7632340788841248e-05,0.0012561790645122528,0.001283811405301094,2.777017652988434e-05,0.0004996582865715027,0.00046928785741329193
2073,forward,0.01228896901011467,2.7939677238464355e-05,0.0236577820032835,0.023685721680521965,8.972175419330597e-05,0.0,0.0
2073,backward,0.011125655844807625,1.6247853636741638e-05,0.06967596895992756,0.0696922168135643,8.906982839107513e-05,0.0,0.0
2073,optimizer,0.001224510371685028,2.9478222131729126e-05,0.0012600123882293701,0.0012894906103610992,2.4089589715003967e-05,0.0006982032209634781,0.000468619167804718
2074,forward,0.012334682047367096,3.158301115036011e-05,0.0235812496393919,0.02361283265054226,9.917281568050385e-05,0.0,0.0
2074,backward,0.011136841028928757,1.5459954738616943e-05,0.07004987448453903,0.07006533443927765,8.901208639144897e-05,0.0,0.0
2074,optimizer,0.0012174621224403381,2.7291476726531982e-05,0.0012602806091308594,0.0012875720858573914,2.6540830731391907e-05,0.0005008559674024582,0.00046871602535247803
2075,forward,0.012843318283557892,3.0329450964927673e-05,0.023045672103762627,0.023076001554727554,8.13119113445282e-05,0.0,0.0
2075,backward,0.011115878820419312,1.58604234457016e-05,0.06967495754361153,0.06969081796705723,8.871033787727356e-05,0.0,0.0
2075,optimizer,0.0012215692549943924,2.6401132345199585e-05,0.0012605413794517517,0.0012869425117969513,2.651102840900421e-05,0.0005045384168624878,0.00047094933688640594
2076,forward,0.012332629412412643,3.0780211091041565e-05,0.023553280159831047,0.02358406037092209,8.26120376586914e-05,0.0,0.0
2076,backward,0.011142881587147713,1.7950311303138733e-05,0.06999548897147179,0.07001343928277493,8.926354348659515e-05,0.0,0.0
2076,optimizer,0.0012377183884382248,2.5939196348190308e-05,0.0012606848031282425,0.0012866239994764328,2.576783299446106e-05,0.0009012259542942047,0.0004682280123233795
2077,forward,0.012346239760518074,3.0310824513435364e-05,0.023545732721686363,0.0235760435461998,8.278340101242065e-05,0.0,0.0
2077,backward,0.011520104482769966,1.7000362277030945e-05,0.06926378980278969,0.06928079016506672,9.313225746154785e-05,0.0,0.0
2077,optimizer,0.0012338906526565552,2.473965287208557e-05,0.001261431723833084,0.0012861713767051697,2.3191794753074646e-05,0.0004944968968629837,0.0004698280245065689
2078,forward,0.012275578454136848,3.117881715297699e-05,0.02362029440701008,0.023651473224163055,8.747167885303497e-05,0.0,0.0
2078,backward,0.01136363297700882,1.3789162039756775e-05,0.06974250823259354,0.0697562973946333,9.171105921268463e-05,0.0,0.0
2078,optimizer,0.0012407135218381882,2.6499852538108826e-05,0.0012532714754343033,0.0012797713279724121,2.5531277060508728e-05,0.0004999805241823196,0.00047335028648376465
2079,forward,0.012347480282187462,3.0120834708213806e-05,0.02352304942905903,0.023553170263767242,8.602067828178406e-05,0.0,0.0
2079,backward,0.011182662099599838,1.4990568161010742e-05,0.06985262781381607,0.06986761838197708,9.308941662311554e-05,0.0,0.0
2079,optimizer,0.001237422227859497,2.662278711795807e-05,0.0012588705867528915,0.0012854933738708496,2.43503600358963e-05,0.000880654901266098,0.0004674158990383148
2080,forward,0.012331537902355194,2.9899179935455322e-05,0.02351677231490612,0.023546671494841576,8.556060492992401e-05,0.0,0.0
2080,backward,0.011126482859253883,1.598149538040161e-05,0.07005518116056919,0.07007116265594959,8.787214756011963e-05,0.0,0.0
2080,optimizer,0.0012438204139471054,3.1361356377601624e-05,0.001253342255949974,0.0012847036123275757,2.7060508728027344e-05,0.0005016680806875229,0.0004662889987230301
2081,forward,0.01231507956981659,2.817995846271515e-05,0.023577142506837845,0.02360532246530056,8.656084537506104e-05,0.0,0.0
2081,backward,0.011181490495800972,1.477077603340149e-05,0.06967794895172119,0.06969271972775459,8.65403562784195e-05,0.0,0.0
2081,optimizer,0.0012253094464540482,2.9299408197402954e-05,0.0012601222842931747,0.0012894216924905777,2.5721266865730286e-05,0.0004926994442939758,0.00047155655920505524
2082,forward,0.012339109554886818,3.0780211091041565e-05,0.023538680747151375,0.023569460958242416,8.953176438808441e-05,0.0,0.0
2082,backward,0.011503972113132477,1.5139579772949219e-05,0.06950816512107849,0.06952330470085144,9.070336818695068e-05,0.0,0.0
2082,optimizer,0.0012327022850513458,2.7669593691825867e-05,0.0012668725103139877,0.0012945421040058136,2.389959990978241e-05,0.0026664435863494873,0.0004718080163002014
2083,forward,0.01238970085978508,3.0159950256347656e-05,0.023614931851625443,0.02364509180188179,8.52588564157486e-05,0.0,0.0
2083,backward,0.011153778061270714,1.4431774616241455e-05,0.06966636702418327,0.06968079879879951,8.667074143886566e-05,0.0,0.0
2083,optimizer,0.0012315977364778519,2.8312206268310547e-05,0.0012591034173965454,0.001287415623664856,2.5529414415359497e-05,0.0005952604115009308,0.0004696603864431381
2084,forward,0.012739365920424461,2.8889626264572144e-05,0.02318962663412094,0.023218516260385513,8.277036249637604e-05,0.0,0.0
2084,backward,0.011128650978207588,1.7980113625526428e-05,0.0699241403490305,0.06994212046265602,8.657947182655334e-05,0.0,0.0
2084,optimizer,0.0012213215231895447,2.925284206867218e-05,0.0012632999569177628,0.001292552798986435,2.4612993001937866e-05,0.0008591040968894958,0.0004777871072292328
2085,forward,0.012363189831376076,2.977997064590454e-05,0.02355487272143364,0.023584652692079544,8.628144860267639e-05,0.0,0.0
2085,backward,0.011152802035212517,1.560896635055542e-05,0.069811487570405,0.06982709653675556,9.117275476455688e-05,0.0,0.0
2085,optimizer,0.00122855044901371,2.6501715183258057e-05,0.0012592002749443054,0.0012857019901275635,2.6771798729896545e-05,0.0004912782460451126,0.00047002919018268585
2086,forward,0.01231992058455944,3.0202791094779968e-05,0.023548901081085205,0.023579103872179985,8.553080260753632e-05,0.0,0.0
2086,backward,0.011174576357007027,1.5391036868095398e-05,0.06970017962157726,0.06971557065844536,9.3093141913414e-05,0.0,0.0
2086,optimizer,0.0012188535183668137,3.0221417546272278e-05,0.0012581795454025269,0.0012884009629487991,2.249889075756073e-05,0.0004893876612186432,0.000475538894534111
2087,forward,0.012334289029240608,2.977997064590454e-05,0.02352176047861576,0.023551540449261665,8.386000990867615e-05,0.0,0.0
2087,backward,0.011151442304253578,1.4647841453552246e-05,0.07007657177746296,0.07009121961891651,9.129196405410767e-05,0.0,0.0
2087,optimizer,0.0012238603085279465,2.6190653443336487e-05,0.001267431303858757,0.0012936219573020935,2.473965287208557e-05,0.0008568447083234787,0.000476958230137825
2088,forward,0.012329060584306717,2.983957529067993e-05,0.023528220131993294,0.023558059707283974,8.856877684593201e-05,0.0,0.0
2088,backward,0.01116354949772358,1.6318634152412415e-05,0.06991981156170368,0.0699361301958561,8.920207619667053e-05,0.0,0.0
2088,optimizer,0.0012294389307498932,2.6620924472808838e-05,0.001261083409190178,0.0012877043336629868,2.7529895305633545e-05,0.0004903282970190048,0.00046902894973754883
2089,forward,0.012292258441448212,2.7179718017578125e-05,0.02364015206694603,0.023667331784963608,8.642114698886871e-05,0.0,0.0
2089,backward,0.011131372302770615,1.5560537576675415e-05,0.06967722438275814,0.06969278492033482,9.040161967277527e-05,0.0,0.0
2089,optimizer,0.00123617984354496,2.793222665786743e-05,0.0012632925063371658,0.0012912247329950333,2.3171305656433105e-05,0.0004993490874767303,0.0004716683179140091
2090,forward,0.012323500588536263,2.7861446142196655e-05,0.02356545999646187,0.023593321442604065,8.81832093000412e-05,0.0,0.0
2090,backward,0.011474262923002243,1.4269724488258362e-05,0.0695402454584837,0.06955451518297195,8.749961853027344e-05,0.0,0.0
2090,optimizer,0.0012286212295293808,2.7740374207496643e-05,0.0012572817504405975,0.0012850221246480942,2.6213005185127258e-05,0.0008060764521360397,0.0004710480570793152
2091,forward,0.012369642034173012,3.1299889087677e-05,0.02356800064444542,0.023599300533533096,8.53314995765686e-05,0.0,0.0
2091,backward,0.011513227596879005,1.4258548617362976e-05,0.06932463124394417,0.06933888979256153,8.743256330490112e-05,0.0,0.0
2091,optimizer,0.0012382715940475464,2.6540830731391907e-05,0.0012610796838998795,0.0012876205146312714,2.5529414415359497e-05,0.0006626825779676437,0.0004706587642431259
2092,forward,0.012329550459980965,2.931244671344757e-05,0.02356996014714241,0.023599272593855858,8.281320333480835e-05,0.0,0.0
2092,backward,0.011198850348591805,1.733936369419098e-05,0.06982839852571487,0.06984573788940907,8.662231266498566e-05,0.0,0.0
2092,optimizer,0.0012302733957767487,2.8267502784729004e-05,0.0012639500200748444,0.0012922175228595734,2.3368746042251587e-05,0.0010223984718322754,0.0004669409245252609
2093,forward,0.01229090802371502,2.9420480132102966e-05,0.023598620668053627,0.02362804114818573,8.428283035755157e-05,0.0,0.0
2093,backward,0.01117563247680664,1.7231330275535583e-05,0.06993749924004078,0.06995473057031631,9.381212294101715e-05,0.0,0.0
2093,optimizer,0.0011550169438123703,2.721138298511505e-05,0.0012567322701215744,0.0012839436531066895,2.544000744819641e-05,0.0004996303468942642,0.00048590824007987976
2094,forward,0.012290192767977715,2.9180198907852173e-05,0.023613780736923218,0.02364296093583107,8.845143020153046e-05,0.0,0.0
2094,backward,0.011256961151957512,1.4239922165870667e-05,0.06955804489552975,0.06957228481769562,9.265169501304626e-05,0.0,0.0
2094,optimizer,0.0011692531406879425,2.8731301426887512e-05,0.0012603923678398132,0.0012891236692667007,2.3659318685531616e-05,0.0004985276609659195,0.00046847760677337646
2095,forward,0.012294609099626541,2.9860064387321472e-05,0.0235945712774992,0.02362443134188652,8.656084537506104e-05,0.0,0.0
2095,backward,0.011241544038057327,1.4901161193847656e-05,0.06987353973090649,0.06988844089210033,9.404495358467102e-05,0.0,0.0
2095,optimizer,0.0009545497596263885,3.010779619216919e-05,0.0012627504765987396,0.0012928582727909088,2.3348256945610046e-05,0.0008685849606990814,0.0004736296832561493
2096,forward,0.012421810999512672,2.8518959879875183e-05,0.023432070389389992,0.023460589349269867,8.405931293964386e-05,0.0,0.0
2096,backward,0.011551357805728912,1.5391036868095398e-05,0.06956840492784977,0.06958379596471786,9.112246334552765e-05,0.0,0.0
2096,optimizer,0.0011671483516693115,2.965889871120453e-05,0.0012595020234584808,0.0012891609221696854,2.4439767003059387e-05,0.0009211935102939606,0.000469747930765152
2097,forward,0.012310948222875595,3.0510127544403076e-05,0.02361917309463024,0.023649683222174644,8.464232087135315e-05,0.0,0.0
2097,backward,0.011192139238119125,1.676008105278015e-05,0.06955468654632568,0.06957144662737846,8.680857717990875e-05,0.0,0.0
2097,optimizer,0.001171579584479332,2.8399750590324402e-05,0.0012604426592588425,0.0012888424098491669,2.5968998670578003e-05,0.0005074478685855865,0.00047461502254009247
2098,forward,0.01231403648853302,2.871081233024597e-05,0.023570870980620384,0.02359958179295063,8.567981421947479e-05,0.0,0.0
2098,backward,0.011592675000429153,1.5310943126678467e-05,0.06949612498283386,0.06951143592596054,8.893199265003204e-05,0.0,0.0
2098,optimizer,0.0011644680052995682,3.0720606446266174e-05,0.0012556631118059158,0.001286383718252182,2.458132803440094e-05,0.0028516892343759537,0.00047955848276615143
2099,forward,0.012671174481511116,3.060884773731232e-05,0.02325657568871975,0.023287184536457062,8.746236562728882e-05,0.0,0.0
2099,backward,0.01117401011288166,1.4560297131538391e-05,0.0696903858333826,0.06970494613051414,8.832104504108429e-05,0.0,0.0
2099,optimizer,0.0011996496468782425,2.8831884264945984e-05,0.001259882003068924,0.00128871388733387,2.603977918624878e-05,0.0004936475306749344,0.0004692375659942627
2100,forward,0.012328138574957848,2.974085509777069e-05,0.02354293130338192,0.02357267215847969,8.022971451282501e-05,0.0,0.0
2100,backward,0.01118965819478035,1.521967351436615e-05,0.06956164725124836,0.06957686692476273,8.86525958776474e-05,0.0,0.0
2100,optimizer,0.0011763926595449448,2.6950612664222717e-05,0.001255430281162262,0.0012823808938264847,2.6691704988479614e-05,0.00048319436609745026,0.00047442130744457245
2101,forward,0.012301787734031677,3.00724059343338e-05,0.023571060970425606,0.02360113337635994,8.189864456653595e-05,0.0,0.0
2101,backward,0.011194299906492233,1.76895409822464e-05,0.07007336430251598,0.07009105384349823,8.920207619667053e-05,0.0,0.0
2101,optimizer,0.0011629220098257065,2.6699155569076538e-05,0.001263478770852089,0.0012901779264211655,2.530217170715332e-05,0.000792061910033226,0.0004778783768415451
2102,forward,0.012323187664151192,2.8349459171295166e-05,0.02357863262295723,0.023606982082128525,8.624233305454254e-05,0.0,0.0
2102,backward,0.011504964902997017,1.4269724488258362e-05,0.06947227381169796,0.06948654353618622,9.396299719810486e-05,0.0,0.0
2102,optimizer,0.001233058050274849,2.7531757950782776e-05,0.0012576822191476822,0.001285213977098465,2.5570392608642578e-05,0.0004938282072544098,0.00047342851758003235
2103,forward,0.012276148423552513,3.040023148059845e-05,0.023665033280849457,0.023695433512330055,8.779950439929962e-05,0.0,0.0
2103,backward,0.011256050318479538,1.3688579201698303e-05,0.06980497017502785,0.06981865875422955,9.114108979701996e-05,0.0,0.0
2103,optimizer,0.0012356732040643692,2.8850510716438293e-05,0.0012575089931488037,0.001286359503865242,2.4242326617240906e-05,0.0008765868842601776,0.00046746619045734406
2104,forward,0.0123166274279356,3.045983612537384e-05,0.023571942001581192,0.023602401837706566,8.628331124782562e-05,0.0,0.0
2104,backward,0.01119387149810791,2.3771077394485474e-05,0.06982789933681488,0.06985167041420937,8.787214756011963e-05,0.0,0.0
2104,optimizer,0.0012246724218130112,2.7161091566085815e-05,0.0012574605643749237,0.0012846216559410095,2.7729198336601257e-05,0.0004931092262268066,0.000470135360956192
2105,forward,0.012307699769735336,3.0059367418289185e-05,0.023648511618375778,0.023678570985794067,8.728355169296265e-05,0.0,0.0
2105,backward,0.011169049888849258,1.6167759895324707e-05,0.06994549185037613,0.06996165961027145,8.678063750267029e-05,0.0,0.0
2105,optimizer,0.0011679716408252716,2.9001384973526e-05,0.0012608207762241364,0.0012898221611976624,2.3908913135528564e-05,0.0008810143917798996,0.0004688482731580734
2106,forward,0.0123633723706007,2.9958784580230713e-05,0.023600490763783455,0.023630449548363686,8.641183376312256e-05,0.0,0.0
2106,backward,0.011183219030499458,1.4508143067359924e-05,0.06959105655550957,0.06960556469857693,8.766911923885345e-05,0.0,0.0
2106,optimizer,0.0011635497212409973,2.8131529688835144e-05,0.0012512505054473877,0.0012793820351362228,2.4221837520599365e-05,0.0004924070090055466,0.00047170743346214294
2107,forward,0.012362532317638397,3.016926348209381e-05,0.023571331053972244,0.023601500317454338,9.673275053501129e-05,0.0,0.0
2107,backward,0.011346064507961273,4.270114004611969e-05,0.07006588205695152,0.07010858319699764,8.854083716869354e-05,0.0,0.0
2107,optimizer,0.0013041794300079346,3.0182301998138428e-05,0.0012546628713607788,0.0012848451733589172,2.3640692234039307e-05,0.0009019747376441956,0.0005036089569330215
2108,forward,0.012524181976914406,3.0171126127243042e-05,0.023401768878102303,0.023431940004229546,8.273124694824219e-05,0.0,0.0
2108,backward,0.01112179085612297,1.644901931285858e-05,0.06978368759155273,0.06980013661086559,8.817203342914581e-05,0.0,0.0
2108,optimizer,0.0012142937630414963,2.6591122150421143e-05,0.0012639109045267105,0.0012905020266771317,2.3799017071723938e-05,0.0005011111497879028,0.00046842731535434723
2109,forward,0.012457065284252167,3.052130341529846e-05,0.023449568077921867,0.023480089381337166,8.573196828365326e-05,0.0,0.0
2109,backward,0.011096639558672905,1.5040859580039978e-05,0.06985948793590069,0.06987452879548073,8.780509233474731e-05,0.0,0.0
2109,optimizer,0.0012231338769197464,2.7919188141822815e-05,0.0012587793171405792,0.001286698505282402,4.161149263381958e-05,0.0004908870905637741,0.0004676561802625656
2110,forward,0.012357871979475021,3.1361356377601624e-05,0.0235431008040905,0.0235744621604681,8.568167686462402e-05,0.0,0.0
2110,backward,0.011122927069664001,1.5849247574806213e-05,0.06995792128145695,0.06997377052903175,9.344890713691711e-05,0.0,0.0
2110,optimizer,0.0012380536645650864,2.775155007839203e-05,0.0012652389705181122,0.0012929905205965042,2.3579224944114685e-05,0.0008106939494609833,0.00046607665717601776
2111,forward,0.012537164613604546,3.088079392910004e-05,0.023369479924440384,0.023400360718369484,8.135288953781128e-05,0.0,0.0
2111,backward,0.011142410337924957,1.5441328287124634e-05,0.06995170190930367,0.06996714323759079,9.31713730096817e-05,0.0,0.0
2111,optimizer,0.0012276899069547653,2.386048436164856e-05,0.0012567918747663498,0.0012806523591279984,2.716854214668274e-05,0.000492095947265625,0.0004700068384408951
2112,forward,0.012359041720628738,2.7731060981750488e-05,0.023579278960824013,0.023607010021805763,8.79000872373581e-05,0.0,0.0
2112,backward,0.01113320142030716,1.6110017895698547e-05,0.06960870325565338,0.06962481327354908,9.255111217498779e-05,0.0,0.0
2112,optimizer,0.0012235678732395172,2.603977918624878e-05,0.0012585334479808807,0.0012845732271671295,2.4089589715003967e-05,0.0004971176385879517,0.00047381967306137085
2113,forward,0.012397442013025284,2.9439106583595276e-05,0.023480437695980072,0.023509876802563667,8.633919060230255e-05,0.0,0.0
2113,backward,0.011112799867987633,1.556798815727234e-05,0.07010182179510593,0.0701173897832632,8.98316502571106e-05,0.0,0.0
2113,optimizer,0.0012342091649770737,2.8090551495552063e-05,0.0012598317116498947,0.0012879222631454468,2.5402754545211792e-05,0.0009188540279865265,0.00046993978321552277
2114,forward,0.012408403679728508,3.009103238582611e-05,0.023531969636678696,0.023562060669064522,8.834153413772583e-05,0.0,0.0
2114,backward,0.011208754032850266,1.5949830412864685e-05,0.06958401203155518,0.06959996186196804,8.947961032390594e-05,0.0,0.0
2114,optimizer,0.0011515375226736069,2.7621164917945862e-05,0.0012565813958644867,0.0012842025607824326,2.6127323508262634e-05,0.0004991497844457626,0.0004756990820169449
2115,forward,0.01238613948225975,3.088079392910004e-05,0.02351849153637886,0.02354937233030796,8.684024214744568e-05,0.0,0.0
2115,backward,0.01119433157145977,1.4740973711013794e-05,0.06996545940637589,0.0699802003800869,8.93622636795044e-05,0.0,0.0
2115,optimizer,0.0011722613126039505,2.9440969228744507e-05,0.0012617111206054688,0.0012911520898342133,2.473965287208557e-05,0.0008721556514501572,0.0004757363349199295
2116,forward,0.01237177848815918,2.977997064590454e-05,0.023525802418589592,0.023555582389235497,8.469261229038239e-05,0.0,0.0
2116,backward,0.011202741414308548,1.7940998077392578e-05,0.06975415535271168,0.06977209635078907,8.775293827056885e-05,0.0,0.0
2116,optimizer,0.0011645033955574036,2.8232112526893616e-05,0.0012567397207021713,0.001284971833229065,2.465955913066864e-05,0.0008432567119598389,0.00046832673251628876
2117,forward,0.012223361060023308,2.8420239686965942e-05,0.02368578128516674,0.023714201524853706,8.450262248516083e-05,0.0,0.0
2117,backward,0.011078998446464539,2.139247953891754e-05,0.0700934436172247,0.07011483609676361,8.845329284667969e-05,0.0,0.0
2117,optimizer,0.0012281592935323715,2.8468668460845947e-05,0.001264931634068489,0.001293400302529335,2.3929402232170105e-05,0.0008211135864257812,0.0004691164940595627
2118,forward,0.012278327718377113,3.164075314998627e-05,0.02358737215399742,0.023619012907147408,8.657015860080719e-05,0.0,0.0
2118,backward,0.011085998266935349,1.4768913388252258e-05,0.06992592290043831,0.06994069181382656,8.939020335674286e-05,0.0,0.0
2118,optimizer,0.0012293197214603424,2.9210001230239868e-05,0.0012587327510118484,0.0012879427522420883,2.2631138563156128e-05,0.0009062439203262329,0.00046961940824985504
2119,forward,0.012314461171627045,3.0372291803359985e-05,0.023565910756587982,0.023596283048391342,7.954426109790802e-05,0.0,0.0
2119,backward,0.011182580143213272,1.6901642084121704e-05,0.06975345686078072,0.06977035850286484,8.556246757507324e-05,0.0,0.0
2119,optimizer,0.0011659320443868637,2.9940158128738403e-05,0.0012607108801603317,0.0012906510382890701,2.6850029826164246e-05,0.0004925280809402466,0.000466175377368927
2120,forward,0.012421494349837303,2.9550865292549133e-05,0.02347469888627529,0.02350424975156784,8.385069668292999e-05,0.0,0.0
2120,backward,0.011108307167887688,1.7629936337471008e-05,0.06991353072226048,0.06993116065859795,9.209290146827698e-05,0.0,0.0
2120,optimizer,0.0012406930327415466,2.6769936084747314e-05,0.0012576188892126083,0.0012843888252973557,2.71480530500412e-05,0.0008807145059108734,0.0004708375781774521
2121,forward,0.012347793206572533,2.9111281037330627e-05,0.023620398715138435,0.023649509996175766,8.469261229038239e-05,0.0,0.0
2121,backward,0.01115993969142437,1.635029911994934e-05,0.06965938583016396,0.0696757361292839,9.297206997871399e-05,0.0,0.0
2121,optimizer,0.0011710282415151596,2.8070062398910522e-05,0.00124434195458889,0.0012724120169878006,2.4938955903053284e-05,0.0004985667765140533,0.0004712957888841629
2122,forward,0.012265907600522041,3.071315586566925e-05,0.023638593032956123,0.023669306188821793,8.579157292842865e-05,0.0,0.0
2122,backward,0.011208653450012207,1.387856900691986e-05,0.07003404200077057,0.07004792056977749,9.237229824066162e-05,0.0,0.0
2122,optimizer,0.0011598393321037292,2.6419758796691895e-05,0.0012601912021636963,0.0012866109609603882,2.3189932107925415e-05,0.0009864866733551025,0.0004710480570793152
2123,forward,0.012301277369260788,3.0230730772018433e-05,0.023602893576025963,0.02363312430679798,8.40313732624054e-05,0.0,0.0
2123,backward,0.011081380769610405,1.533888280391693e-05,0.06971726752817631,0.06973260641098022,9.211152791976929e-05,0.0,0.0
2123,optimizer,0.0012331530451774597,2.6559457182884216e-05,0.0012643598020076752,0.0012909192591905594,2.3519620299339294e-05,0.0004996359348297119,0.000474320724606514
2124,forward,0.012328332290053368,2.9988586902618408e-05,0.023549919947981834,0.023579908534884453,8.492171764373779e-05,0.0,0.0
2124,backward,0.01111350953578949,1.5439465641975403e-05,0.06999797187745571,0.07001341134309769,8.947961032390594e-05,0.0,0.0
2124,optimizer,0.0012381523847579956,3.001093864440918e-05,0.0012606121599674225,0.0012906230986118317,2.5179237127304077e-05,0.0008697155863046646,0.0004661083221435547
2125,forward,0.012307442724704742,3.102049231529236e-05,0.023599669337272644,0.023630689829587936,8.917972445487976e-05,0.0,0.0
2125,backward,0.01108844019472599,1.4761462807655334e-05,0.06982459872961044,0.0698393601924181,9.059906005859375e-05,0.0,0.0
2125,optimizer,0.0012278687208890915,2.9861927032470703e-05,0.0012616906315088272,0.001291552558541298,2.53189355134964e-05,0.0004949774593114853,0.00047019682824611664
2126,forward,0.012389369308948517,3.0502676963806152e-05,0.023488720878958702,0.023519223555922508,8.405931293964386e-05,0.0,0.0
2126,backward,0.011127693578600883,1.4787539839744568e-05,0.06998600997030735,0.0700007975101471,8.803047239780426e-05,0.0,0.0
2126,optimizer,0.0012318119406700134,2.7632340788841248e-05,0.0012581590563058853,0.0012857913970947266,2.608262002468109e-05,0.0004988387227058411,0.0004681181162595749
2127,forward,0.012366199865937233,2.9960647225379944e-05,0.023510491475462914,0.023540452122688293,8.427910506725311e-05,0.0,0.0
2127,backward,0.01116969995200634,1.6130506992340088e-05,0.06963559612631798,0.06965172663331032,8.771196007728577e-05,0.0,0.0
2127,optimizer,0.001241212710738182,2.69915908575058e-05,0.0012627597898244858,0.0012897513806819916,2.4611130356788635e-05,0.000491047278046608,0.0004713088274002075
2128,forward,0.012376653030514717,2.950802445411682e-05,0.023523179814219475,0.02355268783867359,8.667260408401489e-05,0.0,0.0
2128,backward,0.011218760162591934,1.4901161193847656e-05,0.06986035965383053,0.06987526081502438,8.946284651756287e-05,0.0,0.0
2128,optimizer,0.0011628102511167526,2.8520822525024414e-05,0.001260252669453621,0.0012887734919786453,2.7302652597427368e-05,0.0004987083375453949,0.0004721786826848984
2129,forward,0.01242709718644619,3.0139461159706116e-05,0.023449093103408813,0.02347923256456852,8.23289155960083e-05,0.0,0.0
2129,backward,0.011160321533679962,1.484900712966919e-05,0.06991219893097878,0.06992704793810844,8.778274059295654e-05,0.0,0.0
2129,optimizer,0.0011696498841047287,2.9319897294044495e-05,0.0012677926570177078,0.0012971125543117523,2.4149194359779358e-05,0.0009021461009979248,0.0004659481346607208
2130,forward,0.012403769418597221,2.8951093554496765e-05,0.02352726273238659,0.023556213825941086,8.25691968202591e-05,0.0,0.0
2130,backward,0.011112039908766747,1.551024615764618e-05,0.06983955763280392,0.06985506787896156,9.276904165744781e-05,0.0,0.0
2130,optimizer,0.0011998321861028671,2.6570633053779602e-05,0.0012605097144842148,0.0012870803475379944,2.470053732395172e-05,0.0004930086433887482,0.00047368742525577545
2131,forward,0.012358080595731735,2.8351321816444397e-05,0.023547081276774406,0.02357543259859085,8.367933332920074e-05,0.0,0.0
2131,backward,0.011120321229100227,1.7719343304634094e-05,0.06965765543282032,0.06967537477612495,9.137019515037537e-05,0.0,0.0
2131,optimizer,0.0012259110808372498,2.6971101760864258e-05,0.0012624412775039673,0.0012894123792648315,2.497062087059021e-05,0.0004999767988920212,0.00048050656914711
2132,forward,0.012287357822060585,3.0260533094406128e-05,0.023587461560964584,0.02361772209405899,8.811242878437042e-05,0.0,0.0
2132,backward,0.011185413226485252,1.4251098036766052e-05,0.06995761021971703,0.06997186131775379,8.90921801328659e-05,0.0,0.0
2132,optimizer,0.0011576302349567413,2.61012464761734e-05,0.0012649614363908768,0.0012910626828670502,6.355158984661102e-05,0.000497007742524147,0.0004702471196651459
2133,forward,0.012343928217887878,3.1150877475738525e-05,0.023572303354740143,0.02360345423221588,8.711032569408417e-05,0.0,0.0
2133,backward,0.011140281334519386,1.4210119843482971e-05,0.06991921924054623,0.06993342936038971,9.319186210632324e-05,0.0,0.0
2133,optimizer,0.0011558309197425842,3.1381845474243164e-05,0.0012692511081695557,0.0013006329536437988,2.3439526557922363e-05,0.0006784107536077499,0.0004697982221841812
2134,forward,0.012325206771492958,2.9200688004493713e-05,0.023585284128785133,0.023614484816789627,8.563883602619171e-05,0.0,0.0
2134,backward,0.011133208870887756,1.5780329704284668e-05,0.07006633095443249,0.07008211128413677,9.173154830932617e-05,0.0,0.0
2134,optimizer,0.001179991289973259,2.6090070605278015e-05,0.0012540016323328018,0.0012800917029380798,2.427026629447937e-05,0.0005076304078102112,0.00046922825276851654
2135,forward,0.012374723330140114,2.8381124138832092e-05,0.023509468883275986,0.023537850007414818,8.492171764373779e-05,0.0,0.0
2135,backward,0.011116309091448784,1.7590820789337158e-05,0.06971418671309948,0.06973177753388882,8.683279156684875e-05,0.0,0.0
2135,optimizer,0.0012249425053596497,2.8209760785102844e-05,0.0012583788484334946,0.0012865886092185974,2.5002285838127136e-05,0.000501507893204689,0.00046812742948532104
2136,forward,0.012351229786872864,2.763979136943817e-05,0.0235345009714365,0.02356214076280594,8.495897054672241e-05,0.0,0.0
2136,backward,0.011118479073047638,1.4429911971092224e-05,0.06995641067624092,0.06997084058821201,8.811242878437042e-05,0.0,0.0
2136,optimizer,0.0012450404465198517,2.9299408197402954e-05,0.0012635830789804459,0.0012928824871778488,2.6600435376167297e-05,0.0008912235498428345,0.00047387927770614624
2137,forward,0.012402452528476715,3.0431896448135376e-05,0.023568330332636833,0.02359876222908497,8.415244519710541e-05,0.0,0.0
2137,backward,0.011226760223507881,1.590326428413391e-05,0.06961246393620968,0.06962836720049381,9.143911302089691e-05,0.0,0.0
2137,optimizer,0.0011756718158721924,3.891997039318085e-05,0.0012634005397558212,0.001302320510149002,2.3990869522094727e-05,0.0005058683454990387,0.00046963803470134735
2138,forward,0.012417472898960114,3.7122517824172974e-05,0.023512987419962883,0.023550109937787056,8.255243301391602e-05,0.0,0.0
2138,backward,0.011200971901416779,1.7290934920310974e-05,0.0699878316372633,0.07000512257218361,8.816085755825043e-05,0.0,0.0
2138,optimizer,0.0011713895946741104,2.7293339371681213e-05,0.0012626014649868011,0.0012898948043584824,2.3350119590759277e-05,0.0007345825433731079,0.0004660077393054962
2139,forward,0.012451091781258583,3.0279159545898438e-05,0.023467980325222015,0.023498259484767914,8.255243301391602e-05,0.0,0.0
2139,backward,0.01111750677227974,1.4912337064743042e-05,0.06994086131453514,0.06995577365159988,8.811242878437042e-05,0.0,0.0
2139,optimizer,0.001226833090186119,2.7861446142196655e-05,0.0012619085609912872,0.0012897700071334839,2.544000744819641e-05,0.0008787829428911209,0.00047301873564720154
2140,forward,0.012259677052497864,2.8721988201141357e-05,0.023634035140275955,0.023662757128477097,8.198991417884827e-05,0.0,0.0
2140,backward,0.01113755814731121,1.5640631318092346e-05,0.07011094503104687,0.07012658566236496,8.60895961523056e-05,0.0,0.0
2140,optimizer,0.0012428294867277145,2.767890691757202e-05,0.0012597832828760147,0.0012874621897935867,2.465955913066864e-05,0.0008884165436029434,0.00046714767813682556
2141,forward,0.01232612133026123,3.0171126127243042e-05,0.02360779233276844,0.023637963458895683,8.594058454036713e-05,0.0,0.0
2141,backward,0.011279724538326263,1.488998532295227e-05,0.06968158669769764,0.06969647668302059,9.262003004550934e-05,0.0,0.0
2141,optimizer,0.0011556465178728104,2.5819987058639526e-05,0.0012554135173559189,0.0012812335044145584,2.383999526500702e-05,0.0004986170679330826,0.00047179684042930603
2142,forward,0.012295341119170189,2.8328970074653625e-05,0.02357192151248455,0.023600250482559204,8.785910904407501e-05,0.0,0.0
2142,backward,0.011244047433137894,1.5350058674812317e-05,0.06963884830474854,0.06965419836342335,9.117275476455688e-05,0.0,0.0
2142,optimizer,0.001159878447651863,2.829916775226593e-05,0.0012628920376300812,0.001291191205382347,2.353265881538391e-05,0.0004833284765481949,0.00047165900468826294
2143,forward,0.01236455887556076,2.9509887099266052e-05,0.023496292531490326,0.023525802418589592,8.744373917579651e-05,0.0,0.0
2143,backward,0.011193754151463509,1.5661120414733887e-05,0.07007903046905994,0.07009469158947468,8.547119796276093e-05,0.0,0.0
2143,optimizer,0.0011718086898326874,2.828240394592285e-05,0.0012577008455991745,0.0012859832495450974,2.682022750377655e-05,0.0009749867022037506,0.00046730972826480865
2144,forward,0.012302417308092117,2.779252827167511e-05,0.023626074194908142,0.023653866723179817,8.746981620788574e-05,0.0,0.0
2144,backward,0.011202368885278702,1.4878809452056885e-05,0.06976501829922199,0.06977989710867405,8.721090853214264e-05,0.0,0.0
2144,optimizer,0.0011568889021873474,2.8500333428382874e-05,0.0012581218034029007,0.0012866221368312836,2.6289373636245728e-05,0.0004948582500219345,0.0004744678735733032
2145,forward,0.01235239952802658,3.0510127544403076e-05,0.023523928597569466,0.02355443872511387,8.497945964336395e-05,0.0,0.0
2145,backward,0.011290699243545532,1.6979873180389404e-05,0.06982341967523098,0.06984039954841137,9.136274456977844e-05,0.0,0.0
2145,optimizer,0.0012237634509801865,2.9772520065307617e-05,0.0012589115649461746,0.0012886840850114822,2.3428350687026978e-05,0.0007892437279224396,0.00046732835471630096
2146,forward,0.012377751991152763,2.8759241104125977e-05,0.023481840267777443,0.02351059950888157,8.184090256690979e-05,0.0,0.0
2146,backward,0.011190090328454971,1.4489516615867615e-05,0.069851478561759,0.06986596807837486,8.7004154920578e-05,0.0,0.0
2146,optimizer,0.0012536104768514633,2.6809051632881165e-05,0.0012518521398305893,0.0012786611914634705,2.8213486075401306e-05,0.00048775970935821533,0.000471336767077446
2147,forward,0.012586833909153938,3.075040876865387e-05,0.0233116764575243,0.023342426866292953,9.323097765445709e-05,0.0,0.0
2147,backward,0.011078648269176483,1.737847924232483e-05,0.07018950581550598,0.0702068842947483,8.559226989746094e-05,0.0,0.0
2147,optimizer,0.0012278910726308823,2.843327820301056e-05,0.0012633409351110458,0.0012917742133140564,2.5510787963867188e-05,0.0009157061576843262,0.0004729684442281723
2148,forward,0.012312527745962143,2.9709190130233765e-05,0.023553352802991867,0.0235830619931221,8.491054177284241e-05,0.0,0.0
2148,backward,0.01117870956659317,1.490861177444458e-05,0.0697029959410429,0.06971790455281734,9.0012326836586e-05,0.0,0.0
2148,optimizer,0.0012239795178174973,2.580694854259491e-05,0.0012634526938199997,0.0012892596423625946,2.594105899333954e-05,0.0004929769784212112,0.00046930834650993347
2149,forward,0.012379158288240433,3.038160502910614e-05,0.02351302094757557,0.023543402552604675,8.204206824302673e-05,0.0,0.0
2149,backward,0.011192509904503822,1.656077802181244e-05,0.06995275244116783,0.06996931321918964,9.225308895111084e-05,0.0,0.0
2149,optimizer,0.0011482089757919312,2.4668872356414795e-05,0.0012588929384946823,0.001283561810851097,2.3428350687026978e-05,0.0008818265050649643,0.0004679486155509949
2150,forward,0.012291347607970238,2.9573217034339905e-05,0.02366124466061592,0.02369081787765026,8.799135684967041e-05,0.0,0.0
2150,backward,0.011216899380087852,1.6728416085243225e-05,0.06958859600126743,0.06960532441735268,9.239092469215393e-05,0.0,0.0
2150,optimizer,0.0011530183255672455,2.633035182952881e-05,0.0012589432299137115,0.0012852735817432404,2.4320557713508606e-05,0.000493999570608139,0.0004685688763856888
2151,forward,0.012554740533232689,2.9392540454864502e-05,0.023332469165325165,0.02336186170578003,8.75033438205719e-05,0.0,0.0
2151,backward,0.011407464742660522,1.5391036868095398e-05,0.06966317445039749,0.06967856548726559,9.194016456604004e-05,0.0,0.0
2151,optimizer,0.0012231916189193726,2.7310103178024292e-05,0.001254471018910408,0.0012817811220884323,2.535991370677948e-05,0.0008450951427221298,0.00047240033745765686
2152,forward,0.012342799454927444,2.9711052775382996e-05,0.023611312732100487,0.02364102378487587,9.042024612426758e-05,0.0,0.0
2152,backward,0.011102845892310143,1.5009194612503052e-05,0.06975664012134075,0.06977164931595325,9.195134043693542e-05,0.0,0.0
2152,optimizer,0.00121363066136837,2.8789043426513672e-05,0.0012577921152114868,0.0012865811586380005,2.4670735001564026e-05,0.000504298135638237,0.00047581642866134644
2153,forward,0.01232750155031681,3.135204315185547e-05,0.023561611771583557,0.023592963814735413,8.509121835231781e-05,0.0,0.0
2153,backward,0.01113249734044075,1.58604234457016e-05,0.06979713961482048,0.06981300003826618,8.986517786979675e-05,0.0,0.0
2153,optimizer,0.0009475760161876678,3.0290335416793823e-05,0.001259133219718933,0.001289423555135727,2.3409724235534668e-05,0.00048318877816200256,0.00047250837087631226
2154,forward,0.012591663748025894,2.9731541872024536e-05,0.023262135684490204,0.02329186722636223,8.373148739337921e-05,0.0,0.0
2154,backward,0.011195113882422447,1.5519559383392334e-05,0.07005141116678715,0.07006693072617054,8.882023394107819e-05,0.0,0.0
2154,optimizer,0.0011752527207136154,2.6969239115715027e-05,0.0012595001608133316,0.0012864693999290466,2.2761523723602295e-05,0.0008950736373662949,0.00047141872346401215
2155,forward,0.012348949909210205,3.059022128582001e-05,0.023581841960549355,0.023612432181835175,0.0001054815948009491,0.0,0.0
2155,backward,0.012818858027458191,4.1699036955833435e-05,0.06813978962600231,0.06818148866295815,8.787214756011963e-05,0.0,0.0
2155,optimizer,0.001323852688074112,2.823956310749054e-05,0.0011807195842266083,0.0012089591473340988,2.3348256945610046e-05,0.0004952382296323776,0.0005018580704927444
2156,forward,0.013086073100566864,3.085099160671234e-05,0.022834138944745064,0.022864989936351776,8.699297904968262e-05,0.0,0.0
2156,backward,0.011161988601088524,1.568906009197235e-05,0.06993913277983665,0.06995482183992863,9.063258767127991e-05,0.0,0.0
2156,optimizer,0.0011564996093511581,2.9491260647773743e-05,0.0012577306479215622,0.001287221908569336,2.5231391191482544e-05,0.0004997700452804565,0.0004718787968158722
2157,forward,0.01235051266849041,3.001093864440918e-05,0.023555628955364227,0.023585639894008636,8.12821090221405e-05,0.0,0.0
2157,backward,0.011169550940394402,1.6240403056144714e-05,0.06989735178649426,0.0699135921895504,8.727051317691803e-05,0.0,0.0
2157,optimizer,0.0011709704995155334,2.7690082788467407e-05,0.001259591430425644,0.0012872815132141113,2.621859312057495e-05,0.004521528258919716,0.00047084689140319824
2158,forward,0.012347700074315071,2.8988346457481384e-05,0.023537740111351013,0.023566728457808495,8.166022598743439e-05,0.0,0.0
2158,backward,0.011214124038815498,1.7950311303138733e-05,0.06971259601414204,0.06973054632544518,0.000127352774143219,0.0,0.0
2158,optimizer,0.0011586099863052368,2.8582289814949036e-05,0.001256801187992096,0.001285383477807045,2.6399269700050354e-05,0.000499136745929718,0.00047090835869312286
2159,forward,0.01236863061785698,3.008916974067688e-05,0.02354862168431282,0.023578710854053497,8.234195411205292e-05,0.0,0.0
2159,backward,0.011223230510950089,1.5748664736747742e-05,0.07002282328903675,0.0700385719537735,9.11913812160492e-05,0.0,0.0
2159,optimizer,0.001179749146103859,2.866983413696289e-05,0.0012576021254062653,0.0012862719595432281,2.5330111384391785e-05,0.0008807741105556488,0.0004738941788673401
2160,forward,0.012333480641245842,3.016926348209381e-05,0.023647282272577286,0.02367745153605938,9.432993829250336e-05,0.0,0.0
2160,backward,0.011445386335253716,1.4670193195343018e-05,0.06943218037486076,0.0694468505680561,9.427033364772797e-05,0.0,0.0
2160,optimizer,0.0012265518307685852,2.63899564743042e-05,0.0012614503502845764,0.0012878403067588806,2.381950616836548e-05,0.0005048997700214386,0.0004738587886095047
2161,forward,0.012379521504044533,2.9092654585838318e-05,0.02350202016532421,0.02353111281991005,8.551031351089478e-05,0.0,0.0
2161,backward,0.011214850470423698,1.4949589967727661e-05,0.06989651918411255,0.06991146877408028,8.812174201011658e-05,0.0,0.0
2161,optimizer,0.0011738669127225876,2.9359012842178345e-05,0.001258673146367073,0.0012880321592092514,2.6870518922805786e-05,0.000806836411356926,0.0004646759480237961
2162,forward,0.012315327301621437,2.981908619403839e-05,0.023646123707294464,0.023675942793488503,8.853152394294739e-05,0.0,0.0
2162,backward,0.01115386188030243,1.5061348676681519e-05,0.06966276466846466,0.06967782601714134,8.925981819629669e-05,0.0,0.0
2162,optimizer,0.001172369346022606,2.7919188141822815e-05,0.0012632310390472412,0.001291150227189064,2.7962028980255127e-05,0.0004927273839712143,0.0004706084728240967
2163,forward,0.012323882430791855,2.9731541872024536e-05,0.023547450080513954,0.02357718162238598,9.272061288356781e-05,0.0,0.0
2163,backward,0.011148389428853989,1.4320015907287598e-05,0.07017377577722073,0.07018809579312801,8.914060890674591e-05,0.0,0.0
2163,optimizer,0.0011555906385183334,2.979859709739685e-05,0.0012641530483961105,0.0012939516454935074,2.278946340084076e-05,0.0010807495564222336,0.00048699602484703064
2164,forward,0.01229160837829113,3.1322240829467773e-05,0.023642532527446747,0.023673854768276215,8.66428017616272e-05,0.0,0.0
2164,backward,0.01115931011736393,1.3910233974456787e-05,0.06967272609472275,0.0696866363286972,8.748099207878113e-05,0.0,0.0
2164,optimizer,0.0012179668992757797,2.993084490299225e-05,0.0012625046074390411,0.0012924354523420334,2.351216971874237e-05,0.0006128326058387756,0.0004733484238386154
2165,forward,0.012369709089398384,2.9811635613441467e-05,0.023544222116470337,0.02357403375208378,8.351169526576996e-05,0.0,0.0
2165,backward,0.0111381895840168,1.537241041660309e-05,0.06999189220368862,0.07000726461410522,8.760020136833191e-05,0.0,0.0
2165,optimizer,0.0012497808784246445,2.7410686016082764e-05,0.001268092542886734,0.0012955032289028168,7.988139986991882e-05,0.0005096103996038437,0.0004655178636312485
2166,forward,0.01248869113624096,2.945028245449066e-05,0.02346860058605671,0.0234980508685112,8.552893996238708e-05,0.0,0.0
2166,backward,0.011118225753307343,1.6510486602783203e-05,0.06979501992464066,0.06981153041124344,8.91517847776413e-05,0.0,0.0
2166,optimizer,0.0012261923402547836,3.0878931283950806e-05,0.0012564193457365036,0.0012872982770204544,2.505071461200714e-05,0.0004920084029436111,0.00048079714179039
2167,forward,0.012315740808844566,2.969987690448761e-05,0.023563001304864883,0.02359270118176937,8.702091872692108e-05,0.0,0.0
2167,backward,0.01114954799413681,1.5210360288619995e-05,0.07008275203406811,0.07009796239435673,8.599087595939636e-05,0.0,0.0
2167,optimizer,0.0012335795909166336,2.7049332857131958e-05,0.001262802630662918,0.00128985196352005,2.5451183319091797e-05,0.0008806847035884857,0.000497007742524147
2168,forward,0.012290768325328827,3.1011179089546204e-05,0.02357061207294464,0.023601623252034187,8.304417133331299e-05,0.0,0.0
2168,backward,0.011146100237965584,1.52587890625e-05,0.06993985176086426,0.06995511054992676,9.426102042198181e-05,0.0,0.0
2168,optimizer,0.0012365151196718216,2.745911478996277e-05,0.0012583397328853607,0.0012857988476753235,2.5158748030662537e-05,0.0004843771457672119,0.00046793557703495026
2169,forward,0.012319497764110565,2.8850510716438293e-05,0.023573001846671104,0.023601852357387543,8.953921496868134e-05,0.0,0.0
2169,backward,0.01145145297050476,2.0429491996765137e-05,0.06952102482318878,0.06954145431518555,9.074248373508453e-05,0.0,0.0
2169,optimizer,0.001272842288017273,2.49519944190979e-05,0.0012635812163352966,0.0012885332107543945,2.664141356945038e-05,0.0008202716708183289,0.0004723668098449707
2170,forward,0.012379741296172142,3.0267983675003052e-05,0.02347794733941555,0.023508215323090553,8.618459105491638e-05,0.0,0.0
2170,backward,0.011115536093711853,1.5059486031532288e-05,0.07010619528591633,0.07012125477194786,9.050220251083374e-05,0.0,0.0
2170,optimizer,0.0012449715286493301,2.823956310749054e-05,0.001246131956577301,0.0012743715196847916,2.598017454147339e-05,0.0007452517747879028,0.00047132745385169983
2171,forward,0.012568054720759392,2.886168658733368e-05,0.023347128182649612,0.023375989869236946,8.971244096755981e-05,0.0,0.0
2171,backward,0.011190110817551613,1.5290454030036926e-05,0.06968890503048897,0.069704195484519,9.262189269065857e-05,0.0,0.0
2171,optimizer,0.0012330804020166397,2.8870999813079834e-05,0.0012629516422748566,0.0012918226420879364,2.501159906387329e-05,0.0004934780299663544,0.0004746168851852417
2172,forward,0.012364309281110764,2.98917293548584e-05,0.02351417951285839,0.02354407124221325,8.694268763065338e-05,0.0,0.0
2172,backward,0.01115649938583374,1.660175621509552e-05,0.06993926130235195,0.06995586305856705,9.196251630783081e-05,0.0,0.0
2172,optimizer,0.0011636167764663696,2.925097942352295e-05,0.0012657232582569122,0.0012949742376804352,2.3311004042625427e-05,0.0008875038474798203,0.0004671867936849594
2173,forward,0.012429406866431236,2.8420239686965942e-05,0.02350137196481228,0.023529792204499245,8.279085159301758e-05,0.0,0.0
2173,backward,0.011183658614754677,1.4672055840492249e-05,0.06993217021226883,0.06994684226810932,8.709169924259186e-05,0.0,0.0
2173,optimizer,0.001166611909866333,2.8420239686965942e-05,0.0012624505907297134,0.0012908708304166794,2.703070640563965e-05,0.0004980713129043579,0.00047928839921951294
2174,forward,0.012363290414214134,3.094039857387543e-05,0.023544449359178543,0.02357538975775242,9.060092270374298e-05,0.0,0.0
2174,backward,0.011125929653644562,1.8872320652008057e-05,0.06997853145003319,0.0699974037706852,8.859112858772278e-05,0.0,0.0
2174,optimizer,0.0011569410562515259,2.8660520911216736e-05,0.0012614298611879349,0.0012900903820991516,2.5643035769462585e-05,0.0009063668549060822,0.00046931952238082886
2175,forward,0.012745195999741554,2.866983413696289e-05,0.023214656859636307,0.02324332669377327,8.479319512844086e-05,0.0,0.0
2175,backward,0.011196548119187355,2.0770356059074402e-05,0.06959128566086292,0.069612056016922,8.832290768623352e-05,0.0,0.0
2175,optimizer,0.00123671256005764,2.9202550649642944e-05,0.0012589916586875916,0.0012881942093372345,2.5508925318717957e-05,0.0005016475915908813,0.0004730876535177231
2176,forward,0.01235191896557808,2.966262400150299e-05,0.023555969819426537,0.02358563244342804,8.313916623592377e-05,0.0,0.0
2176,backward,0.011132478713989258,1.5398487448692322e-05,0.06968818791210651,0.0697035863995552,9.237229824066162e-05,0.0,0.0
2176,optimizer,0.0012391209602355957,2.7000904083251953e-05,0.0012627709656953812,0.0012897718697786331,2.4402514100074768e-05,0.0006582997739315033,0.00047333724796772003
2177,forward,0.012341761961579323,2.98917293548584e-05,0.023529840633273125,0.023559732362627983,8.5512176156044e-05,0.0,0.0
2177,backward,0.011188512668013573,1.4547258615493774e-05,0.06987098790705204,0.06988553516566753,9.11317765712738e-05,0.0,0.0
2177,optimizer,0.0012363698333501816,2.6250258088111877e-05,0.0012620016932487488,0.0012882519513368607,2.576969563961029e-05,0.0009431876242160797,0.0004701279103755951
2178,forward,0.012329353019595146,3.836117684841156e-05,0.023574789986014366,0.023613151162862778,9.149312973022461e-05,0.0,0.0
2178,backward,0.011130079627037048,1.7911195755004883e-05,0.06981580890715122,0.06983372010290623,9.20519232749939e-05,0.0,0.0
2178,optimizer,0.0012253187596797943,2.8360635042190552e-05,0.001269044354557991,0.0012974049896001816,2.5311484932899475e-05,0.0004970896989107132,0.00047226808965206146
2179,forward,0.01233959011733532,2.783164381980896e-05,0.023556401953101158,0.023584233596920967,8.740276098251343e-05,0.0,0.0
2179,backward,0.01121252216398716,1.5066936612129211e-05,0.06968112662434578,0.06969619356095791,8.777156472206116e-05,0.0,0.0
2179,optimizer,0.0011734385043382645,2.6440247893333435e-05,0.0012615025043487549,0.0012879427522420883,2.3309141397476196e-05,0.00048537924885749817,0.00047158822417259216
2180,forward,0.012330841273069382,3.0212104320526123e-05,0.023611199110746384,0.02364141121506691,8.813850581645966e-05,0.0,0.0
2180,backward,0.011212920770049095,1.4778226613998413e-05,0.06972849555313587,0.06974327377974987,9.015202522277832e-05,0.0,0.0
2180,optimizer,0.0011604800820350647,2.7991831302642822e-05,0.0012660715728998184,0.0012940634042024612,2.570822834968567e-05,0.0004990287125110626,0.0004841182380914688
2181,forward,0.012446988373994827,2.85319983959198e-05,0.02343643084168434,0.02346496284008026,8.477270603179932e-05,0.0,0.0
2181,backward,0.011214802041649818,1.5109777450561523e-05,0.06984982825815678,0.06986493803560734,8.868053555488586e-05,0.0,0.0
2181,optimizer,0.0011677797883749008,2.664141356945038e-05,0.0012610610574483871,0.0012877024710178375,2.3690983653068542e-05,0.0009698439389467239,0.00047045573592185974
2182,forward,0.01233992725610733,2.919137477874756e-05,0.023580623790621758,0.023609815165400505,8.404068648815155e-05,0.0,0.0
2182,backward,0.011202238500118256,1.7812475562095642e-05,0.06994990073144436,0.06996771320700645,8.909031748771667e-05,0.0,0.0
2182,optimizer,0.0011576302349567413,2.867169678211212e-05,0.0012620817869901657,0.0012907534837722778,2.400018274784088e-05,0.0008045751601457596,0.0004697553813457489
2183,forward,0.01234412007033825,2.8409063816070557e-05,0.023600611835718155,0.023629020899534225,8.2358717918396e-05,0.0,0.0
2183,backward,0.011541446670889854,1.551024615764618e-05,0.06930883973836899,0.06932434998452663,8.548237383365631e-05,0.0,0.0
2183,optimizer,0.0012294184416532516,2.8330832719802856e-05,0.0012556817382574081,0.001284012570977211,2.3500993847846985e-05,0.0004913974553346634,0.00047001801431179047
2184,forward,0.01232941634953022,3.030151128768921e-05,0.023555342108011246,0.023585643619298935,8.345209062099457e-05,0.0,0.0
2184,backward,0.011142140254378319,1.6609206795692444e-05,0.06977792829275131,0.069794537499547,9.283050894737244e-05,0.0,0.0
2184,optimizer,0.0012303180992603302,2.8209760785102844e-05,0.0012574922293424606,0.0012857019901275635,3.418140113353729e-05,0.0004928074777126312,0.00046949833631515503
2185,forward,0.012482192367315292,3.0152499675750732e-05,0.023371897637844086,0.023402050137519836,8.72202217578888e-05,0.0,0.0
2185,backward,0.011243823915719986,1.3560056686401367e-05,0.06998716108500957,0.07000072114169598,8.988380432128906e-05,0.0,0.0
2185,optimizer,0.0011676214635372162,2.362951636314392e-05,0.0012576412409543991,0.001281270757317543,2.4870038032531738e-05,0.000916995108127594,0.00047733820974826813
2186,forward,0.012379169464111328,2.9571354389190674e-05,0.023551933467388153,0.023581504821777344,8.74008983373642e-05,0.0,0.0
2186,backward,0.011144237592816353,1.6219913959503174e-05,0.06971290893852711,0.06972912885248661,9.32011753320694e-05,0.0,0.0
2186,optimizer,0.0012433119118213654,2.761930227279663e-05,0.00125030055642128,0.0012779198586940765,2.3772940039634705e-05,0.0004908870905637741,0.0004684571176767349
2187,forward,0.01240607351064682,2.86102294921875e-05,0.023508289828896523,0.02353690005838871,8.705072104930878e-05,0.0,0.0
2187,backward,0.011086009442806244,1.560896635055542e-05,0.06981579773128033,0.06983140669763088,8.956901729106903e-05,0.0,0.0
2187,optimizer,0.0012332703918218613,3.135018050670624e-05,0.0012595802545547485,0.0012909304350614548,2.3791566491127014e-05,0.00048788636922836304,0.0004715472459793091
2188,forward,0.012669151648879051,2.973899245262146e-05,0.02323162741959095,0.02326136641204357,8.772313594818115e-05,0.0,0.0
2188,backward,0.011117087677121162,1.4800578355789185e-05,0.07012654468417168,0.07014134526252747,9.183213114738464e-05,0.0,0.0
2188,optimizer,0.0012670941650867462,2.7660280466079712e-05,0.0012520700693130493,0.001279730349779129,2.4480745196342468e-05,0.0009855981916189194,0.00047203898429870605
2189,forward,0.012404242530465126,2.973899245262146e-05,0.02344648726284504,0.02347622625529766,8.506141602993011e-05,0.0,0.0
2189,backward,0.011157160624861717,1.4241784811019897e-05,0.06958239525556564,0.06959663704037666,8.839927613735199e-05,0.0,0.0
2189,optimizer,0.0011630300432443619,2.7680769562721252e-05,0.0012541823089122772,0.0012818630784749985,2.4870038032531738e-05,0.0005050692707300186,0.0004676599055528641
2190,forward,0.012756837531924248,2.9109418392181396e-05,0.023186903446912766,0.023216012865304947,8.411891758441925e-05,0.0,0.0
2190,backward,0.011175831779837608,1.6158446669578552e-05,0.07002484239637852,0.0700410008430481,9.02228057384491e-05,0.0,0.0
2190,optimizer,0.0011580996215343475,3.6619603633880615e-05,0.0012582316994667053,0.001294851303100586,2.2942200303077698e-05,0.0008287765085697174,0.0004693884402513504
2191,forward,0.012613097205758095,2.81408429145813e-05,0.02330106496810913,0.023329205811023712,8.514150977134705e-05,0.0,0.0
2191,backward,0.011179883033037186,1.8680468201637268e-05,0.06960717402398586,0.0696258544921875,8.864887058734894e-05,0.0,0.0
2191,optimizer,0.0011723916977643967,2.6220455765724182e-05,0.0012570321559906006,0.0012832526117563248,2.4398788809776306e-05,0.0004984401166439056,0.0004720482975244522
2192,forward,0.012358950451016426,2.7952715754508972e-05,0.023551471531391144,0.023579424247145653,8.440949022769928e-05,0.0,0.0
2192,backward,0.011168619617819786,1.638941466808319e-05,0.06974368914961815,0.06976007856428623,9.215250611305237e-05,0.0,0.0
2192,optimizer,0.0012286342680454254,2.4870038032531738e-05,0.001262858510017395,0.0012877285480499268,2.4847686290740967e-05,0.0004843268543481827,0.00048569776117801666
2193,forward,0.012292338535189629,4.227273166179657e-05,0.02358074113726616,0.023623013868927956,8.698180317878723e-05,0.0,0.0
2193,backward,0.011134320870041847,1.5541911125183105e-05,0.06996056064963341,0.06997610256075859,9.028241038322449e-05,0.0,0.0
2193,optimizer,0.0012337509542703629,2.8010457754135132e-05,0.0012558437883853912,0.0012838542461395264,2.419203519821167e-05,0.0008821040391921997,0.00047167763113975525
2194,forward,0.01233609952032566,3.0219554901123047e-05,0.023613151162862778,0.0236433707177639,8.612126111984253e-05,0.0,0.0
2194,backward,0.011214319616556168,1.4388933777809143e-05,0.0695475060492754,0.06956189498305321,9.232200682163239e-05,0.0,0.0
2194,optimizer,0.0011608488857746124,2.80626118183136e-05,0.0012573525309562683,0.001285415142774582,2.5490298867225647e-05,0.0004920084029436111,0.00047046132385730743
2195,forward,0.012341778725385666,2.9401853680610657e-05,0.02356550097465515,0.023594902828335762,8.976086974143982e-05,0.0,0.0
2195,backward,0.01122429221868515,1.7160549759864807e-05,0.06983768008649349,0.06985484063625336,8.575059473514557e-05,0.0,0.0
2195,optimizer,0.0011801235377788544,3.0079856514930725e-05,0.0012643299996852875,0.0012944098562002182,2.5549903512001038e-05,0.0009841565042734146,0.00046954117715358734
2196,forward,0.01229896955192089,2.857111394405365e-05,0.023602871224284172,0.023631442338228226,8.287839591503143e-05,0.0,0.0
2196,backward,0.011194869875907898,1.4819204807281494e-05,0.06996837258338928,0.06998319178819656,9.004957973957062e-05,0.0,0.0
2196,optimizer,0.0011633411049842834,3.032013773918152e-05,0.0012671519070863724,0.001297472044825554,2.4160370230674744e-05,0.0007334128022193909,0.0004698168486356735
2197,forward,0.012312399223446846,3.127194941043854e-05,0.023568561300635338,0.023599833250045776,8.718855679035187e-05,0.0,0.0
2197,backward,0.011578137055039406,1.4599412679672241e-05,0.06932723894715309,0.06934183835983276,9.082257747650146e-05,0.0,0.0
2197,optimizer,0.0011668596416711807,2.8438866138458252e-05,0.0012558232992887497,0.001284262165427208,2.3752450942993164e-05,0.0004915781319141388,0.00047087855637073517
2198,forward,0.012421969324350357,2.9422342777252197e-05,0.023493632674217224,0.023523055016994476,7.701106369495392e-05,0.0,0.0
2198,backward,0.011271264404058456,1.4780089259147644e-05,0.06985357962548733,0.06986835971474648,8.80509614944458e-05,0.0,0.0
2198,optimizer,0.0011659413576126099,2.8438866138458252e-05,0.0012554805725812912,0.0012839194387197495,2.4927780032157898e-05,0.000507257878780365,0.00046256743371486664
2199,forward,0.012600705027580261,2.9383227229118347e-05,0.023287495598196983,0.0233168788254261,8.309073746204376e-05,0.0,0.0
2199,backward,0.011156521737575531,1.5640631318092346e-05,0.0699137207120657,0.06992936134338379,8.659251034259796e-05,0.0,0.0
2199,optimizer,0.0011657699942588806,2.939067780971527e-05,0.001251978799700737,0.0012813694775104523,2.4339184165000916e-05,0.0007926244288682938,0.0004662778228521347
